trace_name,trace_start_time,station_network_code,station_code,trace_p_arrival_sample,trace_s_arrival_sample,center_sample,trace_sampling_rate_hz,trace_component_order,split,name,trace_name_original
"bucket0$0,:3,:6001",2014-02-20T00:05:51.809900,MQ,BAM,3000,,3000,100.0,ZNE,train,gold,MQ_BAM_GOLD_20140220_000621
"bucket0$1,:3,:6001",2014-02-20T00:05:52.869900,MQ,CPM,3000,,3000,100.0,ZNE,train,gold,MQ_CPM_GOLD_20140220_000622
"bucket0$2,:3,:6001",2014-02-20T00:05:59.619900,MQ,MLM,3000,,3000,100.0,ZNE,train,gold,MQ_MLM_GOLD_20140220_000629
"bucket0$3,:3,:6001",2014-02-20T00:05:56.460000,MQ,SAM,3000,3057.0,3000,100.0,ZNE,train,gold,MQ_SAM_GOLD_20140220_000626
"bucket0$4,:3,:6001",2014-02-20T03:20:04.289900,MQ,BAM,3000,,3000,100.0,ZNE,train,gold,MQ_BAM_GOLD_20140220_032034
"bucket0$5,:3,:6001",2014-02-20T03:20:01.579900,MQ,CPM,3000,,3000,100.0,ZNE,train,gold,MQ_CPM_GOLD_20140220_032031
"bucket0$6,:3,:6001",2014-02-20T03:20:08.400000,MQ,SAM,3000,,3000,100.0,ZNE,train,gold,MQ_SAM_GOLD_20140220_032038
"bucket0$7,:3,:6001",2014-02-20T05:39:47.729900,MQ,BAM,3000,,3000,100.0,ZNE,train,gold,MQ_BAM_GOLD_20140220_054017
"bucket6$0,:3,:6001",2014-02-20T05:39:46.569900,MQ,GBM,3000,,3000,100.0,ZNE,test,gold,MQ_GBM_GOLD_20140220_054016
"bucket0$8,:3,:6001",2014-02-20T05:39:46.850000,MQ,SAM,3000,3225.0,3000,100.0,ZNE,train,gold,MQ_SAM_GOLD_20140220_054016
"bucket6$1,:3,:6001",2014-02-20T05:43:06.039900,MQ,BAM,3000,,3000,100.0,ZNE,test,gold,MQ_BAM_GOLD_20140220_054336
"bucket0$9,:3,:6001",2014-02-20T05:43:06.469900,MQ,CPM,3000,,3000,100.0,ZNE,train,gold,MQ_CPM_GOLD_20140220_054336
"bucket0$10,:3,:6001",2014-02-20T05:43:06.150000,MQ,SAM,3000,3224.0,3000,100.0,ZNE,train,gold,MQ_SAM_GOLD_20140220_054336
"bucket0$11,:3,:6001",2014-02-20T06:54:57.809900,MQ,BAM,3000,,3000,100.0,ZNE,train,gold,MQ_BAM_GOLD_20140220_065527
"bucket0$12,:3,:6001",2014-02-20T06:54:54.609900,MQ,CPM,3000,,3000,100.0,ZNE,train,gold,MQ_CPM_GOLD_20140220_065524
"bucket7$0,:3,:3500",2014-02-20T06:54:59.750000,MQ,LAM,2411,2627.0,2411,100.0,ZNE,train,gold,MQ_LAM_GOLD_20140220_065523
"bucket0$13,:3,:6001",2014-02-20T08:01:10.599900,MQ,BAM,3000,,3000,100.0,ZNE,train,gold,MQ_BAM_GOLD_20140220_080140
"bucket8$0,:3,:2700",2014-02-20T08:01:11.750000,MQ,IA2,1911,1982.0,1911,100.0,ZNE,train,gold,MQ_IA2_GOLD_20140220_080130
"bucket0$14,:3,:6001",2014-02-20T08:01:03.250000,MQ,LAM,3000,3410.0,3000,100.0,ZNE,train,gold,MQ_LAM_GOLD_20140220_080133
"bucket0$15,:3,:6001",2014-02-20T08:01:01.980000,MQ,SAM,3000,3185.0,3000,100.0,ZNE,train,gold,MQ_SAM_GOLD_20140220_080131
"bucket0$16,:3,:6001",2014-02-20T08:17:34.899900,MQ,BAM,3000,,3000,100.0,ZNE,train,gold,MQ_BAM_GOLD_20140220_081804
"bucket0$17,:3,:6001",2014-02-20T08:17:38.949900,MQ,MLM,3000,,3000,100.0,ZNE,train,gold,MQ_MLM_GOLD_20140220_081808
"bucket0$18,:3,:6001",2014-02-20T08:17:30.740000,MQ,SAM,3000,3219.0,3000,100.0,ZNE,train,gold,MQ_SAM_GOLD_20140220_081800
"bucket0$19,:3,:6001",2014-02-20T08:21:21.829900,MQ,BAM,3000,,3000,100.0,ZNE,train,gold,MQ_BAM_GOLD_20140220_082151
"bucket0$20,:3,:6001",2014-02-20T08:21:23.369900,MQ,CPM,3000,,3000,100.0,ZNE,train,gold,MQ_CPM_GOLD_20140220_082153
MQ_IA2_GOLD_20140220_082144,2014-02-20T08:21:18.750000,MQ,IA2,2616,2775.0,2616,100.0,ZNE,train,gold,
"bucket6$2,:3,:6001",2014-02-20T08:21:24.640000,MQ,SAM,3000,,3000,100.0,ZNE,test,gold,MQ_SAM_GOLD_20140220_082154
"bucket0$21,:3,:6001",2014-02-20T08:35:33.239900,MQ,BAM,3000,,3000,100.0,ZNE,train,gold,MQ_BAM_GOLD_20140220_083603
"bucket0$22,:3,:5700",2014-02-20T08:35:36.750000,MQ,IA2,2942,3095.0,2942,100.0,ZNE,train,gold,MQ_IA2_GOLD_20140220_083606
"bucket0$23,:3,:6001",2014-02-20T08:35:26.239900,MQ,MLM,3000,,3000,100.0,ZNE,train,gold,MQ_MLM_GOLD_20140220_083556
"bucket0$24,:3,:6001",2014-02-20T08:35:30.990000,MQ,SAM,3000,3177.0,3000,100.0,ZNE,train,gold,MQ_SAM_GOLD_20140220_083600
"bucket0$25,:3,:6001",2014-02-20T09:01:25.459900,MQ,BAM,3000,,3000,100.0,ZNE,train,gold,MQ_BAM_GOLD_20140220_090155
"bucket9$0,:3,:5724",2014-02-20T09:01:32.750000,MQ,IA2,2723,2916.0,2723,100.0,ZNE,dev,gold,MQ_IA2_GOLD_20140220_090159
"bucket6$3,:3,:6001",2014-02-20T09:01:26.060000,MQ,LAM,3000,3218.0,3000,100.0,ZNE,test,gold,MQ_LAM_GOLD_20140220_090156
"bucket9$1,:3,:6001",2014-02-20T09:01:27.309900,MQ,MLM,3000,,3000,100.0,ZNE,dev,gold,MQ_MLM_GOLD_20140220_090157
"bucket6$4,:3,:6001",2014-02-20T09:08:04.649900,MQ,BAM,3000,,3000,100.0,ZNE,test,gold,MQ_BAM_GOLD_20140220_090834
"bucket0$26,:3,:6001",2014-02-20T09:08:07.790000,MQ,LAM,3000,,3000,100.0,ZNE,train,gold,MQ_LAM_GOLD_20140220_090837
"bucket0$27,:3,:6001",2014-02-20T09:07:59.849900,MQ,MLM,3000,,3000,100.0,ZNE,train,gold,MQ_MLM_GOLD_20140220_090829
"bucket0$28,:3,:6001",2014-02-20T09:22:11.519900,MQ,BAM,3000,,3000,100.0,ZNE,train,gold,MQ_BAM_GOLD_20140220_092241
"bucket0$29,:3,:6001",2014-02-20T09:22:05.659900,MQ,MLM,3000,,3000,100.0,ZNE,train,gold,MQ_MLM_GOLD_20140220_092235
"bucket6$5,:3,:6001",2014-02-20T09:22:14.590000,MQ,SAM,3000,3164.0,3000,100.0,ZNE,test,gold,MQ_SAM_GOLD_20140220_092244
"bucket0$30,:3,:6001",2014-02-20T09:40:45.259900,MQ,BAM,3000,,3000,100.0,ZNE,train,gold,MQ_BAM_GOLD_20140220_094115
"bucket6$6,:3,:6001",2014-02-20T09:40:44.159900,MQ,CPM,3000,,3000,100.0,ZNE,test,gold,MQ_CPM_GOLD_20140220_094114
"bucket0$31,:3,:6001",2014-02-20T09:40:39.959900,MQ,MLM,3000,,3000,100.0,ZNE,train,gold,MQ_MLM_GOLD_20140220_094109
"bucket0$32,:3,:6001",2014-02-20T09:59:51.049900,MQ,BAM,3000,,3000,100.0,ZNE,train,gold,MQ_BAM_GOLD_20140220_100021
"bucket9$2,:3,:6001",2014-02-20T09:59:46.919900,MQ,CPM,3000,,3000,100.0,ZNE,dev,gold,MQ_CPM_GOLD_20140220_100016
"bucket7$1,:3,:3300",2014-02-20T10:00:02.750000,MQ,IA2,1013,1236.0,1013,100.0,ZNE,train,gold,MQ_IA2_GOLD_20140220_100012
"bucket0$33,:3,:6001",2014-02-20T09:59:52.409900,MQ,MLM,3000,,3000,100.0,ZNE,train,gold,MQ_MLM_GOLD_20140220_100022
"bucket0$34,:3,:6001",2014-02-20T10:06:45.279900,MQ,BAM,3000,,3000,100.0,ZNE,train,gold,MQ_BAM_GOLD_20140220_100715
"bucket0$35,:3,:6001",2014-02-20T10:06:44.719900,MQ,CPM,3000,,3000,100.0,ZNE,train,gold,MQ_CPM_GOLD_20140220_100714
"bucket0$36,:3,:6001",2014-02-20T10:06:47.609900,MQ,MLM,3000,,3000,100.0,ZNE,train,gold,MQ_MLM_GOLD_20140220_100717
"bucket0$37,:3,:6001",2014-02-20T10:06:41.140000,MQ,SAM,3000,,3000,100.0,ZNE,train,gold,MQ_SAM_GOLD_20140220_100711
"bucket0$38,:3,:6001",2014-02-20T10:23:04.499900,MQ,BAM,3000,,3000,100.0,ZNE,train,gold,MQ_BAM_GOLD_20140220_102334
"bucket0$39,:3,:6001",2014-02-20T10:23:09.919900,MQ,CPM,3000,,3000,100.0,ZNE,train,gold,MQ_CPM_GOLD_20140220_102339
"bucket0$40,:3,:6001",2014-02-20T10:23:08.649900,MQ,MLM,3000,,3000,100.0,ZNE,train,gold,MQ_MLM_GOLD_20140220_102338
"bucket6$7,:3,:6001",2014-02-20T10:39:20.939900,MQ,GBM,3000,,3000,100.0,ZNE,test,gold,MQ_GBM_GOLD_20140220_103950
"bucket0$41,:3,:6001",2014-02-20T10:39:19.470000,MQ,LAM,3000,3236.0,3000,100.0,ZNE,train,gold,MQ_LAM_GOLD_20140220_103949
"bucket0$42,:3,:6001",2014-02-20T10:39:26.079900,MQ,MLM,3000,,3000,100.0,ZNE,train,gold,MQ_MLM_GOLD_20140220_103956
"bucket6$8,:3,:6001",2014-02-20T11:12:15.039900,MQ,BAM,3000,,3000,100.0,ZNE,test,gold,MQ_BAM_GOLD_20140220_111245
"bucket0$43,:3,:6001",2014-02-20T11:12:15.179900,MQ,CPM,3000,,3000,100.0,ZNE,train,gold,MQ_CPM_GOLD_20140220_111245
"bucket9$3,:3,:6001",2014-02-20T11:12:10.209900,MQ,GBM,3000,,3000,100.0,ZNE,dev,gold,MQ_GBM_GOLD_20140220_111240
"bucket0$44,:3,:6001",2014-02-20T11:12:17.939900,MQ,MLM,3000,,3000,100.0,ZNE,train,gold,MQ_MLM_GOLD_20140220_111247
"bucket0$45,:3,:6001",2014-02-20T11:12:45.039900,MQ,BAM,3000,,3000,100.0,ZNE,train,gold,MQ_BAM_GOLD_20140220_111315
"bucket0$46,:3,:6001",2014-02-20T11:12:45.559900,MQ,GBM,3000,,3000,100.0,ZNE,train,gold,MQ_GBM_GOLD_20140220_111315
"bucket0$47,:3,:6001",2014-02-20T11:12:50.449900,MQ,MLM,3000,,3000,100.0,ZNE,train,gold,MQ_MLM_GOLD_20140220_111320
"bucket0$48,:3,:6001",2014-02-20T11:24:53.599900,MQ,BAM,3000,,3000,100.0,ZNE,train,gold,MQ_BAM_GOLD_20140220_112523
"bucket6$9,:3,:6001",2014-02-20T11:24:54.039900,MQ,MLM,3000,,3000,100.0,ZNE,test,gold,MQ_MLM_GOLD_20140220_112524
"bucket0$49,:3,:6001",2014-02-20T11:24:52.250000,MQ,SAM,3000,3224.0,3000,100.0,ZNE,train,gold,MQ_SAM_GOLD_20140220_112522
"bucket0$50,:3,:6001",2014-02-20T11:32:46.409900,MQ,BAM,3000,,3000,100.0,ZNE,train,gold,MQ_BAM_GOLD_20140220_113316
"bucket0$51,:3,:6001",2014-02-20T11:32:52.409900,MQ,GBM,3000,,3000,100.0,ZNE,train,gold,MQ_GBM_GOLD_20140220_113322
"bucket0$52,:3,:6001",2014-02-20T11:32:53.080000,MQ,SAM,3000,3153.0,3000,100.0,ZNE,train,gold,MQ_SAM_GOLD_20140220_113323
"bucket0$53,:3,:6001",2014-02-20T12:00:34.599900,MQ,BAM,3000,,3000,100.0,ZNE,train,gold,MQ_BAM_GOLD_20140220_120104
"bucket6$10,:3,:6001",2014-02-20T12:00:31.809900,MQ,CPM,3000,,3000,100.0,ZNE,test,gold,MQ_CPM_GOLD_20140220_120101
"bucket0$54,:3,:6001",2014-02-20T12:00:31.509900,MQ,MLM,3000,,3000,100.0,ZNE,train,gold,MQ_MLM_GOLD_20140220_120101
"bucket0$55,:3,:6001",2014-02-20T12:57:42.119900,MQ,BAM,3000,,3000,100.0,ZNE,train,gold,MQ_BAM_GOLD_20140220_125812
"bucket0$56,:3,:6001",2014-02-20T12:57:34.030000,MQ,LAM,3000,,3000,100.0,ZNE,train,gold,MQ_LAM_GOLD_20140220_125804
"bucket0$57,:3,:6001",2014-02-20T12:57:36.389900,MQ,MLM,3000,,3000,100.0,ZNE,train,gold,MQ_MLM_GOLD_20140220_125806
"bucket0$58,:3,:6001",2014-02-20T12:57:41.260000,MQ,SAM,3000,3174.0,3000,100.0,ZNE,train,gold,MQ_SAM_GOLD_20140220_125811
"bucket6$11,:3,:6001",2014-02-20T13:09:10.739900,MQ,BAM,3000,,3000,100.0,ZNE,test,gold,MQ_BAM_GOLD_20140220_130940
"bucket9$4,:3,:6001",2014-02-20T13:09:16.559900,MQ,CPM,3000,,3000,100.0,ZNE,dev,gold,MQ_CPM_GOLD_20140220_130946
"bucket0$59,:3,:6001",2014-02-20T13:09:18.819900,MQ,MLM,3000,,3000,100.0,ZNE,train,gold,MQ_MLM_GOLD_20140220_130948
"bucket9$5,:3,:6001",2014-02-20T13:15:55.119900,MQ,BAM,3000,,3000,100.0,ZNE,dev,gold,MQ_BAM_GOLD_20140220_131625
"bucket0$60,:3,:6001",2014-02-20T13:15:53.029900,MQ,GBM,3000,,3000,100.0,ZNE,train,gold,MQ_GBM_GOLD_20140220_131623
"bucket0$61,:3,:6001",2014-02-20T13:15:56.849900,MQ,MLM,3000,,3000,100.0,ZNE,train,gold,MQ_MLM_GOLD_20140220_131626
"bucket0$62,:3,:6001",2014-02-20T13:17:13.049900,MQ,BAM,3000,,3000,100.0,ZNE,train,gold,MQ_BAM_GOLD_20140220_131743
"bucket0$63,:3,:6001",2014-02-20T13:17:08.419900,MQ,GBM,3000,,3000,100.0,ZNE,train,gold,MQ_GBM_GOLD_20140220_131738
"bucket6$12,:3,:6001",2014-02-20T13:17:09.339900,MQ,MLM,3000,,3000,100.0,ZNE,test,gold,MQ_MLM_GOLD_20140220_131739
"bucket0$64,:3,:6001",2014-02-20T13:21:22.649900,MQ,BAM,3000,,3000,100.0,ZNE,train,gold,MQ_BAM_GOLD_20140220_132152
"bucket0$65,:3,:6001",2014-02-20T13:21:25.429900,MQ,CPM,3000,,3000,100.0,ZNE,train,gold,MQ_CPM_GOLD_20140220_132155
"bucket6$13,:3,:6001",2014-02-20T13:21:23.030000,MQ,LAM,3000,,3000,100.0,ZNE,test,gold,MQ_LAM_GOLD_20140220_132153
"bucket0$66,:3,:6001",2014-02-20T13:22:47.689900,MQ,CPM,3000,,3000,100.0,ZNE,train,gold,MQ_CPM_GOLD_20140220_132317
"bucket0$67,:3,:6001",2014-02-20T13:22:41.759900,MQ,GBM,3000,,3000,100.0,ZNE,train,gold,MQ_GBM_GOLD_20140220_132311
"bucket6$14,:3,:6001",2014-02-20T13:22:46.349900,MQ,MLM,3000,,3000,100.0,ZNE,test,gold,MQ_MLM_GOLD_20140220_132316
"bucket6$15,:3,:6001",2014-02-20T13:22:45.110000,MQ,SAM,3000,3097.0,3000,100.0,ZNE,test,gold,MQ_SAM_GOLD_20140220_132315
"bucket0$68,:3,:6001",2014-02-20T13:25:08.539900,MQ,BAM,3000,,3000,100.0,ZNE,train,gold,MQ_BAM_GOLD_20140220_132538
"bucket9$6,:3,:6001",2014-02-20T13:25:07.819900,MQ,GBM,3000,,3000,100.0,ZNE,dev,gold,MQ_GBM_GOLD_20140220_132537
"bucket0$69,:3,:6001",2014-02-20T13:25:05.049900,MQ,MLM,3000,,3000,100.0,ZNE,train,gold,MQ_MLM_GOLD_20140220_132535
"bucket0$70,:3,:6001",2014-02-20T13:26:56.729900,MQ,BAM,3000,,3000,100.0,ZNE,train,gold,MQ_BAM_GOLD_20140220_132726
"bucket0$71,:3,:6001",2014-02-20T13:27:00.659900,MQ,MLM,3000,,3000,100.0,ZNE,train,gold,MQ_MLM_GOLD_20140220_132730
"bucket0$72,:3,:6001",2014-02-20T13:26:55.620000,MQ,SAM,3000,,3000,100.0,ZNE,train,gold,MQ_SAM_GOLD_20140220_132725
"bucket0$73,:3,:6001",2014-02-20T13:28:34.269900,MQ,CPM,3000,,3000,100.0,ZNE,train,gold,MQ_CPM_GOLD_20140220_132904
"bucket0$74,:3,:6001",2014-02-20T13:28:31.769900,MQ,GBM,3000,,3000,100.0,ZNE,train,gold,MQ_GBM_GOLD_20140220_132901
"bucket0$75,:3,:6001",2014-02-20T13:28:30.939900,MQ,MLM,3000,,3000,100.0,ZNE,train,gold,MQ_MLM_GOLD_20140220_132900
"bucket0$76,:3,:6001",2014-02-20T13:37:18.779900,MQ,BAM,3000,,3000,100.0,ZNE,train,gold,MQ_BAM_GOLD_20140220_133748
"bucket0$77,:3,:6001",2014-02-20T13:37:19.639900,MQ,MLM,3000,,3000,100.0,ZNE,train,gold,MQ_MLM_GOLD_20140220_133749
"bucket0$78,:3,:6001",2014-02-20T13:37:19.780000,MQ,SAM,3000,,3000,100.0,ZNE,train,gold,MQ_SAM_GOLD_20140220_133749
"bucket0$79,:3,:6001",2014-02-20T14:03:19.189900,MQ,BAM,3000,,3000,100.0,ZNE,train,gold,MQ_BAM_GOLD_20140220_140349
"bucket6$16,:3,:6001",2014-02-20T14:03:27.179900,MQ,CPM,3000,,3000,100.0,ZNE,test,gold,MQ_CPM_GOLD_20140220_140357
"bucket9$7,:3,:6001",2014-02-20T14:03:18.309900,MQ,GBM,3000,,3000,100.0,ZNE,dev,gold,MQ_GBM_GOLD_20140220_140348
"bucket0$80,:3,:6001",2014-02-20T14:03:25.979900,MQ,MLM,3000,,3000,100.0,ZNE,train,gold,MQ_MLM_GOLD_20140220_140355
"bucket6$17,:3,:6001",2014-02-20T14:07:38.559900,MQ,BAM,3000,,3000,100.0,ZNE,test,gold,MQ_BAM_GOLD_20140220_140808
"bucket0$81,:3,:6001",2014-02-20T14:07:40.679900,MQ,CPM,3000,,3000,100.0,ZNE,train,gold,MQ_CPM_GOLD_20140220_140810
"bucket0$82,:3,:6001",2014-02-20T14:07:42.199900,MQ,GBM,3000,,3000,100.0,ZNE,train,gold,MQ_GBM_GOLD_20140220_140812
"bucket0$83,:3,:6001",2014-02-20T14:07:46.649900,MQ,MLM,3000,,3000,100.0,ZNE,train,gold,MQ_MLM_GOLD_20140220_140816
"bucket0$84,:3,:6001",2014-02-20T14:08:47.029900,MQ,BAM,3000,,3000,100.0,ZNE,train,gold,MQ_BAM_GOLD_20140220_140917
"bucket0$85,:3,:6001",2014-02-20T14:08:44.879900,MQ,CPM,3000,,3000,100.0,ZNE,train,gold,MQ_CPM_GOLD_20140220_140914
"bucket0$86,:3,:6001",2014-02-20T14:08:46.589900,MQ,GBM,3000,,3000,100.0,ZNE,train,gold,MQ_GBM_GOLD_20140220_140916
"bucket0$87,:3,:6001",2014-02-20T14:08:41.519900,MQ,MLM,3000,,3000,100.0,ZNE,train,gold,MQ_MLM_GOLD_20140220_140911
"bucket0$88,:3,:6001",2014-02-20T14:28:21.919900,MQ,CPM,3000,,3000,100.0,ZNE,train,gold,MQ_CPM_GOLD_20140220_142851
"bucket0$89,:3,:6001",2014-02-20T14:28:15.549900,MQ,GBM,3000,,3000,100.0,ZNE,train,gold,MQ_GBM_GOLD_20140220_142845
"bucket0$90,:3,:6001",2014-02-20T14:28:17.849900,MQ,MLM,3000,,3000,100.0,ZNE,train,gold,MQ_MLM_GOLD_20140220_142847
"bucket0$91,:3,:6001",2014-02-20T21:18:49.299900,MQ,BAM,3000,,3000,100.0,ZNE,train,gold,MQ_BAM_GOLD_20140220_211919
"bucket9$8,:3,:6001",2014-02-20T21:18:49.269900,MQ,CPM,3000,,3000,100.0,ZNE,dev,gold,MQ_CPM_GOLD_20140220_211919
"bucket0$92,:3,:6001",2014-02-20T21:18:49.349900,MQ,GBM,3000,,3000,100.0,ZNE,train,gold,MQ_GBM_GOLD_20140220_211919
"bucket0$93,:3,:6001",2014-02-20T21:18:49.740000,MQ,IA2,3000,3021.0,3000,100.0,ZNE,train,gold,MQ_IA2_GOLD_20140220_211919
"bucket0$94,:3,:6001",2014-02-20T21:19:06.529900,MQ,BAM,3000,,3000,100.0,ZNE,train,gold,MQ_BAM_GOLD_20140220_211936
"bucket0$95,:3,:6001",2014-02-20T21:19:05.709900,MQ,GBM,3000,,3000,100.0,ZNE,train,gold,MQ_GBM_GOLD_20140220_211935
"bucket0$96,:3,:6001",2014-02-20T21:19:04.670000,MQ,LAM,3000,3052.0,3000,100.0,ZNE,train,gold,MQ_LAM_GOLD_20140220_211934
"bucket0$97,:3,:6001",2014-02-20T21:19:10.489900,MQ,MLM,3000,,3000,100.0,ZNE,train,gold,MQ_MLM_GOLD_20140220_211940
"bucket0$98,:3,:6001",2014-02-20T21:19:12.080000,MQ,SAM,3000,,3000,100.0,ZNE,train,gold,MQ_SAM_GOLD_20140220_211942
"bucket9$9,:3,:6001",2014-02-21T07:00:09.609900,MQ,BAM,3000,,3000,100.0,ZNE,dev,gold,MQ_BAM_GOLD_20140221_070039
"bucket0$99,:3,:6001",2014-02-21T07:00:09.299900,MQ,CPM,3000,,3000,100.0,ZNE,train,gold,MQ_CPM_GOLD_20140221_070039
"bucket0$100,:3,:6001",2014-02-21T07:00:09.359900,MQ,GBM,3000,,3000,100.0,ZNE,train,gold,MQ_GBM_GOLD_20140221_070039
"bucket0$101,:3,:6001",2014-02-21T07:00:08.990000,MQ,LAM,3000,3221.0,3000,100.0,ZNE,train,gold,MQ_LAM_GOLD_20140221_070038
"bucket0$102,:3,:6001",2014-02-21T07:00:09.779900,MQ,MLM,3000,,3000,100.0,ZNE,train,gold,MQ_MLM_GOLD_20140221_070039
"bucket6$18,:3,:6001",2014-02-21T07:00:09.650000,MQ,SAM,3000,3202.0,3000,100.0,ZNE,test,gold,MQ_SAM_GOLD_20140221_070039
"bucket0$103,:3,:6001",2014-02-21T08:35:06.859900,MQ,BAM,3000,,3000,100.0,ZNE,train,gold,MQ_BAM_GOLD_20140221_083536
"bucket0$104,:3,:6001",2014-02-21T08:35:06.489900,MQ,GBM,3000,,3000,100.0,ZNE,train,gold,MQ_GBM_GOLD_20140221_083536
"bucket0$105,:3,:6001",2014-02-21T08:35:07.320000,MQ,IA2,3000,3210.0,3000,100.0,ZNE,train,gold,MQ_IA2_GOLD_20140221_083537
"bucket0$106,:3,:6001",2014-02-21T08:35:08.120000,MQ,SAM,3000,3139.0,3000,100.0,ZNE,train,gold,MQ_SAM_GOLD_20140221_083538
"bucket0$107,:3,:6001",2014-02-21T09:04:29.919900,MQ,BAM,3000,,3000,100.0,ZNE,train,gold,MQ_BAM_GOLD_20140221_090459
"bucket0$108,:3,:6001",2014-02-21T09:04:21.639900,MQ,CPM,3000,,3000,100.0,ZNE,train,gold,MQ_CPM_GOLD_20140221_090451
"bucket0$109,:3,:6001",2014-02-21T09:04:29.509900,MQ,GBM,3000,,3000,100.0,ZNE,train,gold,MQ_GBM_GOLD_20140221_090459
"bucket0$110,:3,:6001",2014-02-21T09:04:24.629900,MQ,MLM,3000,,3000,100.0,ZNE,train,gold,MQ_MLM_GOLD_20140221_090454
"bucket0$111,:3,:6001",2014-02-21T09:07:29.709900,MQ,BAM,3000,,3000,100.0,ZNE,train,gold,MQ_BAM_GOLD_20140221_090759
"bucket9$10,:3,:6001",2014-02-21T09:07:24.669900,MQ,CPM,3000,,3000,100.0,ZNE,dev,gold,MQ_CPM_GOLD_20140221_090754
"bucket0$112,:3,:6001",2014-02-21T09:07:25.660000,MQ,LAM,3000,,3000,100.0,ZNE,train,gold,MQ_LAM_GOLD_20140221_090755
"bucket0$113,:3,:6001",2014-02-21T09:07:28.239900,MQ,MLM,3000,,3000,100.0,ZNE,train,gold,MQ_MLM_GOLD_20140221_090758
"bucket9$11,:3,:6001",2014-02-21T11:53:36.399900,MQ,BAM,3000,,3000,100.0,ZNE,dev,gold,MQ_BAM_GOLD_20140221_115406
"bucket0$114,:3,:6001",2014-02-21T11:53:44.889900,MQ,CPM,3000,,3000,100.0,ZNE,train,gold,MQ_CPM_GOLD_20140221_115414
"bucket6$19,:3,:6001",2014-02-21T11:53:43.189900,MQ,GBM,3000,,3000,100.0,ZNE,test,gold,MQ_GBM_GOLD_20140221_115413
"bucket9$12,:3,:6001",2014-02-21T11:53:39.839900,MQ,MLM,3000,,3000,100.0,ZNE,dev,gold,MQ_MLM_GOLD_20140221_115409
"bucket0$115,:3,:6001",2014-02-21T11:53:57.279900,MQ,CPM,3000,,3000,100.0,ZNE,train,gold,MQ_CPM_GOLD_20140221_115427
"bucket0$116,:3,:6001",2014-02-21T11:53:59.369900,MQ,GBM,3000,,3000,100.0,ZNE,train,gold,MQ_GBM_GOLD_20140221_115429
"bucket6$20,:3,:6001",2014-02-21T11:53:58.300000,MQ,IA2,3000,3023.0,3000,100.0,ZNE,test,gold,MQ_IA2_GOLD_20140221_115428
"bucket6$21,:3,:6001",2014-02-21T11:54:03.579900,MQ,MLM,3000,,3000,100.0,ZNE,test,gold,MQ_MLM_GOLD_20140221_115433
"bucket0$117,:3,:6001",2014-02-21T11:54:01.810000,MQ,SAM,3000,3122.0,3000,100.0,ZNE,train,gold,MQ_SAM_GOLD_20140221_115431
"bucket0$118,:3,:6001",2014-02-21T11:54:30.939900,MQ,BAM,3000,,3000,100.0,ZNE,train,gold,MQ_BAM_GOLD_20140221_115500
"bucket0$119,:3,:6001",2014-02-21T11:54:31.589900,MQ,GBM,3000,,3000,100.0,ZNE,train,gold,MQ_GBM_GOLD_20140221_115501
"bucket0$120,:3,:6001",2014-02-21T11:54:32.320000,MQ,LAM,3000,3209.0,3000,100.0,ZNE,train,gold,MQ_LAM_GOLD_20140221_115502
"bucket0$121,:3,:6001",2014-02-21T11:54:26.719900,MQ,MLM,3000,,3000,100.0,ZNE,train,gold,MQ_MLM_GOLD_20140221_115456
"bucket0$122,:3,:6001",2014-02-21T12:28:24.949900,MQ,BAM,3000,,3000,100.0,ZNE,train,gold,MQ_BAM_GOLD_20140221_122854
"bucket0$123,:3,:6001",2014-02-21T12:28:16.749900,MQ,CPM,3000,,3000,100.0,ZNE,train,gold,MQ_CPM_GOLD_20140221_122846
"bucket0$124,:3,:6001",2014-02-21T12:28:25.769900,MQ,GBM,3000,,3000,100.0,ZNE,train,gold,MQ_GBM_GOLD_20140221_122855
"bucket0$125,:3,:6001",2014-02-21T12:28:19.399900,MQ,MLM,3000,,3000,100.0,ZNE,train,gold,MQ_MLM_GOLD_20140221_122849
"bucket0$126,:3,:6001",2014-02-21T12:54:09.219900,MQ,BAM,3000,,3000,100.0,ZNE,train,gold,MQ_BAM_GOLD_20140221_125439
"bucket0$127,:3,:6001",2014-02-21T12:54:08.809900,MQ,GBM,3000,,3000,100.0,ZNE,train,gold,MQ_GBM_GOLD_20140221_125438
"bucket0$128,:3,:6001",2014-02-21T12:54:03.469900,MQ,MLM,3000,,3000,100.0,ZNE,train,gold,MQ_MLM_GOLD_20140221_125433
"bucket0$129,:3,:6001",2014-02-21T12:54:06.370000,MQ,SAM,3000,3133.0,3000,100.0,ZNE,train,gold,MQ_SAM_GOLD_20140221_125436
"bucket9$13,:3,:6001",2014-02-21T13:04:06.739900,MQ,BAM,3000,,3000,100.0,ZNE,dev,gold,MQ_BAM_GOLD_20140221_130436
"bucket0$130,:3,:6001",2014-02-21T13:04:08.689900,MQ,CPM,3000,,3000,100.0,ZNE,train,gold,MQ_CPM_GOLD_20140221_130438
"bucket0$131,:3,:6001",2014-02-21T13:04:09.809900,MQ,MLM,3000,,3000,100.0,ZNE,train,gold,MQ_MLM_GOLD_20140221_130439
"bucket0$132,:3,:6001",2014-02-21T13:04:59.699900,MQ,CPM,3000,,3000,100.0,ZNE,train,gold,MQ_CPM_GOLD_20140221_130529
"bucket0$133,:3,:6001",2014-02-21T13:04:59.289900,MQ,GBM,3000,,3000,100.0,ZNE,train,gold,MQ_GBM_GOLD_20140221_130529
"bucket0$134,:3,:6001",2014-02-21T13:04:57.419900,MQ,MLM,3000,,3000,100.0,ZNE,train,gold,MQ_MLM_GOLD_20140221_130527
"bucket0$135,:3,:6001",2014-02-21T13:05:07.380000,MQ,SAM,3000,,3000,100.0,ZNE,train,gold,MQ_SAM_GOLD_20140221_130537
"bucket0$136,:3,:6001",2014-02-21T13:07:42.439900,MQ,BAM,3000,,3000,100.0,ZNE,train,gold,MQ_BAM_GOLD_20140221_130812
"bucket0$137,:3,:6001",2014-02-21T13:07:46.969900,MQ,GBM,3000,,3000,100.0,ZNE,train,gold,MQ_GBM_GOLD_20140221_130816
"bucket0$138,:3,:6001",2014-02-21T13:07:39.589900,MQ,MLM,3000,,3000,100.0,ZNE,train,gold,MQ_MLM_GOLD_20140221_130809
"bucket0$139,:3,:6001",2014-02-21T13:10:09.649900,MQ,BAM,3000,,3000,100.0,ZNE,train,gold,MQ_BAM_GOLD_20140221_131039
"bucket0$140,:3,:6001",2014-02-21T13:10:14.369900,MQ,CPM,3000,,3000,100.0,ZNE,train,gold,MQ_CPM_GOLD_20140221_131044
"bucket0$141,:3,:6001",2014-02-21T13:10:11.449900,MQ,GBM,3000,,3000,100.0,ZNE,train,gold,MQ_GBM_GOLD_20140221_131041
"bucket9$14,:3,:6001",2014-02-21T13:10:18.339900,MQ,MLM,3000,,3000,100.0,ZNE,dev,gold,MQ_MLM_GOLD_20140221_131048
"bucket0$142,:3,:6001",2014-02-21T13:13:24.349900,MQ,BAM,3000,,3000,100.0,ZNE,train,gold,MQ_BAM_GOLD_20140221_131354
"bucket0$143,:3,:6001",2014-02-21T13:13:22.029900,MQ,GBM,3000,,3000,100.0,ZNE,train,gold,MQ_GBM_GOLD_20140221_131352
"bucket0$144,:3,:6001",2014-02-21T13:13:25.309900,MQ,MLM,3000,,3000,100.0,ZNE,train,gold,MQ_MLM_GOLD_20140221_131355
"bucket0$145,:3,:6001",2014-02-21T13:13:24.420000,MQ,SAM,3000,3148.0,3000,100.0,ZNE,train,gold,MQ_SAM_GOLD_20140221_131354
"bucket0$146,:3,:6001",2014-02-21T13:28:56.449900,MQ,BAM,3000,,3000,100.0,ZNE,train,gold,MQ_BAM_GOLD_20140221_132926
"bucket0$147,:3,:6001",2014-02-21T13:28:55.440000,MQ,LAM,3000,3195.0,3000,100.0,ZNE,train,gold,MQ_LAM_GOLD_20140221_132925
"bucket6$22,:3,:6001",2014-02-21T13:28:53.959900,MQ,MLM,3000,,3000,100.0,ZNE,test,gold,MQ_MLM_GOLD_20140221_132923
"bucket0$148,:3,:6001",2014-02-21T13:28:54.010000,MQ,SAM,3000,3198.0,3000,100.0,ZNE,train,gold,MQ_SAM_GOLD_20140221_132924
"bucket0$149,:3,:6001",2014-02-21T13:29:07.409900,MQ,BAM,3000,,3000,100.0,ZNE,train,gold,MQ_BAM_GOLD_20140221_132937
"bucket9$15,:3,:6001",2014-02-21T13:29:08.339900,MQ,CPM,3000,,3000,100.0,ZNE,dev,gold,MQ_CPM_GOLD_20140221_132938
"bucket0$150,:3,:6001",2014-02-21T13:29:11.580000,MQ,SAM,3000,3159.0,3000,100.0,ZNE,train,gold,MQ_SAM_GOLD_20140221_132941
"bucket0$151,:3,:6001",2014-02-21T13:35:31.879900,MQ,BAM,3000,,3000,100.0,ZNE,train,gold,MQ_BAM_GOLD_20140221_133601
"bucket0$152,:3,:6001",2014-02-21T13:35:28.949900,MQ,CPM,3000,,3000,100.0,ZNE,train,gold,MQ_CPM_GOLD_20140221_133558
"bucket0$153,:3,:6001",2014-02-21T13:35:32.610000,MQ,LAM,3000,,3000,100.0,ZNE,train,gold,MQ_LAM_GOLD_20140221_133602
"bucket0$154,:3,:6001",2014-02-21T13:37:20.579900,MQ,BAM,3000,,3000,100.0,ZNE,train,gold,MQ_BAM_GOLD_20140221_133750
"bucket0$155,:3,:6001",2014-02-21T13:37:20.739900,MQ,CPM,3000,,3000,100.0,ZNE,train,gold,MQ_CPM_GOLD_20140221_133750
"bucket0$156,:3,:6001",2014-02-21T13:37:24.989900,MQ,GBM,3000,,3000,100.0,ZNE,train,gold,MQ_GBM_GOLD_20140221_133754
"bucket0$157,:3,:6001",2014-02-21T13:37:28.589900,MQ,MLM,3000,,3000,100.0,ZNE,train,gold,MQ_MLM_GOLD_20140221_133758
"bucket6$23,:3,:6001",2014-02-21T13:38:11.729900,MQ,BAM,3000,,3000,100.0,ZNE,test,gold,MQ_BAM_GOLD_20140221_133841
"bucket0$158,:3,:6001",2014-02-21T13:38:10.929900,MQ,GBM,3000,,3000,100.0,ZNE,train,gold,MQ_GBM_GOLD_20140221_133840
"bucket0$159,:3,:6001",2014-02-21T13:38:11.099900,MQ,MLM,3000,,3000,100.0,ZNE,train,gold,MQ_MLM_GOLD_20140221_133841
"bucket0$160,:3,:6001",2014-02-21T13:49:51.039900,MQ,BAM,3000,,3000,100.0,ZNE,train,gold,MQ_BAM_GOLD_20140221_135021
"bucket0$161,:3,:6001",2014-02-21T13:49:55.919900,MQ,CPM,3000,,3000,100.0,ZNE,train,gold,MQ_CPM_GOLD_20140221_135025
"bucket9$16,:3,:6001",2014-02-21T13:49:59.490000,MQ,LAM,3000,,3000,100.0,ZNE,dev,gold,MQ_LAM_GOLD_20140221_135029
"bucket0$162,:3,:6001",2014-02-21T13:49:51.719900,MQ,MLM,3000,,3000,100.0,ZNE,train,gold,MQ_MLM_GOLD_20140221_135021
"bucket0$163,:3,:6001",2014-02-21T14:47:09.879900,MQ,CPM,3000,,3000,100.0,ZNE,train,gold,MQ_CPM_GOLD_20140221_144739
"bucket0$164,:3,:6001",2014-02-21T14:47:10.009900,MQ,GBM,3000,,3000,100.0,ZNE,train,gold,MQ_GBM_GOLD_20140221_144740
"bucket0$165,:3,:6001",2014-02-21T14:47:14.500000,MQ,LAM,3000,,3000,100.0,ZNE,train,gold,MQ_LAM_GOLD_20140221_144744
"bucket0$166,:3,:6001",2014-02-21T14:47:14.629900,MQ,MLM,3000,,3000,100.0,ZNE,train,gold,MQ_MLM_GOLD_20140221_144744
"bucket0$167,:3,:6001",2014-02-21T15:23:13.859900,MQ,CPM,3000,,3000,100.0,ZNE,train,gold,MQ_CPM_GOLD_20140221_152343
"bucket9$17,:3,:6001",2014-02-21T15:23:16.740000,MQ,LAM,3000,3033.0,3000,100.0,ZNE,dev,gold,MQ_LAM_GOLD_20140221_152346
"bucket0$168,:3,:6001",2014-02-21T15:23:09.549900,MQ,MLM,3000,,3000,100.0,ZNE,train,gold,MQ_MLM_GOLD_20140221_152339
"bucket0$169,:3,:6001",2014-02-21T15:23:10.370000,MQ,SAM,3000,,3000,100.0,ZNE,train,gold,MQ_SAM_GOLD_20140221_152340
"bucket0$170,:3,:6001",2014-02-21T15:26:22.039900,MQ,CPM,3000,,3000,100.0,ZNE,train,gold,MQ_CPM_GOLD_20140221_152652
"bucket0$171,:3,:6001",2014-02-21T15:26:28.309900,MQ,GBM,3000,,3000,100.0,ZNE,train,gold,MQ_GBM_GOLD_20140221_152658
"bucket0$172,:3,:6001",2014-02-21T15:26:21.099900,MQ,MLM,3000,,3000,100.0,ZNE,train,gold,MQ_MLM_GOLD_20140221_152651
"bucket0$173,:3,:6001",2014-02-21T15:42:45.029900,MQ,BAM,3000,,3000,100.0,ZNE,train,gold,MQ_BAM_GOLD_20140221_154315
"bucket0$174,:3,:6001",2014-02-21T15:42:40.469900,MQ,CPM,3000,,3000,100.0,ZNE,train,gold,MQ_CPM_GOLD_20140221_154310
"bucket0$175,:3,:6001",2014-02-21T15:42:42.559900,MQ,MLM,3000,,3000,100.0,ZNE,train,gold,MQ_MLM_GOLD_20140221_154312
"bucket6$24,:3,:6001",2014-02-21T16:15:37.819900,MQ,BAM,3000,,3000,100.0,ZNE,test,gold,MQ_BAM_GOLD_20140221_161607
"bucket0$176,:3,:6001",2014-02-21T16:15:41.549900,MQ,CPM,3000,,3000,100.0,ZNE,train,gold,MQ_CPM_GOLD_20140221_161611
"bucket0$177,:3,:6001",2014-02-21T16:15:42.069900,MQ,GBM,3000,,3000,100.0,ZNE,train,gold,MQ_GBM_GOLD_20140221_161612
"bucket0$178,:3,:6001",2014-02-21T16:21:52.669900,MQ,BAM,3000,,3000,100.0,ZNE,train,gold,MQ_BAM_GOLD_20140221_162222
"bucket9$18,:3,:6001",2014-02-21T16:21:57.799900,MQ,CPM,3000,,3000,100.0,ZNE,dev,gold,MQ_CPM_GOLD_20140221_162227
"bucket6$25,:3,:6001",2014-02-21T16:21:56.449900,MQ,GBM,3000,,3000,100.0,ZNE,test,gold,MQ_GBM_GOLD_20140221_162226
"bucket0$179,:3,:6001",2014-02-21T16:21:54.769900,MQ,MLM,3000,,3000,100.0,ZNE,train,gold,MQ_MLM_GOLD_20140221_162224
"bucket0$180,:3,:6001",2014-02-21T19:42:43.159900,MQ,BAM,3000,,3000,100.0,ZNE,train,gold,MQ_BAM_GOLD_20140221_194313
"bucket6$26,:3,:6001",2014-02-21T19:42:48.109900,MQ,CPM,3000,,3000,100.0,ZNE,test,gold,MQ_CPM_GOLD_20140221_194318
"bucket0$181,:3,:6001",2014-02-21T19:42:45.500000,MQ,IA2,3000,,3000,100.0,ZNE,train,gold,MQ_IA2_GOLD_20140221_194315
"bucket0$182,:3,:6001",2014-02-21T19:42:39.620000,MQ,SAM,3000,3170.0,3000,100.0,ZNE,train,gold,MQ_SAM_GOLD_20140221_194309
"bucket6$27,:3,:6001",2014-02-21T21:25:46.419900,MQ,BAM,3000,,3000,100.0,ZNE,test,gold,MQ_BAM_GOLD_20140221_212616
"bucket6$28,:3,:6001",2014-02-21T21:25:49.540000,MQ,IA2,3000,3185.0,3000,100.0,ZNE,test,gold,MQ_IA2_GOLD_20140221_212619
"bucket0$183,:3,:6001",2014-02-21T21:25:53.149900,MQ,MLM,3000,,3000,100.0,ZNE,train,gold,MQ_MLM_GOLD_20140221_212623
"bucket0$184,:3,:6001",2014-02-21T21:25:55.430000,MQ,SAM,3000,,3000,100.0,ZNE,train,gold,MQ_SAM_GOLD_20140221_212625
"bucket0$185,:3,:6001",2014-02-22T19:11:53.999900,MQ,CPM,3000,,3000,100.0,ZNE,train,gold,MQ_CPM_GOLD_20140222_191223
"bucket0$186,:3,:6001",2014-02-22T19:11:48.469900,MQ,GBM,3000,,3000,100.0,ZNE,train,gold,MQ_GBM_GOLD_20140222_191218
"bucket0$187,:3,:6001",2014-02-22T19:11:49.150000,MQ,IA2,3000,3109.0,3000,100.0,ZNE,train,gold,MQ_IA2_GOLD_20140222_191219
"bucket0$188,:3,:6001",2014-02-22T19:11:53.769900,MQ,MLM,3000,,3000,100.0,ZNE,train,gold,MQ_MLM_GOLD_20140222_191223
"bucket0$189,:3,:6001",2014-02-22T19:12:38.739900,MQ,BAM,3000,,3000,100.0,ZNE,train,gold,MQ_BAM_GOLD_20140222_191308
"bucket0$190,:3,:6001",2014-02-22T19:12:34.019900,MQ,CPM,3000,,3000,100.0,ZNE,train,gold,MQ_CPM_GOLD_20140222_191304
"bucket0$191,:3,:6001",2014-02-22T19:12:34.549900,MQ,GBM,3000,,3000,100.0,ZNE,train,gold,MQ_GBM_GOLD_20140222_191304
"bucket0$192,:3,:6001",2014-02-22T19:12:33.940000,MQ,IA2,3000,3108.0,3000,100.0,ZNE,train,gold,MQ_IA2_GOLD_20140222_191303
"bucket0$193,:3,:6001",2014-02-22T19:12:36.499900,MQ,MLM,3000,,3000,100.0,ZNE,train,gold,MQ_MLM_GOLD_20140222_191306
"bucket0$194,:3,:6001",2014-02-22T20:36:44.889900,MQ,BAM,3000,,3000,100.0,ZNE,train,gold,MQ_BAM_GOLD_20140222_203714
MQ_IA2_GOLD_20140222_203706,2014-02-22T20:36:36.420000,MQ,IA2,3000,3140.0,3000,100.0,ZNE,train,gold,
"bucket9$19,:3,:6001",2014-02-22T20:36:37.619900,MQ,MLM,3000,,3000,100.0,ZNE,dev,gold,MQ_MLM_GOLD_20140222_203707
"bucket9$20,:3,:6001",2014-02-22T20:36:36.510000,MQ,SAM,3000,3203.0,3000,100.0,ZNE,dev,gold,MQ_SAM_GOLD_20140222_203706
"bucket0$195,:3,:6001",2014-02-23T00:09:35.419900,MQ,BAM,3000,,3000,100.0,ZNE,train,gold,MQ_BAM_GOLD_20140223_001005
"bucket0$196,:3,:6001",2014-02-23T00:09:35.269900,MQ,CPM,3000,,3000,100.0,ZNE,train,gold,MQ_CPM_GOLD_20140223_001005
"bucket6$29,:3,:6001",2014-02-23T00:09:35.489900,MQ,GBM,3000,,3000,100.0,ZNE,test,gold,MQ_GBM_GOLD_20140223_001005
"bucket0$197,:3,:6001",2014-02-23T00:09:35.620000,MQ,IA2,3000,3221.0,3000,100.0,ZNE,train,gold,MQ_IA2_GOLD_20140223_001005
"bucket9$21,:3,:6001",2014-02-23T00:09:35.940000,MQ,LAM,3000,3180.0,3000,100.0,ZNE,dev,gold,MQ_LAM_GOLD_20140223_001005
"bucket9$22,:3,:6001",2014-02-23T00:09:35.649900,MQ,MLM,3000,,3000,100.0,ZNE,dev,gold,MQ_MLM_GOLD_20140223_001005
"bucket0$198,:3,:6001",2014-02-23T00:09:35.620000,MQ,SAM,3000,3101.0,3000,100.0,ZNE,train,gold,MQ_SAM_GOLD_20140223_001005
"bucket0$199,:3,:6001",2014-02-23T00:13:58.389900,MQ,BAM,3000,,3000,100.0,ZNE,train,gold,MQ_BAM_GOLD_20140223_001428
"bucket0$200,:3,:6001",2014-02-23T00:13:49.429900,MQ,CPM,3000,,3000,100.0,ZNE,train,gold,MQ_CPM_GOLD_20140223_001419
"bucket0$201,:3,:6001",2014-02-23T00:13:57.230000,MQ,LAM,3000,,3000,100.0,ZNE,train,gold,MQ_LAM_GOLD_20140223_001427
"bucket0$202,:3,:6001",2014-02-23T00:13:54.080000,MQ,SAM,3000,3239.0,3000,100.0,ZNE,train,gold,MQ_SAM_GOLD_20140223_001424
"bucket0$203,:3,:6001",2014-02-23T01:34:07.069900,MQ,BAM,3000,,3000,100.0,ZNE,train,gold,MQ_BAM_GOLD_20140223_013437
"bucket6$30,:3,:6001",2014-02-23T01:34:08.849900,MQ,CPM,3000,,3000,100.0,ZNE,test,gold,MQ_CPM_GOLD_20140223_013438
"bucket0$204,:3,:6001",2014-02-23T01:34:05.870000,MQ,SAM,3000,3238.0,3000,100.0,ZNE,train,gold,MQ_SAM_GOLD_20140223_013435
"bucket0$205,:3,:6001",2014-02-23T01:35:47.179900,MQ,BAM,3000,,3000,100.0,ZNE,train,gold,MQ_BAM_GOLD_20140223_013617
"bucket0$206,:3,:6001",2014-02-23T01:35:51.529900,MQ,CPM,3000,,3000,100.0,ZNE,train,gold,MQ_CPM_GOLD_20140223_013621
"bucket0$207,:3,:6001",2014-02-23T01:35:52.380000,MQ,LAM,3000,3197.0,3000,100.0,ZNE,train,gold,MQ_LAM_GOLD_20140223_013622
"bucket0$208,:3,:6001",2014-02-23T01:35:53.630000,MQ,SAM,3000,,3000,100.0,ZNE,train,gold,MQ_SAM_GOLD_20140223_013623
"bucket0$209,:3,:6001",2014-02-24T03:00:39.849900,MQ,BAM,3000,,3000,100.0,ZNE,train,gold,MQ_BAM_GOLD_20140224_030109
"bucket0$210,:3,:6001",2014-02-24T03:00:43.459900,MQ,CPM,3000,,3000,100.0,ZNE,train,gold,MQ_CPM_GOLD_20140224_030113
"bucket0$211,:3,:6001",2014-02-24T03:00:46.090000,MQ,IA2,3000,,3000,100.0,ZNE,train,gold,MQ_IA2_GOLD_20140224_030116
"bucket9$23,:3,:6001",2014-02-24T03:00:37.060000,MQ,SAM,3000,3015.0,3000,100.0,ZNE,dev,gold,MQ_SAM_GOLD_20140224_030107
"bucket0$212,:3,:6001",2014-02-24T12:01:45.689900,MQ,BAM,3000,,3000,100.0,ZNE,train,gold,MQ_BAM_GOLD_20140224_120215
"bucket9$24,:3,:6001",2014-02-24T12:01:44.839900,MQ,CPM,3000,,3000,100.0,ZNE,dev,gold,MQ_CPM_GOLD_20140224_120214
"bucket9$25,:3,:6001",2014-02-24T12:01:48.559900,MQ,MLM,3000,,3000,100.0,ZNE,dev,gold,MQ_MLM_GOLD_20140224_120218
"bucket0$213,:3,:6001",2014-02-24T12:01:52.560000,MQ,SAM,3000,3190.0,3000,100.0,ZNE,train,gold,MQ_SAM_GOLD_20140224_120222
"bucket0$214,:3,:6001",2014-02-24T12:47:47.569900,MQ,BAM,3000,,3000,100.0,ZNE,train,gold,MQ_BAM_GOLD_20140224_124817
"bucket0$215,:3,:6001",2014-02-24T12:47:48.559900,MQ,CPM,3000,,3000,100.0,ZNE,train,gold,MQ_CPM_GOLD_20140224_124818
"bucket0$216,:3,:6001",2014-02-24T12:47:47.719900,MQ,GBM,3000,,3000,100.0,ZNE,train,gold,MQ_GBM_GOLD_20140224_124817
"bucket0$217,:3,:6001",2014-02-24T12:47:48.240000,MQ,IA2,3000,,3000,100.0,ZNE,train,gold,MQ_IA2_GOLD_20140224_124818
"bucket0$218,:3,:6001",2014-02-24T12:47:48.040000,MQ,LAM,3000,,3000,100.0,ZNE,train,gold,MQ_LAM_GOLD_20140224_124818
"bucket0$219,:3,:6001",2014-02-24T13:15:16.470000,MQ,SAM,3000,3031.0,3000,100.0,ZNE,train,gold,MQ_SAM_GOLD_20140224_131546
"bucket0$220,:3,:6001",2014-02-24T13:19:45.590000,MQ,SAM,3000,3054.0,3000,100.0,ZNE,train,gold,MQ_SAM_GOLD_20140224_132015
"bucket0$221,:3,:6001",2014-02-24T13:20:15.950000,MQ,SAM,3000,,3000,100.0,ZNE,train,gold,MQ_SAM_GOLD_20140224_132045
"bucket0$222,:3,:6001",2014-02-24T13:20:35.190000,MQ,SAM,3000,3166.0,3000,100.0,ZNE,train,gold,MQ_SAM_GOLD_20140224_132105
"bucket0$223,:3,:6001",2014-02-24T13:21:05.700000,MQ,SAM,3000,3125.0,3000,100.0,ZNE,train,gold,MQ_SAM_GOLD_20140224_132135
"bucket0$224,:3,:6001",2014-02-24T13:23:36.910000,MQ,SAM,3000,3168.0,3000,100.0,ZNE,train,gold,MQ_SAM_GOLD_20140224_132406
"bucket0$225,:3,:6001",2014-02-24T13:27:00.890000,MQ,SAM,3000,3016.0,3000,100.0,ZNE,train,gold,MQ_SAM_GOLD_20140224_132730
"bucket0$226,:3,:6001",2014-02-24T13:27:12.420000,MQ,SAM,3000,3161.0,3000,100.0,ZNE,train,gold,MQ_SAM_GOLD_20140224_132742
"bucket0$227,:3,:6001",2014-02-24T13:28:27.460000,MQ,SAM,3000,3204.0,3000,100.0,ZNE,train,gold,MQ_SAM_GOLD_20140224_132857
"bucket0$228,:3,:6001",2014-02-24T13:30:09.700000,MQ,SAM,3000,3196.0,3000,100.0,ZNE,train,gold,MQ_SAM_GOLD_20140224_133039
"bucket6$31,:3,:6001",2014-02-24T13:31:11.880000,MQ,SAM,3000,3145.0,3000,100.0,ZNE,test,gold,MQ_SAM_GOLD_20140224_133141
"bucket9$26,:3,:6001",2014-02-24T13:31:36.360000,MQ,SAM,3000,3215.0,3000,100.0,ZNE,dev,gold,MQ_SAM_GOLD_20140224_133206
"bucket0$229,:3,:6001",2014-02-24T13:32:47.500000,MQ,SAM,3000,3408.0,3000,100.0,ZNE,train,gold,MQ_SAM_GOLD_20140224_133317
"bucket0$230,:3,:6001",2014-02-24T13:34:45.390000,MQ,SAM,3000,3197.0,3000,100.0,ZNE,train,gold,MQ_SAM_GOLD_20140224_133515
"bucket0$231,:3,:6001",2014-02-24T13:37:56.490000,MQ,SAM,3000,,3000,100.0,ZNE,train,gold,MQ_SAM_GOLD_20140224_133826
"bucket0$232,:3,:6001",2014-02-24T13:38:46.990000,MQ,SAM,3000,3171.0,3000,100.0,ZNE,train,gold,MQ_SAM_GOLD_20140224_133916
"bucket0$233,:3,:6001",2014-02-24T13:44:42.120000,MQ,SAM,3000,3160.0,3000,100.0,ZNE,train,gold,MQ_SAM_GOLD_20140224_134512
"bucket0$234,:3,:6001",2014-02-24T13:46:03.600000,MQ,SAM,3000,,3000,100.0,ZNE,train,gold,MQ_SAM_GOLD_20140224_134633
"bucket0$235,:3,:6001",2014-02-24T13:46:28.210000,MQ,SAM,3000,3185.0,3000,100.0,ZNE,train,gold,MQ_SAM_GOLD_20140224_134658
"bucket6$32,:3,:6001",2014-02-24T13:48:15.320000,MQ,SAM,3000,,3000,100.0,ZNE,test,gold,MQ_SAM_GOLD_20140224_134845
"bucket0$236,:3,:6001",2014-02-24T13:50:15.700000,MQ,SAM,3000,3184.0,3000,100.0,ZNE,train,gold,MQ_SAM_GOLD_20140224_135045
"bucket0$237,:3,:6001",2014-02-24T13:52:21.750000,MQ,SAM,3000,,3000,100.0,ZNE,train,gold,MQ_SAM_GOLD_20140224_135251
"bucket0$238,:3,:6001",2014-02-24T13:57:05.970000,MQ,SAM,3000,,3000,100.0,ZNE,train,gold,MQ_SAM_GOLD_20140224_135735
"bucket0$239,:3,:6001",2014-02-24T13:57:48.500000,MQ,SAM,3000,3003.0,3000,100.0,ZNE,train,gold,MQ_SAM_GOLD_20140224_135818
"bucket0$240,:3,:6001",2014-02-24T13:59:53.400000,MQ,SAM,3000,3146.0,3000,100.0,ZNE,train,gold,MQ_SAM_GOLD_20140224_140023
"bucket0$241,:3,:6001",2014-02-24T14:01:30.260000,MQ,SAM,3000,3172.0,3000,100.0,ZNE,train,gold,MQ_SAM_GOLD_20140224_140200
"bucket0$242,:3,:6001",2014-02-24T14:01:53.740000,MQ,SAM,3000,3183.0,3000,100.0,ZNE,train,gold,MQ_SAM_GOLD_20140224_140223
"bucket0$243,:3,:6001",2014-02-24T14:05:31.780000,MQ,SAM,3000,3203.0,3000,100.0,ZNE,train,gold,MQ_SAM_GOLD_20140224_140601
"bucket6$33,:3,:6001",2014-02-24T14:12:53.160000,MQ,SAM,3000,3146.0,3000,100.0,ZNE,test,gold,MQ_SAM_GOLD_20140224_141323
"bucket6$34,:3,:6001",2014-02-24T14:13:25.820000,MQ,SAM,3000,3207.0,3000,100.0,ZNE,test,gold,MQ_SAM_GOLD_20140224_141355
"bucket0$244,:3,:6001",2014-02-24T14:13:54.920000,MQ,SAM,3000,,3000,100.0,ZNE,train,gold,MQ_SAM_GOLD_20140224_141424
"bucket7$2,:3,:3203",2014-02-24T14:16:00.709900,MQ,BAM,202,,202,100.0,ZNE,train,gold,MQ_BAM_GOLD_20140224_141602
MQ_CPM_GOLD_20140224_141557,2014-02-24T14:15:57.709900,MQ,CPM,11,,11,100.0,ZNE,test,gold,
"bucket8$1,:3,:3016",2014-02-24T14:16:00.289900,MQ,GBM,15,,15,100.0,ZNE,train,gold,MQ_GBM_GOLD_20140224_141600
"bucket8$2,:3,:3020",2014-02-24T14:15:59.189900,MQ,MLM,19,,19,100.0,ZNE,train,gold,MQ_MLM_GOLD_20140224_141559
"bucket0$245,:3,:6001",2014-02-24T14:32:23.379900,MQ,BAM,3000,,3000,100.0,ZNE,train,gold,MQ_BAM_GOLD_20140224_143253
"bucket0$246,:3,:6001",2014-02-24T14:32:26.829900,MQ,CPM,3000,,3000,100.0,ZNE,train,gold,MQ_CPM_GOLD_20140224_143256
"bucket0$247,:3,:6001",2014-02-24T14:32:22.739900,MQ,GBM,3000,,3000,100.0,ZNE,train,gold,MQ_GBM_GOLD_20140224_143252
"bucket0$248,:3,:6001",2014-02-24T14:32:30.670000,MQ,IA2,3000,,3000,100.0,ZNE,train,gold,MQ_IA2_GOLD_20140224_143300
"bucket0$249,:3,:6001",2014-02-24T14:32:42.709900,MQ,BAM,3000,,3000,100.0,ZNE,train,gold,MQ_BAM_GOLD_20140224_143312
"bucket9$27,:3,:6001",2014-02-24T14:32:37.949900,MQ,CPM,3000,,3000,100.0,ZNE,dev,gold,MQ_CPM_GOLD_20140224_143307
"bucket0$250,:3,:6001",2014-02-24T14:32:37.959900,MQ,GBM,3000,,3000,100.0,ZNE,train,gold,MQ_GBM_GOLD_20140224_143307
"bucket6$35,:3,:6001",2014-02-24T14:32:37.570000,MQ,IA2,3000,2661.0,3000,100.0,ZNE,test,gold,MQ_IA2_GOLD_20140224_143307
"bucket0$251,:3,:6001",2014-02-24T14:32:32.979900,MQ,MLM,3000,,3000,100.0,ZNE,train,gold,MQ_MLM_GOLD_20140224_143302
"bucket9$28,:3,:6001",2014-02-24T14:33:20.189900,MQ,BAM,3000,,3000,100.0,ZNE,dev,gold,MQ_BAM_GOLD_20140224_143350
"bucket0$252,:3,:6001",2014-02-24T14:33:15.269900,MQ,CPM,3000,,3000,100.0,ZNE,train,gold,MQ_CPM_GOLD_20140224_143345
"bucket0$253,:3,:6001",2014-02-24T14:33:15.370000,MQ,IA2,3000,3164.0,3000,100.0,ZNE,train,gold,MQ_IA2_GOLD_20140224_143345
"bucket0$254,:3,:6001",2014-02-24T14:33:22.940000,MQ,SAM,3000,,3000,100.0,ZNE,train,gold,MQ_SAM_GOLD_20140224_143352
"bucket9$29,:3,:6001",2014-02-24T15:19:21.759900,MQ,BAM,3000,,3000,100.0,ZNE,dev,gold,MQ_BAM_GOLD_20140224_151951
"bucket0$255,:3,:6001",2014-02-24T15:19:23.499900,MQ,GBM,3000,,3000,100.0,ZNE,train,gold,MQ_GBM_GOLD_20140224_151953
"bucket0$256,:3,:6001",2014-02-24T15:19:22.109900,MQ,MLM,3000,,3000,100.0,ZNE,train,gold,MQ_MLM_GOLD_20140224_151952
"bucket0$257,:3,:6001",2014-02-24T15:19:20.630000,MQ,SAM,3000,,3000,100.0,ZNE,train,gold,MQ_SAM_GOLD_20140224_151950
"bucket6$36,:3,:6001",2014-02-24T15:42:03.079900,MQ,BAM,3000,,3000,100.0,ZNE,test,gold,MQ_BAM_GOLD_20140224_154233
"bucket9$30,:3,:6001",2014-02-24T15:42:01.789900,MQ,GBM,3000,,3000,100.0,ZNE,dev,gold,MQ_GBM_GOLD_20140224_154231
"bucket0$258,:3,:6001",2014-02-24T15:42:03.260000,MQ,IA2,3000,,3000,100.0,ZNE,train,gold,MQ_IA2_GOLD_20140224_154233
"bucket0$259,:3,:6001",2014-02-24T15:42:02.960000,MQ,SAM,3000,3169.0,3000,100.0,ZNE,train,gold,MQ_SAM_GOLD_20140224_154232
"bucket0$260,:3,:6001",2014-02-24T15:46:38.319900,MQ,BAM,3000,,3000,100.0,ZNE,train,gold,MQ_BAM_GOLD_20140224_154708
"bucket9$31,:3,:6001",2014-02-24T15:46:37.679900,MQ,GBM,3000,,3000,100.0,ZNE,dev,gold,MQ_GBM_GOLD_20140224_154707
"bucket0$261,:3,:6001",2014-02-24T15:46:38.340000,MQ,IA2,3000,,3000,100.0,ZNE,train,gold,MQ_IA2_GOLD_20140224_154708
"bucket0$262,:3,:6001",2014-02-24T15:46:42.789900,MQ,MLM,3000,,3000,100.0,ZNE,train,gold,MQ_MLM_GOLD_20140224_154712
"bucket0$263,:3,:6001",2014-02-24T15:50:56.929900,MQ,BAM,3000,,3000,100.0,ZNE,train,gold,MQ_BAM_GOLD_20140224_155126
"bucket0$264,:3,:6001",2014-02-24T15:51:03.169900,MQ,CPM,3000,,3000,100.0,ZNE,train,gold,MQ_CPM_GOLD_20140224_155133
"bucket0$265,:3,:6001",2014-02-24T15:51:01.719900,MQ,GBM,3000,,3000,100.0,ZNE,train,gold,MQ_GBM_GOLD_20140224_155131
"bucket0$266,:3,:6001",2014-02-24T15:51:03.649900,MQ,MLM,3000,,3000,100.0,ZNE,train,gold,MQ_MLM_GOLD_20140224_155133
"bucket6$37,:3,:6001",2014-02-24T15:51:05.220000,MQ,SAM,3000,,3000,100.0,ZNE,test,gold,MQ_SAM_GOLD_20140224_155135
"bucket0$267,:3,:6001",2014-02-24T16:15:58.969900,MQ,BAM,3000,,3000,100.0,ZNE,train,gold,MQ_BAM_GOLD_20140224_161628
"bucket0$268,:3,:6001",2014-02-24T16:15:51.789900,MQ,GBM,3000,,3000,100.0,ZNE,train,gold,MQ_GBM_GOLD_20140224_161621
"bucket0$269,:3,:6001",2014-02-24T16:15:47.800000,MQ,IA2,3000,3260.0,3000,100.0,ZNE,train,gold,MQ_IA2_GOLD_20140224_161617
"bucket0$270,:3,:6001",2014-02-24T16:15:56.199900,MQ,MLM,3000,,3000,100.0,ZNE,train,gold,MQ_MLM_GOLD_20140224_161626
"bucket0$271,:3,:6001",2014-02-24T16:15:57.770000,MQ,SAM,3000,3049.0,3000,100.0,ZNE,train,gold,MQ_SAM_GOLD_20140224_161627
"bucket0$272,:3,:6001",2014-02-24T16:22:04.319900,MQ,BAM,3000,,3000,100.0,ZNE,train,gold,MQ_BAM_GOLD_20140224_162234
"bucket0$273,:3,:6001",2014-02-24T16:22:00.089900,MQ,CPM,3000,,3000,100.0,ZNE,train,gold,MQ_CPM_GOLD_20140224_162230
"bucket0$274,:3,:6001",2014-02-24T16:21:57.529900,MQ,MLM,3000,,3000,100.0,ZNE,train,gold,MQ_MLM_GOLD_20140224_162227
"bucket0$275,:3,:6001",2014-02-24T16:21:57.120000,MQ,SAM,3000,3346.0,3000,100.0,ZNE,train,gold,MQ_SAM_GOLD_20140224_162227
"bucket0$276,:3,:6001",2014-02-24T16:26:14.109900,MQ,BAM,3000,,3000,100.0,ZNE,train,gold,MQ_BAM_GOLD_20140224_162644
"bucket9$32,:3,:6001",2014-02-24T16:26:12.539900,MQ,CPM,3000,,3000,100.0,ZNE,dev,gold,MQ_CPM_GOLD_20140224_162642
"bucket0$277,:3,:6001",2014-02-24T16:26:20.450000,MQ,IA2,3000,3105.0,3000,100.0,ZNE,train,gold,MQ_IA2_GOLD_20140224_162650
"bucket0$278,:3,:6001",2014-02-24T16:26:15.259900,MQ,MLM,3000,,3000,100.0,ZNE,train,gold,MQ_MLM_GOLD_20140224_162645
"bucket0$279,:3,:6001",2014-02-24T16:30:10.409900,MQ,BAM,3000,,3000,100.0,ZNE,train,gold,MQ_BAM_GOLD_20140224_163040
"bucket0$280,:3,:6001",2014-02-24T16:30:10.569900,MQ,CPM,3000,,3000,100.0,ZNE,train,gold,MQ_CPM_GOLD_20140224_163040
"bucket0$281,:3,:6001",2014-02-24T16:30:07.839900,MQ,MLM,3000,,3000,100.0,ZNE,train,gold,MQ_MLM_GOLD_20140224_163037
"bucket0$282,:3,:6001",2014-02-24T16:30:03.570000,MQ,SAM,3000,,3000,100.0,ZNE,train,gold,MQ_SAM_GOLD_20140224_163033
"bucket6$38,:3,:6001",2014-02-24T16:36:13.099900,MQ,BAM,3000,,3000,100.0,ZNE,test,gold,MQ_BAM_GOLD_20140224_163643
"bucket6$39,:3,:6001",2014-02-24T16:36:18.059900,MQ,CPM,3000,,3000,100.0,ZNE,test,gold,MQ_CPM_GOLD_20140224_163648
"bucket0$283,:3,:6001",2014-02-24T16:36:17.959900,MQ,MLM,3000,,3000,100.0,ZNE,train,gold,MQ_MLM_GOLD_20140224_163647
"bucket0$284,:3,:6001",2014-02-24T16:36:19.840000,MQ,SAM,3000,3171.0,3000,100.0,ZNE,train,gold,MQ_SAM_GOLD_20140224_163649
"bucket9$33,:3,:6001",2014-02-24T16:40:50.839900,MQ,BAM,3000,,3000,100.0,ZNE,dev,gold,MQ_BAM_GOLD_20140224_164120
"bucket6$40,:3,:6001",2014-02-24T16:40:51.179900,MQ,GBM,3000,,3000,100.0,ZNE,test,gold,MQ_GBM_GOLD_20140224_164121
"bucket0$285,:3,:6001",2014-02-24T16:40:44.239900,MQ,MLM,3000,,3000,100.0,ZNE,train,gold,MQ_MLM_GOLD_20140224_164114
"bucket0$286,:3,:6001",2014-02-24T16:40:49.080000,MQ,SAM,3000,3175.0,3000,100.0,ZNE,train,gold,MQ_SAM_GOLD_20140224_164119
"bucket0$287,:3,:6001",2014-02-24T16:44:53.229900,MQ,BAM,3000,,3000,100.0,ZNE,train,gold,MQ_BAM_GOLD_20140224_164523
"bucket0$288,:3,:6001",2014-02-24T16:44:51.549900,MQ,CPM,3000,,3000,100.0,ZNE,train,gold,MQ_CPM_GOLD_20140224_164521
"bucket6$41,:3,:6001",2014-02-24T16:44:52.949900,MQ,GBM,3000,,3000,100.0,ZNE,test,gold,MQ_GBM_GOLD_20140224_164522
"bucket6$42,:3,:6001",2014-02-24T16:44:52.579900,MQ,MLM,3000,,3000,100.0,ZNE,test,gold,MQ_MLM_GOLD_20140224_164522
"bucket0$289,:3,:6001",2014-02-24T16:56:52.869900,MQ,BAM,3000,,3000,100.0,ZNE,train,gold,MQ_BAM_GOLD_20140224_165722
"bucket0$290,:3,:6001",2014-02-24T16:56:48.159900,MQ,CPM,3000,,3000,100.0,ZNE,train,gold,MQ_CPM_GOLD_20140224_165718
"bucket0$291,:3,:6001",2014-02-24T16:56:48.349900,MQ,MLM,3000,,3000,100.0,ZNE,train,gold,MQ_MLM_GOLD_20140224_165718
"bucket0$292,:3,:6001",2014-02-24T16:56:48.240000,MQ,SAM,3000,3148.0,3000,100.0,ZNE,train,gold,MQ_SAM_GOLD_20140224_165718
"bucket0$293,:3,:6001",2014-02-24T16:58:54.989900,MQ,BAM,3000,,3000,100.0,ZNE,train,gold,MQ_BAM_GOLD_20140224_165924
"bucket0$294,:3,:6001",2014-02-24T16:58:50.329900,MQ,CPM,3000,,3000,100.0,ZNE,train,gold,MQ_CPM_GOLD_20140224_165920
"bucket0$295,:3,:6001",2014-02-24T16:58:50.739900,MQ,GBM,3000,,3000,100.0,ZNE,train,gold,MQ_GBM_GOLD_20140224_165920
"bucket0$296,:3,:6001",2014-02-24T16:58:52.449900,MQ,MLM,3000,,3000,100.0,ZNE,train,gold,MQ_MLM_GOLD_20140224_165922
"bucket0$297,:3,:6001",2014-02-24T16:58:51.150000,MQ,SAM,3000,3190.0,3000,100.0,ZNE,train,gold,MQ_SAM_GOLD_20140224_165921
"bucket0$298,:3,:6001",2014-02-24T17:22:32.659900,MQ,BAM,3000,,3000,100.0,ZNE,train,gold,MQ_BAM_GOLD_20140224_172302
"bucket0$299,:3,:6001",2014-02-24T17:22:39.859900,MQ,CPM,3000,,3000,100.0,ZNE,train,gold,MQ_CPM_GOLD_20140224_172309
"bucket0$300,:3,:6001",2014-02-24T17:22:37.609900,MQ,GBM,3000,,3000,100.0,ZNE,train,gold,MQ_GBM_GOLD_20140224_172307
"bucket0$301,:3,:6001",2014-02-24T17:22:37.649900,MQ,MLM,3000,,3000,100.0,ZNE,train,gold,MQ_MLM_GOLD_20140224_172307
"bucket6$43,:3,:6001",2014-02-24T17:25:04.209900,MQ,BAM,3000,,3000,100.0,ZNE,test,gold,MQ_BAM_GOLD_20140224_172534
"bucket0$302,:3,:6001",2014-02-24T17:25:07.559900,MQ,CPM,3000,,3000,100.0,ZNE,train,gold,MQ_CPM_GOLD_20140224_172537
"bucket6$44,:3,:6001",2014-02-24T17:25:05.239900,MQ,GBM,3000,,3000,100.0,ZNE,test,gold,MQ_GBM_GOLD_20140224_172535
"bucket0$303,:3,:6001",2014-02-24T17:25:05.690000,MQ,IA2,3000,3285.0,3000,100.0,ZNE,train,gold,MQ_IA2_GOLD_20140224_172535
"bucket0$304,:3,:6001",2014-02-24T17:25:09.600000,MQ,SAM,3000,,3000,100.0,ZNE,train,gold,MQ_SAM_GOLD_20140224_172539
"bucket0$305,:3,:6001",2014-02-24T17:34:59.299900,MQ,BAM,3000,,3000,100.0,ZNE,train,gold,MQ_BAM_GOLD_20140224_173529
"bucket0$306,:3,:6001",2014-02-24T17:35:06.009900,MQ,CPM,3000,,3000,100.0,ZNE,train,gold,MQ_CPM_GOLD_20140224_173536
"bucket0$307,:3,:6001",2014-02-24T17:35:08.159900,MQ,GBM,3000,,3000,100.0,ZNE,train,gold,MQ_GBM_GOLD_20140224_173538
"bucket0$308,:3,:6001",2014-02-24T17:35:04.680000,MQ,IA2,3000,,3000,100.0,ZNE,train,gold,MQ_IA2_GOLD_20140224_173534
"bucket9$34,:3,:6001",2014-02-24T17:35:03.060000,MQ,SAM,3000,3183.0,3000,100.0,ZNE,dev,gold,MQ_SAM_GOLD_20140224_173533
"bucket0$309,:3,:6001",2014-02-24T17:45:20.569900,MQ,BAM,3000,,3000,100.0,ZNE,train,gold,MQ_BAM_GOLD_20140224_174550
"bucket0$310,:3,:6001",2014-02-24T17:45:13.409900,MQ,CPM,3000,,3000,100.0,ZNE,train,gold,MQ_CPM_GOLD_20140224_174543
"bucket6$45,:3,:6001",2014-02-24T17:45:17.139900,MQ,GBM,3000,,3000,100.0,ZNE,test,gold,MQ_GBM_GOLD_20140224_174547
"bucket9$35,:3,:6001",2014-02-24T17:45:14.679900,MQ,MLM,3000,,3000,100.0,ZNE,dev,gold,MQ_MLM_GOLD_20140224_174544
"bucket0$311,:3,:6001",2014-02-24T17:49:54.279900,MQ,BAM,3000,,3000,100.0,ZNE,train,gold,MQ_BAM_GOLD_20140224_175024
"bucket0$312,:3,:6001",2014-02-24T17:49:47.919900,MQ,GBM,3000,,3000,100.0,ZNE,train,gold,MQ_GBM_GOLD_20140224_175017
"bucket0$313,:3,:6001",2014-02-24T17:49:44.910000,MQ,IA2,3000,3120.0,3000,100.0,ZNE,train,gold,MQ_IA2_GOLD_20140224_175014
"bucket9$36,:3,:6001",2014-02-24T17:49:50.379900,MQ,MLM,3000,,3000,100.0,ZNE,dev,gold,MQ_MLM_GOLD_20140224_175020
"bucket0$314,:3,:6001",2014-02-24T17:51:11.319900,MQ,BAM,3000,,3000,100.0,ZNE,train,gold,MQ_BAM_GOLD_20140224_175141
"bucket0$315,:3,:6001",2014-02-24T17:51:08.929900,MQ,CPM,3000,,3000,100.0,ZNE,train,gold,MQ_CPM_GOLD_20140224_175138
"bucket9$37,:3,:6001",2014-02-24T17:51:09.139900,MQ,GBM,3000,,3000,100.0,ZNE,dev,gold,MQ_GBM_GOLD_20140224_175139
"bucket0$316,:3,:6001",2014-02-24T17:51:08.880000,MQ,SAM,3000,3137.0,3000,100.0,ZNE,train,gold,MQ_SAM_GOLD_20140224_175138
"bucket0$317,:3,:6001",2014-02-24T18:02:34.869900,MQ,BAM,3000,,3000,100.0,ZNE,train,gold,MQ_BAM_GOLD_20140224_180304
"bucket0$318,:3,:6001",2014-02-24T18:02:31.119900,MQ,CPM,3000,,3000,100.0,ZNE,train,gold,MQ_CPM_GOLD_20140224_180301
"bucket0$319,:3,:6001",2014-02-24T18:02:31.469900,MQ,GBM,3000,,3000,100.0,ZNE,train,gold,MQ_GBM_GOLD_20140224_180301
"bucket0$320,:3,:6001",2014-02-24T18:02:32.420000,MQ,IA2,3000,3185.0,3000,100.0,ZNE,train,gold,MQ_IA2_GOLD_20140224_180302
"bucket0$321,:3,:6001",2014-02-24T18:05:34.159900,MQ,BAM,3000,,3000,100.0,ZNE,train,gold,MQ_BAM_GOLD_20140224_180604
"bucket0$322,:3,:6001",2014-02-24T18:05:31.579900,MQ,CPM,3000,,3000,100.0,ZNE,train,gold,MQ_CPM_GOLD_20140224_180601
"bucket0$323,:3,:6001",2014-02-24T18:05:32.869900,MQ,GBM,3000,,3000,100.0,ZNE,train,gold,MQ_GBM_GOLD_20140224_180602
"bucket9$38,:3,:6001",2014-02-24T18:05:33.720000,MQ,IA2,3000,3051.0,3000,100.0,ZNE,dev,gold,MQ_IA2_GOLD_20140224_180603
"bucket0$324,:3,:6001",2014-02-24T18:18:52.159900,MQ,BAM,3000,,3000,100.0,ZNE,train,gold,MQ_BAM_GOLD_20140224_181922
"bucket6$46,:3,:6001",2014-02-24T18:18:50.599900,MQ,GBM,3000,,3000,100.0,ZNE,test,gold,MQ_GBM_GOLD_20140224_181920
"bucket0$325,:3,:6001",2014-02-24T18:18:52.719900,MQ,MLM,3000,,3000,100.0,ZNE,train,gold,MQ_MLM_GOLD_20140224_181922
"bucket0$326,:3,:6001",2014-02-24T18:18:53.910000,MQ,SAM,3000,,3000,100.0,ZNE,train,gold,MQ_SAM_GOLD_20140224_181923
"bucket0$327,:3,:6001",2014-02-24T18:33:50.659900,MQ,CPM,3000,,3000,100.0,ZNE,train,gold,MQ_CPM_GOLD_20140224_183420
"bucket9$39,:3,:6001",2014-02-24T18:33:47.999900,MQ,GBM,3000,,3000,100.0,ZNE,dev,gold,MQ_GBM_GOLD_20140224_183417
"bucket0$328,:3,:6001",2014-02-24T18:33:48.750000,MQ,IA2,3000,3254.0,3000,100.0,ZNE,train,gold,MQ_IA2_GOLD_20140224_183418
"bucket0$329,:3,:6001",2014-02-24T18:33:53.160000,MQ,SAM,3000,3134.0,3000,100.0,ZNE,train,gold,MQ_SAM_GOLD_20140224_183423
"bucket0$330,:3,:6001",2014-02-24T18:35:07.849900,MQ,CPM,3000,,3000,100.0,ZNE,train,gold,MQ_CPM_GOLD_20140224_183537
"bucket0$331,:3,:6001",2014-02-24T18:35:05.639900,MQ,GBM,3000,,3000,100.0,ZNE,train,gold,MQ_GBM_GOLD_20140224_183535
"bucket0$332,:3,:6001",2014-02-24T18:35:07.720000,MQ,IA2,3000,3135.0,3000,100.0,ZNE,train,gold,MQ_IA2_GOLD_20140224_183537
"bucket9$40,:3,:6001",2014-02-24T18:35:08.599900,MQ,MLM,3000,,3000,100.0,ZNE,dev,gold,MQ_MLM_GOLD_20140224_183538
"bucket6$47,:3,:6001",2014-02-24T18:35:40.609900,MQ,BAM,3000,,3000,100.0,ZNE,test,gold,MQ_BAM_GOLD_20140224_183610
"bucket0$333,:3,:6001",2014-02-24T18:35:32.499900,MQ,CPM,3000,,3000,100.0,ZNE,train,gold,MQ_CPM_GOLD_20140224_183602
"bucket6$48,:3,:6001",2014-02-24T18:35:34.630000,MQ,IA2,3000,3159.0,3000,100.0,ZNE,test,gold,MQ_IA2_GOLD_20140224_183604
"bucket0$334,:3,:6001",2014-02-24T18:35:35.179900,MQ,MLM,3000,,3000,100.0,ZNE,train,gold,MQ_MLM_GOLD_20140224_183605
"bucket0$335,:3,:6001",2014-02-24T18:37:06.839900,MQ,BAM,3000,,3000,100.0,ZNE,train,gold,MQ_BAM_GOLD_20140224_183736
"bucket0$336,:3,:6001",2014-02-24T18:37:01.079900,MQ,CPM,3000,,3000,100.0,ZNE,train,gold,MQ_CPM_GOLD_20140224_183731
"bucket0$337,:3,:6001",2014-02-24T18:37:03.789900,MQ,GBM,3000,,3000,100.0,ZNE,train,gold,MQ_GBM_GOLD_20140224_183733
"bucket9$41,:3,:6001",2014-02-24T18:37:00.900000,MQ,IA2,3000,3190.0,3000,100.0,ZNE,dev,gold,MQ_IA2_GOLD_20140224_183730
"bucket6$49,:3,:6001",2014-02-24T18:37:01.109900,MQ,MLM,3000,,3000,100.0,ZNE,test,gold,MQ_MLM_GOLD_20140224_183731
"bucket9$42,:3,:6001",2014-02-24T18:41:36.709900,MQ,BAM,3000,,3000,100.0,ZNE,dev,gold,MQ_BAM_GOLD_20140224_184206
"bucket0$338,:3,:6001",2014-02-24T18:41:36.459900,MQ,CPM,3000,,3000,100.0,ZNE,train,gold,MQ_CPM_GOLD_20140224_184206
"bucket9$43,:3,:6001",2014-02-24T18:41:36.679900,MQ,GBM,3000,,3000,100.0,ZNE,dev,gold,MQ_GBM_GOLD_20140224_184206
"bucket6$50,:3,:6001",2014-02-24T18:41:37.590000,MQ,IA2,3000,3121.0,3000,100.0,ZNE,test,gold,MQ_IA2_GOLD_20140224_184207
"bucket0$339,:3,:6001",2014-02-24T18:54:59.709900,MQ,CPM,3000,,3000,100.0,ZNE,train,gold,MQ_CPM_GOLD_20140224_185529
"bucket9$44,:3,:6001",2014-02-24T18:55:01.119900,MQ,GBM,3000,,3000,100.0,ZNE,dev,gold,MQ_GBM_GOLD_20140224_185531
"bucket0$340,:3,:6001",2014-02-24T18:55:01.780000,MQ,IA2,3000,3188.0,3000,100.0,ZNE,train,gold,MQ_IA2_GOLD_20140224_185531
"bucket0$341,:3,:6001",2014-02-24T18:55:03.399900,MQ,MLM,3000,,3000,100.0,ZNE,train,gold,MQ_MLM_GOLD_20140224_185533
"bucket0$342,:3,:6001",2014-02-24T18:56:41.469900,MQ,BAM,3000,,3000,100.0,ZNE,train,gold,MQ_BAM_GOLD_20140224_185711
"bucket0$343,:3,:6001",2014-02-24T18:56:33.739900,MQ,CPM,3000,,3000,100.0,ZNE,train,gold,MQ_CPM_GOLD_20140224_185703
"bucket0$344,:3,:6001",2014-02-24T18:56:38.409900,MQ,GBM,3000,,3000,100.0,ZNE,train,gold,MQ_GBM_GOLD_20140224_185708
"bucket0$345,:3,:6001",2014-02-24T18:56:36.859900,MQ,MLM,3000,,3000,100.0,ZNE,train,gold,MQ_MLM_GOLD_20140224_185706
"bucket0$346,:3,:6001",2014-02-24T19:04:09.689900,MQ,CPM,3000,,3000,100.0,ZNE,train,gold,MQ_CPM_GOLD_20140224_190439
"bucket0$347,:3,:6001",2014-02-24T19:04:10.200000,MQ,IA2,3000,3179.0,3000,100.0,ZNE,train,gold,MQ_IA2_GOLD_20140224_190440
"bucket0$348,:3,:6001",2014-02-24T19:04:13.920000,MQ,LAM,3000,,3000,100.0,ZNE,train,gold,MQ_LAM_GOLD_20140224_190443
"bucket0$349,:3,:6001",2014-02-24T19:04:10.909900,MQ,MLM,3000,,3000,100.0,ZNE,train,gold,MQ_MLM_GOLD_20140224_190440
"bucket0$350,:3,:6001",2014-02-24T19:26:46.339900,MQ,BAM,3000,,3000,100.0,ZNE,train,gold,MQ_BAM_GOLD_20140224_192716
"bucket0$351,:3,:6001",2014-02-24T19:26:45.429900,MQ,CPM,3000,,3000,100.0,ZNE,train,gold,MQ_CPM_GOLD_20140224_192715
"bucket0$352,:3,:6001",2014-02-24T19:26:46.059900,MQ,GBM,3000,,3000,100.0,ZNE,train,gold,MQ_GBM_GOLD_20140224_192716
"bucket6$51,:3,:6001",2014-02-24T19:26:47.470000,MQ,IA2,3000,3097.0,3000,100.0,ZNE,test,gold,MQ_IA2_GOLD_20140224_192717
"bucket9$45,:3,:6001",2014-02-24T19:26:48.749900,MQ,MLM,3000,,3000,100.0,ZNE,dev,gold,MQ_MLM_GOLD_20140224_192718
"bucket0$353,:3,:6001",2014-02-24T19:40:51.249900,MQ,CPM,3000,,3000,100.0,ZNE,train,gold,MQ_CPM_GOLD_20140224_194121
"bucket0$354,:3,:6001",2014-02-24T19:40:52.059900,MQ,GBM,3000,,3000,100.0,ZNE,train,gold,MQ_GBM_GOLD_20140224_194122
"bucket0$355,:3,:6001",2014-02-24T19:40:49.910000,MQ,IA2,3000,,3000,100.0,ZNE,train,gold,MQ_IA2_GOLD_20140224_194119
"bucket0$356,:3,:6001",2014-02-24T19:40:48.549900,MQ,MLM,3000,,3000,100.0,ZNE,train,gold,MQ_MLM_GOLD_20140224_194118
"bucket0$357,:3,:6001",2014-02-24T19:40:55.040000,MQ,SAM,3000,3128.0,3000,100.0,ZNE,train,gold,MQ_SAM_GOLD_20140224_194125
"bucket0$358,:3,:6001",2014-02-24T19:48:07.529900,MQ,BAM,3000,,3000,100.0,ZNE,train,gold,MQ_BAM_GOLD_20140224_194837
"bucket0$359,:3,:6001",2014-02-24T19:48:05.879900,MQ,CPM,3000,,3000,100.0,ZNE,train,gold,MQ_CPM_GOLD_20140224_194835
"bucket6$52,:3,:6001",2014-02-24T19:48:01.069900,MQ,GBM,3000,,3000,100.0,ZNE,test,gold,MQ_GBM_GOLD_20140224_194831
"bucket0$360,:3,:6001",2014-02-24T19:48:05.970000,MQ,SAM,3000,,3000,100.0,ZNE,train,gold,MQ_SAM_GOLD_20140224_194835
"bucket0$361,:3,:6001",2014-02-24T19:51:51.099900,MQ,BAM,3000,,3000,100.0,ZNE,train,gold,MQ_BAM_GOLD_20140224_195221
"bucket0$362,:3,:6001",2014-02-24T19:51:52.079900,MQ,CPM,3000,,3000,100.0,ZNE,train,gold,MQ_CPM_GOLD_20140224_195222
"bucket0$363,:3,:6001",2014-02-24T19:51:52.839900,MQ,GBM,3000,,3000,100.0,ZNE,train,gold,MQ_GBM_GOLD_20140224_195222
"bucket0$364,:3,:6001",2014-02-24T19:51:53.630000,MQ,IA2,3000,,3000,100.0,ZNE,train,gold,MQ_IA2_GOLD_20140224_195223
"bucket9$46,:3,:6001",2014-02-24T19:58:20.169900,MQ,BAM,3000,,3000,100.0,ZNE,dev,gold,MQ_BAM_GOLD_20140224_195850
"bucket0$365,:3,:6001",2014-02-24T19:58:20.729900,MQ,GBM,3000,,3000,100.0,ZNE,train,gold,MQ_GBM_GOLD_20140224_195850
"bucket0$366,:3,:6001",2014-02-24T19:58:20.410000,MQ,IA2,3000,3033.0,3000,100.0,ZNE,train,gold,MQ_IA2_GOLD_20140224_195850
"bucket0$367,:3,:6001",2014-02-24T19:58:21.170000,MQ,SAM,3000,,3000,100.0,ZNE,train,gold,MQ_SAM_GOLD_20140224_195851
"bucket0$368,:3,:6001",2014-02-24T20:10:31.389900,MQ,BAM,3000,,3000,100.0,ZNE,train,gold,MQ_BAM_GOLD_20140224_201101
"bucket0$369,:3,:6001",2014-02-24T20:10:33.839900,MQ,CPM,3000,,3000,100.0,ZNE,train,gold,MQ_CPM_GOLD_20140224_201103
"bucket0$370,:3,:6001",2014-02-24T20:10:28.579900,MQ,MLM,3000,,3000,100.0,ZNE,train,gold,MQ_MLM_GOLD_20140224_201058
"bucket0$371,:3,:6001",2014-02-24T20:10:33.780000,MQ,SAM,3000,3050.0,3000,100.0,ZNE,train,gold,MQ_SAM_GOLD_20140224_201103
"bucket6$53,:3,:6001",2014-02-24T20:20:18.789900,MQ,CPM,3000,,3000,100.0,ZNE,test,gold,MQ_CPM_GOLD_20140224_202048
"bucket6$54,:3,:6001",2014-02-24T20:20:24.370000,MQ,LAM,3000,,3000,100.0,ZNE,test,gold,MQ_LAM_GOLD_20140224_202054
"bucket0$372,:3,:6001",2014-02-24T20:20:21.939900,MQ,MLM,3000,,3000,100.0,ZNE,train,gold,MQ_MLM_GOLD_20140224_202051
"bucket6$55,:3,:6001",2014-02-24T20:20:18.790000,MQ,SAM,3000,3002.0,3000,100.0,ZNE,test,gold,MQ_SAM_GOLD_20140224_202048
"bucket0$373,:3,:6001",2014-02-24T20:33:09.039900,MQ,BAM,3000,,3000,100.0,ZNE,train,gold,MQ_BAM_GOLD_20140224_203339
"bucket0$374,:3,:6001",2014-02-24T20:33:07.079900,MQ,CPM,3000,,3000,100.0,ZNE,train,gold,MQ_CPM_GOLD_20140224_203337
"bucket6$56,:3,:6001",2014-02-24T20:33:12.769900,MQ,GBM,3000,,3000,100.0,ZNE,test,gold,MQ_GBM_GOLD_20140224_203342
"bucket0$375,:3,:6001",2014-02-24T20:33:12.849900,MQ,MLM,3000,,3000,100.0,ZNE,train,gold,MQ_MLM_GOLD_20140224_203342
"bucket0$376,:3,:6001",2014-02-25T03:00:04.129900,MQ,BAM,3000,,3000,100.0,ZNE,train,gold,MQ_BAM_GOLD_20140225_030034
"bucket0$377,:3,:6001",2014-02-25T03:00:03.779900,MQ,CPM,3000,,3000,100.0,ZNE,train,gold,MQ_CPM_GOLD_20140225_030033
"bucket0$378,:3,:6001",2014-02-25T03:00:04.099900,MQ,GBM,3000,,3000,100.0,ZNE,train,gold,MQ_GBM_GOLD_20140225_030034
"bucket0$379,:3,:6001",2014-02-25T03:00:04.110000,MQ,IA2,3000,,3000,100.0,ZNE,train,gold,MQ_IA2_GOLD_20140225_030034
"bucket0$380,:3,:6001",2014-02-25T03:00:04.149900,MQ,MLM,3000,,3000,100.0,ZNE,train,gold,MQ_MLM_GOLD_20140225_030034
"bucket0$381,:3,:6001",2014-02-25T03:00:00.320000,MQ,SAM,3000,3186.0,3000,100.0,ZNE,train,gold,MQ_SAM_GOLD_20140225_030030
"bucket0$382,:3,:6001",2014-02-25T05:35:51.469900,MQ,BAM,3000,,3000,100.0,ZNE,train,gold,MQ_BAM_GOLD_20140225_053621
"bucket0$383,:3,:6001",2014-02-25T05:35:51.809900,MQ,CPM,3000,,3000,100.0,ZNE,train,gold,MQ_CPM_GOLD_20140225_053621
"bucket0$384,:3,:6001",2014-02-25T05:35:51.319900,MQ,GBM,3000,,3000,100.0,ZNE,train,gold,MQ_GBM_GOLD_20140225_053621
"bucket0$385,:3,:6001",2014-02-25T05:35:51.460000,MQ,IA2,3000,,3000,100.0,ZNE,train,gold,MQ_IA2_GOLD_20140225_053621
"bucket0$386,:3,:6001",2014-02-25T05:35:51.530000,MQ,LAM,3000,,3000,100.0,ZNE,train,gold,MQ_LAM_GOLD_20140225_053621
"bucket9$47,:3,:6001",2014-02-25T05:35:53.639900,MQ,MLM,3000,,3000,100.0,ZNE,dev,gold,MQ_MLM_GOLD_20140225_053623
"bucket0$387,:3,:6001",2014-02-25T09:21:17.329900,MQ,BAM,3000,,3000,100.0,ZNE,train,gold,MQ_BAM_GOLD_20140225_092147
"bucket9$48,:3,:6001",2014-02-25T09:21:18.469900,MQ,CPM,3000,,3000,100.0,ZNE,dev,gold,MQ_CPM_GOLD_20140225_092148
"bucket6$57,:3,:6001",2014-02-25T09:21:17.819900,MQ,GBM,3000,,3000,100.0,ZNE,test,gold,MQ_GBM_GOLD_20140225_092147
"bucket6$58,:3,:6001",2014-02-25T09:21:18.299900,MQ,MLM,3000,,3000,100.0,ZNE,test,gold,MQ_MLM_GOLD_20140225_092148
"bucket6$59,:3,:6001",2014-02-25T10:44:33.949900,MQ,BAM,3000,,3000,100.0,ZNE,test,gold,MQ_BAM_GOLD_20140225_104503
"bucket0$388,:3,:6001",2014-02-25T10:44:33.609900,MQ,GBM,3000,,3000,100.0,ZNE,train,gold,MQ_GBM_GOLD_20140225_104503
"bucket0$389,:3,:6001",2014-02-25T10:44:32.079900,MQ,MLM,3000,,3000,100.0,ZNE,train,gold,MQ_MLM_GOLD_20140225_104502
"bucket0$390,:3,:6001",2014-02-25T10:44:33.720000,MQ,SAM,3000,,3000,100.0,ZNE,train,gold,MQ_SAM_GOLD_20140225_104503
"bucket0$391,:3,:6001",2014-02-25T11:53:36.669900,MQ,BAM,3000,,3000,100.0,ZNE,train,gold,MQ_BAM_GOLD_20140225_115406
"bucket9$49,:3,:6001",2014-02-25T11:53:35.930000,MQ,IA2,3000,3017.0,3000,100.0,ZNE,dev,gold,MQ_IA2_GOLD_20140225_115405
"bucket0$392,:3,:6001",2014-02-25T11:53:41.229900,MQ,MLM,3000,,3000,100.0,ZNE,train,gold,MQ_MLM_GOLD_20140225_115411
"bucket6$60,:3,:6001",2014-02-25T11:53:36.750000,MQ,SAM,3000,,3000,100.0,ZNE,test,gold,MQ_SAM_GOLD_20140225_115406
"bucket0$393,:3,:6001",2014-02-25T12:01:01.649900,MQ,BAM,3000,,3000,100.0,ZNE,train,gold,MQ_BAM_GOLD_20140225_120131
"bucket0$394,:3,:6001",2014-02-25T12:00:59.919900,MQ,CPM,3000,,3000,100.0,ZNE,train,gold,MQ_CPM_GOLD_20140225_120129
"bucket0$395,:3,:6001",2014-02-25T12:00:58.829900,MQ,GBM,3000,,3000,100.0,ZNE,train,gold,MQ_GBM_GOLD_20140225_120128
"bucket6$61,:3,:6001",2014-02-25T12:00:59.490000,MQ,IA2,3000,3073.0,3000,100.0,ZNE,test,gold,MQ_IA2_GOLD_20140225_120129
"bucket0$396,:3,:6001",2014-02-25T12:40:05.809900,MQ,BAM,3000,,3000,100.0,ZNE,train,gold,MQ_BAM_GOLD_20140225_124035
"bucket6$62,:3,:6001",2014-02-25T12:40:03.409900,MQ,CPM,3000,,3000,100.0,ZNE,test,gold,MQ_CPM_GOLD_20140225_124033
"bucket0$397,:3,:6001",2014-02-25T12:40:08.899900,MQ,GBM,3000,,3000,100.0,ZNE,train,gold,MQ_GBM_GOLD_20140225_124038
"bucket0$398,:3,:6001",2014-02-25T12:40:10.089900,MQ,MLM,3000,,3000,100.0,ZNE,train,gold,MQ_MLM_GOLD_20140225_124040
"bucket0$399,:3,:6001",2014-02-25T12:46:38.789900,MQ,BAM,3000,,3000,100.0,ZNE,train,gold,MQ_BAM_GOLD_20140225_124708
"bucket0$400,:3,:6001",2014-02-25T12:46:37.069900,MQ,CPM,3000,,3000,100.0,ZNE,train,gold,MQ_CPM_GOLD_20140225_124707
"bucket9$50,:3,:6001",2014-02-25T12:46:40.099900,MQ,GBM,3000,,3000,100.0,ZNE,dev,gold,MQ_GBM_GOLD_20140225_124710
"bucket0$401,:3,:6001",2014-02-25T12:46:38.829900,MQ,MLM,3000,,3000,100.0,ZNE,train,gold,MQ_MLM_GOLD_20140225_124708
"bucket0$402,:3,:6001",2014-02-25T12:50:21.229900,MQ,BAM,3000,,3000,100.0,ZNE,train,gold,MQ_BAM_GOLD_20140225_125051
"bucket0$403,:3,:6001",2014-02-25T12:50:22.209900,MQ,CPM,3000,,3000,100.0,ZNE,train,gold,MQ_CPM_GOLD_20140225_125052
"bucket0$404,:3,:6001",2014-02-25T12:50:24.179900,MQ,GBM,3000,,3000,100.0,ZNE,train,gold,MQ_GBM_GOLD_20140225_125054
"bucket0$405,:3,:6001",2014-02-25T12:50:18.780000,MQ,IA2,3000,3110.0,3000,100.0,ZNE,train,gold,MQ_IA2_GOLD_20140225_125048
"bucket0$406,:3,:6001",2014-02-25T14:24:29.459900,MQ,BAM,3000,,3000,100.0,ZNE,train,gold,MQ_BAM_GOLD_20140225_142459
"bucket9$51,:3,:6001",2014-02-25T14:24:25.269900,MQ,GBM,3000,,3000,100.0,ZNE,dev,gold,MQ_GBM_GOLD_20140225_142455
"bucket0$407,:3,:6001",2014-02-25T14:24:28.029900,MQ,MLM,3000,,3000,100.0,ZNE,train,gold,MQ_MLM_GOLD_20140225_142458
"bucket0$408,:3,:6001",2014-02-25T14:24:24.350000,MQ,SAM,3000,3236.0,3000,100.0,ZNE,train,gold,MQ_SAM_GOLD_20140225_142454
"bucket0$409,:3,:6001",2014-02-25T14:44:35.369900,MQ,BAM,3000,,3000,100.0,ZNE,train,gold,MQ_BAM_GOLD_20140225_144505
"bucket0$410,:3,:6001",2014-02-25T14:44:40.760000,MQ,IA2,3000,3200.0,3000,100.0,ZNE,train,gold,MQ_IA2_GOLD_20140225_144510
"bucket0$411,:3,:6001",2014-02-25T14:44:43.349900,MQ,MLM,3000,,3000,100.0,ZNE,train,gold,MQ_MLM_GOLD_20140225_144513
"bucket0$412,:3,:6001",2014-02-25T14:44:39.080000,MQ,SAM,3000,3254.0,3000,100.0,ZNE,train,gold,MQ_SAM_GOLD_20140225_144509
"bucket0$413,:3,:6001",2014-02-25T15:30:30.239900,MQ,BAM,3000,,3000,100.0,ZNE,train,gold,MQ_BAM_GOLD_20140225_153100
"bucket0$414,:3,:6001",2014-02-25T15:30:29.529900,MQ,GBM,3000,,3000,100.0,ZNE,train,gold,MQ_GBM_GOLD_20140225_153059
"bucket0$415,:3,:6001",2014-02-25T15:30:29.540000,MQ,IA2,3000,,3000,100.0,ZNE,train,gold,MQ_IA2_GOLD_20140225_153059
"bucket0$416,:3,:6001",2014-02-25T15:30:28.939900,MQ,MLM,3000,,3000,100.0,ZNE,train,gold,MQ_MLM_GOLD_20140225_153058
"bucket0$417,:3,:6001",2014-02-25T15:51:40.409900,MQ,BAM,3000,,3000,100.0,ZNE,train,gold,MQ_BAM_GOLD_20140225_155210
"bucket0$418,:3,:6001",2014-02-25T15:51:45.749900,MQ,CPM,3000,,3000,100.0,ZNE,train,gold,MQ_CPM_GOLD_20140225_155215
"bucket0$419,:3,:6001",2014-02-25T15:51:39.029900,MQ,GBM,3000,,3000,100.0,ZNE,train,gold,MQ_GBM_GOLD_20140225_155209
"bucket6$63,:3,:6001",2014-02-25T15:51:41.439900,MQ,MLM,3000,,3000,100.0,ZNE,test,gold,MQ_MLM_GOLD_20140225_155211
"bucket0$420,:3,:6001",2014-02-25T16:28:27.059900,MQ,BAM,3000,,3000,100.0,ZNE,train,gold,MQ_BAM_GOLD_20140225_162857
"bucket0$421,:3,:6001",2014-02-25T16:28:19.699900,MQ,CPM,3000,,3000,100.0,ZNE,train,gold,MQ_CPM_GOLD_20140225_162849
"bucket9$52,:3,:6001",2014-02-25T16:28:22.569900,MQ,GBM,3000,,3000,100.0,ZNE,dev,gold,MQ_GBM_GOLD_20140225_162852
"bucket0$422,:3,:6001",2014-02-25T16:28:19.839900,MQ,MLM,3000,,3000,100.0,ZNE,train,gold,MQ_MLM_GOLD_20140225_162849
"bucket0$423,:3,:6001",2014-02-25T16:28:21.740000,MQ,SAM,3000,,3000,100.0,ZNE,train,gold,MQ_SAM_GOLD_20140225_162851
"bucket0$424,:3,:6001",2014-02-25T16:37:25.539900,MQ,BAM,3000,,3000,100.0,ZNE,train,gold,MQ_BAM_GOLD_20140225_163755
"bucket0$425,:3,:6001",2014-02-25T16:37:29.649900,MQ,CPM,3000,,3000,100.0,ZNE,train,gold,MQ_CPM_GOLD_20140225_163759
"bucket0$426,:3,:6001",2014-02-25T16:37:31.149900,MQ,GBM,3000,,3000,100.0,ZNE,train,gold,MQ_GBM_GOLD_20140225_163801
"bucket0$427,:3,:6001",2014-02-25T16:37:35.279900,MQ,MLM,3000,,3000,100.0,ZNE,train,gold,MQ_MLM_GOLD_20140225_163805
"bucket9$53,:3,:6001",2014-02-25T16:46:04.879900,MQ,BAM,3000,,3000,100.0,ZNE,dev,gold,MQ_BAM_GOLD_20140225_164634
"bucket0$428,:3,:6001",2014-02-25T16:46:04.969900,MQ,GBM,3000,,3000,100.0,ZNE,train,gold,MQ_GBM_GOLD_20140225_164634
"bucket0$429,:3,:6001",2014-02-25T16:46:03.200000,MQ,IA2,3000,3116.0,3000,100.0,ZNE,train,gold,MQ_IA2_GOLD_20140225_164633
"bucket6$64,:3,:6001",2014-02-25T16:46:02.559900,MQ,MLM,3000,,3000,100.0,ZNE,test,gold,MQ_MLM_GOLD_20140225_164632
"bucket0$430,:3,:6001",2014-02-25T17:38:14.889900,MQ,BAM,3000,,3000,100.0,ZNE,train,gold,MQ_BAM_GOLD_20140225_173844
"bucket6$65,:3,:6001",2014-02-25T17:38:07.659900,MQ,GBM,3000,,3000,100.0,ZNE,test,gold,MQ_GBM_GOLD_20140225_173837
"bucket0$431,:3,:6001",2014-02-25T17:38:11.529900,MQ,MLM,3000,,3000,100.0,ZNE,train,gold,MQ_MLM_GOLD_20140225_173841
"bucket0$432,:3,:6001",2014-02-25T17:38:17.650000,MQ,SAM,3000,,3000,100.0,ZNE,train,gold,MQ_SAM_GOLD_20140225_173847
"bucket0$433,:3,:6001",2014-02-25T18:11:50.319900,MQ,BAM,3000,,3000,100.0,ZNE,train,gold,MQ_BAM_GOLD_20140225_181220
"bucket0$434,:3,:6001",2014-02-25T18:11:47.509900,MQ,CPM,3000,,3000,100.0,ZNE,train,gold,MQ_CPM_GOLD_20140225_181217
"bucket0$435,:3,:6001",2014-02-25T18:11:49.239900,MQ,GBM,3000,,3000,100.0,ZNE,train,gold,MQ_GBM_GOLD_20140225_181219
"bucket0$436,:3,:6001",2014-02-25T18:11:46.040000,MQ,LAM,3000,,3000,100.0,ZNE,train,gold,MQ_LAM_GOLD_20140225_181216
"bucket0$437,:3,:6001",2014-02-25T18:33:18.449900,MQ,BAM,3000,,3000,100.0,ZNE,train,gold,MQ_BAM_GOLD_20140225_183348
"bucket0$438,:3,:6001",2014-02-25T18:33:17.209900,MQ,GBM,3000,,3000,100.0,ZNE,train,gold,MQ_GBM_GOLD_20140225_183347
"bucket0$439,:3,:6001",2014-02-25T18:33:15.589900,MQ,MLM,3000,,3000,100.0,ZNE,train,gold,MQ_MLM_GOLD_20140225_183345
"bucket0$440,:3,:6001",2014-02-25T18:33:18.900000,MQ,SAM,3000,,3000,100.0,ZNE,train,gold,MQ_SAM_GOLD_20140225_183348
"bucket0$441,:3,:6001",2014-02-25T19:46:39.709900,MQ,CPM,3000,,3000,100.0,ZNE,train,gold,MQ_CPM_GOLD_20140225_194709
"bucket0$442,:3,:6001",2014-02-25T19:46:40.100000,MQ,IA2,3000,3157.0,3000,100.0,ZNE,train,gold,MQ_IA2_GOLD_20140225_194710
"bucket9$54,:3,:6001",2014-02-25T19:46:37.679900,MQ,MLM,3000,,3000,100.0,ZNE,dev,gold,MQ_MLM_GOLD_20140225_194707
"bucket0$443,:3,:6001",2014-02-25T19:46:43.030000,MQ,SAM,3000,3173.0,3000,100.0,ZNE,train,gold,MQ_SAM_GOLD_20140225_194713
"bucket9$55,:3,:6001",2014-02-25T20:00:06.159900,MQ,BAM,3000,,3000,100.0,ZNE,dev,gold,MQ_BAM_GOLD_20140225_200036
"bucket0$444,:3,:6001",2014-02-25T20:00:02.979900,MQ,CPM,3000,,3000,100.0,ZNE,train,gold,MQ_CPM_GOLD_20140225_200032
"bucket6$66,:3,:6001",2014-02-25T20:00:02.979900,MQ,GBM,3000,,3000,100.0,ZNE,test,gold,MQ_GBM_GOLD_20140225_200032
"bucket0$445,:3,:6001",2014-02-25T20:00:05.719900,MQ,MLM,3000,,3000,100.0,ZNE,train,gold,MQ_MLM_GOLD_20140225_200035
"bucket0$446,:3,:6001",2014-02-25T20:29:17.119900,MQ,CPM,3000,,3000,100.0,ZNE,train,gold,MQ_CPM_GOLD_20140225_202947
"bucket0$447,:3,:6001",2014-02-25T20:29:11.379900,MQ,GBM,3000,,3000,100.0,ZNE,train,gold,MQ_GBM_GOLD_20140225_202941
"bucket9$56,:3,:6001",2014-02-25T20:29:12.620000,MQ,IA2,3000,3184.0,3000,100.0,ZNE,dev,gold,MQ_IA2_GOLD_20140225_202942
"bucket0$448,:3,:6001",2014-02-25T20:29:12.929900,MQ,MLM,3000,,3000,100.0,ZNE,train,gold,MQ_MLM_GOLD_20140225_202942
"bucket0$449,:3,:6001",2014-02-25T20:29:08.960000,MQ,SAM,3000,3133.0,3000,100.0,ZNE,train,gold,MQ_SAM_GOLD_20140225_202938
"bucket0$450,:3,:6001",2014-02-25T21:06:09.079900,MQ,BAM,3000,,3000,100.0,ZNE,train,gold,MQ_BAM_GOLD_20140225_210639
"bucket6$67,:3,:6001",2014-02-25T21:06:09.839900,MQ,GBM,3000,,3000,100.0,ZNE,test,gold,MQ_GBM_GOLD_20140225_210639
"bucket0$451,:3,:6001",2014-02-25T21:06:10.170000,MQ,IA2,3000,,3000,100.0,ZNE,train,gold,MQ_IA2_GOLD_20140225_210640
"bucket0$452,:3,:6001",2014-02-25T21:06:09.810000,MQ,LAM,3000,,3000,100.0,ZNE,train,gold,MQ_LAM_GOLD_20140225_210639
"bucket0$453,:3,:6001",2014-02-26T03:43:03.569900,MQ,BAM,3000,,3000,100.0,ZNE,train,gold,MQ_BAM_GOLD_20140226_034333
"bucket0$454,:3,:6001",2014-02-26T03:43:02.989900,MQ,CPM,3000,,3000,100.0,ZNE,train,gold,MQ_CPM_GOLD_20140226_034332
"bucket0$455,:3,:6001",2014-02-26T03:43:01.979900,MQ,GBM,3000,,3000,100.0,ZNE,train,gold,MQ_GBM_GOLD_20140226_034331
"bucket0$456,:3,:6001",2014-02-26T03:43:02.520000,MQ,IA2,3000,3204.0,3000,100.0,ZNE,train,gold,MQ_IA2_GOLD_20140226_034332
"bucket0$457,:3,:6001",2014-02-26T03:43:04.090000,MQ,SAM,3000,3126.0,3000,100.0,ZNE,train,gold,MQ_SAM_GOLD_20140226_034334
"bucket0$458,:3,:6001",2014-02-26T07:56:42.799900,MQ,BAM,3000,,3000,100.0,ZNE,train,gold,MQ_BAM_GOLD_20140226_075712
"bucket0$459,:3,:6001",2014-02-26T07:56:43.449900,MQ,CPM,3000,,3000,100.0,ZNE,train,gold,MQ_CPM_GOLD_20140226_075713
"bucket0$460,:3,:6001",2014-02-26T07:56:43.410000,MQ,IA2,3000,3196.0,3000,100.0,ZNE,train,gold,MQ_IA2_GOLD_20140226_075713
"bucket6$68,:3,:6001",2014-02-26T07:56:43.400000,MQ,LAM,3000,,3000,100.0,ZNE,test,gold,MQ_LAM_GOLD_20140226_075713
"bucket0$461,:3,:6001",2014-02-26T07:56:43.609900,MQ,MLM,3000,,3000,100.0,ZNE,train,gold,MQ_MLM_GOLD_20140226_075713
"bucket0$462,:3,:6001",2014-02-26T07:56:58.469900,MQ,CPM,3000,,3000,100.0,ZNE,train,gold,MQ_CPM_GOLD_20140226_075728
"bucket0$463,:3,:6001",2014-02-26T07:56:58.260000,MQ,IA2,3000,3228.0,3000,100.0,ZNE,train,gold,MQ_IA2_GOLD_20140226_075728
"bucket0$464,:3,:6001",2014-02-26T07:56:57.850000,MQ,LAM,3000,,3000,100.0,ZNE,train,gold,MQ_LAM_GOLD_20140226_075727
"bucket0$465,:3,:6001",2014-02-26T07:56:59.120000,MQ,SAM,3000,3166.0,3000,100.0,ZNE,train,gold,MQ_SAM_GOLD_20140226_075729
"bucket0$466,:3,:6001",2014-02-26T09:23:32.239900,MQ,BAM,3000,,3000,100.0,ZNE,train,gold,MQ_BAM_GOLD_20140226_092402
"bucket0$467,:3,:6001",2014-02-26T09:23:27.529900,MQ,CPM,3000,,3000,100.0,ZNE,train,gold,MQ_CPM_GOLD_20140226_092357
"bucket0$468,:3,:6001",2014-02-26T09:23:34.349900,MQ,GBM,3000,,3000,100.0,ZNE,train,gold,MQ_GBM_GOLD_20140226_092404
"bucket9$57,:3,:6001",2014-02-26T09:23:35.269900,MQ,MLM,3000,,3000,100.0,ZNE,dev,gold,MQ_MLM_GOLD_20140226_092405
"bucket0$469,:3,:6001",2014-02-26T09:47:41.319900,MQ,BAM,3000,,3000,100.0,ZNE,train,gold,MQ_BAM_GOLD_20140226_094811
"bucket0$470,:3,:6001",2014-02-26T09:47:38.309900,MQ,CPM,3000,,3000,100.0,ZNE,train,gold,MQ_CPM_GOLD_20140226_094808
"bucket0$471,:3,:6001",2014-02-26T09:47:40.719900,MQ,GBM,3000,,3000,100.0,ZNE,train,gold,MQ_GBM_GOLD_20140226_094810
"bucket0$472,:3,:6001",2014-02-26T09:47:36.870000,MQ,SAM,3000,,3000,100.0,ZNE,train,gold,MQ_SAM_GOLD_20140226_094806
"bucket9$58,:3,:6001",2014-02-26T10:11:55.149900,MQ,BAM,3000,,3000,100.0,ZNE,dev,gold,MQ_BAM_GOLD_20140226_101225
"bucket0$473,:3,:6001",2014-02-26T10:11:47.929900,MQ,GBM,3000,,3000,100.0,ZNE,train,gold,MQ_GBM_GOLD_20140226_101217
"bucket0$474,:3,:6001",2014-02-26T10:11:47.159900,MQ,MLM,3000,,3000,100.0,ZNE,train,gold,MQ_MLM_GOLD_20140226_101217
"bucket0$475,:3,:6001",2014-02-26T10:11:52.400000,MQ,SAM,3000,3202.0,3000,100.0,ZNE,train,gold,MQ_SAM_GOLD_20140226_101222
"bucket0$476,:3,:6001",2014-02-26T10:59:06.759900,MQ,BAM,3000,,3000,100.0,ZNE,train,gold,MQ_BAM_GOLD_20140226_105936
"bucket0$477,:3,:6001",2014-02-26T10:59:03.679900,MQ,CPM,3000,,3000,100.0,ZNE,train,gold,MQ_CPM_GOLD_20140226_105933
"bucket6$69,:3,:6001",2014-02-26T10:59:09.449900,MQ,GBM,3000,,3000,100.0,ZNE,test,gold,MQ_GBM_GOLD_20140226_105939
"bucket6$70,:3,:6001",2014-02-26T10:59:09.509900,MQ,MLM,3000,,3000,100.0,ZNE,test,gold,MQ_MLM_GOLD_20140226_105939
"bucket0$478,:3,:6001",2014-02-26T12:59:41.389900,MQ,BAM,3000,,3000,100.0,ZNE,train,gold,MQ_BAM_GOLD_20140226_130011
"bucket0$479,:3,:6001",2014-02-26T12:59:33.749900,MQ,CPM,3000,,3000,100.0,ZNE,train,gold,MQ_CPM_GOLD_20140226_130003
"bucket0$480,:3,:6001",2014-02-26T12:59:42.909900,MQ,MLM,3000,,3000,100.0,ZNE,train,gold,MQ_MLM_GOLD_20140226_130012
"bucket0$481,:3,:6001",2014-02-26T12:59:36.940000,MQ,SAM,3000,,3000,100.0,ZNE,train,gold,MQ_SAM_GOLD_20140226_130006
"bucket0$482,:3,:6001",2014-02-26T13:34:40.259900,MQ,BAM,3000,,3000,100.0,ZNE,train,gold,MQ_BAM_GOLD_20140226_133510
"bucket9$59,:3,:6001",2014-02-26T13:34:35.549900,MQ,GBM,3000,,3000,100.0,ZNE,dev,gold,MQ_GBM_GOLD_20140226_133505
"bucket0$483,:3,:6001",2014-02-26T13:34:39.279900,MQ,MLM,3000,,3000,100.0,ZNE,train,gold,MQ_MLM_GOLD_20140226_133509
"bucket0$484,:3,:6001",2014-02-26T13:34:34.950000,MQ,SAM,3000,,3000,100.0,ZNE,train,gold,MQ_SAM_GOLD_20140226_133504
"bucket0$485,:3,:6001",2014-02-26T13:40:27.789900,MQ,BAM,3000,,3000,100.0,ZNE,train,gold,MQ_BAM_GOLD_20140226_134057
"bucket0$486,:3,:6001",2014-02-26T13:40:27.989900,MQ,CPM,3000,,3000,100.0,ZNE,train,gold,MQ_CPM_GOLD_20140226_134057
"bucket6$71,:3,:6001",2014-02-26T13:40:20.539900,MQ,GBM,3000,,3000,100.0,ZNE,test,gold,MQ_GBM_GOLD_20140226_134050
"bucket6$72,:3,:6001",2014-02-26T13:40:23.119900,MQ,MLM,3000,,3000,100.0,ZNE,test,gold,MQ_MLM_GOLD_20140226_134053
"bucket0$487,:3,:6001",2014-02-26T13:45:56.699900,MQ,CPM,3000,,3000,100.0,ZNE,train,gold,MQ_CPM_GOLD_20140226_134626
"bucket0$488,:3,:6001",2014-02-26T13:45:57.449900,MQ,GBM,3000,,3000,100.0,ZNE,train,gold,MQ_GBM_GOLD_20140226_134627
"bucket0$489,:3,:6001",2014-02-26T13:45:58.800000,MQ,IA2,3000,,3000,100.0,ZNE,train,gold,MQ_IA2_GOLD_20140226_134628
"bucket0$490,:3,:6001",2014-02-26T13:45:56.729900,MQ,MLM,3000,,3000,100.0,ZNE,train,gold,MQ_MLM_GOLD_20140226_134626
"bucket0$491,:3,:6001",2014-02-26T14:50:22.059900,MQ,BAM,3000,,3000,100.0,ZNE,train,gold,MQ_BAM_GOLD_20140226_145052
"bucket0$492,:3,:6001",2014-02-26T14:50:14.249900,MQ,CPM,3000,,3000,100.0,ZNE,train,gold,MQ_CPM_GOLD_20140226_145044
"bucket0$493,:3,:6001",2014-02-26T14:50:15.740000,MQ,IA2,3000,3169.0,3000,100.0,ZNE,train,gold,MQ_IA2_GOLD_20140226_145045
"bucket0$494,:3,:6001",2014-02-26T14:50:20.600000,MQ,SAM,3000,,3000,100.0,ZNE,train,gold,MQ_SAM_GOLD_20140226_145050
"bucket0$495,:3,:6001",2014-02-26T15:16:11.019900,MQ,CPM,3000,,3000,100.0,ZNE,train,gold,MQ_CPM_GOLD_20140226_151641
"bucket0$496,:3,:6001",2014-02-26T15:16:14.609900,MQ,GBM,3000,,3000,100.0,ZNE,train,gold,MQ_GBM_GOLD_20140226_151644
"bucket6$73,:3,:6001",2014-02-26T15:16:11.809900,MQ,MLM,3000,,3000,100.0,ZNE,test,gold,MQ_MLM_GOLD_20140226_151641
"bucket0$497,:3,:6001",2014-02-26T15:16:17.050000,MQ,SAM,3000,3166.0,3000,100.0,ZNE,train,gold,MQ_SAM_GOLD_20140226_151647
"bucket6$74,:3,:6001",2014-02-26T15:21:24.859900,MQ,BAM,3000,,3000,100.0,ZNE,test,gold,MQ_BAM_GOLD_20140226_152154
"bucket0$498,:3,:6001",2014-02-26T15:21:26.059900,MQ,CPM,3000,,3000,100.0,ZNE,train,gold,MQ_CPM_GOLD_20140226_152156
"bucket6$75,:3,:6001",2014-02-26T15:21:23.979900,MQ,GBM,3000,,3000,100.0,ZNE,test,gold,MQ_GBM_GOLD_20140226_152153
"bucket0$499,:3,:6001",2014-02-26T15:21:22.309900,MQ,MLM,3000,,3000,100.0,ZNE,train,gold,MQ_MLM_GOLD_20140226_152152
"bucket9$60,:3,:6001",2014-02-26T15:21:24.440000,MQ,SAM,3000,3176.0,3000,100.0,ZNE,dev,gold,MQ_SAM_GOLD_20140226_152154
"bucket0$500,:3,:6001",2014-02-26T15:43:21.669900,MQ,BAM,3000,,3000,100.0,ZNE,train,gold,MQ_BAM_GOLD_20140226_154351
"bucket6$76,:3,:6001",2014-02-26T15:43:28.099900,MQ,CPM,3000,,3000,100.0,ZNE,test,gold,MQ_CPM_GOLD_20140226_154358
"bucket0$501,:3,:6001",2014-02-26T15:43:24.919900,MQ,GBM,3000,,3000,100.0,ZNE,train,gold,MQ_GBM_GOLD_20140226_154354
"bucket0$502,:3,:6001",2014-02-26T15:43:28.600000,MQ,SAM,3000,,3000,100.0,ZNE,train,gold,MQ_SAM_GOLD_20140226_154358
"bucket0$503,:3,:6001",2014-02-26T15:45:56.239900,MQ,BAM,3000,,3000,100.0,ZNE,train,gold,MQ_BAM_GOLD_20140226_154626
"bucket0$504,:3,:6001",2014-02-26T15:45:58.199900,MQ,CPM,3000,,3000,100.0,ZNE,train,gold,MQ_CPM_GOLD_20140226_154628
"bucket0$505,:3,:6001",2014-02-26T15:45:56.219900,MQ,GBM,3000,,3000,100.0,ZNE,train,gold,MQ_GBM_GOLD_20140226_154626
"bucket0$506,:3,:6001",2014-02-26T15:46:03.399900,MQ,MLM,3000,,3000,100.0,ZNE,train,gold,MQ_MLM_GOLD_20140226_154633
"bucket6$77,:3,:6001",2014-02-26T15:48:43.109900,MQ,BAM,3000,,3000,100.0,ZNE,test,gold,MQ_BAM_GOLD_20140226_154913
"bucket0$507,:3,:6001",2014-02-26T15:48:46.509900,MQ,GBM,3000,,3000,100.0,ZNE,train,gold,MQ_GBM_GOLD_20140226_154916
"bucket6$78,:3,:6001",2014-02-26T15:48:43.710000,MQ,IA2,3000,3145.0,3000,100.0,ZNE,test,gold,MQ_IA2_GOLD_20140226_154913
"bucket0$508,:3,:6001",2014-02-26T15:48:40.629900,MQ,MLM,3000,,3000,100.0,ZNE,train,gold,MQ_MLM_GOLD_20140226_154910
"bucket0$509,:3,:6001",2014-02-26T15:52:28.069900,MQ,BAM,3000,,3000,100.0,ZNE,train,gold,MQ_BAM_GOLD_20140226_155258
"bucket0$510,:3,:6001",2014-02-26T15:52:23.589900,MQ,CPM,3000,,3000,100.0,ZNE,train,gold,MQ_CPM_GOLD_20140226_155253
"bucket0$511,:3,:6001",2014-02-26T15:52:28.559900,MQ,GBM,3000,,3000,100.0,ZNE,train,gold,MQ_GBM_GOLD_20140226_155258
"bucket0$512,:3,:6001",2014-02-26T15:52:28.060000,MQ,IA2,3000,3166.0,3000,100.0,ZNE,train,gold,MQ_IA2_GOLD_20140226_155258
"bucket0$513,:3,:6001",2014-02-26T15:52:26.080000,MQ,LAM,3000,,3000,100.0,ZNE,train,gold,MQ_LAM_GOLD_20140226_155256
"bucket0$514,:3,:6001",2014-02-26T15:55:24.919900,MQ,BAM,3000,,3000,100.0,ZNE,train,gold,MQ_BAM_GOLD_20140226_155554
"bucket0$515,:3,:6001",2014-02-26T15:55:20.839900,MQ,CPM,3000,,3000,100.0,ZNE,train,gold,MQ_CPM_GOLD_20140226_155550
"bucket0$516,:3,:6001",2014-02-26T15:55:26.869900,MQ,GBM,3000,,3000,100.0,ZNE,train,gold,MQ_GBM_GOLD_20140226_155556
"bucket0$517,:3,:6001",2014-02-26T15:55:22.150000,MQ,IA2,3000,3055.0,3000,100.0,ZNE,train,gold,MQ_IA2_GOLD_20140226_155552
"bucket0$518,:3,:6001",2014-02-26T16:27:12.179900,MQ,BAM,3000,,3000,100.0,ZNE,train,gold,MQ_BAM_GOLD_20140226_162742
"bucket0$519,:3,:6001",2014-02-26T16:27:15.679900,MQ,GBM,3000,,3000,100.0,ZNE,train,gold,MQ_GBM_GOLD_20140226_162745
"bucket0$520,:3,:6001",2014-02-26T16:27:14.970000,MQ,IA2,3000,3125.0,3000,100.0,ZNE,train,gold,MQ_IA2_GOLD_20140226_162744
"bucket0$521,:3,:6001",2014-02-26T16:27:12.739900,MQ,MLM,3000,,3000,100.0,ZNE,train,gold,MQ_MLM_GOLD_20140226_162742
"bucket0$522,:3,:6001",2014-02-26T17:24:04.869900,MQ,BAM,3000,,3000,100.0,ZNE,train,gold,MQ_BAM_GOLD_20140226_172434
"bucket0$523,:3,:6001",2014-02-26T17:23:59.719900,MQ,CPM,3000,,3000,100.0,ZNE,train,gold,MQ_CPM_GOLD_20140226_172429
"bucket0$524,:3,:6001",2014-02-26T17:23:58.619900,MQ,GBM,3000,,3000,100.0,ZNE,train,gold,MQ_GBM_GOLD_20140226_172428
"bucket0$525,:3,:6001",2014-02-26T17:24:02.449900,MQ,MLM,3000,,3000,100.0,ZNE,train,gold,MQ_MLM_GOLD_20140226_172432
"bucket0$526,:3,:6001",2014-02-26T17:35:48.029900,MQ,BAM,3000,,3000,100.0,ZNE,train,gold,MQ_BAM_GOLD_20140226_173618
"bucket9$61,:3,:6001",2014-02-26T17:35:45.749900,MQ,CPM,3000,,3000,100.0,ZNE,dev,gold,MQ_CPM_GOLD_20140226_173615
"bucket0$527,:3,:6001",2014-02-26T17:35:44.789900,MQ,GBM,3000,,3000,100.0,ZNE,train,gold,MQ_GBM_GOLD_20140226_173614
"bucket0$528,:3,:6001",2014-02-26T17:35:43.949900,MQ,MLM,3000,,3000,100.0,ZNE,train,gold,MQ_MLM_GOLD_20140226_173613
"bucket0$529,:3,:6001",2014-02-26T18:25:02.079900,MQ,BAM,3000,,3000,100.0,ZNE,train,gold,MQ_BAM_GOLD_20140226_182532
"bucket0$530,:3,:6001",2014-02-26T18:25:02.559900,MQ,GBM,3000,,3000,100.0,ZNE,train,gold,MQ_GBM_GOLD_20140226_182532
"bucket0$531,:3,:6001",2014-02-26T18:25:02.200000,MQ,IA2,3000,3111.0,3000,100.0,ZNE,train,gold,MQ_IA2_GOLD_20140226_182532
"bucket6$79,:3,:6001",2014-02-26T18:25:03.399900,MQ,MLM,3000,,3000,100.0,ZNE,test,gold,MQ_MLM_GOLD_20140226_182533
"bucket0$532,:3,:6001",2014-02-26T18:25:08.050000,MQ,SAM,3000,3049.0,3000,100.0,ZNE,train,gold,MQ_SAM_GOLD_20140226_182538
"bucket0$533,:3,:6001",2014-02-26T19:14:06.319900,MQ,BAM,3000,,3000,100.0,ZNE,train,gold,MQ_BAM_GOLD_20140226_191436
"bucket6$80,:3,:6001",2014-02-26T19:14:14.799900,MQ,CPM,3000,,3000,100.0,ZNE,test,gold,MQ_CPM_GOLD_20140226_191444
"bucket0$534,:3,:6001",2014-02-26T19:14:09.959900,MQ,GBM,3000,,3000,100.0,ZNE,train,gold,MQ_GBM_GOLD_20140226_191439
"bucket9$62,:3,:6001",2014-02-26T19:14:08.680000,MQ,SAM,3000,3153.0,3000,100.0,ZNE,dev,gold,MQ_SAM_GOLD_20140226_191438
"bucket6$81,:3,:6001",2014-02-26T20:29:21.929900,MQ,CPM,3000,,3000,100.0,ZNE,test,gold,MQ_CPM_GOLD_20140226_202951
"bucket6$82,:3,:6001",2014-02-26T20:29:22.009900,MQ,GBM,3000,,3000,100.0,ZNE,test,gold,MQ_GBM_GOLD_20140226_202952
"bucket0$535,:3,:6001",2014-02-26T20:29:21.529900,MQ,MLM,3000,,3000,100.0,ZNE,train,gold,MQ_MLM_GOLD_20140226_202951
"bucket0$536,:3,:6001",2014-02-26T20:29:19.150000,MQ,SAM,3000,3035.0,3000,100.0,ZNE,train,gold,MQ_SAM_GOLD_20140226_202949
"bucket0$537,:3,:6001",2014-02-26T20:40:45.749900,MQ,BAM,3000,,3000,100.0,ZNE,train,gold,MQ_BAM_GOLD_20140226_204115
"bucket0$538,:3,:6001",2014-02-26T20:40:40.109900,MQ,CPM,3000,,3000,100.0,ZNE,train,gold,MQ_CPM_GOLD_20140226_204110
"bucket0$539,:3,:6001",2014-02-26T20:40:44.589900,MQ,MLM,3000,,3000,100.0,ZNE,train,gold,MQ_MLM_GOLD_20140226_204114
"bucket0$540,:3,:6001",2014-02-26T20:40:42.300000,MQ,SAM,3000,,3000,100.0,ZNE,train,gold,MQ_SAM_GOLD_20140226_204112
"bucket0$541,:3,:6001",2014-02-26T20:51:43.729900,MQ,BAM,3000,,3000,100.0,ZNE,train,gold,MQ_BAM_GOLD_20140226_205213
"bucket0$542,:3,:6001",2014-02-26T20:51:37.579900,MQ,GBM,3000,,3000,100.0,ZNE,train,gold,MQ_GBM_GOLD_20140226_205207
"bucket0$543,:3,:6001",2014-02-26T20:51:42.980000,MQ,LAM,3000,,3000,100.0,ZNE,train,gold,MQ_LAM_GOLD_20140226_205212
"bucket0$544,:3,:6001",2014-02-26T20:51:39.180000,MQ,SAM,3000,3130.0,3000,100.0,ZNE,train,gold,MQ_SAM_GOLD_20140226_205209
"bucket0$545,:3,:6001",2014-02-27T08:19:40.689900,MQ,BAM,3000,,3000,100.0,ZNE,train,gold,MQ_BAM_GOLD_20140227_082010
"bucket0$546,:3,:6001",2014-02-27T08:19:36.759900,MQ,CPM,3000,,3000,100.0,ZNE,train,gold,MQ_CPM_GOLD_20140227_082006
"bucket0$547,:3,:6001",2014-02-27T08:19:40.299900,MQ,GBM,3000,,3000,100.0,ZNE,train,gold,MQ_GBM_GOLD_20140227_082010
"bucket0$548,:3,:6001",2014-02-27T08:19:38.099900,MQ,MLM,3000,,3000,100.0,ZNE,train,gold,MQ_MLM_GOLD_20140227_082008
"bucket0$549,:3,:6001",2014-02-27T09:38:40.399900,MQ,BAM,3000,,3000,100.0,ZNE,train,gold,MQ_BAM_GOLD_20140227_093910
"bucket9$63,:3,:6001",2014-02-27T09:38:33.229900,MQ,GBM,3000,,3000,100.0,ZNE,dev,gold,MQ_GBM_GOLD_20140227_093903
"bucket0$550,:3,:6001",2014-02-27T09:38:41.119900,MQ,MLM,3000,,3000,100.0,ZNE,train,gold,MQ_MLM_GOLD_20140227_093911
"bucket0$551,:3,:6001",2014-02-27T09:38:36.390000,MQ,SAM,3000,,3000,100.0,ZNE,train,gold,MQ_SAM_GOLD_20140227_093906
"bucket9$64,:3,:6001",2014-02-27T09:55:17.669900,MQ,BAM,3000,,3000,100.0,ZNE,dev,gold,MQ_BAM_GOLD_20140227_095547
"bucket9$65,:3,:6001",2014-02-27T09:55:19.219900,MQ,CPM,3000,,3000,100.0,ZNE,dev,gold,MQ_CPM_GOLD_20140227_095549
"bucket0$552,:3,:6001",2014-02-27T09:55:11.739900,MQ,GBM,3000,,3000,100.0,ZNE,train,gold,MQ_GBM_GOLD_20140227_095541
"bucket0$553,:3,:6001",2014-02-27T09:55:16.670000,MQ,SAM,3000,3192.0,3000,100.0,ZNE,train,gold,MQ_SAM_GOLD_20140227_095546
"bucket0$554,:3,:6001",2014-02-27T11:12:20.429900,MQ,BAM,3000,,3000,100.0,ZNE,train,gold,MQ_BAM_GOLD_20140227_111250
"bucket0$555,:3,:6001",2014-02-27T11:12:15.349900,MQ,CPM,3000,,3000,100.0,ZNE,train,gold,MQ_CPM_GOLD_20140227_111245
"bucket0$556,:3,:6001",2014-02-27T11:12:17.659900,MQ,GBM,3000,,3000,100.0,ZNE,train,gold,MQ_GBM_GOLD_20140227_111247
"bucket0$557,:3,:6001",2014-02-27T11:12:19.559900,MQ,MLM,3000,,3000,100.0,ZNE,train,gold,MQ_MLM_GOLD_20140227_111249
"bucket0$558,:3,:6001",2014-02-27T11:22:12.279900,MQ,BAM,3000,,3000,100.0,ZNE,train,gold,MQ_BAM_GOLD_20140227_112242
"bucket0$559,:3,:6001",2014-02-27T11:22:12.279900,MQ,GBM,3000,,3000,100.0,ZNE,train,gold,MQ_GBM_GOLD_20140227_112242
"bucket0$560,:3,:6001",2014-02-27T11:22:07.870000,MQ,IA2,3000,3367.0,3000,100.0,ZNE,train,gold,MQ_IA2_GOLD_20140227_112237
"bucket9$66,:3,:6001",2014-02-27T11:22:13.099900,MQ,MLM,3000,,3000,100.0,ZNE,dev,gold,MQ_MLM_GOLD_20140227_112243
"bucket0$561,:3,:6001",2014-02-27T11:29:00.249900,MQ,BAM,3000,,3000,100.0,ZNE,train,gold,MQ_BAM_GOLD_20140227_112930
"bucket0$562,:3,:6001",2014-02-27T11:28:50.999900,MQ,CPM,3000,,3000,100.0,ZNE,train,gold,MQ_CPM_GOLD_20140227_112920
"bucket0$563,:3,:6001",2014-02-27T11:28:55.400000,MQ,IA2,3000,3082.0,3000,100.0,ZNE,train,gold,MQ_IA2_GOLD_20140227_112925
"bucket0$564,:3,:6001",2014-02-27T11:28:50.760000,MQ,SAM,3000,3161.0,3000,100.0,ZNE,train,gold,MQ_SAM_GOLD_20140227_112920
"bucket0$565,:3,:6001",2014-02-27T12:09:30.149900,MQ,BAM,3000,,3000,100.0,ZNE,train,gold,MQ_BAM_GOLD_20140227_121000
"bucket0$566,:3,:6001",2014-02-27T12:09:29.639900,MQ,GBM,3000,,3000,100.0,ZNE,train,gold,MQ_GBM_GOLD_20140227_120959
"bucket0$567,:3,:6001",2014-02-27T12:09:24.989900,MQ,MLM,3000,,3000,100.0,ZNE,train,gold,MQ_MLM_GOLD_20140227_120954
"bucket6$83,:3,:6001",2014-02-27T12:09:23.220000,MQ,SAM,3000,,3000,100.0,ZNE,test,gold,MQ_SAM_GOLD_20140227_120953
"bucket0$568,:3,:6001",2014-02-27T12:17:25.379900,MQ,BAM,3000,,3000,100.0,ZNE,train,gold,MQ_BAM_GOLD_20140227_121755
"bucket0$569,:3,:6001",2014-02-27T12:17:23.799900,MQ,GBM,3000,,3000,100.0,ZNE,train,gold,MQ_GBM_GOLD_20140227_121753
"bucket6$84,:3,:6001",2014-02-27T12:17:23.650000,MQ,IA2,3000,3290.0,3000,100.0,ZNE,test,gold,MQ_IA2_GOLD_20140227_121753
"bucket0$570,:3,:6001",2014-02-27T12:17:22.220000,MQ,SAM,3000,3180.0,3000,100.0,ZNE,train,gold,MQ_SAM_GOLD_20140227_121752
"bucket6$85,:3,:6001",2014-02-27T13:04:18.619900,MQ,GBM,3000,,3000,100.0,ZNE,test,gold,MQ_GBM_GOLD_20140227_130448
"bucket6$86,:3,:6001",2014-02-27T13:04:15.660000,MQ,IA2,3000,3139.0,3000,100.0,ZNE,test,gold,MQ_IA2_GOLD_20140227_130445
"bucket9$67,:3,:6001",2014-02-27T13:04:23.469900,MQ,MLM,3000,,3000,100.0,ZNE,dev,gold,MQ_MLM_GOLD_20140227_130453
"bucket0$571,:3,:6001",2014-02-27T13:04:17.340000,MQ,SAM,3000,3228.0,3000,100.0,ZNE,train,gold,MQ_SAM_GOLD_20140227_130447
"bucket9$68,:3,:6001",2014-02-27T13:05:05.049900,MQ,BAM,3000,,3000,100.0,ZNE,dev,gold,MQ_BAM_GOLD_20140227_130535
"bucket6$87,:3,:6001",2014-02-27T13:05:02.329900,MQ,CPM,3000,,3000,100.0,ZNE,test,gold,MQ_CPM_GOLD_20140227_130532
"bucket9$69,:3,:6001",2014-02-27T13:05:09.219900,MQ,GBM,3000,,3000,100.0,ZNE,dev,gold,MQ_GBM_GOLD_20140227_130539
"bucket0$572,:3,:6001",2014-02-27T13:05:01.200000,MQ,SAM,3000,3034.0,3000,100.0,ZNE,train,gold,MQ_SAM_GOLD_20140227_130531
"bucket9$70,:3,:6001",2014-02-27T13:39:46.909900,MQ,CPM,3000,,3000,100.0,ZNE,dev,gold,MQ_CPM_GOLD_20140227_134016
"bucket0$573,:3,:6001",2014-02-27T13:39:48.159900,MQ,GBM,3000,,3000,100.0,ZNE,train,gold,MQ_GBM_GOLD_20140227_134018
"bucket0$574,:3,:6001",2014-02-27T13:39:48.320000,MQ,IA2,3000,,3000,100.0,ZNE,train,gold,MQ_IA2_GOLD_20140227_134018
"bucket0$575,:3,:6001",2014-02-27T13:39:47.779900,MQ,MLM,3000,,3000,100.0,ZNE,train,gold,MQ_MLM_GOLD_20140227_134017
"bucket0$576,:3,:6001",2014-02-27T13:52:38.359900,MQ,BAM,3000,,3000,100.0,ZNE,train,gold,MQ_BAM_GOLD_20140227_135308
"bucket0$577,:3,:6001",2014-02-27T13:52:36.469900,MQ,CPM,3000,,3000,100.0,ZNE,train,gold,MQ_CPM_GOLD_20140227_135306
"bucket0$578,:3,:6001",2014-02-27T13:52:33.119900,MQ,GBM,3000,,3000,100.0,ZNE,train,gold,MQ_GBM_GOLD_20140227_135303
"bucket0$579,:3,:6001",2014-02-27T13:52:34.709900,MQ,MLM,3000,,3000,100.0,ZNE,train,gold,MQ_MLM_GOLD_20140227_135304
"bucket0$580,:3,:6001",2014-02-27T14:08:33.359900,MQ,BAM,3000,,3000,100.0,ZNE,train,gold,MQ_BAM_GOLD_20140227_140903
"bucket0$581,:3,:6001",2014-02-27T14:08:34.319900,MQ,CPM,3000,,3000,100.0,ZNE,train,gold,MQ_CPM_GOLD_20140227_140904
"bucket0$582,:3,:6001",2014-02-27T14:08:31.869900,MQ,GBM,3000,,3000,100.0,ZNE,train,gold,MQ_GBM_GOLD_20140227_140901
"bucket9$71,:3,:6001",2014-02-27T14:08:36.710000,MQ,SAM,3000,3108.0,3000,100.0,ZNE,dev,gold,MQ_SAM_GOLD_20140227_140906
"bucket0$583,:3,:6001",2014-02-27T14:11:41.989900,MQ,BAM,3000,,3000,100.0,ZNE,train,gold,MQ_BAM_GOLD_20140227_141211
"bucket0$584,:3,:6001",2014-02-27T14:11:47.389900,MQ,CPM,3000,,3000,100.0,ZNE,train,gold,MQ_CPM_GOLD_20140227_141217
"bucket0$585,:3,:6001",2014-02-27T14:11:42.729900,MQ,GBM,3000,,3000,100.0,ZNE,train,gold,MQ_GBM_GOLD_20140227_141212
"bucket0$586,:3,:6001",2014-02-27T14:11:47.469900,MQ,MLM,3000,,3000,100.0,ZNE,train,gold,MQ_MLM_GOLD_20140227_141217
"bucket0$587,:3,:6001",2014-02-27T14:50:21.709900,MQ,BAM,3000,,3000,100.0,ZNE,train,gold,MQ_BAM_GOLD_20140227_145051
"bucket0$588,:3,:6001",2014-02-27T14:50:16.509900,MQ,CPM,3000,,3000,100.0,ZNE,train,gold,MQ_CPM_GOLD_20140227_145046
"bucket0$589,:3,:6001",2014-02-27T14:50:21.039900,MQ,GBM,3000,,3000,100.0,ZNE,train,gold,MQ_GBM_GOLD_20140227_145051
"bucket0$590,:3,:6001",2014-02-27T14:50:23.860000,MQ,SAM,3000,3120.0,3000,100.0,ZNE,train,gold,MQ_SAM_GOLD_20140227_145053
"bucket0$591,:3,:6001",2014-02-27T15:06:36.719900,MQ,BAM,3000,,3000,100.0,ZNE,train,gold,MQ_BAM_GOLD_20140227_150706
"bucket9$72,:3,:6001",2014-02-27T15:06:35.279900,MQ,CPM,3000,,3000,100.0,ZNE,dev,gold,MQ_CPM_GOLD_20140227_150705
"bucket0$592,:3,:6001",2014-02-27T15:06:34.259900,MQ,GBM,3000,,3000,100.0,ZNE,train,gold,MQ_GBM_GOLD_20140227_150704
"bucket6$88,:3,:6001",2014-02-27T15:06:30.939900,MQ,MLM,3000,,3000,100.0,ZNE,test,gold,MQ_MLM_GOLD_20140227_150700
"bucket9$73,:3,:6001",2014-02-27T15:09:44.269900,MQ,BAM,3000,,3000,100.0,ZNE,dev,gold,MQ_BAM_GOLD_20140227_151014
"bucket0$593,:3,:6001",2014-02-27T15:09:46.629900,MQ,CPM,3000,,3000,100.0,ZNE,train,gold,MQ_CPM_GOLD_20140227_151016
"bucket0$594,:3,:6001",2014-02-27T15:09:44.359900,MQ,GBM,3000,,3000,100.0,ZNE,train,gold,MQ_GBM_GOLD_20140227_151014
"bucket0$595,:3,:6001",2014-02-27T15:09:40.640000,MQ,SAM,3000,3147.0,3000,100.0,ZNE,train,gold,MQ_SAM_GOLD_20140227_151010
"bucket6$89,:3,:6001",2014-02-27T15:15:27.909900,MQ,CPM,3000,,3000,100.0,ZNE,test,gold,MQ_CPM_GOLD_20140227_151557
"bucket0$596,:3,:6001",2014-02-27T15:15:22.859900,MQ,GBM,3000,,3000,100.0,ZNE,train,gold,MQ_GBM_GOLD_20140227_151552
"bucket0$597,:3,:6001",2014-02-27T15:15:27.270000,MQ,IA2,3000,3121.0,3000,100.0,ZNE,train,gold,MQ_IA2_GOLD_20140227_151557
"bucket0$598,:3,:6001",2014-02-27T15:15:24.539900,MQ,MLM,3000,,3000,100.0,ZNE,train,gold,MQ_MLM_GOLD_20140227_151554
"bucket0$599,:3,:6001",2014-02-27T15:22:40.639900,MQ,BAM,3000,,3000,100.0,ZNE,train,gold,MQ_BAM_GOLD_20140227_152310
"bucket0$600,:3,:6001",2014-02-27T15:22:40.189900,MQ,CPM,3000,,3000,100.0,ZNE,train,gold,MQ_CPM_GOLD_20140227_152310
"bucket0$601,:3,:6001",2014-02-27T15:22:41.669900,MQ,MLM,3000,,3000,100.0,ZNE,train,gold,MQ_MLM_GOLD_20140227_152311
"bucket0$602,:3,:6001",2014-02-27T15:22:35.300000,MQ,SAM,3000,,3000,100.0,ZNE,train,gold,MQ_SAM_GOLD_20140227_152305
"bucket0$603,:3,:6001",2014-02-27T15:27:24.219900,MQ,BAM,3000,,3000,100.0,ZNE,train,gold,MQ_BAM_GOLD_20140227_152754
"bucket0$604,:3,:6001",2014-02-27T15:27:24.619900,MQ,CPM,3000,,3000,100.0,ZNE,train,gold,MQ_CPM_GOLD_20140227_152754
"bucket0$605,:3,:6001",2014-02-27T15:27:24.620000,MQ,IA2,3000,,3000,100.0,ZNE,train,gold,MQ_IA2_GOLD_20140227_152754
"bucket0$606,:3,:6001",2014-02-27T15:27:20.609900,MQ,MLM,3000,,3000,100.0,ZNE,train,gold,MQ_MLM_GOLD_20140227_152750
"bucket0$607,:3,:6001",2014-02-27T15:55:18.769900,MQ,BAM,3000,,3000,100.0,ZNE,train,gold,MQ_BAM_GOLD_20140227_155548
"bucket0$608,:3,:6001",2014-02-27T15:55:24.499900,MQ,CPM,3000,,3000,100.0,ZNE,train,gold,MQ_CPM_GOLD_20140227_155554
"bucket0$609,:3,:6001",2014-02-27T15:55:23.199900,MQ,GBM,3000,,3000,100.0,ZNE,train,gold,MQ_GBM_GOLD_20140227_155553
"bucket0$610,:3,:6001",2014-02-27T15:55:26.019900,MQ,MLM,3000,,3000,100.0,ZNE,train,gold,MQ_MLM_GOLD_20140227_155556
"bucket0$611,:3,:6001",2014-02-27T16:32:57.239900,MQ,BAM,3000,,3000,100.0,ZNE,train,gold,MQ_BAM_GOLD_20140227_163327
"bucket0$612,:3,:6001",2014-02-27T16:33:02.289900,MQ,GBM,3000,,3000,100.0,ZNE,train,gold,MQ_GBM_GOLD_20140227_163332
"bucket0$613,:3,:6001",2014-02-27T16:32:53.489900,MQ,MLM,3000,,3000,100.0,ZNE,train,gold,MQ_MLM_GOLD_20140227_163323
"bucket0$614,:3,:6001",2014-02-27T16:33:03.240000,MQ,SAM,3000,,3000,100.0,ZNE,train,gold,MQ_SAM_GOLD_20140227_163333
"bucket0$615,:3,:6001",2014-02-27T16:41:12.549900,MQ,BAM,3000,,3000,100.0,ZNE,train,gold,MQ_BAM_GOLD_20140227_164142
"bucket0$616,:3,:6001",2014-02-27T16:41:19.669900,MQ,GBM,3000,,3000,100.0,ZNE,train,gold,MQ_GBM_GOLD_20140227_164149
"bucket0$617,:3,:6001",2014-02-27T16:41:17.579900,MQ,MLM,3000,,3000,100.0,ZNE,train,gold,MQ_MLM_GOLD_20140227_164147
"bucket0$618,:3,:6001",2014-02-27T16:41:15.100000,MQ,SAM,3000,3165.0,3000,100.0,ZNE,train,gold,MQ_SAM_GOLD_20140227_164145
"bucket0$619,:3,:6001",2014-02-27T17:09:22.059900,MQ,BAM,3000,,3000,100.0,ZNE,train,gold,MQ_BAM_GOLD_20140227_170952
"bucket0$620,:3,:6001",2014-02-27T17:09:22.659900,MQ,CPM,3000,,3000,100.0,ZNE,train,gold,MQ_CPM_GOLD_20140227_170952
"bucket0$621,:3,:6001",2014-02-27T17:09:26.549900,MQ,GBM,3000,,3000,100.0,ZNE,train,gold,MQ_GBM_GOLD_20140227_170956
"bucket0$622,:3,:6001",2014-02-27T17:09:25.499900,MQ,MLM,3000,,3000,100.0,ZNE,train,gold,MQ_MLM_GOLD_20140227_170955
"bucket6$90,:3,:6001",2014-02-27T19:37:15.999900,MQ,BAM,3000,,3000,100.0,ZNE,test,gold,MQ_BAM_GOLD_20140227_193745
"bucket0$623,:3,:6001",2014-02-27T19:37:14.539900,MQ,GBM,3000,,3000,100.0,ZNE,train,gold,MQ_GBM_GOLD_20140227_193744
"bucket0$624,:3,:6001",2014-02-27T19:37:12.889900,MQ,MLM,3000,,3000,100.0,ZNE,train,gold,MQ_MLM_GOLD_20140227_193742
"bucket0$625,:3,:6001",2014-02-27T19:37:08.010000,MQ,SAM,3000,,3000,100.0,ZNE,train,gold,MQ_SAM_GOLD_20140227_193738
"bucket0$626,:3,:6001",2014-02-28T08:31:00.539900,MQ,BAM,3000,,3000,100.0,ZNE,train,gold,MQ_BAM_GOLD_20140228_083130
"bucket0$627,:3,:6001",2014-02-28T08:31:00.889900,MQ,CPM,3000,,3000,100.0,ZNE,train,gold,MQ_CPM_GOLD_20140228_083130
"bucket0$628,:3,:6001",2014-02-28T08:30:58.849900,MQ,GBM,3000,,3000,100.0,ZNE,train,gold,MQ_GBM_GOLD_20140228_083128
"bucket9$74,:3,:6001",2014-02-28T08:30:57.989900,MQ,MLM,3000,,3000,100.0,ZNE,dev,gold,MQ_MLM_GOLD_20140228_083127
"bucket0$629,:3,:6001",2014-02-28T08:43:46.479900,MQ,BAM,3000,,3000,100.0,ZNE,train,gold,MQ_BAM_GOLD_20140228_084416
"bucket0$630,:3,:6001",2014-02-28T08:43:46.079900,MQ,GBM,3000,,3000,100.0,ZNE,train,gold,MQ_GBM_GOLD_20140228_084416
"bucket0$631,:3,:6001",2014-02-28T08:43:43.660000,MQ,IA2,3000,3187.0,3000,100.0,ZNE,train,gold,MQ_IA2_GOLD_20140228_084413
"bucket9$75,:3,:6001",2014-02-28T08:43:46.689900,MQ,MLM,3000,,3000,100.0,ZNE,dev,gold,MQ_MLM_GOLD_20140228_084416
"bucket9$76,:3,:6001",2014-02-28T08:50:42.689900,MQ,BAM,3000,,3000,100.0,ZNE,dev,gold,MQ_BAM_GOLD_20140228_085112
"bucket0$632,:3,:6001",2014-02-28T08:50:46.399900,MQ,GBM,3000,,3000,100.0,ZNE,train,gold,MQ_GBM_GOLD_20140228_085116
"bucket0$633,:3,:6001",2014-02-28T08:50:44.199900,MQ,MLM,3000,,3000,100.0,ZNE,train,gold,MQ_MLM_GOLD_20140228_085114
"bucket0$634,:3,:6001",2014-02-28T08:50:45.450000,MQ,SAM,3000,3219.0,3000,100.0,ZNE,train,gold,MQ_SAM_GOLD_20140228_085115
"bucket6$91,:3,:6001",2014-02-28T08:54:39.689900,MQ,BAM,3000,,3000,100.0,ZNE,test,gold,MQ_BAM_GOLD_20140228_085509
"bucket6$92,:3,:6001",2014-02-28T08:54:39.599900,MQ,CPM,3000,,3000,100.0,ZNE,test,gold,MQ_CPM_GOLD_20140228_085509
"bucket0$635,:3,:6001",2014-02-28T08:54:43.599900,MQ,GBM,3000,,3000,100.0,ZNE,train,gold,MQ_GBM_GOLD_20140228_085513
"bucket9$77,:3,:6001",2014-02-28T08:54:45.729900,MQ,MLM,3000,,3000,100.0,ZNE,dev,gold,MQ_MLM_GOLD_20140228_085515
"bucket0$636,:3,:6001",2014-02-28T09:08:02.809900,MQ,BAM,3000,,3000,100.0,ZNE,train,gold,MQ_BAM_GOLD_20140228_090832
"bucket0$637,:3,:6001",2014-02-28T09:08:02.449900,MQ,CPM,3000,,3000,100.0,ZNE,train,gold,MQ_CPM_GOLD_20140228_090832
"bucket0$638,:3,:6001",2014-02-28T09:07:59.680000,MQ,IA2,3000,3183.0,3000,100.0,ZNE,train,gold,MQ_IA2_GOLD_20140228_090829
"bucket0$639,:3,:6001",2014-02-28T09:08:02.749900,MQ,MLM,3000,,3000,100.0,ZNE,train,gold,MQ_MLM_GOLD_20140228_090832
"bucket6$93,:3,:6001",2014-02-28T09:13:05.589900,MQ,BAM,3000,,3000,100.0,ZNE,test,gold,MQ_BAM_GOLD_20140228_091335
"bucket0$640,:3,:6001",2014-02-28T09:13:12.399900,MQ,CPM,3000,,3000,100.0,ZNE,train,gold,MQ_CPM_GOLD_20140228_091342
"bucket0$641,:3,:6001",2014-02-28T09:13:10.419900,MQ,GBM,3000,,3000,100.0,ZNE,train,gold,MQ_GBM_GOLD_20140228_091340
"bucket0$642,:3,:6001",2014-02-28T09:13:07.119900,MQ,MLM,3000,,3000,100.0,ZNE,train,gold,MQ_MLM_GOLD_20140228_091337
"bucket0$643,:3,:6001",2014-02-28T09:37:03.449900,MQ,BAM,3000,,3000,100.0,ZNE,train,gold,MQ_BAM_GOLD_20140228_093733
"bucket6$94,:3,:6001",2014-02-28T09:36:58.489900,MQ,CPM,3000,,3000,100.0,ZNE,test,gold,MQ_CPM_GOLD_20140228_093728
"bucket6$95,:3,:6001",2014-02-28T09:37:03.529900,MQ,GBM,3000,,3000,100.0,ZNE,test,gold,MQ_GBM_GOLD_20140228_093733
"bucket6$96,:3,:6001",2014-02-28T09:37:05.609900,MQ,MLM,3000,,3000,100.0,ZNE,test,gold,MQ_MLM_GOLD_20140228_093735
"bucket0$644,:3,:6001",2014-02-28T10:52:11.079900,MQ,BAM,3000,,3000,100.0,ZNE,train,gold,MQ_BAM_GOLD_20140228_105241
"bucket6$97,:3,:6001",2014-02-28T10:52:11.899900,MQ,GBM,3000,,3000,100.0,ZNE,test,gold,MQ_GBM_GOLD_20140228_105241
"bucket6$98,:3,:6001",2014-02-28T10:52:09.970000,MQ,LAM,3000,,3000,100.0,ZNE,test,gold,MQ_LAM_GOLD_20140228_105239
"bucket0$645,:3,:6001",2014-02-28T10:52:16.130000,MQ,SAM,3000,3190.0,3000,100.0,ZNE,train,gold,MQ_SAM_GOLD_20140228_105246
"bucket0$646,:3,:6001",2014-02-28T12:15:57.759900,MQ,CPM,3000,,3000,100.0,ZNE,train,gold,MQ_CPM_GOLD_20140228_121627
"bucket0$647,:3,:6001",2014-02-28T12:15:57.519900,MQ,GBM,3000,,3000,100.0,ZNE,train,gold,MQ_GBM_GOLD_20140228_121627
"bucket0$648,:3,:6001",2014-02-28T12:16:01.209900,MQ,MLM,3000,,3000,100.0,ZNE,train,gold,MQ_MLM_GOLD_20140228_121631
"bucket0$649,:3,:6001",2014-02-28T12:15:54.520000,MQ,SAM,3000,3158.0,3000,100.0,ZNE,train,gold,MQ_SAM_GOLD_20140228_121624
"bucket0$650,:3,:6001",2014-02-28T12:16:35.319900,MQ,BAM,3000,,3000,100.0,ZNE,train,gold,MQ_BAM_GOLD_20140228_121705
"bucket0$651,:3,:6001",2014-02-28T12:16:34.389900,MQ,CPM,3000,,3000,100.0,ZNE,train,gold,MQ_CPM_GOLD_20140228_121704
"bucket0$652,:3,:6001",2014-02-28T12:16:34.869900,MQ,GBM,3000,,3000,100.0,ZNE,train,gold,MQ_GBM_GOLD_20140228_121704
"bucket0$653,:3,:6001",2014-02-28T12:16:33.339900,MQ,MLM,3000,,3000,100.0,ZNE,train,gold,MQ_MLM_GOLD_20140228_121703
"bucket0$654,:3,:6001",2014-02-28T12:16:32.270000,MQ,SAM,3000,,3000,100.0,ZNE,train,gold,MQ_SAM_GOLD_20140228_121702
"bucket6$99,:3,:6001",2014-02-28T12:39:37.569900,MQ,BAM,3000,,3000,100.0,ZNE,test,gold,MQ_BAM_GOLD_20140228_124007
"bucket0$655,:3,:6001",2014-02-28T12:39:36.189900,MQ,GBM,3000,,3000,100.0,ZNE,train,gold,MQ_GBM_GOLD_20140228_124006
"bucket0$656,:3,:6001",2014-02-28T12:39:35.750000,MQ,IA2,3000,3156.0,3000,100.0,ZNE,train,gold,MQ_IA2_GOLD_20140228_124005
"bucket0$657,:3,:6001",2014-02-28T12:39:32.809900,MQ,MLM,3000,,3000,100.0,ZNE,train,gold,MQ_MLM_GOLD_20140228_124002
"bucket6$100,:3,:6001",2014-02-28T12:52:00.869900,MQ,BAM,3000,,3000,100.0,ZNE,test,gold,MQ_BAM_GOLD_20140228_125230
"bucket0$658,:3,:6001",2014-02-28T12:52:00.869900,MQ,CPM,3000,,3000,100.0,ZNE,train,gold,MQ_CPM_GOLD_20140228_125230
"bucket6$101,:3,:6001",2014-02-28T12:52:00.869900,MQ,GBM,3000,,3000,100.0,ZNE,test,gold,MQ_GBM_GOLD_20140228_125230
"bucket0$659,:3,:6001",2014-02-28T12:52:01.340000,MQ,IA2,3000,,3000,100.0,ZNE,train,gold,MQ_IA2_GOLD_20140228_125231
"bucket0$660,:3,:6001",2014-02-28T12:54:13.019900,MQ,BAM,3000,,3000,100.0,ZNE,train,gold,MQ_BAM_GOLD_20140228_125443
"bucket0$661,:3,:6001",2014-02-28T12:54:11.919900,MQ,CPM,3000,,3000,100.0,ZNE,train,gold,MQ_CPM_GOLD_20140228_125441
"bucket0$662,:3,:6001",2014-02-28T12:54:16.319900,MQ,GBM,3000,,3000,100.0,ZNE,train,gold,MQ_GBM_GOLD_20140228_125446
"bucket0$663,:3,:6001",2014-02-28T12:54:13.969900,MQ,MLM,3000,,3000,100.0,ZNE,train,gold,MQ_MLM_GOLD_20140228_125443
"bucket0$664,:3,:6001",2014-02-28T13:22:03.329900,MQ,BAM,3000,,3000,100.0,ZNE,train,gold,MQ_BAM_GOLD_20140228_132233
"bucket0$665,:3,:6001",2014-02-28T13:22:10.699900,MQ,GBM,3000,,3000,100.0,ZNE,train,gold,MQ_GBM_GOLD_20140228_132240
"bucket0$666,:3,:6001",2014-02-28T13:22:08.049900,MQ,MLM,3000,,3000,100.0,ZNE,train,gold,MQ_MLM_GOLD_20140228_132238
"bucket0$667,:3,:6001",2014-02-28T13:22:04.570000,MQ,SAM,3000,3388.0,3000,100.0,ZNE,train,gold,MQ_SAM_GOLD_20140228_132234
"bucket9$78,:3,:6001",2014-02-28T14:13:38.589900,MQ,BAM,3000,,3000,100.0,ZNE,dev,gold,MQ_BAM_GOLD_20140228_141408
"bucket0$668,:3,:6001",2014-02-28T14:13:40.579900,MQ,GBM,3000,,3000,100.0,ZNE,train,gold,MQ_GBM_GOLD_20140228_141410
"bucket6$102,:3,:6001",2014-02-28T14:13:44,MQ,LAM,3000,,3000,100.0,ZNE,test,gold,MQ_LAM_GOLD_20140228_141414
"bucket0$669,:3,:6001",2014-02-28T14:13:36.309900,MQ,MLM,3000,,3000,100.0,ZNE,train,gold,MQ_MLM_GOLD_20140228_141406
"bucket0$670,:3,:6001",2014-02-28T14:21:09.459900,MQ,BAM,3000,,3000,100.0,ZNE,train,gold,MQ_BAM_GOLD_20140228_142139
"bucket9$79,:3,:6001",2014-02-28T14:21:07.689900,MQ,CPM,3000,,3000,100.0,ZNE,dev,gold,MQ_CPM_GOLD_20140228_142137
"bucket0$671,:3,:6001",2014-02-28T14:21:02.799900,MQ,GBM,3000,,3000,100.0,ZNE,train,gold,MQ_GBM_GOLD_20140228_142132
"bucket0$672,:3,:6001",2014-02-28T14:21:06.069900,MQ,MLM,3000,,3000,100.0,ZNE,train,gold,MQ_MLM_GOLD_20140228_142136
"bucket6$103,:3,:6001",2014-02-28T14:21:24.789900,MQ,BAM,3000,,3000,100.0,ZNE,test,gold,MQ_BAM_GOLD_20140228_142154
"bucket0$673,:3,:6001",2014-02-28T14:21:27.019900,MQ,CPM,3000,,3000,100.0,ZNE,train,gold,MQ_CPM_GOLD_20140228_142157
"bucket6$104,:3,:6001",2014-02-28T14:21:31.899900,MQ,GBM,3000,,3000,100.0,ZNE,test,gold,MQ_GBM_GOLD_20140228_142201
"bucket9$80,:3,:6001",2014-02-28T14:21:33.529900,MQ,MLM,3000,,3000,100.0,ZNE,dev,gold,MQ_MLM_GOLD_20140228_142203
"bucket0$674,:3,:6001",2014-02-28T14:27:27.809900,MQ,BAM,3000,,3000,100.0,ZNE,train,gold,MQ_BAM_GOLD_20140228_142757
"bucket0$675,:3,:6001",2014-02-28T14:27:27.209900,MQ,GBM,3000,,3000,100.0,ZNE,train,gold,MQ_GBM_GOLD_20140228_142757
"bucket0$676,:3,:6001",2014-02-28T14:27:28.470000,MQ,IA2,3000,3238.0,3000,100.0,ZNE,train,gold,MQ_IA2_GOLD_20140228_142758
"bucket0$677,:3,:6001",2014-02-28T14:27:29.479900,MQ,MLM,3000,,3000,100.0,ZNE,train,gold,MQ_MLM_GOLD_20140228_142759
"bucket9$81,:3,:6001",2014-02-28T14:28:26.029900,MQ,BAM,3000,,3000,100.0,ZNE,dev,gold,MQ_BAM_GOLD_20140228_142856
"bucket0$678,:3,:6001",2014-02-28T14:28:24.379900,MQ,CPM,3000,,3000,100.0,ZNE,train,gold,MQ_CPM_GOLD_20140228_142854
"bucket0$679,:3,:6001",2014-02-28T14:28:22.579900,MQ,GBM,3000,,3000,100.0,ZNE,train,gold,MQ_GBM_GOLD_20140228_142852
"bucket0$680,:3,:6001",2014-02-28T14:28:26.299900,MQ,MLM,3000,,3000,100.0,ZNE,train,gold,MQ_MLM_GOLD_20140228_142856
"bucket0$681,:3,:6001",2014-02-28T15:39:51.909900,MQ,CPM,3000,,3000,100.0,ZNE,train,gold,MQ_CPM_GOLD_20140228_154021
"bucket0$682,:3,:6001",2014-02-28T15:39:52.929900,MQ,GBM,3000,,3000,100.0,ZNE,train,gold,MQ_GBM_GOLD_20140228_154022
"bucket0$683,:3,:6001",2014-02-28T15:39:54.600000,MQ,IA2,3000,3164.0,3000,100.0,ZNE,train,gold,MQ_IA2_GOLD_20140228_154024
"bucket0$684,:3,:6001",2014-02-28T15:39:52.579900,MQ,MLM,3000,,3000,100.0,ZNE,train,gold,MQ_MLM_GOLD_20140228_154022
"bucket0$685,:3,:6001",2014-02-28T16:31:43.799900,MQ,BAM,3000,,3000,100.0,ZNE,train,gold,MQ_BAM_GOLD_20140228_163213
"bucket0$686,:3,:6001",2014-02-28T16:31:50.329900,MQ,CPM,3000,,3000,100.0,ZNE,train,gold,MQ_CPM_GOLD_20140228_163220
"bucket0$687,:3,:6001",2014-02-28T16:31:47.829900,MQ,GBM,3000,,3000,100.0,ZNE,train,gold,MQ_GBM_GOLD_20140228_163217
"bucket0$688,:3,:6001",2014-02-28T16:31:47.590000,MQ,SAM,3000,3457.0,3000,100.0,ZNE,train,gold,MQ_SAM_GOLD_20140228_163217
"bucket0$689,:3,:6001",2014-02-28T23:57:55.059900,MQ,BAM,3000,,3000,100.0,ZNE,train,gold,MQ_BAM_GOLD_20140228_235825
"bucket0$690,:3,:6001",2014-02-28T23:57:55.379900,MQ,GBM,3000,,3000,100.0,ZNE,train,gold,MQ_GBM_GOLD_20140228_235825
"bucket6$105,:3,:6001",2014-02-28T23:57:55.110000,MQ,IA2,3000,,3000,100.0,ZNE,test,gold,MQ_IA2_GOLD_20140228_235825
"bucket0$691,:3,:6001",2014-02-28T23:57:54.990000,MQ,LAM,3000,,3000,100.0,ZNE,train,gold,MQ_LAM_GOLD_20140228_235824
"bucket0$692,:3,:6001",2014-02-28T23:57:55.869900,MQ,MLM,3000,,3000,100.0,ZNE,train,gold,MQ_MLM_GOLD_20140228_235825
"bucket0$693,:3,:6001",2014-03-02T01:39:05.179900,MQ,CPM,3000,,3000,100.0,ZNE,train,gold,MQ_CPM_GOLD_20140302_013935
"bucket0$694,:3,:6001",2014-03-02T01:39:05.399900,MQ,GBM,3000,,3000,100.0,ZNE,train,gold,MQ_GBM_GOLD_20140302_013935
"bucket0$695,:3,:6001",2014-03-02T01:39:05.520000,MQ,IA2,3000,3224.0,3000,100.0,ZNE,train,gold,MQ_IA2_GOLD_20140302_013935
"bucket0$696,:3,:6001",2014-03-02T01:39:06.510000,MQ,SAM,3000,,3000,100.0,ZNE,train,gold,MQ_SAM_GOLD_20140302_013936
"bucket0$697,:3,:6001",2014-03-02T02:27:09.999900,MQ,BAM,3000,,3000,100.0,ZNE,train,gold,MQ_BAM_GOLD_20140302_022739
"bucket0$698,:3,:6001",2014-03-02T02:27:11.479900,MQ,CPM,3000,,3000,100.0,ZNE,train,gold,MQ_CPM_GOLD_20140302_022741
"bucket0$699,:3,:6001",2014-03-02T02:27:11.069900,MQ,GBM,3000,,3000,100.0,ZNE,train,gold,MQ_GBM_GOLD_20140302_022741
"bucket0$700,:3,:6001",2014-03-02T02:27:10.950000,MQ,IA2,3000,3061.0,3000,100.0,ZNE,train,gold,MQ_IA2_GOLD_20140302_022740
"bucket0$701,:3,:6001",2014-03-02T02:27:10.740000,MQ,LAM,3000,,3000,100.0,ZNE,train,gold,MQ_LAM_GOLD_20140302_022740
"bucket0$702,:3,:6001",2014-03-02T08:18:50.339900,MQ,BAM,3000,,3000,100.0,ZNE,train,gold,MQ_BAM_GOLD_20140302_081920
"bucket0$703,:3,:6001",2014-03-02T08:18:49.119900,MQ,CPM,3000,,3000,100.0,ZNE,train,gold,MQ_CPM_GOLD_20140302_081919
"bucket0$704,:3,:6001",2014-03-02T08:18:52.289900,MQ,GBM,3000,,3000,100.0,ZNE,train,gold,MQ_GBM_GOLD_20140302_081922
"bucket0$705,:3,:6001",2014-03-02T08:18:49.140000,MQ,IA2,3000,3063.0,3000,100.0,ZNE,train,gold,MQ_IA2_GOLD_20140302_081919
"bucket9$82,:3,:6001",2014-03-02T08:18:48.660000,MQ,LAM,3000,3072.0,3000,100.0,ZNE,dev,gold,MQ_LAM_GOLD_20140302_081918
"bucket0$706,:3,:6001",2014-03-02T09:42:56.249900,MQ,BAM,3000,,3000,100.0,ZNE,train,gold,MQ_BAM_GOLD_20140302_094326
"bucket0$707,:3,:6001",2014-03-02T09:42:54.709900,MQ,CPM,3000,,3000,100.0,ZNE,train,gold,MQ_CPM_GOLD_20140302_094324
"bucket9$83,:3,:6001",2014-03-02T09:43:00.959900,MQ,GBM,3000,,3000,100.0,ZNE,dev,gold,MQ_GBM_GOLD_20140302_094330
"bucket0$708,:3,:6001",2014-03-02T09:43:02.120000,MQ,IA2,3000,,3000,100.0,ZNE,train,gold,MQ_IA2_GOLD_20140302_094332
"bucket6$106,:3,:6001",2014-03-02T09:42:56.169900,MQ,MLM,3000,,3000,100.0,ZNE,test,gold,MQ_MLM_GOLD_20140302_094326
"bucket0$709,:3,:6001",2014-03-02T09:42:56.070000,MQ,SAM,3000,3116.0,3000,100.0,ZNE,train,gold,MQ_SAM_GOLD_20140302_094326
"bucket0$710,:3,:6001",2014-03-02T18:28:05.249900,MQ,BAM,3000,,3000,100.0,ZNE,train,gold,MQ_BAM_GOLD_20140302_182835
"bucket0$711,:3,:6001",2014-03-02T18:28:04.479900,MQ,CPM,3000,,3000,100.0,ZNE,train,gold,MQ_CPM_GOLD_20140302_182834
"bucket0$712,:3,:6001",2014-03-02T18:28:04.309900,MQ,GBM,3000,,3000,100.0,ZNE,train,gold,MQ_GBM_GOLD_20140302_182834
"bucket0$713,:3,:6001",2014-03-02T18:28:04.110000,MQ,IA2,3000,,3000,100.0,ZNE,train,gold,MQ_IA2_GOLD_20140302_182834
"bucket6$107,:3,:6001",2014-03-02T18:28:05.060000,MQ,LAM,3000,,3000,100.0,ZNE,test,gold,MQ_LAM_GOLD_20140302_182835
"bucket0$714,:3,:6001",2014-03-02T19:03:37.349900,MQ,BAM,3000,,3000,100.0,ZNE,train,gold,MQ_BAM_GOLD_20140302_190407
"bucket0$715,:3,:6001",2014-03-02T19:03:43.579900,MQ,GBM,3000,,3000,100.0,ZNE,train,gold,MQ_GBM_GOLD_20140302_190413
"bucket9$84,:3,:6001",2014-03-02T19:03:39.590000,MQ,SAM,3000,3121.0,3000,100.0,ZNE,dev,gold,MQ_SAM_GOLD_20140302_190409
"bucket6$108,:3,:6001",2014-03-02T19:23:27.819900,MQ,BAM,3000,,3000,100.0,ZNE,test,gold,MQ_BAM_GOLD_20140302_192357
"bucket0$716,:3,:6001",2014-03-02T19:23:30.419900,MQ,CPM,3000,,3000,100.0,ZNE,train,gold,MQ_CPM_GOLD_20140302_192400
"bucket0$717,:3,:6001",2014-03-02T19:23:27.729900,MQ,GBM,3000,,3000,100.0,ZNE,train,gold,MQ_GBM_GOLD_20140302_192357
"bucket0$718,:3,:6001",2014-03-02T19:23:32.860000,MQ,SAM,3000,,3000,100.0,ZNE,train,gold,MQ_SAM_GOLD_20140302_192402
"bucket0$719,:3,:6001",2014-03-02T19:53:30.569900,MQ,BAM,3000,,3000,100.0,ZNE,train,gold,MQ_BAM_GOLD_20140302_195400
"bucket0$720,:3,:6001",2014-03-02T19:53:35.899900,MQ,CPM,3000,,3000,100.0,ZNE,train,gold,MQ_CPM_GOLD_20140302_195405
"bucket0$721,:3,:6001",2014-03-02T19:53:34.820000,MQ,LAM,3000,3274.0,3000,100.0,ZNE,train,gold,MQ_LAM_GOLD_20140302_195404
"bucket0$722,:3,:6001",2014-03-02T19:53:28.200000,MQ,SAM,3000,3154.0,3000,100.0,ZNE,train,gold,MQ_SAM_GOLD_20140302_195358
"bucket6$109,:3,:6001",2014-03-02T19:57:58.629900,MQ,BAM,3000,,3000,100.0,ZNE,test,gold,MQ_BAM_GOLD_20140302_195828
"bucket0$723,:3,:6001",2014-03-02T19:57:59.479900,MQ,CPM,3000,,3000,100.0,ZNE,train,gold,MQ_CPM_GOLD_20140302_195829
"bucket0$724,:3,:6001",2014-03-02T19:57:59.769900,MQ,GBM,3000,,3000,100.0,ZNE,train,gold,MQ_GBM_GOLD_20140302_195829
"bucket0$725,:3,:6001",2014-03-02T19:57:54.010000,MQ,SAM,3000,,3000,100.0,ZNE,train,gold,MQ_SAM_GOLD_20140302_195824
"bucket9$85,:3,:6001",2014-03-03T00:04:35.649900,MQ,BAM,3000,,3000,100.0,ZNE,dev,gold,MQ_BAM_GOLD_20140303_000505
"bucket0$726,:3,:6001",2014-03-03T00:04:34.589900,MQ,CPM,3000,,3000,100.0,ZNE,train,gold,MQ_CPM_GOLD_20140303_000504
"bucket6$110,:3,:6001",2014-03-03T00:04:35.479900,MQ,GBM,3000,,3000,100.0,ZNE,test,gold,MQ_GBM_GOLD_20140303_000505
"bucket0$727,:3,:6001",2014-03-03T00:04:34.370000,MQ,IA2,3000,3294.0,3000,100.0,ZNE,train,gold,MQ_IA2_GOLD_20140303_000504
"bucket0$728,:3,:6001",2014-03-03T08:28:48.719900,MQ,CPM,3000,,3000,100.0,ZNE,train,gold,MQ_CPM_GOLD_20140303_082918
"bucket0$729,:3,:6001",2014-03-03T10:01:02.129900,MQ,BAM,3000,,3000,100.0,ZNE,train,gold,MQ_BAM_GOLD_20140303_100132
"bucket0$730,:3,:6001",2014-03-03T10:01:03.059900,MQ,GBM,3000,,3000,100.0,ZNE,train,gold,MQ_GBM_GOLD_20140303_100133
"bucket0$731,:3,:6001",2014-03-03T10:01:06.019900,MQ,MLM,3000,,3000,100.0,ZNE,train,gold,MQ_MLM_GOLD_20140303_100136
"bucket0$732,:3,:6001",2014-03-03T10:01:02.050000,MQ,SAM,3000,3134.0,3000,100.0,ZNE,train,gold,MQ_SAM_GOLD_20140303_100132
"bucket0$733,:3,:6001",2014-03-03T10:29:09.199900,MQ,BAM,3000,,3000,100.0,ZNE,train,gold,MQ_BAM_GOLD_20140303_102939
"bucket0$734,:3,:6001",2014-03-03T10:29:07.959900,MQ,CPM,3000,,3000,100.0,ZNE,train,gold,MQ_CPM_GOLD_20140303_102937
"bucket0$735,:3,:6001",2014-03-03T10:29:07.320000,MQ,LAM,3000,,3000,100.0,ZNE,train,gold,MQ_LAM_GOLD_20140303_102937
"bucket0$736,:3,:6001",2014-03-03T10:29:10.159900,MQ,MLM,3000,,3000,100.0,ZNE,train,gold,MQ_MLM_GOLD_20140303_102940
"bucket0$737,:3,:6001",2014-03-03T10:46:32.769900,MQ,BAM,3000,,3000,100.0,ZNE,train,gold,MQ_BAM_GOLD_20140303_104702
"bucket0$738,:3,:6001",2014-03-03T10:46:38.709900,MQ,CPM,3000,,3000,100.0,ZNE,train,gold,MQ_CPM_GOLD_20140303_104708
"bucket0$739,:3,:6001",2014-03-03T10:46:36.089900,MQ,GBM,3000,,3000,100.0,ZNE,train,gold,MQ_GBM_GOLD_20140303_104706
"bucket0$740,:3,:6001",2014-03-03T10:46:33.589900,MQ,MLM,3000,,3000,100.0,ZNE,train,gold,MQ_MLM_GOLD_20140303_104703
"bucket0$741,:3,:6001",2014-03-03T11:17:32.549900,MQ,BAM,3000,,3000,100.0,ZNE,train,gold,MQ_BAM_GOLD_20140303_111802
"bucket0$742,:3,:6001",2014-03-03T11:17:27.589900,MQ,GBM,3000,,3000,100.0,ZNE,train,gold,MQ_GBM_GOLD_20140303_111757
"bucket0$743,:3,:6001",2014-03-03T11:17:27.510000,MQ,LAM,3000,,3000,100.0,ZNE,train,gold,MQ_LAM_GOLD_20140303_111757
"bucket0$744,:3,:6001",2014-03-03T11:17:28.349900,MQ,MLM,3000,,3000,100.0,ZNE,train,gold,MQ_MLM_GOLD_20140303_111758
"bucket0$745,:3,:6001",2014-03-03T11:17:34.990000,MQ,SAM,3000,3194.0,3000,100.0,ZNE,train,gold,MQ_SAM_GOLD_20140303_111804
"bucket0$746,:3,:6001",2014-03-03T11:20:48.529900,MQ,CPM,3000,,3000,100.0,ZNE,train,gold,MQ_CPM_GOLD_20140303_112118
"bucket0$747,:3,:6001",2014-03-03T11:20:52.279900,MQ,GBM,3000,,3000,100.0,ZNE,train,gold,MQ_GBM_GOLD_20140303_112122
"bucket0$748,:3,:6001",2014-03-03T11:20:52.429900,MQ,MLM,3000,,3000,100.0,ZNE,train,gold,MQ_MLM_GOLD_20140303_112122
"bucket0$749,:3,:6001",2014-03-03T11:20:52.010000,MQ,SAM,3000,3231.0,3000,100.0,ZNE,train,gold,MQ_SAM_GOLD_20140303_112122
"bucket0$750,:3,:6001",2014-03-03T11:35:23.259900,MQ,BAM,3000,,3000,100.0,ZNE,train,gold,MQ_BAM_GOLD_20140303_113553
"bucket0$751,:3,:6001",2014-03-03T11:35:24.189900,MQ,GBM,3000,,3000,100.0,ZNE,train,gold,MQ_GBM_GOLD_20140303_113554
"bucket0$752,:3,:6001",2014-03-03T11:35:24.270000,MQ,IA2,3000,,3000,100.0,ZNE,train,gold,MQ_IA2_GOLD_20140303_113554
"bucket0$753,:3,:6001",2014-03-03T11:35:24.060000,MQ,SAM,3000,,3000,100.0,ZNE,train,gold,MQ_SAM_GOLD_20140303_113554
"bucket0$754,:3,:6001",2014-03-03T12:28:54.679900,MQ,CPM,3000,,3000,100.0,ZNE,train,gold,MQ_CPM_GOLD_20140303_122924
"bucket0$755,:3,:6001",2014-03-03T12:28:54.629900,MQ,GBM,3000,,3000,100.0,ZNE,train,gold,MQ_GBM_GOLD_20140303_122924
"bucket0$756,:3,:6001",2014-03-03T12:28:54.850000,MQ,IA2,3000,3185.0,3000,100.0,ZNE,train,gold,MQ_IA2_GOLD_20140303_122924
"bucket0$757,:3,:6001",2014-03-03T12:28:55.399900,MQ,MLM,3000,,3000,100.0,ZNE,train,gold,MQ_MLM_GOLD_20140303_122925
"bucket0$758,:3,:6001",2014-03-03T12:29:20.839900,MQ,CPM,3000,,3000,100.0,ZNE,train,gold,MQ_CPM_GOLD_20140303_122950
"bucket0$759,:3,:6001",2014-03-03T12:29:20.699900,MQ,GBM,3000,,3000,100.0,ZNE,train,gold,MQ_GBM_GOLD_20140303_122950
"bucket0$760,:3,:6001",2014-03-03T12:29:20.390000,MQ,IA2,3000,3334.0,3000,100.0,ZNE,train,gold,MQ_IA2_GOLD_20140303_122950
"bucket0$761,:3,:6001",2014-03-03T12:29:23.849900,MQ,MLM,3000,,3000,100.0,ZNE,train,gold,MQ_MLM_GOLD_20140303_122953
"bucket0$762,:3,:6001",2014-03-03T13:41:20.099900,MQ,BAM,3000,,3000,100.0,ZNE,train,gold,MQ_BAM_GOLD_20140303_134150
"bucket0$763,:3,:6001",2014-03-03T13:41:12.159900,MQ,CPM,3000,,3000,100.0,ZNE,train,gold,MQ_CPM_GOLD_20140303_134142
"bucket0$764,:3,:6001",2014-03-03T13:41:14.899900,MQ,GBM,3000,,3000,100.0,ZNE,train,gold,MQ_GBM_GOLD_20140303_134144
"bucket0$765,:3,:6001",2014-03-03T13:41:16.249900,MQ,MLM,3000,,3000,100.0,ZNE,train,gold,MQ_MLM_GOLD_20140303_134146
"bucket9$86,:3,:6001",2014-03-03T14:46:45.599900,MQ,BAM,3000,,3000,100.0,ZNE,dev,gold,MQ_BAM_GOLD_20140303_144715
"bucket0$766,:3,:6001",2014-03-03T14:46:50.459900,MQ,GBM,3000,,3000,100.0,ZNE,train,gold,MQ_GBM_GOLD_20140303_144720
"bucket9$87,:3,:6001",2014-03-03T14:46:42.710000,MQ,IA2,3000,3207.0,3000,100.0,ZNE,dev,gold,MQ_IA2_GOLD_20140303_144712
"bucket0$767,:3,:6001",2014-03-03T14:46:42.119900,MQ,MLM,3000,,3000,100.0,ZNE,train,gold,MQ_MLM_GOLD_20140303_144712
"bucket0$768,:3,:6001",2014-03-03T18:46:45.049900,MQ,BAM,3000,,3000,100.0,ZNE,train,gold,MQ_BAM_GOLD_20140303_184715
"bucket0$769,:3,:6001",2014-03-03T18:46:48.609900,MQ,CPM,3000,,3000,100.0,ZNE,train,gold,MQ_CPM_GOLD_20140303_184718
"bucket0$770,:3,:6001",2014-03-03T18:46:41.670000,MQ,IA2,3000,,3000,100.0,ZNE,train,gold,MQ_IA2_GOLD_20140303_184711
"bucket0$771,:3,:6001",2014-03-03T18:46:48.270000,MQ,SAM,3000,,3000,100.0,ZNE,train,gold,MQ_SAM_GOLD_20140303_184718
"bucket6$111,:3,:6001",2014-03-03T19:05:41.099900,MQ,BAM,3000,,3000,100.0,ZNE,test,gold,MQ_BAM_GOLD_20140303_190611
"bucket0$772,:3,:6001",2014-03-03T19:05:37.989900,MQ,CPM,3000,,3000,100.0,ZNE,train,gold,MQ_CPM_GOLD_20140303_190607
"bucket9$88,:3,:6001",2014-03-03T19:05:39.409900,MQ,GBM,3000,,3000,100.0,ZNE,dev,gold,MQ_GBM_GOLD_20140303_190609
"bucket0$773,:3,:6001",2014-03-03T19:05:37.020000,MQ,IA2,3000,3306.0,3000,100.0,ZNE,train,gold,MQ_IA2_GOLD_20140303_190607
"bucket9$89,:3,:6001",2014-03-03T19:05:40.049900,MQ,MLM,3000,,3000,100.0,ZNE,dev,gold,MQ_MLM_GOLD_20140303_190610
"bucket0$774,:3,:6001",2014-03-03T19:55:54.279900,MQ,BAM,3000,,3000,100.0,ZNE,train,gold,MQ_BAM_GOLD_20140303_195624
"bucket0$775,:3,:6001",2014-03-03T19:55:50.469900,MQ,CPM,3000,,3000,100.0,ZNE,train,gold,MQ_CPM_GOLD_20140303_195620
"bucket0$776,:3,:6001",2014-03-03T19:55:52.989900,MQ,GBM,3000,,3000,100.0,ZNE,train,gold,MQ_GBM_GOLD_20140303_195622
"bucket0$777,:3,:6001",2014-03-03T19:55:52.790000,MQ,LAM,3000,3233.0,3000,100.0,ZNE,train,gold,MQ_LAM_GOLD_20140303_195622
"bucket0$778,:3,:6001",2014-03-03T19:55:58.070000,MQ,SAM,3000,3130.0,3000,100.0,ZNE,train,gold,MQ_SAM_GOLD_20140303_195628
"bucket9$90,:3,:6001",2014-03-03T20:13:06.639900,MQ,BAM,3000,,3000,100.0,ZNE,dev,gold,MQ_BAM_GOLD_20140303_201336
"bucket0$779,:3,:6001",2014-03-03T20:13:04.899900,MQ,CPM,3000,,3000,100.0,ZNE,train,gold,MQ_CPM_GOLD_20140303_201334
"bucket0$780,:3,:6001",2014-03-03T20:13:04.659900,MQ,GBM,3000,,3000,100.0,ZNE,train,gold,MQ_GBM_GOLD_20140303_201334
"bucket9$91,:3,:6001",2014-03-03T20:13:05.660000,MQ,IA2,3000,,3000,100.0,ZNE,dev,gold,MQ_IA2_GOLD_20140303_201335
"bucket0$781,:3,:6001",2014-03-03T20:13:04.320000,MQ,LAM,3000,,3000,100.0,ZNE,train,gold,MQ_LAM_GOLD_20140303_201334
"bucket0$782,:3,:6001",2014-03-03T21:03:38.379900,MQ,BAM,3000,,3000,100.0,ZNE,train,gold,MQ_BAM_GOLD_20140303_210408
"bucket9$92,:3,:6001",2014-03-03T21:03:41.570000,MQ,IA2,3000,,3000,100.0,ZNE,dev,gold,MQ_IA2_GOLD_20140303_210411
"bucket6$112,:3,:6001",2014-03-03T21:03:38.680000,MQ,LAM,3000,3209.0,3000,100.0,ZNE,test,gold,MQ_LAM_GOLD_20140303_210408
"bucket0$783,:3,:6001",2014-03-03T21:03:35.910000,MQ,SAM,3000,3129.0,3000,100.0,ZNE,train,gold,MQ_SAM_GOLD_20140303_210405
"bucket0$784,:3,:6001",2014-03-03T21:47:31.079900,MQ,BAM,3000,,3000,100.0,ZNE,train,gold,MQ_BAM_GOLD_20140303_214801
"bucket0$785,:3,:6001",2014-03-03T21:47:26.019900,MQ,CPM,3000,,3000,100.0,ZNE,train,gold,MQ_CPM_GOLD_20140303_214756
"bucket0$786,:3,:6001",2014-03-03T21:47:27.740000,MQ,IA2,3000,,3000,100.0,ZNE,train,gold,MQ_IA2_GOLD_20140303_214757
"bucket0$787,:3,:6001",2014-03-03T21:47:30.790000,MQ,SAM,3000,3145.0,3000,100.0,ZNE,train,gold,MQ_SAM_GOLD_20140303_214800
"bucket6$113,:3,:6001",2014-03-03T23:49:26.339900,MQ,BAM,3000,,3000,100.0,ZNE,test,gold,MQ_BAM_GOLD_20140303_234956
"bucket0$788,:3,:6001",2014-03-03T23:49:25.369900,MQ,GBM,3000,,3000,100.0,ZNE,train,gold,MQ_GBM_GOLD_20140303_234955
"bucket0$789,:3,:6001",2014-03-03T23:49:26.200000,MQ,IA2,3000,3045.0,3000,100.0,ZNE,train,gold,MQ_IA2_GOLD_20140303_234956
"bucket0$790,:3,:6001",2014-03-03T23:49:25.370000,MQ,LAM,3000,3029.0,3000,100.0,ZNE,train,gold,MQ_LAM_GOLD_20140303_234955
"bucket0$791,:3,:6001",2014-03-04T01:52:15.179900,MQ,BAM,3000,,3000,100.0,ZNE,train,gold,MQ_BAM_GOLD_20140304_015245
"bucket0$792,:3,:6001",2014-03-04T01:52:14.049900,MQ,CPM,3000,,3000,100.0,ZNE,train,gold,MQ_CPM_GOLD_20140304_015244
"bucket0$793,:3,:6001",2014-03-04T01:52:15.149900,MQ,GBM,3000,,3000,100.0,ZNE,train,gold,MQ_GBM_GOLD_20140304_015245
"bucket0$794,:3,:6001",2014-03-04T01:52:15.950000,MQ,IA2,3000,3169.0,3000,100.0,ZNE,train,gold,MQ_IA2_GOLD_20140304_015245
"bucket9$93,:3,:6001",2014-03-04T01:52:14.790000,MQ,LAM,3000,,3000,100.0,ZNE,dev,gold,MQ_LAM_GOLD_20140304_015244
"bucket6$114,:3,:6001",2014-03-04T02:19:36.100000,MQ,IA2,3000,,3000,100.0,ZNE,test,gold,MQ_IA2_GOLD_20140304_022006
"bucket0$795,:3,:6001",2014-03-04T02:28:24.519900,MQ,CPM,3000,,3000,100.0,ZNE,train,gold,MQ_CPM_GOLD_20140304_022854
"bucket0$796,:3,:6001",2014-03-04T02:28:23.799900,MQ,GBM,3000,,3000,100.0,ZNE,train,gold,MQ_GBM_GOLD_20140304_022853
"bucket0$797,:3,:6001",2014-03-04T02:28:24.240000,MQ,IA2,3000,3023.0,3000,100.0,ZNE,train,gold,MQ_IA2_GOLD_20140304_022854
"bucket0$798,:3,:6001",2014-03-04T02:28:23.560000,MQ,LAM,3000,,3000,100.0,ZNE,train,gold,MQ_LAM_GOLD_20140304_022853
"bucket0$799,:3,:6001",2014-03-04T03:21:49.449900,MQ,CPM,3000,,3000,100.0,ZNE,train,gold,MQ_CPM_GOLD_20140304_032219
"bucket0$800,:3,:6001",2014-03-04T03:21:48.510000,MQ,SAM,3000,,3000,100.0,ZNE,train,gold,MQ_SAM_GOLD_20140304_032218
"bucket0$801,:3,:6001",2014-03-04T03:32:46.649900,MQ,BAM,3000,,3000,100.0,ZNE,train,gold,MQ_BAM_GOLD_20140304_033316
"bucket0$802,:3,:6001",2014-03-04T03:32:46.289900,MQ,GBM,3000,,3000,100.0,ZNE,train,gold,MQ_GBM_GOLD_20140304_033316
"bucket0$803,:3,:6001",2014-03-04T03:32:46.900000,MQ,IA2,3000,,3000,100.0,ZNE,train,gold,MQ_IA2_GOLD_20140304_033316
"bucket0$804,:3,:6001",2014-03-04T03:32:46.130000,MQ,LAM,3000,,3000,100.0,ZNE,train,gold,MQ_LAM_GOLD_20140304_033316
"bucket0$805,:3,:6001",2014-03-04T03:41:44.179900,MQ,BAM,3000,,3000,100.0,ZNE,train,gold,MQ_BAM_GOLD_20140304_034214
"bucket6$115,:3,:6001",2014-03-04T03:41:42.089900,MQ,GBM,3000,,3000,100.0,ZNE,test,gold,MQ_GBM_GOLD_20140304_034212
"bucket0$806,:3,:6001",2014-03-04T03:41:42.410000,MQ,IA2,3000,3138.0,3000,100.0,ZNE,train,gold,MQ_IA2_GOLD_20140304_034212
"bucket0$807,:3,:6001",2014-03-04T03:41:41.650000,MQ,LAM,3000,3200.0,3000,100.0,ZNE,train,gold,MQ_LAM_GOLD_20140304_034211
"bucket0$808,:3,:6001",2014-03-04T04:11:35.559900,MQ,MLM,3000,,3000,100.0,ZNE,train,gold,MQ_MLM_GOLD_20140304_041205
"bucket0$809,:3,:6001",2014-03-04T04:20:24.110000,MQ,IA2,3000,,3000,100.0,ZNE,train,gold,MQ_IA2_GOLD_20140304_042054
"bucket9$94,:3,:6001",2014-03-04T05:48:07.439900,MQ,BAM,3000,,3000,100.0,ZNE,dev,gold,MQ_BAM_GOLD_20140304_054837
"bucket0$810,:3,:6001",2014-03-04T05:48:06.249900,MQ,CPM,3000,,3000,100.0,ZNE,train,gold,MQ_CPM_GOLD_20140304_054836
"bucket9$95,:3,:6001",2014-03-04T05:48:07.949900,MQ,GBM,3000,,3000,100.0,ZNE,dev,gold,MQ_GBM_GOLD_20140304_054837
"bucket0$811,:3,:6001",2014-03-04T05:48:06.530000,MQ,IA2,3000,,3000,100.0,ZNE,train,gold,MQ_IA2_GOLD_20140304_054836
"bucket0$812,:3,:6001",2014-03-04T05:48:07.790000,MQ,SAM,3000,,3000,100.0,ZNE,train,gold,MQ_SAM_GOLD_20140304_054837
"bucket0$813,:3,:6001",2014-03-04T06:22:43.799900,MQ,BAM,3000,,3000,100.0,ZNE,train,gold,MQ_BAM_GOLD_20140304_062313
"bucket0$814,:3,:6001",2014-03-04T06:22:44.209900,MQ,CPM,3000,,3000,100.0,ZNE,train,gold,MQ_CPM_GOLD_20140304_062314
"bucket6$116,:3,:6001",2014-03-04T07:16:23.729900,MQ,CPM,3000,,3000,100.0,ZNE,test,gold,MQ_CPM_GOLD_20140304_071653
"bucket0$815,:3,:6001",2014-03-04T07:16:23.200000,MQ,SAM,3000,,3000,100.0,ZNE,train,gold,MQ_SAM_GOLD_20140304_071653
"bucket0$816,:3,:6001",2014-03-04T08:16:53.030000,MQ,SAM,3000,,3000,100.0,ZNE,train,gold,MQ_SAM_GOLD_20140304_081723
"bucket0$817,:3,:6001",2014-03-04T08:45:22.469900,MQ,BAM,3000,,3000,100.0,ZNE,train,gold,MQ_BAM_GOLD_20140304_084552
"bucket6$117,:3,:6001",2014-03-04T08:45:25.149900,MQ,CPM,3000,,3000,100.0,ZNE,test,gold,MQ_CPM_GOLD_20140304_084555
"bucket0$818,:3,:6001",2014-03-04T08:45:28.950000,MQ,IA2,3000,3107.0,3000,100.0,ZNE,train,gold,MQ_IA2_GOLD_20140304_084558
"bucket6$118,:3,:6001",2014-03-04T08:45:31.319900,MQ,MLM,3000,,3000,100.0,ZNE,test,gold,MQ_MLM_GOLD_20140304_084601
"bucket0$819,:3,:6001",2014-03-04T09:09:21.969900,MQ,BAM,3000,,3000,100.0,ZNE,train,gold,MQ_BAM_GOLD_20140304_090951
"bucket0$820,:3,:6001",2014-03-04T09:09:25.349900,MQ,GBM,3000,,3000,100.0,ZNE,train,gold,MQ_GBM_GOLD_20140304_090955
"bucket0$821,:3,:6001",2014-03-04T09:09:28.920000,MQ,IA2,3000,3200.0,3000,100.0,ZNE,train,gold,MQ_IA2_GOLD_20140304_090958
"bucket0$822,:3,:6001",2014-03-04T09:09:28.109900,MQ,MLM,3000,,3000,100.0,ZNE,train,gold,MQ_MLM_GOLD_20140304_090958
"bucket0$823,:3,:6001",2014-03-04T09:20:35.469900,MQ,BAM,3000,,3000,100.0,ZNE,train,gold,MQ_BAM_GOLD_20140304_092105
"bucket0$824,:3,:6001",2014-03-04T09:20:32.859900,MQ,CPM,3000,,3000,100.0,ZNE,train,gold,MQ_CPM_GOLD_20140304_092102
"bucket0$825,:3,:6001",2014-03-04T09:20:36.869900,MQ,GBM,3000,,3000,100.0,ZNE,train,gold,MQ_GBM_GOLD_20140304_092106
"bucket0$826,:3,:6001",2014-03-04T09:20:40.479900,MQ,MLM,3000,,3000,100.0,ZNE,train,gold,MQ_MLM_GOLD_20140304_092110
"bucket0$827,:3,:6001",2014-03-04T11:17:03.539900,MQ,BAM,3000,,3000,100.0,ZNE,train,gold,MQ_BAM_GOLD_20140304_111733
"bucket0$828,:3,:6001",2014-03-04T11:17:07.889900,MQ,CPM,3000,,3000,100.0,ZNE,train,gold,MQ_CPM_GOLD_20140304_111737
"bucket0$829,:3,:6001",2014-03-04T11:16:58.199900,MQ,GBM,3000,,3000,100.0,ZNE,train,gold,MQ_GBM_GOLD_20140304_111728
"bucket0$830,:3,:6001",2014-03-04T11:16:59.569900,MQ,MLM,3000,,3000,100.0,ZNE,train,gold,MQ_MLM_GOLD_20140304_111729
"bucket9$96,:3,:6001",2014-03-04T11:20:56.919900,MQ,BAM,3000,,3000,100.0,ZNE,dev,gold,MQ_BAM_GOLD_20140304_112126
"bucket9$97,:3,:6001",2014-03-04T11:21:01.269900,MQ,CPM,3000,,3000,100.0,ZNE,dev,gold,MQ_CPM_GOLD_20140304_112131
"bucket0$831,:3,:6001",2014-03-04T11:21:06.049900,MQ,GBM,3000,,3000,100.0,ZNE,train,gold,MQ_GBM_GOLD_20140304_112136
"bucket0$832,:3,:6001",2014-03-04T11:21:01.580000,MQ,SAM,3000,,3000,100.0,ZNE,train,gold,MQ_SAM_GOLD_20140304_112131
"bucket0$833,:3,:6001",2014-03-04T12:02:27.679900,MQ,BAM,3000,,3000,100.0,ZNE,train,gold,MQ_BAM_GOLD_20140304_120257
"bucket0$834,:3,:6001",2014-03-04T12:02:26.679900,MQ,GBM,3000,,3000,100.0,ZNE,train,gold,MQ_GBM_GOLD_20140304_120256
"bucket0$835,:3,:6001",2014-03-04T12:02:27.020000,MQ,LAM,3000,3187.0,3000,100.0,ZNE,train,gold,MQ_LAM_GOLD_20140304_120257
"bucket9$98,:3,:6001",2014-03-04T12:02:28.179900,MQ,MLM,3000,,3000,100.0,ZNE,dev,gold,MQ_MLM_GOLD_20140304_120258
"bucket0$836,:3,:6001",2014-03-04T12:32:18.729900,MQ,BAM,3000,,3000,100.0,ZNE,train,gold,MQ_BAM_GOLD_20140304_123248
"bucket0$837,:3,:6001",2014-03-04T12:32:14.569900,MQ,CPM,3000,,3000,100.0,ZNE,train,gold,MQ_CPM_GOLD_20140304_123244
"bucket0$838,:3,:6001",2014-03-04T12:32:18.259900,MQ,GBM,3000,,3000,100.0,ZNE,train,gold,MQ_GBM_GOLD_20140304_123248
"bucket0$839,:3,:6001",2014-03-04T12:32:20.789900,MQ,MLM,3000,,3000,100.0,ZNE,train,gold,MQ_MLM_GOLD_20140304_123250
"bucket0$840,:3,:6001",2014-03-04T12:45:23.499900,MQ,BAM,3000,,3000,100.0,ZNE,train,gold,MQ_BAM_GOLD_20140304_124553
"bucket6$119,:3,:6001",2014-03-04T12:45:20.789900,MQ,GBM,3000,,3000,100.0,ZNE,test,gold,MQ_GBM_GOLD_20140304_124550
"bucket0$841,:3,:6001",2014-03-04T12:45:26.430000,MQ,LAM,3000,,3000,100.0,ZNE,train,gold,MQ_LAM_GOLD_20140304_124556
"bucket0$842,:3,:6001",2014-03-04T12:45:23.030000,MQ,SAM,3000,3399.0,3000,100.0,ZNE,train,gold,MQ_SAM_GOLD_20140304_124553
"bucket0$843,:3,:6001",2014-03-04T12:48:28.189900,MQ,BAM,3000,,3000,100.0,ZNE,train,gold,MQ_BAM_GOLD_20140304_124858
"bucket0$844,:3,:6001",2014-03-04T12:48:31.949900,MQ,CPM,3000,,3000,100.0,ZNE,train,gold,MQ_CPM_GOLD_20140304_124901
"bucket0$845,:3,:6001",2014-03-04T12:48:28.719900,MQ,GBM,3000,,3000,100.0,ZNE,train,gold,MQ_GBM_GOLD_20140304_124858
"bucket0$846,:3,:6001",2014-03-04T12:48:29.340000,MQ,LAM,3000,,3000,100.0,ZNE,train,gold,MQ_LAM_GOLD_20140304_124859
"bucket0$847,:3,:6001",2014-03-04T13:21:15.089900,MQ,BAM,3000,,3000,100.0,ZNE,train,gold,MQ_BAM_GOLD_20140304_132145
"bucket0$848,:3,:6001",2014-03-04T13:21:08.379900,MQ,CPM,3000,,3000,100.0,ZNE,train,gold,MQ_CPM_GOLD_20140304_132138
"bucket0$849,:3,:6001",2014-03-04T13:21:10.009900,MQ,MLM,3000,,3000,100.0,ZNE,train,gold,MQ_MLM_GOLD_20140304_132140
"bucket0$850,:3,:6001",2014-03-04T13:21:13.430000,MQ,SAM,3000,,3000,100.0,ZNE,train,gold,MQ_SAM_GOLD_20140304_132143
"bucket0$851,:3,:6001",2014-03-04T13:25:35.269900,MQ,BAM,3000,,3000,100.0,ZNE,train,gold,MQ_BAM_GOLD_20140304_132605
"bucket0$852,:3,:6001",2014-03-04T13:25:30.389900,MQ,CPM,3000,,3000,100.0,ZNE,train,gold,MQ_CPM_GOLD_20140304_132600
"bucket0$853,:3,:6001",2014-03-04T13:25:31.389900,MQ,MLM,3000,,3000,100.0,ZNE,train,gold,MQ_MLM_GOLD_20140304_132601
"bucket9$99,:3,:6001",2014-03-04T13:25:26.230000,MQ,SAM,3000,,3000,100.0,ZNE,dev,gold,MQ_SAM_GOLD_20140304_132556
"bucket0$854,:3,:6001",2014-03-04T13:29:41.899900,MQ,BAM,3000,,3000,100.0,ZNE,train,gold,MQ_BAM_GOLD_20140304_133011
"bucket0$855,:3,:6001",2014-03-04T13:29:47.769900,MQ,CPM,3000,,3000,100.0,ZNE,train,gold,MQ_CPM_GOLD_20140304_133017
"bucket0$856,:3,:6001",2014-03-04T13:29:42.869900,MQ,GBM,3000,,3000,100.0,ZNE,train,gold,MQ_GBM_GOLD_20140304_133012
"bucket0$857,:3,:6001",2014-03-04T13:29:45.469900,MQ,MLM,3000,,3000,100.0,ZNE,train,gold,MQ_MLM_GOLD_20140304_133015
"bucket0$858,:3,:6001",2014-03-04T13:52:04.969900,MQ,BAM,3000,,3000,100.0,ZNE,train,gold,MQ_BAM_GOLD_20140304_135234
"bucket0$859,:3,:6001",2014-03-04T13:52:13.859900,MQ,GBM,3000,,3000,100.0,ZNE,train,gold,MQ_GBM_GOLD_20140304_135243
"bucket0$860,:3,:6001",2014-03-04T13:52:11.289900,MQ,MLM,3000,,3000,100.0,ZNE,train,gold,MQ_MLM_GOLD_20140304_135241
"bucket0$861,:3,:6001",2014-03-04T13:52:07.970000,MQ,SAM,3000,,3000,100.0,ZNE,train,gold,MQ_SAM_GOLD_20140304_135237
"bucket0$862,:3,:6001",2014-03-04T16:46:22.889900,MQ,BAM,3000,,3000,100.0,ZNE,train,gold,MQ_BAM_GOLD_20140304_164652
"bucket9$100,:3,:6001",2014-03-04T16:46:18.619900,MQ,GBM,3000,,3000,100.0,ZNE,dev,gold,MQ_GBM_GOLD_20140304_164648
"bucket6$120,:3,:6001",2014-03-04T16:46:23.970000,MQ,IA2,3000,3127.0,3000,100.0,ZNE,test,gold,MQ_IA2_GOLD_20140304_164653
"bucket0$863,:3,:6001",2014-03-04T16:46:18.330000,MQ,LAM,3000,3169.0,3000,100.0,ZNE,train,gold,MQ_LAM_GOLD_20140304_164648
"bucket0$864,:3,:6001",2014-03-04T18:32:53.109900,MQ,BAM,3000,,3000,100.0,ZNE,train,gold,MQ_BAM_GOLD_20140304_183323
"bucket0$865,:3,:6001",2014-03-04T18:32:46.589900,MQ,CPM,3000,,3000,100.0,ZNE,train,gold,MQ_CPM_GOLD_20140304_183316
"bucket0$866,:3,:6001",2014-03-04T18:32:51.589900,MQ,GBM,3000,,3000,100.0,ZNE,train,gold,MQ_GBM_GOLD_20140304_183321
"bucket0$867,:3,:6001",2014-03-04T18:32:52.790000,MQ,SAM,3000,3143.0,3000,100.0,ZNE,train,gold,MQ_SAM_GOLD_20140304_183322
"bucket0$868,:3,:6001",2014-03-04T19:30:15.789900,MQ,BAM,3000,,3000,100.0,ZNE,train,gold,MQ_BAM_GOLD_20140304_193045
"bucket0$869,:3,:6001",2014-03-04T19:30:17.280000,MQ,IA2,3000,,3000,100.0,ZNE,train,gold,MQ_IA2_GOLD_20140304_193047
"bucket0$870,:3,:6001",2014-03-04T19:30:19.250000,MQ,LAM,3000,3164.0,3000,100.0,ZNE,train,gold,MQ_LAM_GOLD_20140304_193049
"bucket0$871,:3,:6001",2014-03-04T19:30:14.230000,MQ,SAM,3000,3169.0,3000,100.0,ZNE,train,gold,MQ_SAM_GOLD_20140304_193044
"bucket0$872,:3,:6001",2014-03-04T19:35:20.049900,MQ,BAM,3000,,3000,100.0,ZNE,train,gold,MQ_BAM_GOLD_20140304_193550
"bucket6$121,:3,:6001",2014-03-04T19:35:17.439900,MQ,CPM,3000,,3000,100.0,ZNE,test,gold,MQ_CPM_GOLD_20140304_193547
"bucket0$873,:3,:6001",2014-03-04T19:35:19.769900,MQ,GBM,3000,,3000,100.0,ZNE,train,gold,MQ_GBM_GOLD_20140304_193549
"bucket0$874,:3,:6001",2014-03-04T19:35:17.430000,MQ,IA2,3000,3196.0,3000,100.0,ZNE,train,gold,MQ_IA2_GOLD_20140304_193547
"bucket0$875,:3,:6001",2014-03-04T19:35:23.170000,MQ,SAM,3000,3156.0,3000,100.0,ZNE,train,gold,MQ_SAM_GOLD_20140304_193553
"bucket0$876,:3,:6001",2014-03-04T19:38:49.529900,MQ,CPM,3000,,3000,100.0,ZNE,train,gold,MQ_CPM_GOLD_20140304_193919
"bucket0$877,:3,:6001",2014-03-04T19:38:42.949900,MQ,GBM,3000,,3000,100.0,ZNE,train,gold,MQ_GBM_GOLD_20140304_193912
"bucket0$878,:3,:6001",2014-03-04T19:38:47.320000,MQ,IA2,3000,,3000,100.0,ZNE,train,gold,MQ_IA2_GOLD_20140304_193917
"bucket6$122,:3,:6001",2014-03-04T19:38:40.710000,MQ,SAM,3000,3282.0,3000,100.0,ZNE,test,gold,MQ_SAM_GOLD_20140304_193910
"bucket0$879,:3,:6001",2014-03-04T19:59:36.459900,MQ,BAM,3000,,3000,100.0,ZNE,train,gold,MQ_BAM_GOLD_20140304_200006
"bucket0$880,:3,:6001",2014-03-04T19:59:29.049900,MQ,CPM,3000,,3000,100.0,ZNE,train,gold,MQ_CPM_GOLD_20140304_195959
"bucket0$881,:3,:6001",2014-03-04T19:59:35.820000,MQ,LAM,3000,,3000,100.0,ZNE,train,gold,MQ_LAM_GOLD_20140304_200005
"bucket9$101,:3,:6001",2014-03-04T19:59:31.290000,MQ,SAM,3000,,3000,100.0,ZNE,dev,gold,MQ_SAM_GOLD_20140304_200001
"bucket6$123,:3,:6001",2014-03-04T20:15:54.839900,MQ,BAM,3000,,3000,100.0,ZNE,test,gold,MQ_BAM_GOLD_20140304_201624
"bucket0$882,:3,:6001",2014-03-04T20:15:59.579900,MQ,CPM,3000,,3000,100.0,ZNE,train,gold,MQ_CPM_GOLD_20140304_201629
"bucket0$883,:3,:6001",2014-03-04T20:15:55.949900,MQ,GBM,3000,,3000,100.0,ZNE,train,gold,MQ_GBM_GOLD_20140304_201625
"bucket9$102,:3,:6001",2014-03-04T20:15:53.560000,MQ,SAM,3000,,3000,100.0,ZNE,dev,gold,MQ_SAM_GOLD_20140304_201623
"bucket0$884,:3,:6001",2014-03-04T20:18:05.639900,MQ,BAM,3000,,3000,100.0,ZNE,train,gold,MQ_BAM_GOLD_20140304_201835
"bucket0$885,:3,:6001",2014-03-04T20:18:01.599900,MQ,CPM,3000,,3000,100.0,ZNE,train,gold,MQ_CPM_GOLD_20140304_201831
"bucket0$886,:3,:6001",2014-03-04T20:18:04.169900,MQ,GBM,3000,,3000,100.0,ZNE,train,gold,MQ_GBM_GOLD_20140304_201834
"bucket0$887,:3,:6001",2014-03-04T20:18:04.200000,MQ,LAM,3000,3013.0,3000,100.0,ZNE,train,gold,MQ_LAM_GOLD_20140304_201834
"bucket0$888,:3,:6001",2014-03-04T20:19:30.159900,MQ,BAM,3000,,3000,100.0,ZNE,train,gold,MQ_BAM_GOLD_20140304_202000
"bucket0$889,:3,:6001",2014-03-04T20:19:34.869900,MQ,CPM,3000,,3000,100.0,ZNE,train,gold,MQ_CPM_GOLD_20140304_202004
"bucket0$890,:3,:6001",2014-03-04T20:19:34.780000,MQ,IA2,3000,,3000,100.0,ZNE,train,gold,MQ_IA2_GOLD_20140304_202004
"bucket0$891,:3,:6001",2014-03-04T20:19:30.120000,MQ,SAM,3000,3170.0,3000,100.0,ZNE,train,gold,MQ_SAM_GOLD_20140304_202000
"bucket6$124,:3,:6001",2014-03-04T21:07:25.219900,MQ,BAM,3000,,3000,100.0,ZNE,test,gold,MQ_BAM_GOLD_20140304_210755
"bucket0$892,:3,:6001",2014-03-04T21:07:26.769900,MQ,CPM,3000,,3000,100.0,ZNE,train,gold,MQ_CPM_GOLD_20140304_210756
"bucket9$103,:3,:6001",2014-03-04T21:07:27.519900,MQ,GBM,3000,,3000,100.0,ZNE,dev,gold,MQ_GBM_GOLD_20140304_210757
"bucket0$893,:3,:6001",2014-03-04T21:07:29.130000,MQ,SAM,3000,,3000,100.0,ZNE,train,gold,MQ_SAM_GOLD_20140304_210759
"bucket0$894,:3,:6001",2014-03-04T21:47:42.939900,MQ,BAM,3000,,3000,100.0,ZNE,train,gold,MQ_BAM_GOLD_20140304_214812
"bucket0$895,:3,:6001",2014-03-04T21:47:46.139900,MQ,CPM,3000,,3000,100.0,ZNE,train,gold,MQ_CPM_GOLD_20140304_214816
"bucket0$896,:3,:6001",2014-03-04T21:47:47.779900,MQ,GBM,3000,,3000,100.0,ZNE,train,gold,MQ_GBM_GOLD_20140304_214817
"bucket0$897,:3,:6001",2014-03-04T21:47:40.340000,MQ,IA2,3000,3158.0,3000,100.0,ZNE,train,gold,MQ_IA2_GOLD_20140304_214810
"bucket0$898,:3,:6001",2014-03-04T21:47:39.880000,MQ,SAM,3000,3152.0,3000,100.0,ZNE,train,gold,MQ_SAM_GOLD_20140304_214809
"bucket0$899,:3,:6001",2014-03-04T22:02:00.989900,MQ,BAM,3000,,3000,100.0,ZNE,train,gold,MQ_BAM_GOLD_20140304_220230
"bucket9$104,:3,:6001",2014-03-04T22:01:55.809900,MQ,CPM,3000,,3000,100.0,ZNE,dev,gold,MQ_CPM_GOLD_20140304_220225
"bucket0$900,:3,:6001",2014-03-04T22:01:54.470000,MQ,LAM,3000,3378.0,3000,100.0,ZNE,train,gold,MQ_LAM_GOLD_20140304_220224
"bucket9$105,:3,:6001",2014-03-04T22:01:58.230000,MQ,SAM,3000,3108.0,3000,100.0,ZNE,dev,gold,MQ_SAM_GOLD_20140304_220228
"bucket9$106,:3,:6001",2014-03-04T22:25:11.489900,MQ,BAM,3000,,3000,100.0,ZNE,dev,gold,MQ_BAM_GOLD_20140304_222541
"bucket0$901,:3,:6001",2014-03-04T22:25:11.300000,MQ,IA2,3000,3159.0,3000,100.0,ZNE,train,gold,MQ_IA2_GOLD_20140304_222541
"bucket0$902,:3,:6001",2014-03-04T23:04:32.119900,MQ,BAM,3000,,3000,100.0,ZNE,train,gold,MQ_BAM_GOLD_20140304_230502
"bucket0$903,:3,:6001",2014-03-04T23:04:33.249900,MQ,CPM,3000,,3000,100.0,ZNE,train,gold,MQ_CPM_GOLD_20140304_230503
"bucket0$904,:3,:6001",2014-03-04T23:04:31.319900,MQ,GBM,3000,,3000,100.0,ZNE,train,gold,MQ_GBM_GOLD_20140304_230501
"bucket0$905,:3,:6001",2014-03-04T23:04:32.270000,MQ,IA2,3000,,3000,100.0,ZNE,train,gold,MQ_IA2_GOLD_20140304_230502
"bucket0$906,:3,:6001",2014-03-04T23:04:31.130000,MQ,LAM,3000,3265.0,3000,100.0,ZNE,train,gold,MQ_LAM_GOLD_20140304_230501
"bucket0$907,:3,:6001",2014-03-04T23:29:03.659900,MQ,CPM,3000,,3000,100.0,ZNE,train,gold,MQ_CPM_GOLD_20140304_232933
"bucket0$908,:3,:6001",2014-03-04T23:29:04.160000,MQ,SAM,3000,3107.0,3000,100.0,ZNE,train,gold,MQ_SAM_GOLD_20140304_232934
"bucket0$909,:3,:6001",2014-03-04T23:49:30.249900,MQ,BAM,3000,,3000,100.0,ZNE,train,gold,MQ_BAM_GOLD_20140304_235000
"bucket0$910,:3,:6001",2014-03-04T23:49:29.689900,MQ,GBM,3000,,3000,100.0,ZNE,train,gold,MQ_GBM_GOLD_20140304_234959
"bucket0$911,:3,:6001",2014-03-04T23:49:30.420000,MQ,IA2,3000,3182.0,3000,100.0,ZNE,train,gold,MQ_IA2_GOLD_20140304_235000
"bucket0$912,:3,:6001",2014-03-04T23:49:29.380000,MQ,LAM,3000,,3000,100.0,ZNE,train,gold,MQ_LAM_GOLD_20140304_234959
"bucket9$107,:3,:6001",2014-03-04T23:53:49.529900,MQ,BAM,3000,,3000,100.0,ZNE,dev,gold,MQ_BAM_GOLD_20140304_235419
"bucket0$913,:3,:6001",2014-03-04T23:53:48.829900,MQ,GBM,3000,,3000,100.0,ZNE,train,gold,MQ_GBM_GOLD_20140304_235418
"bucket0$914,:3,:6001",2014-03-04T23:53:49.730000,MQ,IA2,3000,,3000,100.0,ZNE,train,gold,MQ_IA2_GOLD_20140304_235419
"bucket9$108,:3,:6001",2014-03-04T23:53:48.660000,MQ,LAM,3000,,3000,100.0,ZNE,dev,gold,MQ_LAM_GOLD_20140304_235418
"bucket0$915,:3,:6001",2014-03-04T23:53:50.180000,MQ,SAM,3000,,3000,100.0,ZNE,train,gold,MQ_SAM_GOLD_20140304_235420
"bucket0$916,:3,:6001",2014-03-04T23:54:38.569900,MQ,BAM,3000,,3000,100.0,ZNE,train,gold,MQ_BAM_GOLD_20140304_235508
"bucket0$917,:3,:6001",2014-03-04T23:54:40.489900,MQ,CPM,3000,,3000,100.0,ZNE,train,gold,MQ_CPM_GOLD_20140304_235510
"bucket9$109,:3,:6001",2014-03-04T23:54:38.649900,MQ,GBM,3000,,3000,100.0,ZNE,dev,gold,MQ_GBM_GOLD_20140304_235508
"bucket0$918,:3,:6001",2014-03-04T23:54:40.010000,MQ,IA2,3000,3166.0,3000,100.0,ZNE,train,gold,MQ_IA2_GOLD_20140304_235510
"bucket6$125,:3,:6001",2014-03-05T00:34:02.419900,MQ,CPM,3000,,3000,100.0,ZNE,test,gold,MQ_CPM_GOLD_20140305_003432
"bucket0$919,:3,:6001",2014-03-05T00:34:02.260000,MQ,SAM,3000,,3000,100.0,ZNE,train,gold,MQ_SAM_GOLD_20140305_003432
"bucket0$920,:3,:6001",2014-03-05T00:40:22.479900,MQ,BAM,3000,,3000,100.0,ZNE,train,gold,MQ_BAM_GOLD_20140305_004052
"bucket0$921,:3,:6001",2014-03-05T00:40:24.119900,MQ,CPM,3000,,3000,100.0,ZNE,train,gold,MQ_CPM_GOLD_20140305_004054
"bucket0$922,:3,:6001",2014-03-05T00:40:21.879900,MQ,GBM,3000,,3000,100.0,ZNE,train,gold,MQ_GBM_GOLD_20140305_004051
"bucket9$110,:3,:6001",2014-03-05T00:40:23.480000,MQ,IA2,3000,3175.0,3000,100.0,ZNE,dev,gold,MQ_IA2_GOLD_20140305_004053
"bucket0$923,:3,:6001",2014-03-05T00:44:48.519900,MQ,BAM,3000,,3000,100.0,ZNE,train,gold,MQ_BAM_GOLD_20140305_004518
"bucket0$924,:3,:6001",2014-03-05T00:44:49.259900,MQ,CPM,3000,,3000,100.0,ZNE,train,gold,MQ_CPM_GOLD_20140305_004519
"bucket0$925,:3,:6001",2014-03-05T00:44:47.379900,MQ,GBM,3000,,3000,100.0,ZNE,train,gold,MQ_GBM_GOLD_20140305_004517
"bucket0$926,:3,:6001",2014-03-05T00:44:48.260000,MQ,IA2,3000,3221.0,3000,100.0,ZNE,train,gold,MQ_IA2_GOLD_20140305_004518
"bucket9$111,:3,:6001",2014-03-05T01:10:22.429900,MQ,BAM,3000,,3000,100.0,ZNE,dev,gold,MQ_BAM_GOLD_20140305_011052
"bucket9$112,:3,:6001",2014-03-05T01:10:21.949900,MQ,CPM,3000,,3000,100.0,ZNE,dev,gold,MQ_CPM_GOLD_20140305_011051
"bucket0$927,:3,:6001",2014-03-05T01:10:21.119900,MQ,GBM,3000,,3000,100.0,ZNE,train,gold,MQ_GBM_GOLD_20140305_011051
"bucket0$928,:3,:6001",2014-03-05T01:10:21.810000,MQ,IA2,3000,,3000,100.0,ZNE,train,gold,MQ_IA2_GOLD_20140305_011051
"bucket9$113,:3,:6001",2014-03-05T01:10:20.640000,MQ,LAM,3000,,3000,100.0,ZNE,dev,gold,MQ_LAM_GOLD_20140305_011050
"bucket0$929,:3,:6001",2014-03-05T02:09:12.159900,MQ,BAM,3000,,3000,100.0,ZNE,train,gold,MQ_BAM_GOLD_20140305_020942
"bucket0$930,:3,:6001",2014-03-05T02:09:12.909900,MQ,CPM,3000,,3000,100.0,ZNE,train,gold,MQ_CPM_GOLD_20140305_020942
"bucket9$114,:3,:6001",2014-03-05T02:09:10.759900,MQ,GBM,3000,,3000,100.0,ZNE,dev,gold,MQ_GBM_GOLD_20140305_020940
"bucket0$931,:3,:6001",2014-03-05T02:09:11.020000,MQ,IA2,3000,,3000,100.0,ZNE,train,gold,MQ_IA2_GOLD_20140305_020941
"bucket0$932,:3,:6001",2014-03-05T02:09:12.360000,MQ,SAM,3000,3121.0,3000,100.0,ZNE,train,gold,MQ_SAM_GOLD_20140305_020942
"bucket0$933,:3,:6001",2014-03-05T03:06:21.819900,MQ,BAM,3000,,3000,100.0,ZNE,train,gold,MQ_BAM_GOLD_20140305_030651
"bucket9$115,:3,:6001",2014-03-05T03:06:20.709900,MQ,GBM,3000,,3000,100.0,ZNE,dev,gold,MQ_GBM_GOLD_20140305_030650
"bucket0$934,:3,:6001",2014-03-05T03:06:21.480000,MQ,IA2,3000,,3000,100.0,ZNE,train,gold,MQ_IA2_GOLD_20140305_030651
"bucket0$935,:3,:6001",2014-03-05T03:06:20.540000,MQ,LAM,3000,,3000,100.0,ZNE,train,gold,MQ_LAM_GOLD_20140305_030650
"bucket0$936,:3,:6001",2014-03-05T03:06:23.539900,MQ,MLM,3000,,3000,100.0,ZNE,train,gold,MQ_MLM_GOLD_20140305_030653
"bucket0$937,:3,:6001",2014-03-05T04:02:52.329900,MQ,BAM,3000,,3000,100.0,ZNE,train,gold,MQ_BAM_GOLD_20140305_040322
"bucket0$938,:3,:6001",2014-03-05T04:02:53.099900,MQ,CPM,3000,,3000,100.0,ZNE,train,gold,MQ_CPM_GOLD_20140305_040323
"bucket0$939,:3,:6001",2014-03-05T04:02:52.780000,MQ,IA2,3000,3088.0,3000,100.0,ZNE,train,gold,MQ_IA2_GOLD_20140305_040322
"bucket0$940,:3,:6001",2014-03-05T04:02:52.210000,MQ,LAM,3000,3035.0,3000,100.0,ZNE,train,gold,MQ_LAM_GOLD_20140305_040322
"bucket0$941,:3,:6001",2014-03-05T04:31:55.369900,MQ,CPM,3000,,3000,100.0,ZNE,train,gold,MQ_CPM_GOLD_20140305_043225
"bucket0$942,:3,:6001",2014-03-05T04:31:55.879900,MQ,MLM,3000,,3000,100.0,ZNE,train,gold,MQ_MLM_GOLD_20140305_043225
"bucket0$943,:3,:6001",2014-03-05T04:40:16.719900,MQ,MLM,3000,,3000,100.0,ZNE,train,gold,MQ_MLM_GOLD_20140305_044046
"bucket6$126,:3,:6001",2014-03-05T04:40:14.450000,MQ,SAM,3000,,3000,100.0,ZNE,test,gold,MQ_SAM_GOLD_20140305_044044
"bucket0$944,:3,:6001",2014-03-05T05:11:56.289900,MQ,BAM,3000,,3000,100.0,ZNE,train,gold,MQ_BAM_GOLD_20140305_051226
"bucket6$127,:3,:6001",2014-03-05T05:11:58.019900,MQ,CPM,3000,,3000,100.0,ZNE,test,gold,MQ_CPM_GOLD_20140305_051228
"bucket0$945,:3,:6001",2014-03-05T05:11:56.060000,MQ,IA2,3000,3073.0,3000,100.0,ZNE,train,gold,MQ_IA2_GOLD_20140305_051226
"bucket0$946,:3,:6001",2014-03-05T05:11:56.670000,MQ,SAM,3000,3027.0,3000,100.0,ZNE,train,gold,MQ_SAM_GOLD_20140305_051226
"bucket0$947,:3,:6001",2014-03-05T07:58:19.949900,MQ,BAM,3000,,3000,100.0,ZNE,train,gold,MQ_BAM_GOLD_20140305_075849
"bucket0$948,:3,:6001",2014-03-05T07:58:19.129900,MQ,GBM,3000,,3000,100.0,ZNE,train,gold,MQ_GBM_GOLD_20140305_075849
"bucket0$949,:3,:6001",2014-03-05T07:58:26.910000,MQ,IA2,3000,3169.0,3000,100.0,ZNE,train,gold,MQ_IA2_GOLD_20140305_075856
"bucket0$950,:3,:6001",2014-03-05T07:58:23.560000,MQ,SAM,3000,3170.0,3000,100.0,ZNE,train,gold,MQ_SAM_GOLD_20140305_075853
"bucket0$951,:3,:6001",2014-03-05T13:02:51.029900,MQ,BAM,3000,,3000,100.0,ZNE,train,gold,MQ_BAM_GOLD_20140305_130321
"bucket6$128,:3,:6001",2014-03-05T13:02:49.759900,MQ,GBM,3000,,3000,100.0,ZNE,test,gold,MQ_GBM_GOLD_20140305_130319
"bucket0$952,:3,:6001",2014-03-05T13:02:50.730000,MQ,IA2,3000,3159.0,3000,100.0,ZNE,train,gold,MQ_IA2_GOLD_20140305_130320
"bucket9$116,:3,:6001",2014-03-05T13:02:49.160000,MQ,LAM,3000,3027.0,3000,100.0,ZNE,dev,gold,MQ_LAM_GOLD_20140305_130319
"bucket9$117,:3,:6001",2014-03-05T20:03:05.169900,MQ,BAM,3000,,3000,100.0,ZNE,dev,gold,MQ_BAM_GOLD_20140305_200335
"bucket0$953,:3,:6001",2014-03-05T20:03:04.919900,MQ,CPM,3000,,3000,100.0,ZNE,train,gold,MQ_CPM_GOLD_20140305_200334
"bucket0$954,:3,:6001",2014-03-05T20:03:05.760000,MQ,LAM,3000,,3000,100.0,ZNE,train,gold,MQ_LAM_GOLD_20140305_200335
"bucket0$955,:3,:6001",2014-03-05T20:03:05.519900,MQ,MLM,3000,,3000,100.0,ZNE,train,gold,MQ_MLM_GOLD_20140305_200335
"bucket6$129,:3,:6001",2014-03-06T00:03:47.379900,MQ,BAM,3000,,3000,100.0,ZNE,test,gold,MQ_BAM_GOLD_20140306_000417
"bucket0$956,:3,:6001",2014-03-06T00:03:48.449900,MQ,CPM,3000,,3000,100.0,ZNE,train,gold,MQ_CPM_GOLD_20140306_000418
"bucket0$957,:3,:6001",2014-03-06T00:03:48.059900,MQ,GBM,3000,,3000,100.0,ZNE,train,gold,MQ_GBM_GOLD_20140306_000418
"bucket0$958,:3,:6001",2014-03-06T00:03:47.820000,MQ,IA2,3000,,3000,100.0,ZNE,train,gold,MQ_IA2_GOLD_20140306_000417
"bucket0$959,:3,:6001",2014-03-06T00:03:51.149900,MQ,MLM,3000,,3000,100.0,ZNE,train,gold,MQ_MLM_GOLD_20140306_000421
"bucket0$960,:3,:6001",2014-03-06T00:47:43.169900,MQ,BAM,3000,,3000,100.0,ZNE,train,gold,MQ_BAM_GOLD_20140306_004813
"bucket0$961,:3,:6001",2014-03-06T00:47:43.379900,MQ,GBM,3000,,3000,100.0,ZNE,train,gold,MQ_GBM_GOLD_20140306_004813
"bucket0$962,:3,:6001",2014-03-06T00:47:44.490000,MQ,IA2,3000,3073.0,3000,100.0,ZNE,train,gold,MQ_IA2_GOLD_20140306_004814
"bucket0$963,:3,:6001",2014-03-06T00:47:42.970000,MQ,LAM,3000,,3000,100.0,ZNE,train,gold,MQ_LAM_GOLD_20140306_004812
"bucket6$130,:3,:6001",2014-03-06T05:10:11.189900,MQ,BAM,3000,,3000,100.0,ZNE,test,gold,MQ_BAM_GOLD_20140306_051041
"bucket0$964,:3,:6001",2014-03-06T05:10:11.459900,MQ,GBM,3000,,3000,100.0,ZNE,train,gold,MQ_GBM_GOLD_20140306_051041
"bucket0$965,:3,:6001",2014-03-06T05:10:12.410000,MQ,IA2,3000,3019.0,3000,100.0,ZNE,train,gold,MQ_IA2_GOLD_20140306_051042
"bucket0$966,:3,:6001",2014-03-06T05:10:10.060000,MQ,SAM,3000,,3000,100.0,ZNE,train,gold,MQ_SAM_GOLD_20140306_051040
"bucket0$967,:3,:6001",2014-03-06T09:51:30.389900,MQ,BAM,3000,,3000,100.0,ZNE,train,gold,MQ_BAM_GOLD_20140306_095200
"bucket0$968,:3,:6001",2014-03-06T09:51:33.589900,MQ,CPM,3000,,3000,100.0,ZNE,train,gold,MQ_CPM_GOLD_20140306_095203
"bucket0$969,:3,:6001",2014-03-06T09:51:36.559900,MQ,GBM,3000,,3000,100.0,ZNE,train,gold,MQ_GBM_GOLD_20140306_095206
"bucket9$118,:3,:6001",2014-03-06T09:51:32.079900,MQ,MLM,3000,,3000,100.0,ZNE,dev,gold,MQ_MLM_GOLD_20140306_095202
"bucket0$970,:3,:6001",2014-03-06T10:57:02.469900,MQ,BAM,3000,,3000,100.0,ZNE,train,gold,MQ_BAM_GOLD_20140306_105732
"bucket6$131,:3,:6001",2014-03-06T10:57:06.739900,MQ,GBM,3000,,3000,100.0,ZNE,test,gold,MQ_GBM_GOLD_20140306_105736
"bucket0$971,:3,:6001",2014-03-06T10:57:11.279900,MQ,MLM,3000,,3000,100.0,ZNE,train,gold,MQ_MLM_GOLD_20140306_105741
"bucket0$972,:3,:6001",2014-03-06T10:57:01.820000,MQ,SAM,3000,3141.0,3000,100.0,ZNE,train,gold,MQ_SAM_GOLD_20140306_105731
"bucket0$973,:3,:6001",2014-03-06T11:57:26.139900,MQ,BAM,3000,,3000,100.0,ZNE,train,gold,MQ_BAM_GOLD_20140306_115756
"bucket0$974,:3,:6001",2014-03-06T11:57:31.749900,MQ,GBM,3000,,3000,100.0,ZNE,train,gold,MQ_GBM_GOLD_20140306_115801
"bucket0$975,:3,:6001",2014-03-06T11:57:32.550000,MQ,IA2,3000,,3000,100.0,ZNE,train,gold,MQ_IA2_GOLD_20140306_115802
"bucket0$976,:3,:6001",2014-03-06T11:57:28.690000,MQ,SAM,3000,3031.0,3000,100.0,ZNE,train,gold,MQ_SAM_GOLD_20140306_115758
"bucket0$977,:3,:6001",2014-03-06T13:27:33.869900,MQ,BAM,3000,,3000,100.0,ZNE,train,gold,MQ_BAM_GOLD_20140306_132803
"bucket0$978,:3,:6001",2014-03-06T13:27:30.259900,MQ,GBM,3000,,3000,100.0,ZNE,train,gold,MQ_GBM_GOLD_20140306_132800
"bucket0$979,:3,:6001",2014-03-06T13:27:34.589900,MQ,MLM,3000,,3000,100.0,ZNE,train,gold,MQ_MLM_GOLD_20140306_132804
"bucket9$119,:3,:6001",2014-03-06T13:27:36.720000,MQ,SAM,3000,3141.0,3000,100.0,ZNE,dev,gold,MQ_SAM_GOLD_20140306_132806
"bucket0$980,:3,:6001",2014-03-06T17:36:50.599900,MQ,BAM,3000,,3000,100.0,ZNE,train,gold,MQ_BAM_GOLD_20140306_173720
"bucket0$981,:3,:6001",2014-03-06T17:36:50.379900,MQ,CPM,3000,,3000,100.0,ZNE,train,gold,MQ_CPM_GOLD_20140306_173720
"bucket9$120,:3,:6001",2014-03-06T17:36:50.639900,MQ,GBM,3000,,3000,100.0,ZNE,dev,gold,MQ_GBM_GOLD_20140306_173720
"bucket0$982,:3,:6001",2014-03-06T17:36:47.839900,MQ,MLM,3000,,3000,100.0,ZNE,train,gold,MQ_MLM_GOLD_20140306_173717
"bucket0$983,:3,:6001",2014-03-06T18:21:54.889900,MQ,BAM,3000,,3000,100.0,ZNE,train,gold,MQ_BAM_GOLD_20140306_182224
"bucket0$984,:3,:6001",2014-03-06T18:22:02.119900,MQ,CPM,3000,,3000,100.0,ZNE,train,gold,MQ_CPM_GOLD_20140306_182232
"bucket0$985,:3,:6001",2014-03-06T18:22:02.439900,MQ,GBM,3000,,3000,100.0,ZNE,train,gold,MQ_GBM_GOLD_20140306_182232
"bucket0$986,:3,:6001",2014-03-06T18:21:57.209900,MQ,MLM,3000,,3000,100.0,ZNE,train,gold,MQ_MLM_GOLD_20140306_182227
"bucket0$987,:3,:6001",2014-03-06T18:42:36.749900,MQ,BAM,3000,,3000,100.0,ZNE,train,gold,MQ_BAM_GOLD_20140306_184306
"bucket0$988,:3,:6001",2014-03-06T18:42:37.579900,MQ,CPM,3000,,3000,100.0,ZNE,train,gold,MQ_CPM_GOLD_20140306_184307
"bucket0$989,:3,:6001",2014-03-06T18:42:37.259900,MQ,GBM,3000,,3000,100.0,ZNE,train,gold,MQ_GBM_GOLD_20140306_184307
"bucket0$990,:3,:6001",2014-03-06T18:42:42.980000,MQ,SAM,3000,3061.0,3000,100.0,ZNE,train,gold,MQ_SAM_GOLD_20140306_184312
"bucket6$132,:3,:6001",2014-03-06T19:31:10.149900,MQ,BAM,3000,,3000,100.0,ZNE,test,gold,MQ_BAM_GOLD_20140306_193140
"bucket0$991,:3,:6001",2014-03-06T19:31:11.269900,MQ,CPM,3000,,3000,100.0,ZNE,train,gold,MQ_CPM_GOLD_20140306_193141
"bucket6$133,:3,:6001",2014-03-06T19:31:15.319900,MQ,MLM,3000,,3000,100.0,ZNE,test,gold,MQ_MLM_GOLD_20140306_193145
"bucket0$992,:3,:6001",2014-03-06T19:31:09.960000,MQ,SAM,3000,3361.0,3000,100.0,ZNE,train,gold,MQ_SAM_GOLD_20140306_193139
"bucket0$993,:3,:6001",2014-03-07T09:22:25.189900,MQ,BAM,3000,,3000,100.0,ZNE,train,gold,MQ_BAM_GOLD_20140307_092255
"bucket0$994,:3,:6001",2014-03-07T09:22:31.619900,MQ,CPM,3000,,3000,100.0,ZNE,train,gold,MQ_CPM_GOLD_20140307_092301
"bucket0$995,:3,:6001",2014-03-07T09:22:28.789900,MQ,GBM,3000,,3000,100.0,ZNE,train,gold,MQ_GBM_GOLD_20140307_092258
"bucket0$996,:3,:6001",2014-03-07T09:22:25.869900,MQ,MLM,3000,,3000,100.0,ZNE,train,gold,MQ_MLM_GOLD_20140307_092255
"bucket0$997,:3,:6001",2014-03-07T10:06:28.039900,MQ,BAM,3000,,3000,100.0,ZNE,train,gold,MQ_BAM_GOLD_20140307_100658
"bucket9$121,:3,:6001",2014-03-07T10:06:30.069900,MQ,GBM,3000,,3000,100.0,ZNE,dev,gold,MQ_GBM_GOLD_20140307_100700
"bucket6$134,:3,:6001",2014-03-07T10:06:32.929900,MQ,MLM,3000,,3000,100.0,ZNE,test,gold,MQ_MLM_GOLD_20140307_100702
"bucket0$998,:3,:6001",2014-03-07T10:06:35.110000,MQ,SAM,3000,,3000,100.0,ZNE,train,gold,MQ_SAM_GOLD_20140307_100705
"bucket0$999,:3,:6001",2014-03-07T10:09:09.819900,MQ,BAM,3000,,3000,100.0,ZNE,train,gold,MQ_BAM_GOLD_20140307_100939
"bucket0$1000,:3,:6001",2014-03-07T10:09:04.889900,MQ,GBM,3000,,3000,100.0,ZNE,train,gold,MQ_GBM_GOLD_20140307_100934
"bucket0$1001,:3,:6001",2014-03-07T10:09:14.589900,MQ,MLM,3000,,3000,100.0,ZNE,train,gold,MQ_MLM_GOLD_20140307_100944
"bucket6$135,:3,:6001",2014-03-07T10:09:09.950000,MQ,SAM,3000,,3000,100.0,ZNE,test,gold,MQ_SAM_GOLD_20140307_100939
"bucket6$136,:3,:6001",2014-03-07T11:26:52.879900,MQ,BAM,3000,,3000,100.0,ZNE,test,gold,MQ_BAM_GOLD_20140307_112722
"bucket0$1002,:3,:6001",2014-03-07T11:26:53.289900,MQ,CPM,3000,,3000,100.0,ZNE,train,gold,MQ_CPM_GOLD_20140307_112723
"bucket6$137,:3,:6001",2014-03-07T11:26:56,MQ,LAM,3000,,3000,100.0,ZNE,test,gold,MQ_LAM_GOLD_20140307_112726
"bucket9$122,:3,:6001",2014-03-07T11:27:00.649900,MQ,MLM,3000,,3000,100.0,ZNE,dev,gold,MQ_MLM_GOLD_20140307_112730
"bucket0$1003,:3,:6001",2014-03-07T12:24:40.529900,MQ,BAM,3000,,3000,100.0,ZNE,train,gold,MQ_BAM_GOLD_20140307_122510
"bucket0$1004,:3,:6001",2014-03-07T12:24:38.239900,MQ,CPM,3000,,3000,100.0,ZNE,train,gold,MQ_CPM_GOLD_20140307_122508
"bucket9$123,:3,:6001",2014-03-07T12:24:32.629900,MQ,GBM,3000,,3000,100.0,ZNE,dev,gold,MQ_GBM_GOLD_20140307_122502
"bucket9$124,:3,:6001",2014-03-07T12:24:34.520000,MQ,IA2,3000,,3000,100.0,ZNE,dev,gold,MQ_IA2_GOLD_20140307_122504
"bucket6$138,:3,:6001",2014-03-07T12:27:02.529900,MQ,BAM,3000,,3000,100.0,ZNE,test,gold,MQ_BAM_GOLD_20140307_122732
"bucket0$1005,:3,:6001",2014-03-07T12:27:06.819900,MQ,CPM,3000,,3000,100.0,ZNE,train,gold,MQ_CPM_GOLD_20140307_122736
"bucket9$125,:3,:6001",2014-03-07T12:27:10.739900,MQ,GBM,3000,,3000,100.0,ZNE,dev,gold,MQ_GBM_GOLD_20140307_122740
"bucket0$1006,:3,:6001",2014-03-07T12:27:08.139900,MQ,MLM,3000,,3000,100.0,ZNE,train,gold,MQ_MLM_GOLD_20140307_122738
"bucket0$1007,:3,:6001",2014-03-07T12:27:11.990000,MQ,SAM,3000,3190.0,3000,100.0,ZNE,train,gold,MQ_SAM_GOLD_20140307_122741
"bucket0$1008,:3,:6001",2014-03-07T12:47:21.389900,MQ,BAM,3000,,3000,100.0,ZNE,train,gold,MQ_BAM_GOLD_20140307_124751
"bucket0$1009,:3,:6001",2014-03-07T12:47:20.869900,MQ,CPM,3000,,3000,100.0,ZNE,train,gold,MQ_CPM_GOLD_20140307_124750
"bucket0$1010,:3,:6001",2014-03-07T12:47:16.779900,MQ,GBM,3000,,3000,100.0,ZNE,train,gold,MQ_GBM_GOLD_20140307_124746
"bucket0$1011,:3,:6001",2014-03-07T12:47:13.529900,MQ,MLM,3000,,3000,100.0,ZNE,train,gold,MQ_MLM_GOLD_20140307_124743
"bucket0$1012,:3,:6001",2014-03-07T13:38:05.429900,MQ,CPM,3000,,3000,100.0,ZNE,train,gold,MQ_CPM_GOLD_20140307_133835
"bucket0$1013,:3,:6001",2014-03-07T13:38:11.419900,MQ,GBM,3000,,3000,100.0,ZNE,train,gold,MQ_GBM_GOLD_20140307_133841
"bucket9$126,:3,:6001",2014-03-07T13:38:08.969900,MQ,MLM,3000,,3000,100.0,ZNE,dev,gold,MQ_MLM_GOLD_20140307_133838
"bucket0$1014,:3,:6001",2014-03-07T13:38:07.850000,MQ,SAM,3000,3245.0,3000,100.0,ZNE,train,gold,MQ_SAM_GOLD_20140307_133837
"bucket0$1015,:3,:6001",2014-03-07T14:02:59.799900,MQ,BAM,3000,,3000,100.0,ZNE,train,gold,MQ_BAM_GOLD_20140307_140329
"bucket0$1016,:3,:6001",2014-03-07T14:02:56.679900,MQ,GBM,3000,,3000,100.0,ZNE,train,gold,MQ_GBM_GOLD_20140307_140326
"bucket0$1017,:3,:6001",2014-03-07T14:02:53.630000,MQ,LAM,3000,3133.0,3000,100.0,ZNE,train,gold,MQ_LAM_GOLD_20140307_140323
"bucket6$139,:3,:6001",2014-03-07T14:02:59.479900,MQ,MLM,3000,,3000,100.0,ZNE,test,gold,MQ_MLM_GOLD_20140307_140329
"bucket6$140,:3,:6001",2014-03-07T15:04:24.459900,MQ,BAM,3000,,3000,100.0,ZNE,test,gold,MQ_BAM_GOLD_20140307_150454
"bucket0$1018,:3,:6001",2014-03-07T15:04:32.579900,MQ,GBM,3000,,3000,100.0,ZNE,train,gold,MQ_GBM_GOLD_20140307_150502
"bucket0$1019,:3,:6001",2014-03-07T15:04:29.679900,MQ,MLM,3000,,3000,100.0,ZNE,train,gold,MQ_MLM_GOLD_20140307_150459
"bucket6$141,:3,:6001",2014-03-07T15:04:28.640000,MQ,SAM,3000,3172.0,3000,100.0,ZNE,test,gold,MQ_SAM_GOLD_20140307_150458
"bucket0$1020,:3,:6001",2014-03-07T16:18:41.829900,MQ,BAM,3000,,3000,100.0,ZNE,train,gold,MQ_BAM_GOLD_20140307_161911
"bucket0$1021,:3,:6001",2014-03-07T16:18:47.360000,MQ,IA2,3000,3136.0,3000,100.0,ZNE,train,gold,MQ_IA2_GOLD_20140307_161917
"bucket0$1022,:3,:6001",2014-03-07T16:18:47.839900,MQ,MLM,3000,,3000,100.0,ZNE,train,gold,MQ_MLM_GOLD_20140307_161917
"bucket6$142,:3,:6001",2014-03-07T16:18:44.110000,MQ,SAM,3000,3193.0,3000,100.0,ZNE,test,gold,MQ_SAM_GOLD_20140307_161914
"bucket0$1023,:3,:6001",2014-03-07T16:34:14.139900,MQ,BAM,3000,,3000,100.0,ZNE,train,gold,MQ_BAM_GOLD_20140307_163444
"bucket1$0,:3,:6001",2014-03-07T16:34:18.129900,MQ,CPM,3000,,3000,100.0,ZNE,train,gold,MQ_CPM_GOLD_20140307_163448
"bucket1$1,:3,:6001",2014-03-07T16:34:12.769900,MQ,MLM,3000,,3000,100.0,ZNE,train,gold,MQ_MLM_GOLD_20140307_163442
"bucket1$2,:3,:6001",2014-03-07T16:34:13.170000,MQ,SAM,3000,,3000,100.0,ZNE,train,gold,MQ_SAM_GOLD_20140307_163443
"bucket1$3,:3,:6001",2014-03-07T17:54:04.729900,MQ,BAM,3000,,3000,100.0,ZNE,train,gold,MQ_BAM_GOLD_20140307_175434
"bucket1$4,:3,:6001",2014-03-07T17:54:02.959900,MQ,CPM,3000,,3000,100.0,ZNE,train,gold,MQ_CPM_GOLD_20140307_175432
"bucket1$5,:3,:6001",2014-03-07T17:54:08.559900,MQ,GBM,3000,,3000,100.0,ZNE,train,gold,MQ_GBM_GOLD_20140307_175438
"bucket1$6,:3,:6001",2014-03-07T17:54:00.159900,MQ,MLM,3000,,3000,100.0,ZNE,train,gold,MQ_MLM_GOLD_20140307_175430
"bucket1$7,:3,:6001",2014-03-07T17:57:10.659900,MQ,BAM,3000,,3000,100.0,ZNE,train,gold,MQ_BAM_GOLD_20140307_175740
"bucket1$8,:3,:6001",2014-03-07T17:57:05.439900,MQ,GBM,3000,,3000,100.0,ZNE,train,gold,MQ_GBM_GOLD_20140307_175735
"bucket1$9,:3,:6001",2014-03-07T17:57:02.369900,MQ,MLM,3000,,3000,100.0,ZNE,train,gold,MQ_MLM_GOLD_20140307_175732
"bucket1$10,:3,:6001",2014-03-07T17:57:08.930000,MQ,SAM,3000,3224.0,3000,100.0,ZNE,train,gold,MQ_SAM_GOLD_20140307_175738
"bucket1$11,:3,:6001",2014-03-09T14:42:45.339900,MQ,BAM,3000,,3000,100.0,ZNE,train,gold,MQ_BAM_GOLD_20140309_144315
"bucket1$12,:3,:6001",2014-03-09T14:42:45.329900,MQ,GBM,3000,,3000,100.0,ZNE,train,gold,MQ_GBM_GOLD_20140309_144315
"bucket1$13,:3,:6001",2014-03-09T14:42:45.510000,MQ,IA2,3000,,3000,100.0,ZNE,train,gold,MQ_IA2_GOLD_20140309_144315
"bucket1$14,:3,:6001",2014-03-09T14:42:45.910000,MQ,LAM,3000,3066.0,3000,100.0,ZNE,train,gold,MQ_LAM_GOLD_20140309_144315
"bucket9$127,:3,:6001",2014-03-09T14:42:48.269900,MQ,MLM,3000,,3000,100.0,ZNE,dev,gold,MQ_MLM_GOLD_20140309_144318
"bucket9$128,:3,:6001",2014-03-09T14:42:45.890000,MQ,SAM,3000,3096.0,3000,100.0,ZNE,dev,gold,MQ_SAM_GOLD_20140309_144315
"bucket1$15,:3,:6001",2014-03-09T19:12:09.169900,MQ,BAM,3000,,3000,100.0,ZNE,train,gold,MQ_BAM_GOLD_20140309_191239
"bucket9$129,:3,:6001",2014-03-09T19:12:06.439900,MQ,CPM,3000,,3000,100.0,ZNE,dev,gold,MQ_CPM_GOLD_20140309_191236
"bucket1$16,:3,:6001",2014-03-09T19:12:06.290000,MQ,IA2,3000,3253.0,3000,100.0,ZNE,train,gold,MQ_IA2_GOLD_20140309_191236
"bucket1$17,:3,:6001",2014-03-09T19:12:11.970000,MQ,LAM,3000,3127.0,3000,100.0,ZNE,train,gold,MQ_LAM_GOLD_20140309_191241
"bucket1$18,:3,:6001",2014-03-09T19:12:05.869900,MQ,MLM,3000,,3000,100.0,ZNE,train,gold,MQ_MLM_GOLD_20140309_191235
"bucket1$19,:3,:6001",2014-03-09T20:34:39.389900,MQ,BAM,3000,,3000,100.0,ZNE,train,gold,MQ_BAM_GOLD_20140309_203509
"bucket1$20,:3,:6001",2014-03-09T20:34:41.519900,MQ,CPM,3000,,3000,100.0,ZNE,train,gold,MQ_CPM_GOLD_20140309_203511
"bucket1$21,:3,:6001",2014-03-09T20:34:44.199900,MQ,GBM,3000,,3000,100.0,ZNE,train,gold,MQ_GBM_GOLD_20140309_203514
"bucket1$22,:3,:6001",2014-03-09T20:34:39.280000,MQ,SAM,3000,3121.0,3000,100.0,ZNE,train,gold,MQ_SAM_GOLD_20140309_203509
"bucket1$23,:3,:6001",2014-03-10T04:32:31.689900,MQ,BAM,3000,,3000,100.0,ZNE,train,gold,MQ_BAM_GOLD_20140310_043301
"bucket1$24,:3,:6001",2014-03-10T04:32:28.689900,MQ,CPM,3000,,3000,100.0,ZNE,train,gold,MQ_CPM_GOLD_20140310_043258
"bucket9$130,:3,:6001",2014-03-10T04:32:28.769900,MQ,GBM,3000,,3000,100.0,ZNE,dev,gold,MQ_GBM_GOLD_20140310_043258
"bucket1$25,:3,:6001",2014-03-10T04:32:28.760000,MQ,IA2,3000,,3000,100.0,ZNE,train,gold,MQ_IA2_GOLD_20140310_043258
"bucket1$26,:3,:6001",2014-03-10T04:32:28.270000,MQ,LAM,3000,,3000,100.0,ZNE,train,gold,MQ_LAM_GOLD_20140310_043258
"bucket1$27,:3,:6001",2014-03-10T05:28:03.309900,MQ,BAM,3000,,3000,100.0,ZNE,train,gold,MQ_BAM_GOLD_20140310_052833
"bucket1$28,:3,:6001",2014-03-10T05:28:08.149900,MQ,CPM,3000,,3000,100.0,ZNE,train,gold,MQ_CPM_GOLD_20140310_052838
"bucket1$29,:3,:6001",2014-03-10T05:28:04.789900,MQ,GBM,3000,,3000,100.0,ZNE,train,gold,MQ_GBM_GOLD_20140310_052834
"bucket1$30,:3,:6001",2014-03-10T05:28:06.499900,MQ,MLM,3000,,3000,100.0,ZNE,train,gold,MQ_MLM_GOLD_20140310_052836
"bucket1$31,:3,:6001",2014-03-10T08:31:38.119900,MQ,BAM,3000,,3000,100.0,ZNE,train,gold,MQ_BAM_GOLD_20140310_083208
"bucket9$131,:3,:6001",2014-03-10T08:31:39.039900,MQ,CPM,3000,,3000,100.0,ZNE,dev,gold,MQ_CPM_GOLD_20140310_083209
"bucket1$32,:3,:6001",2014-03-10T08:31:38.199900,MQ,GBM,3000,,3000,100.0,ZNE,train,gold,MQ_GBM_GOLD_20140310_083208
"bucket6$143,:3,:6001",2014-03-10T08:31:41.250000,MQ,LAM,3000,3119.0,3000,100.0,ZNE,test,gold,MQ_LAM_GOLD_20140310_083211
"bucket6$144,:3,:6001",2014-03-10T09:09:38.069900,MQ,BAM,3000,,3000,100.0,ZNE,test,gold,MQ_BAM_GOLD_20140310_091008
"bucket1$33,:3,:6001",2014-03-10T09:09:39.099900,MQ,CPM,3000,,3000,100.0,ZNE,train,gold,MQ_CPM_GOLD_20140310_091009
"bucket1$34,:3,:6001",2014-03-10T09:09:37.489900,MQ,GBM,3000,,3000,100.0,ZNE,train,gold,MQ_GBM_GOLD_20140310_091007
"bucket1$35,:3,:6001",2014-03-10T09:09:38.480000,MQ,IA2,3000,,3000,100.0,ZNE,train,gold,MQ_IA2_GOLD_20140310_091008
"bucket6$145,:3,:6001",2014-03-10T09:09:36.980000,MQ,LAM,3000,3159.0,3000,100.0,ZNE,test,gold,MQ_LAM_GOLD_20140310_091006
"bucket1$36,:3,:6001",2014-03-10T09:09:38.410000,MQ,SAM,3000,,3000,100.0,ZNE,train,gold,MQ_SAM_GOLD_20140310_091008
"bucket1$37,:3,:6001",2014-03-10T09:13:41.569900,MQ,BAM,3000,,3000,100.0,ZNE,train,gold,MQ_BAM_GOLD_20140310_091411
"bucket1$38,:3,:6001",2014-03-10T09:13:45.489900,MQ,CPM,3000,,3000,100.0,ZNE,train,gold,MQ_CPM_GOLD_20140310_091415
"bucket1$39,:3,:6001",2014-03-10T09:13:39.999900,MQ,GBM,3000,,3000,100.0,ZNE,train,gold,MQ_GBM_GOLD_20140310_091409
"bucket6$146,:3,:6001",2014-03-10T09:13:43.370000,MQ,IA2,3000,,3000,100.0,ZNE,test,gold,MQ_IA2_GOLD_20140310_091413
"bucket1$40,:3,:6001",2014-03-10T09:28:11.699900,MQ,BAM,3000,,3000,100.0,ZNE,train,gold,MQ_BAM_GOLD_20140310_092841
"bucket1$41,:3,:6001",2014-03-10T09:28:15.179900,MQ,GBM,3000,,3000,100.0,ZNE,train,gold,MQ_GBM_GOLD_20140310_092845
"bucket1$42,:3,:6001",2014-03-10T09:28:18.260000,MQ,IA2,3000,3106.0,3000,100.0,ZNE,train,gold,MQ_IA2_GOLD_20140310_092848
"bucket1$43,:3,:6001",2014-03-10T09:28:18.379900,MQ,MLM,3000,,3000,100.0,ZNE,train,gold,MQ_MLM_GOLD_20140310_092848
"bucket1$44,:3,:6001",2014-03-10T09:30:41.999900,MQ,BAM,3000,,3000,100.0,ZNE,train,gold,MQ_BAM_GOLD_20140310_093111
"bucket1$45,:3,:6001",2014-03-10T09:30:40.259900,MQ,CPM,3000,,3000,100.0,ZNE,train,gold,MQ_CPM_GOLD_20140310_093110
"bucket1$46,:3,:6001",2014-03-10T09:30:46.429900,MQ,GBM,3000,,3000,100.0,ZNE,train,gold,MQ_GBM_GOLD_20140310_093116
"bucket6$147,:3,:6001",2014-03-10T09:30:50.039900,MQ,MLM,3000,,3000,100.0,ZNE,test,gold,MQ_MLM_GOLD_20140310_093120
"bucket1$47,:3,:6001",2014-03-10T09:38:40.149900,MQ,BAM,3000,,3000,100.0,ZNE,train,gold,MQ_BAM_GOLD_20140310_093910
"bucket1$48,:3,:6001",2014-03-10T09:38:39.049900,MQ,GBM,3000,,3000,100.0,ZNE,train,gold,MQ_GBM_GOLD_20140310_093909
"bucket1$49,:3,:6001",2014-03-10T09:38:40.020000,MQ,IA2,3000,,3000,100.0,ZNE,train,gold,MQ_IA2_GOLD_20140310_093910
"bucket1$50,:3,:6001",2014-03-10T09:38:39.160000,MQ,LAM,3000,,3000,100.0,ZNE,train,gold,MQ_LAM_GOLD_20140310_093909
"bucket1$51,:3,:6001",2014-03-10T09:38:41,MQ,SAM,3000,3141.0,3000,100.0,ZNE,train,gold,MQ_SAM_GOLD_20140310_093911
"bucket1$52,:3,:6001",2014-03-10T09:42:03.019900,MQ,BAM,3000,,3000,100.0,ZNE,train,gold,MQ_BAM_GOLD_20140310_094233
"bucket1$53,:3,:6001",2014-03-10T09:42:01.859900,MQ,CPM,3000,,3000,100.0,ZNE,train,gold,MQ_CPM_GOLD_20140310_094231
"bucket1$54,:3,:6001",2014-03-10T09:42:01.779900,MQ,GBM,3000,,3000,100.0,ZNE,train,gold,MQ_GBM_GOLD_20140310_094231
"bucket1$55,:3,:6001",2014-03-10T09:42:01.540000,MQ,LAM,3000,3189.0,3000,100.0,ZNE,train,gold,MQ_LAM_GOLD_20140310_094231
"bucket1$56,:3,:6001",2014-03-10T09:42:03.309900,MQ,MLM,3000,,3000,100.0,ZNE,train,gold,MQ_MLM_GOLD_20140310_094233
"bucket1$57,:3,:6001",2014-03-10T11:16:40.769900,MQ,BAM,3000,,3000,100.0,ZNE,train,gold,MQ_BAM_GOLD_20140310_111710
"bucket1$58,:3,:6001",2014-03-10T11:16:45.439900,MQ,GBM,3000,,3000,100.0,ZNE,train,gold,MQ_GBM_GOLD_20140310_111715
"bucket1$59,:3,:6001",2014-03-10T11:16:44.840000,MQ,LAM,3000,3134.0,3000,100.0,ZNE,train,gold,MQ_LAM_GOLD_20140310_111714
"bucket1$60,:3,:6001",2014-03-10T11:16:48.159900,MQ,MLM,3000,,3000,100.0,ZNE,train,gold,MQ_MLM_GOLD_20140310_111718
"bucket6$148,:3,:6001",2014-03-10T14:18:49.339900,MQ,BAM,3000,,3000,100.0,ZNE,test,gold,MQ_BAM_GOLD_20140310_141919
"bucket1$61,:3,:6001",2014-03-10T14:18:50.579900,MQ,GBM,3000,,3000,100.0,ZNE,train,gold,MQ_GBM_GOLD_20140310_141920
"bucket1$62,:3,:6001",2014-03-10T14:18:47.789900,MQ,MLM,3000,,3000,100.0,ZNE,train,gold,MQ_MLM_GOLD_20140310_141917
"bucket1$63,:3,:6001",2014-03-10T14:18:51.680000,MQ,SAM,3000,,3000,100.0,ZNE,train,gold,MQ_SAM_GOLD_20140310_141921
"bucket9$132,:3,:6001",2014-03-10T14:33:35.559900,MQ,BAM,3000,,3000,100.0,ZNE,dev,gold,MQ_BAM_GOLD_20140310_143405
"bucket9$133,:3,:6001",2014-03-10T14:33:36.299900,MQ,CPM,3000,,3000,100.0,ZNE,dev,gold,MQ_CPM_GOLD_20140310_143406
"bucket1$64,:3,:6001",2014-03-10T14:33:36.789900,MQ,GBM,3000,,3000,100.0,ZNE,train,gold,MQ_GBM_GOLD_20140310_143406
"bucket1$65,:3,:6001",2014-03-10T14:33:36.160000,MQ,IA2,3000,,3000,100.0,ZNE,train,gold,MQ_IA2_GOLD_20140310_143406
"bucket1$66,:3,:6001",2014-03-10T14:33:36.100000,MQ,LAM,3000,,3000,100.0,ZNE,train,gold,MQ_LAM_GOLD_20140310_143406
"bucket1$67,:3,:6001",2014-03-10T15:14:12.579900,MQ,BAM,3000,,3000,100.0,ZNE,train,gold,MQ_BAM_GOLD_20140310_151442
"bucket1$68,:3,:6001",2014-03-10T15:14:16.639900,MQ,CPM,3000,,3000,100.0,ZNE,train,gold,MQ_CPM_GOLD_20140310_151446
"bucket1$69,:3,:6001",2014-03-10T15:14:19.569900,MQ,GBM,3000,,3000,100.0,ZNE,train,gold,MQ_GBM_GOLD_20140310_151449
"bucket6$149,:3,:6001",2014-03-10T15:14:19.049900,MQ,MLM,3000,,3000,100.0,ZNE,test,gold,MQ_MLM_GOLD_20140310_151449
"bucket1$70,:3,:6001",2014-03-10T15:19:49.499900,MQ,BAM,3000,,3000,100.0,ZNE,train,gold,MQ_BAM_GOLD_20140310_152019
"bucket1$71,:3,:6001",2014-03-10T15:19:49.749900,MQ,GBM,3000,,3000,100.0,ZNE,train,gold,MQ_GBM_GOLD_20140310_152019
"bucket1$72,:3,:6001",2014-03-10T15:19:42.440000,MQ,IA2,3000,3129.0,3000,100.0,ZNE,train,gold,MQ_IA2_GOLD_20140310_152012
"bucket1$73,:3,:6001",2014-03-10T15:19:46.989900,MQ,MLM,3000,,3000,100.0,ZNE,train,gold,MQ_MLM_GOLD_20140310_152016
"bucket1$74,:3,:6001",2014-03-10T15:39:41.479900,MQ,BAM,3000,,3000,100.0,ZNE,train,gold,MQ_BAM_GOLD_20140310_154011
"bucket1$75,:3,:6001",2014-03-10T15:39:40.039900,MQ,GBM,3000,,3000,100.0,ZNE,train,gold,MQ_GBM_GOLD_20140310_154010
"bucket1$76,:3,:6001",2014-03-10T15:39:45.949900,MQ,MLM,3000,,3000,100.0,ZNE,train,gold,MQ_MLM_GOLD_20140310_154015
"bucket1$77,:3,:6001",2014-03-10T15:39:40.870000,MQ,SAM,3000,3246.0,3000,100.0,ZNE,train,gold,MQ_SAM_GOLD_20140310_154010
"bucket1$78,:3,:6001",2014-03-10T15:43:27.029900,MQ,BAM,3000,,3000,100.0,ZNE,train,gold,MQ_BAM_GOLD_20140310_154357
"bucket1$79,:3,:6001",2014-03-10T15:43:31.509900,MQ,CPM,3000,,3000,100.0,ZNE,train,gold,MQ_CPM_GOLD_20140310_154401
"bucket1$80,:3,:6001",2014-03-10T15:43:25.720000,MQ,IA2,3000,3214.0,3000,100.0,ZNE,train,gold,MQ_IA2_GOLD_20140310_154355
"bucket1$81,:3,:6001",2014-03-10T15:43:28.430000,MQ,SAM,3000,3010.0,3000,100.0,ZNE,train,gold,MQ_SAM_GOLD_20140310_154358
"bucket1$82,:3,:6001",2014-03-10T15:46:38.509900,MQ,BAM,3000,,3000,100.0,ZNE,train,gold,MQ_BAM_GOLD_20140310_154708
"bucket1$83,:3,:6001",2014-03-10T15:46:37.849900,MQ,CPM,3000,,3000,100.0,ZNE,train,gold,MQ_CPM_GOLD_20140310_154707
"bucket9$134,:3,:6001",2014-03-10T15:46:38.159900,MQ,GBM,3000,,3000,100.0,ZNE,dev,gold,MQ_GBM_GOLD_20140310_154708
"bucket1$84,:3,:6001",2014-03-10T15:46:33.379900,MQ,MLM,3000,,3000,100.0,ZNE,train,gold,MQ_MLM_GOLD_20140310_154703
"bucket1$85,:3,:6001",2014-03-10T15:56:17.139900,MQ,BAM,3000,,3000,100.0,ZNE,train,gold,MQ_BAM_GOLD_20140310_155647
"bucket1$86,:3,:6001",2014-03-10T15:56:09.309900,MQ,GBM,3000,,3000,100.0,ZNE,train,gold,MQ_GBM_GOLD_20140310_155639
"bucket1$87,:3,:6001",2014-03-10T15:56:11.729900,MQ,MLM,3000,,3000,100.0,ZNE,train,gold,MQ_MLM_GOLD_20140310_155641
"bucket1$88,:3,:6001",2014-03-10T15:56:15.130000,MQ,SAM,3000,,3000,100.0,ZNE,train,gold,MQ_SAM_GOLD_20140310_155645
"bucket1$89,:3,:6001",2014-03-10T15:56:40.709900,MQ,BAM,3000,,3000,100.0,ZNE,train,gold,MQ_BAM_GOLD_20140310_155710
"bucket1$90,:3,:6001",2014-03-10T15:56:35.939900,MQ,CPM,3000,,3000,100.0,ZNE,train,gold,MQ_CPM_GOLD_20140310_155705
"bucket1$91,:3,:6001",2014-03-10T15:56:39.589900,MQ,GBM,3000,,3000,100.0,ZNE,train,gold,MQ_GBM_GOLD_20140310_155709
"bucket1$92,:3,:6001",2014-03-10T15:56:40.510000,MQ,SAM,3000,3132.0,3000,100.0,ZNE,train,gold,MQ_SAM_GOLD_20140310_155710
"bucket1$93,:3,:6001",2014-03-10T16:02:17.209900,MQ,BAM,3000,,3000,100.0,ZNE,train,gold,MQ_BAM_GOLD_20140310_160247
"bucket1$94,:3,:6001",2014-03-10T16:02:11.769900,MQ,GBM,3000,,3000,100.0,ZNE,train,gold,MQ_GBM_GOLD_20140310_160241
"bucket1$95,:3,:6001",2014-03-10T16:02:15.939900,MQ,MLM,3000,,3000,100.0,ZNE,train,gold,MQ_MLM_GOLD_20140310_160245
"bucket1$96,:3,:6001",2014-03-10T16:02:08.820000,MQ,SAM,3000,3490.0,3000,100.0,ZNE,train,gold,MQ_SAM_GOLD_20140310_160238
"bucket1$97,:3,:6001",2014-03-10T16:06:00.799900,MQ,CPM,3000,,3000,100.0,ZNE,train,gold,MQ_CPM_GOLD_20140310_160630
"bucket1$98,:3,:6001",2014-03-10T16:05:58.809900,MQ,GBM,3000,,3000,100.0,ZNE,train,gold,MQ_GBM_GOLD_20140310_160628
"bucket6$150,:3,:6001",2014-03-10T16:05:59.290000,MQ,IA2,3000,,3000,100.0,ZNE,test,gold,MQ_IA2_GOLD_20140310_160629
"bucket1$99,:3,:6001",2014-03-10T16:06:01.089900,MQ,MLM,3000,,3000,100.0,ZNE,train,gold,MQ_MLM_GOLD_20140310_160631
"bucket1$100,:3,:6001",2014-03-10T16:20:49.669900,MQ,BAM,3000,,3000,100.0,ZNE,train,gold,MQ_BAM_GOLD_20140310_162119
"bucket1$101,:3,:6001",2014-03-10T16:20:49.080000,MQ,IA2,3000,3124.0,3000,100.0,ZNE,train,gold,MQ_IA2_GOLD_20140310_162119
"bucket6$151,:3,:6001",2014-03-10T16:20:53.070000,MQ,LAM,3000,,3000,100.0,ZNE,test,gold,MQ_LAM_GOLD_20140310_162123
"bucket1$102,:3,:6001",2014-03-10T16:20:44.140000,MQ,SAM,3000,,3000,100.0,ZNE,train,gold,MQ_SAM_GOLD_20140310_162114
"bucket1$103,:3,:6001",2014-03-10T16:28:10.749900,MQ,BAM,3000,,3000,100.0,ZNE,train,gold,MQ_BAM_GOLD_20140310_162840
"bucket1$104,:3,:6001",2014-03-10T16:28:13.379900,MQ,CPM,3000,,3000,100.0,ZNE,train,gold,MQ_CPM_GOLD_20140310_162843
"bucket1$105,:3,:6001",2014-03-10T16:28:20.050000,MQ,IA2,3000,3138.0,3000,100.0,ZNE,train,gold,MQ_IA2_GOLD_20140310_162850
"bucket6$152,:3,:6001",2014-03-10T16:28:16.749900,MQ,MLM,3000,,3000,100.0,ZNE,test,gold,MQ_MLM_GOLD_20140310_162846
"bucket6$153,:3,:6001",2014-03-10T16:57:49.079900,MQ,BAM,3000,,3000,100.0,ZNE,test,gold,MQ_BAM_GOLD_20140310_165819
"bucket1$106,:3,:6001",2014-03-10T16:57:48.119900,MQ,CPM,3000,,3000,100.0,ZNE,train,gold,MQ_CPM_GOLD_20140310_165818
"bucket1$107,:3,:6001",2014-03-10T16:57:44.159900,MQ,GBM,3000,,3000,100.0,ZNE,train,gold,MQ_GBM_GOLD_20140310_165814
"bucket1$108,:3,:6001",2014-03-10T16:57:43.909900,MQ,MLM,3000,,3000,100.0,ZNE,train,gold,MQ_MLM_GOLD_20140310_165813
"bucket1$109,:3,:6001",2014-03-10T16:57:46.310000,MQ,SAM,3000,,3000,100.0,ZNE,train,gold,MQ_SAM_GOLD_20140310_165816
"bucket1$110,:3,:6001",2014-03-10T18:28:01.519900,MQ,BAM,3000,,3000,100.0,ZNE,train,gold,MQ_BAM_GOLD_20140310_182831
"bucket1$111,:3,:6001",2014-03-10T18:28:02.119900,MQ,CPM,3000,,3000,100.0,ZNE,train,gold,MQ_CPM_GOLD_20140310_182832
"bucket1$112,:3,:6001",2014-03-10T18:28:02.119900,MQ,GBM,3000,,3000,100.0,ZNE,train,gold,MQ_GBM_GOLD_20140310_182832
"bucket1$113,:3,:6001",2014-03-10T18:27:57.050000,MQ,SAM,3000,3087.0,3000,100.0,ZNE,train,gold,MQ_SAM_GOLD_20140310_182827
"bucket1$114,:3,:6001",2014-03-10T18:44:18.649900,MQ,BAM,3000,,3000,100.0,ZNE,train,gold,MQ_BAM_GOLD_20140310_184448
"bucket1$115,:3,:6001",2014-03-10T18:44:17.809900,MQ,CPM,3000,,3000,100.0,ZNE,train,gold,MQ_CPM_GOLD_20140310_184447
"bucket1$116,:3,:6001",2014-03-10T18:44:17.169900,MQ,GBM,3000,,3000,100.0,ZNE,train,gold,MQ_GBM_GOLD_20140310_184447
"bucket1$117,:3,:6001",2014-03-10T18:44:17.810000,MQ,SAM,3000,,3000,100.0,ZNE,train,gold,MQ_SAM_GOLD_20140310_184447
"bucket1$118,:3,:6001",2014-03-10T19:25:34.379900,MQ,BAM,3000,,3000,100.0,ZNE,train,gold,MQ_BAM_GOLD_20140310_192604
"bucket1$119,:3,:6001",2014-03-10T19:25:31.430000,MQ,LAM,3000,3015.0,3000,100.0,ZNE,train,gold,MQ_LAM_GOLD_20140310_192601
"bucket1$120,:3,:6001",2014-03-10T19:25:36.629900,MQ,MLM,3000,,3000,100.0,ZNE,train,gold,MQ_MLM_GOLD_20140310_192606
"bucket1$121,:3,:6001",2014-03-10T19:25:29.570000,MQ,SAM,3000,3054.0,3000,100.0,ZNE,train,gold,MQ_SAM_GOLD_20140310_192559
"bucket9$135,:3,:6001",2014-03-10T20:03:36.379900,MQ,BAM,3000,,3000,100.0,ZNE,dev,gold,MQ_BAM_GOLD_20140310_200406
"bucket6$154,:3,:6001",2014-03-10T20:03:34.259900,MQ,GBM,3000,,3000,100.0,ZNE,test,gold,MQ_GBM_GOLD_20140310_200404
"bucket1$122,:3,:6001",2014-03-10T20:03:39.510000,MQ,LAM,3000,3195.0,3000,100.0,ZNE,train,gold,MQ_LAM_GOLD_20140310_200409
"bucket6$155,:3,:6001",2014-03-10T20:03:37.869900,MQ,MLM,3000,,3000,100.0,ZNE,test,gold,MQ_MLM_GOLD_20140310_200407
"bucket9$136,:3,:6001",2014-03-10T20:29:03.329900,MQ,CPM,3000,,3000,100.0,ZNE,dev,gold,MQ_CPM_GOLD_20140310_202933
"bucket1$123,:3,:6001",2014-03-10T20:29:06.710000,MQ,IA2,3000,3190.0,3000,100.0,ZNE,train,gold,MQ_IA2_GOLD_20140310_202936
"bucket1$124,:3,:6001",2014-03-10T20:29:00.330000,MQ,LAM,3000,3136.0,3000,100.0,ZNE,train,gold,MQ_LAM_GOLD_20140310_202930
"bucket1$125,:3,:6001",2014-03-10T20:28:59.320000,MQ,SAM,3000,3103.0,3000,100.0,ZNE,train,gold,MQ_SAM_GOLD_20140310_202929
"bucket1$126,:3,:6001",2014-03-10T20:30:19.189900,MQ,BAM,3000,,3000,100.0,ZNE,train,gold,MQ_BAM_GOLD_20140310_203049
"bucket1$127,:3,:6001",2014-03-10T20:30:12.449900,MQ,GBM,3000,,3000,100.0,ZNE,train,gold,MQ_GBM_GOLD_20140310_203042
"bucket6$156,:3,:6001",2014-03-10T20:30:15.240000,MQ,IA2,3000,3269.0,3000,100.0,ZNE,test,gold,MQ_IA2_GOLD_20140310_203045
"bucket6$157,:3,:6001",2014-03-10T20:30:15.059900,MQ,MLM,3000,,3000,100.0,ZNE,test,gold,MQ_MLM_GOLD_20140310_203045
"bucket1$128,:3,:6001",2014-03-10T20:49:41.749900,MQ,BAM,3000,,3000,100.0,ZNE,train,gold,MQ_BAM_GOLD_20140310_205011
"bucket6$158,:3,:6001",2014-03-10T20:49:42.819900,MQ,CPM,3000,,3000,100.0,ZNE,test,gold,MQ_CPM_GOLD_20140310_205012
"bucket9$137,:3,:6001",2014-03-10T20:49:37.979900,MQ,GBM,3000,,3000,100.0,ZNE,dev,gold,MQ_GBM_GOLD_20140310_205007
"bucket1$129,:3,:6001",2014-03-10T20:49:41.800000,MQ,LAM,3000,3187.0,3000,100.0,ZNE,train,gold,MQ_LAM_GOLD_20140310_205011
"bucket1$130,:3,:6001",2014-03-10T21:32:48.989900,MQ,BAM,3000,,3000,100.0,ZNE,train,gold,MQ_BAM_GOLD_20140310_213318
"bucket1$131,:3,:6001",2014-03-10T21:32:47.749900,MQ,GBM,3000,,3000,100.0,ZNE,train,gold,MQ_GBM_GOLD_20140310_213317
"bucket1$132,:3,:6001",2014-03-10T21:32:48.840000,MQ,LAM,3000,,3000,100.0,ZNE,train,gold,MQ_LAM_GOLD_20140310_213318
"bucket1$133,:3,:6001",2014-03-10T21:32:46.720000,MQ,SAM,3000,3170.0,3000,100.0,ZNE,train,gold,MQ_SAM_GOLD_20140310_213316
"bucket9$138,:3,:6001",2014-03-10T21:56:00.589900,MQ,BAM,3000,,3000,100.0,ZNE,dev,gold,MQ_BAM_GOLD_20140310_215630
"bucket1$134,:3,:6001",2014-03-10T21:55:57.549900,MQ,CPM,3000,,3000,100.0,ZNE,train,gold,MQ_CPM_GOLD_20140310_215627
"bucket1$135,:3,:6001",2014-03-10T21:55:57.560000,MQ,IA2,3000,,3000,100.0,ZNE,train,gold,MQ_IA2_GOLD_20140310_215627
"bucket1$136,:3,:6001",2014-03-10T21:56:00.550000,MQ,LAM,3000,,3000,100.0,ZNE,train,gold,MQ_LAM_GOLD_20140310_215630
"bucket1$137,:3,:6001",2014-03-10T22:15:10.019900,MQ,BAM,3000,,3000,100.0,ZNE,train,gold,MQ_BAM_GOLD_20140310_221540
"bucket1$138,:3,:6001",2014-03-10T22:15:16.239900,MQ,GBM,3000,,3000,100.0,ZNE,train,gold,MQ_GBM_GOLD_20140310_221546
"bucket6$159,:3,:6001",2014-03-10T22:15:14.770000,MQ,LAM,3000,3092.0,3000,100.0,ZNE,test,gold,MQ_LAM_GOLD_20140310_221544
"bucket1$139,:3,:6001",2014-03-10T22:15:13.770000,MQ,SAM,3000,3167.0,3000,100.0,ZNE,train,gold,MQ_SAM_GOLD_20140310_221543
"bucket1$140,:3,:6001",2014-03-11T04:04:07.789900,MQ,BAM,3000,,3000,100.0,ZNE,train,gold,MQ_BAM_GOLD_20140311_040437
"bucket9$139,:3,:6001",2014-03-11T04:04:07.579900,MQ,CPM,3000,,3000,100.0,ZNE,dev,gold,MQ_CPM_GOLD_20140311_040437
"bucket1$141,:3,:6001",2014-03-11T04:04:07.739900,MQ,GBM,3000,,3000,100.0,ZNE,train,gold,MQ_GBM_GOLD_20140311_040437
"bucket9$140,:3,:6001",2014-03-11T04:04:08.060000,MQ,LAM,3000,3062.0,3000,100.0,ZNE,dev,gold,MQ_LAM_GOLD_20140311_040438
"bucket1$142,:3,:6001",2014-03-11T04:04:07.680000,MQ,SAM,3000,,3000,100.0,ZNE,train,gold,MQ_SAM_GOLD_20140311_040437
"bucket9$141,:3,:6001",2014-03-11T07:33:19.239900,MQ,BAM,3000,,3000,100.0,ZNE,dev,gold,MQ_BAM_GOLD_20140311_073349
"bucket1$143,:3,:6001",2014-03-11T07:33:18.599900,MQ,GBM,3000,,3000,100.0,ZNE,train,gold,MQ_GBM_GOLD_20140311_073348
"bucket1$144,:3,:6001",2014-03-11T07:33:18.580000,MQ,LAM,3000,3043.0,3000,100.0,ZNE,train,gold,MQ_LAM_GOLD_20140311_073348
"bucket1$145,:3,:6001",2014-03-11T07:33:19.690000,MQ,SAM,3000,,3000,100.0,ZNE,train,gold,MQ_SAM_GOLD_20140311_073349
"bucket9$142,:3,:6001",2014-03-11T08:22:14.269900,MQ,BAM,3000,,3000,100.0,ZNE,dev,gold,MQ_BAM_GOLD_20140311_082244
"bucket1$146,:3,:6001",2014-03-11T08:22:18.779900,MQ,CPM,3000,,3000,100.0,ZNE,train,gold,MQ_CPM_GOLD_20140311_082248
"bucket1$147,:3,:6001",2014-03-11T08:22:15.779900,MQ,GBM,3000,,3000,100.0,ZNE,train,gold,MQ_GBM_GOLD_20140311_082245
"bucket1$148,:3,:6001",2014-03-11T08:22:19.579900,MQ,MLM,3000,,3000,100.0,ZNE,train,gold,MQ_MLM_GOLD_20140311_082249
"bucket9$143,:3,:6001",2014-03-11T08:31:23.069900,MQ,BAM,3000,,3000,100.0,ZNE,dev,gold,MQ_BAM_GOLD_20140311_083153
"bucket6$160,:3,:6001",2014-03-11T08:31:31.719900,MQ,GBM,3000,,3000,100.0,ZNE,test,gold,MQ_GBM_GOLD_20140311_083201
"bucket1$149,:3,:6001",2014-03-11T08:31:28.200000,MQ,LAM,3000,,3000,100.0,ZNE,train,gold,MQ_LAM_GOLD_20140311_083158
"bucket6$161,:3,:6001",2014-03-11T08:31:26.089900,MQ,MLM,3000,,3000,100.0,ZNE,test,gold,MQ_MLM_GOLD_20140311_083156
"bucket1$150,:3,:6001",2014-03-11T08:46:25.759900,MQ,BAM,3000,,3000,100.0,ZNE,train,gold,MQ_BAM_GOLD_20140311_084655
"bucket1$151,:3,:6001",2014-03-11T08:46:24.149900,MQ,CPM,3000,,3000,100.0,ZNE,train,gold,MQ_CPM_GOLD_20140311_084654
"bucket1$152,:3,:6001",2014-03-11T08:46:24.190000,MQ,LAM,3000,3065.0,3000,100.0,ZNE,train,gold,MQ_LAM_GOLD_20140311_084654
"bucket1$153,:3,:6001",2014-03-11T08:46:25.680000,MQ,SAM,3000,3164.0,3000,100.0,ZNE,train,gold,MQ_SAM_GOLD_20140311_084655
"bucket1$154,:3,:6001",2014-03-11T09:02:05.849900,MQ,BAM,3000,,3000,100.0,ZNE,train,gold,MQ_BAM_GOLD_20140311_090235
"bucket1$155,:3,:6001",2014-03-11T09:02:06.679900,MQ,CPM,3000,,3000,100.0,ZNE,train,gold,MQ_CPM_GOLD_20140311_090236
"bucket6$162,:3,:6001",2014-03-11T09:02:05.969900,MQ,GBM,3000,,3000,100.0,ZNE,test,gold,MQ_GBM_GOLD_20140311_090235
"bucket6$163,:3,:6001",2014-03-11T09:02:06.680000,MQ,SAM,3000,3002.0,3000,100.0,ZNE,test,gold,MQ_SAM_GOLD_20140311_090236
"bucket1$156,:3,:6001",2014-03-11T09:43:58.669900,MQ,CPM,3000,,3000,100.0,ZNE,train,gold,MQ_CPM_GOLD_20140311_094428
"bucket1$157,:3,:6001",2014-03-11T09:44:03.610000,MQ,IA2,3000,3149.0,3000,100.0,ZNE,train,gold,MQ_IA2_GOLD_20140311_094433
"bucket6$164,:3,:6001",2014-03-11T09:44:02.329900,MQ,MLM,3000,,3000,100.0,ZNE,test,gold,MQ_MLM_GOLD_20140311_094432
"bucket1$158,:3,:6001",2014-03-11T09:44:06.370000,MQ,SAM,3000,,3000,100.0,ZNE,train,gold,MQ_SAM_GOLD_20140311_094436
"bucket1$159,:3,:6001",2014-03-11T11:56:18.739900,MQ,BAM,3000,,3000,100.0,ZNE,train,gold,MQ_BAM_GOLD_20140311_115648
"bucket1$160,:3,:6001",2014-03-11T11:56:24.819900,MQ,CPM,3000,,3000,100.0,ZNE,train,gold,MQ_CPM_GOLD_20140311_115654
"bucket6$165,:3,:6001",2014-03-11T11:56:15.519900,MQ,GBM,3000,,3000,100.0,ZNE,test,gold,MQ_GBM_GOLD_20140311_115645
"bucket1$161,:3,:6001",2014-03-11T11:56:16.670000,MQ,SAM,3000,3414.0,3000,100.0,ZNE,train,gold,MQ_SAM_GOLD_20140311_115646
"bucket1$162,:3,:6001",2014-03-11T12:07:05.499900,MQ,BAM,3000,,3000,100.0,ZNE,train,gold,MQ_BAM_GOLD_20140311_120735
"bucket1$163,:3,:6001",2014-03-11T12:07:02.169900,MQ,GBM,3000,,3000,100.0,ZNE,train,gold,MQ_GBM_GOLD_20140311_120732
"bucket9$144,:3,:6001",2014-03-11T12:07:01.479900,MQ,MLM,3000,,3000,100.0,ZNE,dev,gold,MQ_MLM_GOLD_20140311_120731
"bucket1$164,:3,:6001",2014-03-11T12:06:58.040000,MQ,SAM,3000,3100.0,3000,100.0,ZNE,train,gold,MQ_SAM_GOLD_20140311_120728
"bucket1$165,:3,:6001",2014-03-11T16:14:41.149900,MQ,BAM,3000,,3000,100.0,ZNE,train,gold,MQ_BAM_GOLD_20140311_161511
"bucket1$166,:3,:6001",2014-03-11T16:14:31.299900,MQ,CPM,3000,,3000,100.0,ZNE,train,gold,MQ_CPM_GOLD_20140311_161501
"bucket1$167,:3,:6001",2014-03-11T16:14:34.880000,MQ,IA2,3000,,3000,100.0,ZNE,train,gold,MQ_IA2_GOLD_20140311_161504
"bucket1$168,:3,:6001",2014-03-11T16:14:38.079900,MQ,MLM,3000,,3000,100.0,ZNE,train,gold,MQ_MLM_GOLD_20140311_161508
"bucket6$166,:3,:6001",2014-03-11T16:14:40.310000,MQ,SAM,3000,,3000,100.0,ZNE,test,gold,MQ_SAM_GOLD_20140311_161510
"bucket1$169,:3,:6001",2014-03-11T16:33:39.519900,MQ,BAM,3000,,3000,100.0,ZNE,train,gold,MQ_BAM_GOLD_20140311_163409
"bucket1$170,:3,:6001",2014-03-11T16:33:42.789900,MQ,GBM,3000,,3000,100.0,ZNE,train,gold,MQ_GBM_GOLD_20140311_163412
"bucket6$167,:3,:6001",2014-03-11T16:33:42.850000,MQ,IA2,3000,3295.0,3000,100.0,ZNE,test,gold,MQ_IA2_GOLD_20140311_163412
"bucket1$171,:3,:6001",2014-03-11T16:33:44.469900,MQ,MLM,3000,,3000,100.0,ZNE,train,gold,MQ_MLM_GOLD_20140311_163414
"bucket1$172,:3,:6001",2014-03-11T16:33:35.260000,MQ,SAM,3000,3123.0,3000,100.0,ZNE,train,gold,MQ_SAM_GOLD_20140311_163405
"bucket1$173,:3,:6001",2014-03-11T16:34:04.959900,MQ,BAM,3000,,3000,100.0,ZNE,train,gold,MQ_BAM_GOLD_20140311_163434
"bucket9$145,:3,:6001",2014-03-11T16:33:58.809900,MQ,CPM,3000,,3000,100.0,ZNE,dev,gold,MQ_CPM_GOLD_20140311_163428
"bucket9$146,:3,:6001",2014-03-11T16:34:04.109900,MQ,GBM,3000,,3000,100.0,ZNE,dev,gold,MQ_GBM_GOLD_20140311_163434
"bucket1$174,:3,:6001",2014-03-11T16:34:02.719900,MQ,MLM,3000,,3000,100.0,ZNE,train,gold,MQ_MLM_GOLD_20140311_163432
"bucket1$175,:3,:6001",2014-03-11T17:18:28.939900,MQ,BAM,3000,,3000,100.0,ZNE,train,gold,MQ_BAM_GOLD_20140311_171858
"bucket1$176,:3,:6001",2014-03-11T17:18:29.739900,MQ,GBM,3000,,3000,100.0,ZNE,train,gold,MQ_GBM_GOLD_20140311_171859
"bucket1$177,:3,:6001",2014-03-11T17:18:31.300000,MQ,LAM,3000,,3000,100.0,ZNE,train,gold,MQ_LAM_GOLD_20140311_171901
"bucket9$147,:3,:6001",2014-03-11T17:18:28.780000,MQ,SAM,3000,3450.0,3000,100.0,ZNE,dev,gold,MQ_SAM_GOLD_20140311_171858
"bucket1$178,:3,:6001",2014-03-11T18:11:00.339900,MQ,BAM,3000,,3000,100.0,ZNE,train,gold,MQ_BAM_GOLD_20140311_181130
"bucket1$179,:3,:6001",2014-03-11T18:10:56.869900,MQ,CPM,3000,,3000,100.0,ZNE,train,gold,MQ_CPM_GOLD_20140311_181126
"bucket1$180,:3,:6001",2014-03-11T18:10:57.889900,MQ,MLM,3000,,3000,100.0,ZNE,train,gold,MQ_MLM_GOLD_20140311_181127
"bucket1$181,:3,:6001",2014-03-11T18:11:01.220000,MQ,SAM,3000,,3000,100.0,ZNE,train,gold,MQ_SAM_GOLD_20140311_181131
"bucket1$182,:3,:6001",2014-03-11T18:11:20.769900,MQ,BAM,3000,,3000,100.0,ZNE,train,gold,MQ_BAM_GOLD_20140311_181150
"bucket6$168,:3,:6001",2014-03-11T18:11:11.889900,MQ,GBM,3000,,3000,100.0,ZNE,test,gold,MQ_GBM_GOLD_20140311_181141
"bucket1$183,:3,:6001",2014-03-11T18:11:16.009900,MQ,MLM,3000,,3000,100.0,ZNE,train,gold,MQ_MLM_GOLD_20140311_181146
"bucket1$184,:3,:6001",2014-03-11T18:11:19.040000,MQ,SAM,3000,3363.0,3000,100.0,ZNE,train,gold,MQ_SAM_GOLD_20140311_181149
"bucket1$185,:3,:6001",2014-03-11T18:22:54.549900,MQ,BAM,3000,,3000,100.0,ZNE,train,gold,MQ_BAM_GOLD_20140311_182324
"bucket1$186,:3,:6001",2014-03-11T18:22:55.439900,MQ,GBM,3000,,3000,100.0,ZNE,train,gold,MQ_GBM_GOLD_20140311_182325
"bucket1$187,:3,:6001",2014-03-11T18:22:49.230000,MQ,LAM,3000,3146.0,3000,100.0,ZNE,train,gold,MQ_LAM_GOLD_20140311_182319
"bucket1$188,:3,:6001",2014-03-11T18:22:51.350000,MQ,SAM,3000,3191.0,3000,100.0,ZNE,train,gold,MQ_SAM_GOLD_20140311_182321
"bucket1$189,:3,:6001",2014-03-11T18:23:50.079900,MQ,BAM,3000,,3000,100.0,ZNE,train,gold,MQ_BAM_GOLD_20140311_182420
"bucket1$190,:3,:6001",2014-03-11T18:23:52.279900,MQ,GBM,3000,,3000,100.0,ZNE,train,gold,MQ_GBM_GOLD_20140311_182422
"bucket1$191,:3,:6001",2014-03-11T18:23:49.889900,MQ,MLM,3000,,3000,100.0,ZNE,train,gold,MQ_MLM_GOLD_20140311_182419
"bucket1$192,:3,:6001",2014-03-11T18:23:50.330000,MQ,SAM,3000,,3000,100.0,ZNE,train,gold,MQ_SAM_GOLD_20140311_182420
"bucket1$193,:3,:6001",2014-03-11T18:26:21.139900,MQ,BAM,3000,,3000,100.0,ZNE,train,gold,MQ_BAM_GOLD_20140311_182651
"bucket1$194,:3,:6001",2014-03-11T18:26:16.729900,MQ,GBM,3000,,3000,100.0,ZNE,train,gold,MQ_GBM_GOLD_20140311_182646
"bucket9$148,:3,:6001",2014-03-11T18:26:17.609900,MQ,MLM,3000,,3000,100.0,ZNE,dev,gold,MQ_MLM_GOLD_20140311_182647
"bucket9$149,:3,:6001",2014-03-11T18:26:13.420000,MQ,SAM,3000,3031.0,3000,100.0,ZNE,dev,gold,MQ_SAM_GOLD_20140311_182643
"bucket9$150,:3,:6001",2014-03-11T18:28:21.139900,MQ,BAM,3000,,3000,100.0,ZNE,dev,gold,MQ_BAM_GOLD_20140311_182851
"bucket1$195,:3,:6001",2014-03-11T18:28:22.249900,MQ,CPM,3000,,3000,100.0,ZNE,train,gold,MQ_CPM_GOLD_20140311_182852
"bucket6$169,:3,:6001",2014-03-11T18:28:25.549900,MQ,GBM,3000,,3000,100.0,ZNE,test,gold,MQ_GBM_GOLD_20140311_182855
"bucket1$196,:3,:6001",2014-03-11T18:28:24.770000,MQ,LAM,3000,,3000,100.0,ZNE,train,gold,MQ_LAM_GOLD_20140311_182854
"bucket1$197,:3,:6001",2014-03-11T18:28:19.250000,MQ,SAM,3000,3102.0,3000,100.0,ZNE,train,gold,MQ_SAM_GOLD_20140311_182849
"bucket1$198,:3,:6001",2014-03-11T18:33:20.819900,MQ,BAM,3000,,3000,100.0,ZNE,train,gold,MQ_BAM_GOLD_20140311_183350
"bucket1$199,:3,:6001",2014-03-11T18:33:16.229900,MQ,GBM,3000,,3000,100.0,ZNE,train,gold,MQ_GBM_GOLD_20140311_183346
"bucket1$200,:3,:6001",2014-03-11T18:33:16.929900,MQ,MLM,3000,,3000,100.0,ZNE,train,gold,MQ_MLM_GOLD_20140311_183346
"bucket1$201,:3,:6001",2014-03-11T18:33:17.690000,MQ,SAM,3000,3157.0,3000,100.0,ZNE,train,gold,MQ_SAM_GOLD_20140311_183347
"bucket1$202,:3,:6001",2014-03-11T19:25:27.299900,MQ,BAM,3000,,3000,100.0,ZNE,train,gold,MQ_BAM_GOLD_20140311_192557
"bucket1$203,:3,:6001",2014-03-11T19:25:22.829900,MQ,GBM,3000,,3000,100.0,ZNE,train,gold,MQ_GBM_GOLD_20140311_192552
"bucket1$204,:3,:6001",2014-03-11T19:25:24.430000,MQ,IA2,3000,3202.0,3000,100.0,ZNE,train,gold,MQ_IA2_GOLD_20140311_192554
"bucket1$205,:3,:6001",2014-03-11T19:25:19.620000,MQ,LAM,3000,,3000,100.0,ZNE,train,gold,MQ_LAM_GOLD_20140311_192549
"bucket1$206,:3,:6001",2014-03-11T20:49:52.759900,MQ,CPM,3000,,3000,100.0,ZNE,train,gold,MQ_CPM_GOLD_20140311_205022
"bucket1$207,:3,:6001",2014-03-11T20:49:52.920000,MQ,IA2,3000,,3000,100.0,ZNE,train,gold,MQ_IA2_GOLD_20140311_205022
"bucket1$208,:3,:6001",2014-03-11T20:49:52.600000,MQ,LAM,3000,,3000,100.0,ZNE,train,gold,MQ_LAM_GOLD_20140311_205022
"bucket1$209,:3,:6001",2014-03-11T20:49:52.989900,MQ,MLM,3000,,3000,100.0,ZNE,train,gold,MQ_MLM_GOLD_20140311_205022
"bucket1$210,:3,:6001",2014-03-11T20:50:09.469900,MQ,BAM,3000,,3000,100.0,ZNE,train,gold,MQ_BAM_GOLD_20140311_205039
"bucket1$211,:3,:6001",2014-03-11T20:50:11.329900,MQ,CPM,3000,,3000,100.0,ZNE,train,gold,MQ_CPM_GOLD_20140311_205041
"bucket1$212,:3,:6001",2014-03-11T20:50:10.439900,MQ,GBM,3000,,3000,100.0,ZNE,train,gold,MQ_GBM_GOLD_20140311_205040
"bucket9$151,:3,:6001",2014-03-11T20:50:08.990000,MQ,IA2,3000,3215.0,3000,100.0,ZNE,dev,gold,MQ_IA2_GOLD_20140311_205038
"bucket9$152,:3,:6001",2014-03-11T20:50:11.999900,MQ,MLM,3000,,3000,100.0,ZNE,dev,gold,MQ_MLM_GOLD_20140311_205041
"bucket1$213,:3,:6001",2014-03-11T23:10:28.969900,MQ,BAM,3000,,3000,100.0,ZNE,train,gold,MQ_BAM_GOLD_20140311_231058
"bucket1$214,:3,:6001",2014-03-11T23:10:28.409900,MQ,CPM,3000,,3000,100.0,ZNE,train,gold,MQ_CPM_GOLD_20140311_231058
"bucket1$215,:3,:6001",2014-03-11T23:10:27.570000,MQ,IA2,3000,3183.0,3000,100.0,ZNE,train,gold,MQ_IA2_GOLD_20140311_231057
"bucket6$170,:3,:6001",2014-03-11T23:10:28.330000,MQ,SAM,3000,3100.0,3000,100.0,ZNE,test,gold,MQ_SAM_GOLD_20140311_231058
"bucket1$216,:3,:6001",2014-03-12T05:40:12.399900,MQ,BAM,3000,,3000,100.0,ZNE,train,gold,MQ_BAM_GOLD_20140312_054042
"bucket1$217,:3,:6001",2014-03-12T05:40:07.029900,MQ,CPM,3000,,3000,100.0,ZNE,train,gold,MQ_CPM_GOLD_20140312_054037
"bucket1$218,:3,:6001",2014-03-12T05:40:09.680000,MQ,LAM,3000,,3000,100.0,ZNE,train,gold,MQ_LAM_GOLD_20140312_054039
"bucket6$171,:3,:6001",2014-03-12T05:40:16.909900,MQ,MLM,3000,,3000,100.0,ZNE,test,gold,MQ_MLM_GOLD_20140312_054046
"bucket1$219,:3,:6001",2014-03-12T08:21:40.929900,MQ,BAM,3000,,3000,100.0,ZNE,train,gold,MQ_BAM_GOLD_20140312_082210
"bucket9$153,:3,:6001",2014-03-12T08:21:41.729900,MQ,CPM,3000,,3000,100.0,ZNE,dev,gold,MQ_CPM_GOLD_20140312_082211
"bucket1$220,:3,:6001",2014-03-12T08:21:40.769900,MQ,GBM,3000,,3000,100.0,ZNE,train,gold,MQ_GBM_GOLD_20140312_082210
"bucket1$221,:3,:6001",2014-03-12T08:21:41.320000,MQ,IA2,3000,3053.0,3000,100.0,ZNE,train,gold,MQ_IA2_GOLD_20140312_082211
"bucket6$172,:3,:6001",2014-03-12T08:21:40.920000,MQ,LAM,3000,,3000,100.0,ZNE,test,gold,MQ_LAM_GOLD_20140312_082210
"bucket9$154,:3,:6001",2014-03-12T08:21:41.720000,MQ,SAM,3000,,3000,100.0,ZNE,dev,gold,MQ_SAM_GOLD_20140312_082211
"bucket1$222,:3,:6001",2014-03-12T08:32:12.959900,MQ,BAM,3000,,3000,100.0,ZNE,train,gold,MQ_BAM_GOLD_20140312_083242
"bucket1$223,:3,:6001",2014-03-12T08:32:08.259900,MQ,CPM,3000,,3000,100.0,ZNE,train,gold,MQ_CPM_GOLD_20140312_083238
"bucket9$155,:3,:6001",2014-03-12T08:32:08.299900,MQ,GBM,3000,,3000,100.0,ZNE,dev,gold,MQ_GBM_GOLD_20140312_083238
"bucket9$156,:3,:6001",2014-03-12T08:32:12.150000,MQ,SAM,3000,3173.0,3000,100.0,ZNE,dev,gold,MQ_SAM_GOLD_20140312_083242
"bucket1$224,:3,:6001",2014-03-12T10:11:40.599900,MQ,BAM,3000,,3000,100.0,ZNE,train,gold,MQ_BAM_GOLD_20140312_101210
"bucket1$225,:3,:6001",2014-03-12T10:11:37.949900,MQ,GBM,3000,,3000,100.0,ZNE,train,gold,MQ_GBM_GOLD_20140312_101207
"bucket1$226,:3,:6001",2014-03-12T10:11:42.159900,MQ,MLM,3000,,3000,100.0,ZNE,train,gold,MQ_MLM_GOLD_20140312_101212
"bucket1$227,:3,:6001",2014-03-12T10:11:47.130000,MQ,SAM,3000,,3000,100.0,ZNE,train,gold,MQ_SAM_GOLD_20140312_101217
"bucket1$228,:3,:6001",2014-03-12T11:17:14.939900,MQ,BAM,3000,,3000,100.0,ZNE,train,gold,MQ_BAM_GOLD_20140312_111744
"bucket1$229,:3,:6001",2014-03-12T11:17:15.749900,MQ,CPM,3000,,3000,100.0,ZNE,train,gold,MQ_CPM_GOLD_20140312_111745
"bucket1$230,:3,:6001",2014-03-12T11:17:18.499900,MQ,GBM,3000,,3000,100.0,ZNE,train,gold,MQ_GBM_GOLD_20140312_111748
"bucket1$231,:3,:6001",2014-03-12T11:17:14.709900,MQ,MLM,3000,,3000,100.0,ZNE,train,gold,MQ_MLM_GOLD_20140312_111744
"bucket9$157,:3,:6001",2014-03-12T12:01:32.149900,MQ,BAM,3000,,3000,100.0,ZNE,dev,gold,MQ_BAM_GOLD_20140312_120202
"bucket1$232,:3,:6001",2014-03-12T12:01:31.469900,MQ,CPM,3000,,3000,100.0,ZNE,train,gold,MQ_CPM_GOLD_20140312_120201
"bucket1$233,:3,:6001",2014-03-12T12:01:30.569900,MQ,GBM,3000,,3000,100.0,ZNE,train,gold,MQ_GBM_GOLD_20140312_120200
"bucket1$234,:3,:6001",2014-03-12T12:01:36.599900,MQ,MLM,3000,,3000,100.0,ZNE,train,gold,MQ_MLM_GOLD_20140312_120206
"bucket1$235,:3,:6001",2014-03-12T14:26:30.179900,MQ,BAM,3000,,3000,100.0,ZNE,train,gold,MQ_BAM_GOLD_20140312_142700
"bucket1$236,:3,:6001",2014-03-12T14:26:27.379900,MQ,CPM,3000,,3000,100.0,ZNE,train,gold,MQ_CPM_GOLD_20140312_142657
"bucket6$173,:3,:6001",2014-03-12T14:26:25.729900,MQ,GBM,3000,,3000,100.0,ZNE,test,gold,MQ_GBM_GOLD_20140312_142655
"bucket6$174,:3,:6001",2014-03-12T14:26:24.670000,MQ,IA2,3000,,3000,100.0,ZNE,test,gold,MQ_IA2_GOLD_20140312_142654
"bucket6$175,:3,:6001",2014-03-12T14:51:53.759900,MQ,BAM,3000,,3000,100.0,ZNE,test,gold,MQ_BAM_GOLD_20140312_145223
"bucket1$237,:3,:6001",2014-03-12T14:51:52.759900,MQ,GBM,3000,,3000,100.0,ZNE,train,gold,MQ_GBM_GOLD_20140312_145222
"bucket1$238,:3,:6001",2014-03-12T14:51:51.400000,MQ,LAM,3000,3261.0,3000,100.0,ZNE,train,gold,MQ_LAM_GOLD_20140312_145221
"bucket1$239,:3,:6001",2014-03-12T14:51:56.669900,MQ,MLM,3000,,3000,100.0,ZNE,train,gold,MQ_MLM_GOLD_20140312_145226
"bucket1$240,:3,:6001",2014-03-12T16:47:10.269900,MQ,BAM,3000,,3000,100.0,ZNE,train,gold,MQ_BAM_GOLD_20140312_164740
"bucket6$176,:3,:6001",2014-03-12T16:47:08.179900,MQ,CPM,3000,,3000,100.0,ZNE,test,gold,MQ_CPM_GOLD_20140312_164738
"bucket1$241,:3,:6001",2014-03-12T16:47:06.649900,MQ,GBM,3000,,3000,100.0,ZNE,train,gold,MQ_GBM_GOLD_20140312_164736
"bucket9$158,:3,:6001",2014-03-12T16:47:08.069900,MQ,MLM,3000,,3000,100.0,ZNE,dev,gold,MQ_MLM_GOLD_20140312_164738
"bucket9$159,:3,:6001",2014-03-12T16:50:13.609900,MQ,BAM,3000,,3000,100.0,ZNE,dev,gold,MQ_BAM_GOLD_20140312_165043
"bucket1$242,:3,:6001",2014-03-12T16:50:10.389900,MQ,CPM,3000,,3000,100.0,ZNE,train,gold,MQ_CPM_GOLD_20140312_165040
"bucket9$160,:3,:6001",2014-03-12T16:50:11.849900,MQ,GBM,3000,,3000,100.0,ZNE,dev,gold,MQ_GBM_GOLD_20140312_165041
"bucket1$243,:3,:6001",2014-03-12T16:50:10.739900,MQ,MLM,3000,,3000,100.0,ZNE,train,gold,MQ_MLM_GOLD_20140312_165040
"bucket9$161,:3,:6001",2014-03-12T16:52:16.209900,MQ,BAM,3000,,3000,100.0,ZNE,dev,gold,MQ_BAM_GOLD_20140312_165246
"bucket1$244,:3,:6001",2014-03-12T16:52:17.239900,MQ,CPM,3000,,3000,100.0,ZNE,train,gold,MQ_CPM_GOLD_20140312_165247
"bucket1$245,:3,:6001",2014-03-12T16:52:18.609900,MQ,MLM,3000,,3000,100.0,ZNE,train,gold,MQ_MLM_GOLD_20140312_165248
"bucket9$162,:3,:6001",2014-03-12T16:52:23.170000,MQ,SAM,3000,,3000,100.0,ZNE,dev,gold,MQ_SAM_GOLD_20140312_165253
"bucket6$177,:3,:6001",2014-03-12T17:28:35.259900,MQ,BAM,3000,,3000,100.0,ZNE,test,gold,MQ_BAM_GOLD_20140312_172905
"bucket9$163,:3,:6001",2014-03-12T17:28:35.149900,MQ,CPM,3000,,3000,100.0,ZNE,dev,gold,MQ_CPM_GOLD_20140312_172905
"bucket1$246,:3,:6001",2014-03-12T17:28:37.139900,MQ,GBM,3000,,3000,100.0,ZNE,train,gold,MQ_GBM_GOLD_20140312_172907
"bucket1$247,:3,:6001",2014-03-12T17:28:38.989900,MQ,MLM,3000,,3000,100.0,ZNE,train,gold,MQ_MLM_GOLD_20140312_172908
"bucket1$248,:3,:6001",2014-03-12T18:58:23.929900,MQ,BAM,3000,,3000,100.0,ZNE,train,gold,MQ_BAM_GOLD_20140312_185853
"bucket1$249,:3,:6001",2014-03-12T18:58:20.449900,MQ,CPM,3000,,3000,100.0,ZNE,train,gold,MQ_CPM_GOLD_20140312_185850
"bucket6$178,:3,:6001",2014-03-12T18:58:20.929900,MQ,GBM,3000,,3000,100.0,ZNE,test,gold,MQ_GBM_GOLD_20140312_185850
"bucket1$250,:3,:6001",2014-03-12T18:58:23.700000,MQ,SAM,3000,,3000,100.0,ZNE,train,gold,MQ_SAM_GOLD_20140312_185853
"bucket9$164,:3,:6001",2014-03-12T19:26:37.959900,MQ,BAM,3000,,3000,100.0,ZNE,dev,gold,MQ_BAM_GOLD_20140312_192707
"bucket1$251,:3,:6001",2014-03-12T19:26:39.229900,MQ,GBM,3000,,3000,100.0,ZNE,train,gold,MQ_GBM_GOLD_20140312_192709
"bucket1$252,:3,:6001",2014-03-12T19:26:37.380000,MQ,IA2,3000,3165.0,3000,100.0,ZNE,train,gold,MQ_IA2_GOLD_20140312_192707
"bucket1$253,:3,:6001",2014-03-12T19:26:38.309900,MQ,MLM,3000,,3000,100.0,ZNE,train,gold,MQ_MLM_GOLD_20140312_192708
"bucket1$254,:3,:6001",2014-03-12T19:42:38.039900,MQ,BAM,3000,,3000,100.0,ZNE,train,gold,MQ_BAM_GOLD_20140312_194308
"bucket1$255,:3,:6001",2014-03-12T19:42:44.309900,MQ,CPM,3000,,3000,100.0,ZNE,train,gold,MQ_CPM_GOLD_20140312_194314
"bucket1$256,:3,:6001",2014-03-12T19:42:46.340000,MQ,IA2,3000,3071.0,3000,100.0,ZNE,train,gold,MQ_IA2_GOLD_20140312_194316
"bucket1$257,:3,:6001",2014-03-12T19:42:42.079900,MQ,MLM,3000,,3000,100.0,ZNE,train,gold,MQ_MLM_GOLD_20140312_194312
"bucket1$258,:3,:6001",2014-03-12T19:54:35.339900,MQ,BAM,3000,,3000,100.0,ZNE,train,gold,MQ_BAM_GOLD_20140312_195505
"bucket1$259,:3,:6001",2014-03-12T19:54:40.739900,MQ,GBM,3000,,3000,100.0,ZNE,train,gold,MQ_GBM_GOLD_20140312_195510
"bucket1$260,:3,:6001",2014-03-12T19:54:39.570000,MQ,IA2,3000,3279.0,3000,100.0,ZNE,train,gold,MQ_IA2_GOLD_20140312_195509
"bucket1$261,:3,:6001",2014-03-12T19:54:39.729900,MQ,MLM,3000,,3000,100.0,ZNE,train,gold,MQ_MLM_GOLD_20140312_195509
"bucket1$262,:3,:6001",2014-03-12T19:57:02.159900,MQ,BAM,3000,,3000,100.0,ZNE,train,gold,MQ_BAM_GOLD_20140312_195732
"bucket1$263,:3,:6001",2014-03-12T19:57:00.799900,MQ,CPM,3000,,3000,100.0,ZNE,train,gold,MQ_CPM_GOLD_20140312_195730
"bucket1$264,:3,:6001",2014-03-12T19:57:05.399900,MQ,GBM,3000,,3000,100.0,ZNE,train,gold,MQ_GBM_GOLD_20140312_195735
"bucket6$179,:3,:6001",2014-03-12T19:57:01.410000,MQ,IA2,3000,3063.0,3000,100.0,ZNE,test,gold,MQ_IA2_GOLD_20140312_195731
"bucket1$265,:3,:6001",2014-03-12T19:57:29.679900,MQ,BAM,3000,,3000,100.0,ZNE,train,gold,MQ_BAM_GOLD_20140312_195759
"bucket1$266,:3,:6001",2014-03-12T19:57:27.439900,MQ,CPM,3000,,3000,100.0,ZNE,train,gold,MQ_CPM_GOLD_20140312_195757
"bucket6$180,:3,:6001",2014-03-12T19:57:28.169900,MQ,GBM,3000,,3000,100.0,ZNE,test,gold,MQ_GBM_GOLD_20140312_195758
"bucket1$267,:3,:6001",2014-03-12T19:57:27.990000,MQ,IA2,3000,3180.0,3000,100.0,ZNE,train,gold,MQ_IA2_GOLD_20140312_195757
"bucket6$181,:3,:6001",2014-03-12T20:03:54.199900,MQ,CPM,3000,,3000,100.0,ZNE,test,gold,MQ_CPM_GOLD_20140312_200424
"bucket1$268,:3,:6001",2014-03-12T20:03:53.929900,MQ,GBM,3000,,3000,100.0,ZNE,train,gold,MQ_GBM_GOLD_20140312_200423
"bucket9$165,:3,:6001",2014-03-12T20:03:54.189900,MQ,MLM,3000,,3000,100.0,ZNE,dev,gold,MQ_MLM_GOLD_20140312_200424
"bucket1$269,:3,:6001",2014-03-12T20:03:49.340000,MQ,SAM,3000,,3000,100.0,ZNE,train,gold,MQ_SAM_GOLD_20140312_200419
"bucket9$166,:3,:6001",2014-03-12T20:24:24.329900,MQ,BAM,3000,,3000,100.0,ZNE,dev,gold,MQ_BAM_GOLD_20140312_202454
"bucket1$270,:3,:6001",2014-03-12T20:24:22.109900,MQ,CPM,3000,,3000,100.0,ZNE,train,gold,MQ_CPM_GOLD_20140312_202452
"bucket9$167,:3,:6001",2014-03-12T20:24:20.289900,MQ,GBM,3000,,3000,100.0,ZNE,dev,gold,MQ_GBM_GOLD_20140312_202450
"bucket1$271,:3,:6001",2014-03-12T20:24:18.949900,MQ,MLM,3000,,3000,100.0,ZNE,train,gold,MQ_MLM_GOLD_20140312_202448
"bucket1$272,:3,:6001",2014-03-13T06:13:16.899900,MQ,BAM,3000,,3000,100.0,ZNE,train,gold,MQ_BAM_GOLD_20140313_061346
"bucket9$168,:3,:6001",2014-03-13T06:13:17.739900,MQ,CPM,3000,,3000,100.0,ZNE,dev,gold,MQ_CPM_GOLD_20140313_061347
"bucket1$273,:3,:6001",2014-03-13T06:13:17.429900,MQ,GBM,3000,,3000,100.0,ZNE,train,gold,MQ_GBM_GOLD_20140313_061347
"bucket1$274,:3,:6001",2014-03-13T06:13:17.930000,MQ,IA2,3000,,3000,100.0,ZNE,train,gold,MQ_IA2_GOLD_20140313_061347
"bucket1$275,:3,:6001",2014-03-13T06:13:17.370000,MQ,LAM,3000,,3000,100.0,ZNE,train,gold,MQ_LAM_GOLD_20140313_061347
"bucket1$276,:3,:6001",2014-03-13T06:13:17.930000,MQ,SAM,3000,,3000,100.0,ZNE,train,gold,MQ_SAM_GOLD_20140313_061347
"bucket1$277,:3,:6001",2014-03-13T10:57:17.019900,MQ,BAM,3000,,3000,100.0,ZNE,train,gold,MQ_BAM_GOLD_20140313_105747
"bucket6$182,:3,:6001",2014-03-13T10:57:18.909900,MQ,CPM,3000,,3000,100.0,ZNE,test,gold,MQ_CPM_GOLD_20140313_105748
"bucket1$278,:3,:6001",2014-03-13T10:57:10.340000,MQ,IA2,3000,3465.0,3000,100.0,ZNE,train,gold,MQ_IA2_GOLD_20140313_105740
"bucket9$169,:3,:6001",2014-03-13T10:57:12.669900,MQ,MLM,3000,,3000,100.0,ZNE,dev,gold,MQ_MLM_GOLD_20140313_105742
"bucket1$279,:3,:6001",2014-03-13T11:03:49.609900,MQ,BAM,3000,,3000,100.0,ZNE,train,gold,MQ_BAM_GOLD_20140313_110419
"bucket1$280,:3,:6001",2014-03-13T11:03:46.839900,MQ,CPM,3000,,3000,100.0,ZNE,train,gold,MQ_CPM_GOLD_20140313_110416
"bucket1$281,:3,:6001",2014-03-13T11:03:50.239900,MQ,GBM,3000,,3000,100.0,ZNE,train,gold,MQ_GBM_GOLD_20140313_110420
"bucket1$282,:3,:6001",2014-03-13T11:03:54.439900,MQ,MLM,3000,,3000,100.0,ZNE,train,gold,MQ_MLM_GOLD_20140313_110424
"bucket1$283,:3,:6001",2014-03-13T11:14:40.389900,MQ,BAM,3000,,3000,100.0,ZNE,train,gold,MQ_BAM_GOLD_20140313_111510
"bucket6$183,:3,:6001",2014-03-13T11:14:31.519900,MQ,CPM,3000,,3000,100.0,ZNE,test,gold,MQ_CPM_GOLD_20140313_111501
"bucket6$184,:3,:6001",2014-03-13T11:14:36.200000,MQ,LAM,3000,,3000,100.0,ZNE,test,gold,MQ_LAM_GOLD_20140313_111506
"bucket1$284,:3,:6001",2014-03-13T11:14:32.789900,MQ,MLM,3000,,3000,100.0,ZNE,train,gold,MQ_MLM_GOLD_20140313_111502
"bucket1$285,:3,:6001",2014-03-13T11:58:45.079900,MQ,BAM,3000,,3000,100.0,ZNE,train,gold,MQ_BAM_GOLD_20140313_115915
"bucket1$286,:3,:6001",2014-03-13T11:58:45.159900,MQ,CPM,3000,,3000,100.0,ZNE,train,gold,MQ_CPM_GOLD_20140313_115915
"bucket1$287,:3,:6001",2014-03-13T11:58:38.029900,MQ,GBM,3000,,3000,100.0,ZNE,train,gold,MQ_GBM_GOLD_20140313_115908
"bucket1$288,:3,:6001",2014-03-13T11:58:35.800000,MQ,IA2,3000,3159.0,3000,100.0,ZNE,train,gold,MQ_IA2_GOLD_20140313_115905
"bucket1$289,:3,:6001",2014-03-13T11:58:46.120000,MQ,LAM,3000,,3000,100.0,ZNE,train,gold,MQ_LAM_GOLD_20140313_115916
"bucket1$290,:3,:6001",2014-03-13T11:58:37.159900,MQ,MLM,3000,,3000,100.0,ZNE,train,gold,MQ_MLM_GOLD_20140313_115907
"bucket9$170,:3,:6001",2014-03-13T12:03:37.269900,MQ,BAM,3000,,3000,100.0,ZNE,dev,gold,MQ_BAM_GOLD_20140313_120407
"bucket1$291,:3,:6001",2014-03-13T12:03:33.929900,MQ,GBM,3000,,3000,100.0,ZNE,train,gold,MQ_GBM_GOLD_20140313_120403
"bucket1$292,:3,:6001",2014-03-13T12:03:31.790000,MQ,IA2,3000,3157.0,3000,100.0,ZNE,train,gold,MQ_IA2_GOLD_20140313_120401
"bucket9$171,:3,:6001",2014-03-13T12:03:33.869900,MQ,MLM,3000,,3000,100.0,ZNE,dev,gold,MQ_MLM_GOLD_20140313_120403
"bucket1$293,:3,:6001",2014-03-13T13:43:56.080000,MQ,SAM,3000,,3000,100.0,ZNE,train,gold,MQ_SAM_GOLD_20140313_134426
"bucket1$294,:3,:6001",2014-03-13T14:09:25.719900,MQ,BAM,3000,,3000,100.0,ZNE,train,gold,MQ_BAM_GOLD_20140313_140955
"bucket1$295,:3,:6001",2014-03-13T14:09:25.629900,MQ,GBM,3000,,3000,100.0,ZNE,train,gold,MQ_GBM_GOLD_20140313_140955
"bucket1$296,:3,:6001",2014-03-13T14:09:22.140000,MQ,LAM,3000,3217.0,3000,100.0,ZNE,train,gold,MQ_LAM_GOLD_20140313_140952
"bucket1$297,:3,:6001",2014-03-13T14:09:17.349900,MQ,MLM,3000,,3000,100.0,ZNE,train,gold,MQ_MLM_GOLD_20140313_140947
"bucket1$298,:3,:6001",2014-03-13T14:09:19.390000,MQ,SAM,3000,3211.0,3000,100.0,ZNE,train,gold,MQ_SAM_GOLD_20140313_140949
"bucket1$299,:3,:6001",2014-03-13T14:27:52.109900,MQ,BAM,3000,,3000,100.0,ZNE,train,gold,MQ_BAM_GOLD_20140313_142822
"bucket1$300,:3,:6001",2014-03-13T14:27:53.630000,MQ,LAM,3000,,3000,100.0,ZNE,train,gold,MQ_LAM_GOLD_20140313_142823
"bucket1$301,:3,:6001",2014-03-13T14:27:52.969900,MQ,MLM,3000,,3000,100.0,ZNE,train,gold,MQ_MLM_GOLD_20140313_142822
"bucket1$302,:3,:6001",2014-03-13T14:27:48.830000,MQ,SAM,3000,,3000,100.0,ZNE,train,gold,MQ_SAM_GOLD_20140313_142818
"bucket1$303,:3,:6001",2014-03-13T14:29:10.249900,MQ,BAM,3000,,3000,100.0,ZNE,train,gold,MQ_BAM_GOLD_20140313_142940
"bucket1$304,:3,:6001",2014-03-13T14:29:14.300000,MQ,LAM,3000,3204.0,3000,100.0,ZNE,train,gold,MQ_LAM_GOLD_20140313_142944
"bucket1$305,:3,:6001",2014-03-13T14:29:06.489900,MQ,MLM,3000,,3000,100.0,ZNE,train,gold,MQ_MLM_GOLD_20140313_142936
"bucket9$172,:3,:6001",2014-03-13T14:29:15.050000,MQ,SAM,3000,,3000,100.0,ZNE,dev,gold,MQ_SAM_GOLD_20140313_142945
"bucket1$306,:3,:6001",2014-03-13T14:36:15.119900,MQ,BAM,3000,,3000,100.0,ZNE,train,gold,MQ_BAM_GOLD_20140313_143645
"bucket9$173,:3,:6001",2014-03-13T14:36:17.649900,MQ,CPM,3000,,3000,100.0,ZNE,dev,gold,MQ_CPM_GOLD_20140313_143647
"bucket1$307,:3,:6001",2014-03-13T14:36:22.260000,MQ,LAM,3000,,3000,100.0,ZNE,train,gold,MQ_LAM_GOLD_20140313_143652
"bucket9$174,:3,:6001",2014-03-13T14:36:17.920000,MQ,SAM,3000,3175.0,3000,100.0,ZNE,dev,gold,MQ_SAM_GOLD_20140313_143647
"bucket1$308,:3,:6001",2014-03-13T14:41:46.599900,MQ,BAM,3000,,3000,100.0,ZNE,train,gold,MQ_BAM_GOLD_20140313_144216
"bucket9$175,:3,:6001",2014-03-13T14:41:46.719900,MQ,GBM,3000,,3000,100.0,ZNE,dev,gold,MQ_GBM_GOLD_20140313_144216
"bucket1$309,:3,:6001",2014-03-13T14:41:46.400000,MQ,LAM,3000,3221.0,3000,100.0,ZNE,train,gold,MQ_LAM_GOLD_20140313_144216
"bucket1$310,:3,:6001",2014-03-13T14:41:46.520000,MQ,SAM,3000,3217.0,3000,100.0,ZNE,train,gold,MQ_SAM_GOLD_20140313_144216
"bucket9$176,:3,:6001",2014-03-13T15:36:40.149900,MQ,BAM,3000,,3000,100.0,ZNE,dev,gold,MQ_BAM_GOLD_20140313_153710
"bucket1$311,:3,:6001",2014-03-13T15:36:42.639900,MQ,CPM,3000,,3000,100.0,ZNE,train,gold,MQ_CPM_GOLD_20140313_153712
"bucket6$185,:3,:6001",2014-03-13T15:36:35.739900,MQ,GBM,3000,,3000,100.0,ZNE,test,gold,MQ_GBM_GOLD_20140313_153705
"bucket1$312,:3,:6001",2014-03-13T15:36:44.789900,MQ,MLM,3000,,3000,100.0,ZNE,train,gold,MQ_MLM_GOLD_20140313_153714
"bucket1$313,:3,:6001",2014-03-13T16:29:55.929900,MQ,CPM,3000,,3000,100.0,ZNE,train,gold,MQ_CPM_GOLD_20140313_163025
"bucket1$314,:3,:6001",2014-03-13T16:29:56.759900,MQ,GBM,3000,,3000,100.0,ZNE,train,gold,MQ_GBM_GOLD_20140313_163026
"bucket1$315,:3,:6001",2014-03-13T16:29:50.269900,MQ,MLM,3000,,3000,100.0,ZNE,train,gold,MQ_MLM_GOLD_20140313_163020
"bucket1$316,:3,:6001",2014-03-13T16:29:51.440000,MQ,SAM,3000,3135.0,3000,100.0,ZNE,train,gold,MQ_SAM_GOLD_20140313_163021
"bucket1$317,:3,:6001",2014-03-13T17:14:36.589900,MQ,BAM,3000,,3000,100.0,ZNE,train,gold,MQ_BAM_GOLD_20140313_171506
"bucket1$318,:3,:6001",2014-03-13T17:14:32.459900,MQ,CPM,3000,,3000,100.0,ZNE,train,gold,MQ_CPM_GOLD_20140313_171502
"bucket1$319,:3,:6001",2014-03-13T17:14:29.379900,MQ,GBM,3000,,3000,100.0,ZNE,train,gold,MQ_GBM_GOLD_20140313_171459
"bucket1$320,:3,:6001",2014-03-13T17:14:32.150000,MQ,SAM,3000,,3000,100.0,ZNE,train,gold,MQ_SAM_GOLD_20140313_171502
"bucket1$321,:3,:6001",2014-03-13T17:15:25.129900,MQ,BAM,3000,,3000,100.0,ZNE,train,gold,MQ_BAM_GOLD_20140313_171555
"bucket1$322,:3,:6001",2014-03-13T17:15:19.909900,MQ,CPM,3000,,3000,100.0,ZNE,train,gold,MQ_CPM_GOLD_20140313_171549
"bucket1$323,:3,:6001",2014-03-13T17:15:22.279900,MQ,GBM,3000,,3000,100.0,ZNE,train,gold,MQ_GBM_GOLD_20140313_171552
"bucket1$324,:3,:6001",2014-03-13T17:15:29.599900,MQ,MLM,3000,,3000,100.0,ZNE,train,gold,MQ_MLM_GOLD_20140313_171559
"bucket1$325,:3,:6001",2014-03-13T17:15:24.250000,MQ,SAM,3000,,3000,100.0,ZNE,train,gold,MQ_SAM_GOLD_20140313_171554
"bucket6$186,:3,:6001",2014-03-13T17:30:45.469900,MQ,BAM,3000,,3000,100.0,ZNE,test,gold,MQ_BAM_GOLD_20140313_173115
"bucket1$326,:3,:6001",2014-03-13T17:30:46.829900,MQ,CPM,3000,,3000,100.0,ZNE,train,gold,MQ_CPM_GOLD_20140313_173116
"bucket1$327,:3,:6001",2014-03-13T17:30:45.189900,MQ,MLM,3000,,3000,100.0,ZNE,train,gold,MQ_MLM_GOLD_20140313_173115
"bucket1$328,:3,:6001",2014-03-13T17:30:50.310000,MQ,SAM,3000,,3000,100.0,ZNE,train,gold,MQ_SAM_GOLD_20140313_173120
"bucket1$329,:3,:6001",2014-03-13T17:44:15.769900,MQ,BAM,3000,,3000,100.0,ZNE,train,gold,MQ_BAM_GOLD_20140313_174445
"bucket1$330,:3,:6001",2014-03-13T17:44:10.369900,MQ,CPM,3000,,3000,100.0,ZNE,train,gold,MQ_CPM_GOLD_20140313_174440
"bucket1$331,:3,:6001",2014-03-13T17:44:10.799900,MQ,GBM,3000,,3000,100.0,ZNE,train,gold,MQ_GBM_GOLD_20140313_174440
"bucket1$332,:3,:6001",2014-03-13T17:44:15.409900,MQ,MLM,3000,,3000,100.0,ZNE,train,gold,MQ_MLM_GOLD_20140313_174445
"bucket6$187,:3,:6001",2014-03-13T21:09:08.519900,MQ,BAM,3000,,3000,100.0,ZNE,test,gold,MQ_BAM_GOLD_20140313_210938
"bucket1$333,:3,:6001",2014-03-13T21:09:06.959900,MQ,GBM,3000,,3000,100.0,ZNE,train,gold,MQ_GBM_GOLD_20140313_210936
"bucket1$334,:3,:6001",2014-03-13T21:09:07.960000,MQ,IA2,3000,,3000,100.0,ZNE,train,gold,MQ_IA2_GOLD_20140313_210937
"bucket6$188,:3,:6001",2014-03-13T21:09:09.470000,MQ,SAM,3000,,3000,100.0,ZNE,test,gold,MQ_SAM_GOLD_20140313_210939
"bucket1$335,:3,:6001",2014-03-13T21:28:16.649900,MQ,BAM,3000,,3000,100.0,ZNE,train,gold,MQ_BAM_GOLD_20140313_212846
"bucket9$177,:3,:6001",2014-03-13T21:28:16.569900,MQ,GBM,3000,,3000,100.0,ZNE,dev,gold,MQ_GBM_GOLD_20140313_212846
"bucket1$336,:3,:6001",2014-03-13T21:28:19.519900,MQ,MLM,3000,,3000,100.0,ZNE,train,gold,MQ_MLM_GOLD_20140313_212849
"bucket1$337,:3,:6001",2014-03-13T21:28:15.270000,MQ,SAM,3000,,3000,100.0,ZNE,train,gold,MQ_SAM_GOLD_20140313_212845
"bucket1$338,:3,:6001",2014-03-13T22:05:18.359900,MQ,GBM,3000,,3000,100.0,ZNE,train,gold,MQ_GBM_GOLD_20140313_220548
"bucket1$339,:3,:6001",2014-03-13T22:05:18.810000,MQ,IA2,3000,,3000,100.0,ZNE,train,gold,MQ_IA2_GOLD_20140313_220548
"bucket1$340,:3,:6001",2014-03-13T22:05:18.220000,MQ,LAM,3000,3207.0,3000,100.0,ZNE,train,gold,MQ_LAM_GOLD_20140313_220548
"bucket1$341,:3,:6001",2014-03-13T22:05:16.770000,MQ,SAM,3000,,3000,100.0,ZNE,train,gold,MQ_SAM_GOLD_20140313_220546
"bucket1$342,:3,:6001",2014-03-13T22:28:33.139900,MQ,BAM,3000,,3000,100.0,ZNE,train,gold,MQ_BAM_GOLD_20140313_222903
"bucket1$343,:3,:6001",2014-03-13T22:28:34.529900,MQ,CPM,3000,,3000,100.0,ZNE,train,gold,MQ_CPM_GOLD_20140313_222904
"bucket1$344,:3,:6001",2014-03-13T22:28:33.639900,MQ,GBM,3000,,3000,100.0,ZNE,train,gold,MQ_GBM_GOLD_20140313_222903
"bucket6$189,:3,:6001",2014-03-13T22:28:34.050000,MQ,IA2,3000,3185.0,3000,100.0,ZNE,test,gold,MQ_IA2_GOLD_20140313_222904
"bucket1$345,:3,:6001",2014-03-13T23:25:20.589900,MQ,BAM,3000,,3000,100.0,ZNE,train,gold,MQ_BAM_GOLD_20140313_232550
"bucket6$190,:3,:6001",2014-03-13T23:25:21.080000,MQ,IA2,3000,3160.0,3000,100.0,ZNE,test,gold,MQ_IA2_GOLD_20140313_232551
"bucket1$346,:3,:6001",2014-03-13T23:25:20,MQ,LAM,3000,,3000,100.0,ZNE,train,gold,MQ_LAM_GOLD_20140313_232550
"bucket9$178,:3,:6001",2014-03-13T23:25:21.430000,MQ,SAM,3000,3147.0,3000,100.0,ZNE,dev,gold,MQ_SAM_GOLD_20140313_232551
"bucket1$347,:3,:6001",2014-03-14T00:08:55.660000,MQ,SAM,3000,3180.0,3000,100.0,ZNE,train,gold,MQ_SAM_GOLD_20140314_000925
"bucket1$348,:3,:6001",2014-03-14T00:15:32.129900,MQ,CPM,3000,,3000,100.0,ZNE,train,gold,MQ_CPM_GOLD_20140314_001602
"bucket1$349,:3,:6001",2014-03-14T02:55:34.759900,MQ,BAM,3000,,3000,100.0,ZNE,train,gold,MQ_BAM_GOLD_20140314_025604
"bucket1$350,:3,:6001",2014-03-14T02:55:34.799900,MQ,CPM,3000,,3000,100.0,ZNE,train,gold,MQ_CPM_GOLD_20140314_025604
"bucket1$351,:3,:6001",2014-03-14T02:55:34.409900,MQ,GBM,3000,,3000,100.0,ZNE,train,gold,MQ_GBM_GOLD_20140314_025604
"bucket1$352,:3,:6001",2014-03-14T02:55:34.930000,MQ,IA2,3000,3073.0,3000,100.0,ZNE,train,gold,MQ_IA2_GOLD_20140314_025604
"bucket1$353,:3,:6001",2014-03-14T02:55:34.299900,MQ,MLM,3000,,3000,100.0,ZNE,train,gold,MQ_MLM_GOLD_20140314_025604
"bucket1$354,:3,:6001",2014-03-14T02:55:54.559900,MQ,BAM,3000,,3000,100.0,ZNE,train,gold,MQ_BAM_GOLD_20140314_025624
"bucket9$179,:3,:6001",2014-03-14T02:55:52.609900,MQ,GBM,3000,,3000,100.0,ZNE,dev,gold,MQ_GBM_GOLD_20140314_025622
"bucket1$355,:3,:6001",2014-03-14T02:55:52.830000,MQ,IA2,3000,3268.0,3000,100.0,ZNE,train,gold,MQ_IA2_GOLD_20140314_025622
"bucket6$191,:3,:6001",2014-03-14T02:55:53.250000,MQ,SAM,3000,3265.0,3000,100.0,ZNE,test,gold,MQ_SAM_GOLD_20140314_025623
"bucket1$356,:3,:6001",2014-03-14T05:28:38.359900,MQ,BAM,3000,,3000,100.0,ZNE,train,gold,MQ_BAM_GOLD_20140314_052908
"bucket6$192,:3,:6001",2014-03-14T05:28:38.769900,MQ,CPM,3000,,3000,100.0,ZNE,test,gold,MQ_CPM_GOLD_20140314_052908
"bucket1$357,:3,:6001",2014-03-14T05:28:38.639900,MQ,GBM,3000,,3000,100.0,ZNE,train,gold,MQ_GBM_GOLD_20140314_052908
"bucket1$358,:3,:6001",2014-03-14T05:28:38.840000,MQ,IA2,3000,,3000,100.0,ZNE,train,gold,MQ_IA2_GOLD_20140314_052908
"bucket9$180,:3,:6001",2014-03-14T05:28:39.119900,MQ,MLM,3000,,3000,100.0,ZNE,dev,gold,MQ_MLM_GOLD_20140314_052909
"bucket1$359,:3,:6001",2014-03-14T05:28:54.919900,MQ,BAM,3000,,3000,100.0,ZNE,train,gold,MQ_BAM_GOLD_20140314_052924
"bucket6$193,:3,:6001",2014-03-14T05:28:55.049900,MQ,CPM,3000,,3000,100.0,ZNE,test,gold,MQ_CPM_GOLD_20140314_052925
"bucket1$360,:3,:6001",2014-03-14T05:28:55.849900,MQ,GBM,3000,,3000,100.0,ZNE,train,gold,MQ_GBM_GOLD_20140314_052925
"bucket1$361,:3,:6001",2014-03-14T05:28:54.970000,MQ,IA2,3000,3089.0,3000,100.0,ZNE,train,gold,MQ_IA2_GOLD_20140314_052924
"bucket1$362,:3,:6001",2014-03-14T07:19:15.769900,MQ,BAM,3000,,3000,100.0,ZNE,train,gold,MQ_BAM_GOLD_20140314_071945
"bucket1$363,:3,:6001",2014-03-14T07:19:17.259900,MQ,CPM,3000,,3000,100.0,ZNE,train,gold,MQ_CPM_GOLD_20140314_071947
"bucket9$181,:3,:6001",2014-03-14T07:19:15.539900,MQ,GBM,3000,,3000,100.0,ZNE,dev,gold,MQ_GBM_GOLD_20140314_071945
"bucket1$364,:3,:6001",2014-03-14T07:19:16.250000,MQ,IA2,3000,,3000,100.0,ZNE,train,gold,MQ_IA2_GOLD_20140314_071946
"bucket1$365,:3,:6001",2014-03-14T08:33:47.219900,MQ,BAM,3000,,3000,100.0,ZNE,train,gold,MQ_BAM_GOLD_20140314_083417
"bucket1$366,:3,:6001",2014-03-14T08:33:45.889900,MQ,GBM,3000,,3000,100.0,ZNE,train,gold,MQ_GBM_GOLD_20140314_083415
"bucket1$367,:3,:6001",2014-03-14T08:33:46.650000,MQ,IA2,3000,3180.0,3000,100.0,ZNE,train,gold,MQ_IA2_GOLD_20140314_083416
"bucket1$368,:3,:6001",2014-03-14T08:33:45.870000,MQ,LAM,3000,,3000,100.0,ZNE,train,gold,MQ_LAM_GOLD_20140314_083415
"bucket1$369,:3,:6001",2014-03-14T08:33:47.280000,MQ,SAM,3000,3188.0,3000,100.0,ZNE,train,gold,MQ_SAM_GOLD_20140314_083417
"bucket1$370,:3,:6001",2014-03-14T08:47:40.969900,MQ,BAM,3000,,3000,100.0,ZNE,train,gold,MQ_BAM_GOLD_20140314_084810
"bucket1$371,:3,:6001",2014-03-14T08:47:34.109900,MQ,CPM,3000,,3000,100.0,ZNE,train,gold,MQ_CPM_GOLD_20140314_084804
"bucket1$372,:3,:6001",2014-03-14T08:47:39.429900,MQ,GBM,3000,,3000,100.0,ZNE,train,gold,MQ_GBM_GOLD_20140314_084809
"bucket1$373,:3,:6001",2014-03-14T08:47:38.919900,MQ,MLM,3000,,3000,100.0,ZNE,train,gold,MQ_MLM_GOLD_20140314_084808
"bucket1$374,:3,:6001",2014-03-14T09:36:06.130000,MQ,IA2,3000,3169.0,3000,100.0,ZNE,train,gold,MQ_IA2_GOLD_20140314_093636
"bucket1$375,:3,:6001",2014-03-14T09:38:19.530000,MQ,IA2,3000,,3000,100.0,ZNE,train,gold,MQ_IA2_GOLD_20140314_093849
"bucket1$376,:3,:6001",2014-03-14T09:38:18.579900,MQ,MLM,3000,,3000,100.0,ZNE,train,gold,MQ_MLM_GOLD_20140314_093848
"bucket1$377,:3,:6001",2014-03-14T10:05:57.049900,MQ,BAM,3000,,3000,100.0,ZNE,train,gold,MQ_BAM_GOLD_20140314_100627
"bucket1$378,:3,:6001",2014-03-14T10:06:01.149900,MQ,GBM,3000,,3000,100.0,ZNE,train,gold,MQ_GBM_GOLD_20140314_100631
"bucket1$379,:3,:6001",2014-03-14T10:06:03.779900,MQ,MLM,3000,,3000,100.0,ZNE,train,gold,MQ_MLM_GOLD_20140314_100633
"bucket1$380,:3,:6001",2014-03-14T10:06:01.500000,MQ,SAM,3000,,3000,100.0,ZNE,train,gold,MQ_SAM_GOLD_20140314_100631
"bucket1$381,:3,:6001",2014-03-14T10:14:32.349900,MQ,BAM,3000,,3000,100.0,ZNE,train,gold,MQ_BAM_GOLD_20140314_101502
"bucket1$382,:3,:6001",2014-03-14T10:14:32.479900,MQ,GBM,3000,,3000,100.0,ZNE,train,gold,MQ_GBM_GOLD_20140314_101502
"bucket1$383,:3,:6001",2014-03-14T10:14:33.220000,MQ,IA2,3000,3119.0,3000,100.0,ZNE,train,gold,MQ_IA2_GOLD_20140314_101503
"bucket1$384,:3,:6001",2014-03-14T10:14:32.370000,MQ,LAM,3000,3239.0,3000,100.0,ZNE,train,gold,MQ_LAM_GOLD_20140314_101502
"bucket1$385,:3,:6001",2014-03-14T10:14:33.230000,MQ,SAM,3000,,3000,100.0,ZNE,train,gold,MQ_SAM_GOLD_20140314_101503
"bucket1$386,:3,:6001",2014-03-14T10:55:58.489900,MQ,BAM,3000,,3000,100.0,ZNE,train,gold,MQ_BAM_GOLD_20140314_105628
"bucket6$194,:3,:6001",2014-03-14T10:55:59.499900,MQ,CPM,3000,,3000,100.0,ZNE,test,gold,MQ_CPM_GOLD_20140314_105629
"bucket1$387,:3,:6001",2014-03-14T10:55:56.559900,MQ,GBM,3000,,3000,100.0,ZNE,train,gold,MQ_GBM_GOLD_20140314_105626
"bucket1$388,:3,:6001",2014-03-14T10:55:58.349900,MQ,MLM,3000,,3000,100.0,ZNE,train,gold,MQ_MLM_GOLD_20140314_105628
"bucket1$389,:3,:6001",2014-03-14T11:14:02.929900,MQ,BAM,3000,,3000,100.0,ZNE,train,gold,MQ_BAM_GOLD_20140314_111432
"bucket1$390,:3,:6001",2014-03-14T11:14:05.219900,MQ,CPM,3000,,3000,100.0,ZNE,train,gold,MQ_CPM_GOLD_20140314_111435
"bucket9$182,:3,:6001",2014-03-14T11:14:08.009900,MQ,GBM,3000,,3000,100.0,ZNE,dev,gold,MQ_GBM_GOLD_20140314_111438
"bucket1$391,:3,:6001",2014-03-14T11:14:04.650000,MQ,IA2,3000,3153.0,3000,100.0,ZNE,train,gold,MQ_IA2_GOLD_20140314_111434
"bucket1$392,:3,:6001",2014-03-14T11:23:01.059900,MQ,BAM,3000,,3000,100.0,ZNE,train,gold,MQ_BAM_GOLD_20140314_112331
"bucket1$393,:3,:6001",2014-03-14T11:22:59.409900,MQ,CPM,3000,,3000,100.0,ZNE,train,gold,MQ_CPM_GOLD_20140314_112329
"bucket1$394,:3,:6001",2014-03-14T11:22:58.629900,MQ,GBM,3000,,3000,100.0,ZNE,train,gold,MQ_GBM_GOLD_20140314_112328
"bucket1$395,:3,:6001",2014-03-14T11:23:00.369900,MQ,MLM,3000,,3000,100.0,ZNE,train,gold,MQ_MLM_GOLD_20140314_112330
"bucket1$396,:3,:6001",2014-03-14T11:24:06.029900,MQ,BAM,3000,,3000,100.0,ZNE,train,gold,MQ_BAM_GOLD_20140314_112436
"bucket1$397,:3,:6001",2014-03-14T11:24:05.739900,MQ,GBM,3000,,3000,100.0,ZNE,train,gold,MQ_GBM_GOLD_20140314_112435
"bucket1$398,:3,:6001",2014-03-14T11:24:00.850000,MQ,IA2,3000,3065.0,3000,100.0,ZNE,train,gold,MQ_IA2_GOLD_20140314_112430
"bucket1$399,:3,:6001",2014-03-14T11:24:03.309900,MQ,MLM,3000,,3000,100.0,ZNE,train,gold,MQ_MLM_GOLD_20140314_112433
"bucket1$400,:3,:6001",2014-03-14T11:26:38.029900,MQ,BAM,3000,,3000,100.0,ZNE,train,gold,MQ_BAM_GOLD_20140314_112708
"bucket1$401,:3,:6001",2014-03-14T11:26:30.649900,MQ,GBM,3000,,3000,100.0,ZNE,train,gold,MQ_GBM_GOLD_20140314_112700
"bucket1$402,:3,:6001",2014-03-14T11:26:30.829900,MQ,MLM,3000,,3000,100.0,ZNE,train,gold,MQ_MLM_GOLD_20140314_112700
"bucket9$183,:3,:6001",2014-03-14T11:26:35.470000,MQ,SAM,3000,,3000,100.0,ZNE,dev,gold,MQ_SAM_GOLD_20140314_112705
"bucket1$403,:3,:6001",2014-03-14T11:29:41.129900,MQ,BAM,3000,,3000,100.0,ZNE,train,gold,MQ_BAM_GOLD_20140314_113011
"bucket1$404,:3,:6001",2014-03-14T11:29:34.569900,MQ,CPM,3000,,3000,100.0,ZNE,train,gold,MQ_CPM_GOLD_20140314_113004
"bucket1$405,:3,:6001",2014-03-14T11:29:36.119900,MQ,GBM,3000,,3000,100.0,ZNE,train,gold,MQ_GBM_GOLD_20140314_113006
"bucket1$406,:3,:6001",2014-03-14T11:29:38.230000,MQ,SAM,3000,,3000,100.0,ZNE,train,gold,MQ_SAM_GOLD_20140314_113008
"bucket1$407,:3,:6001",2014-03-14T11:53:16.759900,MQ,BAM,3000,,3000,100.0,ZNE,train,gold,MQ_BAM_GOLD_20140314_115346
"bucket1$408,:3,:6001",2014-03-14T11:53:24.209900,MQ,CPM,3000,,3000,100.0,ZNE,train,gold,MQ_CPM_GOLD_20140314_115354
"bucket1$409,:3,:6001",2014-03-14T11:53:16.299900,MQ,GBM,3000,,3000,100.0,ZNE,train,gold,MQ_GBM_GOLD_20140314_115346
"bucket9$184,:3,:6001",2014-03-14T11:53:20.779900,MQ,MLM,3000,,3000,100.0,ZNE,dev,gold,MQ_MLM_GOLD_20140314_115350
"bucket1$410,:3,:6001",2014-03-14T12:06:21.149900,MQ,BAM,3000,,3000,100.0,ZNE,train,gold,MQ_BAM_GOLD_20140314_120651
"bucket1$411,:3,:6001",2014-03-14T12:06:20.509900,MQ,GBM,3000,,3000,100.0,ZNE,train,gold,MQ_GBM_GOLD_20140314_120650
"bucket6$195,:3,:6001",2014-03-14T12:06:21.350000,MQ,IA2,3000,3204.0,3000,100.0,ZNE,test,gold,MQ_IA2_GOLD_20140314_120651
"bucket1$412,:3,:6001",2014-03-14T12:06:24.349900,MQ,MLM,3000,,3000,100.0,ZNE,train,gold,MQ_MLM_GOLD_20140314_120654
"bucket1$413,:3,:6001",2014-03-14T12:20:49.079900,MQ,BAM,3000,,3000,100.0,ZNE,train,gold,MQ_BAM_GOLD_20140314_122119
"bucket1$414,:3,:6001",2014-03-14T12:20:50.359900,MQ,CPM,3000,,3000,100.0,ZNE,train,gold,MQ_CPM_GOLD_20140314_122120
"bucket1$415,:3,:6001",2014-03-14T12:20:53.669900,MQ,GBM,3000,,3000,100.0,ZNE,train,gold,MQ_GBM_GOLD_20140314_122123
"bucket1$416,:3,:6001",2014-03-14T12:20:47.859900,MQ,MLM,3000,,3000,100.0,ZNE,train,gold,MQ_MLM_GOLD_20140314_122117
"bucket1$417,:3,:6001",2014-03-14T12:43:03.329900,MQ,BAM,3000,,3000,100.0,ZNE,train,gold,MQ_BAM_GOLD_20140314_124333
"bucket1$418,:3,:6001",2014-03-14T12:43:03.780000,MQ,IA2,3000,3139.0,3000,100.0,ZNE,train,gold,MQ_IA2_GOLD_20140314_124333
"bucket1$419,:3,:6001",2014-03-14T12:42:58.959900,MQ,MLM,3000,,3000,100.0,ZNE,train,gold,MQ_MLM_GOLD_20140314_124328
"bucket1$420,:3,:6001",2014-03-14T12:43:02.730000,MQ,SAM,3000,,3000,100.0,ZNE,train,gold,MQ_SAM_GOLD_20140314_124332
"bucket6$196,:3,:6001",2014-03-14T13:17:31.139900,MQ,BAM,3000,,3000,100.0,ZNE,test,gold,MQ_BAM_GOLD_20140314_131801
"bucket1$421,:3,:6001",2014-03-14T13:17:32.509900,MQ,CPM,3000,,3000,100.0,ZNE,train,gold,MQ_CPM_GOLD_20140314_131802
"bucket1$422,:3,:6001",2014-03-14T13:17:26.749900,MQ,GBM,3000,,3000,100.0,ZNE,train,gold,MQ_GBM_GOLD_20140314_131756
"bucket1$423,:3,:6001",2014-03-14T13:17:31.889900,MQ,MLM,3000,,3000,100.0,ZNE,train,gold,MQ_MLM_GOLD_20140314_131801
"bucket1$424,:3,:6001",2014-03-14T13:34:17.949900,MQ,BAM,3000,,3000,100.0,ZNE,train,gold,MQ_BAM_GOLD_20140314_133447
"bucket1$425,:3,:6001",2014-03-14T13:34:16.699900,MQ,GBM,3000,,3000,100.0,ZNE,train,gold,MQ_GBM_GOLD_20140314_133446
"bucket9$185,:3,:6001",2014-03-14T13:34:21.789900,MQ,MLM,3000,,3000,100.0,ZNE,dev,gold,MQ_MLM_GOLD_20140314_133451
"bucket1$426,:3,:6001",2014-03-14T13:36:04.809900,MQ,BAM,3000,,3000,100.0,ZNE,train,gold,MQ_BAM_GOLD_20140314_133634
"bucket6$197,:3,:6001",2014-03-14T13:36:12.939900,MQ,GBM,3000,,3000,100.0,ZNE,test,gold,MQ_GBM_GOLD_20140314_133642
"bucket1$427,:3,:6001",2014-03-14T13:36:08.449900,MQ,MLM,3000,,3000,100.0,ZNE,train,gold,MQ_MLM_GOLD_20140314_133638
"bucket1$428,:3,:6001",2014-03-14T13:48:34.149900,MQ,BAM,3000,,3000,100.0,ZNE,train,gold,MQ_BAM_GOLD_20140314_134904
"bucket1$429,:3,:6001",2014-03-14T13:48:40.409900,MQ,CPM,3000,,3000,100.0,ZNE,train,gold,MQ_CPM_GOLD_20140314_134910
"bucket1$430,:3,:6001",2014-03-14T13:48:35.949900,MQ,GBM,3000,,3000,100.0,ZNE,train,gold,MQ_GBM_GOLD_20140314_134905
"bucket1$431,:3,:6001",2014-03-14T13:48:36.549900,MQ,MLM,3000,,3000,100.0,ZNE,train,gold,MQ_MLM_GOLD_20140314_134906
"bucket1$432,:3,:6001",2014-03-14T13:51:35.629900,MQ,BAM,3000,,3000,100.0,ZNE,train,gold,MQ_BAM_GOLD_20140314_135205
"bucket1$433,:3,:6001",2014-03-14T13:51:35.469900,MQ,CPM,3000,,3000,100.0,ZNE,train,gold,MQ_CPM_GOLD_20140314_135205
"bucket1$434,:3,:6001",2014-03-14T13:51:33.249900,MQ,GBM,3000,,3000,100.0,ZNE,train,gold,MQ_GBM_GOLD_20140314_135203
"bucket1$435,:3,:6001",2014-03-14T13:51:35.200000,MQ,LAM,3000,,3000,100.0,ZNE,train,gold,MQ_LAM_GOLD_20140314_135205
"bucket1$436,:3,:6001",2014-03-14T13:51:37.639900,MQ,MLM,3000,,3000,100.0,ZNE,train,gold,MQ_MLM_GOLD_20140314_135207
"bucket1$437,:3,:6001",2014-03-14T13:54:20.829900,MQ,BAM,3000,,3000,100.0,ZNE,train,gold,MQ_BAM_GOLD_20140314_135450
"bucket1$438,:3,:6001",2014-03-14T13:54:24.729900,MQ,CPM,3000,,3000,100.0,ZNE,train,gold,MQ_CPM_GOLD_20140314_135454
"bucket1$439,:3,:6001",2014-03-14T13:54:26.199900,MQ,GBM,3000,,3000,100.0,ZNE,train,gold,MQ_GBM_GOLD_20140314_135456
"bucket9$186,:3,:6001",2014-03-14T13:54:17.209900,MQ,MLM,3000,,3000,100.0,ZNE,dev,gold,MQ_MLM_GOLD_20140314_135447
"bucket9$187,:3,:6001",2014-03-14T14:00:10.939900,MQ,BAM,3000,,3000,100.0,ZNE,dev,gold,MQ_BAM_GOLD_20140314_140040
"bucket1$440,:3,:6001",2014-03-14T14:00:11.579900,MQ,CPM,3000,,3000,100.0,ZNE,train,gold,MQ_CPM_GOLD_20140314_140041
"bucket6$198,:3,:6001",2014-03-14T14:00:09.489900,MQ,GBM,3000,,3000,100.0,ZNE,test,gold,MQ_GBM_GOLD_20140314_140039
"bucket1$441,:3,:6001",2014-03-14T14:00:06.379900,MQ,MLM,3000,,3000,100.0,ZNE,train,gold,MQ_MLM_GOLD_20140314_140036
"bucket1$442,:3,:6001",2014-03-14T14:01:27.099900,MQ,BAM,3000,,3000,100.0,ZNE,train,gold,MQ_BAM_GOLD_20140314_140157
"bucket1$443,:3,:6001",2014-03-14T14:01:25.659900,MQ,CPM,3000,,3000,100.0,ZNE,train,gold,MQ_CPM_GOLD_20140314_140155
"bucket1$444,:3,:6001",2014-03-14T14:01:26.479900,MQ,GBM,3000,,3000,100.0,ZNE,train,gold,MQ_GBM_GOLD_20140314_140156
"bucket1$445,:3,:6001",2014-03-14T14:13:39.549900,MQ,BAM,3000,,3000,100.0,ZNE,train,gold,MQ_BAM_GOLD_20140314_141409
"bucket1$446,:3,:6001",2014-03-14T14:13:43.949900,MQ,CPM,3000,,3000,100.0,ZNE,train,gold,MQ_CPM_GOLD_20140314_141413
"bucket1$447,:3,:6001",2014-03-14T14:13:38.589900,MQ,GBM,3000,,3000,100.0,ZNE,train,gold,MQ_GBM_GOLD_20140314_141408
"bucket1$448,:3,:6001",2014-03-14T14:13:43.350000,MQ,IA2,3000,,3000,100.0,ZNE,train,gold,MQ_IA2_GOLD_20140314_141413
"bucket6$199,:3,:6001",2014-03-14T14:13:42.470000,MQ,LAM,3000,,3000,100.0,ZNE,test,gold,MQ_LAM_GOLD_20140314_141412
"bucket1$449,:3,:6001",2014-03-14T14:43:37.949900,MQ,BAM,3000,,3000,100.0,ZNE,train,gold,MQ_BAM_GOLD_20140314_144407
"bucket1$450,:3,:6001",2014-03-14T14:43:47.809900,MQ,CPM,3000,,3000,100.0,ZNE,train,gold,MQ_CPM_GOLD_20140314_144417
"bucket1$451,:3,:6001",2014-03-14T14:43:42.669900,MQ,MLM,3000,,3000,100.0,ZNE,train,gold,MQ_MLM_GOLD_20140314_144412
"bucket9$188,:3,:6001",2014-03-14T14:43:43.280000,MQ,SAM,3000,3128.0,3000,100.0,ZNE,dev,gold,MQ_SAM_GOLD_20140314_144413
"bucket6$200,:3,:6001",2014-03-14T14:45:13.129900,MQ,BAM,3000,,3000,100.0,ZNE,test,gold,MQ_BAM_GOLD_20140314_144543
"bucket6$201,:3,:6001",2014-03-14T14:45:12.279900,MQ,CPM,3000,,3000,100.0,ZNE,test,gold,MQ_CPM_GOLD_20140314_144542
"bucket9$189,:3,:6001",2014-03-14T14:45:11.739900,MQ,GBM,3000,,3000,100.0,ZNE,dev,gold,MQ_GBM_GOLD_20140314_144541
"bucket1$452,:3,:6001",2014-03-14T14:45:11.860000,MQ,LAM,3000,3257.0,3000,100.0,ZNE,train,gold,MQ_LAM_GOLD_20140314_144541
"bucket1$453,:3,:6001",2014-03-14T14:55:51.639900,MQ,BAM,3000,,3000,100.0,ZNE,train,gold,MQ_BAM_GOLD_20140314_145621
"bucket1$454,:3,:6001",2014-03-14T14:55:56.249900,MQ,CPM,3000,,3000,100.0,ZNE,train,gold,MQ_CPM_GOLD_20140314_145626
"bucket1$455,:3,:6001",2014-03-14T14:55:56.549900,MQ,GBM,3000,,3000,100.0,ZNE,train,gold,MQ_GBM_GOLD_20140314_145626
"bucket6$202,:3,:6001",2014-03-14T14:55:50.819900,MQ,MLM,3000,,3000,100.0,ZNE,test,gold,MQ_MLM_GOLD_20140314_145620
"bucket1$456,:3,:6001",2014-03-14T15:46:32.589900,MQ,BAM,3000,,3000,100.0,ZNE,train,gold,MQ_BAM_GOLD_20140314_154702
"bucket1$457,:3,:6001",2014-03-14T15:46:28.589900,MQ,CPM,3000,,3000,100.0,ZNE,train,gold,MQ_CPM_GOLD_20140314_154658
"bucket9$190,:3,:6001",2014-03-14T15:46:29.759900,MQ,GBM,3000,,3000,100.0,ZNE,dev,gold,MQ_GBM_GOLD_20140314_154659
"bucket1$458,:3,:6001",2014-03-14T15:46:26.879900,MQ,MLM,3000,,3000,100.0,ZNE,train,gold,MQ_MLM_GOLD_20140314_154656
"bucket1$459,:3,:6001",2014-03-14T15:50:16.699900,MQ,BAM,3000,,3000,100.0,ZNE,train,gold,MQ_BAM_GOLD_20140314_155046
"bucket6$203,:3,:6001",2014-03-14T15:50:16.740000,MQ,IA2,3000,,3000,100.0,ZNE,test,gold,MQ_IA2_GOLD_20140314_155046
"bucket1$460,:3,:6001",2014-03-14T15:50:13.619900,MQ,MLM,3000,,3000,100.0,ZNE,train,gold,MQ_MLM_GOLD_20140314_155043
"bucket1$461,:3,:6001",2014-03-14T15:50:16.780000,MQ,SAM,3000,,3000,100.0,ZNE,train,gold,MQ_SAM_GOLD_20140314_155046
"bucket1$462,:3,:6001",2014-03-14T16:07:22.069900,MQ,BAM,3000,,3000,100.0,ZNE,train,gold,MQ_BAM_GOLD_20140314_160752
"bucket9$191,:3,:6001",2014-03-14T16:07:22.489900,MQ,CPM,3000,,3000,100.0,ZNE,dev,gold,MQ_CPM_GOLD_20140314_160752
"bucket1$463,:3,:6001",2014-03-14T16:07:22.500000,MQ,IA2,3000,3297.0,3000,100.0,ZNE,train,gold,MQ_IA2_GOLD_20140314_160752
"bucket1$464,:3,:6001",2014-03-14T16:07:22.260000,MQ,LAM,3000,3088.0,3000,100.0,ZNE,train,gold,MQ_LAM_GOLD_20140314_160752
"bucket1$465,:3,:6001",2014-03-14T16:07:24.129900,MQ,MLM,3000,,3000,100.0,ZNE,train,gold,MQ_MLM_GOLD_20140314_160754
"bucket1$466,:3,:6001",2014-03-14T16:07:22.080000,MQ,SAM,3000,3074.0,3000,100.0,ZNE,train,gold,MQ_SAM_GOLD_20140314_160752
"bucket1$467,:3,:6001",2014-03-14T16:39:17.039900,MQ,BAM,3000,,3000,100.0,ZNE,train,gold,MQ_BAM_GOLD_20140314_163947
"bucket1$468,:3,:6001",2014-03-14T16:39:18.629900,MQ,CPM,3000,,3000,100.0,ZNE,train,gold,MQ_CPM_GOLD_20140314_163948
"bucket1$469,:3,:6001",2014-03-14T16:39:13.559900,MQ,GBM,3000,,3000,100.0,ZNE,train,gold,MQ_GBM_GOLD_20140314_163943
"bucket1$470,:3,:6001",2014-03-14T16:39:16.610000,MQ,LAM,3000,3229.0,3000,100.0,ZNE,train,gold,MQ_LAM_GOLD_20140314_163946
"bucket1$471,:3,:6001",2014-03-14T16:43:12.389900,MQ,BAM,3000,,3000,100.0,ZNE,train,gold,MQ_BAM_GOLD_20140314_164342
"bucket1$472,:3,:6001",2014-03-14T16:43:07.869900,MQ,CPM,3000,,3000,100.0,ZNE,train,gold,MQ_CPM_GOLD_20140314_164337
"bucket1$473,:3,:6001",2014-03-14T16:43:11.569900,MQ,GBM,3000,,3000,100.0,ZNE,train,gold,MQ_GBM_GOLD_20140314_164341
"bucket1$474,:3,:6001",2014-03-14T16:43:08.200000,MQ,SAM,3000,,3000,100.0,ZNE,train,gold,MQ_SAM_GOLD_20140314_164338
"bucket1$475,:3,:6001",2014-03-14T17:02:43.749900,MQ,BAM,3000,,3000,100.0,ZNE,train,gold,MQ_BAM_GOLD_20140314_170313
"bucket1$476,:3,:6001",2014-03-14T17:02:43.229900,MQ,CPM,3000,,3000,100.0,ZNE,train,gold,MQ_CPM_GOLD_20140314_170313
"bucket1$477,:3,:6001",2014-03-14T17:02:43.749900,MQ,MLM,3000,,3000,100.0,ZNE,train,gold,MQ_MLM_GOLD_20140314_170313
"bucket9$192,:3,:6001",2014-03-14T17:02:40.060000,MQ,SAM,3000,,3000,100.0,ZNE,dev,gold,MQ_SAM_GOLD_20140314_170310
"bucket1$478,:3,:6001",2014-03-14T17:29:52.439900,MQ,BAM,3000,,3000,100.0,ZNE,train,gold,MQ_BAM_GOLD_20140314_173022
"bucket9$193,:3,:6001",2014-03-14T17:29:59.719900,MQ,CPM,3000,,3000,100.0,ZNE,dev,gold,MQ_CPM_GOLD_20140314_173029
"bucket1$479,:3,:6001",2014-03-14T17:29:58.759900,MQ,GBM,3000,,3000,100.0,ZNE,train,gold,MQ_GBM_GOLD_20140314_173028
"bucket1$480,:3,:6001",2014-03-14T17:29:54.589900,MQ,MLM,3000,,3000,100.0,ZNE,train,gold,MQ_MLM_GOLD_20140314_173024
"bucket1$481,:3,:6001",2014-03-14T17:34:02.719900,MQ,BAM,3000,,3000,100.0,ZNE,train,gold,MQ_BAM_GOLD_20140314_173432
"bucket1$482,:3,:6001",2014-03-14T17:34:05.269900,MQ,CPM,3000,,3000,100.0,ZNE,train,gold,MQ_CPM_GOLD_20140314_173435
"bucket1$483,:3,:6001",2014-03-14T17:34:02.109900,MQ,GBM,3000,,3000,100.0,ZNE,train,gold,MQ_GBM_GOLD_20140314_173432
"bucket1$484,:3,:6001",2014-03-14T17:34:03.490000,MQ,IA2,3000,,3000,100.0,ZNE,train,gold,MQ_IA2_GOLD_20140314_173433
"bucket1$485,:3,:6001",2014-03-14T17:34:02.530000,MQ,LAM,3000,3060.0,3000,100.0,ZNE,train,gold,MQ_LAM_GOLD_20140314_173432
"bucket6$204,:3,:6001",2014-03-14T17:34:03.090000,MQ,SAM,3000,3345.0,3000,100.0,ZNE,test,gold,MQ_SAM_GOLD_20140314_173433
"bucket1$486,:3,:6001",2014-03-14T17:37:52.789900,MQ,BAM,3000,,3000,100.0,ZNE,train,gold,MQ_BAM_GOLD_20140314_173822
"bucket1$487,:3,:6001",2014-03-14T17:37:53.739900,MQ,CPM,3000,,3000,100.0,ZNE,train,gold,MQ_CPM_GOLD_20140314_173823
"bucket1$488,:3,:6001",2014-03-14T17:37:51.689900,MQ,GBM,3000,,3000,100.0,ZNE,train,gold,MQ_GBM_GOLD_20140314_173821
"bucket6$205,:3,:6001",2014-03-14T17:37:52.160000,MQ,IA2,3000,3219.0,3000,100.0,ZNE,test,gold,MQ_IA2_GOLD_20140314_173822
"bucket1$489,:3,:6001",2014-03-14T17:37:51.710000,MQ,LAM,3000,3196.0,3000,100.0,ZNE,train,gold,MQ_LAM_GOLD_20140314_173821
"bucket1$490,:3,:6001",2014-03-14T17:45:53.869900,MQ,BAM,3000,,3000,100.0,ZNE,train,gold,MQ_BAM_GOLD_20140314_174623
"bucket1$491,:3,:6001",2014-03-14T17:45:55.429900,MQ,CPM,3000,,3000,100.0,ZNE,train,gold,MQ_CPM_GOLD_20140314_174625
"bucket1$492,:3,:6001",2014-03-14T17:45:53.609900,MQ,GBM,3000,,3000,100.0,ZNE,train,gold,MQ_GBM_GOLD_20140314_174623
"bucket1$493,:3,:6001",2014-03-14T17:45:54.310000,MQ,IA2,3000,3054.0,3000,100.0,ZNE,train,gold,MQ_IA2_GOLD_20140314_174624
"bucket1$494,:3,:6001",2014-03-14T17:45:53.430000,MQ,LAM,3000,3189.0,3000,100.0,ZNE,train,gold,MQ_LAM_GOLD_20140314_174623
"bucket1$495,:3,:6001",2014-03-14T17:45:57.619900,MQ,MLM,3000,,3000,100.0,ZNE,train,gold,MQ_MLM_GOLD_20140314_174627
"bucket1$496,:3,:6001",2014-03-14T17:45:54.520000,MQ,SAM,3000,,3000,100.0,ZNE,train,gold,MQ_SAM_GOLD_20140314_174624
"bucket1$497,:3,:6001",2014-03-14T17:48:35.869900,MQ,BAM,3000,,3000,100.0,ZNE,train,gold,MQ_BAM_GOLD_20140314_174905
"bucket6$206,:3,:6001",2014-03-14T17:48:36.349900,MQ,CPM,3000,,3000,100.0,ZNE,test,gold,MQ_CPM_GOLD_20140314_174906
"bucket1$498,:3,:6001",2014-03-14T17:48:35.539900,MQ,GBM,3000,,3000,100.0,ZNE,train,gold,MQ_GBM_GOLD_20140314_174905
"bucket1$499,:3,:6001",2014-03-14T17:48:36.140000,MQ,IA2,3000,3046.0,3000,100.0,ZNE,train,gold,MQ_IA2_GOLD_20140314_174906
"bucket1$500,:3,:6001",2014-03-14T17:48:35.980000,MQ,LAM,3000,,3000,100.0,ZNE,train,gold,MQ_LAM_GOLD_20140314_174905
"bucket1$501,:3,:6001",2014-03-14T17:48:36.510000,MQ,SAM,3000,,3000,100.0,ZNE,train,gold,MQ_SAM_GOLD_20140314_174906
"bucket1$502,:3,:6001",2014-03-14T17:55:10.559900,MQ,BAM,3000,,3000,100.0,ZNE,train,gold,MQ_BAM_GOLD_20140314_175540
"bucket1$503,:3,:6001",2014-03-14T17:55:10.889900,MQ,GBM,3000,,3000,100.0,ZNE,train,gold,MQ_GBM_GOLD_20140314_175540
"bucket1$504,:3,:6001",2014-03-14T17:55:11.720000,MQ,IA2,3000,3058.0,3000,100.0,ZNE,train,gold,MQ_IA2_GOLD_20140314_175541
"bucket1$505,:3,:6001",2014-03-14T17:55:10.740000,MQ,LAM,3000,,3000,100.0,ZNE,train,gold,MQ_LAM_GOLD_20140314_175540
"bucket1$506,:3,:6001",2014-03-14T17:55:12.210000,MQ,SAM,3000,,3000,100.0,ZNE,train,gold,MQ_SAM_GOLD_20140314_175542
"bucket1$507,:3,:6001",2014-03-14T17:59:56.049900,MQ,BAM,3000,,3000,100.0,ZNE,train,gold,MQ_BAM_GOLD_20140314_180026
"bucket1$508,:3,:6001",2014-03-14T17:59:56.629900,MQ,CPM,3000,,3000,100.0,ZNE,train,gold,MQ_CPM_GOLD_20140314_180026
"bucket1$509,:3,:6001",2014-03-14T17:59:55.799900,MQ,GBM,3000,,3000,100.0,ZNE,train,gold,MQ_GBM_GOLD_20140314_180025
"bucket1$510,:3,:6001",2014-03-14T17:59:56.280000,MQ,IA2,3000,3060.0,3000,100.0,ZNE,train,gold,MQ_IA2_GOLD_20140314_180026
"bucket1$511,:3,:6001",2014-03-14T17:59:55.930000,MQ,LAM,3000,3091.0,3000,100.0,ZNE,train,gold,MQ_LAM_GOLD_20140314_180025
"bucket6$207,:3,:6001",2014-03-14T17:59:56.669900,MQ,MLM,3000,,3000,100.0,ZNE,test,gold,MQ_MLM_GOLD_20140314_180026
"bucket1$512,:3,:6001",2014-03-14T18:10:33.409900,MQ,BAM,3000,,3000,100.0,ZNE,train,gold,MQ_BAM_GOLD_20140314_181103
"bucket6$208,:3,:6001",2014-03-14T18:10:35.359900,MQ,GBM,3000,,3000,100.0,ZNE,test,gold,MQ_GBM_GOLD_20140314_181105
"bucket1$513,:3,:6001",2014-03-14T18:10:34.020000,MQ,SAM,3000,3130.0,3000,100.0,ZNE,train,gold,MQ_SAM_GOLD_20140314_181104
"bucket1$514,:3,:6001",2014-03-14T18:14:54.229900,MQ,BAM,3000,,3000,100.0,ZNE,train,gold,MQ_BAM_GOLD_20140314_181524
"bucket1$515,:3,:6001",2014-03-14T18:15:00.159900,MQ,CPM,3000,,3000,100.0,ZNE,train,gold,MQ_CPM_GOLD_20140314_181530
"bucket9$194,:3,:6001",2014-03-14T18:14:54.389900,MQ,GBM,3000,,3000,100.0,ZNE,dev,gold,MQ_GBM_GOLD_20140314_181524
"bucket9$195,:3,:6001",2014-03-14T18:30:32.269900,MQ,BAM,3000,,3000,100.0,ZNE,dev,gold,MQ_BAM_GOLD_20140314_183102
"bucket1$516,:3,:6001",2014-03-14T18:30:23.859900,MQ,GBM,3000,,3000,100.0,ZNE,train,gold,MQ_GBM_GOLD_20140314_183053
"bucket1$517,:3,:6001",2014-03-14T18:30:22.860000,MQ,IA2,3000,3215.0,3000,100.0,ZNE,train,gold,MQ_IA2_GOLD_20140314_183052
"bucket1$518,:3,:6001",2014-03-14T18:30:27.349900,MQ,MLM,3000,,3000,100.0,ZNE,train,gold,MQ_MLM_GOLD_20140314_183057
"bucket1$519,:3,:6001",2014-03-14T19:17:03.859900,MQ,BAM,3000,,3000,100.0,ZNE,train,gold,MQ_BAM_GOLD_20140314_191733
"bucket6$209,:3,:6001",2014-03-14T19:17:02.709900,MQ,GBM,3000,,3000,100.0,ZNE,test,gold,MQ_GBM_GOLD_20140314_191732
"bucket1$520,:3,:6001",2014-03-14T19:17:07.310000,MQ,IA2,3000,,3000,100.0,ZNE,train,gold,MQ_IA2_GOLD_20140314_191737
"bucket1$521,:3,:6001",2014-03-14T19:17:06.680000,MQ,LAM,3000,3135.0,3000,100.0,ZNE,train,gold,MQ_LAM_GOLD_20140314_191736
"bucket6$210,:3,:6001",2014-03-14T19:28:39.549900,MQ,BAM,3000,,3000,100.0,ZNE,test,gold,MQ_BAM_GOLD_20140314_192909
"bucket6$211,:3,:6001",2014-03-14T19:28:40.259900,MQ,CPM,3000,,3000,100.0,ZNE,test,gold,MQ_CPM_GOLD_20140314_192910
"bucket1$522,:3,:6001",2014-03-14T19:28:39.019900,MQ,GBM,3000,,3000,100.0,ZNE,train,gold,MQ_GBM_GOLD_20140314_192909
"bucket1$523,:3,:6001",2014-03-14T19:28:39.790000,MQ,IA2,3000,3060.0,3000,100.0,ZNE,train,gold,MQ_IA2_GOLD_20140314_192909
"bucket1$524,:3,:6001",2014-03-14T19:28:38.860000,MQ,LAM,3000,3244.0,3000,100.0,ZNE,train,gold,MQ_LAM_GOLD_20140314_192908
"bucket1$525,:3,:6001",2014-03-14T19:28:40.100000,MQ,SAM,3000,,3000,100.0,ZNE,train,gold,MQ_SAM_GOLD_20140314_192910
"bucket1$526,:3,:6001",2014-03-14T19:47:10.549900,MQ,BAM,3000,,3000,100.0,ZNE,train,gold,MQ_BAM_GOLD_20140314_194740
"bucket1$527,:3,:6001",2014-03-14T19:47:09.289900,MQ,GBM,3000,,3000,100.0,ZNE,train,gold,MQ_GBM_GOLD_20140314_194739
"bucket6$212,:3,:6001",2014-03-14T19:47:10.090000,MQ,IA2,3000,,3000,100.0,ZNE,test,gold,MQ_IA2_GOLD_20140314_194740
"bucket9$196,:3,:6001",2014-03-14T19:47:09.320000,MQ,LAM,3000,,3000,100.0,ZNE,dev,gold,MQ_LAM_GOLD_20140314_194739
"bucket1$528,:3,:6001",2014-03-14T19:54:32.759900,MQ,BAM,3000,,3000,100.0,ZNE,train,gold,MQ_BAM_GOLD_20140314_195502
"bucket1$529,:3,:6001",2014-03-14T19:54:31.929900,MQ,GBM,3000,,3000,100.0,ZNE,train,gold,MQ_GBM_GOLD_20140314_195501
"bucket1$530,:3,:6001",2014-03-14T19:54:32.760000,MQ,IA2,3000,,3000,100.0,ZNE,train,gold,MQ_IA2_GOLD_20140314_195502
"bucket1$531,:3,:6001",2014-03-14T19:54:31.900000,MQ,LAM,3000,,3000,100.0,ZNE,train,gold,MQ_LAM_GOLD_20140314_195501
"bucket9$197,:3,:6001",2014-03-14T20:47:26.659900,MQ,BAM,3000,,3000,100.0,ZNE,dev,gold,MQ_BAM_GOLD_20140314_204756
"bucket1$532,:3,:6001",2014-03-14T20:47:25.719900,MQ,GBM,3000,,3000,100.0,ZNE,train,gold,MQ_GBM_GOLD_20140314_204755
"bucket1$533,:3,:6001",2014-03-14T20:47:26.580000,MQ,IA2,3000,,3000,100.0,ZNE,train,gold,MQ_IA2_GOLD_20140314_204756
"bucket1$534,:3,:6001",2014-03-14T20:47:25.660000,MQ,LAM,3000,,3000,100.0,ZNE,train,gold,MQ_LAM_GOLD_20140314_204755
"bucket1$535,:3,:6001",2014-03-14T21:47:10.419900,MQ,BAM,3000,,3000,100.0,ZNE,train,gold,MQ_BAM_GOLD_20140314_214740
"bucket9$198,:3,:6001",2014-03-14T21:47:09.769900,MQ,GBM,3000,,3000,100.0,ZNE,dev,gold,MQ_GBM_GOLD_20140314_214739
"bucket1$536,:3,:6001",2014-03-14T21:47:10.530000,MQ,IA2,3000,,3000,100.0,ZNE,train,gold,MQ_IA2_GOLD_20140314_214740
"bucket9$199,:3,:6001",2014-03-14T21:47:09.530000,MQ,LAM,3000,,3000,100.0,ZNE,dev,gold,MQ_LAM_GOLD_20140314_214739
"bucket1$537,:3,:6001",2014-03-14T22:48:11.909900,MQ,BAM,3000,,3000,100.0,ZNE,train,gold,MQ_BAM_GOLD_20140314_224841
"bucket1$538,:3,:6001",2014-03-14T22:48:11.069900,MQ,GBM,3000,,3000,100.0,ZNE,train,gold,MQ_GBM_GOLD_20140314_224841
"bucket6$213,:3,:6001",2014-03-14T22:48:10.930000,MQ,LAM,3000,,3000,100.0,ZNE,test,gold,MQ_LAM_GOLD_20140314_224840
"bucket6$214,:3,:6001",2014-03-14T22:48:12.200000,MQ,SAM,3000,3126.0,3000,100.0,ZNE,test,gold,MQ_SAM_GOLD_20140314_224842
"bucket6$215,:3,:6001",2014-03-14T23:31:08.519900,MQ,BAM,3000,,3000,100.0,ZNE,test,gold,MQ_BAM_GOLD_20140314_233138
"bucket6$216,:3,:6001",2014-03-14T23:31:09.469900,MQ,CPM,3000,,3000,100.0,ZNE,test,gold,MQ_CPM_GOLD_20140314_233139
"bucket1$539,:3,:6001",2014-03-14T23:31:07.470000,MQ,LAM,3000,3186.0,3000,100.0,ZNE,train,gold,MQ_LAM_GOLD_20140314_233137
"bucket1$540,:3,:6001",2014-03-14T23:31:17.279900,MQ,MLM,3000,,3000,100.0,ZNE,train,gold,MQ_MLM_GOLD_20140314_233147
"bucket9$200,:3,:6001",2014-03-14T23:33:10.579900,MQ,BAM,3000,,3000,100.0,ZNE,dev,gold,MQ_BAM_GOLD_20140314_233340
"bucket1$541,:3,:6001",2014-03-14T23:33:14.039900,MQ,CPM,3000,,3000,100.0,ZNE,train,gold,MQ_CPM_GOLD_20140314_233344
"bucket1$542,:3,:6001",2014-03-14T23:33:09.910000,MQ,IA2,3000,,3000,100.0,ZNE,train,gold,MQ_IA2_GOLD_20140314_233339
"bucket1$543,:3,:6001",2014-03-14T23:33:14.359900,MQ,MLM,3000,,3000,100.0,ZNE,train,gold,MQ_MLM_GOLD_20140314_233344
"bucket9$201,:3,:6001",2014-03-14T23:36:31.899900,MQ,BAM,3000,,3000,100.0,ZNE,dev,gold,MQ_BAM_GOLD_20140314_233701
"bucket1$544,:3,:6001",2014-03-14T23:36:27.279900,MQ,CPM,3000,,3000,100.0,ZNE,train,gold,MQ_CPM_GOLD_20140314_233657
"bucket1$545,:3,:6001",2014-03-14T23:36:30.639900,MQ,GBM,3000,,3000,100.0,ZNE,train,gold,MQ_GBM_GOLD_20140314_233700
"bucket1$546,:3,:6001",2014-03-14T23:36:26.440000,MQ,IA2,3000,3143.0,3000,100.0,ZNE,train,gold,MQ_IA2_GOLD_20140314_233656
"bucket1$547,:3,:6001",2014-03-14T23:49:01.619900,MQ,BAM,3000,,3000,100.0,ZNE,train,gold,MQ_BAM_GOLD_20140314_234931
"bucket1$548,:3,:6001",2014-03-14T23:48:57.719900,MQ,GBM,3000,,3000,100.0,ZNE,train,gold,MQ_GBM_GOLD_20140314_234927
"bucket1$549,:3,:6001",2014-03-14T23:48:58.580000,MQ,IA2,3000,3254.0,3000,100.0,ZNE,train,gold,MQ_IA2_GOLD_20140314_234928
"bucket1$550,:3,:6001",2014-03-14T23:49:01.910000,MQ,SAM,3000,3138.0,3000,100.0,ZNE,train,gold,MQ_SAM_GOLD_20140314_234931
"bucket9$202,:3,:6001",2014-03-15T01:13:17.939900,MQ,CPM,3000,,3000,100.0,ZNE,dev,gold,MQ_CPM_GOLD_20140315_011347
"bucket1$551,:3,:6001",2014-03-15T01:13:16.729900,MQ,MLM,3000,,3000,100.0,ZNE,train,gold,MQ_MLM_GOLD_20140315_011346
"bucket1$552,:3,:6001",2014-03-15T01:13:16.980000,MQ,SAM,3000,,3000,100.0,ZNE,train,gold,MQ_SAM_GOLD_20140315_011346
"bucket1$553,:3,:6001",2014-03-15T01:20:29.270000,MQ,IA2,3000,3183.0,3000,100.0,ZNE,train,gold,MQ_IA2_GOLD_20140315_012059
"bucket1$554,:3,:6001",2014-03-15T02:13:49.650000,MQ,SAM,3000,,3000,100.0,ZNE,train,gold,MQ_SAM_GOLD_20140315_021419
"bucket1$555,:3,:6001",2014-03-15T02:32:31.650000,MQ,IA2,3000,3094.0,3000,100.0,ZNE,train,gold,MQ_IA2_GOLD_20140315_023301
"bucket1$556,:3,:6001",2014-03-15T02:32:36.929900,MQ,MLM,3000,,3000,100.0,ZNE,train,gold,MQ_MLM_GOLD_20140315_023306
"bucket1$557,:3,:6001",2014-03-15T02:32:32.280000,MQ,SAM,3000,3060.0,3000,100.0,ZNE,train,gold,MQ_SAM_GOLD_20140315_023302
"bucket9$203,:3,:6001",2014-03-15T02:40:39.849900,MQ,CPM,3000,,3000,100.0,ZNE,dev,gold,MQ_CPM_GOLD_20140315_024109
"bucket1$558,:3,:6001",2014-03-15T02:40:41.769900,MQ,MLM,3000,,3000,100.0,ZNE,train,gold,MQ_MLM_GOLD_20140315_024111
"bucket1$559,:3,:6001",2014-03-15T02:40:38.970000,MQ,SAM,3000,3167.0,3000,100.0,ZNE,train,gold,MQ_SAM_GOLD_20140315_024108
"bucket1$560,:3,:6001",2014-03-15T02:49:18.439900,MQ,BAM,3000,,3000,100.0,ZNE,train,gold,MQ_BAM_GOLD_20140315_024948
"bucket1$561,:3,:6001",2014-03-15T02:49:17.279900,MQ,GBM,3000,,3000,100.0,ZNE,train,gold,MQ_GBM_GOLD_20140315_024947
"bucket1$562,:3,:6001",2014-03-15T02:49:18.040000,MQ,IA2,3000,,3000,100.0,ZNE,train,gold,MQ_IA2_GOLD_20140315_024948
"bucket1$563,:3,:6001",2014-03-15T02:49:17.080000,MQ,LAM,3000,,3000,100.0,ZNE,train,gold,MQ_LAM_GOLD_20140315_024947
"bucket1$564,:3,:6001",2014-03-15T02:49:18.800000,MQ,SAM,3000,3135.0,3000,100.0,ZNE,train,gold,MQ_SAM_GOLD_20140315_024948
"bucket1$565,:3,:6001",2014-03-15T02:51:07.499900,MQ,BAM,3000,,3000,100.0,ZNE,train,gold,MQ_BAM_GOLD_20140315_025137
"bucket1$566,:3,:6001",2014-03-15T02:51:06.849900,MQ,GBM,3000,,3000,100.0,ZNE,train,gold,MQ_GBM_GOLD_20140315_025136
"bucket1$567,:3,:6001",2014-03-15T02:51:07.580000,MQ,IA2,3000,,3000,100.0,ZNE,train,gold,MQ_IA2_GOLD_20140315_025137
"bucket1$568,:3,:6001",2014-03-15T02:51:07.970000,MQ,SAM,3000,,3000,100.0,ZNE,train,gold,MQ_SAM_GOLD_20140315_025137
"bucket9$204,:3,:6001",2014-03-15T03:03:58.549900,MQ,BAM,3000,,3000,100.0,ZNE,dev,gold,MQ_BAM_GOLD_20140315_030428
"bucket1$569,:3,:6001",2014-03-15T03:03:58.069900,MQ,GBM,3000,,3000,100.0,ZNE,train,gold,MQ_GBM_GOLD_20140315_030428
"bucket1$570,:3,:6001",2014-03-15T03:03:58.990000,MQ,IA2,3000,3224.0,3000,100.0,ZNE,train,gold,MQ_IA2_GOLD_20140315_030428
"bucket9$205,:3,:6001",2014-03-15T03:03:59.710000,MQ,SAM,3000,3151.0,3000,100.0,ZNE,dev,gold,MQ_SAM_GOLD_20140315_030429
"bucket1$571,:3,:6001",2014-03-15T03:04:52.399900,MQ,CPM,3000,,3000,100.0,ZNE,train,gold,MQ_CPM_GOLD_20140315_030522
"bucket1$572,:3,:6001",2014-03-15T03:04:52.939900,MQ,MLM,3000,,3000,100.0,ZNE,train,gold,MQ_MLM_GOLD_20140315_030522
"bucket1$573,:3,:6001",2014-03-15T03:04:52.400000,MQ,SAM,3000,3195.0,3000,100.0,ZNE,train,gold,MQ_SAM_GOLD_20140315_030522
"bucket1$574,:3,:6001",2014-03-15T03:05:13.829900,MQ,BAM,3000,,3000,100.0,ZNE,train,gold,MQ_BAM_GOLD_20140315_030543
"bucket1$575,:3,:6001",2014-03-15T03:05:17.189900,MQ,GBM,3000,,3000,100.0,ZNE,train,gold,MQ_GBM_GOLD_20140315_030547
"bucket1$576,:3,:6001",2014-03-15T03:05:18.030000,MQ,IA2,3000,3169.0,3000,100.0,ZNE,train,gold,MQ_IA2_GOLD_20140315_030548
"bucket9$206,:3,:6001",2014-03-15T03:05:18.550000,MQ,SAM,3000,,3000,100.0,ZNE,dev,gold,MQ_SAM_GOLD_20140315_030548
"bucket1$577,:3,:6001",2014-03-15T03:34:15.569900,MQ,BAM,3000,,3000,100.0,ZNE,train,gold,MQ_BAM_GOLD_20140315_033445
"bucket1$578,:3,:6001",2014-03-15T03:34:16.859900,MQ,CPM,3000,,3000,100.0,ZNE,train,gold,MQ_CPM_GOLD_20140315_033446
"bucket1$579,:3,:6001",2014-03-15T03:34:14.899900,MQ,GBM,3000,,3000,100.0,ZNE,train,gold,MQ_GBM_GOLD_20140315_033444
"bucket1$580,:3,:6001",2014-03-15T03:34:15.880000,MQ,IA2,3000,3228.0,3000,100.0,ZNE,train,gold,MQ_IA2_GOLD_20140315_033445
"bucket1$581,:3,:6001",2014-03-15T03:34:14.580000,MQ,LAM,3000,3279.0,3000,100.0,ZNE,train,gold,MQ_LAM_GOLD_20140315_033444
"bucket1$582,:3,:6001",2014-03-15T03:34:16.210000,MQ,SAM,3000,,3000,100.0,ZNE,train,gold,MQ_SAM_GOLD_20140315_033446
"bucket1$583,:3,:6001",2014-03-15T03:46:24.059900,MQ,BAM,3000,,3000,100.0,ZNE,train,gold,MQ_BAM_GOLD_20140315_034654
"bucket1$584,:3,:6001",2014-03-15T03:46:22.749900,MQ,GBM,3000,,3000,100.0,ZNE,train,gold,MQ_GBM_GOLD_20140315_034652
"bucket9$207,:3,:6001",2014-03-15T03:46:23.700000,MQ,IA2,3000,,3000,100.0,ZNE,dev,gold,MQ_IA2_GOLD_20140315_034653
"bucket1$585,:3,:6001",2014-03-15T03:46:26.880000,MQ,SAM,3000,,3000,100.0,ZNE,train,gold,MQ_SAM_GOLD_20140315_034656
"bucket1$586,:3,:6001",2014-03-15T14:33:42.239900,MQ,BAM,3000,,3000,100.0,ZNE,train,gold,MQ_BAM_GOLD_20140315_143412
"bucket1$587,:3,:6001",2014-03-15T14:33:43.349900,MQ,CPM,3000,,3000,100.0,ZNE,train,gold,MQ_CPM_GOLD_20140315_143413
"bucket9$208,:3,:6001",2014-03-15T14:33:45.819900,MQ,GBM,3000,,3000,100.0,ZNE,dev,gold,MQ_GBM_GOLD_20140315_143415
"bucket1$588,:3,:6001",2014-03-15T14:33:43.850000,MQ,SAM,3000,3140.0,3000,100.0,ZNE,train,gold,MQ_SAM_GOLD_20140315_143413
"bucket1$589,:3,:6001",2014-03-15T14:50:41.599900,MQ,CPM,3000,,3000,100.0,ZNE,train,gold,MQ_CPM_GOLD_20140315_145111
"bucket1$590,:3,:6001",2014-03-15T14:50:41.489900,MQ,GBM,3000,,3000,100.0,ZNE,train,gold,MQ_GBM_GOLD_20140315_145111
"bucket1$591,:3,:6001",2014-03-15T14:50:41.960000,MQ,IA2,3000,,3000,100.0,ZNE,train,gold,MQ_IA2_GOLD_20140315_145111
"bucket1$592,:3,:6001",2014-03-15T14:50:41.510000,MQ,LAM,3000,,3000,100.0,ZNE,train,gold,MQ_LAM_GOLD_20140315_145111
"bucket1$593,:3,:6001",2014-03-15T14:50:42.069900,MQ,MLM,3000,,3000,100.0,ZNE,train,gold,MQ_MLM_GOLD_20140315_145112
"bucket6$217,:3,:6001",2014-03-15T16:05:10.489900,MQ,BAM,3000,,3000,100.0,ZNE,test,gold,MQ_BAM_GOLD_20140315_160540
"bucket1$594,:3,:6001",2014-03-15T16:05:11.789900,MQ,CPM,3000,,3000,100.0,ZNE,train,gold,MQ_CPM_GOLD_20140315_160541
"bucket1$595,:3,:6001",2014-03-15T16:05:10.049900,MQ,GBM,3000,,3000,100.0,ZNE,train,gold,MQ_GBM_GOLD_20140315_160540
"bucket1$596,:3,:6001",2014-03-15T16:05:10.770000,MQ,IA2,3000,3075.0,3000,100.0,ZNE,train,gold,MQ_IA2_GOLD_20140315_160540
"bucket9$209,:3,:6001",2014-03-15T16:05:09.880000,MQ,LAM,3000,,3000,100.0,ZNE,dev,gold,MQ_LAM_GOLD_20140315_160539
"bucket1$597,:3,:6001",2014-03-15T16:05:11.449900,MQ,MLM,3000,,3000,100.0,ZNE,train,gold,MQ_MLM_GOLD_20140315_160541
"bucket1$598,:3,:6001",2014-03-15T16:05:11.110000,MQ,SAM,3000,3175.0,3000,100.0,ZNE,train,gold,MQ_SAM_GOLD_20140315_160541
"bucket1$599,:3,:6001",2014-03-15T17:11:29.269900,MQ,BAM,3000,,3000,100.0,ZNE,train,gold,MQ_BAM_GOLD_20140315_171159
"bucket9$210,:3,:6001",2014-03-15T17:11:29.959900,MQ,CPM,3000,,3000,100.0,ZNE,dev,gold,MQ_CPM_GOLD_20140315_171159
"bucket1$600,:3,:6001",2014-03-15T17:11:28.339900,MQ,GBM,3000,,3000,100.0,ZNE,train,gold,MQ_GBM_GOLD_20140315_171158
"bucket1$601,:3,:6001",2014-03-15T17:11:29.060000,MQ,IA2,3000,,3000,100.0,ZNE,train,gold,MQ_IA2_GOLD_20140315_171159
"bucket1$602,:3,:6001",2014-03-15T17:25:00.049900,MQ,CPM,3000,,3000,100.0,ZNE,train,gold,MQ_CPM_GOLD_20140315_172530
"bucket1$603,:3,:6001",2014-03-15T17:24:58.559900,MQ,GBM,3000,,3000,100.0,ZNE,train,gold,MQ_GBM_GOLD_20140315_172528
"bucket9$211,:3,:6001",2014-03-15T17:24:59.320000,MQ,IA2,3000,3167.0,3000,100.0,ZNE,dev,gold,MQ_IA2_GOLD_20140315_172529
"bucket1$604,:3,:6001",2014-03-15T17:24:59.580000,MQ,SAM,3000,,3000,100.0,ZNE,train,gold,MQ_SAM_GOLD_20140315_172529
"bucket1$605,:3,:6001",2014-03-15T18:47:58.269900,MQ,BAM,3000,,3000,100.0,ZNE,train,gold,MQ_BAM_GOLD_20140315_184828
"bucket1$606,:3,:6001",2014-03-15T18:47:59.829900,MQ,CPM,3000,,3000,100.0,ZNE,train,gold,MQ_CPM_GOLD_20140315_184829
"bucket1$607,:3,:6001",2014-03-15T18:47:57.839900,MQ,GBM,3000,,3000,100.0,ZNE,train,gold,MQ_GBM_GOLD_20140315_184827
"bucket1$608,:3,:6001",2014-03-15T18:47:58.670000,MQ,IA2,3000,3058.0,3000,100.0,ZNE,train,gold,MQ_IA2_GOLD_20140315_184828
"bucket1$609,:3,:6001",2014-03-15T18:47:57.640000,MQ,LAM,3000,3157.0,3000,100.0,ZNE,train,gold,MQ_LAM_GOLD_20140315_184827
"bucket9$212,:3,:6001",2014-03-15T18:48:00.599900,MQ,MLM,3000,,3000,100.0,ZNE,dev,gold,MQ_MLM_GOLD_20140315_184830
"bucket1$610,:3,:6001",2014-03-15T18:47:58.970000,MQ,SAM,3000,3111.0,3000,100.0,ZNE,train,gold,MQ_SAM_GOLD_20140315_184828
"bucket1$611,:3,:6001",2014-03-15T19:54:12.810000,MQ,IA2,3000,,3000,100.0,ZNE,train,gold,MQ_IA2_GOLD_20140315_195442
"bucket1$612,:3,:6001",2014-03-15T20:05:09.889900,MQ,CPM,3000,,3000,100.0,ZNE,train,gold,MQ_CPM_GOLD_20140315_200539
"bucket1$613,:3,:6001",2014-03-15T20:05:09.730000,MQ,SAM,3000,3161.0,3000,100.0,ZNE,train,gold,MQ_SAM_GOLD_20140315_200539
"bucket9$213,:3,:6001",2014-03-15T21:06:41.870000,MQ,SAM,3000,,3000,100.0,ZNE,dev,gold,MQ_SAM_GOLD_20140315_210711
"bucket1$614,:3,:6001",2014-03-15T21:15:20.009900,MQ,BAM,3000,,3000,100.0,ZNE,train,gold,MQ_BAM_GOLD_20140315_211550
"bucket9$214,:3,:6001",2014-03-15T21:15:19.459900,MQ,GBM,3000,,3000,100.0,ZNE,dev,gold,MQ_GBM_GOLD_20140315_211549
"bucket6$218,:3,:6001",2014-03-15T21:15:24.050000,MQ,IA2,3000,3125.0,3000,100.0,ZNE,test,gold,MQ_IA2_GOLD_20140315_211554
"bucket1$615,:3,:6001",2014-03-15T21:15:19.300000,MQ,LAM,3000,,3000,100.0,ZNE,train,gold,MQ_LAM_GOLD_20140315_211549
"bucket1$616,:3,:6001",2014-03-15T21:42:14.599900,MQ,BAM,3000,,3000,100.0,ZNE,train,gold,MQ_BAM_GOLD_20140315_214244
"bucket1$617,:3,:6001",2014-03-15T21:42:13.089900,MQ,GBM,3000,,3000,100.0,ZNE,train,gold,MQ_GBM_GOLD_20140315_214243
"bucket1$618,:3,:6001",2014-03-15T21:42:14.010000,MQ,IA2,3000,3245.0,3000,100.0,ZNE,train,gold,MQ_IA2_GOLD_20140315_214244
"bucket6$219,:3,:6001",2014-03-15T21:42:12.910000,MQ,LAM,3000,,3000,100.0,ZNE,test,gold,MQ_LAM_GOLD_20140315_214242
"bucket9$215,:3,:6001",2014-03-15T21:53:34.320000,MQ,SAM,3000,3154.0,3000,100.0,ZNE,dev,gold,MQ_SAM_GOLD_20140315_215404
"bucket1$619,:3,:6001",2014-03-15T22:12:46.719900,MQ,BAM,3000,,3000,100.0,ZNE,train,gold,MQ_BAM_GOLD_20140315_221316
"bucket1$620,:3,:6001",2014-03-15T22:12:45.229900,MQ,GBM,3000,,3000,100.0,ZNE,train,gold,MQ_GBM_GOLD_20140315_221315
"bucket1$621,:3,:6001",2014-03-15T22:12:46.190000,MQ,IA2,3000,3049.0,3000,100.0,ZNE,train,gold,MQ_IA2_GOLD_20140315_221316
"bucket1$622,:3,:6001",2014-03-15T22:12:45.260000,MQ,LAM,3000,3226.0,3000,100.0,ZNE,train,gold,MQ_LAM_GOLD_20140315_221315
"bucket1$623,:3,:6001",2014-03-15T22:12:46.470000,MQ,SAM,3000,3134.0,3000,100.0,ZNE,train,gold,MQ_SAM_GOLD_20140315_221316
"bucket1$624,:3,:6001",2014-03-15T22:35:31.929900,MQ,BAM,3000,,3000,100.0,ZNE,train,gold,MQ_BAM_GOLD_20140315_223601
"bucket6$220,:3,:6001",2014-03-15T22:35:27.089900,MQ,GBM,3000,,3000,100.0,ZNE,test,gold,MQ_GBM_GOLD_20140315_223557
"bucket1$625,:3,:6001",2014-03-15T22:35:31.930000,MQ,IA2,3000,3165.0,3000,100.0,ZNE,train,gold,MQ_IA2_GOLD_20140315_223601
"bucket1$626,:3,:6001",2014-03-15T22:35:30.980000,MQ,LAM,3000,,3000,100.0,ZNE,train,gold,MQ_LAM_GOLD_20140315_223600
"bucket1$627,:3,:6001",2014-03-15T22:35:32.340000,MQ,SAM,3000,3128.0,3000,100.0,ZNE,train,gold,MQ_SAM_GOLD_20140315_223602
"bucket1$628,:3,:6001",2014-03-15T22:37:14.209900,MQ,BAM,3000,,3000,100.0,ZNE,train,gold,MQ_BAM_GOLD_20140315_223744
"bucket1$629,:3,:6001",2014-03-15T22:37:14.049900,MQ,GBM,3000,,3000,100.0,ZNE,train,gold,MQ_GBM_GOLD_20140315_223744
"bucket1$630,:3,:6001",2014-03-15T22:37:14.440000,MQ,IA2,3000,,3000,100.0,ZNE,train,gold,MQ_IA2_GOLD_20140315_223744
"bucket1$631,:3,:6001",2014-03-15T22:37:14.770000,MQ,SAM,3000,3120.0,3000,100.0,ZNE,train,gold,MQ_SAM_GOLD_20140315_223744
"bucket9$216,:3,:6001",2014-03-15T22:42:19.720000,MQ,IA2,3000,3167.0,3000,100.0,ZNE,dev,gold,MQ_IA2_GOLD_20140315_224249
"bucket1$632,:3,:6001",2014-03-15T22:42:19.950000,MQ,SAM,3000,3148.0,3000,100.0,ZNE,train,gold,MQ_SAM_GOLD_20140315_224249
"bucket1$633,:3,:6001",2014-03-15T22:43:55.959900,MQ,BAM,3000,,3000,100.0,ZNE,train,gold,MQ_BAM_GOLD_20140315_224425
"bucket1$634,:3,:6001",2014-03-15T22:43:57.479900,MQ,CPM,3000,,3000,100.0,ZNE,train,gold,MQ_CPM_GOLD_20140315_224427
"bucket1$635,:3,:6001",2014-03-15T22:43:55.259900,MQ,GBM,3000,,3000,100.0,ZNE,train,gold,MQ_GBM_GOLD_20140315_224425
"bucket1$636,:3,:6001",2014-03-15T22:43:56.950000,MQ,IA2,3000,3177.0,3000,100.0,ZNE,train,gold,MQ_IA2_GOLD_20140315_224426
"bucket1$637,:3,:6001",2014-03-15T22:43:57.679900,MQ,MLM,3000,,3000,100.0,ZNE,train,gold,MQ_MLM_GOLD_20140315_224427
"bucket1$638,:3,:6001",2014-03-15T22:43:57.360000,MQ,SAM,3000,3176.0,3000,100.0,ZNE,train,gold,MQ_SAM_GOLD_20140315_224427
"bucket6$221,:3,:6001",2014-03-15T22:44:28.019900,MQ,BAM,3000,,3000,100.0,ZNE,test,gold,MQ_BAM_GOLD_20140315_224458
"bucket1$639,:3,:6001",2014-03-15T22:44:29.409900,MQ,CPM,3000,,3000,100.0,ZNE,train,gold,MQ_CPM_GOLD_20140315_224459
"bucket1$640,:3,:6001",2014-03-15T22:44:26.929900,MQ,GBM,3000,,3000,100.0,ZNE,train,gold,MQ_GBM_GOLD_20140315_224456
"bucket9$217,:3,:6001",2014-03-15T22:44:27.730000,MQ,IA2,3000,,3000,100.0,ZNE,dev,gold,MQ_IA2_GOLD_20140315_224457
"bucket1$641,:3,:6001",2014-03-15T22:47:57.110000,MQ,SAM,3000,,3000,100.0,ZNE,train,gold,MQ_SAM_GOLD_20140315_224827
"bucket1$642,:3,:6001",2014-03-15T22:49:51.509900,MQ,BAM,3000,,3000,100.0,ZNE,train,gold,MQ_BAM_GOLD_20140315_225021
"bucket1$643,:3,:6001",2014-03-15T22:49:53.059900,MQ,CPM,3000,,3000,100.0,ZNE,train,gold,MQ_CPM_GOLD_20140315_225023
"bucket1$644,:3,:6001",2014-03-15T22:49:54.769900,MQ,GBM,3000,,3000,100.0,ZNE,train,gold,MQ_GBM_GOLD_20140315_225024
"bucket1$645,:3,:6001",2014-03-15T22:49:54.770000,MQ,LAM,3000,3002.0,3000,100.0,ZNE,train,gold,MQ_LAM_GOLD_20140315_225024
"bucket1$646,:3,:6001",2014-03-15T22:50:44.979900,MQ,BAM,3000,,3000,100.0,ZNE,train,gold,MQ_BAM_GOLD_20140315_225114
"bucket1$647,:3,:6001",2014-03-15T22:50:44.169900,MQ,GBM,3000,,3000,100.0,ZNE,train,gold,MQ_GBM_GOLD_20140315_225114
"bucket1$648,:3,:6001",2014-03-15T22:50:48.630000,MQ,IA2,3000,,3000,100.0,ZNE,train,gold,MQ_IA2_GOLD_20140315_225118
"bucket1$649,:3,:6001",2014-03-15T22:50:47.590000,MQ,LAM,3000,,3000,100.0,ZNE,train,gold,MQ_LAM_GOLD_20140315_225117
"bucket1$650,:3,:6001",2014-03-15T22:51:45.819900,MQ,BAM,3000,,3000,100.0,ZNE,train,gold,MQ_BAM_GOLD_20140315_225215
"bucket9$218,:3,:6001",2014-03-15T22:51:45.019900,MQ,GBM,3000,,3000,100.0,ZNE,dev,gold,MQ_GBM_GOLD_20140315_225215
"bucket6$222,:3,:6001",2014-03-15T22:51:46.570000,MQ,IA2,3000,,3000,100.0,ZNE,test,gold,MQ_IA2_GOLD_20140315_225216
"bucket9$219,:3,:6001",2014-03-15T22:51:46.790000,MQ,SAM,3000,,3000,100.0,ZNE,dev,gold,MQ_SAM_GOLD_20140315_225216
"bucket1$651,:3,:6001",2014-03-15T22:53:32.899900,MQ,BAM,3000,,3000,100.0,ZNE,train,gold,MQ_BAM_GOLD_20140315_225402
"bucket1$652,:3,:6001",2014-03-15T22:53:32.529900,MQ,GBM,3000,,3000,100.0,ZNE,train,gold,MQ_GBM_GOLD_20140315_225402
"bucket1$653,:3,:6001",2014-03-15T22:53:33.170000,MQ,IA2,3000,3153.0,3000,100.0,ZNE,train,gold,MQ_IA2_GOLD_20140315_225403
"bucket1$654,:3,:6001",2014-03-15T22:53:32.220000,MQ,LAM,3000,3261.0,3000,100.0,ZNE,train,gold,MQ_LAM_GOLD_20140315_225402
"bucket6$223,:3,:6001",2014-03-15T22:53:33.460000,MQ,SAM,3000,,3000,100.0,ZNE,test,gold,MQ_SAM_GOLD_20140315_225403
"bucket1$655,:3,:6001",2014-03-15T22:56:35.060000,MQ,SAM,3000,3140.0,3000,100.0,ZNE,train,gold,MQ_SAM_GOLD_20140315_225705
"bucket6$224,:3,:6001",2014-03-15T23:00:09.319900,MQ,BAM,3000,,3000,100.0,ZNE,test,gold,MQ_BAM_GOLD_20140315_230039
"bucket1$656,:3,:6001",2014-03-15T23:00:09.029900,MQ,GBM,3000,,3000,100.0,ZNE,train,gold,MQ_GBM_GOLD_20140315_230039
"bucket1$657,:3,:6001",2014-03-15T23:00:08.710000,MQ,LAM,3000,3145.0,3000,100.0,ZNE,train,gold,MQ_LAM_GOLD_20140315_230038
"bucket9$220,:3,:6001",2014-03-15T23:00:10.180000,MQ,SAM,3000,,3000,100.0,ZNE,dev,gold,MQ_SAM_GOLD_20140315_230040
"bucket1$658,:3,:6001",2014-03-15T23:13:54.979900,MQ,BAM,3000,,3000,100.0,ZNE,train,gold,MQ_BAM_GOLD_20140315_231424
"bucket6$225,:3,:6001",2014-03-15T23:13:54.419900,MQ,GBM,3000,,3000,100.0,ZNE,test,gold,MQ_GBM_GOLD_20140315_231424
"bucket1$659,:3,:6001",2014-03-15T23:13:55.390000,MQ,IA2,3000,3024.0,3000,100.0,ZNE,train,gold,MQ_IA2_GOLD_20140315_231425
"bucket1$660,:3,:6001",2014-03-15T23:13:54.340000,MQ,LAM,3000,3070.0,3000,100.0,ZNE,train,gold,MQ_LAM_GOLD_20140315_231424
"bucket1$661,:3,:6001",2014-03-15T23:13:55.560000,MQ,SAM,3000,3190.0,3000,100.0,ZNE,train,gold,MQ_SAM_GOLD_20140315_231425
"bucket1$662,:3,:6001",2014-03-15T23:14:02.190000,MQ,IA2,3000,2722.0,3000,100.0,ZNE,train,gold,MQ_IA2_GOLD_20140315_231432
"bucket1$663,:3,:6001",2014-03-15T23:14:03.399900,MQ,MLM,3000,,3000,100.0,ZNE,train,gold,MQ_MLM_GOLD_20140315_231433
"bucket1$664,:3,:6001",2014-03-15T23:15:32.309900,MQ,BAM,3000,,3000,100.0,ZNE,train,gold,MQ_BAM_GOLD_20140315_231602
"bucket1$665,:3,:6001",2014-03-15T23:15:34.889900,MQ,GBM,3000,,3000,100.0,ZNE,train,gold,MQ_GBM_GOLD_20140315_231604
"bucket1$666,:3,:6001",2014-03-15T23:15:35.660000,MQ,IA2,3000,3204.0,3000,100.0,ZNE,train,gold,MQ_IA2_GOLD_20140315_231605
"bucket1$667,:3,:6001",2014-03-15T23:15:34.610000,MQ,LAM,3000,3038.0,3000,100.0,ZNE,train,gold,MQ_LAM_GOLD_20140315_231604
"bucket1$668,:3,:6001",2014-03-15T23:15:36.010000,MQ,SAM,3000,,3000,100.0,ZNE,train,gold,MQ_SAM_GOLD_20140315_231606
"bucket6$226,:3,:6001",2014-03-15T23:26:16.759900,MQ,BAM,3000,,3000,100.0,ZNE,test,gold,MQ_BAM_GOLD_20140315_232646
"bucket1$669,:3,:6001",2014-03-15T23:26:18.239900,MQ,CPM,3000,,3000,100.0,ZNE,train,gold,MQ_CPM_GOLD_20140315_232648
"bucket1$670,:3,:6001",2014-03-15T23:26:16.799900,MQ,GBM,3000,,3000,100.0,ZNE,train,gold,MQ_GBM_GOLD_20140315_232646
"bucket1$671,:3,:6001",2014-03-15T23:26:17.040000,MQ,IA2,3000,3183.0,3000,100.0,ZNE,train,gold,MQ_IA2_GOLD_20140315_232647
"bucket1$672,:3,:6001",2014-03-15T23:38:02.269900,MQ,BAM,3000,,3000,100.0,ZNE,train,gold,MQ_BAM_GOLD_20140315_233832
"bucket6$227,:3,:6001",2014-03-15T23:38:01.909900,MQ,GBM,3000,,3000,100.0,ZNE,test,gold,MQ_GBM_GOLD_20140315_233831
"bucket9$221,:3,:6001",2014-03-15T23:38:01.380000,MQ,LAM,3000,3219.0,3000,100.0,ZNE,dev,gold,MQ_LAM_GOLD_20140315_233831
"bucket1$673,:3,:6001",2014-03-15T23:38:03.060000,MQ,SAM,3000,,3000,100.0,ZNE,train,gold,MQ_SAM_GOLD_20140315_233833
"bucket1$674,:3,:6001",2014-03-15T23:39:47.169900,MQ,BAM,3000,,3000,100.0,ZNE,train,gold,MQ_BAM_GOLD_20140315_234017
"bucket1$675,:3,:6001",2014-03-15T23:39:47.299900,MQ,GBM,3000,,3000,100.0,ZNE,train,gold,MQ_GBM_GOLD_20140315_234017
"bucket1$676,:3,:6001",2014-03-15T23:39:48.220000,MQ,IA2,3000,3062.0,3000,100.0,ZNE,train,gold,MQ_IA2_GOLD_20140315_234018
"bucket1$677,:3,:6001",2014-03-15T23:39:49.539900,MQ,MLM,3000,,3000,100.0,ZNE,train,gold,MQ_MLM_GOLD_20140315_234019
"bucket1$678,:3,:6001",2014-03-15T23:39:48.390000,MQ,SAM,3000,,3000,100.0,ZNE,train,gold,MQ_SAM_GOLD_20140315_234018
"bucket1$679,:3,:6001",2014-03-15T23:43:14.579900,MQ,BAM,3000,,3000,100.0,ZNE,train,gold,MQ_BAM_GOLD_20140315_234344
"bucket1$680,:3,:6001",2014-03-15T23:43:15.509900,MQ,CPM,3000,,3000,100.0,ZNE,train,gold,MQ_CPM_GOLD_20140315_234345
"bucket1$681,:3,:6001",2014-03-15T23:43:14.079900,MQ,GBM,3000,,3000,100.0,ZNE,train,gold,MQ_GBM_GOLD_20140315_234344
"bucket1$682,:3,:6001",2014-03-15T23:43:14.720000,MQ,IA2,3000,3156.0,3000,100.0,ZNE,train,gold,MQ_IA2_GOLD_20140315_234344
"bucket1$683,:3,:6001",2014-03-15T23:43:13.840000,MQ,LAM,3000,3177.0,3000,100.0,ZNE,train,gold,MQ_LAM_GOLD_20140315_234343
"bucket1$684,:3,:6001",2014-03-15T23:43:15.160000,MQ,SAM,3000,,3000,100.0,ZNE,train,gold,MQ_SAM_GOLD_20140315_234345
"bucket1$685,:3,:6001",2014-03-15T23:48:14.619900,MQ,BAM,3000,,3000,100.0,ZNE,train,gold,MQ_BAM_GOLD_20140315_234844
"bucket1$686,:3,:6001",2014-03-15T23:48:13.639900,MQ,GBM,3000,,3000,100.0,ZNE,train,gold,MQ_GBM_GOLD_20140315_234843
"bucket6$228,:3,:6001",2014-03-15T23:48:14.440000,MQ,IA2,3000,,3000,100.0,ZNE,test,gold,MQ_IA2_GOLD_20140315_234844
"bucket1$687,:3,:6001",2014-03-15T23:48:13.350000,MQ,LAM,3000,3249.0,3000,100.0,ZNE,train,gold,MQ_LAM_GOLD_20140315_234843
"bucket1$688,:3,:6001",2014-03-15T23:48:14.620000,MQ,SAM,3000,,3000,100.0,ZNE,train,gold,MQ_SAM_GOLD_20140315_234844
"bucket1$689,:3,:6001",2014-03-15T23:51:53.069900,MQ,BAM,3000,,3000,100.0,ZNE,train,gold,MQ_BAM_GOLD_20140315_235223
"bucket1$690,:3,:6001",2014-03-15T23:51:53.529900,MQ,CPM,3000,,3000,100.0,ZNE,train,gold,MQ_CPM_GOLD_20140315_235223
"bucket1$691,:3,:6001",2014-03-15T23:51:52.449900,MQ,GBM,3000,,3000,100.0,ZNE,train,gold,MQ_GBM_GOLD_20140315_235222
"bucket1$692,:3,:6001",2014-03-15T23:51:53.220000,MQ,IA2,3000,3062.0,3000,100.0,ZNE,train,gold,MQ_IA2_GOLD_20140315_235223
"bucket6$229,:3,:6001",2014-03-15T23:51:52.430000,MQ,LAM,3000,3221.0,3000,100.0,ZNE,test,gold,MQ_LAM_GOLD_20140315_235222
"bucket1$693,:3,:6001",2014-03-15T23:51:54.209900,MQ,MLM,3000,,3000,100.0,ZNE,train,gold,MQ_MLM_GOLD_20140315_235224
"bucket1$694,:3,:6001",2014-03-15T23:51:53.510000,MQ,SAM,3000,3080.0,3000,100.0,ZNE,train,gold,MQ_SAM_GOLD_20140315_235223
"bucket1$695,:3,:6001",2014-03-15T23:55:07.270000,MQ,IA2,3000,3182.0,3000,100.0,ZNE,train,gold,MQ_IA2_GOLD_20140315_235537
"bucket1$696,:3,:6001",2014-03-15T23:55:07.570000,MQ,SAM,3000,,3000,100.0,ZNE,train,gold,MQ_SAM_GOLD_20140315_235537
"bucket1$697,:3,:6001",2014-03-16T00:11:35.019900,MQ,BAM,3000,,3000,100.0,ZNE,train,gold,MQ_BAM_GOLD_20140316_001205
"bucket9$222,:3,:6001",2014-03-16T00:11:33.869900,MQ,GBM,3000,,3000,100.0,ZNE,dev,gold,MQ_GBM_GOLD_20140316_001203
"bucket1$698,:3,:6001",2014-03-16T00:11:38.810000,MQ,IA2,3000,3054.0,3000,100.0,ZNE,train,gold,MQ_IA2_GOLD_20140316_001208
"bucket6$230,:3,:6001",2014-03-16T00:11:37.810000,MQ,LAM,3000,3146.0,3000,100.0,ZNE,test,gold,MQ_LAM_GOLD_20140316_001207
"bucket1$699,:3,:6001",2014-03-16T00:11:39.260000,MQ,SAM,3000,,3000,100.0,ZNE,train,gold,MQ_SAM_GOLD_20140316_001209
"bucket1$700,:3,:6001",2014-03-16T00:25:07.799900,MQ,BAM,3000,,3000,100.0,ZNE,train,gold,MQ_BAM_GOLD_20140316_002537
"bucket1$701,:3,:6001",2014-03-16T00:25:08.839900,MQ,CPM,3000,,3000,100.0,ZNE,train,gold,MQ_CPM_GOLD_20140316_002538
"bucket1$702,:3,:6001",2014-03-16T00:25:08.309900,MQ,GBM,3000,,3000,100.0,ZNE,train,gold,MQ_GBM_GOLD_20140316_002538
"bucket1$703,:3,:6001",2014-03-16T00:25:08.830000,MQ,IA2,3000,,3000,100.0,ZNE,train,gold,MQ_IA2_GOLD_20140316_002538
"bucket1$704,:3,:6001",2014-03-16T00:33:25.729900,MQ,BAM,3000,,3000,100.0,ZNE,train,gold,MQ_BAM_GOLD_20140316_003355
"bucket1$705,:3,:6001",2014-03-16T00:33:26.609900,MQ,CPM,3000,,3000,100.0,ZNE,train,gold,MQ_CPM_GOLD_20140316_003356
"bucket1$706,:3,:6001",2014-03-16T00:33:25.439900,MQ,GBM,3000,,3000,100.0,ZNE,train,gold,MQ_GBM_GOLD_20140316_003355
"bucket1$707,:3,:6001",2014-03-16T00:33:26.080000,MQ,IA2,3000,3169.0,3000,100.0,ZNE,train,gold,MQ_IA2_GOLD_20140316_003356
"bucket1$708,:3,:6001",2014-03-16T00:33:26.410000,MQ,SAM,3000,3166.0,3000,100.0,ZNE,train,gold,MQ_SAM_GOLD_20140316_003356
"bucket1$709,:3,:6001",2014-03-16T00:38:26.709900,MQ,BAM,3000,,3000,100.0,ZNE,train,gold,MQ_BAM_GOLD_20140316_003856
"bucket1$710,:3,:6001",2014-03-16T00:38:26.289900,MQ,GBM,3000,,3000,100.0,ZNE,train,gold,MQ_GBM_GOLD_20140316_003856
"bucket6$231,:3,:6001",2014-03-16T00:38:26.980000,MQ,IA2,3000,,3000,100.0,ZNE,test,gold,MQ_IA2_GOLD_20140316_003856
"bucket1$711,:3,:6001",2014-03-16T00:38:26,MQ,LAM,3000,,3000,100.0,ZNE,train,gold,MQ_LAM_GOLD_20140316_003856
"bucket1$712,:3,:6001",2014-03-16T00:40:20.249900,MQ,BAM,3000,,3000,100.0,ZNE,train,gold,MQ_BAM_GOLD_20140316_004050
"bucket1$713,:3,:6001",2014-03-16T00:40:20.589900,MQ,GBM,3000,,3000,100.0,ZNE,train,gold,MQ_GBM_GOLD_20140316_004050
"bucket1$714,:3,:6001",2014-03-16T00:40:21.160000,MQ,IA2,3000,3214.0,3000,100.0,ZNE,train,gold,MQ_IA2_GOLD_20140316_004051
"bucket1$715,:3,:6001",2014-03-16T00:40:21.370000,MQ,SAM,3000,,3000,100.0,ZNE,train,gold,MQ_SAM_GOLD_20140316_004051
"bucket1$716,:3,:6001",2014-03-16T01:03:41.899900,MQ,BAM,3000,,3000,100.0,ZNE,train,gold,MQ_BAM_GOLD_20140316_010411
"bucket1$717,:3,:6001",2014-03-16T01:03:42.060000,MQ,IA2,3000,3162.0,3000,100.0,ZNE,train,gold,MQ_IA2_GOLD_20140316_010412
"bucket1$718,:3,:6001",2014-03-16T01:03:42.750000,MQ,SAM,3000,,3000,100.0,ZNE,train,gold,MQ_SAM_GOLD_20140316_010412
"bucket1$719,:3,:6001",2014-03-16T01:09:35.769900,MQ,BAM,3000,,3000,100.0,ZNE,train,gold,MQ_BAM_GOLD_20140316_011005
"bucket9$223,:3,:6001",2014-03-16T01:09:35.139900,MQ,GBM,3000,,3000,100.0,ZNE,dev,gold,MQ_GBM_GOLD_20140316_011005
"bucket1$720,:3,:6001",2014-03-16T01:09:35.790000,MQ,IA2,3000,,3000,100.0,ZNE,train,gold,MQ_IA2_GOLD_20140316_011005
"bucket1$721,:3,:6001",2014-03-16T01:09:35.650000,MQ,LAM,3000,,3000,100.0,ZNE,train,gold,MQ_LAM_GOLD_20140316_011005
"bucket6$232,:3,:6001",2014-03-16T01:38:03.439900,MQ,BAM,3000,,3000,100.0,ZNE,test,gold,MQ_BAM_GOLD_20140316_013833
"bucket1$722,:3,:6001",2014-03-16T01:38:03.219900,MQ,GBM,3000,,3000,100.0,ZNE,train,gold,MQ_GBM_GOLD_20140316_013833
"bucket1$723,:3,:6001",2014-03-16T01:38:03.930000,MQ,IA2,3000,3015.0,3000,100.0,ZNE,train,gold,MQ_IA2_GOLD_20140316_013833
"bucket1$724,:3,:6001",2014-03-16T01:38:04.470000,MQ,SAM,3000,,3000,100.0,ZNE,train,gold,MQ_SAM_GOLD_20140316_013834
"bucket1$725,:3,:6001",2014-03-16T01:43:09.429900,MQ,BAM,3000,,3000,100.0,ZNE,train,gold,MQ_BAM_GOLD_20140316_014339
"bucket1$726,:3,:6001",2014-03-16T01:43:09.719900,MQ,CPM,3000,,3000,100.0,ZNE,train,gold,MQ_CPM_GOLD_20140316_014339
"bucket6$233,:3,:6001",2014-03-16T01:43:09.540000,MQ,IA2,3000,,3000,100.0,ZNE,test,gold,MQ_IA2_GOLD_20140316_014339
"bucket1$727,:3,:6001",2014-03-16T01:43:08.220000,MQ,LAM,3000,,3000,100.0,ZNE,train,gold,MQ_LAM_GOLD_20140316_014338
"bucket1$728,:3,:6001",2014-03-16T01:43:10,MQ,SAM,3000,,3000,100.0,ZNE,train,gold,MQ_SAM_GOLD_20140316_014340
"bucket1$729,:3,:6001",2014-03-16T01:43:29.199900,MQ,BAM,3000,,3000,100.0,ZNE,train,gold,MQ_BAM_GOLD_20140316_014359
"bucket9$224,:3,:6001",2014-03-16T01:43:30.489900,MQ,CPM,3000,,3000,100.0,ZNE,dev,gold,MQ_CPM_GOLD_20140316_014400
"bucket1$730,:3,:6001",2014-03-16T01:43:29.319900,MQ,GBM,3000,,3000,100.0,ZNE,train,gold,MQ_GBM_GOLD_20140316_014359
"bucket1$731,:3,:6001",2014-03-16T01:43:30.080000,MQ,IA2,3000,3050.0,3000,100.0,ZNE,train,gold,MQ_IA2_GOLD_20140316_014400
"bucket1$732,:3,:6001",2014-03-16T01:43:29.160000,MQ,LAM,3000,3176.0,3000,100.0,ZNE,train,gold,MQ_LAM_GOLD_20140316_014359
"bucket1$733,:3,:6001",2014-03-16T01:43:30.490000,MQ,SAM,3000,3190.0,3000,100.0,ZNE,train,gold,MQ_SAM_GOLD_20140316_014400
"bucket1$734,:3,:6001",2014-03-16T01:49:46.719900,MQ,BAM,3000,,3000,100.0,ZNE,train,gold,MQ_BAM_GOLD_20140316_015016
"bucket1$735,:3,:6001",2014-03-16T01:49:45.329900,MQ,GBM,3000,,3000,100.0,ZNE,train,gold,MQ_GBM_GOLD_20140316_015015
"bucket1$736,:3,:6001",2014-03-16T01:49:46.350000,MQ,IA2,3000,3195.0,3000,100.0,ZNE,train,gold,MQ_IA2_GOLD_20140316_015016
"bucket1$737,:3,:6001",2014-03-16T01:49:45.330000,MQ,LAM,3000,3202.0,3000,100.0,ZNE,train,gold,MQ_LAM_GOLD_20140316_015015
"bucket6$234,:3,:6001",2014-03-16T01:57:00.659900,MQ,BAM,3000,,3000,100.0,ZNE,test,gold,MQ_BAM_GOLD_20140316_015730
"bucket1$738,:3,:6001",2014-03-16T01:56:59.739900,MQ,GBM,3000,,3000,100.0,ZNE,train,gold,MQ_GBM_GOLD_20140316_015729
"bucket9$225,:3,:6001",2014-03-16T01:57:01.020000,MQ,IA2,3000,3069.0,3000,100.0,ZNE,dev,gold,MQ_IA2_GOLD_20140316_015731
"bucket1$739,:3,:6001",2014-03-16T01:57:00.100000,MQ,LAM,3000,3070.0,3000,100.0,ZNE,train,gold,MQ_LAM_GOLD_20140316_015730
"bucket1$740,:3,:6001",2014-03-16T01:57:01.840000,MQ,SAM,3000,3136.0,3000,100.0,ZNE,train,gold,MQ_SAM_GOLD_20140316_015731
"bucket1$741,:3,:6001",2014-03-16T02:03:15.719900,MQ,CPM,3000,,3000,100.0,ZNE,train,gold,MQ_CPM_GOLD_20140316_020345
"bucket1$742,:3,:6001",2014-03-16T02:03:13.589900,MQ,GBM,3000,,3000,100.0,ZNE,train,gold,MQ_GBM_GOLD_20140316_020343
"bucket1$743,:3,:6001",2014-03-16T02:03:12.520000,MQ,IA2,3000,3372.0,3000,100.0,ZNE,train,gold,MQ_IA2_GOLD_20140316_020342
"bucket1$744,:3,:6001",2014-03-16T02:03:13.210000,MQ,LAM,3000,3356.0,3000,100.0,ZNE,train,gold,MQ_LAM_GOLD_20140316_020343
"bucket1$745,:3,:6001",2014-03-16T02:17:52.909900,MQ,BAM,3000,,3000,100.0,ZNE,train,gold,MQ_BAM_GOLD_20140316_021822
"bucket9$226,:3,:6001",2014-03-16T02:17:52.569900,MQ,GBM,3000,,3000,100.0,ZNE,dev,gold,MQ_GBM_GOLD_20140316_021822
"bucket1$746,:3,:6001",2014-03-16T02:17:53.310000,MQ,IA2,3000,3196.0,3000,100.0,ZNE,train,gold,MQ_IA2_GOLD_20140316_021823
"bucket1$747,:3,:6001",2014-03-16T02:17:52.420000,MQ,LAM,3000,3210.0,3000,100.0,ZNE,train,gold,MQ_LAM_GOLD_20140316_021822
"bucket1$748,:3,:6001",2014-03-16T02:17:53.659900,MQ,MLM,3000,,3000,100.0,ZNE,train,gold,MQ_MLM_GOLD_20140316_021823
"bucket1$749,:3,:6001",2014-03-16T02:17:53.520000,MQ,SAM,3000,3171.0,3000,100.0,ZNE,train,gold,MQ_SAM_GOLD_20140316_021823
"bucket1$750,:3,:6001",2014-03-16T02:20:38.309900,MQ,GBM,3000,,3000,100.0,ZNE,train,gold,MQ_GBM_GOLD_20140316_022108
"bucket1$751,:3,:6001",2014-03-16T02:36:39.059900,MQ,BAM,3000,,3000,100.0,ZNE,train,gold,MQ_BAM_GOLD_20140316_023709
"bucket1$752,:3,:6001",2014-03-16T02:36:39.979900,MQ,CPM,3000,,3000,100.0,ZNE,train,gold,MQ_CPM_GOLD_20140316_023709
"bucket9$227,:3,:6001",2014-03-16T02:36:38.889900,MQ,GBM,3000,,3000,100.0,ZNE,dev,gold,MQ_GBM_GOLD_20140316_023708
"bucket1$753,:3,:6001",2014-03-16T02:36:39.450000,MQ,IA2,3000,3058.0,3000,100.0,ZNE,train,gold,MQ_IA2_GOLD_20140316_023709
"bucket1$754,:3,:6001",2014-03-16T02:37:58.589900,MQ,BAM,3000,,3000,100.0,ZNE,train,gold,MQ_BAM_GOLD_20140316_023828
"bucket1$755,:3,:6001",2014-03-16T02:37:59.189900,MQ,CPM,3000,,3000,100.0,ZNE,train,gold,MQ_CPM_GOLD_20140316_023829
"bucket1$756,:3,:6001",2014-03-16T02:37:57.909900,MQ,GBM,3000,,3000,100.0,ZNE,train,gold,MQ_GBM_GOLD_20140316_023827
"bucket1$757,:3,:6001",2014-03-16T02:37:58.830000,MQ,IA2,3000,3153.0,3000,100.0,ZNE,train,gold,MQ_IA2_GOLD_20140316_023828
"bucket9$228,:3,:6001",2014-03-16T02:37:57.670000,MQ,LAM,3000,3263.0,3000,100.0,ZNE,dev,gold,MQ_LAM_GOLD_20140316_023827
"bucket6$235,:3,:6001",2014-03-16T02:37:59.040000,MQ,SAM,3000,3147.0,3000,100.0,ZNE,test,gold,MQ_SAM_GOLD_20140316_023829
"bucket1$758,:3,:6001",2014-03-16T02:46:48.999900,MQ,BAM,3000,,3000,100.0,ZNE,train,gold,MQ_BAM_GOLD_20140316_024718
"bucket1$759,:3,:6001",2014-03-16T02:46:50.039900,MQ,CPM,3000,,3000,100.0,ZNE,train,gold,MQ_CPM_GOLD_20140316_024720
"bucket1$760,:3,:6001",2014-03-16T02:46:48.089900,MQ,GBM,3000,,3000,100.0,ZNE,train,gold,MQ_GBM_GOLD_20140316_024718
"bucket1$761,:3,:6001",2014-03-16T02:46:48.970000,MQ,IA2,3000,3058.0,3000,100.0,ZNE,train,gold,MQ_IA2_GOLD_20140316_024718
"bucket6$236,:3,:6001",2014-03-16T02:59:39.849900,MQ,BAM,3000,,3000,100.0,ZNE,test,gold,MQ_BAM_GOLD_20140316_030009
"bucket9$229,:3,:6001",2014-03-16T02:59:40.229900,MQ,CPM,3000,,3000,100.0,ZNE,dev,gold,MQ_CPM_GOLD_20140316_030010
"bucket1$762,:3,:6001",2014-03-16T02:59:39.689900,MQ,GBM,3000,,3000,100.0,ZNE,train,gold,MQ_GBM_GOLD_20140316_030009
"bucket1$763,:3,:6001",2014-03-16T02:59:40.570000,MQ,IA2,3000,,3000,100.0,ZNE,train,gold,MQ_IA2_GOLD_20140316_030010
"bucket1$764,:3,:6001",2014-03-16T03:18:30.839900,MQ,CPM,3000,,3000,100.0,ZNE,train,gold,MQ_CPM_GOLD_20140316_031900
"bucket1$765,:3,:6001",2014-03-16T03:35:39.159900,MQ,BAM,3000,,3000,100.0,ZNE,train,gold,MQ_BAM_GOLD_20140316_033609
"bucket1$766,:3,:6001",2014-03-16T03:35:38.629900,MQ,GBM,3000,,3000,100.0,ZNE,train,gold,MQ_GBM_GOLD_20140316_033608
"bucket1$767,:3,:6001",2014-03-16T03:35:39.080000,MQ,LAM,3000,,3000,100.0,ZNE,train,gold,MQ_LAM_GOLD_20140316_033609
"bucket1$768,:3,:6001",2014-03-16T03:35:41.530000,MQ,SAM,3000,3145.0,3000,100.0,ZNE,train,gold,MQ_SAM_GOLD_20140316_033611
"bucket1$769,:3,:6001",2014-03-16T03:44:34.949900,MQ,BAM,3000,,3000,100.0,ZNE,train,gold,MQ_BAM_GOLD_20140316_034504
"bucket1$770,:3,:6001",2014-03-16T03:44:35.649900,MQ,CPM,3000,,3000,100.0,ZNE,train,gold,MQ_CPM_GOLD_20140316_034505
"bucket1$771,:3,:6001",2014-03-16T03:44:34.149900,MQ,GBM,3000,,3000,100.0,ZNE,train,gold,MQ_GBM_GOLD_20140316_034504
"bucket1$772,:3,:6001",2014-03-16T03:44:34.290000,MQ,LAM,3000,,3000,100.0,ZNE,train,gold,MQ_LAM_GOLD_20140316_034504
"bucket9$230,:3,:6001",2014-03-16T03:46:54.929900,MQ,BAM,3000,,3000,100.0,ZNE,dev,gold,MQ_BAM_GOLD_20140316_034724
"bucket1$773,:3,:6001",2014-03-16T03:46:55.799900,MQ,CPM,3000,,3000,100.0,ZNE,train,gold,MQ_CPM_GOLD_20140316_034725
"bucket1$774,:3,:6001",2014-03-16T03:46:54.589900,MQ,GBM,3000,,3000,100.0,ZNE,train,gold,MQ_GBM_GOLD_20140316_034724
"bucket1$775,:3,:6001",2014-03-16T03:46:55.150000,MQ,IA2,3000,3076.0,3000,100.0,ZNE,train,gold,MQ_IA2_GOLD_20140316_034725
"bucket1$776,:3,:6001",2014-03-16T03:46:54.630000,MQ,LAM,3000,2947.0,3000,100.0,ZNE,train,gold,MQ_LAM_GOLD_20140316_034724
"bucket1$777,:3,:6001",2014-03-16T03:46:56.580000,MQ,SAM,3000,3142.0,3000,100.0,ZNE,train,gold,MQ_SAM_GOLD_20140316_034726
"bucket1$778,:3,:6001",2014-03-16T03:48:48.649900,MQ,BAM,3000,,3000,100.0,ZNE,train,gold,MQ_BAM_GOLD_20140316_034918
"bucket1$779,:3,:6001",2014-03-16T03:48:50.569900,MQ,CPM,3000,,3000,100.0,ZNE,train,gold,MQ_CPM_GOLD_20140316_034920
"bucket1$780,:3,:6001",2014-03-16T03:48:47.859900,MQ,GBM,3000,,3000,100.0,ZNE,train,gold,MQ_GBM_GOLD_20140316_034917
"bucket1$781,:3,:6001",2014-03-16T03:48:48.680000,MQ,IA2,3000,3226.0,3000,100.0,ZNE,train,gold,MQ_IA2_GOLD_20140316_034918
"bucket1$782,:3,:6001",2014-03-16T04:27:09.429900,MQ,GBM,3000,,3000,100.0,ZNE,train,gold,MQ_GBM_GOLD_20140316_042739
"bucket1$783,:3,:6001",2014-03-16T04:27:09.910000,MQ,IA2,3000,,3000,100.0,ZNE,train,gold,MQ_IA2_GOLD_20140316_042739
"bucket9$231,:3,:6001",2014-03-16T04:27:09.030000,MQ,LAM,3000,,3000,100.0,ZNE,dev,gold,MQ_LAM_GOLD_20140316_042739
"bucket1$784,:3,:6001",2014-03-16T04:27:10.690000,MQ,SAM,3000,3002.0,3000,100.0,ZNE,train,gold,MQ_SAM_GOLD_20140316_042740
"bucket1$785,:3,:6001",2014-03-16T04:28:07.150000,MQ,SAM,3000,,3000,100.0,ZNE,train,gold,MQ_SAM_GOLD_20140316_042837
"bucket1$786,:3,:6001",2014-03-16T04:28:40.159900,MQ,CPM,3000,,3000,100.0,ZNE,train,gold,MQ_CPM_GOLD_20140316_042910
"bucket1$787,:3,:6001",2014-03-16T04:34:21.329900,MQ,BAM,3000,,3000,100.0,ZNE,train,gold,MQ_BAM_GOLD_20140316_043451
"bucket6$237,:3,:6001",2014-03-16T04:34:21.939900,MQ,CPM,3000,,3000,100.0,ZNE,test,gold,MQ_CPM_GOLD_20140316_043451
"bucket1$788,:3,:6001",2014-03-16T04:34:20.199900,MQ,GBM,3000,,3000,100.0,ZNE,train,gold,MQ_GBM_GOLD_20140316_043450
"bucket1$789,:3,:6001",2014-03-16T04:34:21.200000,MQ,IA2,3000,3162.0,3000,100.0,ZNE,train,gold,MQ_IA2_GOLD_20140316_043451
"bucket9$232,:3,:6001",2014-03-16T04:34:20.160000,MQ,LAM,3000,,3000,100.0,ZNE,dev,gold,MQ_LAM_GOLD_20140316_043450
"bucket1$790,:3,:6001",2014-03-16T04:38:37.399900,MQ,BAM,3000,,3000,100.0,ZNE,train,gold,MQ_BAM_GOLD_20140316_043907
"bucket1$791,:3,:6001",2014-03-16T04:38:38.879900,MQ,CPM,3000,,3000,100.0,ZNE,train,gold,MQ_CPM_GOLD_20140316_043908
"bucket1$792,:3,:6001",2014-03-16T04:38:37.489900,MQ,GBM,3000,,3000,100.0,ZNE,train,gold,MQ_GBM_GOLD_20140316_043907
"bucket1$793,:3,:6001",2014-03-16T04:38:38.480000,MQ,IA2,3000,3053.0,3000,100.0,ZNE,train,gold,MQ_IA2_GOLD_20140316_043908
"bucket1$794,:3,:6001",2014-03-16T04:38:37.080000,MQ,LAM,3000,3215.0,3000,100.0,ZNE,train,gold,MQ_LAM_GOLD_20140316_043907
"bucket1$795,:3,:6001",2014-03-16T04:38:40.559900,MQ,MLM,3000,,3000,100.0,ZNE,train,gold,MQ_MLM_GOLD_20140316_043910
"bucket1$796,:3,:6001",2014-03-16T04:38:38.710000,MQ,SAM,3000,3086.0,3000,100.0,ZNE,train,gold,MQ_SAM_GOLD_20140316_043908
"bucket1$797,:3,:6001",2014-03-16T04:39:57.009900,MQ,BAM,3000,,3000,100.0,ZNE,train,gold,MQ_BAM_GOLD_20140316_044027
"bucket1$798,:3,:6001",2014-03-16T04:39:56.009900,MQ,GBM,3000,,3000,100.0,ZNE,train,gold,MQ_GBM_GOLD_20140316_044026
"bucket1$799,:3,:6001",2014-03-16T04:39:57.280000,MQ,IA2,3000,3047.0,3000,100.0,ZNE,train,gold,MQ_IA2_GOLD_20140316_044027
"bucket1$800,:3,:6001",2014-03-16T04:39:58.640000,MQ,LAM,3000,2812.0,3000,100.0,ZNE,train,gold,MQ_LAM_GOLD_20140316_044028
"bucket1$801,:3,:6001",2014-03-16T04:39:57.700000,MQ,SAM,3000,3161.0,3000,100.0,ZNE,train,gold,MQ_SAM_GOLD_20140316_044027
"bucket1$802,:3,:6001",2014-03-16T05:22:02.829900,MQ,BAM,3000,,3000,100.0,ZNE,train,gold,MQ_BAM_GOLD_20140316_052232
"bucket1$803,:3,:6001",2014-03-16T05:22:04.079900,MQ,CPM,3000,,3000,100.0,ZNE,train,gold,MQ_CPM_GOLD_20140316_052234
"bucket1$804,:3,:6001",2014-03-16T05:51:08.379900,MQ,BAM,3000,,3000,100.0,ZNE,train,gold,MQ_BAM_GOLD_20140316_055138
"bucket1$805,:3,:6001",2014-03-16T05:51:07.459900,MQ,GBM,3000,,3000,100.0,ZNE,train,gold,MQ_GBM_GOLD_20140316_055137
"bucket1$806,:3,:6001",2014-03-16T05:51:08.580000,MQ,IA2,3000,3225.0,3000,100.0,ZNE,train,gold,MQ_IA2_GOLD_20140316_055138
"bucket1$807,:3,:6001",2014-03-16T05:51:07.480000,MQ,LAM,3000,,3000,100.0,ZNE,train,gold,MQ_LAM_GOLD_20140316_055137
"bucket1$808,:3,:6001",2014-03-16T05:51:12.019900,MQ,MLM,3000,,3000,100.0,ZNE,train,gold,MQ_MLM_GOLD_20140316_055142
"bucket1$809,:3,:6001",2014-03-16T05:51:08.710000,MQ,SAM,3000,3171.0,3000,100.0,ZNE,train,gold,MQ_SAM_GOLD_20140316_055138
"bucket1$810,:3,:6001",2014-03-16T06:18:42.889900,MQ,GBM,3000,,3000,100.0,ZNE,train,gold,MQ_GBM_GOLD_20140316_061912
"bucket1$811,:3,:6001",2014-03-16T06:53:14.620000,MQ,SAM,3000,3191.0,3000,100.0,ZNE,train,gold,MQ_SAM_GOLD_20140316_065344
"bucket1$812,:3,:6001",2014-03-16T07:37:14.220000,MQ,SAM,3000,,3000,100.0,ZNE,train,gold,MQ_SAM_GOLD_20140316_073744
"bucket1$813,:3,:6001",2014-03-16T07:44:31.469900,MQ,BAM,3000,,3000,100.0,ZNE,train,gold,MQ_BAM_GOLD_20140316_074501
"bucket1$814,:3,:6001",2014-03-16T07:44:32.429900,MQ,CPM,3000,,3000,100.0,ZNE,train,gold,MQ_CPM_GOLD_20140316_074502
"bucket1$815,:3,:6001",2014-03-16T07:44:31.309900,MQ,GBM,3000,,3000,100.0,ZNE,train,gold,MQ_GBM_GOLD_20140316_074501
"bucket1$816,:3,:6001",2014-03-16T07:44:31.870000,MQ,IA2,3000,3054.0,3000,100.0,ZNE,train,gold,MQ_IA2_GOLD_20140316_074501
"bucket1$817,:3,:6001",2014-03-16T07:44:30.830000,MQ,LAM,3000,,3000,100.0,ZNE,train,gold,MQ_LAM_GOLD_20140316_074500
"bucket1$818,:3,:6001",2014-03-16T07:44:32.160000,MQ,SAM,3000,,3000,100.0,ZNE,train,gold,MQ_SAM_GOLD_20140316_074502
"bucket1$819,:3,:6001",2014-03-16T08:57:31.259900,MQ,BAM,3000,,3000,100.0,ZNE,train,gold,MQ_BAM_GOLD_20140316_085801
"bucket1$820,:3,:6001",2014-03-16T08:57:31.400000,MQ,IA2,3000,3188.0,3000,100.0,ZNE,train,gold,MQ_IA2_GOLD_20140316_085801
"bucket1$821,:3,:6001",2014-03-16T08:57:30.440000,MQ,LAM,3000,,3000,100.0,ZNE,train,gold,MQ_LAM_GOLD_20140316_085800
"bucket6$238,:3,:6001",2014-03-16T08:57:32.190000,MQ,SAM,3000,,3000,100.0,ZNE,test,gold,MQ_SAM_GOLD_20140316_085802
"bucket1$822,:3,:6001",2014-03-16T09:49:02.819900,MQ,BAM,3000,,3000,100.0,ZNE,train,gold,MQ_BAM_GOLD_20140316_094932
"bucket6$239,:3,:6001",2014-03-16T09:49:03.739900,MQ,CPM,3000,,3000,100.0,ZNE,test,gold,MQ_CPM_GOLD_20140316_094933
"bucket1$823,:3,:6001",2014-03-16T09:49:01.999900,MQ,GBM,3000,,3000,100.0,ZNE,train,gold,MQ_GBM_GOLD_20140316_094931
"bucket1$824,:3,:6001",2014-03-16T09:49:02.740000,MQ,IA2,3000,3068.0,3000,100.0,ZNE,train,gold,MQ_IA2_GOLD_20140316_094932
"bucket1$825,:3,:6001",2014-03-16T09:49:01.810000,MQ,LAM,3000,3076.0,3000,100.0,ZNE,train,gold,MQ_LAM_GOLD_20140316_094931
"bucket1$826,:3,:6001",2014-03-16T12:37:08.609900,MQ,BAM,3000,,3000,100.0,ZNE,train,gold,MQ_BAM_GOLD_20140316_123738
"bucket9$233,:3,:6001",2014-03-16T12:37:07.749900,MQ,CPM,3000,,3000,100.0,ZNE,dev,gold,MQ_CPM_GOLD_20140316_123737
"bucket1$827,:3,:6001",2014-03-16T12:37:07.580000,MQ,IA2,3000,3204.0,3000,100.0,ZNE,train,gold,MQ_IA2_GOLD_20140316_123737
"bucket1$828,:3,:6001",2014-03-16T12:37:07.600000,MQ,LAM,3000,,3000,100.0,ZNE,train,gold,MQ_LAM_GOLD_20140316_123737
"bucket1$829,:3,:6001",2014-03-16T12:37:07.860000,MQ,SAM,3000,,3000,100.0,ZNE,train,gold,MQ_SAM_GOLD_20140316_123737
"bucket1$830,:3,:6001",2014-03-16T17:26:57.669900,MQ,BAM,3000,,3000,100.0,ZNE,train,gold,MQ_BAM_GOLD_20140316_172727
"bucket1$831,:3,:6001",2014-03-16T17:26:58.659900,MQ,CPM,3000,,3000,100.0,ZNE,train,gold,MQ_CPM_GOLD_20140316_172728
"bucket1$832,:3,:6001",2014-03-16T17:26:57.449900,MQ,GBM,3000,,3000,100.0,ZNE,train,gold,MQ_GBM_GOLD_20140316_172727
"bucket1$833,:3,:6001",2014-03-16T17:26:57.970000,MQ,IA2,3000,3087.0,3000,100.0,ZNE,train,gold,MQ_IA2_GOLD_20140316_172727
"bucket1$834,:3,:6001",2014-03-16T17:26:57.480000,MQ,LAM,3000,,3000,100.0,ZNE,train,gold,MQ_LAM_GOLD_20140316_172727
"bucket1$835,:3,:6001",2014-03-16T18:28:01.689900,MQ,BAM,3000,,3000,100.0,ZNE,train,gold,MQ_BAM_GOLD_20140316_182831
"bucket1$836,:3,:6001",2014-03-16T18:28:02.149900,MQ,CPM,3000,,3000,100.0,ZNE,train,gold,MQ_CPM_GOLD_20140316_182832
"bucket1$837,:3,:6001",2014-03-16T18:28:01.859900,MQ,GBM,3000,,3000,100.0,ZNE,train,gold,MQ_GBM_GOLD_20140316_182831
"bucket1$838,:3,:6001",2014-03-16T18:28:02.320000,MQ,IA2,3000,,3000,100.0,ZNE,train,gold,MQ_IA2_GOLD_20140316_182832
"bucket1$839,:3,:6001",2014-03-16T18:44:54.739900,MQ,BAM,3000,,3000,100.0,ZNE,train,gold,MQ_BAM_GOLD_20140316_184524
"bucket6$240,:3,:6001",2014-03-16T18:44:55.709900,MQ,CPM,3000,,3000,100.0,ZNE,test,gold,MQ_CPM_GOLD_20140316_184525
"bucket1$840,:3,:6001",2014-03-16T18:44:53.389900,MQ,GBM,3000,,3000,100.0,ZNE,train,gold,MQ_GBM_GOLD_20140316_184523
"bucket6$241,:3,:6001",2014-03-16T18:44:54.570000,MQ,IA2,3000,3147.0,3000,100.0,ZNE,test,gold,MQ_IA2_GOLD_20140316_184524
"bucket1$841,:3,:6001",2014-03-16T19:37:34.440000,MQ,SAM,3000,3103.0,3000,100.0,ZNE,train,gold,MQ_SAM_GOLD_20140316_193804
"bucket1$842,:3,:6001",2014-03-16T19:52:28.239900,MQ,BAM,3000,,3000,100.0,ZNE,train,gold,MQ_BAM_GOLD_20140316_195258
"bucket1$843,:3,:6001",2014-03-16T19:52:27.809900,MQ,GBM,3000,,3000,100.0,ZNE,train,gold,MQ_GBM_GOLD_20140316_195257
"bucket1$844,:3,:6001",2014-03-16T19:52:28.690000,MQ,IA2,3000,3168.0,3000,100.0,ZNE,train,gold,MQ_IA2_GOLD_20140316_195258
"bucket1$845,:3,:6001",2014-03-16T19:52:25.370000,MQ,SAM,3000,3173.0,3000,100.0,ZNE,train,gold,MQ_SAM_GOLD_20140316_195255
"bucket1$846,:3,:6001",2014-03-16T22:12:33.459900,MQ,BAM,3000,,3000,100.0,ZNE,train,gold,MQ_BAM_GOLD_20140316_221303
"bucket1$847,:3,:6001",2014-03-16T22:12:30.369900,MQ,CPM,3000,,3000,100.0,ZNE,train,gold,MQ_CPM_GOLD_20140316_221300
"bucket1$848,:3,:6001",2014-03-16T22:12:28.019900,MQ,GBM,3000,,3000,100.0,ZNE,train,gold,MQ_GBM_GOLD_20140316_221258
"bucket1$849,:3,:6001",2014-03-16T22:12:30.880000,MQ,IA2,3000,3207.0,3000,100.0,ZNE,train,gold,MQ_IA2_GOLD_20140316_221300
"bucket1$850,:3,:6001",2014-03-16T23:21:19.989900,MQ,BAM,3000,,3000,100.0,ZNE,train,gold,MQ_BAM_GOLD_20140316_232149
"bucket1$851,:3,:6001",2014-03-16T23:21:19.359900,MQ,GBM,3000,,3000,100.0,ZNE,train,gold,MQ_GBM_GOLD_20140316_232149
"bucket1$852,:3,:6001",2014-03-16T23:21:15.460000,MQ,IA2,3000,3047.0,3000,100.0,ZNE,train,gold,MQ_IA2_GOLD_20140316_232145
"bucket1$853,:3,:6001",2014-03-16T23:21:25.050000,MQ,SAM,3000,3060.0,3000,100.0,ZNE,train,gold,MQ_SAM_GOLD_20140316_232155
"bucket1$854,:3,:6001",2014-03-17T04:16:06.499900,MQ,BAM,3000,,3000,100.0,ZNE,train,gold,MQ_BAM_GOLD_20140317_041636
"bucket1$855,:3,:6001",2014-03-17T04:16:07.569900,MQ,CPM,3000,,3000,100.0,ZNE,train,gold,MQ_CPM_GOLD_20140317_041637
"bucket1$856,:3,:6001",2014-03-17T04:16:07.139900,MQ,GBM,3000,,3000,100.0,ZNE,train,gold,MQ_GBM_GOLD_20140317_041637
"bucket1$857,:3,:6001",2014-03-17T04:16:07.200000,MQ,IA2,3000,3079.0,3000,100.0,ZNE,train,gold,MQ_IA2_GOLD_20140317_041637
"bucket1$858,:3,:6001",2014-03-17T04:16:07.979900,MQ,MLM,3000,,3000,100.0,ZNE,train,gold,MQ_MLM_GOLD_20140317_041637
"bucket1$859,:3,:6001",2014-03-17T14:10:23.869900,MQ,BAM,3000,,3000,100.0,ZNE,train,gold,MQ_BAM_GOLD_20140317_141053
"bucket1$860,:3,:6001",2014-03-17T14:10:27.669900,MQ,CPM,3000,,3000,100.0,ZNE,train,gold,MQ_CPM_GOLD_20140317_141057
"bucket6$242,:3,:6001",2014-03-17T14:10:19.469900,MQ,GBM,3000,,3000,100.0,ZNE,test,gold,MQ_GBM_GOLD_20140317_141049
"bucket1$861,:3,:6001",2014-03-17T14:10:21.859900,MQ,MLM,3000,,3000,100.0,ZNE,train,gold,MQ_MLM_GOLD_20140317_141051
"bucket1$862,:3,:6001",2014-03-17T16:18:15.899900,MQ,BAM,3000,,3000,100.0,ZNE,train,gold,MQ_BAM_GOLD_20140317_161845
"bucket1$863,:3,:6001",2014-03-17T16:18:17.459900,MQ,CPM,3000,,3000,100.0,ZNE,train,gold,MQ_CPM_GOLD_20140317_161847
"bucket1$864,:3,:6001",2014-03-17T16:18:12.489900,MQ,GBM,3000,,3000,100.0,ZNE,train,gold,MQ_GBM_GOLD_20140317_161842
"bucket1$865,:3,:6001",2014-03-17T16:18:10.370000,MQ,IA2,3000,3112.0,3000,100.0,ZNE,train,gold,MQ_IA2_GOLD_20140317_161840
"bucket1$866,:3,:6001",2014-03-17T16:18:17.089900,MQ,MLM,3000,,3000,100.0,ZNE,train,gold,MQ_MLM_GOLD_20140317_161847
"bucket1$867,:3,:6001",2014-03-17T17:30:25.369900,MQ,CPM,3000,,3000,100.0,ZNE,train,gold,MQ_CPM_GOLD_20140317_173055
"bucket1$868,:3,:6001",2014-03-17T17:30:24.349900,MQ,GBM,3000,,3000,100.0,ZNE,train,gold,MQ_GBM_GOLD_20140317_173054
"bucket1$869,:3,:6001",2014-03-17T17:30:25.500000,MQ,IA2,3000,3076.0,3000,100.0,ZNE,train,gold,MQ_IA2_GOLD_20140317_173055
"bucket1$870,:3,:6001",2014-03-17T17:30:23.720000,MQ,LAM,3000,,3000,100.0,ZNE,train,gold,MQ_LAM_GOLD_20140317_173053
"bucket1$871,:3,:6001",2014-03-17T17:32:19.530000,MQ,LAM,3000,,3000,100.0,ZNE,train,gold,MQ_LAM_GOLD_20140317_173249
"bucket1$872,:3,:6001",2014-03-17T17:41:38.779900,MQ,BAM,3000,,3000,100.0,ZNE,train,gold,MQ_BAM_GOLD_20140317_174208
"bucket1$873,:3,:6001",2014-03-17T17:41:37.109900,MQ,CPM,3000,,3000,100.0,ZNE,train,gold,MQ_CPM_GOLD_20140317_174207
"bucket1$874,:3,:6001",2014-03-17T17:41:35.829900,MQ,GBM,3000,,3000,100.0,ZNE,train,gold,MQ_GBM_GOLD_20140317_174205
"bucket1$875,:3,:6001",2014-03-17T17:41:38.460000,MQ,IA2,3000,3101.0,3000,100.0,ZNE,train,gold,MQ_IA2_GOLD_20140317_174208
"bucket1$876,:3,:6001",2014-03-17T18:18:39.429900,MQ,BAM,3000,,3000,100.0,ZNE,train,gold,MQ_BAM_GOLD_20140317_181909
"bucket9$234,:3,:6001",2014-03-17T18:18:32.459900,MQ,CPM,3000,,3000,100.0,ZNE,dev,gold,MQ_CPM_GOLD_20140317_181902
"bucket1$877,:3,:6001",2014-03-17T18:18:35.469900,MQ,GBM,3000,,3000,100.0,ZNE,train,gold,MQ_GBM_GOLD_20140317_181905
"bucket1$878,:3,:6001",2014-03-17T18:18:40.269900,MQ,MLM,3000,,3000,100.0,ZNE,train,gold,MQ_MLM_GOLD_20140317_181910
"bucket1$879,:3,:6001",2014-03-17T20:02:21.009900,MQ,BAM,3000,,3000,100.0,ZNE,train,gold,MQ_BAM_GOLD_20140317_200251
"bucket1$880,:3,:6001",2014-03-17T20:02:22.069900,MQ,GBM,3000,,3000,100.0,ZNE,train,gold,MQ_GBM_GOLD_20140317_200252
"bucket1$881,:3,:6001",2014-03-17T20:02:22.619900,MQ,MLM,3000,,3000,100.0,ZNE,train,gold,MQ_MLM_GOLD_20140317_200252
"bucket1$882,:3,:6001",2014-03-17T20:02:22.850000,MQ,SAM,3000,,3000,100.0,ZNE,train,gold,MQ_SAM_GOLD_20140317_200252
"bucket1$883,:3,:6001",2014-03-17T20:14:39.299900,MQ,BAM,3000,,3000,100.0,ZNE,train,gold,MQ_BAM_GOLD_20140317_201509
"bucket1$884,:3,:6001",2014-03-17T20:14:43.659900,MQ,CPM,3000,,3000,100.0,ZNE,train,gold,MQ_CPM_GOLD_20140317_201513
"bucket1$885,:3,:6001",2014-03-17T20:14:36.059900,MQ,GBM,3000,,3000,100.0,ZNE,train,gold,MQ_GBM_GOLD_20140317_201506
"bucket1$886,:3,:6001",2014-03-17T20:14:37.949900,MQ,MLM,3000,,3000,100.0,ZNE,train,gold,MQ_MLM_GOLD_20140317_201507
"bucket1$887,:3,:6001",2014-03-17T20:21:14.709900,MQ,BAM,3000,,3000,100.0,ZNE,train,gold,MQ_BAM_GOLD_20140317_202144
"bucket9$235,:3,:6001",2014-03-17T20:21:11.619900,MQ,CPM,3000,,3000,100.0,ZNE,dev,gold,MQ_CPM_GOLD_20140317_202141
"bucket1$888,:3,:6001",2014-03-17T20:21:07.249900,MQ,GBM,3000,,3000,100.0,ZNE,train,gold,MQ_GBM_GOLD_20140317_202137
"bucket1$889,:3,:6001",2014-03-17T20:21:12.290000,MQ,IA2,3000,3125.0,3000,100.0,ZNE,train,gold,MQ_IA2_GOLD_20140317_202142
"bucket1$890,:3,:6001",2014-03-17T21:07:58.949900,MQ,BAM,3000,,3000,100.0,ZNE,train,gold,MQ_BAM_GOLD_20140317_210828
"bucket1$891,:3,:6001",2014-03-17T21:08:01.549900,MQ,GBM,3000,,3000,100.0,ZNE,train,gold,MQ_GBM_GOLD_20140317_210831
"bucket1$892,:3,:6001",2014-03-17T21:07:58.960000,MQ,IA2,3000,3045.0,3000,100.0,ZNE,train,gold,MQ_IA2_GOLD_20140317_210828
"bucket1$893,:3,:6001",2014-03-17T21:08:01.320000,MQ,LAM,3000,,3000,100.0,ZNE,train,gold,MQ_LAM_GOLD_20140317_210831
"bucket1$894,:3,:6001",2014-03-17T23:46:28.139900,MQ,BAM,3000,,3000,100.0,ZNE,train,gold,MQ_BAM_GOLD_20140317_234658
"bucket9$236,:3,:6001",2014-03-17T23:46:28.289900,MQ,CPM,3000,,3000,100.0,ZNE,dev,gold,MQ_CPM_GOLD_20140317_234658
"bucket1$895,:3,:6001",2014-03-17T23:46:28.419900,MQ,GBM,3000,,3000,100.0,ZNE,train,gold,MQ_GBM_GOLD_20140317_234658
"bucket1$896,:3,:6001",2014-03-17T23:46:28.420000,MQ,IA2,3000,3213.0,3000,100.0,ZNE,train,gold,MQ_IA2_GOLD_20140317_234658
"bucket1$897,:3,:6001",2014-03-17T23:46:28.749900,MQ,MLM,3000,,3000,100.0,ZNE,train,gold,MQ_MLM_GOLD_20140317_234658
"bucket1$898,:3,:6001",2014-03-17T23:46:39.649900,MQ,BAM,3000,,3000,100.0,ZNE,train,gold,MQ_BAM_GOLD_20140317_234709
"bucket1$899,:3,:6001",2014-03-17T23:46:40.009900,MQ,CPM,3000,,3000,100.0,ZNE,train,gold,MQ_CPM_GOLD_20140317_234710
"bucket6$243,:3,:6001",2014-03-17T23:46:39.929900,MQ,GBM,3000,,3000,100.0,ZNE,test,gold,MQ_GBM_GOLD_20140317_234709
"bucket1$900,:3,:6001",2014-03-17T23:46:39.940000,MQ,IA2,3000,3125.0,3000,100.0,ZNE,train,gold,MQ_IA2_GOLD_20140317_234709
"bucket1$901,:3,:6001",2014-03-18T05:09:34.839900,MQ,BAM,3000,,3000,100.0,ZNE,train,gold,MQ_BAM_GOLD_20140318_051004
"bucket1$902,:3,:6001",2014-03-18T05:09:34.519900,MQ,GBM,3000,,3000,100.0,ZNE,train,gold,MQ_GBM_GOLD_20140318_051004
"bucket1$903,:3,:6001",2014-03-18T05:09:34.810000,MQ,IA2,3000,,3000,100.0,ZNE,train,gold,MQ_IA2_GOLD_20140318_051004
"bucket1$904,:3,:6001",2014-03-18T05:09:34.850000,MQ,LAM,3000,3163.0,3000,100.0,ZNE,train,gold,MQ_LAM_GOLD_20140318_051004
"bucket1$905,:3,:6001",2014-03-18T07:40:57.039900,MQ,BAM,3000,,3000,100.0,ZNE,train,gold,MQ_BAM_GOLD_20140318_074127
"bucket1$906,:3,:6001",2014-03-18T07:40:56.569900,MQ,CPM,3000,,3000,100.0,ZNE,train,gold,MQ_CPM_GOLD_20140318_074126
"bucket1$907,:3,:6001",2014-03-18T07:40:54.659900,MQ,GBM,3000,,3000,100.0,ZNE,train,gold,MQ_GBM_GOLD_20140318_074124
"bucket1$908,:3,:6001",2014-03-18T07:40:55.740000,MQ,IA2,3000,3187.0,3000,100.0,ZNE,train,gold,MQ_IA2_GOLD_20140318_074125
"bucket1$909,:3,:6001",2014-03-18T07:40:56.410000,MQ,SAM,3000,,3000,100.0,ZNE,train,gold,MQ_SAM_GOLD_20140318_074126
"bucket1$910,:3,:6001",2014-03-18T13:19:51.689900,MQ,BAM,3000,,3000,100.0,ZNE,train,gold,MQ_BAM_GOLD_20140318_132021
"bucket1$911,:3,:6001",2014-03-18T13:19:47.739900,MQ,GBM,3000,,3000,100.0,ZNE,train,gold,MQ_GBM_GOLD_20140318_132017
"bucket1$912,:3,:6001",2014-03-18T13:19:44.030000,MQ,LAM,3000,,3000,100.0,ZNE,train,gold,MQ_LAM_GOLD_20140318_132014
"bucket6$244,:3,:6001",2014-03-18T13:19:48.299900,MQ,MLM,3000,,3000,100.0,ZNE,test,gold,MQ_MLM_GOLD_20140318_132018
"bucket6$245,:3,:6001",2014-03-18T14:11:50.039900,MQ,BAM,3000,,3000,100.0,ZNE,test,gold,MQ_BAM_GOLD_20140318_141220
"bucket6$246,:3,:6001",2014-03-18T14:11:49.059900,MQ,CPM,3000,,3000,100.0,ZNE,test,gold,MQ_CPM_GOLD_20140318_141219
"bucket1$913,:3,:6001",2014-03-18T14:11:44.840000,MQ,IA2,3000,,3000,100.0,ZNE,train,gold,MQ_IA2_GOLD_20140318_141214
"bucket1$914,:3,:6001",2014-03-18T14:11:50.319900,MQ,MLM,3000,,3000,100.0,ZNE,train,gold,MQ_MLM_GOLD_20140318_141220
"bucket1$915,:3,:6001",2014-03-18T14:20:35.469900,MQ,CPM,3000,,3000,100.0,ZNE,train,gold,MQ_CPM_GOLD_20140318_142105
"bucket9$237,:3,:6001",2014-03-18T14:20:33.919900,MQ,GBM,3000,,3000,100.0,ZNE,dev,gold,MQ_GBM_GOLD_20140318_142103
"bucket1$916,:3,:6001",2014-03-18T14:20:34.899900,MQ,MLM,3000,,3000,100.0,ZNE,train,gold,MQ_MLM_GOLD_20140318_142104
"bucket1$917,:3,:6001",2014-03-18T14:20:37.010000,MQ,SAM,3000,3179.0,3000,100.0,ZNE,train,gold,MQ_SAM_GOLD_20140318_142107
"bucket6$247,:3,:6001",2014-03-18T14:43:37.959900,MQ,BAM,3000,,3000,100.0,ZNE,test,gold,MQ_BAM_GOLD_20140318_144407
"bucket1$918,:3,:6001",2014-03-18T14:43:29.749900,MQ,CPM,3000,,3000,100.0,ZNE,train,gold,MQ_CPM_GOLD_20140318_144359
"bucket9$238,:3,:6001",2014-03-18T14:43:30.860000,MQ,IA2,3000,3173.0,3000,100.0,ZNE,dev,gold,MQ_IA2_GOLD_20140318_144400
"bucket1$919,:3,:6001",2014-03-18T14:43:33.359900,MQ,MLM,3000,,3000,100.0,ZNE,train,gold,MQ_MLM_GOLD_20140318_144403
"bucket1$920,:3,:6001",2014-03-18T14:43:29.150000,MQ,SAM,3000,3261.0,3000,100.0,ZNE,train,gold,MQ_SAM_GOLD_20140318_144359
"bucket1$921,:3,:6001",2014-03-18T15:33:35.219900,MQ,BAM,3000,,3000,100.0,ZNE,train,gold,MQ_BAM_GOLD_20140318_153405
"bucket1$922,:3,:6001",2014-03-18T15:33:42.669900,MQ,CPM,3000,,3000,100.0,ZNE,train,gold,MQ_CPM_GOLD_20140318_153412
"bucket1$923,:3,:6001",2014-03-18T15:33:38.309900,MQ,GBM,3000,,3000,100.0,ZNE,train,gold,MQ_GBM_GOLD_20140318_153408
"bucket1$924,:3,:6001",2014-03-18T15:33:36.410000,MQ,IA2,3000,3179.0,3000,100.0,ZNE,train,gold,MQ_IA2_GOLD_20140318_153406
"bucket1$925,:3,:6001",2014-03-18T15:33:45.189900,MQ,MLM,3000,,3000,100.0,ZNE,train,gold,MQ_MLM_GOLD_20140318_153415
"bucket1$926,:3,:6001",2014-03-18T15:54:08.769900,MQ,BAM,3000,,3000,100.0,ZNE,train,gold,MQ_BAM_GOLD_20140318_155438
"bucket1$927,:3,:6001",2014-03-18T15:54:09.429900,MQ,CPM,3000,,3000,100.0,ZNE,train,gold,MQ_CPM_GOLD_20140318_155439
"bucket1$928,:3,:6001",2014-03-18T15:54:13.649900,MQ,GBM,3000,,3000,100.0,ZNE,train,gold,MQ_GBM_GOLD_20140318_155443
"bucket1$929,:3,:6001",2014-03-18T15:54:03.849900,MQ,MLM,3000,,3000,100.0,ZNE,train,gold,MQ_MLM_GOLD_20140318_155433
"bucket1$930,:3,:6001",2014-03-18T16:51:46.619900,MQ,BAM,3000,,3000,100.0,ZNE,train,gold,MQ_BAM_GOLD_20140318_165216
"bucket1$931,:3,:6001",2014-03-18T16:51:42.629900,MQ,CPM,3000,,3000,100.0,ZNE,train,gold,MQ_CPM_GOLD_20140318_165212
"bucket9$239,:3,:6001",2014-03-18T16:51:42.829900,MQ,GBM,3000,,3000,100.0,ZNE,dev,gold,MQ_GBM_GOLD_20140318_165212
"bucket1$932,:3,:6001",2014-03-18T16:51:41.989900,MQ,MLM,3000,,3000,100.0,ZNE,train,gold,MQ_MLM_GOLD_20140318_165211
"bucket1$933,:3,:6001",2014-03-18T19:30:57.709900,MQ,BAM,3000,,3000,100.0,ZNE,train,gold,MQ_BAM_GOLD_20140318_193127
"bucket9$240,:3,:6001",2014-03-18T19:30:53.869900,MQ,CPM,3000,,3000,100.0,ZNE,dev,gold,MQ_CPM_GOLD_20140318_193123
"bucket1$934,:3,:6001",2014-03-18T19:30:55.080000,MQ,IA2,3000,,3000,100.0,ZNE,train,gold,MQ_IA2_GOLD_20140318_193125
"bucket1$935,:3,:6001",2014-03-18T19:30:54.029900,MQ,MLM,3000,,3000,100.0,ZNE,train,gold,MQ_MLM_GOLD_20140318_193124
"bucket6$248,:3,:6001",2014-03-18T20:18:49.119900,MQ,GBM,3000,,3000,100.0,ZNE,test,gold,MQ_GBM_GOLD_20140318_201919
"bucket1$936,:3,:6001",2014-03-18T20:18:49.470000,MQ,IA2,3000,3171.0,3000,100.0,ZNE,train,gold,MQ_IA2_GOLD_20140318_201919
"bucket1$937,:3,:6001",2014-03-18T20:18:46.699900,MQ,MLM,3000,,3000,100.0,ZNE,train,gold,MQ_MLM_GOLD_20140318_201916
"bucket1$938,:3,:6001",2014-03-18T20:18:45.270000,MQ,SAM,3000,3112.0,3000,100.0,ZNE,train,gold,MQ_SAM_GOLD_20140318_201915
"bucket1$939,:3,:6001",2014-03-18T23:27:45.149900,MQ,BAM,3000,,3000,100.0,ZNE,train,gold,MQ_BAM_GOLD_20140318_232815
"bucket9$241,:3,:6001",2014-03-18T23:27:46.059900,MQ,CPM,3000,,3000,100.0,ZNE,dev,gold,MQ_CPM_GOLD_20140318_232816
"bucket1$940,:3,:6001",2014-03-18T23:27:45.189900,MQ,GBM,3000,,3000,100.0,ZNE,train,gold,MQ_GBM_GOLD_20140318_232815
"bucket1$941,:3,:6001",2014-03-18T23:27:45.740000,MQ,IA2,3000,3215.0,3000,100.0,ZNE,train,gold,MQ_IA2_GOLD_20140318_232815
"bucket1$942,:3,:6001",2014-03-18T23:27:45.390000,MQ,LAM,3000,,3000,100.0,ZNE,train,gold,MQ_LAM_GOLD_20140318_232815
"bucket6$249,:3,:6001",2014-03-18T23:27:46.170000,MQ,SAM,3000,3178.0,3000,100.0,ZNE,test,gold,MQ_SAM_GOLD_20140318_232816
"bucket1$943,:3,:6001",2014-03-19T08:44:04.489900,MQ,BAM,3000,,3000,100.0,ZNE,train,gold,MQ_BAM_GOLD_20140319_084434
"bucket1$944,:3,:6001",2014-03-19T08:44:08.179900,MQ,MLM,3000,,3000,100.0,ZNE,train,gold,MQ_MLM_GOLD_20140319_084438
"bucket1$945,:3,:6001",2014-03-19T08:46:53.699900,MQ,BAM,3000,,3000,100.0,ZNE,train,gold,MQ_BAM_GOLD_20140319_084723
"bucket1$946,:3,:6001",2014-03-19T08:46:57.379900,MQ,GBM,3000,,3000,100.0,ZNE,train,gold,MQ_GBM_GOLD_20140319_084727
"bucket1$947,:3,:6001",2014-03-19T08:49:16.899900,MQ,BAM,3000,,3000,100.0,ZNE,train,gold,MQ_BAM_GOLD_20140319_084946
"bucket1$948,:3,:6001",2014-03-19T08:49:22.269900,MQ,MLM,3000,,3000,100.0,ZNE,train,gold,MQ_MLM_GOLD_20140319_084952
"bucket1$949,:3,:6001",2014-03-19T08:52:02.419900,MQ,BAM,3000,,3000,100.0,ZNE,train,gold,MQ_BAM_GOLD_20140319_085232
"bucket1$950,:3,:6001",2014-03-19T08:52:08.699900,MQ,CPM,3000,,3000,100.0,ZNE,train,gold,MQ_CPM_GOLD_20140319_085238
"bucket9$242,:3,:6001",2014-03-19T08:55:20.609900,MQ,BAM,3000,,3000,100.0,ZNE,dev,gold,MQ_BAM_GOLD_20140319_085550
"bucket1$951,:3,:6001",2014-03-19T08:55:24.429900,MQ,MLM,3000,,3000,100.0,ZNE,train,gold,MQ_MLM_GOLD_20140319_085554
"bucket1$952,:3,:6001",2014-03-19T09:09:18.989900,MQ,CPM,3000,,3000,100.0,ZNE,train,gold,MQ_CPM_GOLD_20140319_090948
"bucket1$953,:3,:6001",2014-03-19T09:09:18.189900,MQ,GBM,3000,,3000,100.0,ZNE,train,gold,MQ_GBM_GOLD_20140319_090948
"bucket1$954,:3,:6001",2014-03-19T09:09:18.059900,MQ,MLM,3000,,3000,100.0,ZNE,train,gold,MQ_MLM_GOLD_20140319_090948
"bucket1$955,:3,:6001",2014-03-19T09:10:07.819900,MQ,BAM,3000,,3000,100.0,ZNE,train,gold,MQ_BAM_GOLD_20140319_091037
"bucket9$243,:3,:6001",2014-03-19T09:10:05.809900,MQ,GBM,3000,,3000,100.0,ZNE,dev,gold,MQ_GBM_GOLD_20140319_091035
"bucket1$956,:3,:6001",2014-03-19T09:13:49.209900,MQ,BAM,3000,,3000,100.0,ZNE,train,gold,MQ_BAM_GOLD_20140319_091419
"bucket1$957,:3,:6001",2014-03-19T09:13:47.679900,MQ,MLM,3000,,3000,100.0,ZNE,train,gold,MQ_MLM_GOLD_20140319_091417
"bucket1$958,:3,:6001",2014-03-19T09:20:25.229900,MQ,BAM,3000,,3000,100.0,ZNE,train,gold,MQ_BAM_GOLD_20140319_092055
"bucket1$959,:3,:6001",2014-03-19T09:20:26.200000,MQ,SAM,3000,,3000,100.0,ZNE,train,gold,MQ_SAM_GOLD_20140319_092056
"bucket6$250,:3,:6001",2014-03-19T09:21:46.239900,MQ,BAM,3000,,3000,100.0,ZNE,test,gold,MQ_BAM_GOLD_20140319_092216
"bucket9$244,:3,:6001",2014-03-19T09:21:47.899900,MQ,MLM,3000,,3000,100.0,ZNE,dev,gold,MQ_MLM_GOLD_20140319_092217
"bucket1$960,:3,:6001",2014-03-19T09:23:22.099900,MQ,BAM,3000,,3000,100.0,ZNE,train,gold,MQ_BAM_GOLD_20140319_092352
"bucket1$961,:3,:6001",2014-03-19T09:23:27.469900,MQ,CPM,3000,,3000,100.0,ZNE,train,gold,MQ_CPM_GOLD_20140319_092357
"bucket1$962,:3,:6001",2014-03-19T09:23:20.619900,MQ,GBM,3000,,3000,100.0,ZNE,train,gold,MQ_GBM_GOLD_20140319_092350
"bucket1$963,:3,:6001",2014-03-19T09:23:43.199900,MQ,BAM,3000,,3000,100.0,ZNE,train,gold,MQ_BAM_GOLD_20140319_092413
"bucket1$964,:3,:6001",2014-03-19T09:23:43.249900,MQ,MLM,3000,,3000,100.0,ZNE,train,gold,MQ_MLM_GOLD_20140319_092413
"bucket1$965,:3,:6001",2014-03-19T09:26:31.309900,MQ,BAM,3000,,3000,100.0,ZNE,train,gold,MQ_BAM_GOLD_20140319_092701
"bucket1$966,:3,:6001",2014-03-19T09:26:30.529900,MQ,MLM,3000,,3000,100.0,ZNE,train,gold,MQ_MLM_GOLD_20140319_092700
"bucket1$967,:3,:6001",2014-03-19T09:41:43.209900,MQ,BAM,3000,,3000,100.0,ZNE,train,gold,MQ_BAM_GOLD_20140319_094213
"bucket1$968,:3,:6001",2014-03-19T09:41:47.169900,MQ,GBM,3000,,3000,100.0,ZNE,train,gold,MQ_GBM_GOLD_20140319_094217
"bucket1$969,:3,:6001",2014-03-19T09:41:48.969900,MQ,MLM,3000,,3000,100.0,ZNE,train,gold,MQ_MLM_GOLD_20140319_094218
"bucket1$970,:3,:6001",2014-03-19T09:44:55.609900,MQ,GBM,3000,,3000,100.0,ZNE,train,gold,MQ_GBM_GOLD_20140319_094525
"bucket1$971,:3,:6001",2014-03-19T09:44:55.810000,MQ,SAM,3000,,3000,100.0,ZNE,train,gold,MQ_SAM_GOLD_20140319_094525
"bucket1$972,:3,:6001",2014-03-19T09:56:15.829900,MQ,BAM,3000,,3000,100.0,ZNE,train,gold,MQ_BAM_GOLD_20140319_095645
"bucket6$251,:3,:6001",2014-03-19T09:56:11.260000,MQ,SAM,3000,3198.0,3000,100.0,ZNE,test,gold,MQ_SAM_GOLD_20140319_095641
"bucket6$252,:3,:6001",2014-03-19T09:59:42.129900,MQ,BAM,3000,,3000,100.0,ZNE,test,gold,MQ_BAM_GOLD_20140319_100012
"bucket1$973,:3,:6001",2014-03-19T09:59:41.079900,MQ,MLM,3000,,3000,100.0,ZNE,train,gold,MQ_MLM_GOLD_20140319_100011
"bucket1$974,:3,:6001",2014-03-19T10:03:26.909900,MQ,BAM,3000,,3000,100.0,ZNE,train,gold,MQ_BAM_GOLD_20140319_100356
"bucket1$975,:3,:6001",2014-03-19T10:03:26.709900,MQ,CPM,3000,,3000,100.0,ZNE,train,gold,MQ_CPM_GOLD_20140319_100356
"bucket1$976,:3,:6001",2014-03-19T10:03:22.629900,MQ,MLM,3000,,3000,100.0,ZNE,train,gold,MQ_MLM_GOLD_20140319_100352
"bucket1$977,:3,:6001",2014-03-19T10:13:42.319900,MQ,BAM,3000,,3000,100.0,ZNE,train,gold,MQ_BAM_GOLD_20140319_101412
"bucket1$978,:3,:6001",2014-03-19T10:13:45.039900,MQ,MLM,3000,,3000,100.0,ZNE,train,gold,MQ_MLM_GOLD_20140319_101415
"bucket1$979,:3,:6001",2014-03-19T10:13:38.170000,MQ,SAM,3000,,3000,100.0,ZNE,train,gold,MQ_SAM_GOLD_20140319_101408
"bucket1$980,:3,:6001",2014-03-19T10:17:18.589900,MQ,BAM,3000,,3000,100.0,ZNE,train,gold,MQ_BAM_GOLD_20140319_101748
"bucket6$253,:3,:6001",2014-03-19T10:17:22.299900,MQ,GBM,3000,,3000,100.0,ZNE,test,gold,MQ_GBM_GOLD_20140319_101752
"bucket1$981,:3,:6001",2014-03-19T10:17:25.119900,MQ,MLM,3000,,3000,100.0,ZNE,train,gold,MQ_MLM_GOLD_20140319_101755
"bucket1$982,:3,:6001",2014-03-19T10:17:50.169900,MQ,BAM,3000,,3000,100.0,ZNE,train,gold,MQ_BAM_GOLD_20140319_101820
"bucket1$983,:3,:6001",2014-03-19T10:17:49.039900,MQ,CPM,3000,,3000,100.0,ZNE,train,gold,MQ_CPM_GOLD_20140319_101819
"bucket1$984,:3,:6001",2014-03-19T10:17:54.399900,MQ,GBM,3000,,3000,100.0,ZNE,train,gold,MQ_GBM_GOLD_20140319_101824
"bucket1$985,:3,:6001",2014-03-19T10:17:52.859900,MQ,MLM,3000,,3000,100.0,ZNE,train,gold,MQ_MLM_GOLD_20140319_101822
"bucket1$986,:3,:6001",2014-03-19T10:18:57.569900,MQ,BAM,3000,,3000,100.0,ZNE,train,gold,MQ_BAM_GOLD_20140319_101927
"bucket1$987,:3,:6001",2014-03-19T10:19:05.619900,MQ,CPM,3000,,3000,100.0,ZNE,train,gold,MQ_CPM_GOLD_20140319_101935
"bucket1$988,:3,:6001",2014-03-19T10:22:20.619900,MQ,BAM,3000,,3000,100.0,ZNE,train,gold,MQ_BAM_GOLD_20140319_102250
"bucket1$989,:3,:6001",2014-03-19T10:22:26.109900,MQ,CPM,3000,,3000,100.0,ZNE,train,gold,MQ_CPM_GOLD_20140319_102256
"bucket9$245,:3,:6001",2014-03-19T10:22:26.849900,MQ,MLM,3000,,3000,100.0,ZNE,dev,gold,MQ_MLM_GOLD_20140319_102256
"bucket1$990,:3,:6001",2014-03-19T10:27:33.609900,MQ,BAM,3000,,3000,100.0,ZNE,train,gold,MQ_BAM_GOLD_20140319_102803
"bucket1$991,:3,:6001",2014-03-19T10:27:33.009900,MQ,CPM,3000,,3000,100.0,ZNE,train,gold,MQ_CPM_GOLD_20140319_102803
"bucket1$992,:3,:6001",2014-03-19T10:27:35.910000,MQ,SAM,3000,3225.0,3000,100.0,ZNE,train,gold,MQ_SAM_GOLD_20140319_102805
"bucket1$993,:3,:6001",2014-03-19T10:29:43.159900,MQ,BAM,3000,,3000,100.0,ZNE,train,gold,MQ_BAM_GOLD_20140319_103013
"bucket1$994,:3,:6001",2014-03-19T10:29:38.529900,MQ,CPM,3000,,3000,100.0,ZNE,train,gold,MQ_CPM_GOLD_20140319_103008
"bucket9$246,:3,:6001",2014-03-19T10:29:42.839900,MQ,GBM,3000,,3000,100.0,ZNE,dev,gold,MQ_GBM_GOLD_20140319_103012
"bucket1$995,:3,:6001",2014-03-19T10:29:43.800000,MQ,SAM,3000,,3000,100.0,ZNE,train,gold,MQ_SAM_GOLD_20140319_103013
"bucket1$996,:3,:6001",2014-03-19T10:30:13.019900,MQ,BAM,3000,,3000,100.0,ZNE,train,gold,MQ_BAM_GOLD_20140319_103043
"bucket1$997,:3,:6001",2014-03-19T10:30:17.190000,MQ,SAM,3000,,3000,100.0,ZNE,train,gold,MQ_SAM_GOLD_20140319_103047
"bucket1$998,:3,:6001",2014-03-19T10:33:58.249900,MQ,CPM,3000,,3000,100.0,ZNE,train,gold,MQ_CPM_GOLD_20140319_103428
"bucket1$999,:3,:6001",2014-03-19T10:33:58.509900,MQ,MLM,3000,,3000,100.0,ZNE,train,gold,MQ_MLM_GOLD_20140319_103428
"bucket1$1000,:3,:6001",2014-03-19T10:36:16.589900,MQ,BAM,3000,,3000,100.0,ZNE,train,gold,MQ_BAM_GOLD_20140319_103646
"bucket1$1001,:3,:6001",2014-03-19T10:36:11.419900,MQ,MLM,3000,,3000,100.0,ZNE,train,gold,MQ_MLM_GOLD_20140319_103641
"bucket9$247,:3,:6001",2014-03-19T10:36:15.510000,MQ,SAM,3000,3188.0,3000,100.0,ZNE,dev,gold,MQ_SAM_GOLD_20140319_103645
"bucket6$254,:3,:6001",2014-03-19T10:39:08.889900,MQ,BAM,3000,,3000,100.0,ZNE,test,gold,MQ_BAM_GOLD_20140319_103938
"bucket1$1002,:3,:6001",2014-03-19T10:39:10.889900,MQ,GBM,3000,,3000,100.0,ZNE,train,gold,MQ_GBM_GOLD_20140319_103940
"bucket1$1003,:3,:6001",2014-03-19T10:39:33.429900,MQ,BAM,3000,,3000,100.0,ZNE,train,gold,MQ_BAM_GOLD_20140319_104003
"bucket1$1004,:3,:6001",2014-03-19T10:39:28.389900,MQ,CPM,3000,,3000,100.0,ZNE,train,gold,MQ_CPM_GOLD_20140319_103958
"bucket1$1005,:3,:6001",2014-03-19T10:39:38.189900,MQ,GBM,3000,,3000,100.0,ZNE,train,gold,MQ_GBM_GOLD_20140319_104008
"bucket9$248,:3,:6001",2014-03-19T10:43:49.689900,MQ,BAM,3000,,3000,100.0,ZNE,dev,gold,MQ_BAM_GOLD_20140319_104419
"bucket1$1006,:3,:6001",2014-03-19T10:43:49.279900,MQ,GBM,3000,,3000,100.0,ZNE,train,gold,MQ_GBM_GOLD_20140319_104419
"bucket1$1007,:3,:6001",2014-03-19T10:43:52.160000,MQ,SAM,3000,,3000,100.0,ZNE,train,gold,MQ_SAM_GOLD_20140319_104422
"bucket1$1008,:3,:6001",2014-03-19T10:48:33.789900,MQ,CPM,3000,,3000,100.0,ZNE,train,gold,MQ_CPM_GOLD_20140319_104903
"bucket1$1009,:3,:6001",2014-03-19T10:48:36.439900,MQ,GBM,3000,,3000,100.0,ZNE,train,gold,MQ_GBM_GOLD_20140319_104906
"bucket1$1010,:3,:6001",2014-03-19T10:50:12.879900,MQ,BAM,3000,,3000,100.0,ZNE,train,gold,MQ_BAM_GOLD_20140319_105042
"bucket1$1011,:3,:6001",2014-03-19T10:50:03.879900,MQ,GBM,3000,,3000,100.0,ZNE,train,gold,MQ_GBM_GOLD_20140319_105033
"bucket1$1012,:3,:6001",2014-03-19T10:50:08.659900,MQ,MLM,3000,,3000,100.0,ZNE,train,gold,MQ_MLM_GOLD_20140319_105038
"bucket1$1013,:3,:6001",2014-03-19T10:50:36.909900,MQ,BAM,3000,,3000,100.0,ZNE,train,gold,MQ_BAM_GOLD_20140319_105106
"bucket6$255,:3,:6001",2014-03-19T10:50:34.159900,MQ,CPM,3000,,3000,100.0,ZNE,test,gold,MQ_CPM_GOLD_20140319_105104
"bucket1$1014,:3,:6001",2014-03-19T10:50:36.270000,MQ,SAM,3000,3145.0,3000,100.0,ZNE,train,gold,MQ_SAM_GOLD_20140319_105106
"bucket9$249,:3,:6001",2014-03-19T10:51:04.609900,MQ,CPM,3000,,3000,100.0,ZNE,dev,gold,MQ_CPM_GOLD_20140319_105134
"bucket1$1015,:3,:6001",2014-03-19T10:51:03.859900,MQ,GBM,3000,,3000,100.0,ZNE,train,gold,MQ_GBM_GOLD_20140319_105133
"bucket9$250,:3,:6001",2014-03-19T10:51:09.209900,MQ,MLM,3000,,3000,100.0,ZNE,dev,gold,MQ_MLM_GOLD_20140319_105139
"bucket1$1016,:3,:6001",2014-03-19T10:52:28.589900,MQ,CPM,3000,,3000,100.0,ZNE,train,gold,MQ_CPM_GOLD_20140319_105258
"bucket1$1017,:3,:6001",2014-03-19T10:52:33.349900,MQ,MLM,3000,,3000,100.0,ZNE,train,gold,MQ_MLM_GOLD_20140319_105303
"bucket1$1018,:3,:6001",2014-03-19T10:52:29.190000,MQ,SAM,3000,3194.0,3000,100.0,ZNE,train,gold,MQ_SAM_GOLD_20140319_105259
"bucket1$1019,:3,:6001",2014-03-19T11:01:00.739900,MQ,BAM,3000,,3000,100.0,ZNE,train,gold,MQ_BAM_GOLD_20140319_110130
"bucket1$1020,:3,:6001",2014-03-19T11:00:55.879900,MQ,MLM,3000,,3000,100.0,ZNE,train,gold,MQ_MLM_GOLD_20140319_110125
"bucket1$1021,:3,:6001",2014-03-19T11:01:31.479900,MQ,BAM,3000,,3000,100.0,ZNE,train,gold,MQ_BAM_GOLD_20140319_110201
"bucket1$1022,:3,:6001",2014-03-19T11:01:36.559900,MQ,GBM,3000,,3000,100.0,ZNE,train,gold,MQ_GBM_GOLD_20140319_110206
"bucket1$1023,:3,:6001",2014-03-19T11:01:34.779900,MQ,MLM,3000,,3000,100.0,ZNE,train,gold,MQ_MLM_GOLD_20140319_110204
"bucket2$0,:3,:6001",2014-03-19T11:03:35.299900,MQ,CPM,3000,,3000,100.0,ZNE,train,gold,MQ_CPM_GOLD_20140319_110405
"bucket2$1,:3,:6001",2014-03-19T11:03:34.589900,MQ,GBM,3000,,3000,100.0,ZNE,train,gold,MQ_GBM_GOLD_20140319_110404
"bucket2$2,:3,:6001",2014-03-19T11:03:29.589900,MQ,MLM,3000,,3000,100.0,ZNE,train,gold,MQ_MLM_GOLD_20140319_110359
"bucket2$3,:3,:6001",2014-03-19T11:06:32.379900,MQ,BAM,3000,,3000,100.0,ZNE,train,gold,MQ_BAM_GOLD_20140319_110702
"bucket2$4,:3,:6001",2014-03-19T11:06:35.720000,MQ,SAM,3000,3116.0,3000,100.0,ZNE,train,gold,MQ_SAM_GOLD_20140319_110705
"bucket9$251,:3,:6001",2014-03-19T11:08:16.339900,MQ,BAM,3000,,3000,100.0,ZNE,dev,gold,MQ_BAM_GOLD_20140319_110846
"bucket2$5,:3,:6001",2014-03-19T11:08:15.389900,MQ,CPM,3000,,3000,100.0,ZNE,train,gold,MQ_CPM_GOLD_20140319_110845
"bucket2$6,:3,:6001",2014-03-19T11:08:16.109900,MQ,MLM,3000,,3000,100.0,ZNE,train,gold,MQ_MLM_GOLD_20140319_110846
"bucket9$252,:3,:6001",2014-03-19T11:08:33.009900,MQ,BAM,3000,,3000,100.0,ZNE,dev,gold,MQ_BAM_GOLD_20140319_110903
"bucket2$7,:3,:6001",2014-03-19T11:08:35.319900,MQ,CPM,3000,,3000,100.0,ZNE,train,gold,MQ_CPM_GOLD_20140319_110905
"bucket2$8,:3,:6001",2014-03-19T11:12:43.999900,MQ,BAM,3000,,3000,100.0,ZNE,train,gold,MQ_BAM_GOLD_20140319_111313
"bucket9$253,:3,:6001",2014-03-19T11:12:44.319900,MQ,CPM,3000,,3000,100.0,ZNE,dev,gold,MQ_CPM_GOLD_20140319_111314
"bucket2$9,:3,:6001",2014-03-19T11:15:56.249900,MQ,BAM,3000,,3000,100.0,ZNE,train,gold,MQ_BAM_GOLD_20140319_111626
"bucket2$10,:3,:6001",2014-03-19T11:15:59.449900,MQ,MLM,3000,,3000,100.0,ZNE,train,gold,MQ_MLM_GOLD_20140319_111629
"bucket2$11,:3,:6001",2014-03-19T11:17:30.089900,MQ,CPM,3000,,3000,100.0,ZNE,train,gold,MQ_CPM_GOLD_20140319_111800
"bucket2$12,:3,:6001",2014-03-19T11:17:32.429900,MQ,MLM,3000,,3000,100.0,ZNE,train,gold,MQ_MLM_GOLD_20140319_111802
"bucket2$13,:3,:6001",2014-03-19T11:17:55.439900,MQ,BAM,3000,,3000,100.0,ZNE,train,gold,MQ_BAM_GOLD_20140319_111825
"bucket2$14,:3,:6001",2014-03-19T11:17:53.199900,MQ,MLM,3000,,3000,100.0,ZNE,train,gold,MQ_MLM_GOLD_20140319_111823
"bucket2$15,:3,:6001",2014-03-19T11:18:33.759900,MQ,BAM,3000,,3000,100.0,ZNE,train,gold,MQ_BAM_GOLD_20140319_111903
"bucket9$254,:3,:6001",2014-03-19T11:18:35.959900,MQ,MLM,3000,,3000,100.0,ZNE,dev,gold,MQ_MLM_GOLD_20140319_111905
"bucket2$16,:3,:6001",2014-03-19T11:22:36.959900,MQ,GBM,3000,,3000,100.0,ZNE,train,gold,MQ_GBM_GOLD_20140319_112306
"bucket6$256,:3,:6001",2014-03-19T11:22:40.469900,MQ,MLM,3000,,3000,100.0,ZNE,test,gold,MQ_MLM_GOLD_20140319_112310
"bucket9$255,:3,:6001",2014-03-19T11:26:33.909900,MQ,BAM,3000,,3000,100.0,ZNE,dev,gold,MQ_BAM_GOLD_20140319_112703
"bucket2$17,:3,:6001",2014-03-19T11:26:35.359900,MQ,CPM,3000,,3000,100.0,ZNE,train,gold,MQ_CPM_GOLD_20140319_112705
"bucket2$18,:3,:6001",2014-03-19T11:26:35.200000,MQ,SAM,3000,3168.0,3000,100.0,ZNE,train,gold,MQ_SAM_GOLD_20140319_112705
"bucket2$19,:3,:6001",2014-03-19T11:27:53.369900,MQ,BAM,3000,,3000,100.0,ZNE,train,gold,MQ_BAM_GOLD_20140319_112823
"bucket2$20,:3,:6001",2014-03-19T11:27:45.159900,MQ,MLM,3000,,3000,100.0,ZNE,train,gold,MQ_MLM_GOLD_20140319_112815
"bucket2$21,:3,:6001",2014-03-19T11:28:49.129900,MQ,BAM,3000,,3000,100.0,ZNE,train,gold,MQ_BAM_GOLD_20140319_112919
"bucket2$22,:3,:6001",2014-03-19T11:28:48.819900,MQ,MLM,3000,,3000,100.0,ZNE,train,gold,MQ_MLM_GOLD_20140319_112918
"bucket2$23,:3,:6001",2014-03-19T11:29:20.859900,MQ,CPM,3000,,3000,100.0,ZNE,train,gold,MQ_CPM_GOLD_20140319_112950
"bucket9$256,:3,:6001",2014-03-19T11:29:23.139900,MQ,GBM,3000,,3000,100.0,ZNE,dev,gold,MQ_GBM_GOLD_20140319_112953
"bucket6$257,:3,:6001",2014-03-19T11:30:16.389900,MQ,BAM,3000,,3000,100.0,ZNE,test,gold,MQ_BAM_GOLD_20140319_113046
"bucket2$24,:3,:6001",2014-03-19T11:30:20.180000,MQ,SAM,3000,3213.0,3000,100.0,ZNE,train,gold,MQ_SAM_GOLD_20140319_113050
"bucket2$25,:3,:6001",2014-03-19T11:34:59.889900,MQ,GBM,3000,,3000,100.0,ZNE,train,gold,MQ_GBM_GOLD_20140319_113529
"bucket2$26,:3,:6001",2014-03-19T11:34:53.959900,MQ,MLM,3000,,3000,100.0,ZNE,train,gold,MQ_MLM_GOLD_20140319_113523
"bucket2$27,:3,:6001",2014-03-19T11:36:15.699900,MQ,BAM,3000,,3000,100.0,ZNE,train,gold,MQ_BAM_GOLD_20140319_113645
"bucket2$28,:3,:6001",2014-03-19T11:36:21.359900,MQ,CPM,3000,,3000,100.0,ZNE,train,gold,MQ_CPM_GOLD_20140319_113651
"bucket2$29,:3,:6001",2014-03-19T11:37:10.849900,MQ,BAM,3000,,3000,100.0,ZNE,train,gold,MQ_BAM_GOLD_20140319_113740
"bucket2$30,:3,:6001",2014-03-19T11:37:07.020000,MQ,SAM,3000,3239.0,3000,100.0,ZNE,train,gold,MQ_SAM_GOLD_20140319_113737
"bucket2$31,:3,:6001",2014-03-19T11:38:12.919900,MQ,BAM,3000,,3000,100.0,ZNE,train,gold,MQ_BAM_GOLD_20140319_113842
"bucket2$32,:3,:6001",2014-03-19T11:38:12.789900,MQ,MLM,3000,,3000,100.0,ZNE,train,gold,MQ_MLM_GOLD_20140319_113842
"bucket2$33,:3,:6001",2014-03-19T11:40:38.159900,MQ,BAM,3000,,3000,100.0,ZNE,train,gold,MQ_BAM_GOLD_20140319_114108
"bucket2$34,:3,:6001",2014-03-19T11:40:30.829900,MQ,CPM,3000,,3000,100.0,ZNE,train,gold,MQ_CPM_GOLD_20140319_114100
"bucket2$35,:3,:6001",2014-03-19T11:40:59.409900,MQ,BAM,3000,,3000,100.0,ZNE,train,gold,MQ_BAM_GOLD_20140319_114129
"bucket2$36,:3,:6001",2014-03-19T11:41:01.049900,MQ,GBM,3000,,3000,100.0,ZNE,train,gold,MQ_GBM_GOLD_20140319_114131
"bucket2$37,:3,:6001",2014-03-19T11:41:30.189900,MQ,BAM,3000,,3000,100.0,ZNE,train,gold,MQ_BAM_GOLD_20140319_114200
"bucket2$38,:3,:6001",2014-03-19T11:41:28.049900,MQ,MLM,3000,,3000,100.0,ZNE,train,gold,MQ_MLM_GOLD_20140319_114158
"bucket2$39,:3,:6001",2014-03-19T11:42:29.629900,MQ,BAM,3000,,3000,100.0,ZNE,train,gold,MQ_BAM_GOLD_20140319_114259
"bucket6$258,:3,:6001",2014-03-19T11:42:30.949900,MQ,MLM,3000,,3000,100.0,ZNE,test,gold,MQ_MLM_GOLD_20140319_114300
"bucket2$40,:3,:6001",2014-03-19T11:45:36.899900,MQ,BAM,3000,,3000,100.0,ZNE,train,gold,MQ_BAM_GOLD_20140319_114606
"bucket2$41,:3,:6001",2014-03-19T11:45:33.389900,MQ,CPM,3000,,3000,100.0,ZNE,train,gold,MQ_CPM_GOLD_20140319_114603
"bucket2$42,:3,:6001",2014-03-19T11:45:28.679900,MQ,GBM,3000,,3000,100.0,ZNE,train,gold,MQ_GBM_GOLD_20140319_114558
"bucket2$43,:3,:6001",2014-03-19T11:45:28.209900,MQ,MLM,3000,,3000,100.0,ZNE,train,gold,MQ_MLM_GOLD_20140319_114558
"bucket2$44,:3,:6001",2014-03-19T11:48:16.359900,MQ,BAM,3000,,3000,100.0,ZNE,train,gold,MQ_BAM_GOLD_20140319_114846
"bucket2$45,:3,:6001",2014-03-19T11:48:21.019900,MQ,GBM,3000,,3000,100.0,ZNE,train,gold,MQ_GBM_GOLD_20140319_114851
"bucket6$259,:3,:6001",2014-03-19T11:49:37.359900,MQ,BAM,3000,,3000,100.0,ZNE,test,gold,MQ_BAM_GOLD_20140319_115007
"bucket6$260,:3,:6001",2014-03-19T11:49:36.759900,MQ,CPM,3000,,3000,100.0,ZNE,test,gold,MQ_CPM_GOLD_20140319_115006
"bucket2$46,:3,:6001",2014-03-19T11:49:36.409900,MQ,MLM,3000,,3000,100.0,ZNE,train,gold,MQ_MLM_GOLD_20140319_115006
"bucket9$257,:3,:6001",2014-03-19T11:51:30.669900,MQ,GBM,3000,,3000,100.0,ZNE,dev,gold,MQ_GBM_GOLD_20140319_115200
"bucket2$47,:3,:6001",2014-03-19T11:51:22.019900,MQ,MLM,3000,,3000,100.0,ZNE,train,gold,MQ_MLM_GOLD_20140319_115152
"bucket9$258,:3,:6001",2014-03-19T11:52:54.929900,MQ,BAM,3000,,3000,100.0,ZNE,dev,gold,MQ_BAM_GOLD_20140319_115324
"bucket2$48,:3,:6001",2014-03-19T11:52:54.420000,MQ,SAM,3000,,3000,100.0,ZNE,train,gold,MQ_SAM_GOLD_20140319_115324
"bucket2$49,:3,:6001",2014-03-19T11:53:16.819900,MQ,GBM,3000,,3000,100.0,ZNE,train,gold,MQ_GBM_GOLD_20140319_115346
"bucket2$50,:3,:6001",2014-03-19T11:53:17.379900,MQ,MLM,3000,,3000,100.0,ZNE,train,gold,MQ_MLM_GOLD_20140319_115347
"bucket6$261,:3,:6001",2014-03-19T11:53:41.339900,MQ,BAM,3000,,3000,100.0,ZNE,test,gold,MQ_BAM_GOLD_20140319_115411
"bucket9$259,:3,:6001",2014-03-19T11:53:45.759900,MQ,CPM,3000,,3000,100.0,ZNE,dev,gold,MQ_CPM_GOLD_20140319_115415
"bucket2$51,:3,:6001",2014-03-19T11:55:19.319900,MQ,BAM,3000,,3000,100.0,ZNE,train,gold,MQ_BAM_GOLD_20140319_115549
"bucket2$52,:3,:6001",2014-03-19T11:55:16.339900,MQ,MLM,3000,,3000,100.0,ZNE,train,gold,MQ_MLM_GOLD_20140319_115546
"bucket2$53,:3,:6001",2014-03-19T11:55:56.559900,MQ,BAM,3000,,3000,100.0,ZNE,train,gold,MQ_BAM_GOLD_20140319_115626
"bucket2$54,:3,:6001",2014-03-19T11:56:01.609900,MQ,CPM,3000,,3000,100.0,ZNE,train,gold,MQ_CPM_GOLD_20140319_115631
"bucket9$260,:3,:6001",2014-03-19T11:55:59.909900,MQ,MLM,3000,,3000,100.0,ZNE,dev,gold,MQ_MLM_GOLD_20140319_115629
"bucket9$261,:3,:6001",2014-03-19T11:56:07.499900,MQ,BAM,3000,,3000,100.0,ZNE,dev,gold,MQ_BAM_GOLD_20140319_115637
"bucket2$55,:3,:6001",2014-03-19T11:56:14.659900,MQ,GBM,3000,,3000,100.0,ZNE,train,gold,MQ_GBM_GOLD_20140319_115644
"bucket2$56,:3,:6001",2014-03-19T11:59:17.469900,MQ,BAM,3000,,3000,100.0,ZNE,train,gold,MQ_BAM_GOLD_20140319_115947
"bucket2$57,:3,:6001",2014-03-19T11:59:17.059900,MQ,CPM,3000,,3000,100.0,ZNE,train,gold,MQ_CPM_GOLD_20140319_115947
"bucket2$58,:3,:6001",2014-03-19T11:59:22.149900,MQ,MLM,3000,,3000,100.0,ZNE,train,gold,MQ_MLM_GOLD_20140319_115952
"bucket2$59,:3,:6001",2014-03-19T12:00:46.599900,MQ,CPM,3000,,3000,100.0,ZNE,train,gold,MQ_CPM_GOLD_20140319_120116
"bucket2$60,:3,:6001",2014-03-19T12:00:47.950000,MQ,SAM,3000,3209.0,3000,100.0,ZNE,train,gold,MQ_SAM_GOLD_20140319_120117
"bucket6$262,:3,:6001",2014-03-19T12:02:49.079900,MQ,BAM,3000,,3000,100.0,ZNE,test,gold,MQ_BAM_GOLD_20140319_120319
"bucket2$61,:3,:6001",2014-03-19T12:02:52.579900,MQ,GBM,3000,,3000,100.0,ZNE,train,gold,MQ_GBM_GOLD_20140319_120322
"bucket2$62,:3,:6001",2014-03-19T12:02:52.049900,MQ,MLM,3000,,3000,100.0,ZNE,train,gold,MQ_MLM_GOLD_20140319_120322
"bucket2$63,:3,:6001",2014-03-19T12:04:39.439900,MQ,BAM,3000,,3000,100.0,ZNE,train,gold,MQ_BAM_GOLD_20140319_120509
"bucket2$64,:3,:6001",2014-03-19T12:04:37.169900,MQ,MLM,3000,,3000,100.0,ZNE,train,gold,MQ_MLM_GOLD_20140319_120507
"bucket2$65,:3,:6001",2014-03-19T12:05:10.119900,MQ,BAM,3000,,3000,100.0,ZNE,train,gold,MQ_BAM_GOLD_20140319_120540
"bucket2$66,:3,:6001",2014-03-19T12:05:01.749900,MQ,CPM,3000,,3000,100.0,ZNE,train,gold,MQ_CPM_GOLD_20140319_120531
"bucket2$67,:3,:6001",2014-03-19T12:06:07.329900,MQ,BAM,3000,,3000,100.0,ZNE,train,gold,MQ_BAM_GOLD_20140319_120637
"bucket2$68,:3,:6001",2014-03-19T12:06:02.129900,MQ,CPM,3000,,3000,100.0,ZNE,train,gold,MQ_CPM_GOLD_20140319_120632
"bucket2$69,:3,:6001",2014-03-19T12:12:16.219900,MQ,BAM,3000,,3000,100.0,ZNE,train,gold,MQ_BAM_GOLD_20140319_121246
"bucket2$70,:3,:6001",2014-03-19T12:12:05.529900,MQ,CPM,3000,,3000,100.0,ZNE,train,gold,MQ_CPM_GOLD_20140319_121235
"bucket9$262,:3,:6001",2014-03-19T12:12:14.669900,MQ,GBM,3000,,3000,100.0,ZNE,dev,gold,MQ_GBM_GOLD_20140319_121244
"bucket2$71,:3,:6001",2014-03-19T12:14:01.929900,MQ,BAM,3000,,3000,100.0,ZNE,train,gold,MQ_BAM_GOLD_20140319_121431
"bucket2$72,:3,:6001",2014-03-19T12:14:04.369900,MQ,GBM,3000,,3000,100.0,ZNE,train,gold,MQ_GBM_GOLD_20140319_121434
"bucket9$263,:3,:6001",2014-03-19T12:14:06.690000,MQ,SAM,3000,3200.0,3000,100.0,ZNE,dev,gold,MQ_SAM_GOLD_20140319_121436
"bucket2$73,:3,:6001",2014-03-19T12:15:01.769900,MQ,GBM,3000,,3000,100.0,ZNE,train,gold,MQ_GBM_GOLD_20140319_121531
"bucket2$74,:3,:6001",2014-03-19T12:15:01.649900,MQ,MLM,3000,,3000,100.0,ZNE,train,gold,MQ_MLM_GOLD_20140319_121531
"bucket6$263,:3,:6001",2014-03-19T12:15:22.419900,MQ,BAM,3000,,3000,100.0,ZNE,test,gold,MQ_BAM_GOLD_20140319_121552
"bucket2$75,:3,:6001",2014-03-19T12:15:21.659900,MQ,GBM,3000,,3000,100.0,ZNE,train,gold,MQ_GBM_GOLD_20140319_121551
"bucket2$76,:3,:6001",2014-03-19T12:15:20.589900,MQ,MLM,3000,,3000,100.0,ZNE,train,gold,MQ_MLM_GOLD_20140319_121550
"bucket2$77,:3,:6001",2014-03-19T12:17:24.149900,MQ,BAM,3000,,3000,100.0,ZNE,train,gold,MQ_BAM_GOLD_20140319_121754
"bucket2$78,:3,:6001",2014-03-19T12:17:23.469900,MQ,CPM,3000,,3000,100.0,ZNE,train,gold,MQ_CPM_GOLD_20140319_121753
"bucket2$79,:3,:6001",2014-03-19T12:17:24.389900,MQ,MLM,3000,,3000,100.0,ZNE,train,gold,MQ_MLM_GOLD_20140319_121754
"bucket2$80,:3,:6001",2014-03-19T12:20:15.499900,MQ,MLM,3000,,3000,100.0,ZNE,train,gold,MQ_MLM_GOLD_20140319_122045
"bucket2$81,:3,:6001",2014-03-19T12:20:17.100000,MQ,SAM,3000,3247.0,3000,100.0,ZNE,train,gold,MQ_SAM_GOLD_20140319_122047
"bucket6$264,:3,:6001",2014-03-19T12:24:52.449900,MQ,CPM,3000,,3000,100.0,ZNE,test,gold,MQ_CPM_GOLD_20140319_122522
"bucket9$264,:3,:6001",2014-03-19T12:24:55.319900,MQ,MLM,3000,,3000,100.0,ZNE,dev,gold,MQ_MLM_GOLD_20140319_122525
"bucket2$82,:3,:6001",2014-03-19T12:24:53.280000,MQ,SAM,3000,3245.0,3000,100.0,ZNE,train,gold,MQ_SAM_GOLD_20140319_122523
"bucket2$83,:3,:6001",2014-03-19T12:25:18.429900,MQ,BAM,3000,,3000,100.0,ZNE,train,gold,MQ_BAM_GOLD_20140319_122548
"bucket2$84,:3,:6001",2014-03-19T12:25:17.449900,MQ,GBM,3000,,3000,100.0,ZNE,train,gold,MQ_GBM_GOLD_20140319_122547
"bucket2$85,:3,:6001",2014-03-19T12:25:13.209900,MQ,MLM,3000,,3000,100.0,ZNE,train,gold,MQ_MLM_GOLD_20140319_122543
"bucket2$86,:3,:6001",2014-03-19T12:25:25.299900,MQ,GBM,3000,,3000,100.0,ZNE,train,gold,MQ_GBM_GOLD_20140319_122555
"bucket2$87,:3,:6001",2014-03-19T12:25:27.779900,MQ,MLM,3000,,3000,100.0,ZNE,train,gold,MQ_MLM_GOLD_20140319_122557
"bucket2$88,:3,:6001",2014-03-19T12:45:48.459900,MQ,BAM,3000,,3000,100.0,ZNE,train,gold,MQ_BAM_GOLD_20140319_124618
"bucket2$89,:3,:6001",2014-03-19T12:45:40.379900,MQ,CPM,3000,,3000,100.0,ZNE,train,gold,MQ_CPM_GOLD_20140319_124610
"bucket2$90,:3,:6001",2014-03-19T12:45:44.149900,MQ,MLM,3000,,3000,100.0,ZNE,train,gold,MQ_MLM_GOLD_20140319_124614
"bucket2$91,:3,:6001",2014-03-19T12:45:43.950000,MQ,SAM,3000,3167.0,3000,100.0,ZNE,train,gold,MQ_SAM_GOLD_20140319_124613
"bucket6$265,:3,:6001",2014-03-19T13:31:43.819900,MQ,BAM,3000,,3000,100.0,ZNE,test,gold,MQ_BAM_GOLD_20140319_133213
"bucket2$92,:3,:6001",2014-03-19T13:31:40.679900,MQ,CPM,3000,,3000,100.0,ZNE,train,gold,MQ_CPM_GOLD_20140319_133210
"bucket2$93,:3,:6001",2014-03-19T13:31:35.350000,MQ,IA2,3000,,3000,100.0,ZNE,train,gold,MQ_IA2_GOLD_20140319_133205
"bucket2$94,:3,:6001",2014-03-19T13:31:36.199900,MQ,MLM,3000,,3000,100.0,ZNE,train,gold,MQ_MLM_GOLD_20140319_133206
"bucket2$95,:3,:6001",2014-03-19T14:33:38.069900,MQ,CPM,3000,,3000,100.0,ZNE,train,gold,MQ_CPM_GOLD_20140319_143408
"bucket2$96,:3,:6001",2014-03-19T14:33:35.829900,MQ,GBM,3000,,3000,100.0,ZNE,train,gold,MQ_GBM_GOLD_20140319_143405
"bucket2$97,:3,:6001",2014-03-19T14:33:36.170000,MQ,IA2,3000,3174.0,3000,100.0,ZNE,train,gold,MQ_IA2_GOLD_20140319_143406
"bucket2$98,:3,:6001",2014-03-19T14:33:34.929900,MQ,MLM,3000,,3000,100.0,ZNE,train,gold,MQ_MLM_GOLD_20140319_143404
"bucket2$99,:3,:6001",2014-03-19T15:12:12.299900,MQ,BAM,3000,,3000,100.0,ZNE,train,gold,MQ_BAM_GOLD_20140319_151242
"bucket9$265,:3,:6001",2014-03-19T15:12:12.209900,MQ,CPM,3000,,3000,100.0,ZNE,dev,gold,MQ_CPM_GOLD_20140319_151242
"bucket2$100,:3,:6001",2014-03-19T15:12:12.429900,MQ,GBM,3000,,3000,100.0,ZNE,train,gold,MQ_GBM_GOLD_20140319_151242
"bucket6$266,:3,:6001",2014-03-19T15:12:17.089900,MQ,MLM,3000,,3000,100.0,ZNE,test,gold,MQ_MLM_GOLD_20140319_151247
"bucket2$101,:3,:6001",2014-03-19T15:55:04.509900,MQ,CPM,3000,,3000,100.0,ZNE,train,gold,MQ_CPM_GOLD_20140319_155534
"bucket2$102,:3,:6001",2014-03-19T15:55:04.030000,MQ,IA2,3000,,3000,100.0,ZNE,train,gold,MQ_IA2_GOLD_20140319_155534
"bucket2$103,:3,:6001",2014-03-19T16:07:12.289900,MQ,BAM,3000,,3000,100.0,ZNE,train,gold,MQ_BAM_GOLD_20140319_160742
"bucket2$104,:3,:6001",2014-03-19T16:07:04.559900,MQ,CPM,3000,,3000,100.0,ZNE,train,gold,MQ_CPM_GOLD_20140319_160734
"bucket6$267,:3,:6001",2014-03-19T16:07:07.829900,MQ,GBM,3000,,3000,100.0,ZNE,test,gold,MQ_GBM_GOLD_20140319_160737
"bucket2$105,:3,:6001",2014-03-19T16:07:04.689900,MQ,MLM,3000,,3000,100.0,ZNE,train,gold,MQ_MLM_GOLD_20140319_160734
"bucket2$106,:3,:6001",2014-03-19T17:02:59.509900,MQ,CPM,3000,,3000,100.0,ZNE,train,gold,MQ_CPM_GOLD_20140319_170329
"bucket2$107,:3,:6001",2014-03-19T17:02:58.919900,MQ,GBM,3000,,3000,100.0,ZNE,train,gold,MQ_GBM_GOLD_20140319_170328
"bucket9$266,:3,:6001",2014-03-19T17:03:03.649900,MQ,MLM,3000,,3000,100.0,ZNE,dev,gold,MQ_MLM_GOLD_20140319_170333
"bucket9$267,:3,:6001",2014-03-19T17:03:05.490000,MQ,SAM,3000,,3000,100.0,ZNE,dev,gold,MQ_SAM_GOLD_20140319_170335
"bucket2$108,:3,:6001",2014-03-19T17:41:36.029900,MQ,BAM,3000,,3000,100.0,ZNE,train,gold,MQ_BAM_GOLD_20140319_174206
"bucket2$109,:3,:6001",2014-03-19T17:41:38.539900,MQ,CPM,3000,,3000,100.0,ZNE,train,gold,MQ_CPM_GOLD_20140319_174208
"bucket2$110,:3,:6001",2014-03-19T17:41:33.019900,MQ,GBM,3000,,3000,100.0,ZNE,train,gold,MQ_GBM_GOLD_20140319_174203
"bucket2$111,:3,:6001",2014-03-19T17:41:40.659900,MQ,MLM,3000,,3000,100.0,ZNE,train,gold,MQ_MLM_GOLD_20140319_174210
"bucket2$112,:3,:6001",2014-03-19T17:42:20.449900,MQ,BAM,3000,,3000,100.0,ZNE,train,gold,MQ_BAM_GOLD_20140319_174250
"bucket2$113,:3,:6001",2014-03-19T17:42:24.599900,MQ,CPM,3000,,3000,100.0,ZNE,train,gold,MQ_CPM_GOLD_20140319_174254
"bucket2$114,:3,:6001",2014-03-19T17:42:22.929900,MQ,GBM,3000,,3000,100.0,ZNE,train,gold,MQ_GBM_GOLD_20140319_174252
"bucket6$268,:3,:6001",2014-03-19T17:42:21.359900,MQ,MLM,3000,,3000,100.0,ZNE,test,gold,MQ_MLM_GOLD_20140319_174251
"bucket2$115,:3,:6001",2014-03-19T17:57:26.609900,MQ,BAM,3000,,3000,100.0,ZNE,train,gold,MQ_BAM_GOLD_20140319_175756
"bucket2$116,:3,:6001",2014-03-19T17:57:24.679900,MQ,GBM,3000,,3000,100.0,ZNE,train,gold,MQ_GBM_GOLD_20140319_175754
"bucket2$117,:3,:6001",2014-03-19T17:57:25.890000,MQ,IA2,3000,3081.0,3000,100.0,ZNE,train,gold,MQ_IA2_GOLD_20140319_175755
"bucket2$118,:3,:6001",2014-03-19T17:57:30.719900,MQ,MLM,3000,,3000,100.0,ZNE,train,gold,MQ_MLM_GOLD_20140319_175800
"bucket6$269,:3,:6001",2014-03-19T17:57:31.560000,MQ,SAM,3000,,3000,100.0,ZNE,test,gold,MQ_SAM_GOLD_20140319_175801
"bucket2$119,:3,:6001",2014-03-19T18:00:03.559900,MQ,CPM,3000,,3000,100.0,ZNE,train,gold,MQ_CPM_GOLD_20140319_180033
"bucket6$270,:3,:6001",2014-03-19T18:00:03.479900,MQ,GBM,3000,,3000,100.0,ZNE,test,gold,MQ_GBM_GOLD_20140319_180033
"bucket2$120,:3,:6001",2014-03-19T18:00:00.700000,MQ,IA2,3000,3154.0,3000,100.0,ZNE,train,gold,MQ_IA2_GOLD_20140319_180030
"bucket2$121,:3,:6001",2014-03-19T18:00:08.479900,MQ,MLM,3000,,3000,100.0,ZNE,train,gold,MQ_MLM_GOLD_20140319_180038
"bucket2$122,:3,:6001",2014-03-19T18:01:48.239900,MQ,BAM,3000,,3000,100.0,ZNE,train,gold,MQ_BAM_GOLD_20140319_180218
"bucket2$123,:3,:6001",2014-03-19T18:01:55.789900,MQ,GBM,3000,,3000,100.0,ZNE,train,gold,MQ_GBM_GOLD_20140319_180225
"bucket2$124,:3,:6001",2014-03-19T18:01:53.150000,MQ,IA2,3000,3161.0,3000,100.0,ZNE,train,gold,MQ_IA2_GOLD_20140319_180223
"bucket2$125,:3,:6001",2014-03-19T18:01:51.599900,MQ,MLM,3000,,3000,100.0,ZNE,train,gold,MQ_MLM_GOLD_20140319_180221
"bucket2$126,:3,:6001",2014-03-19T18:02:41.379900,MQ,BAM,3000,,3000,100.0,ZNE,train,gold,MQ_BAM_GOLD_20140319_180311
"bucket2$127,:3,:6001",2014-03-19T18:02:38.149900,MQ,CPM,3000,,3000,100.0,ZNE,train,gold,MQ_CPM_GOLD_20140319_180308
"bucket2$128,:3,:6001",2014-03-19T18:02:46.669900,MQ,GBM,3000,,3000,100.0,ZNE,train,gold,MQ_GBM_GOLD_20140319_180316
"bucket2$129,:3,:6001",2014-03-19T18:02:37.859900,MQ,MLM,3000,,3000,100.0,ZNE,train,gold,MQ_MLM_GOLD_20140319_180307
"bucket2$130,:3,:6001",2014-03-19T18:05:00.519900,MQ,BAM,3000,,3000,100.0,ZNE,train,gold,MQ_BAM_GOLD_20140319_180530
"bucket2$131,:3,:6001",2014-03-19T18:04:58.839900,MQ,CPM,3000,,3000,100.0,ZNE,train,gold,MQ_CPM_GOLD_20140319_180528
"bucket2$132,:3,:6001",2014-03-19T18:04:59.919900,MQ,GBM,3000,,3000,100.0,ZNE,train,gold,MQ_GBM_GOLD_20140319_180529
"bucket9$268,:3,:6001",2014-03-19T18:04:58.040000,MQ,IA2,3000,3032.0,3000,100.0,ZNE,dev,gold,MQ_IA2_GOLD_20140319_180528
"bucket2$133,:3,:6001",2014-03-19T18:06:15.169900,MQ,BAM,3000,,3000,100.0,ZNE,train,gold,MQ_BAM_GOLD_20140319_180645
"bucket2$134,:3,:6001",2014-03-19T18:06:16.369900,MQ,CPM,3000,,3000,100.0,ZNE,train,gold,MQ_CPM_GOLD_20140319_180646
"bucket9$269,:3,:6001",2014-03-19T18:06:16.610000,MQ,IA2,3000,3229.0,3000,100.0,ZNE,dev,gold,MQ_IA2_GOLD_20140319_180646
"bucket6$271,:3,:6001",2014-03-19T18:06:16.889900,MQ,MLM,3000,,3000,100.0,ZNE,test,gold,MQ_MLM_GOLD_20140319_180646
"bucket9$270,:3,:6001",2014-03-19T18:08:19.249900,MQ,BAM,3000,,3000,100.0,ZNE,dev,gold,MQ_BAM_GOLD_20140319_180849
"bucket2$135,:3,:6001",2014-03-19T18:08:25.899900,MQ,CPM,3000,,3000,100.0,ZNE,train,gold,MQ_CPM_GOLD_20140319_180855
"bucket2$136,:3,:6001",2014-03-19T18:08:19.540000,MQ,IA2,3000,3272.0,3000,100.0,ZNE,train,gold,MQ_IA2_GOLD_20140319_180849
"bucket2$137,:3,:6001",2014-03-19T18:08:19.559900,MQ,MLM,3000,,3000,100.0,ZNE,train,gold,MQ_MLM_GOLD_20140319_180849
"bucket2$138,:3,:6001",2014-03-19T18:08:22.530000,MQ,SAM,3000,,3000,100.0,ZNE,train,gold,MQ_SAM_GOLD_20140319_180852
"bucket2$139,:3,:6001",2014-03-19T18:21:08.999900,MQ,BAM,3000,,3000,100.0,ZNE,train,gold,MQ_BAM_GOLD_20140319_182138
"bucket2$140,:3,:6001",2014-03-19T18:21:04.839900,MQ,CPM,3000,,3000,100.0,ZNE,train,gold,MQ_CPM_GOLD_20140319_182134
"bucket9$271,:3,:6001",2014-03-19T18:21:07.540000,MQ,IA2,3000,,3000,100.0,ZNE,dev,gold,MQ_IA2_GOLD_20140319_182137
"bucket2$141,:3,:6001",2014-03-19T18:21:12.279900,MQ,MLM,3000,,3000,100.0,ZNE,train,gold,MQ_MLM_GOLD_20140319_182142
"bucket9$272,:3,:6001",2014-03-19T18:21:44.549900,MQ,BAM,3000,,3000,100.0,ZNE,dev,gold,MQ_BAM_GOLD_20140319_182214
"bucket2$142,:3,:6001",2014-03-19T18:21:39.189900,MQ,GBM,3000,,3000,100.0,ZNE,train,gold,MQ_GBM_GOLD_20140319_182209
"bucket2$143,:3,:6001",2014-03-19T18:21:43.040000,MQ,IA2,3000,,3000,100.0,ZNE,train,gold,MQ_IA2_GOLD_20140319_182213
"bucket2$144,:3,:6001",2014-03-19T18:21:41.739900,MQ,MLM,3000,,3000,100.0,ZNE,train,gold,MQ_MLM_GOLD_20140319_182211
"bucket2$145,:3,:6001",2014-03-19T18:35:02.339900,MQ,BAM,3000,,3000,100.0,ZNE,train,gold,MQ_BAM_GOLD_20140319_183532
"bucket9$273,:3,:6001",2014-03-19T18:35:02.119900,MQ,GBM,3000,,3000,100.0,ZNE,dev,gold,MQ_GBM_GOLD_20140319_183532
"bucket2$146,:3,:6001",2014-03-19T18:35:05.559900,MQ,MLM,3000,,3000,100.0,ZNE,train,gold,MQ_MLM_GOLD_20140319_183535
"bucket6$272,:3,:6001",2014-03-19T18:35:07.280000,MQ,SAM,3000,3161.0,3000,100.0,ZNE,test,gold,MQ_SAM_GOLD_20140319_183537
"bucket2$147,:3,:6001",2014-03-19T18:39:47.649900,MQ,BAM,3000,,3000,100.0,ZNE,train,gold,MQ_BAM_GOLD_20140319_184017
"bucket6$273,:3,:6001",2014-03-19T18:39:50.759900,MQ,CPM,3000,,3000,100.0,ZNE,test,gold,MQ_CPM_GOLD_20140319_184020
"bucket2$148,:3,:6001",2014-03-19T18:39:48.519900,MQ,GBM,3000,,3000,100.0,ZNE,train,gold,MQ_GBM_GOLD_20140319_184018
"bucket2$149,:3,:6001",2014-03-19T18:39:46.460000,MQ,SAM,3000,3162.0,3000,100.0,ZNE,train,gold,MQ_SAM_GOLD_20140319_184016
"bucket2$150,:3,:6001",2014-03-19T18:40:23.379900,MQ,BAM,3000,,3000,100.0,ZNE,train,gold,MQ_BAM_GOLD_20140319_184053
"bucket2$151,:3,:6001",2014-03-19T18:40:22.609900,MQ,GBM,3000,,3000,100.0,ZNE,train,gold,MQ_GBM_GOLD_20140319_184052
"bucket2$152,:3,:6001",2014-03-19T18:40:23.100000,MQ,IA2,3000,3103.0,3000,100.0,ZNE,train,gold,MQ_IA2_GOLD_20140319_184053
"bucket2$153,:3,:6001",2014-03-19T18:40:17.689900,MQ,MLM,3000,,3000,100.0,ZNE,train,gold,MQ_MLM_GOLD_20140319_184047
"bucket2$154,:3,:6001",2014-03-19T18:46:03.279900,MQ,GBM,3000,,3000,100.0,ZNE,train,gold,MQ_GBM_GOLD_20140319_184633
"bucket2$155,:3,:6001",2014-03-19T18:46:02.720000,MQ,IA2,3000,3153.0,3000,100.0,ZNE,train,gold,MQ_IA2_GOLD_20140319_184632
"bucket6$274,:3,:6001",2014-03-19T18:46:05.369900,MQ,MLM,3000,,3000,100.0,ZNE,test,gold,MQ_MLM_GOLD_20140319_184635
"bucket2$156,:3,:6001",2014-03-19T18:46:01.760000,MQ,SAM,3000,3200.0,3000,100.0,ZNE,train,gold,MQ_SAM_GOLD_20140319_184631
"bucket2$157,:3,:6001",2014-03-19T18:47:37.819900,MQ,BAM,3000,,3000,100.0,ZNE,train,gold,MQ_BAM_GOLD_20140319_184807
"bucket9$274,:3,:6001",2014-03-19T18:47:37.379900,MQ,CPM,3000,,3000,100.0,ZNE,dev,gold,MQ_CPM_GOLD_20140319_184807
"bucket2$158,:3,:6001",2014-03-19T18:47:38.539900,MQ,GBM,3000,,3000,100.0,ZNE,train,gold,MQ_GBM_GOLD_20140319_184808
"bucket2$159,:3,:6001",2014-03-19T18:47:34.850000,MQ,IA2,3000,3171.0,3000,100.0,ZNE,train,gold,MQ_IA2_GOLD_20140319_184804
"bucket2$160,:3,:6001",2014-03-19T19:00:39.439900,MQ,BAM,3000,,3000,100.0,ZNE,train,gold,MQ_BAM_GOLD_20140319_190109
"bucket9$275,:3,:6001",2014-03-19T19:00:34.929900,MQ,GBM,3000,,3000,100.0,ZNE,dev,gold,MQ_GBM_GOLD_20140319_190104
"bucket9$276,:3,:6001",2014-03-19T19:00:33.780000,MQ,IA2,3000,3116.0,3000,100.0,ZNE,dev,gold,MQ_IA2_GOLD_20140319_190103
"bucket2$161,:3,:6001",2014-03-19T19:00:29.550000,MQ,SAM,3000,3484.0,3000,100.0,ZNE,train,gold,MQ_SAM_GOLD_20140319_190059
"bucket2$162,:3,:6001",2014-03-19T19:02:49.439900,MQ,BAM,3000,,3000,100.0,ZNE,train,gold,MQ_BAM_GOLD_20140319_190319
"bucket2$163,:3,:6001",2014-03-19T19:02:49.029900,MQ,GBM,3000,,3000,100.0,ZNE,train,gold,MQ_GBM_GOLD_20140319_190319
"bucket2$164,:3,:6001",2014-03-19T19:02:46.590000,MQ,IA2,3000,3302.0,3000,100.0,ZNE,train,gold,MQ_IA2_GOLD_20140319_190316
"bucket2$165,:3,:6001",2014-03-19T19:02:43.659900,MQ,MLM,3000,,3000,100.0,ZNE,train,gold,MQ_MLM_GOLD_20140319_190313
"bucket2$166,:3,:6001",2014-03-19T19:05:04.249900,MQ,BAM,3000,,3000,100.0,ZNE,train,gold,MQ_BAM_GOLD_20140319_190534
"bucket2$167,:3,:6001",2014-03-19T19:04:57.719900,MQ,CPM,3000,,3000,100.0,ZNE,train,gold,MQ_CPM_GOLD_20140319_190527
"bucket2$168,:3,:6001",2014-03-19T19:05:07.610000,MQ,IA2,3000,,3000,100.0,ZNE,train,gold,MQ_IA2_GOLD_20140319_190537
"bucket2$169,:3,:6001",2014-03-19T19:04:57.949900,MQ,MLM,3000,,3000,100.0,ZNE,train,gold,MQ_MLM_GOLD_20140319_190527
"bucket2$170,:3,:6001",2014-03-19T19:05:08.530000,MQ,SAM,3000,,3000,100.0,ZNE,train,gold,MQ_SAM_GOLD_20140319_190538
"bucket2$171,:3,:6001",2014-03-19T19:10:57.839900,MQ,BAM,3000,,3000,100.0,ZNE,train,gold,MQ_BAM_GOLD_20140319_191127
"bucket2$172,:3,:6001",2014-03-19T19:10:59.849900,MQ,CPM,3000,,3000,100.0,ZNE,train,gold,MQ_CPM_GOLD_20140319_191129
"bucket2$173,:3,:6001",2014-03-19T19:11:01.680000,MQ,IA2,3000,3054.0,3000,100.0,ZNE,train,gold,MQ_IA2_GOLD_20140319_191131
"bucket2$174,:3,:6001",2014-03-19T19:11:04.830000,MQ,SAM,3000,3139.0,3000,100.0,ZNE,train,gold,MQ_SAM_GOLD_20140319_191134
"bucket9$277,:3,:6001",2014-03-19T19:14:56.439900,MQ,BAM,3000,,3000,100.0,ZNE,dev,gold,MQ_BAM_GOLD_20140319_191526
"bucket2$175,:3,:6001",2014-03-19T19:14:50.009900,MQ,GBM,3000,,3000,100.0,ZNE,train,gold,MQ_GBM_GOLD_20140319_191520
"bucket2$176,:3,:6001",2014-03-19T19:14:52.200000,MQ,IA2,3000,3304.0,3000,100.0,ZNE,train,gold,MQ_IA2_GOLD_20140319_191522
"bucket2$177,:3,:6001",2014-03-19T19:14:48.859900,MQ,MLM,3000,,3000,100.0,ZNE,train,gold,MQ_MLM_GOLD_20140319_191518
"bucket2$178,:3,:6001",2014-03-19T19:53:23.509900,MQ,BAM,3000,,3000,100.0,ZNE,train,gold,MQ_BAM_GOLD_20140319_195353
"bucket2$179,:3,:6001",2014-03-19T19:53:24.769900,MQ,GBM,3000,,3000,100.0,ZNE,train,gold,MQ_GBM_GOLD_20140319_195354
"bucket2$180,:3,:6001",2014-03-19T19:53:24.980000,MQ,IA2,3000,,3000,100.0,ZNE,train,gold,MQ_IA2_GOLD_20140319_195354
"bucket2$181,:3,:6001",2014-03-19T19:53:25.649900,MQ,MLM,3000,,3000,100.0,ZNE,train,gold,MQ_MLM_GOLD_20140319_195355
"bucket2$182,:3,:6001",2014-03-19T19:53:20.330000,MQ,SAM,3000,3397.0,3000,100.0,ZNE,train,gold,MQ_SAM_GOLD_20140319_195350
"bucket2$183,:3,:6001",2014-03-19T19:56:59.399900,MQ,BAM,3000,,3000,100.0,ZNE,train,gold,MQ_BAM_GOLD_20140319_195729
"bucket2$184,:3,:6001",2014-03-19T19:56:58.239900,MQ,GBM,3000,,3000,100.0,ZNE,train,gold,MQ_GBM_GOLD_20140319_195728
"bucket2$185,:3,:6001",2014-03-19T19:57:00.949900,MQ,MLM,3000,,3000,100.0,ZNE,train,gold,MQ_MLM_GOLD_20140319_195730
"bucket2$186,:3,:6001",2014-03-19T19:56:55.230000,MQ,SAM,3000,3411.0,3000,100.0,ZNE,train,gold,MQ_SAM_GOLD_20140319_195725
"bucket9$278,:3,:6001",2014-03-19T20:08:07.619900,MQ,BAM,3000,,3000,100.0,ZNE,dev,gold,MQ_BAM_GOLD_20140319_200837
"bucket2$187,:3,:6001",2014-03-19T20:08:05.519900,MQ,GBM,3000,,3000,100.0,ZNE,train,gold,MQ_GBM_GOLD_20140319_200835
"bucket2$188,:3,:6001",2014-03-19T20:08:06.359900,MQ,MLM,3000,,3000,100.0,ZNE,train,gold,MQ_MLM_GOLD_20140319_200836
"bucket2$189,:3,:6001",2014-03-19T20:08:06.590000,MQ,SAM,3000,,3000,100.0,ZNE,train,gold,MQ_SAM_GOLD_20140319_200836
"bucket2$190,:3,:6001",2014-03-19T20:15:11.459900,MQ,BAM,3000,,3000,100.0,ZNE,train,gold,MQ_BAM_GOLD_20140319_201541
"bucket2$191,:3,:6001",2014-03-19T20:15:15.809900,MQ,GBM,3000,,3000,100.0,ZNE,train,gold,MQ_GBM_GOLD_20140319_201545
"bucket9$279,:3,:6001",2014-03-19T20:15:11.720000,MQ,IA2,3000,3117.0,3000,100.0,ZNE,dev,gold,MQ_IA2_GOLD_20140319_201541
"bucket2$192,:3,:6001",2014-03-19T20:15:19.729900,MQ,MLM,3000,,3000,100.0,ZNE,train,gold,MQ_MLM_GOLD_20140319_201549
"bucket2$193,:3,:6001",2014-03-20T00:55:18.269900,MQ,BAM,3000,,3000,100.0,ZNE,train,gold,MQ_BAM_GOLD_20140320_005548
"bucket2$194,:3,:6001",2014-03-20T00:55:19.879900,MQ,CPM,3000,,3000,100.0,ZNE,train,gold,MQ_CPM_GOLD_20140320_005549
"bucket2$195,:3,:6001",2014-03-20T00:55:19.589900,MQ,GBM,3000,,3000,100.0,ZNE,train,gold,MQ_GBM_GOLD_20140320_005549
"bucket2$196,:3,:6001",2014-03-20T00:55:19.720000,MQ,IA2,3000,3038.0,3000,100.0,ZNE,train,gold,MQ_IA2_GOLD_20140320_005549
"bucket2$197,:3,:6001",2014-03-20T00:55:18.880000,MQ,LAM,3000,3209.0,3000,100.0,ZNE,train,gold,MQ_LAM_GOLD_20140320_005548
"bucket2$198,:3,:6001",2014-03-20T00:55:18.590000,MQ,SAM,3000,3292.0,3000,100.0,ZNE,train,gold,MQ_SAM_GOLD_20140320_005548
"bucket2$199,:3,:6001",2014-03-20T10:41:07.639900,MQ,BAM,3000,,3000,100.0,ZNE,train,gold,MQ_BAM_GOLD_20140320_104137
"bucket2$200,:3,:6001",2014-03-20T10:41:16.219900,MQ,CPM,3000,,3000,100.0,ZNE,train,gold,MQ_CPM_GOLD_20140320_104146
"bucket2$201,:3,:6001",2014-03-20T10:41:13.219900,MQ,GBM,3000,,3000,100.0,ZNE,train,gold,MQ_GBM_GOLD_20140320_104143
"bucket6$275,:3,:6001",2014-03-20T10:41:11.030000,MQ,SAM,3000,,3000,100.0,ZNE,test,gold,MQ_SAM_GOLD_20140320_104141
"bucket6$276,:3,:6001",2014-03-20T11:33:04.019900,MQ,BAM,3000,,3000,100.0,ZNE,test,gold,MQ_BAM_GOLD_20140320_113334
"bucket2$202,:3,:6001",2014-03-20T11:33:03.209900,MQ,CPM,3000,,3000,100.0,ZNE,train,gold,MQ_CPM_GOLD_20140320_113333
"bucket2$203,:3,:6001",2014-03-20T11:33:00.570000,MQ,IA2,3000,,3000,100.0,ZNE,train,gold,MQ_IA2_GOLD_20140320_113330
"bucket9$280,:3,:6001",2014-03-20T11:33:04.889900,MQ,MLM,3000,,3000,100.0,ZNE,dev,gold,MQ_MLM_GOLD_20140320_113334
"bucket2$204,:3,:6001",2014-03-20T12:16:41.039900,MQ,BAM,3000,,3000,100.0,ZNE,train,gold,MQ_BAM_GOLD_20140320_121711
"bucket6$277,:3,:6001",2014-03-20T12:16:33.469900,MQ,GBM,3000,,3000,100.0,ZNE,test,gold,MQ_GBM_GOLD_20140320_121703
"bucket2$205,:3,:6001",2014-03-20T12:16:37.149900,MQ,MLM,3000,,3000,100.0,ZNE,train,gold,MQ_MLM_GOLD_20140320_121707
"bucket2$206,:3,:6001",2014-03-20T12:16:40.590000,MQ,SAM,3000,,3000,100.0,ZNE,train,gold,MQ_SAM_GOLD_20140320_121710
"bucket2$207,:3,:6001",2014-03-20T12:25:17.429900,MQ,BAM,3000,,3000,100.0,ZNE,train,gold,MQ_BAM_GOLD_20140320_122547
"bucket2$208,:3,:6001",2014-03-20T12:25:13.410000,MQ,IA2,3000,3242.0,3000,100.0,ZNE,train,gold,MQ_IA2_GOLD_20140320_122543
"bucket2$209,:3,:6001",2014-03-20T12:25:17.399900,MQ,MLM,3000,,3000,100.0,ZNE,train,gold,MQ_MLM_GOLD_20140320_122547
"bucket9$281,:3,:6001",2014-03-20T12:25:21.980000,MQ,SAM,3000,,3000,100.0,ZNE,dev,gold,MQ_SAM_GOLD_20140320_122551
"bucket6$278,:3,:6001",2014-03-20T12:56:48.719900,MQ,BAM,3000,,3000,100.0,ZNE,test,gold,MQ_BAM_GOLD_20140320_125718
"bucket2$210,:3,:6001",2014-03-20T12:56:41.879900,MQ,CPM,3000,,3000,100.0,ZNE,train,gold,MQ_CPM_GOLD_20140320_125711
"bucket9$282,:3,:6001",2014-03-20T12:56:49.279900,MQ,GBM,3000,,3000,100.0,ZNE,dev,gold,MQ_GBM_GOLD_20140320_125719
"bucket2$211,:3,:6001",2014-03-20T12:56:45.089900,MQ,MLM,3000,,3000,100.0,ZNE,train,gold,MQ_MLM_GOLD_20140320_125715
"bucket2$212,:3,:6001",2014-03-20T14:00:04.669900,MQ,BAM,3000,,3000,100.0,ZNE,train,gold,MQ_BAM_GOLD_20140320_140034
"bucket2$213,:3,:6001",2014-03-20T14:00:10.419900,MQ,GBM,3000,,3000,100.0,ZNE,train,gold,MQ_GBM_GOLD_20140320_140040
"bucket9$283,:3,:6001",2014-03-20T14:00:09.170000,MQ,IA2,3000,3236.0,3000,100.0,ZNE,dev,gold,MQ_IA2_GOLD_20140320_140039
"bucket2$214,:3,:6001",2014-03-20T14:00:14.669900,MQ,MLM,3000,,3000,100.0,ZNE,train,gold,MQ_MLM_GOLD_20140320_140044
"bucket2$215,:3,:6001",2014-03-20T14:00:11.130000,MQ,SAM,3000,3201.0,3000,100.0,ZNE,train,gold,MQ_SAM_GOLD_20140320_140041
"bucket9$284,:3,:6001",2014-03-20T15:19:47.599900,MQ,CPM,3000,,3000,100.0,ZNE,dev,gold,MQ_CPM_GOLD_20140320_152017
"bucket2$216,:3,:6001",2014-03-20T15:19:45.159900,MQ,GBM,3000,,3000,100.0,ZNE,train,gold,MQ_GBM_GOLD_20140320_152015
"bucket2$217,:3,:6001",2014-03-20T15:19:45.680000,MQ,IA2,3000,3229.0,3000,100.0,ZNE,train,gold,MQ_IA2_GOLD_20140320_152015
"bucket2$218,:3,:6001",2014-03-20T15:19:46.670000,MQ,SAM,3000,3185.0,3000,100.0,ZNE,train,gold,MQ_SAM_GOLD_20140320_152016
"bucket2$219,:3,:6001",2014-03-20T16:14:44.269900,MQ,BAM,3000,,3000,100.0,ZNE,train,gold,MQ_BAM_GOLD_20140320_161514
"bucket2$220,:3,:6001",2014-03-20T16:14:41.469900,MQ,CPM,3000,,3000,100.0,ZNE,train,gold,MQ_CPM_GOLD_20140320_161511
"bucket9$285,:3,:6001",2014-03-20T16:14:37.469900,MQ,GBM,3000,,3000,100.0,ZNE,dev,gold,MQ_GBM_GOLD_20140320_161507
"bucket9$286,:3,:6001",2014-03-20T16:14:37.900000,MQ,SAM,3000,,3000,100.0,ZNE,dev,gold,MQ_SAM_GOLD_20140320_161507
"bucket2$221,:3,:6001",2014-03-20T16:24:31.259900,MQ,BAM,3000,,3000,100.0,ZNE,train,gold,MQ_BAM_GOLD_20140320_162501
"bucket2$222,:3,:6001",2014-03-20T16:24:34.509900,MQ,GBM,3000,,3000,100.0,ZNE,train,gold,MQ_GBM_GOLD_20140320_162504
"bucket2$223,:3,:6001",2014-03-20T16:24:30.250000,MQ,IA2,3000,,3000,100.0,ZNE,train,gold,MQ_IA2_GOLD_20140320_162500
"bucket2$224,:3,:6001",2014-03-20T16:24:29.949900,MQ,MLM,3000,,3000,100.0,ZNE,train,gold,MQ_MLM_GOLD_20140320_162459
"bucket2$225,:3,:6001",2014-03-20T16:38:20.799900,MQ,BAM,3000,,3000,100.0,ZNE,train,gold,MQ_BAM_GOLD_20140320_163850
"bucket2$226,:3,:6001",2014-03-20T16:38:14.019900,MQ,CPM,3000,,3000,100.0,ZNE,train,gold,MQ_CPM_GOLD_20140320_163844
"bucket9$287,:3,:6001",2014-03-20T16:38:12.419900,MQ,GBM,3000,,3000,100.0,ZNE,dev,gold,MQ_GBM_GOLD_20140320_163842
"bucket2$227,:3,:6001",2014-03-20T16:38:18.370000,MQ,IA2,3000,3146.0,3000,100.0,ZNE,train,gold,MQ_IA2_GOLD_20140320_163848
"bucket6$279,:3,:6001",2014-03-20T17:46:20.609900,MQ,BAM,3000,,3000,100.0,ZNE,test,gold,MQ_BAM_GOLD_20140320_174650
"bucket2$228,:3,:6001",2014-03-20T17:46:18.129900,MQ,GBM,3000,,3000,100.0,ZNE,train,gold,MQ_GBM_GOLD_20140320_174648
"bucket2$229,:3,:6001",2014-03-20T17:46:17.560000,MQ,IA2,3000,3234.0,3000,100.0,ZNE,train,gold,MQ_IA2_GOLD_20140320_174647
"bucket2$230,:3,:6001",2014-03-20T17:46:18.049900,MQ,MLM,3000,,3000,100.0,ZNE,train,gold,MQ_MLM_GOLD_20140320_174648
"bucket6$280,:3,:6001",2014-03-20T18:25:52.509900,MQ,BAM,3000,,3000,100.0,ZNE,test,gold,MQ_BAM_GOLD_20140320_182622
"bucket6$281,:3,:6001",2014-03-20T18:25:50.919900,MQ,CPM,3000,,3000,100.0,ZNE,test,gold,MQ_CPM_GOLD_20140320_182620
"bucket2$231,:3,:6001",2014-03-20T18:25:49.750000,MQ,IA2,3000,3112.0,3000,100.0,ZNE,train,gold,MQ_IA2_GOLD_20140320_182619
"bucket2$232,:3,:6001",2014-03-20T18:25:42.199900,MQ,MLM,3000,,3000,100.0,ZNE,train,gold,MQ_MLM_GOLD_20140320_182612
"bucket2$233,:3,:6001",2014-03-20T18:25:44.830000,MQ,SAM,3000,,3000,100.0,ZNE,train,gold,MQ_SAM_GOLD_20140320_182614
"bucket2$234,:3,:6001",2014-03-20T18:37:07.519900,MQ,BAM,3000,,3000,100.0,ZNE,train,gold,MQ_BAM_GOLD_20140320_183737
"bucket2$235,:3,:6001",2014-03-20T18:37:09.639900,MQ,GBM,3000,,3000,100.0,ZNE,train,gold,MQ_GBM_GOLD_20140320_183739
"bucket2$236,:3,:6001",2014-03-20T18:37:08.040000,MQ,IA2,3000,3180.0,3000,100.0,ZNE,train,gold,MQ_IA2_GOLD_20140320_183738
"bucket6$282,:3,:6001",2014-03-20T18:37:05.469900,MQ,MLM,3000,,3000,100.0,ZNE,test,gold,MQ_MLM_GOLD_20140320_183735
"bucket6$283,:3,:6001",2014-03-20T18:48:34.929900,MQ,BAM,3000,,3000,100.0,ZNE,test,gold,MQ_BAM_GOLD_20140320_184904
"bucket2$237,:3,:6001",2014-03-20T18:48:33.179900,MQ,CPM,3000,,3000,100.0,ZNE,train,gold,MQ_CPM_GOLD_20140320_184903
"bucket2$238,:3,:6001",2014-03-20T18:48:30.120000,MQ,IA2,3000,3071.0,3000,100.0,ZNE,train,gold,MQ_IA2_GOLD_20140320_184900
"bucket2$239,:3,:6001",2014-03-20T18:48:37.420000,MQ,LAM,3000,3186.0,3000,100.0,ZNE,train,gold,MQ_LAM_GOLD_20140320_184907
"bucket2$240,:3,:6001",2014-03-20T18:48:35.210000,MQ,SAM,3000,3129.0,3000,100.0,ZNE,train,gold,MQ_SAM_GOLD_20140320_184905
"bucket2$241,:3,:6001",2014-03-21T11:25:46.349900,MQ,BAM,3000,,3000,100.0,ZNE,train,gold,MQ_BAM_GOLD_20140321_112616
"bucket2$242,:3,:6001",2014-03-21T11:25:45.299900,MQ,CPM,3000,,3000,100.0,ZNE,train,gold,MQ_CPM_GOLD_20140321_112615
"bucket2$243,:3,:6001",2014-03-21T11:25:46.330000,MQ,IA2,3000,3132.0,3000,100.0,ZNE,train,gold,MQ_IA2_GOLD_20140321_112616
"bucket2$244,:3,:6001",2014-03-21T11:25:42.420000,MQ,SAM,3000,3024.0,3000,100.0,ZNE,train,gold,MQ_SAM_GOLD_20140321_112612
"bucket2$245,:3,:6001",2014-03-21T11:34:48.799900,MQ,BAM,3000,,3000,100.0,ZNE,train,gold,MQ_BAM_GOLD_20140321_113518
"bucket2$246,:3,:6001",2014-03-21T11:34:49.329900,MQ,CPM,3000,,3000,100.0,ZNE,train,gold,MQ_CPM_GOLD_20140321_113519
"bucket2$247,:3,:6001",2014-03-21T11:34:48.199900,MQ,GBM,3000,,3000,100.0,ZNE,train,gold,MQ_GBM_GOLD_20140321_113518
"bucket2$248,:3,:6001",2014-03-21T11:34:44.600000,MQ,SAM,3000,3477.0,3000,100.0,ZNE,train,gold,MQ_SAM_GOLD_20140321_113514
"bucket2$249,:3,:6001",2014-03-21T11:49:18.429900,MQ,BAM,3000,,3000,100.0,ZNE,train,gold,MQ_BAM_GOLD_20140321_114948
"bucket2$250,:3,:6001",2014-03-21T11:49:15.479900,MQ,CPM,3000,,3000,100.0,ZNE,train,gold,MQ_CPM_GOLD_20140321_114945
"bucket2$251,:3,:6001",2014-03-21T11:49:23.509900,MQ,GBM,3000,,3000,100.0,ZNE,train,gold,MQ_GBM_GOLD_20140321_114953
"bucket9$288,:3,:6001",2014-03-21T11:49:21.469900,MQ,MLM,3000,,3000,100.0,ZNE,dev,gold,MQ_MLM_GOLD_20140321_114951
"bucket9$289,:3,:6001",2014-03-21T12:45:41.989900,MQ,BAM,3000,,3000,100.0,ZNE,dev,gold,MQ_BAM_GOLD_20140321_124611
"bucket2$252,:3,:6001",2014-03-21T12:45:36.439900,MQ,CPM,3000,,3000,100.0,ZNE,train,gold,MQ_CPM_GOLD_20140321_124606
"bucket2$253,:3,:6001",2014-03-21T12:45:38.969900,MQ,GBM,3000,,3000,100.0,ZNE,train,gold,MQ_GBM_GOLD_20140321_124608
"bucket2$254,:3,:6001",2014-03-21T12:45:33.129900,MQ,MLM,3000,,3000,100.0,ZNE,train,gold,MQ_MLM_GOLD_20140321_124603
"bucket2$255,:3,:6001",2014-03-21T12:49:53.329900,MQ,BAM,3000,,3000,100.0,ZNE,train,gold,MQ_BAM_GOLD_20140321_125023
"bucket2$256,:3,:6001",2014-03-21T12:49:58.759900,MQ,GBM,3000,,3000,100.0,ZNE,train,gold,MQ_GBM_GOLD_20140321_125028
"bucket2$257,:3,:6001",2014-03-21T12:49:56.440000,MQ,IA2,3000,,3000,100.0,ZNE,train,gold,MQ_IA2_GOLD_20140321_125026
"bucket6$284,:3,:6001",2014-03-21T12:50:03.329900,MQ,MLM,3000,,3000,100.0,ZNE,test,gold,MQ_MLM_GOLD_20140321_125033
"bucket2$258,:3,:6001",2014-03-21T13:14:41.119900,MQ,BAM,3000,,3000,100.0,ZNE,train,gold,MQ_BAM_GOLD_20140321_131511
"bucket6$285,:3,:6001",2014-03-21T13:14:42.979900,MQ,GBM,3000,,3000,100.0,ZNE,test,gold,MQ_GBM_GOLD_20140321_131512
"bucket2$259,:3,:6001",2014-03-21T13:14:40.020000,MQ,IA2,3000,3308.0,3000,100.0,ZNE,train,gold,MQ_IA2_GOLD_20140321_131510
"bucket2$260,:3,:6001",2014-03-21T13:14:46.779900,MQ,MLM,3000,,3000,100.0,ZNE,train,gold,MQ_MLM_GOLD_20140321_131516
"bucket2$261,:3,:6001",2014-03-21T13:15:31.809900,MQ,BAM,3000,,3000,100.0,ZNE,train,gold,MQ_BAM_GOLD_20140321_131601
"bucket2$262,:3,:6001",2014-03-21T13:15:27.339900,MQ,GBM,3000,,3000,100.0,ZNE,train,gold,MQ_GBM_GOLD_20140321_131557
"bucket2$263,:3,:6001",2014-03-21T13:15:34.249900,MQ,MLM,3000,,3000,100.0,ZNE,train,gold,MQ_MLM_GOLD_20140321_131604
"bucket2$264,:3,:6001",2014-03-21T13:15:34.650000,MQ,SAM,3000,,3000,100.0,ZNE,train,gold,MQ_SAM_GOLD_20140321_131604
"bucket2$265,:3,:6001",2014-03-21T13:20:16.299900,MQ,CPM,3000,,3000,100.0,ZNE,train,gold,MQ_CPM_GOLD_20140321_132046
"bucket2$266,:3,:6001",2014-03-21T13:20:15.869900,MQ,GBM,3000,,3000,100.0,ZNE,train,gold,MQ_GBM_GOLD_20140321_132045
"bucket2$267,:3,:6001",2014-03-21T13:20:13.520000,MQ,IA2,3000,3058.0,3000,100.0,ZNE,train,gold,MQ_IA2_GOLD_20140321_132043
"bucket2$268,:3,:6001",2014-03-21T13:20:13.689900,MQ,MLM,3000,,3000,100.0,ZNE,train,gold,MQ_MLM_GOLD_20140321_132043
"bucket2$269,:3,:6001",2014-03-21T13:44:01.999900,MQ,BAM,3000,,3000,100.0,ZNE,train,gold,MQ_BAM_GOLD_20140321_134431
"bucket2$270,:3,:6001",2014-03-21T13:43:55.959900,MQ,CPM,3000,,3000,100.0,ZNE,train,gold,MQ_CPM_GOLD_20140321_134425
"bucket2$271,:3,:6001",2014-03-21T13:44:05.489900,MQ,GBM,3000,,3000,100.0,ZNE,train,gold,MQ_GBM_GOLD_20140321_134435
"bucket9$290,:3,:6001",2014-03-21T13:44:00.619900,MQ,MLM,3000,,3000,100.0,ZNE,dev,gold,MQ_MLM_GOLD_20140321_134430
"bucket9$291,:3,:6001",2014-03-21T15:25:42.309900,MQ,BAM,3000,,3000,100.0,ZNE,dev,gold,MQ_BAM_GOLD_20140321_152612
"bucket2$272,:3,:6001",2014-03-21T15:25:42.550000,MQ,IA2,3000,3129.0,3000,100.0,ZNE,train,gold,MQ_IA2_GOLD_20140321_152612
"bucket2$273,:3,:6001",2014-03-21T15:25:44.120000,MQ,LAM,3000,3198.0,3000,100.0,ZNE,train,gold,MQ_LAM_GOLD_20140321_152614
"bucket2$274,:3,:6001",2014-03-21T15:25:44.359900,MQ,MLM,3000,,3000,100.0,ZNE,train,gold,MQ_MLM_GOLD_20140321_152614
"bucket2$275,:3,:6001",2014-03-21T15:44:58.119900,MQ,BAM,3000,,3000,100.0,ZNE,train,gold,MQ_BAM_GOLD_20140321_154528
"bucket2$276,:3,:6001",2014-03-21T15:45:01.289900,MQ,CPM,3000,,3000,100.0,ZNE,train,gold,MQ_CPM_GOLD_20140321_154531
"bucket2$277,:3,:6001",2014-03-21T15:45:02.960000,MQ,LAM,3000,,3000,100.0,ZNE,train,gold,MQ_LAM_GOLD_20140321_154532
"bucket9$292,:3,:6001",2014-03-21T15:44:53.909900,MQ,MLM,3000,,3000,100.0,ZNE,dev,gold,MQ_MLM_GOLD_20140321_154523
"bucket6$286,:3,:6001",2014-03-21T16:13:18.099900,MQ,BAM,3000,,3000,100.0,ZNE,test,gold,MQ_BAM_GOLD_20140321_161348
"bucket9$293,:3,:6001",2014-03-21T16:13:09.409900,MQ,CPM,3000,,3000,100.0,ZNE,dev,gold,MQ_CPM_GOLD_20140321_161339
"bucket2$278,:3,:6001",2014-03-21T16:13:11.740000,MQ,LAM,3000,,3000,100.0,ZNE,train,gold,MQ_LAM_GOLD_20140321_161341
"bucket2$279,:3,:6001",2014-03-21T16:13:13.969900,MQ,MLM,3000,,3000,100.0,ZNE,train,gold,MQ_MLM_GOLD_20140321_161343
"bucket2$280,:3,:6001",2014-03-21T21:50:44.699900,MQ,BAM,3000,,3000,100.0,ZNE,train,gold,MQ_BAM_GOLD_20140321_215114
"bucket2$281,:3,:6001",2014-03-21T21:50:42.539900,MQ,CPM,3000,,3000,100.0,ZNE,train,gold,MQ_CPM_GOLD_20140321_215112
"bucket2$282,:3,:6001",2014-03-21T21:50:40.259900,MQ,GBM,3000,,3000,100.0,ZNE,train,gold,MQ_GBM_GOLD_20140321_215110
"bucket2$283,:3,:6001",2014-03-21T21:50:41.060000,MQ,SAM,3000,3195.0,3000,100.0,ZNE,train,gold,MQ_SAM_GOLD_20140321_215111
"bucket2$284,:3,:6001",2014-03-22T15:03:51.909900,MQ,BAM,3000,,3000,100.0,ZNE,train,gold,MQ_BAM_GOLD_20140322_150421
"bucket6$287,:3,:6001",2014-03-22T15:03:53.229900,MQ,CPM,3000,,3000,100.0,ZNE,test,gold,MQ_CPM_GOLD_20140322_150423
"bucket6$288,:3,:6001",2014-03-22T15:03:51.139900,MQ,GBM,3000,,3000,100.0,ZNE,test,gold,MQ_GBM_GOLD_20140322_150421
"bucket2$285,:3,:6001",2014-03-22T15:03:52.130000,MQ,IA2,3000,3053.0,3000,100.0,ZNE,train,gold,MQ_IA2_GOLD_20140322_150422
"bucket2$286,:3,:6001",2014-03-22T15:44:34.109900,MQ,CPM,3000,,3000,100.0,ZNE,train,gold,MQ_CPM_GOLD_20140322_154504
"bucket2$287,:3,:6001",2014-03-22T22:24:09.579900,MQ,BAM,3000,,3000,100.0,ZNE,train,gold,MQ_BAM_GOLD_20140322_222439
"bucket2$288,:3,:6001",2014-03-22T22:24:08.009900,MQ,GBM,3000,,3000,100.0,ZNE,train,gold,MQ_GBM_GOLD_20140322_222438
"bucket6$289,:3,:6001",2014-03-22T22:24:09.130000,MQ,IA2,3000,,3000,100.0,ZNE,test,gold,MQ_IA2_GOLD_20140322_222439
"bucket6$290,:3,:6001",2014-03-22T22:24:05.280000,MQ,SAM,3000,,3000,100.0,ZNE,test,gold,MQ_SAM_GOLD_20140322_222435
"bucket2$289,:3,:6001",2014-03-23T21:35:01.789900,MQ,BAM,3000,,3000,100.0,ZNE,train,gold,MQ_BAM_GOLD_20140323_213531
"bucket2$290,:3,:6001",2014-03-23T21:35:02.879900,MQ,CPM,3000,,3000,100.0,ZNE,train,gold,MQ_CPM_GOLD_20140323_213532
"bucket2$291,:3,:6001",2014-03-23T21:35:01.829900,MQ,GBM,3000,,3000,100.0,ZNE,train,gold,MQ_GBM_GOLD_20140323_213531
"bucket2$292,:3,:6001",2014-03-23T21:35:02.400000,MQ,IA2,3000,3073.0,3000,100.0,ZNE,train,gold,MQ_IA2_GOLD_20140323_213532
"bucket2$293,:3,:6001",2014-03-23T21:35:01.960000,MQ,LAM,3000,3080.0,3000,100.0,ZNE,train,gold,MQ_LAM_GOLD_20140323_213531
"bucket2$294,:3,:6001",2014-03-23T21:35:02.350000,MQ,SAM,3000,3084.0,3000,100.0,ZNE,train,gold,MQ_SAM_GOLD_20140323_213532
"bucket6$291,:3,:6001",2014-03-24T08:31:48.239900,MQ,CPM,3000,,3000,100.0,ZNE,test,gold,MQ_CPM_GOLD_20140324_083218
"bucket2$295,:3,:6001",2014-03-24T08:31:54.129900,MQ,GBM,3000,,3000,100.0,ZNE,train,gold,MQ_GBM_GOLD_20140324_083224
"bucket6$292,:3,:6001",2014-03-24T08:31:48.980000,MQ,IA2,3000,3111.0,3000,100.0,ZNE,test,gold,MQ_IA2_GOLD_20140324_083218
"bucket2$296,:3,:6001",2014-03-24T08:31:50.179900,MQ,MLM,3000,,3000,100.0,ZNE,train,gold,MQ_MLM_GOLD_20140324_083220
"bucket2$297,:3,:6001",2014-03-24T09:29:47.609900,MQ,BAM,3000,,3000,100.0,ZNE,train,gold,MQ_BAM_GOLD_20140324_093017
"bucket2$298,:3,:6001",2014-03-24T09:29:44.879900,MQ,CPM,3000,,3000,100.0,ZNE,train,gold,MQ_CPM_GOLD_20140324_093014
"bucket2$299,:3,:6001",2014-03-24T09:29:46.389900,MQ,GBM,3000,,3000,100.0,ZNE,train,gold,MQ_GBM_GOLD_20140324_093016
"bucket2$300,:3,:6001",2014-03-24T09:29:48.879900,MQ,MLM,3000,,3000,100.0,ZNE,train,gold,MQ_MLM_GOLD_20140324_093018
"bucket2$301,:3,:6001",2014-03-24T11:08:46.379900,MQ,BAM,3000,,3000,100.0,ZNE,train,gold,MQ_BAM_GOLD_20140324_110916
"bucket2$302,:3,:6001",2014-03-24T11:08:45.169900,MQ,CPM,3000,,3000,100.0,ZNE,train,gold,MQ_CPM_GOLD_20140324_110915
"bucket2$303,:3,:6001",2014-03-24T11:08:44.879900,MQ,GBM,3000,,3000,100.0,ZNE,train,gold,MQ_GBM_GOLD_20140324_110914
"bucket2$304,:3,:6001",2014-03-24T11:08:52.199900,MQ,MLM,3000,,3000,100.0,ZNE,train,gold,MQ_MLM_GOLD_20140324_110922
"bucket2$305,:3,:6001",2014-03-24T11:43:13.459900,MQ,BAM,3000,,3000,100.0,ZNE,train,gold,MQ_BAM_GOLD_20140324_114343
"bucket9$294,:3,:6001",2014-03-24T11:43:14.199900,MQ,CPM,3000,,3000,100.0,ZNE,dev,gold,MQ_CPM_GOLD_20140324_114344
"bucket2$306,:3,:6001",2014-03-24T11:43:16.869900,MQ,GBM,3000,,3000,100.0,ZNE,train,gold,MQ_GBM_GOLD_20140324_114346
"bucket2$307,:3,:6001",2014-03-24T11:43:15.139900,MQ,MLM,3000,,3000,100.0,ZNE,train,gold,MQ_MLM_GOLD_20140324_114345
"bucket2$308,:3,:6001",2014-03-24T12:01:42.469900,MQ,BAM,3000,,3000,100.0,ZNE,train,gold,MQ_BAM_GOLD_20140324_120212
"bucket2$309,:3,:6001",2014-03-24T12:01:51.899900,MQ,CPM,3000,,3000,100.0,ZNE,train,gold,MQ_CPM_GOLD_20140324_120221
"bucket2$310,:3,:6001",2014-03-24T12:01:51.680000,MQ,IA2,3000,3169.0,3000,100.0,ZNE,train,gold,MQ_IA2_GOLD_20140324_120221
"bucket6$293,:3,:6001",2014-03-24T12:01:47,MQ,LAM,3000,,3000,100.0,ZNE,test,gold,MQ_LAM_GOLD_20140324_120217
"bucket2$311,:3,:6001",2014-03-24T12:10:49.999900,MQ,CPM,3000,,3000,100.0,ZNE,train,gold,MQ_CPM_GOLD_20140324_121119
"bucket2$312,:3,:6001",2014-03-24T12:10:53.009900,MQ,GBM,3000,,3000,100.0,ZNE,train,gold,MQ_GBM_GOLD_20140324_121123
"bucket2$313,:3,:6001",2014-03-24T12:10:44.050000,MQ,IA2,3000,3015.0,3000,100.0,ZNE,train,gold,MQ_IA2_GOLD_20140324_121114
"bucket2$314,:3,:6001",2014-03-24T12:10:45.469900,MQ,MLM,3000,,3000,100.0,ZNE,train,gold,MQ_MLM_GOLD_20140324_121115
"bucket2$315,:3,:6001",2014-03-24T13:09:39.819900,MQ,BAM,3000,,3000,100.0,ZNE,train,gold,MQ_BAM_GOLD_20140324_131009
"bucket2$316,:3,:6001",2014-03-24T13:09:34.629900,MQ,CPM,3000,,3000,100.0,ZNE,train,gold,MQ_CPM_GOLD_20140324_131004
"bucket2$317,:3,:6001",2014-03-24T13:09:38.829900,MQ,GBM,3000,,3000,100.0,ZNE,train,gold,MQ_GBM_GOLD_20140324_131008
"bucket6$294,:3,:6001",2014-03-24T13:09:34.269900,MQ,MLM,3000,,3000,100.0,ZNE,test,gold,MQ_MLM_GOLD_20140324_131004
"bucket2$318,:3,:6001",2014-03-24T15:36:54.499900,MQ,BAM,3000,,3000,100.0,ZNE,train,gold,MQ_BAM_GOLD_20140324_153724
"bucket2$319,:3,:6001",2014-03-24T15:36:54.119900,MQ,GBM,3000,,3000,100.0,ZNE,train,gold,MQ_GBM_GOLD_20140324_153724
"bucket2$320,:3,:6001",2014-03-24T15:36:54.549900,MQ,MLM,3000,,3000,100.0,ZNE,train,gold,MQ_MLM_GOLD_20140324_153724
"bucket2$321,:3,:6001",2014-03-24T15:36:55.160000,MQ,SAM,3000,,3000,100.0,ZNE,train,gold,MQ_SAM_GOLD_20140324_153725
"bucket2$322,:3,:6001",2014-03-24T16:19:36.499900,MQ,BAM,3000,,3000,100.0,ZNE,train,gold,MQ_BAM_GOLD_20140324_162006
"bucket2$323,:3,:6001",2014-03-24T16:19:37.659900,MQ,CPM,3000,,3000,100.0,ZNE,train,gold,MQ_CPM_GOLD_20140324_162007
"bucket9$295,:3,:6001",2014-03-24T16:19:32.920000,MQ,IA2,3000,3260.0,3000,100.0,ZNE,dev,gold,MQ_IA2_GOLD_20140324_162002
"bucket2$324,:3,:6001",2014-03-24T16:19:36.739900,MQ,MLM,3000,,3000,100.0,ZNE,train,gold,MQ_MLM_GOLD_20140324_162006
"bucket6$295,:3,:6001",2014-03-24T18:20:37.559900,MQ,CPM,3000,,3000,100.0,ZNE,test,gold,MQ_CPM_GOLD_20140324_182107
"bucket2$325,:3,:6001",2014-03-24T18:20:36.189900,MQ,GBM,3000,,3000,100.0,ZNE,train,gold,MQ_GBM_GOLD_20140324_182106
"bucket2$326,:3,:6001",2014-03-24T18:20:36.390000,MQ,IA2,3000,,3000,100.0,ZNE,train,gold,MQ_IA2_GOLD_20140324_182106
"bucket2$327,:3,:6001",2014-03-24T18:20:35.749900,MQ,MLM,3000,,3000,100.0,ZNE,train,gold,MQ_MLM_GOLD_20140324_182105
"bucket9$296,:3,:6001",2014-03-24T18:27:54.279900,MQ,BAM,3000,,3000,100.0,ZNE,dev,gold,MQ_BAM_GOLD_20140324_182824
"bucket2$328,:3,:6001",2014-03-24T18:27:50.499900,MQ,CPM,3000,,3000,100.0,ZNE,train,gold,MQ_CPM_GOLD_20140324_182820
"bucket2$329,:3,:6001",2014-03-24T18:27:49.109900,MQ,GBM,3000,,3000,100.0,ZNE,train,gold,MQ_GBM_GOLD_20140324_182819
"bucket2$330,:3,:6001",2014-03-24T18:27:52.040000,MQ,IA2,3000,3160.0,3000,100.0,ZNE,train,gold,MQ_IA2_GOLD_20140324_182822
"bucket2$331,:3,:6001",2014-03-24T18:34:00.919900,MQ,BAM,3000,,3000,100.0,ZNE,train,gold,MQ_BAM_GOLD_20140324_183430
"bucket2$332,:3,:6001",2014-03-24T18:34:05.249900,MQ,CPM,3000,,3000,100.0,ZNE,train,gold,MQ_CPM_GOLD_20140324_183435
"bucket2$333,:3,:6001",2014-03-24T18:34:02.320000,MQ,IA2,3000,3126.0,3000,100.0,ZNE,train,gold,MQ_IA2_GOLD_20140324_183432
"bucket6$296,:3,:6001",2014-03-24T18:34:05.580000,MQ,SAM,3000,,3000,100.0,ZNE,test,gold,MQ_SAM_GOLD_20140324_183435
"bucket2$334,:3,:6001",2014-03-24T18:50:25.879900,MQ,BAM,3000,,3000,100.0,ZNE,train,gold,MQ_BAM_GOLD_20140324_185055
"bucket2$335,:3,:6001",2014-03-24T18:50:24.539900,MQ,GBM,3000,,3000,100.0,ZNE,train,gold,MQ_GBM_GOLD_20140324_185054
"bucket2$336,:3,:6001",2014-03-24T18:50:23.950000,MQ,IA2,3000,3268.0,3000,100.0,ZNE,train,gold,MQ_IA2_GOLD_20140324_185053
"bucket2$337,:3,:6001",2014-03-24T18:50:30.739900,MQ,MLM,3000,,3000,100.0,ZNE,train,gold,MQ_MLM_GOLD_20140324_185100
"bucket2$338,:3,:6001",2014-03-24T19:11:49.229900,MQ,BAM,3000,,3000,100.0,ZNE,train,gold,MQ_BAM_GOLD_20140324_191219
"bucket2$339,:3,:6001",2014-03-24T19:11:49.389900,MQ,CPM,3000,,3000,100.0,ZNE,train,gold,MQ_CPM_GOLD_20140324_191219
"bucket2$340,:3,:6001",2014-03-24T19:11:49.429900,MQ,GBM,3000,,3000,100.0,ZNE,train,gold,MQ_GBM_GOLD_20140324_191219
"bucket2$341,:3,:6001",2014-03-24T19:11:49.350000,MQ,IA2,3000,3057.0,3000,100.0,ZNE,train,gold,MQ_IA2_GOLD_20140324_191219
"bucket9$297,:3,:6001",2014-03-24T19:11:49.510000,MQ,LAM,3000,3054.0,3000,100.0,ZNE,dev,gold,MQ_LAM_GOLD_20140324_191219
"bucket2$342,:3,:6001",2014-03-24T19:11:49.749900,MQ,MLM,3000,,3000,100.0,ZNE,train,gold,MQ_MLM_GOLD_20140324_191219
"bucket2$343,:3,:6001",2014-03-24T19:15:41.119900,MQ,BAM,3000,,3000,100.0,ZNE,train,gold,MQ_BAM_GOLD_20140324_191611
"bucket2$344,:3,:6001",2014-03-24T19:15:40.189900,MQ,CPM,3000,,3000,100.0,ZNE,train,gold,MQ_CPM_GOLD_20140324_191610
"bucket2$345,:3,:6001",2014-03-24T19:15:36.999900,MQ,GBM,3000,,3000,100.0,ZNE,train,gold,MQ_GBM_GOLD_20140324_191606
"bucket2$346,:3,:6001",2014-03-24T19:15:38.690000,MQ,IA2,3000,3121.0,3000,100.0,ZNE,train,gold,MQ_IA2_GOLD_20140324_191608
"bucket2$347,:3,:6001",2014-03-24T21:32:13.929900,MQ,BAM,3000,,3000,100.0,ZNE,train,gold,MQ_BAM_GOLD_20140324_213243
"bucket2$348,:3,:6001",2014-03-24T21:32:09.369900,MQ,CPM,3000,,3000,100.0,ZNE,train,gold,MQ_CPM_GOLD_20140324_213239
"bucket2$349,:3,:6001",2014-03-24T21:32:13.130000,MQ,IA2,3000,,3000,100.0,ZNE,train,gold,MQ_IA2_GOLD_20140324_213243
"bucket2$350,:3,:6001",2014-03-24T21:32:17.120000,MQ,SAM,3000,,3000,100.0,ZNE,train,gold,MQ_SAM_GOLD_20140324_213247
"bucket2$351,:3,:6001",2014-03-25T00:56:33.059900,MQ,BAM,3000,,3000,100.0,ZNE,train,gold,MQ_BAM_GOLD_20140325_005703
"bucket2$352,:3,:6001",2014-03-25T00:56:33.219900,MQ,CPM,3000,,3000,100.0,ZNE,train,gold,MQ_CPM_GOLD_20140325_005703
"bucket2$353,:3,:6001",2014-03-25T00:56:33.379900,MQ,GBM,3000,,3000,100.0,ZNE,train,gold,MQ_GBM_GOLD_20140325_005703
"bucket9$298,:3,:6001",2014-03-25T00:56:33.250000,MQ,IA2,3000,,3000,100.0,ZNE,dev,gold,MQ_IA2_GOLD_20140325_005703
"bucket2$354,:3,:6001",2014-03-25T00:56:33.480000,MQ,LAM,3000,,3000,100.0,ZNE,train,gold,MQ_LAM_GOLD_20140325_005703
"bucket9$299,:3,:6001",2014-03-25T08:40:23.109900,MQ,BAM,3000,,3000,100.0,ZNE,dev,gold,MQ_BAM_GOLD_20140325_084053
"bucket6$297,:3,:6001",2014-03-25T08:40:25.149900,MQ,CPM,3000,,3000,100.0,ZNE,test,gold,MQ_CPM_GOLD_20140325_084055
"bucket2$355,:3,:6001",2014-03-25T08:40:20.439900,MQ,GBM,3000,,3000,100.0,ZNE,train,gold,MQ_GBM_GOLD_20140325_084050
"bucket2$356,:3,:6001",2014-03-25T08:40:23.869900,MQ,MLM,3000,,3000,100.0,ZNE,train,gold,MQ_MLM_GOLD_20140325_084053
"bucket2$357,:3,:6001",2014-03-25T09:52:59.239900,MQ,BAM,3000,,3000,100.0,ZNE,train,gold,MQ_BAM_GOLD_20140325_095329
"bucket2$358,:3,:6001",2014-03-25T09:53:02.739900,MQ,CPM,3000,,3000,100.0,ZNE,train,gold,MQ_CPM_GOLD_20140325_095332
"bucket2$359,:3,:6001",2014-03-25T09:53:03.780000,MQ,LAM,3000,,3000,100.0,ZNE,train,gold,MQ_LAM_GOLD_20140325_095333
"bucket2$360,:3,:6001",2014-03-25T09:53:08.029900,MQ,MLM,3000,,3000,100.0,ZNE,train,gold,MQ_MLM_GOLD_20140325_095338
"bucket2$361,:3,:6001",2014-03-25T10:08:15.349900,MQ,BAM,3000,,3000,100.0,ZNE,train,gold,MQ_BAM_GOLD_20140325_100845
"bucket2$362,:3,:6001",2014-03-25T10:08:14.039900,MQ,CPM,3000,,3000,100.0,ZNE,train,gold,MQ_CPM_GOLD_20140325_100844
"bucket9$300,:3,:6001",2014-03-25T10:08:13.959900,MQ,GBM,3000,,3000,100.0,ZNE,dev,gold,MQ_GBM_GOLD_20140325_100843
"bucket2$363,:3,:6001",2014-03-25T10:08:17.990000,MQ,IA2,3000,3168.0,3000,100.0,ZNE,train,gold,MQ_IA2_GOLD_20140325_100847
"bucket2$364,:3,:6001",2014-03-25T11:36:53.159900,MQ,BAM,3000,,3000,100.0,ZNE,train,gold,MQ_BAM_GOLD_20140325_113723
"bucket6$298,:3,:6001",2014-03-25T11:36:55.959900,MQ,CPM,3000,,3000,100.0,ZNE,test,gold,MQ_CPM_GOLD_20140325_113725
"bucket2$365,:3,:6001",2014-03-25T11:36:53.439900,MQ,GBM,3000,,3000,100.0,ZNE,train,gold,MQ_GBM_GOLD_20140325_113723
"bucket2$366,:3,:6001",2014-03-25T11:37:00.809900,MQ,MLM,3000,,3000,100.0,ZNE,train,gold,MQ_MLM_GOLD_20140325_113730
"bucket2$367,:3,:6001",2014-03-25T11:51:28.449900,MQ,BAM,3000,,3000,100.0,ZNE,train,gold,MQ_BAM_GOLD_20140325_115158
"bucket2$368,:3,:6001",2014-03-25T11:51:30.989900,MQ,GBM,3000,,3000,100.0,ZNE,train,gold,MQ_GBM_GOLD_20140325_115200
"bucket2$369,:3,:6001",2014-03-25T11:51:26.659900,MQ,MLM,3000,,3000,100.0,ZNE,train,gold,MQ_MLM_GOLD_20140325_115156
"bucket2$370,:3,:6001",2014-03-25T11:51:28.450000,MQ,SAM,3000,3015.0,3000,100.0,ZNE,train,gold,MQ_SAM_GOLD_20140325_115158
"bucket2$371,:3,:6001",2014-03-25T13:07:17.739900,MQ,BAM,3000,,3000,100.0,ZNE,train,gold,MQ_BAM_GOLD_20140325_130747
"bucket2$372,:3,:6001",2014-03-25T13:07:21.899900,MQ,CPM,3000,,3000,100.0,ZNE,train,gold,MQ_CPM_GOLD_20140325_130751
"bucket6$299,:3,:6001",2014-03-25T13:07:22.419900,MQ,GBM,3000,,3000,100.0,ZNE,test,gold,MQ_GBM_GOLD_20140325_130752
"bucket2$373,:3,:6001",2014-03-25T13:07:19.859900,MQ,MLM,3000,,3000,100.0,ZNE,train,gold,MQ_MLM_GOLD_20140325_130749
"bucket2$374,:3,:6001",2014-03-25T13:12:42.749900,MQ,BAM,3000,,3000,100.0,ZNE,train,gold,MQ_BAM_GOLD_20140325_131312
"bucket2$375,:3,:6001",2014-03-25T13:12:49.079900,MQ,CPM,3000,,3000,100.0,ZNE,train,gold,MQ_CPM_GOLD_20140325_131319
"bucket2$376,:3,:6001",2014-03-25T13:12:39.939900,MQ,GBM,3000,,3000,100.0,ZNE,train,gold,MQ_GBM_GOLD_20140325_131309
"bucket9$301,:3,:6001",2014-03-25T13:12:47.290000,MQ,LAM,3000,,3000,100.0,ZNE,dev,gold,MQ_LAM_GOLD_20140325_131317
"bucket2$377,:3,:6001",2014-03-25T14:29:06.979900,MQ,BAM,3000,,3000,100.0,ZNE,train,gold,MQ_BAM_GOLD_20140325_142936
"bucket2$378,:3,:6001",2014-03-25T14:29:10.469900,MQ,CPM,3000,,3000,100.0,ZNE,train,gold,MQ_CPM_GOLD_20140325_142940
"bucket9$302,:3,:6001",2014-03-25T14:29:02.719900,MQ,GBM,3000,,3000,100.0,ZNE,dev,gold,MQ_GBM_GOLD_20140325_142932
"bucket2$379,:3,:6001",2014-03-25T14:29:08.419900,MQ,MLM,3000,,3000,100.0,ZNE,train,gold,MQ_MLM_GOLD_20140325_142938
"bucket6$300,:3,:6001",2014-03-25T15:21:27.529900,MQ,BAM,3000,,3000,100.0,ZNE,test,gold,MQ_BAM_GOLD_20140325_152157
"bucket2$380,:3,:6001",2014-03-25T15:21:25.989900,MQ,GBM,3000,,3000,100.0,ZNE,train,gold,MQ_GBM_GOLD_20140325_152155
"bucket2$381,:3,:6001",2014-03-25T15:21:24.950000,MQ,IA2,3000,,3000,100.0,ZNE,train,gold,MQ_IA2_GOLD_20140325_152154
"bucket2$382,:3,:6001",2014-03-25T15:21:20.249900,MQ,MLM,3000,,3000,100.0,ZNE,train,gold,MQ_MLM_GOLD_20140325_152150
"bucket2$383,:3,:6001",2014-03-25T15:21:21.650000,MQ,SAM,3000,3017.0,3000,100.0,ZNE,train,gold,MQ_SAM_GOLD_20140325_152151
"bucket2$384,:3,:6001",2014-03-25T15:32:02.279900,MQ,BAM,3000,,3000,100.0,ZNE,train,gold,MQ_BAM_GOLD_20140325_153232
"bucket2$385,:3,:6001",2014-03-25T15:31:55.039900,MQ,CPM,3000,,3000,100.0,ZNE,train,gold,MQ_CPM_GOLD_20140325_153225
"bucket2$386,:3,:6001",2014-03-25T15:32:01.609900,MQ,MLM,3000,,3000,100.0,ZNE,train,gold,MQ_MLM_GOLD_20140325_153231
"bucket2$387,:3,:6001",2014-03-25T15:31:57.250000,MQ,SAM,3000,3197.0,3000,100.0,ZNE,train,gold,MQ_SAM_GOLD_20140325_153227
"bucket2$388,:3,:6001",2014-03-25T15:36:56.089900,MQ,BAM,3000,,3000,100.0,ZNE,train,gold,MQ_BAM_GOLD_20140325_153726
"bucket2$389,:3,:6001",2014-03-25T15:37:00.409900,MQ,CPM,3000,,3000,100.0,ZNE,train,gold,MQ_CPM_GOLD_20140325_153730
"bucket2$390,:3,:6001",2014-03-25T15:36:57.489900,MQ,GBM,3000,,3000,100.0,ZNE,train,gold,MQ_GBM_GOLD_20140325_153727
"bucket2$391,:3,:6001",2014-03-25T15:37:00.599900,MQ,MLM,3000,,3000,100.0,ZNE,train,gold,MQ_MLM_GOLD_20140325_153730
"bucket2$392,:3,:6001",2014-03-25T16:44:03.329900,MQ,CPM,3000,,3000,100.0,ZNE,train,gold,MQ_CPM_GOLD_20140325_164433
"bucket2$393,:3,:6001",2014-03-25T16:44:00.809900,MQ,GBM,3000,,3000,100.0,ZNE,train,gold,MQ_GBM_GOLD_20140325_164430
"bucket2$394,:3,:6001",2014-03-25T16:44:05.929900,MQ,MLM,3000,,3000,100.0,ZNE,train,gold,MQ_MLM_GOLD_20140325_164435
"bucket2$395,:3,:6001",2014-03-25T16:44:00.440000,MQ,SAM,3000,3188.0,3000,100.0,ZNE,train,gold,MQ_SAM_GOLD_20140325_164430
"bucket2$396,:3,:6001",2014-03-25T16:52:18.059900,MQ,BAM,3000,,3000,100.0,ZNE,train,gold,MQ_BAM_GOLD_20140325_165248
"bucket2$397,:3,:6001",2014-03-25T16:52:21.939900,MQ,CPM,3000,,3000,100.0,ZNE,train,gold,MQ_CPM_GOLD_20140325_165251
"bucket9$303,:3,:6001",2014-03-25T16:52:15.539900,MQ,GBM,3000,,3000,100.0,ZNE,dev,gold,MQ_GBM_GOLD_20140325_165245
"bucket2$398,:3,:6001",2014-03-25T16:52:13.250000,MQ,IA2,3000,3109.0,3000,100.0,ZNE,train,gold,MQ_IA2_GOLD_20140325_165243
"bucket2$399,:3,:6001",2014-03-25T17:33:45.269900,MQ,BAM,3000,,3000,100.0,ZNE,train,gold,MQ_BAM_GOLD_20140325_173415
"bucket2$400,:3,:6001",2014-03-25T17:33:47.589900,MQ,GBM,3000,,3000,100.0,ZNE,train,gold,MQ_GBM_GOLD_20140325_173417
"bucket2$401,:3,:6001",2014-03-25T17:33:38.019900,MQ,MLM,3000,,3000,100.0,ZNE,train,gold,MQ_MLM_GOLD_20140325_173408
"bucket2$402,:3,:6001",2014-03-25T17:33:40.540000,MQ,SAM,3000,3426.0,3000,100.0,ZNE,train,gold,MQ_SAM_GOLD_20140325_173410
"bucket2$403,:3,:6001",2014-03-26T01:13:06.699900,MQ,BAM,3000,,3000,100.0,ZNE,train,gold,MQ_BAM_GOLD_20140326_011336
"bucket2$404,:3,:6001",2014-03-26T01:13:03.320000,MQ,IA2,3000,,3000,100.0,ZNE,train,gold,MQ_IA2_GOLD_20140326_011333
"bucket6$301,:3,:6001",2014-03-26T01:13:07.439900,MQ,MLM,3000,,3000,100.0,ZNE,test,gold,MQ_MLM_GOLD_20140326_011337
"bucket2$405,:3,:6001",2014-03-26T01:13:04.010000,MQ,SAM,3000,3191.0,3000,100.0,ZNE,train,gold,MQ_SAM_GOLD_20140326_011334
"bucket2$406,:3,:6001",2014-03-26T10:21:39.289900,MQ,BAM,3000,,3000,100.0,ZNE,train,gold,MQ_BAM_GOLD_20140326_102209
"bucket9$304,:3,:6001",2014-03-26T10:21:40.839900,MQ,CPM,3000,,3000,100.0,ZNE,dev,gold,MQ_CPM_GOLD_20140326_102210
"bucket2$407,:3,:6001",2014-03-26T10:21:36.569900,MQ,GBM,3000,,3000,100.0,ZNE,train,gold,MQ_GBM_GOLD_20140326_102206
"bucket6$302,:3,:6001",2014-03-26T10:21:39.860000,MQ,SAM,3000,,3000,100.0,ZNE,test,gold,MQ_SAM_GOLD_20140326_102209
"bucket2$408,:3,:6001",2014-03-26T12:14:42.399900,MQ,BAM,3000,,3000,100.0,ZNE,train,gold,MQ_BAM_GOLD_20140326_121512
"bucket2$409,:3,:6001",2014-03-26T12:14:47.759900,MQ,CPM,3000,,3000,100.0,ZNE,train,gold,MQ_CPM_GOLD_20140326_121517
"bucket2$410,:3,:6001",2014-03-26T12:14:43.559900,MQ,MLM,3000,,3000,100.0,ZNE,train,gold,MQ_MLM_GOLD_20140326_121513
"bucket2$411,:3,:6001",2014-03-26T12:14:51.550000,MQ,SAM,3000,,3000,100.0,ZNE,train,gold,MQ_SAM_GOLD_20140326_121521
"bucket6$303,:3,:6001",2014-03-26T14:35:15.129900,MQ,BAM,3000,,3000,100.0,ZNE,test,gold,MQ_BAM_GOLD_20140326_143545
"bucket2$412,:3,:6001",2014-03-26T14:35:07.189900,MQ,CPM,3000,,3000,100.0,ZNE,train,gold,MQ_CPM_GOLD_20140326_143537
"bucket2$413,:3,:6001",2014-03-26T14:35:07.349900,MQ,MLM,3000,,3000,100.0,ZNE,train,gold,MQ_MLM_GOLD_20140326_143537
"bucket2$414,:3,:6001",2014-03-26T14:35:11.410000,MQ,SAM,3000,3282.0,3000,100.0,ZNE,train,gold,MQ_SAM_GOLD_20140326_143541
"bucket2$415,:3,:6001",2014-03-26T15:06:56.649900,MQ,BAM,3000,,3000,100.0,ZNE,train,gold,MQ_BAM_GOLD_20140326_150726
"bucket2$416,:3,:6001",2014-03-26T15:06:54.679900,MQ,CPM,3000,,3000,100.0,ZNE,train,gold,MQ_CPM_GOLD_20140326_150724
"bucket2$417,:3,:6001",2014-03-26T15:06:58.810000,MQ,IA2,3000,3144.0,3000,100.0,ZNE,train,gold,MQ_IA2_GOLD_20140326_150728
"bucket2$418,:3,:6001",2014-03-26T15:06:58.209900,MQ,MLM,3000,,3000,100.0,ZNE,train,gold,MQ_MLM_GOLD_20140326_150728
"bucket2$419,:3,:6001",2014-03-26T15:29:50.229900,MQ,BAM,3000,,3000,100.0,ZNE,train,gold,MQ_BAM_GOLD_20140326_153020
"bucket2$420,:3,:6001",2014-03-26T15:29:53.899900,MQ,GBM,3000,,3000,100.0,ZNE,train,gold,MQ_GBM_GOLD_20140326_153023
"bucket2$421,:3,:6001",2014-03-26T15:29:54.960000,MQ,IA2,3000,3110.0,3000,100.0,ZNE,train,gold,MQ_IA2_GOLD_20140326_153024
"bucket2$422,:3,:6001",2014-03-26T15:29:45.610000,MQ,SAM,3000,3187.0,3000,100.0,ZNE,train,gold,MQ_SAM_GOLD_20140326_153015
"bucket6$304,:3,:6001",2014-03-26T16:13:54.559900,MQ,BAM,3000,,3000,100.0,ZNE,test,gold,MQ_BAM_GOLD_20140326_161424
"bucket2$423,:3,:6001",2014-03-26T16:14:01.919900,MQ,CPM,3000,,3000,100.0,ZNE,train,gold,MQ_CPM_GOLD_20140326_161431
"bucket2$424,:3,:6001",2014-03-26T16:13:56.159900,MQ,GBM,3000,,3000,100.0,ZNE,train,gold,MQ_GBM_GOLD_20140326_161426
"bucket9$305,:3,:6001",2014-03-26T16:13:59.309900,MQ,MLM,3000,,3000,100.0,ZNE,dev,gold,MQ_MLM_GOLD_20140326_161429
"bucket2$425,:3,:6001",2014-03-26T16:16:26.859900,MQ,CPM,3000,,3000,100.0,ZNE,train,gold,MQ_CPM_GOLD_20140326_161656
"bucket2$426,:3,:6001",2014-03-26T16:16:25.440000,MQ,IA2,3000,,3000,100.0,ZNE,train,gold,MQ_IA2_GOLD_20140326_161655
"bucket2$427,:3,:6001",2014-03-26T16:16:20.129900,MQ,MLM,3000,,3000,100.0,ZNE,train,gold,MQ_MLM_GOLD_20140326_161650
"bucket2$428,:3,:6001",2014-03-26T16:16:22.010000,MQ,SAM,3000,,3000,100.0,ZNE,train,gold,MQ_SAM_GOLD_20140326_161652
"bucket2$429,:3,:6001",2014-03-26T16:51:53.709900,MQ,BAM,3000,,3000,100.0,ZNE,train,gold,MQ_BAM_GOLD_20140326_165223
"bucket6$305,:3,:6001",2014-03-26T16:51:54.249900,MQ,CPM,3000,,3000,100.0,ZNE,test,gold,MQ_CPM_GOLD_20140326_165224
"bucket9$306,:3,:6001",2014-03-26T16:51:56.279900,MQ,GBM,3000,,3000,100.0,ZNE,dev,gold,MQ_GBM_GOLD_20140326_165226
"bucket9$307,:3,:6001",2014-03-26T16:51:59.250000,MQ,LAM,3000,3090.0,3000,100.0,ZNE,dev,gold,MQ_LAM_GOLD_20140326_165229
"bucket2$430,:3,:6001",2014-03-26T17:03:29.299900,MQ,BAM,3000,,3000,100.0,ZNE,train,gold,MQ_BAM_GOLD_20140326_170359
"bucket2$431,:3,:6001",2014-03-26T17:03:32.959900,MQ,GBM,3000,,3000,100.0,ZNE,train,gold,MQ_GBM_GOLD_20140326_170402
"bucket2$432,:3,:6001",2014-03-26T17:03:25.609900,MQ,MLM,3000,,3000,100.0,ZNE,train,gold,MQ_MLM_GOLD_20140326_170355
"bucket2$433,:3,:6001",2014-03-26T17:03:28.940000,MQ,SAM,3000,3181.0,3000,100.0,ZNE,train,gold,MQ_SAM_GOLD_20140326_170358
"bucket2$434,:3,:6001",2014-03-26T18:20:03.929900,MQ,BAM,3000,,3000,100.0,ZNE,train,gold,MQ_BAM_GOLD_20140326_182033
"bucket6$306,:3,:6001",2014-03-26T18:20:04.679900,MQ,CPM,3000,,3000,100.0,ZNE,test,gold,MQ_CPM_GOLD_20140326_182034
"bucket2$435,:3,:6001",2014-03-26T18:20:04.400000,MQ,IA2,3000,3029.0,3000,100.0,ZNE,train,gold,MQ_IA2_GOLD_20140326_182034
"bucket6$307,:3,:6001",2014-03-26T18:20:04.430000,MQ,LAM,3000,,3000,100.0,ZNE,test,gold,MQ_LAM_GOLD_20140326_182034
"bucket2$436,:3,:6001",2014-03-26T19:09:30.959900,MQ,BAM,3000,,3000,100.0,ZNE,train,gold,MQ_BAM_GOLD_20140326_191000
"bucket2$437,:3,:6001",2014-03-26T19:09:25.599900,MQ,CPM,3000,,3000,100.0,ZNE,train,gold,MQ_CPM_GOLD_20140326_190955
"bucket6$308,:3,:6001",2014-03-26T19:09:27.679900,MQ,GBM,3000,,3000,100.0,ZNE,test,gold,MQ_GBM_GOLD_20140326_190957
"bucket2$438,:3,:6001",2014-03-26T19:09:31.330000,MQ,IA2,3000,3123.0,3000,100.0,ZNE,train,gold,MQ_IA2_GOLD_20140326_191001
"bucket2$439,:3,:6001",2014-03-26T19:22:06.449900,MQ,BAM,3000,,3000,100.0,ZNE,train,gold,MQ_BAM_GOLD_20140326_192236
"bucket2$440,:3,:6001",2014-03-26T19:22:06.919900,MQ,CPM,3000,,3000,100.0,ZNE,train,gold,MQ_CPM_GOLD_20140326_192236
"bucket6$309,:3,:6001",2014-03-26T19:22:09.689900,MQ,GBM,3000,,3000,100.0,ZNE,test,gold,MQ_GBM_GOLD_20140326_192239
"bucket2$441,:3,:6001",2014-03-26T19:22:09.900000,MQ,IA2,3000,3129.0,3000,100.0,ZNE,train,gold,MQ_IA2_GOLD_20140326_192239
"bucket2$442,:3,:6001",2014-03-26T19:22:10.210000,MQ,LAM,3000,,3000,100.0,ZNE,train,gold,MQ_LAM_GOLD_20140326_192240
"bucket6$310,:3,:6001",2014-03-26T19:49:27.769900,MQ,BAM,3000,,3000,100.0,ZNE,test,gold,MQ_BAM_GOLD_20140326_194957
"bucket2$443,:3,:6001",2014-03-26T19:49:26.689900,MQ,CPM,3000,,3000,100.0,ZNE,train,gold,MQ_CPM_GOLD_20140326_194956
"bucket2$444,:3,:6001",2014-03-26T19:49:28.289900,MQ,MLM,3000,,3000,100.0,ZNE,train,gold,MQ_MLM_GOLD_20140326_194958
"bucket2$445,:3,:6001",2014-03-26T19:49:26.740000,MQ,SAM,3000,3290.0,3000,100.0,ZNE,train,gold,MQ_SAM_GOLD_20140326_194956
"bucket2$446,:3,:6001",2014-03-26T19:53:03.199900,MQ,BAM,3000,,3000,100.0,ZNE,train,gold,MQ_BAM_GOLD_20140326_195333
"bucket9$308,:3,:6001",2014-03-26T19:53:06.489900,MQ,GBM,3000,,3000,100.0,ZNE,dev,gold,MQ_GBM_GOLD_20140326_195336
"bucket2$447,:3,:6001",2014-03-26T19:52:58.720000,MQ,IA2,3000,3113.0,3000,100.0,ZNE,train,gold,MQ_IA2_GOLD_20140326_195328
"bucket2$448,:3,:6001",2014-03-26T19:53:00.660000,MQ,SAM,3000,3159.0,3000,100.0,ZNE,train,gold,MQ_SAM_GOLD_20140326_195330
"bucket2$449,:3,:6001",2014-03-26T20:04:35.719900,MQ,BAM,3000,,3000,100.0,ZNE,train,gold,MQ_BAM_GOLD_20140326_200505
"bucket2$450,:3,:6001",2014-03-26T20:04:36.260000,MQ,LAM,3000,3162.0,3000,100.0,ZNE,train,gold,MQ_LAM_GOLD_20140326_200506
"bucket2$451,:3,:6001",2014-03-26T20:04:37.319900,MQ,MLM,3000,,3000,100.0,ZNE,train,gold,MQ_MLM_GOLD_20140326_200507
"bucket2$452,:3,:6001",2014-03-26T20:04:39.370000,MQ,SAM,3000,3250.0,3000,100.0,ZNE,train,gold,MQ_SAM_GOLD_20140326_200509
"bucket2$453,:3,:6001",2014-03-26T20:07:20.949900,MQ,BAM,3000,,3000,100.0,ZNE,train,gold,MQ_BAM_GOLD_20140326_200750
"bucket2$454,:3,:6001",2014-03-26T20:07:21.249900,MQ,CPM,3000,,3000,100.0,ZNE,train,gold,MQ_CPM_GOLD_20140326_200751
"bucket2$455,:3,:6001",2014-03-26T20:07:16.879900,MQ,GBM,3000,,3000,100.0,ZNE,train,gold,MQ_GBM_GOLD_20140326_200746
"bucket2$456,:3,:6001",2014-03-26T20:07:15.130000,MQ,IA2,3000,3194.0,3000,100.0,ZNE,train,gold,MQ_IA2_GOLD_20140326_200745
"bucket2$457,:3,:6001",2014-03-26T20:07:24.040000,MQ,SAM,3000,,3000,100.0,ZNE,train,gold,MQ_SAM_GOLD_20140326_200754
"bucket2$458,:3,:6001",2014-03-26T20:14:26.749900,MQ,CPM,3000,,3000,100.0,ZNE,train,gold,MQ_CPM_GOLD_20140326_201456
"bucket2$459,:3,:6001",2014-03-26T20:14:24.279900,MQ,GBM,3000,,3000,100.0,ZNE,train,gold,MQ_GBM_GOLD_20140326_201454
"bucket2$460,:3,:6001",2014-03-26T20:14:24.779900,MQ,MLM,3000,,3000,100.0,ZNE,train,gold,MQ_MLM_GOLD_20140326_201454
"bucket2$461,:3,:6001",2014-03-26T20:14:29.180000,MQ,SAM,3000,,3000,100.0,ZNE,train,gold,MQ_SAM_GOLD_20140326_201459
"bucket9$309,:3,:6001",2014-03-26T20:16:49.969900,MQ,CPM,3000,,3000,100.0,ZNE,dev,gold,MQ_CPM_GOLD_20140326_201719
"bucket2$462,:3,:6001",2014-03-26T20:16:41.499900,MQ,GBM,3000,,3000,100.0,ZNE,train,gold,MQ_GBM_GOLD_20140326_201711
"bucket6$311,:3,:6001",2014-03-26T20:16:48.650000,MQ,IA2,3000,3392.0,3000,100.0,ZNE,test,gold,MQ_IA2_GOLD_20140326_201718
"bucket2$463,:3,:6001",2014-03-26T20:16:50.869900,MQ,MLM,3000,,3000,100.0,ZNE,train,gold,MQ_MLM_GOLD_20140326_201720
"bucket2$464,:3,:6001",2014-03-26T20:16:45.820000,MQ,SAM,3000,3222.0,3000,100.0,ZNE,train,gold,MQ_SAM_GOLD_20140326_201715
"bucket2$465,:3,:6001",2014-03-26T20:18:18.349900,MQ,GBM,3000,,3000,100.0,ZNE,train,gold,MQ_GBM_GOLD_20140326_201848
"bucket2$466,:3,:6001",2014-03-26T20:18:21.250000,MQ,IA2,3000,,3000,100.0,ZNE,train,gold,MQ_IA2_GOLD_20140326_201851
"bucket2$467,:3,:6001",2014-03-26T20:18:20.289900,MQ,MLM,3000,,3000,100.0,ZNE,train,gold,MQ_MLM_GOLD_20140326_201850
"bucket2$468,:3,:6001",2014-03-26T20:18:22.290000,MQ,SAM,3000,3253.0,3000,100.0,ZNE,train,gold,MQ_SAM_GOLD_20140326_201852
"bucket9$310,:3,:6001",2014-03-26T20:19:52.539900,MQ,BAM,3000,,3000,100.0,ZNE,dev,gold,MQ_BAM_GOLD_20140326_202022
"bucket2$469,:3,:6001",2014-03-26T20:19:47.559900,MQ,CPM,3000,,3000,100.0,ZNE,train,gold,MQ_CPM_GOLD_20140326_202017
"bucket6$312,:3,:6001",2014-03-26T20:19:50.649900,MQ,GBM,3000,,3000,100.0,ZNE,test,gold,MQ_GBM_GOLD_20140326_202020
"bucket9$311,:3,:6001",2014-03-26T20:19:48.770000,MQ,LAM,3000,3002.0,3000,100.0,ZNE,dev,gold,MQ_LAM_GOLD_20140326_202018
"bucket2$470,:3,:6001",2014-03-26T20:25:57.509900,MQ,CPM,3000,,3000,100.0,ZNE,train,gold,MQ_CPM_GOLD_20140326_202627
"bucket2$471,:3,:6001",2014-03-26T20:25:50.490000,MQ,IA2,3000,3095.0,3000,100.0,ZNE,train,gold,MQ_IA2_GOLD_20140326_202620
"bucket6$313,:3,:6001",2014-03-26T20:25:54.470000,MQ,LAM,3000,,3000,100.0,ZNE,test,gold,MQ_LAM_GOLD_20140326_202624
"bucket2$472,:3,:6001",2014-03-26T20:25:54.720000,MQ,SAM,3000,,3000,100.0,ZNE,train,gold,MQ_SAM_GOLD_20140326_202624
"bucket2$473,:3,:6001",2014-03-27T09:09:12.909900,MQ,BAM,3000,,3000,100.0,ZNE,train,gold,MQ_BAM_GOLD_20140327_090942
"bucket2$474,:3,:6001",2014-03-27T09:09:09.719900,MQ,CPM,3000,,3000,100.0,ZNE,train,gold,MQ_CPM_GOLD_20140327_090939
"bucket6$314,:3,:6001",2014-03-27T09:09:10.179900,MQ,GBM,3000,,3000,100.0,ZNE,test,gold,MQ_GBM_GOLD_20140327_090940
"bucket2$475,:3,:6001",2014-03-27T09:09:07.960000,MQ,IA2,3000,,3000,100.0,ZNE,train,gold,MQ_IA2_GOLD_20140327_090937
"bucket2$476,:3,:6001",2014-03-27T12:38:53.579900,MQ,BAM,3000,,3000,100.0,ZNE,train,gold,MQ_BAM_GOLD_20140327_123923
"bucket9$312,:3,:6001",2014-03-27T12:38:54.169900,MQ,CPM,3000,,3000,100.0,ZNE,dev,gold,MQ_CPM_GOLD_20140327_123924
"bucket2$477,:3,:6001",2014-03-27T12:38:52.869900,MQ,GBM,3000,,3000,100.0,ZNE,train,gold,MQ_GBM_GOLD_20140327_123922
"bucket6$315,:3,:6001",2014-03-27T12:38:49.619900,MQ,MLM,3000,,3000,100.0,ZNE,test,gold,MQ_MLM_GOLD_20140327_123919
"bucket2$478,:3,:6001",2014-03-27T12:38:52.680000,MQ,SAM,3000,,3000,100.0,ZNE,train,gold,MQ_SAM_GOLD_20140327_123922
"bucket2$479,:3,:6001",2014-03-27T14:20:51.779900,MQ,BAM,3000,,3000,100.0,ZNE,train,gold,MQ_BAM_GOLD_20140327_142121
"bucket2$480,:3,:6001",2014-03-27T14:20:59.679900,MQ,CPM,3000,,3000,100.0,ZNE,train,gold,MQ_CPM_GOLD_20140327_142129
"bucket2$481,:3,:6001",2014-03-27T14:20:59.310000,MQ,IA2,3000,,3000,100.0,ZNE,train,gold,MQ_IA2_GOLD_20140327_142129
"bucket2$482,:3,:6001",2014-03-27T14:20:54.760000,MQ,LAM,3000,,3000,100.0,ZNE,train,gold,MQ_LAM_GOLD_20140327_142124
"bucket2$483,:3,:6001",2014-03-27T14:32:03.159900,MQ,BAM,3000,,3000,100.0,ZNE,train,gold,MQ_BAM_GOLD_20140327_143233
"bucket2$484,:3,:6001",2014-03-27T14:32:06.329900,MQ,CPM,3000,,3000,100.0,ZNE,train,gold,MQ_CPM_GOLD_20140327_143236
"bucket9$313,:3,:6001",2014-03-27T14:32:12.269900,MQ,GBM,3000,,3000,100.0,ZNE,dev,gold,MQ_GBM_GOLD_20140327_143242
"bucket9$314,:3,:6001",2014-03-27T14:32:06.160000,MQ,IA2,3000,3210.0,3000,100.0,ZNE,dev,gold,MQ_IA2_GOLD_20140327_143236
"bucket2$485,:3,:6001",2014-03-27T14:32:12.089900,MQ,MLM,3000,,3000,100.0,ZNE,train,gold,MQ_MLM_GOLD_20140327_143242
"bucket2$486,:3,:6001",2014-03-27T14:32:08.010000,MQ,SAM,3000,,3000,100.0,ZNE,train,gold,MQ_SAM_GOLD_20140327_143238
"bucket2$487,:3,:6001",2014-03-27T15:01:16.229900,MQ,BAM,3000,,3000,100.0,ZNE,train,gold,MQ_BAM_GOLD_20140327_150146
"bucket2$488,:3,:6001",2014-03-27T15:01:13.409900,MQ,GBM,3000,,3000,100.0,ZNE,train,gold,MQ_GBM_GOLD_20140327_150143
"bucket2$489,:3,:6001",2014-03-27T15:01:14.759900,MQ,MLM,3000,,3000,100.0,ZNE,train,gold,MQ_MLM_GOLD_20140327_150144
"bucket9$315,:3,:6001",2014-03-27T15:01:13.930000,MQ,SAM,3000,,3000,100.0,ZNE,dev,gold,MQ_SAM_GOLD_20140327_150143
"bucket2$490,:3,:6001",2014-03-27T15:13:14.089900,MQ,BAM,3000,,3000,100.0,ZNE,train,gold,MQ_BAM_GOLD_20140327_151344
"bucket2$491,:3,:6001",2014-03-27T15:13:11.929900,MQ,CPM,3000,,3000,100.0,ZNE,train,gold,MQ_CPM_GOLD_20140327_151341
"bucket2$492,:3,:6001",2014-03-27T15:13:17.340000,MQ,IA2,3000,3107.0,3000,100.0,ZNE,train,gold,MQ_IA2_GOLD_20140327_151347
"bucket2$493,:3,:6001",2014-03-27T15:13:11.969900,MQ,MLM,3000,,3000,100.0,ZNE,train,gold,MQ_MLM_GOLD_20140327_151341
"bucket2$494,:3,:6001",2014-03-27T15:22:59.439900,MQ,GBM,3000,,3000,100.0,ZNE,train,gold,MQ_GBM_GOLD_20140327_152329
"bucket2$495,:3,:6001",2014-03-27T15:23:00.600000,MQ,IA2,3000,3050.0,3000,100.0,ZNE,train,gold,MQ_IA2_GOLD_20140327_152330
"bucket6$316,:3,:6001",2014-03-27T15:22:54.439900,MQ,MLM,3000,,3000,100.0,ZNE,test,gold,MQ_MLM_GOLD_20140327_152324
"bucket6$317,:3,:6001",2014-03-27T15:22:54.160000,MQ,SAM,3000,3202.0,3000,100.0,ZNE,test,gold,MQ_SAM_GOLD_20140327_152324
"bucket2$496,:3,:6001",2014-03-27T15:29:01.449900,MQ,BAM,3000,,3000,100.0,ZNE,train,gold,MQ_BAM_GOLD_20140327_152931
"bucket2$497,:3,:6001",2014-03-27T15:28:55.039900,MQ,GBM,3000,,3000,100.0,ZNE,train,gold,MQ_GBM_GOLD_20140327_152925
"bucket2$498,:3,:6001",2014-03-27T15:28:55.160000,MQ,IA2,3000,3103.0,3000,100.0,ZNE,train,gold,MQ_IA2_GOLD_20140327_152925
"bucket2$499,:3,:6001",2014-03-27T15:28:58.799900,MQ,MLM,3000,,3000,100.0,ZNE,train,gold,MQ_MLM_GOLD_20140327_152928
"bucket2$500,:3,:6001",2014-03-27T15:48:18.619900,MQ,BAM,3000,,3000,100.0,ZNE,train,gold,MQ_BAM_GOLD_20140327_154848
"bucket2$501,:3,:6001",2014-03-27T15:48:21.869900,MQ,CPM,3000,,3000,100.0,ZNE,train,gold,MQ_CPM_GOLD_20140327_154851
"bucket6$318,:3,:6001",2014-03-27T15:48:23.499900,MQ,GBM,3000,,3000,100.0,ZNE,test,gold,MQ_GBM_GOLD_20140327_154853
"bucket2$502,:3,:6001",2014-03-27T15:48:16.140000,MQ,IA2,3000,,3000,100.0,ZNE,train,gold,MQ_IA2_GOLD_20140327_154846
"bucket2$503,:3,:6001",2014-03-27T18:13:07.079900,MQ,CPM,3000,,3000,100.0,ZNE,train,gold,MQ_CPM_GOLD_20140327_181337
"bucket2$504,:3,:6001",2014-03-27T18:13:05.579900,MQ,GBM,3000,,3000,100.0,ZNE,train,gold,MQ_GBM_GOLD_20140327_181335
"bucket6$319,:3,:6001",2014-03-27T18:13:06.569900,MQ,MLM,3000,,3000,100.0,ZNE,test,gold,MQ_MLM_GOLD_20140327_181336
"bucket2$505,:3,:6001",2014-03-27T18:13:01.620000,MQ,SAM,3000,3162.0,3000,100.0,ZNE,train,gold,MQ_SAM_GOLD_20140327_181331
"bucket2$506,:3,:6001",2014-03-27T18:14:44.159900,MQ,BAM,3000,,3000,100.0,ZNE,train,gold,MQ_BAM_GOLD_20140327_181514
"bucket2$507,:3,:6001",2014-03-27T18:14:46.989900,MQ,CPM,3000,,3000,100.0,ZNE,train,gold,MQ_CPM_GOLD_20140327_181516
"bucket2$508,:3,:6001",2014-03-27T18:14:42.149900,MQ,GBM,3000,,3000,100.0,ZNE,train,gold,MQ_GBM_GOLD_20140327_181512
"bucket2$509,:3,:6001",2014-03-27T18:14:42.419900,MQ,MLM,3000,,3000,100.0,ZNE,train,gold,MQ_MLM_GOLD_20140327_181512
"bucket2$510,:3,:6001",2014-03-27T18:32:15.289900,MQ,BAM,3000,,3000,100.0,ZNE,train,gold,MQ_BAM_GOLD_20140327_183245
"bucket2$511,:3,:6001",2014-03-27T18:32:17.289900,MQ,CPM,3000,,3000,100.0,ZNE,train,gold,MQ_CPM_GOLD_20140327_183247
"bucket2$512,:3,:6001",2014-03-27T18:32:14.119900,MQ,GBM,3000,,3000,100.0,ZNE,train,gold,MQ_GBM_GOLD_20140327_183244
"bucket2$513,:3,:6001",2014-03-27T18:32:12.900000,MQ,IA2,3000,3317.0,3000,100.0,ZNE,train,gold,MQ_IA2_GOLD_20140327_183242
"bucket2$514,:3,:6001",2014-03-28T04:15:05.379900,MQ,BAM,3000,,3000,100.0,ZNE,train,gold,MQ_BAM_GOLD_20140328_041535
"bucket2$515,:3,:6001",2014-03-28T04:15:06.179900,MQ,CPM,3000,,3000,100.0,ZNE,train,gold,MQ_CPM_GOLD_20140328_041536
"bucket2$516,:3,:6001",2014-03-28T04:15:05.029900,MQ,GBM,3000,,3000,100.0,ZNE,train,gold,MQ_GBM_GOLD_20140328_041535
"bucket2$517,:3,:6001",2014-03-28T04:15:06.070000,MQ,SAM,3000,,3000,100.0,ZNE,train,gold,MQ_SAM_GOLD_20140328_041536
"bucket2$518,:3,:6001",2014-03-28T07:19:34.329900,MQ,BAM,3000,,3000,100.0,ZNE,train,gold,MQ_BAM_GOLD_20140328_072004
"bucket2$519,:3,:6001",2014-03-28T07:19:40.079900,MQ,CPM,3000,,3000,100.0,ZNE,train,gold,MQ_CPM_GOLD_20140328_072010
"bucket2$520,:3,:6001",2014-03-28T07:19:38.609900,MQ,GBM,3000,,3000,100.0,ZNE,train,gold,MQ_GBM_GOLD_20140328_072008
"bucket2$521,:3,:6001",2014-03-28T07:19:39.480000,MQ,IA2,3000,3026.0,3000,100.0,ZNE,train,gold,MQ_IA2_GOLD_20140328_072009
"bucket6$320,:3,:6001",2014-03-28T08:06:35.409900,MQ,BAM,3000,,3000,100.0,ZNE,test,gold,MQ_BAM_GOLD_20140328_080705
"bucket2$522,:3,:6001",2014-03-28T08:06:37.439900,MQ,CPM,3000,,3000,100.0,ZNE,train,gold,MQ_CPM_GOLD_20140328_080707
"bucket2$523,:3,:6001",2014-03-28T08:06:35.599900,MQ,GBM,3000,,3000,100.0,ZNE,train,gold,MQ_GBM_GOLD_20140328_080705
"bucket2$524,:3,:6001",2014-03-28T08:06:36.170000,MQ,IA2,3000,3196.0,3000,100.0,ZNE,train,gold,MQ_IA2_GOLD_20140328_080706
"bucket2$525,:3,:6001",2014-03-28T08:06:40.119900,MQ,MLM,3000,,3000,100.0,ZNE,train,gold,MQ_MLM_GOLD_20140328_080710
"bucket2$526,:3,:6001",2014-03-28T08:30:08.199900,MQ,CPM,3000,,3000,100.0,ZNE,train,gold,MQ_CPM_GOLD_20140328_083038
"bucket2$527,:3,:6001",2014-03-28T08:30:03.850000,MQ,IA2,3000,3089.0,3000,100.0,ZNE,train,gold,MQ_IA2_GOLD_20140328_083033
"bucket6$321,:3,:6001",2014-03-28T08:48:20.619900,MQ,MLM,3000,,3000,100.0,ZNE,test,gold,MQ_MLM_GOLD_20140328_084850
"bucket2$528,:3,:6001",2014-03-28T08:48:18.880000,MQ,SAM,3000,,3000,100.0,ZNE,train,gold,MQ_SAM_GOLD_20140328_084848
"bucket2$529,:3,:6001",2014-03-28T09:14:48.909900,MQ,CPM,3000,,3000,100.0,ZNE,train,gold,MQ_CPM_GOLD_20140328_091518
"bucket2$530,:3,:6001",2014-03-28T09:14:49.140000,MQ,SAM,3000,,3000,100.0,ZNE,train,gold,MQ_SAM_GOLD_20140328_091519
"bucket2$531,:3,:6001",2014-03-28T09:25:36.170000,MQ,SAM,3000,3180.0,3000,100.0,ZNE,train,gold,MQ_SAM_GOLD_20140328_092606
"bucket6$322,:3,:6001",2014-03-28T10:58:33.919900,MQ,BAM,3000,,3000,100.0,ZNE,test,gold,MQ_BAM_GOLD_20140328_105903
"bucket6$323,:3,:6001",2014-03-28T10:58:35.039900,MQ,GBM,3000,,3000,100.0,ZNE,test,gold,MQ_GBM_GOLD_20140328_105905
"bucket2$532,:3,:6001",2014-03-28T10:58:32.269900,MQ,MLM,3000,,3000,100.0,ZNE,train,gold,MQ_MLM_GOLD_20140328_105902
"bucket6$324,:3,:6001",2014-03-28T10:58:34.800000,MQ,SAM,3000,,3000,100.0,ZNE,test,gold,MQ_SAM_GOLD_20140328_105904
"bucket9$316,:3,:6001",2014-03-28T12:27:41.769900,MQ,BAM,3000,,3000,100.0,ZNE,dev,gold,MQ_BAM_GOLD_20140328_122811
"bucket2$533,:3,:6001",2014-03-28T12:27:40.559900,MQ,GBM,3000,,3000,100.0,ZNE,train,gold,MQ_GBM_GOLD_20140328_122810
"bucket2$534,:3,:6001",2014-03-28T12:27:42.990000,MQ,IA2,3000,,3000,100.0,ZNE,train,gold,MQ_IA2_GOLD_20140328_122812
"bucket2$535,:3,:6001",2014-03-28T12:27:43.109900,MQ,MLM,3000,,3000,100.0,ZNE,train,gold,MQ_MLM_GOLD_20140328_122813
"bucket2$536,:3,:6001",2014-03-28T13:06:09.119900,MQ,BAM,3000,,3000,100.0,ZNE,train,gold,MQ_BAM_GOLD_20140328_130639
"bucket2$537,:3,:6001",2014-03-28T13:06:09.819900,MQ,GBM,3000,,3000,100.0,ZNE,train,gold,MQ_GBM_GOLD_20140328_130639
"bucket2$538,:3,:6001",2014-03-28T13:06:10.339900,MQ,MLM,3000,,3000,100.0,ZNE,train,gold,MQ_MLM_GOLD_20140328_130640
"bucket2$539,:3,:6001",2014-03-28T13:06:04.210000,MQ,SAM,3000,,3000,100.0,ZNE,train,gold,MQ_SAM_GOLD_20140328_130634
"bucket2$540,:3,:6001",2014-03-28T13:35:30.699900,MQ,CPM,3000,,3000,100.0,ZNE,train,gold,MQ_CPM_GOLD_20140328_133600
"bucket9$317,:3,:6001",2014-03-28T13:35:30.060000,MQ,IA2,3000,,3000,100.0,ZNE,dev,gold,MQ_IA2_GOLD_20140328_133600
"bucket2$541,:3,:6001",2014-03-28T13:35:35.469900,MQ,MLM,3000,,3000,100.0,ZNE,train,gold,MQ_MLM_GOLD_20140328_133605
"bucket2$542,:3,:6001",2014-03-28T15:05:24.099900,MQ,BAM,3000,,3000,100.0,ZNE,train,gold,MQ_BAM_GOLD_20140328_150554
"bucket2$543,:3,:6001",2014-03-28T15:05:28.979900,MQ,CPM,3000,,3000,100.0,ZNE,train,gold,MQ_CPM_GOLD_20140328_150558
"bucket2$544,:3,:6001",2014-03-28T15:05:24.420000,MQ,IA2,3000,3317.0,3000,100.0,ZNE,train,gold,MQ_IA2_GOLD_20140328_150554
"bucket2$545,:3,:6001",2014-03-28T15:05:33.950000,MQ,LAM,3000,3028.0,3000,100.0,ZNE,train,gold,MQ_LAM_GOLD_20140328_150603
"bucket9$318,:3,:6001",2014-03-28T15:05:29.979900,MQ,MLM,3000,,3000,100.0,ZNE,dev,gold,MQ_MLM_GOLD_20140328_150559
"bucket2$546,:3,:6001",2014-03-28T17:00:52.419900,MQ,BAM,3000,,3000,100.0,ZNE,train,gold,MQ_BAM_GOLD_20140328_170122
"bucket2$547,:3,:6001",2014-03-28T17:00:52.289900,MQ,CPM,3000,,3000,100.0,ZNE,train,gold,MQ_CPM_GOLD_20140328_170122
"bucket2$548,:3,:6001",2014-03-28T17:00:53.669900,MQ,GBM,3000,,3000,100.0,ZNE,train,gold,MQ_GBM_GOLD_20140328_170123
"bucket2$549,:3,:6001",2014-03-28T17:00:52.440000,MQ,IA2,3000,,3000,100.0,ZNE,train,gold,MQ_IA2_GOLD_20140328_170122
"bucket2$550,:3,:6001",2014-03-28T19:21:21.549900,MQ,BAM,3000,,3000,100.0,ZNE,train,gold,MQ_BAM_GOLD_20140328_192151
"bucket2$551,:3,:6001",2014-03-28T19:21:26.499900,MQ,CPM,3000,,3000,100.0,ZNE,train,gold,MQ_CPM_GOLD_20140328_192156
"bucket2$552,:3,:6001",2014-03-28T19:21:17.629900,MQ,GBM,3000,,3000,100.0,ZNE,train,gold,MQ_GBM_GOLD_20140328_192147
"bucket6$325,:3,:6001",2014-03-28T19:21:22.410000,MQ,SAM,3000,3225.0,3000,100.0,ZNE,test,gold,MQ_SAM_GOLD_20140328_192152
"bucket2$553,:3,:6001",2014-03-29T01:35:16.399900,MQ,BAM,3000,,3000,100.0,ZNE,train,gold,MQ_BAM_GOLD_20140329_013546
"bucket2$554,:3,:6001",2014-03-29T01:35:17.199900,MQ,CPM,3000,,3000,100.0,ZNE,train,gold,MQ_CPM_GOLD_20140329_013547
"bucket2$555,:3,:6001",2014-03-29T01:35:17.040000,MQ,IA2,3000,3069.0,3000,100.0,ZNE,train,gold,MQ_IA2_GOLD_20140329_013547
"bucket2$556,:3,:6001",2014-03-29T01:35:16.590000,MQ,LAM,3000,,3000,100.0,ZNE,train,gold,MQ_LAM_GOLD_20140329_013546
"bucket9$319,:3,:6001",2014-03-29T01:35:19.229900,MQ,MLM,3000,,3000,100.0,ZNE,dev,gold,MQ_MLM_GOLD_20140329_013549
"bucket2$557,:3,:6001",2014-03-29T01:35:17.110000,MQ,SAM,3000,3073.0,3000,100.0,ZNE,train,gold,MQ_SAM_GOLD_20140329_013547
"bucket2$558,:3,:6001",2014-03-29T13:50:52.829900,MQ,CPM,3000,,3000,100.0,ZNE,train,gold,MQ_CPM_GOLD_20140329_135122
"bucket6$326,:3,:6001",2014-03-29T13:50:53.299900,MQ,GBM,3000,,3000,100.0,ZNE,test,gold,MQ_GBM_GOLD_20140329_135123
"bucket2$559,:3,:6001",2014-03-29T13:50:53.240000,MQ,IA2,3000,,3000,100.0,ZNE,train,gold,MQ_IA2_GOLD_20140329_135123
"bucket2$560,:3,:6001",2014-03-29T13:50:52.880000,MQ,LAM,3000,3038.0,3000,100.0,ZNE,train,gold,MQ_LAM_GOLD_20140329_135122
"bucket2$561,:3,:6001",2014-03-29T23:35:39.989900,MQ,BAM,3000,,3000,100.0,ZNE,train,gold,MQ_BAM_GOLD_20140329_233609
"bucket2$562,:3,:6001",2014-03-29T23:35:38.399900,MQ,CPM,3000,,3000,100.0,ZNE,train,gold,MQ_CPM_GOLD_20140329_233608
"bucket2$563,:3,:6001",2014-03-29T23:35:39.489900,MQ,GBM,3000,,3000,100.0,ZNE,train,gold,MQ_GBM_GOLD_20140329_233609
"bucket2$564,:3,:6001",2014-03-29T23:35:38.290000,MQ,LAM,3000,3257.0,3000,100.0,ZNE,train,gold,MQ_LAM_GOLD_20140329_233608
"bucket2$565,:3,:6001",2014-03-29T23:35:42.119900,MQ,MLM,3000,,3000,100.0,ZNE,train,gold,MQ_MLM_GOLD_20140329_233612
"bucket2$566,:3,:6001",2014-03-30T04:18:56.849900,MQ,CPM,3000,,3000,100.0,ZNE,train,gold,MQ_CPM_GOLD_20140330_041926
"bucket6$327,:3,:6001",2014-03-30T04:18:56.929900,MQ,GBM,3000,,3000,100.0,ZNE,test,gold,MQ_GBM_GOLD_20140330_041926
"bucket2$567,:3,:6001",2014-03-30T04:18:56.810000,MQ,IA2,3000,3234.0,3000,100.0,ZNE,train,gold,MQ_IA2_GOLD_20140330_041926
"bucket9$320,:3,:6001",2014-03-30T04:18:58.850000,MQ,SAM,3000,3034.0,3000,100.0,ZNE,dev,gold,MQ_SAM_GOLD_20140330_041928
"bucket2$568,:3,:6001",2014-03-30T09:24:16.770000,MQ,SAM,3000,3165.0,3000,100.0,ZNE,train,gold,MQ_SAM_GOLD_20140330_092446
"bucket2$569,:3,:6001",2014-03-30T12:37:25.989900,MQ,BAM,3000,,3000,100.0,ZNE,train,gold,MQ_BAM_GOLD_20140330_123755
"bucket2$570,:3,:6001",2014-03-30T12:37:26.059900,MQ,GBM,3000,,3000,100.0,ZNE,train,gold,MQ_GBM_GOLD_20140330_123756
"bucket2$571,:3,:6001",2014-03-30T12:37:28.280000,MQ,IA2,3000,,3000,100.0,ZNE,train,gold,MQ_IA2_GOLD_20140330_123758
"bucket2$572,:3,:6001",2014-03-30T12:37:25.590000,MQ,SAM,3000,3181.0,3000,100.0,ZNE,train,gold,MQ_SAM_GOLD_20140330_123755
"bucket2$573,:3,:6001",2014-03-30T16:55:39.099900,MQ,BAM,3000,,3000,100.0,ZNE,train,gold,MQ_BAM_GOLD_20140330_165609
"bucket9$321,:3,:6001",2014-03-30T16:55:36.149900,MQ,CPM,3000,,3000,100.0,ZNE,dev,gold,MQ_CPM_GOLD_20140330_165606
"bucket2$574,:3,:6001",2014-03-30T16:55:37.940000,MQ,IA2,3000,,3000,100.0,ZNE,train,gold,MQ_IA2_GOLD_20140330_165607
"bucket2$575,:3,:6001",2014-03-30T16:55:38.220000,MQ,SAM,3000,3009.0,3000,100.0,ZNE,train,gold,MQ_SAM_GOLD_20140330_165608
"bucket2$576,:3,:6001",2014-03-30T17:27:18.629900,MQ,BAM,3000,,3000,100.0,ZNE,train,gold,MQ_BAM_GOLD_20140330_172748
"bucket6$328,:3,:6001",2014-03-30T17:27:19.299900,MQ,CPM,3000,,3000,100.0,ZNE,test,gold,MQ_CPM_GOLD_20140330_172749
"bucket2$577,:3,:6001",2014-03-30T17:27:19.670000,MQ,IA2,3000,,3000,100.0,ZNE,train,gold,MQ_IA2_GOLD_20140330_172749
"bucket2$578,:3,:6001",2014-03-30T17:27:18.710000,MQ,LAM,3000,,3000,100.0,ZNE,train,gold,MQ_LAM_GOLD_20140330_172748
"bucket2$579,:3,:6001",2014-03-30T18:40:07.249900,MQ,BAM,3000,,3000,100.0,ZNE,train,gold,MQ_BAM_GOLD_20140330_184037
"bucket2$580,:3,:6001",2014-03-30T18:40:10.049900,MQ,CPM,3000,,3000,100.0,ZNE,train,gold,MQ_CPM_GOLD_20140330_184040
"bucket6$329,:3,:6001",2014-03-30T18:40:03.279900,MQ,GBM,3000,,3000,100.0,ZNE,test,gold,MQ_GBM_GOLD_20140330_184033
"bucket2$581,:3,:6001",2014-03-30T18:40:07.280000,MQ,IA2,3000,3143.0,3000,100.0,ZNE,train,gold,MQ_IA2_GOLD_20140330_184037
"bucket2$582,:3,:6001",2014-03-30T20:02:28.489900,MQ,BAM,3000,,3000,100.0,ZNE,train,gold,MQ_BAM_GOLD_20140330_200258
"bucket2$583,:3,:6001",2014-03-30T20:02:33.579900,MQ,CPM,3000,,3000,100.0,ZNE,train,gold,MQ_CPM_GOLD_20140330_200303
"bucket2$584,:3,:6001",2014-03-30T20:02:31.070000,MQ,IA2,3000,,3000,100.0,ZNE,train,gold,MQ_IA2_GOLD_20140330_200301
"bucket2$585,:3,:6001",2014-03-30T20:02:35.860000,MQ,LAM,3000,,3000,100.0,ZNE,train,gold,MQ_LAM_GOLD_20140330_200305
"bucket6$330,:3,:6001",2014-03-30T20:02:28.080000,MQ,SAM,3000,,3000,100.0,ZNE,test,gold,MQ_SAM_GOLD_20140330_200258
"bucket9$322,:3,:6001",2014-03-30T20:04:01.069900,MQ,BAM,3000,,3000,100.0,ZNE,dev,gold,MQ_BAM_GOLD_20140330_200431
"bucket2$586,:3,:6001",2014-03-30T20:04:03.519900,MQ,CPM,3000,,3000,100.0,ZNE,train,gold,MQ_CPM_GOLD_20140330_200433
"bucket2$587,:3,:6001",2014-03-30T20:03:56.579900,MQ,GBM,3000,,3000,100.0,ZNE,train,gold,MQ_GBM_GOLD_20140330_200426
"bucket9$323,:3,:6001",2014-03-30T20:04:01.390000,MQ,SAM,3000,3061.0,3000,100.0,ZNE,dev,gold,MQ_SAM_GOLD_20140330_200431
"bucket2$588,:3,:6001",2014-03-30T20:27:30.949900,MQ,BAM,3000,,3000,100.0,ZNE,train,gold,MQ_BAM_GOLD_20140330_202800
"bucket2$589,:3,:6001",2014-03-30T20:27:34.619900,MQ,CPM,3000,,3000,100.0,ZNE,train,gold,MQ_CPM_GOLD_20140330_202804
"bucket2$590,:3,:6001",2014-03-30T20:27:36.299900,MQ,GBM,3000,,3000,100.0,ZNE,train,gold,MQ_GBM_GOLD_20140330_202806
"bucket2$591,:3,:6001",2014-03-30T20:27:40.470000,MQ,SAM,3000,,3000,100.0,ZNE,train,gold,MQ_SAM_GOLD_20140330_202810
"bucket2$592,:3,:6001",2014-03-31T03:39:21.279900,MQ,BAM,3000,,3000,100.0,ZNE,train,gold,MQ_BAM_GOLD_20140331_033951
"bucket2$593,:3,:6001",2014-03-31T03:39:22.269900,MQ,CPM,3000,,3000,100.0,ZNE,train,gold,MQ_CPM_GOLD_20140331_033952
"bucket2$594,:3,:6001",2014-03-31T03:39:21.709900,MQ,GBM,3000,,3000,100.0,ZNE,train,gold,MQ_GBM_GOLD_20140331_033951
"bucket2$595,:3,:6001",2014-03-31T03:39:21.930000,MQ,IA2,3000,,3000,100.0,ZNE,train,gold,MQ_IA2_GOLD_20140331_033951
"bucket2$596,:3,:6001",2014-03-31T07:29:48.969900,MQ,BAM,3000,,3000,100.0,ZNE,train,gold,MQ_BAM_GOLD_20140331_073018
"bucket2$597,:3,:6001",2014-03-31T07:29:46.409900,MQ,CPM,3000,,3000,100.0,ZNE,train,gold,MQ_CPM_GOLD_20140331_073016
"bucket6$331,:3,:6001",2014-03-31T07:29:43.369900,MQ,GBM,3000,,3000,100.0,ZNE,test,gold,MQ_GBM_GOLD_20140331_073013
"bucket2$598,:3,:6001",2014-03-31T07:29:40.730000,MQ,SAM,3000,,3000,100.0,ZNE,train,gold,MQ_SAM_GOLD_20140331_073010
"bucket2$599,:3,:6001",2014-03-31T07:53:36.999900,MQ,BAM,3000,,3000,100.0,ZNE,train,gold,MQ_BAM_GOLD_20140331_075406
"bucket2$600,:3,:6001",2014-03-31T07:53:37.409900,MQ,CPM,3000,,3000,100.0,ZNE,train,gold,MQ_CPM_GOLD_20140331_075407
"bucket2$601,:3,:6001",2014-03-31T07:53:36.839900,MQ,GBM,3000,,3000,100.0,ZNE,train,gold,MQ_GBM_GOLD_20140331_075406
"bucket2$602,:3,:6001",2014-03-31T07:53:36.710000,MQ,IA2,3000,,3000,100.0,ZNE,train,gold,MQ_IA2_GOLD_20140331_075406
"bucket2$603,:3,:6001",2014-03-31T08:15:47.269900,MQ,BAM,3000,,3000,100.0,ZNE,train,gold,MQ_BAM_GOLD_20140331_081617
"bucket2$604,:3,:6001",2014-03-31T08:15:45.869900,MQ,CPM,3000,,3000,100.0,ZNE,train,gold,MQ_CPM_GOLD_20140331_081615
"bucket2$605,:3,:6001",2014-03-31T08:15:49.829900,MQ,GBM,3000,,3000,100.0,ZNE,train,gold,MQ_GBM_GOLD_20140331_081619
"bucket2$606,:3,:6001",2014-03-31T08:15:47.489900,MQ,MLM,3000,,3000,100.0,ZNE,train,gold,MQ_MLM_GOLD_20140331_081617
"bucket2$607,:3,:6001",2014-03-31T08:34:31.359900,MQ,CPM,3000,,3000,100.0,ZNE,train,gold,MQ_CPM_GOLD_20140331_083501
"bucket2$608,:3,:6001",2014-03-31T08:34:26.509900,MQ,GBM,3000,,3000,100.0,ZNE,train,gold,MQ_GBM_GOLD_20140331_083456
"bucket2$609,:3,:6001",2014-03-31T08:34:29.840000,MQ,IA2,3000,3116.0,3000,100.0,ZNE,train,gold,MQ_IA2_GOLD_20140331_083459
"bucket2$610,:3,:6001",2014-03-31T08:34:28.159900,MQ,MLM,3000,,3000,100.0,ZNE,train,gold,MQ_MLM_GOLD_20140331_083458
"bucket2$611,:3,:6001",2014-03-31T09:30:00.769900,MQ,BAM,3000,,3000,100.0,ZNE,train,gold,MQ_BAM_GOLD_20140331_093030
"bucket2$612,:3,:6001",2014-03-31T09:30:03.619900,MQ,CPM,3000,,3000,100.0,ZNE,train,gold,MQ_CPM_GOLD_20140331_093033
"bucket2$613,:3,:6001",2014-03-31T09:29:56.049900,MQ,GBM,3000,,3000,100.0,ZNE,train,gold,MQ_GBM_GOLD_20140331_093026
"bucket2$614,:3,:6001",2014-03-31T09:30:04.119900,MQ,MLM,3000,,3000,100.0,ZNE,train,gold,MQ_MLM_GOLD_20140331_093034
"bucket2$615,:3,:6001",2014-03-31T11:50:51.559900,MQ,BAM,3000,,3000,100.0,ZNE,train,gold,MQ_BAM_GOLD_20140331_115121
"bucket2$616,:3,:6001",2014-03-31T11:50:44.669900,MQ,GBM,3000,,3000,100.0,ZNE,train,gold,MQ_GBM_GOLD_20140331_115114
"bucket2$617,:3,:6001",2014-03-31T11:50:47.769900,MQ,MLM,3000,,3000,100.0,ZNE,train,gold,MQ_MLM_GOLD_20140331_115117
"bucket9$324,:3,:6001",2014-03-31T11:50:54.640000,MQ,SAM,3000,,3000,100.0,ZNE,dev,gold,MQ_SAM_GOLD_20140331_115124
"bucket2$618,:3,:6001",2014-03-31T11:51:36.909900,MQ,BAM,3000,,3000,100.0,ZNE,train,gold,MQ_BAM_GOLD_20140331_115206
"bucket6$332,:3,:6001",2014-03-31T11:51:31.469900,MQ,CPM,3000,,3000,100.0,ZNE,test,gold,MQ_CPM_GOLD_20140331_115201
"bucket2$619,:3,:6001",2014-03-31T11:51:35.979900,MQ,MLM,3000,,3000,100.0,ZNE,train,gold,MQ_MLM_GOLD_20140331_115205
"bucket2$620,:3,:6001",2014-03-31T11:51:31.310000,MQ,SAM,3000,,3000,100.0,ZNE,train,gold,MQ_SAM_GOLD_20140331_115201
"bucket2$621,:3,:6001",2014-03-31T12:01:22.709900,MQ,BAM,3000,,3000,100.0,ZNE,train,gold,MQ_BAM_GOLD_20140331_120152
"bucket6$333,:3,:6001",2014-03-31T12:01:18.899900,MQ,CPM,3000,,3000,100.0,ZNE,test,gold,MQ_CPM_GOLD_20140331_120148
"bucket2$622,:3,:6001",2014-03-31T12:01:16.659900,MQ,GBM,3000,,3000,100.0,ZNE,train,gold,MQ_GBM_GOLD_20140331_120146
"bucket6$334,:3,:6001",2014-03-31T12:01:17.639900,MQ,MLM,3000,,3000,100.0,ZNE,test,gold,MQ_MLM_GOLD_20140331_120147
"bucket2$623,:3,:6001",2014-03-31T13:26:04.579900,MQ,BAM,3000,,3000,100.0,ZNE,train,gold,MQ_BAM_GOLD_20140331_132634
"bucket2$624,:3,:6001",2014-03-31T13:26:04.219900,MQ,CPM,3000,,3000,100.0,ZNE,train,gold,MQ_CPM_GOLD_20140331_132634
"bucket2$625,:3,:6001",2014-03-31T13:26:04.380000,MQ,IA2,3000,3221.0,3000,100.0,ZNE,train,gold,MQ_IA2_GOLD_20140331_132634
"bucket2$626,:3,:6001",2014-03-31T13:26:04.940000,MQ,LAM,3000,,3000,100.0,ZNE,train,gold,MQ_LAM_GOLD_20140331_132634
"bucket2$627,:3,:6001",2014-03-31T13:26:04.769900,MQ,MLM,3000,,3000,100.0,ZNE,train,gold,MQ_MLM_GOLD_20140331_132634
"bucket6$335,:3,:6001",2014-03-31T13:26:04.620000,MQ,SAM,3000,,3000,100.0,ZNE,test,gold,MQ_SAM_GOLD_20140331_132634
"bucket2$628,:3,:6001",2014-03-31T13:51:49.209900,MQ,BAM,3000,,3000,100.0,ZNE,train,gold,MQ_BAM_GOLD_20140331_135219
"bucket2$629,:3,:6001",2014-03-31T13:51:49.629900,MQ,CPM,3000,,3000,100.0,ZNE,train,gold,MQ_CPM_GOLD_20140331_135219
"bucket2$630,:3,:6001",2014-03-31T13:51:48.769900,MQ,GBM,3000,,3000,100.0,ZNE,train,gold,MQ_GBM_GOLD_20140331_135218
"bucket2$631,:3,:6001",2014-03-31T13:51:49.070000,MQ,IA2,3000,3083.0,3000,100.0,ZNE,train,gold,MQ_IA2_GOLD_20140331_135219
"bucket2$632,:3,:6001",2014-03-31T13:51:48.800000,MQ,LAM,3000,3070.0,3000,100.0,ZNE,train,gold,MQ_LAM_GOLD_20140331_135218
"bucket2$633,:3,:6001",2014-03-31T13:51:51.179900,MQ,MLM,3000,,3000,100.0,ZNE,train,gold,MQ_MLM_GOLD_20140331_135221
"bucket9$325,:3,:6001",2014-03-31T13:51:49.690000,MQ,SAM,3000,3244.0,3000,100.0,ZNE,dev,gold,MQ_SAM_GOLD_20140331_135219
"bucket9$326,:3,:6001",2014-03-31T15:39:57.169900,MQ,BAM,3000,,3000,100.0,ZNE,dev,gold,MQ_BAM_GOLD_20140331_154027
"bucket2$634,:3,:6001",2014-03-31T15:40:00.169900,MQ,CPM,3000,,3000,100.0,ZNE,train,gold,MQ_CPM_GOLD_20140331_154030
"bucket2$635,:3,:6001",2014-03-31T15:39:58.429900,MQ,GBM,3000,,3000,100.0,ZNE,train,gold,MQ_GBM_GOLD_20140331_154028
"bucket2$636,:3,:6001",2014-03-31T15:39:58.079900,MQ,MLM,3000,,3000,100.0,ZNE,train,gold,MQ_MLM_GOLD_20140331_154028
"bucket9$327,:3,:6001",2014-03-31T16:03:56.799900,MQ,BAM,3000,,3000,100.0,ZNE,dev,gold,MQ_BAM_GOLD_20140331_160426
"bucket2$637,:3,:6001",2014-03-31T16:03:54.669900,MQ,CPM,3000,,3000,100.0,ZNE,train,gold,MQ_CPM_GOLD_20140331_160424
"bucket9$328,:3,:6001",2014-03-31T16:03:56.479900,MQ,GBM,3000,,3000,100.0,ZNE,dev,gold,MQ_GBM_GOLD_20140331_160426
"bucket2$638,:3,:6001",2014-03-31T16:04:01.579900,MQ,MLM,3000,,3000,100.0,ZNE,train,gold,MQ_MLM_GOLD_20140331_160431
"bucket2$639,:3,:6001",2014-03-31T16:26:10.529900,MQ,BAM,3000,,3000,100.0,ZNE,train,gold,MQ_BAM_GOLD_20140331_162640
"bucket2$640,:3,:6001",2014-03-31T16:26:06.879900,MQ,CPM,3000,,3000,100.0,ZNE,train,gold,MQ_CPM_GOLD_20140331_162636
"bucket2$641,:3,:6001",2014-03-31T16:26:07.439900,MQ,GBM,3000,,3000,100.0,ZNE,train,gold,MQ_GBM_GOLD_20140331_162637
"bucket2$642,:3,:6001",2014-03-31T16:26:11.950000,MQ,SAM,3000,3188.0,3000,100.0,ZNE,train,gold,MQ_SAM_GOLD_20140331_162641
"bucket2$643,:3,:6001",2014-03-31T17:17:46.049900,MQ,BAM,3000,,3000,100.0,ZNE,train,gold,MQ_BAM_GOLD_20140331_171816
"bucket2$644,:3,:6001",2014-03-31T17:17:44.149900,MQ,CPM,3000,,3000,100.0,ZNE,train,gold,MQ_CPM_GOLD_20140331_171814
"bucket2$645,:3,:6001",2014-03-31T17:17:42.569900,MQ,GBM,3000,,3000,100.0,ZNE,train,gold,MQ_GBM_GOLD_20140331_171812
"bucket2$646,:3,:6001",2014-03-31T17:17:45.400000,MQ,IA2,3000,3059.0,3000,100.0,ZNE,train,gold,MQ_IA2_GOLD_20140331_171815
"bucket2$647,:3,:6001",2014-03-31T17:17:41.879900,MQ,MLM,3000,,3000,100.0,ZNE,train,gold,MQ_MLM_GOLD_20140331_171811
"bucket2$648,:3,:6001",2014-03-31T17:21:57.679900,MQ,CPM,3000,,3000,100.0,ZNE,train,gold,MQ_CPM_GOLD_20140331_172227
"bucket9$329,:3,:6001",2014-03-31T17:21:56.979900,MQ,GBM,3000,,3000,100.0,ZNE,dev,gold,MQ_GBM_GOLD_20140331_172226
"bucket2$649,:3,:6001",2014-03-31T17:21:57.319900,MQ,MLM,3000,,3000,100.0,ZNE,train,gold,MQ_MLM_GOLD_20140331_172227
"bucket2$650,:3,:6001",2014-03-31T17:21:59.480000,MQ,SAM,3000,,3000,100.0,ZNE,train,gold,MQ_SAM_GOLD_20140331_172229
"bucket2$651,:3,:6001",2014-03-31T17:38:53.599900,MQ,BAM,3000,,3000,100.0,ZNE,train,gold,MQ_BAM_GOLD_20140331_173923
"bucket2$652,:3,:6001",2014-03-31T17:38:57.770000,MQ,IA2,3000,,3000,100.0,ZNE,train,gold,MQ_IA2_GOLD_20140331_173927
"bucket2$653,:3,:6001",2014-03-31T17:38:53.719900,MQ,MLM,3000,,3000,100.0,ZNE,train,gold,MQ_MLM_GOLD_20140331_173923
"bucket2$654,:3,:6001",2014-03-31T17:39:00,MQ,SAM,3000,,3000,100.0,ZNE,train,gold,MQ_SAM_GOLD_20140331_173930
"bucket2$655,:3,:6001",2014-03-31T17:45:33.359900,MQ,BAM,3000,,3000,100.0,ZNE,train,gold,MQ_BAM_GOLD_20140331_174603
"bucket2$656,:3,:6001",2014-03-31T17:45:26.849900,MQ,CPM,3000,,3000,100.0,ZNE,train,gold,MQ_CPM_GOLD_20140331_174556
"bucket2$657,:3,:6001",2014-03-31T17:45:30.619900,MQ,GBM,3000,,3000,100.0,ZNE,train,gold,MQ_GBM_GOLD_20140331_174600
"bucket2$658,:3,:6001",2014-03-31T17:45:25.999900,MQ,MLM,3000,,3000,100.0,ZNE,train,gold,MQ_MLM_GOLD_20140331_174555
"bucket2$659,:3,:6001",2014-03-31T18:19:43.969900,MQ,BAM,3000,,3000,100.0,ZNE,train,gold,MQ_BAM_GOLD_20140331_182013
"bucket2$660,:3,:6001",2014-03-31T18:19:46.489900,MQ,CPM,3000,,3000,100.0,ZNE,train,gold,MQ_CPM_GOLD_20140331_182016
"bucket2$661,:3,:6001",2014-03-31T18:19:46.249900,MQ,GBM,3000,,3000,100.0,ZNE,train,gold,MQ_GBM_GOLD_20140331_182016
"bucket2$662,:3,:6001",2014-03-31T18:19:42.099900,MQ,MLM,3000,,3000,100.0,ZNE,train,gold,MQ_MLM_GOLD_20140331_182012
"bucket6$336,:3,:6001",2014-03-31T18:35:21.209900,MQ,BAM,3000,,3000,100.0,ZNE,test,gold,MQ_BAM_GOLD_20140331_183551
"bucket2$663,:3,:6001",2014-03-31T18:35:23.169900,MQ,CPM,3000,,3000,100.0,ZNE,train,gold,MQ_CPM_GOLD_20140331_183553
"bucket2$664,:3,:6001",2014-03-31T18:35:20.179900,MQ,GBM,3000,,3000,100.0,ZNE,train,gold,MQ_GBM_GOLD_20140331_183550
"bucket2$665,:3,:6001",2014-03-31T18:35:17.809900,MQ,MLM,3000,,3000,100.0,ZNE,train,gold,MQ_MLM_GOLD_20140331_183547
"bucket2$666,:3,:6001",2014-03-31T18:48:35.779900,MQ,BAM,3000,,3000,100.0,ZNE,train,gold,MQ_BAM_GOLD_20140331_184905
"bucket2$667,:3,:6001",2014-03-31T18:48:32.859900,MQ,CPM,3000,,3000,100.0,ZNE,train,gold,MQ_CPM_GOLD_20140331_184902
"bucket2$668,:3,:6001",2014-03-31T18:48:26.059900,MQ,GBM,3000,,3000,100.0,ZNE,train,gold,MQ_GBM_GOLD_20140331_184856
"bucket2$669,:3,:6001",2014-03-31T18:48:30.939900,MQ,MLM,3000,,3000,100.0,ZNE,train,gold,MQ_MLM_GOLD_20140331_184900
"bucket2$670,:3,:6001",2014-03-31T18:48:28.930000,MQ,SAM,3000,,3000,100.0,ZNE,train,gold,MQ_SAM_GOLD_20140331_184858
"bucket2$671,:3,:6001",2014-03-31T19:07:03.679900,MQ,BAM,3000,,3000,100.0,ZNE,train,gold,MQ_BAM_GOLD_20140331_190733
"bucket2$672,:3,:6001",2014-03-31T19:07:06.449900,MQ,CPM,3000,,3000,100.0,ZNE,train,gold,MQ_CPM_GOLD_20140331_190736
"bucket2$673,:3,:6001",2014-03-31T19:07:06.039900,MQ,GBM,3000,,3000,100.0,ZNE,train,gold,MQ_GBM_GOLD_20140331_190736
"bucket2$674,:3,:6001",2014-03-31T19:07:09.379900,MQ,MLM,3000,,3000,100.0,ZNE,train,gold,MQ_MLM_GOLD_20140331_190739
"bucket2$675,:3,:6001",2014-03-31T19:32:31.049900,MQ,BAM,3000,,3000,100.0,ZNE,train,gold,MQ_BAM_GOLD_20140331_193301
"bucket2$676,:3,:6001",2014-03-31T19:32:32.699900,MQ,CPM,3000,,3000,100.0,ZNE,train,gold,MQ_CPM_GOLD_20140331_193302
"bucket2$677,:3,:6001",2014-03-31T19:32:38.140000,MQ,LAM,3000,,3000,100.0,ZNE,train,gold,MQ_LAM_GOLD_20140331_193308
"bucket2$678,:3,:6001",2014-03-31T19:32:36.819900,MQ,MLM,3000,,3000,100.0,ZNE,train,gold,MQ_MLM_GOLD_20140331_193306
"bucket2$679,:3,:6001",2014-03-31T19:32:31.880000,MQ,SAM,3000,,3000,100.0,ZNE,train,gold,MQ_SAM_GOLD_20140331_193301
"bucket2$680,:3,:6001",2014-03-31T19:41:13.049900,MQ,BAM,3000,,3000,100.0,ZNE,train,gold,MQ_BAM_GOLD_20140331_194143
"bucket2$681,:3,:6001",2014-03-31T19:41:20.459900,MQ,CPM,3000,,3000,100.0,ZNE,train,gold,MQ_CPM_GOLD_20140331_194150
"bucket2$682,:3,:6001",2014-03-31T19:41:17.579900,MQ,GBM,3000,,3000,100.0,ZNE,train,gold,MQ_GBM_GOLD_20140331_194147
"bucket9$330,:3,:6001",2014-03-31T19:41:17.890000,MQ,IA2,3000,3218.0,3000,100.0,ZNE,dev,gold,MQ_IA2_GOLD_20140331_194147
"bucket2$683,:3,:6001",2014-03-31T19:44:50.219900,MQ,BAM,3000,,3000,100.0,ZNE,train,gold,MQ_BAM_GOLD_20140331_194520
"bucket2$684,:3,:6001",2014-03-31T19:44:53.719900,MQ,CPM,3000,,3000,100.0,ZNE,train,gold,MQ_CPM_GOLD_20140331_194523
"bucket2$685,:3,:6001",2014-03-31T19:44:53.359900,MQ,GBM,3000,,3000,100.0,ZNE,train,gold,MQ_GBM_GOLD_20140331_194523
"bucket2$686,:3,:6001",2014-03-31T19:44:53.320000,MQ,IA2,3000,3325.0,3000,100.0,ZNE,train,gold,MQ_IA2_GOLD_20140331_194523
"bucket2$687,:3,:6001",2014-03-31T19:44:57.459900,MQ,MLM,3000,,3000,100.0,ZNE,train,gold,MQ_MLM_GOLD_20140331_194527
"bucket2$688,:3,:6001",2014-03-31T20:01:28.159900,MQ,BAM,3000,,3000,100.0,ZNE,train,gold,MQ_BAM_GOLD_20140331_200158
"bucket2$689,:3,:6001",2014-03-31T20:01:22.999900,MQ,GBM,3000,,3000,100.0,ZNE,train,gold,MQ_GBM_GOLD_20140331_200152
"bucket6$337,:3,:6001",2014-03-31T20:01:24.360000,MQ,IA2,3000,3141.0,3000,100.0,ZNE,test,gold,MQ_IA2_GOLD_20140331_200154
"bucket2$690,:3,:6001",2014-03-31T20:01:27.419900,MQ,MLM,3000,,3000,100.0,ZNE,train,gold,MQ_MLM_GOLD_20140331_200157
"bucket2$691,:3,:6001",2014-03-31T20:15:12.289900,MQ,BAM,3000,,3000,100.0,ZNE,train,gold,MQ_BAM_GOLD_20140331_201542
"bucket2$692,:3,:6001",2014-03-31T20:15:13.769900,MQ,CPM,3000,,3000,100.0,ZNE,train,gold,MQ_CPM_GOLD_20140331_201543
"bucket2$693,:3,:6001",2014-03-31T20:15:14.729900,MQ,GBM,3000,,3000,100.0,ZNE,train,gold,MQ_GBM_GOLD_20140331_201544
"bucket2$694,:3,:6001",2014-03-31T20:15:17.399900,MQ,MLM,3000,,3000,100.0,ZNE,train,gold,MQ_MLM_GOLD_20140331_201547
"bucket9$331,:3,:6001",2014-04-01T02:38:07.539900,MQ,BAM,3000,,3000,100.0,ZNE,dev,gold,MQ_BAM_GOLD_20140401_023837
"bucket2$695,:3,:6001",2014-04-01T02:38:07.259900,MQ,CPM,3000,,3000,100.0,ZNE,train,gold,MQ_CPM_GOLD_20140401_023837
"bucket2$696,:3,:6001",2014-04-01T02:38:08.060000,MQ,IA2,3000,,3000,100.0,ZNE,train,gold,MQ_IA2_GOLD_20140401_023838
"bucket6$338,:3,:6001",2014-04-01T02:38:07.580000,MQ,LAM,3000,3247.0,3000,100.0,ZNE,test,gold,MQ_LAM_GOLD_20140401_023837
"bucket2$697,:3,:6001",2014-04-01T03:01:05.899900,MQ,BAM,3000,,3000,100.0,ZNE,train,gold,MQ_BAM_GOLD_20140401_030135
"bucket2$698,:3,:6001",2014-04-01T03:01:05.669900,MQ,CPM,3000,,3000,100.0,ZNE,train,gold,MQ_CPM_GOLD_20140401_030135
"bucket2$699,:3,:6001",2014-04-01T03:01:05.510000,MQ,IA2,3000,3088.0,3000,100.0,ZNE,train,gold,MQ_IA2_GOLD_20140401_030135
"bucket2$700,:3,:6001",2014-04-01T03:01:06.110000,MQ,LAM,3000,3036.0,3000,100.0,ZNE,train,gold,MQ_LAM_GOLD_20140401_030136
"bucket2$701,:3,:6001",2014-04-01T03:28:25.729900,MQ,BAM,3000,,3000,100.0,ZNE,train,gold,MQ_BAM_GOLD_20140401_032855
"bucket2$702,:3,:6001",2014-04-01T03:28:26.099900,MQ,CPM,3000,,3000,100.0,ZNE,train,gold,MQ_CPM_GOLD_20140401_032856
"bucket2$703,:3,:6001",2014-04-01T03:28:26.180000,MQ,IA2,3000,,3000,100.0,ZNE,train,gold,MQ_IA2_GOLD_20140401_032856
"bucket2$704,:3,:6001",2014-04-01T03:28:26,MQ,LAM,3000,,3000,100.0,ZNE,train,gold,MQ_LAM_GOLD_20140401_032856
"bucket2$705,:3,:6001",2014-04-01T03:28:26.949900,MQ,MLM,3000,,3000,100.0,ZNE,train,gold,MQ_MLM_GOLD_20140401_032856
"bucket6$339,:3,:6001",2014-04-01T07:29:08.149900,MQ,BAM,3000,,3000,100.0,ZNE,test,gold,MQ_BAM_GOLD_20140401_072938
"bucket9$332,:3,:6001",2014-04-01T07:29:08.139900,MQ,GBM,3000,,3000,100.0,ZNE,dev,gold,MQ_GBM_GOLD_20140401_072938
"bucket2$706,:3,:6001",2014-04-01T07:29:08.850000,MQ,IA2,3000,,3000,100.0,ZNE,train,gold,MQ_IA2_GOLD_20140401_072938
"bucket2$707,:3,:6001",2014-04-01T07:29:05.180000,MQ,SAM,3000,3193.0,3000,100.0,ZNE,train,gold,MQ_SAM_GOLD_20140401_072935
"bucket9$333,:3,:6001",2014-04-01T08:22:16.349900,MQ,BAM,3000,,3000,100.0,ZNE,dev,gold,MQ_BAM_GOLD_20140401_082246
"bucket2$708,:3,:6001",2014-04-01T08:22:07.699900,MQ,CPM,3000,,3000,100.0,ZNE,train,gold,MQ_CPM_GOLD_20140401_082237
"bucket2$709,:3,:6001",2014-04-01T08:22:07.899900,MQ,GBM,3000,,3000,100.0,ZNE,train,gold,MQ_GBM_GOLD_20140401_082237
"bucket2$710,:3,:6001",2014-04-01T08:22:12.899900,MQ,MLM,3000,,3000,100.0,ZNE,train,gold,MQ_MLM_GOLD_20140401_082242
"bucket2$711,:3,:6001",2014-04-01T08:22:17.840000,MQ,SAM,3000,,3000,100.0,ZNE,train,gold,MQ_SAM_GOLD_20140401_082247
"bucket2$712,:3,:6001",2014-04-01T09:20:21.379900,MQ,BAM,3000,,3000,100.0,ZNE,train,gold,MQ_BAM_GOLD_20140401_092051
"bucket2$713,:3,:6001",2014-04-01T09:20:25.229900,MQ,CPM,3000,,3000,100.0,ZNE,train,gold,MQ_CPM_GOLD_20140401_092055
"bucket2$714,:3,:6001",2014-04-01T09:20:17.979900,MQ,MLM,3000,,3000,100.0,ZNE,train,gold,MQ_MLM_GOLD_20140401_092047
"bucket2$715,:3,:6001",2014-04-01T09:20:23.910000,MQ,SAM,3000,3242.0,3000,100.0,ZNE,train,gold,MQ_SAM_GOLD_20140401_092053
"bucket2$716,:3,:6001",2014-04-01T10:12:03.009900,MQ,BAM,3000,,3000,100.0,ZNE,train,gold,MQ_BAM_GOLD_20140401_101233
"bucket2$717,:3,:6001",2014-04-01T10:12:12.109900,MQ,GBM,3000,,3000,100.0,ZNE,train,gold,MQ_GBM_GOLD_20140401_101242
"bucket2$718,:3,:6001",2014-04-01T10:12:07.529900,MQ,MLM,3000,,3000,100.0,ZNE,train,gold,MQ_MLM_GOLD_20140401_101237
"bucket2$719,:3,:6001",2014-04-01T10:12:05.600000,MQ,SAM,3000,,3000,100.0,ZNE,train,gold,MQ_SAM_GOLD_20140401_101235
"bucket2$720,:3,:6001",2014-04-01T15:28:09.869900,MQ,BAM,3000,,3000,100.0,ZNE,train,gold,MQ_BAM_GOLD_20140401_152839
"bucket2$721,:3,:6001",2014-04-01T15:28:09.979900,MQ,CPM,3000,,3000,100.0,ZNE,train,gold,MQ_CPM_GOLD_20140401_152839
"bucket2$722,:3,:6001",2014-04-01T15:28:10.919900,MQ,GBM,3000,,3000,100.0,ZNE,train,gold,MQ_GBM_GOLD_20140401_152840
"bucket2$723,:3,:6001",2014-04-01T15:28:12.520000,MQ,LAM,3000,3131.0,3000,100.0,ZNE,train,gold,MQ_LAM_GOLD_20140401_152842
"bucket2$724,:3,:6001",2014-04-01T15:28:11.460000,MQ,SAM,3000,3160.0,3000,100.0,ZNE,train,gold,MQ_SAM_GOLD_20140401_152841
"bucket2$725,:3,:6001",2014-04-01T15:36:07.839900,MQ,BAM,3000,,3000,100.0,ZNE,train,gold,MQ_BAM_GOLD_20140401_153637
"bucket2$726,:3,:6001",2014-04-01T15:36:10.209900,MQ,CPM,3000,,3000,100.0,ZNE,train,gold,MQ_CPM_GOLD_20140401_153640
"bucket2$727,:3,:6001",2014-04-01T15:36:07.909900,MQ,GBM,3000,,3000,100.0,ZNE,train,gold,MQ_GBM_GOLD_20140401_153637
"bucket2$728,:3,:6001",2014-04-01T15:36:10.669900,MQ,MLM,3000,,3000,100.0,ZNE,train,gold,MQ_MLM_GOLD_20140401_153640
"bucket2$729,:3,:6001",2014-04-01T16:09:04.569900,MQ,BAM,3000,,3000,100.0,ZNE,train,gold,MQ_BAM_GOLD_20140401_160934
"bucket2$730,:3,:6001",2014-04-01T16:09:10.009900,MQ,CPM,3000,,3000,100.0,ZNE,train,gold,MQ_CPM_GOLD_20140401_160940
"bucket2$731,:3,:6001",2014-04-01T16:09:07.939900,MQ,GBM,3000,,3000,100.0,ZNE,train,gold,MQ_GBM_GOLD_20140401_160937
"bucket2$732,:3,:6001",2014-04-01T16:09:09.369900,MQ,MLM,3000,,3000,100.0,ZNE,train,gold,MQ_MLM_GOLD_20140401_160939
"bucket2$733,:3,:6001",2014-04-01T16:53:32.189900,MQ,BAM,3000,,3000,100.0,ZNE,train,gold,MQ_BAM_GOLD_20140401_165402
"bucket2$734,:3,:6001",2014-04-01T16:53:28.479900,MQ,GBM,3000,,3000,100.0,ZNE,train,gold,MQ_GBM_GOLD_20140401_165358
"bucket2$735,:3,:6001",2014-04-01T16:53:25.520000,MQ,LAM,3000,3024.0,3000,100.0,ZNE,train,gold,MQ_LAM_GOLD_20140401_165355
"bucket2$736,:3,:6001",2014-04-01T16:53:28.539900,MQ,MLM,3000,,3000,100.0,ZNE,train,gold,MQ_MLM_GOLD_20140401_165358
"bucket2$737,:3,:6001",2014-04-01T17:25:14.369900,MQ,BAM,3000,,3000,100.0,ZNE,train,gold,MQ_BAM_GOLD_20140401_172544
"bucket2$738,:3,:6001",2014-04-01T17:25:15.169900,MQ,GBM,3000,,3000,100.0,ZNE,train,gold,MQ_GBM_GOLD_20140401_172545
"bucket2$739,:3,:6001",2014-04-01T17:25:14.169900,MQ,MLM,3000,,3000,100.0,ZNE,train,gold,MQ_MLM_GOLD_20140401_172544
"bucket2$740,:3,:6001",2014-04-01T17:25:19.930000,MQ,SAM,3000,3188.0,3000,100.0,ZNE,train,gold,MQ_SAM_GOLD_20140401_172549
"bucket2$741,:3,:6001",2014-04-01T17:28:20.679900,MQ,BAM,3000,,3000,100.0,ZNE,train,gold,MQ_BAM_GOLD_20140401_172850
"bucket2$742,:3,:6001",2014-04-01T17:28:20.619900,MQ,GBM,3000,,3000,100.0,ZNE,train,gold,MQ_GBM_GOLD_20140401_172850
"bucket6$340,:3,:6001",2014-04-01T17:28:19.150000,MQ,IA2,3000,3167.0,3000,100.0,ZNE,test,gold,MQ_IA2_GOLD_20140401_172849
"bucket2$743,:3,:6001",2014-04-01T17:28:20.819900,MQ,MLM,3000,,3000,100.0,ZNE,train,gold,MQ_MLM_GOLD_20140401_172850
"bucket2$744,:3,:6001",2014-04-01T17:28:25.690000,MQ,SAM,3000,3065.0,3000,100.0,ZNE,train,gold,MQ_SAM_GOLD_20140401_172855
"bucket2$745,:3,:6001",2014-04-01T17:38:15.579900,MQ,BAM,3000,,3000,100.0,ZNE,train,gold,MQ_BAM_GOLD_20140401_173845
"bucket2$746,:3,:6001",2014-04-01T17:38:17.789900,MQ,CPM,3000,,3000,100.0,ZNE,train,gold,MQ_CPM_GOLD_20140401_173847
"bucket9$334,:3,:6001",2014-04-01T17:38:20.699900,MQ,GBM,3000,,3000,100.0,ZNE,dev,gold,MQ_GBM_GOLD_20140401_173850
"bucket2$747,:3,:6001",2014-04-01T17:38:24.099900,MQ,MLM,3000,,3000,100.0,ZNE,train,gold,MQ_MLM_GOLD_20140401_173854
"bucket2$748,:3,:6001",2014-04-01T18:50:18.209900,MQ,BAM,3000,,3000,100.0,ZNE,train,gold,MQ_BAM_GOLD_20140401_185048
"bucket2$749,:3,:6001",2014-04-01T18:50:15.809900,MQ,CPM,3000,,3000,100.0,ZNE,train,gold,MQ_CPM_GOLD_20140401_185045
"bucket2$750,:3,:6001",2014-04-01T18:50:14.400000,MQ,LAM,3000,3194.0,3000,100.0,ZNE,train,gold,MQ_LAM_GOLD_20140401_185044
"bucket2$751,:3,:6001",2014-04-01T18:50:17.049900,MQ,MLM,3000,,3000,100.0,ZNE,train,gold,MQ_MLM_GOLD_20140401_185047
"bucket2$752,:3,:6001",2014-04-01T19:13:24.089900,MQ,CPM,3000,,3000,100.0,ZNE,train,gold,MQ_CPM_GOLD_20140401_191354
"bucket2$753,:3,:6001",2014-04-01T19:13:24.729900,MQ,GBM,3000,,3000,100.0,ZNE,train,gold,MQ_GBM_GOLD_20140401_191354
"bucket2$754,:3,:6001",2014-04-01T19:13:22.490000,MQ,IA2,3000,3202.0,3000,100.0,ZNE,train,gold,MQ_IA2_GOLD_20140401_191352
"bucket2$755,:3,:6001",2014-04-01T19:13:21.929900,MQ,MLM,3000,,3000,100.0,ZNE,train,gold,MQ_MLM_GOLD_20140401_191351
"bucket9$335,:3,:6001",2014-04-01T19:22:06.079900,MQ,BAM,3000,,3000,100.0,ZNE,dev,gold,MQ_BAM_GOLD_20140401_192236
"bucket6$341,:3,:6001",2014-04-01T19:22:01.459900,MQ,CPM,3000,,3000,100.0,ZNE,test,gold,MQ_CPM_GOLD_20140401_192231
"bucket2$756,:3,:6001",2014-04-01T19:22:07.769900,MQ,GBM,3000,,3000,100.0,ZNE,train,gold,MQ_GBM_GOLD_20140401_192237
"bucket2$757,:3,:6001",2014-04-01T19:22:02.270000,MQ,LAM,3000,,3000,100.0,ZNE,train,gold,MQ_LAM_GOLD_20140401_192232
"bucket6$342,:3,:6001",2014-04-01T19:22:01.990000,MQ,SAM,3000,3261.0,3000,100.0,ZNE,test,gold,MQ_SAM_GOLD_20140401_192231
"bucket2$758,:3,:6001",2014-04-01T19:23:51.119900,MQ,BAM,3000,,3000,100.0,ZNE,train,gold,MQ_BAM_GOLD_20140401_192421
"bucket2$759,:3,:6001",2014-04-01T19:23:48.340000,MQ,IA2,3000,3238.0,3000,100.0,ZNE,train,gold,MQ_IA2_GOLD_20140401_192418
"bucket2$760,:3,:6001",2014-04-01T19:23:54.950000,MQ,SAM,3000,,3000,100.0,ZNE,train,gold,MQ_SAM_GOLD_20140401_192424
"bucket9$336,:3,:6001",2014-04-01T23:11:09.570000,MQ,SAM,3000,,3000,100.0,ZNE,dev,gold,MQ_SAM_GOLD_20140401_231139
"bucket6$343,:3,:6001",2014-04-01T23:18:13.400000,MQ,IA2,3000,,3000,100.0,ZNE,test,gold,MQ_IA2_GOLD_20140401_231843
"bucket2$761,:3,:6001",2014-04-01T23:18:10.350000,MQ,SAM,3000,3130.0,3000,100.0,ZNE,train,gold,MQ_SAM_GOLD_20140401_231840
"bucket2$762,:3,:6001",2014-04-01T23:53:49.109900,MQ,BAM,3000,,3000,100.0,ZNE,train,gold,MQ_BAM_GOLD_20140401_235419
"bucket2$763,:3,:6001",2014-04-01T23:53:45.179900,MQ,CPM,3000,,3000,100.0,ZNE,train,gold,MQ_CPM_GOLD_20140401_235415
"bucket2$764,:3,:6001",2014-04-01T23:53:45.630000,MQ,LAM,3000,3147.0,3000,100.0,ZNE,train,gold,MQ_LAM_GOLD_20140401_235415
"bucket2$765,:3,:6001",2014-04-01T23:53:51.029900,MQ,MLM,3000,,3000,100.0,ZNE,train,gold,MQ_MLM_GOLD_20140401_235421
"bucket2$766,:3,:6001",2014-04-01T23:53:50.220000,MQ,SAM,3000,3181.0,3000,100.0,ZNE,train,gold,MQ_SAM_GOLD_20140401_235420
"bucket2$767,:3,:6001",2014-04-01T23:56:07.369900,MQ,CPM,3000,,3000,100.0,ZNE,train,gold,MQ_CPM_GOLD_20140401_235637
"bucket9$337,:3,:6001",2014-04-01T23:56:05.109900,MQ,GBM,3000,,3000,100.0,ZNE,dev,gold,MQ_GBM_GOLD_20140401_235635
"bucket2$768,:3,:6001",2014-04-01T23:56:05.559900,MQ,MLM,3000,,3000,100.0,ZNE,train,gold,MQ_MLM_GOLD_20140401_235635
"bucket2$769,:3,:6001",2014-04-01T23:56:07.120000,MQ,SAM,3000,3146.0,3000,100.0,ZNE,train,gold,MQ_SAM_GOLD_20140401_235637
"bucket2$770,:3,:6001",2014-04-01T23:57:21.599900,MQ,BAM,3000,,3000,100.0,ZNE,train,gold,MQ_BAM_GOLD_20140401_235751
"bucket2$771,:3,:6001",2014-04-01T23:57:22.839900,MQ,CPM,3000,,3000,100.0,ZNE,train,gold,MQ_CPM_GOLD_20140401_235752
"bucket9$338,:3,:6001",2014-04-01T23:57:22.529900,MQ,GBM,3000,,3000,100.0,ZNE,dev,gold,MQ_GBM_GOLD_20140401_235752
"bucket2$772,:3,:6001",2014-04-01T23:57:22.680000,MQ,IA2,3000,3053.0,3000,100.0,ZNE,train,gold,MQ_IA2_GOLD_20140401_235752
"bucket9$339,:3,:6001",2014-04-01T23:57:22.240000,MQ,LAM,3000,3121.0,3000,100.0,ZNE,dev,gold,MQ_LAM_GOLD_20140401_235752
"bucket6$344,:3,:6001",2014-04-01T23:57:22.850000,MQ,SAM,3000,3132.0,3000,100.0,ZNE,test,gold,MQ_SAM_GOLD_20140401_235752
"bucket2$773,:3,:6001",2014-04-02T00:04:50.499900,MQ,BAM,3000,,3000,100.0,ZNE,train,gold,MQ_BAM_GOLD_20140402_000520
"bucket2$774,:3,:6001",2014-04-02T00:04:47.979900,MQ,CPM,3000,,3000,100.0,ZNE,train,gold,MQ_CPM_GOLD_20140402_000517
"bucket2$775,:3,:6001",2014-04-02T00:04:48.659900,MQ,GBM,3000,,3000,100.0,ZNE,train,gold,MQ_GBM_GOLD_20140402_000518
"bucket2$776,:3,:6001",2014-04-02T00:04:48.600000,MQ,IA2,3000,3128.0,3000,100.0,ZNE,train,gold,MQ_IA2_GOLD_20140402_000518
"bucket2$777,:3,:6001",2014-04-02T00:04:54.710000,MQ,SAM,3000,,3000,100.0,ZNE,train,gold,MQ_SAM_GOLD_20140402_000524
"bucket2$778,:3,:6001",2014-04-02T00:06:21.929900,MQ,BAM,3000,,3000,100.0,ZNE,train,gold,MQ_BAM_GOLD_20140402_000651
"bucket2$779,:3,:6001",2014-04-02T00:06:23.289900,MQ,CPM,3000,,3000,100.0,ZNE,train,gold,MQ_CPM_GOLD_20140402_000653
"bucket2$780,:3,:6001",2014-04-02T00:06:22.529900,MQ,GBM,3000,,3000,100.0,ZNE,train,gold,MQ_GBM_GOLD_20140402_000652
"bucket2$781,:3,:6001",2014-04-02T00:06:23.410000,MQ,LAM,3000,,3000,100.0,ZNE,train,gold,MQ_LAM_GOLD_20140402_000653
"bucket6$345,:3,:6001",2014-04-02T00:36:56.779900,MQ,BAM,3000,,3000,100.0,ZNE,test,gold,MQ_BAM_GOLD_20140402_003726
"bucket2$782,:3,:6001",2014-04-02T00:36:56.889900,MQ,GBM,3000,,3000,100.0,ZNE,train,gold,MQ_GBM_GOLD_20140402_003726
"bucket2$783,:3,:6001",2014-04-02T00:36:54.110000,MQ,SAM,3000,3160.0,3000,100.0,ZNE,train,gold,MQ_SAM_GOLD_20140402_003724
"bucket2$784,:3,:6001",2014-04-02T01:18:06.389900,MQ,BAM,3000,,3000,100.0,ZNE,train,gold,MQ_BAM_GOLD_20140402_011836
"bucket2$785,:3,:6001",2014-04-02T01:18:05.649900,MQ,GBM,3000,,3000,100.0,ZNE,train,gold,MQ_GBM_GOLD_20140402_011835
"bucket2$786,:3,:6001",2014-04-02T01:18:08.450000,MQ,IA2,3000,,3000,100.0,ZNE,train,gold,MQ_IA2_GOLD_20140402_011838
"bucket2$787,:3,:6001",2014-04-02T01:18:05.340000,MQ,LAM,3000,,3000,100.0,ZNE,train,gold,MQ_LAM_GOLD_20140402_011835
"bucket2$788,:3,:6001",2014-04-02T01:24:58.199900,MQ,BAM,3000,,3000,100.0,ZNE,train,gold,MQ_BAM_GOLD_20140402_012528
"bucket2$789,:3,:6001",2014-04-02T01:24:58.579900,MQ,CPM,3000,,3000,100.0,ZNE,train,gold,MQ_CPM_GOLD_20140402_012528
"bucket6$346,:3,:6001",2014-04-02T01:24:58.509900,MQ,GBM,3000,,3000,100.0,ZNE,test,gold,MQ_GBM_GOLD_20140402_012528
"bucket2$790,:3,:6001",2014-04-02T01:24:58.950000,MQ,LAM,3000,3024.0,3000,100.0,ZNE,train,gold,MQ_LAM_GOLD_20140402_012528
"bucket2$791,:3,:6001",2014-04-02T02:59:24.839900,MQ,BAM,3000,,3000,100.0,ZNE,train,gold,MQ_BAM_GOLD_20140402_025954
"bucket9$340,:3,:6001",2014-04-02T02:59:24.119900,MQ,GBM,3000,,3000,100.0,ZNE,dev,gold,MQ_GBM_GOLD_20140402_025954
"bucket2$792,:3,:6001",2014-04-02T02:59:25.040000,MQ,LAM,3000,,3000,100.0,ZNE,train,gold,MQ_LAM_GOLD_20140402_025955
"bucket9$341,:3,:6001",2014-04-02T02:59:27.200000,MQ,SAM,3000,3173.0,3000,100.0,ZNE,dev,gold,MQ_SAM_GOLD_20140402_025957
"bucket2$793,:3,:6001",2014-04-02T03:28:55.069900,MQ,GBM,3000,,3000,100.0,ZNE,train,gold,MQ_GBM_GOLD_20140402_032925
"bucket2$794,:3,:6001",2014-04-02T03:28:55.820000,MQ,IA2,3000,,3000,100.0,ZNE,train,gold,MQ_IA2_GOLD_20140402_032925
"bucket6$347,:3,:6001",2014-04-02T04:28:45.319900,MQ,BAM,3000,,3000,100.0,ZNE,test,gold,MQ_BAM_GOLD_20140402_042915
"bucket2$795,:3,:6001",2014-04-02T04:28:44.369900,MQ,GBM,3000,,3000,100.0,ZNE,train,gold,MQ_GBM_GOLD_20140402_042914
"bucket6$348,:3,:6001",2014-04-02T04:28:45.430000,MQ,IA2,3000,3126.0,3000,100.0,ZNE,test,gold,MQ_IA2_GOLD_20140402_042915
"bucket2$796,:3,:6001",2014-04-02T04:28:44.220000,MQ,LAM,3000,3274.0,3000,100.0,ZNE,train,gold,MQ_LAM_GOLD_20140402_042914
"bucket6$349,:3,:6001",2014-04-02T04:28:41.730000,MQ,SAM,3000,3213.0,3000,100.0,ZNE,test,gold,MQ_SAM_GOLD_20140402_042911
"bucket2$797,:3,:6001",2014-04-02T04:42:55.570000,MQ,IA2,3000,,3000,100.0,ZNE,train,gold,MQ_IA2_GOLD_20140402_044325
"bucket2$798,:3,:6001",2014-04-02T04:50:18.559900,MQ,BAM,3000,,3000,100.0,ZNE,train,gold,MQ_BAM_GOLD_20140402_045048
"bucket2$799,:3,:6001",2014-04-02T04:50:13.469900,MQ,CPM,3000,,3000,100.0,ZNE,train,gold,MQ_CPM_GOLD_20140402_045043
"bucket2$800,:3,:6001",2014-04-02T04:50:16.200000,MQ,IA2,3000,3161.0,3000,100.0,ZNE,train,gold,MQ_IA2_GOLD_20140402_045046
"bucket2$801,:3,:6001",2014-04-02T04:50:17.030000,MQ,LAM,3000,,3000,100.0,ZNE,train,gold,MQ_LAM_GOLD_20140402_045047
"bucket2$802,:3,:6001",2014-04-02T06:15:35.899900,MQ,BAM,3000,,3000,100.0,ZNE,train,gold,MQ_BAM_GOLD_20140402_061605
"bucket2$803,:3,:6001",2014-04-02T06:15:35.759900,MQ,CPM,3000,,3000,100.0,ZNE,train,gold,MQ_CPM_GOLD_20140402_061605
"bucket2$804,:3,:6001",2014-04-02T06:15:35.930000,MQ,IA2,3000,3172.0,3000,100.0,ZNE,train,gold,MQ_IA2_GOLD_20140402_061605
"bucket2$805,:3,:6001",2014-04-02T06:15:36.230000,MQ,LAM,3000,,3000,100.0,ZNE,train,gold,MQ_LAM_GOLD_20140402_061606
"bucket2$806,:3,:6001",2014-04-02T06:25:40.229900,MQ,BAM,3000,,3000,100.0,ZNE,train,gold,MQ_BAM_GOLD_20140402_062610
"bucket2$807,:3,:6001",2014-04-02T06:25:41.839900,MQ,CPM,3000,,3000,100.0,ZNE,train,gold,MQ_CPM_GOLD_20140402_062611
"bucket2$808,:3,:6001",2014-04-02T06:25:39.959900,MQ,GBM,3000,,3000,100.0,ZNE,train,gold,MQ_GBM_GOLD_20140402_062609
"bucket2$809,:3,:6001",2014-04-02T06:25:40.530000,MQ,IA2,3000,3148.0,3000,100.0,ZNE,train,gold,MQ_IA2_GOLD_20140402_062610
"bucket6$350,:3,:6001",2014-04-02T06:25:39.450000,MQ,LAM,3000,3189.0,3000,100.0,ZNE,test,gold,MQ_LAM_GOLD_20140402_062609
"bucket2$810,:3,:6001",2014-04-02T06:45:46.749900,MQ,BAM,3000,,3000,100.0,ZNE,train,gold,MQ_BAM_GOLD_20140402_064616
"bucket2$811,:3,:6001",2014-04-02T06:45:47.599900,MQ,CPM,3000,,3000,100.0,ZNE,train,gold,MQ_CPM_GOLD_20140402_064617
"bucket2$812,:3,:6001",2014-04-02T06:45:46.229900,MQ,GBM,3000,,3000,100.0,ZNE,train,gold,MQ_GBM_GOLD_20140402_064616
"bucket2$813,:3,:6001",2014-04-02T06:45:45.920000,MQ,LAM,3000,3257.0,3000,100.0,ZNE,train,gold,MQ_LAM_GOLD_20140402_064615
"bucket6$351,:3,:6001",2014-04-02T06:45:47.200000,MQ,SAM,3000,,3000,100.0,ZNE,test,gold,MQ_SAM_GOLD_20140402_064617
"bucket2$814,:3,:6001",2014-04-02T07:06:15.059900,MQ,CPM,3000,,3000,100.0,ZNE,train,gold,MQ_CPM_GOLD_20140402_070645
"bucket2$815,:3,:6001",2014-04-02T07:13:31.059900,MQ,BAM,3000,,3000,100.0,ZNE,train,gold,MQ_BAM_GOLD_20140402_071401
"bucket2$816,:3,:6001",2014-04-02T07:13:31.989900,MQ,CPM,3000,,3000,100.0,ZNE,train,gold,MQ_CPM_GOLD_20140402_071401
"bucket2$817,:3,:6001",2014-04-02T07:13:30.940000,MQ,IA2,3000,3327.0,3000,100.0,ZNE,train,gold,MQ_IA2_GOLD_20140402_071400
"bucket2$818,:3,:6001",2014-04-02T07:13:33.420000,MQ,SAM,3000,3124.0,3000,100.0,ZNE,train,gold,MQ_SAM_GOLD_20140402_071403
"bucket2$819,:3,:6001",2014-04-02T07:20:34.989900,MQ,BAM,3000,,3000,100.0,ZNE,train,gold,MQ_BAM_GOLD_20140402_072104
"bucket6$352,:3,:6001",2014-04-02T07:20:36.179900,MQ,CPM,3000,,3000,100.0,ZNE,test,gold,MQ_CPM_GOLD_20140402_072106
"bucket2$820,:3,:6001",2014-04-02T07:20:35.479900,MQ,MLM,3000,,3000,100.0,ZNE,train,gold,MQ_MLM_GOLD_20140402_072105
"bucket2$821,:3,:6001",2014-04-02T07:23:07.479900,MQ,BAM,3000,,3000,100.0,ZNE,train,gold,MQ_BAM_GOLD_20140402_072337
"bucket2$822,:3,:6001",2014-04-02T07:23:05.619900,MQ,CPM,3000,,3000,100.0,ZNE,train,gold,MQ_CPM_GOLD_20140402_072335
"bucket2$823,:3,:6001",2014-04-02T07:23:06.509900,MQ,GBM,3000,,3000,100.0,ZNE,train,gold,MQ_GBM_GOLD_20140402_072336
"bucket2$824,:3,:6001",2014-04-02T07:23:06.390000,MQ,LAM,3000,,3000,100.0,ZNE,train,gold,MQ_LAM_GOLD_20140402_072336
"bucket2$825,:3,:6001",2014-04-02T08:53:45.310000,MQ,SAM,3000,,3000,100.0,ZNE,train,gold,MQ_SAM_GOLD_20140402_085415
"bucket2$826,:3,:6001",2014-04-02T09:03:57.809900,MQ,BAM,3000,,3000,100.0,ZNE,train,gold,MQ_BAM_GOLD_20140402_090427
"bucket9$342,:3,:6001",2014-04-02T09:03:57.179900,MQ,CPM,3000,,3000,100.0,ZNE,dev,gold,MQ_CPM_GOLD_20140402_090427
"bucket2$827,:3,:6001",2014-04-02T09:04:02.059900,MQ,GBM,3000,,3000,100.0,ZNE,train,gold,MQ_GBM_GOLD_20140402_090432
"bucket2$828,:3,:6001",2014-04-02T09:04:00.090000,MQ,IA2,3000,3153.0,3000,100.0,ZNE,train,gold,MQ_IA2_GOLD_20140402_090430
"bucket2$829,:3,:6001",2014-04-02T10:23:27.799900,MQ,BAM,3000,,3000,100.0,ZNE,train,gold,MQ_BAM_GOLD_20140402_102357
"bucket2$830,:3,:6001",2014-04-02T10:23:30.039900,MQ,GBM,3000,,3000,100.0,ZNE,train,gold,MQ_GBM_GOLD_20140402_102400
"bucket2$831,:3,:6001",2014-04-02T10:23:26.300000,MQ,LAM,3000,3217.0,3000,100.0,ZNE,train,gold,MQ_LAM_GOLD_20140402_102356
"bucket2$832,:3,:6001",2014-04-02T10:23:32.559900,MQ,MLM,3000,,3000,100.0,ZNE,train,gold,MQ_MLM_GOLD_20140402_102402
"bucket2$833,:3,:6001",2014-04-02T10:32:22.799900,MQ,BAM,3000,,3000,100.0,ZNE,train,gold,MQ_BAM_GOLD_20140402_103252
"bucket2$834,:3,:6001",2014-04-02T10:32:22.019900,MQ,CPM,3000,,3000,100.0,ZNE,train,gold,MQ_CPM_GOLD_20140402_103252
"bucket2$835,:3,:6001",2014-04-02T10:34:29.039900,MQ,CPM,3000,,3000,100.0,ZNE,train,gold,MQ_CPM_GOLD_20140402_103459
"bucket2$836,:3,:6001",2014-04-02T10:34:31.649900,MQ,GBM,3000,,3000,100.0,ZNE,train,gold,MQ_GBM_GOLD_20140402_103501
"bucket2$837,:3,:6001",2014-04-02T10:34:33.350000,MQ,IA2,3000,3121.0,3000,100.0,ZNE,train,gold,MQ_IA2_GOLD_20140402_103503
"bucket2$838,:3,:6001",2014-04-02T10:34:30.789900,MQ,MLM,3000,,3000,100.0,ZNE,train,gold,MQ_MLM_GOLD_20140402_103500
"bucket2$839,:3,:6001",2014-04-02T10:35:12.299900,MQ,CPM,3000,,3000,100.0,ZNE,train,gold,MQ_CPM_GOLD_20140402_103542
"bucket2$840,:3,:6001",2014-04-02T10:35:11.209900,MQ,GBM,3000,,3000,100.0,ZNE,train,gold,MQ_GBM_GOLD_20140402_103541
"bucket9$343,:3,:6001",2014-04-02T10:35:11.830000,MQ,SAM,3000,3235.0,3000,100.0,ZNE,dev,gold,MQ_SAM_GOLD_20140402_103541
"bucket2$841,:3,:6001",2014-04-02T11:21:15.099900,MQ,GBM,3000,,3000,100.0,ZNE,train,gold,MQ_GBM_GOLD_20140402_112145
"bucket2$842,:3,:6001",2014-04-02T11:21:15.670000,MQ,IA2,3000,,3000,100.0,ZNE,train,gold,MQ_IA2_GOLD_20140402_112145
"bucket6$353,:3,:6001",2014-04-02T11:21:14.940000,MQ,LAM,3000,,3000,100.0,ZNE,test,gold,MQ_LAM_GOLD_20140402_112144
"bucket2$843,:3,:6001",2014-04-02T12:03:52.559900,MQ,BAM,3000,,3000,100.0,ZNE,train,gold,MQ_BAM_GOLD_20140402_120422
"bucket2$844,:3,:6001",2014-04-02T12:03:46.449900,MQ,CPM,3000,,3000,100.0,ZNE,train,gold,MQ_CPM_GOLD_20140402_120416
"bucket2$845,:3,:6001",2014-04-02T12:03:54.709900,MQ,GBM,3000,,3000,100.0,ZNE,train,gold,MQ_GBM_GOLD_20140402_120424
"bucket2$846,:3,:6001",2014-04-02T12:03:49.359900,MQ,MLM,3000,,3000,100.0,ZNE,train,gold,MQ_MLM_GOLD_20140402_120419
"bucket2$847,:3,:6001",2014-04-02T12:19:53.769900,MQ,MLM,3000,,3000,100.0,ZNE,train,gold,MQ_MLM_GOLD_20140402_122023
"bucket2$848,:3,:6001",2014-04-02T13:22:13.239900,MQ,CPM,3000,,3000,100.0,ZNE,train,gold,MQ_CPM_GOLD_20140402_132243
"bucket2$849,:3,:6001",2014-04-02T13:22:12.370000,MQ,IA2,3000,3050.0,3000,100.0,ZNE,train,gold,MQ_IA2_GOLD_20140402_132242
"bucket6$354,:3,:6001",2014-04-02T13:23:54.649900,MQ,BAM,3000,,3000,100.0,ZNE,test,gold,MQ_BAM_GOLD_20140402_132424
"bucket2$850,:3,:6001",2014-04-02T13:23:45.589900,MQ,CPM,3000,,3000,100.0,ZNE,train,gold,MQ_CPM_GOLD_20140402_132415
"bucket6$355,:3,:6001",2014-04-02T13:23:49.999900,MQ,MLM,3000,,3000,100.0,ZNE,test,gold,MQ_MLM_GOLD_20140402_132419
"bucket2$851,:3,:6001",2014-04-02T13:23:45.320000,MQ,SAM,3000,3095.0,3000,100.0,ZNE,train,gold,MQ_SAM_GOLD_20140402_132415
"bucket2$852,:3,:6001",2014-04-02T13:26:13.769900,MQ,BAM,3000,,3000,100.0,ZNE,train,gold,MQ_BAM_GOLD_20140402_132643
"bucket2$853,:3,:6001",2014-04-02T13:26:13.169900,MQ,GBM,3000,,3000,100.0,ZNE,train,gold,MQ_GBM_GOLD_20140402_132643
"bucket2$854,:3,:6001",2014-04-02T13:26:12.770000,MQ,LAM,3000,3181.0,3000,100.0,ZNE,train,gold,MQ_LAM_GOLD_20140402_132642
"bucket2$855,:3,:6001",2014-04-02T13:26:14.300000,MQ,SAM,3000,,3000,100.0,ZNE,train,gold,MQ_SAM_GOLD_20140402_132644
"bucket2$856,:3,:6001",2014-04-02T13:41:21.749900,MQ,BAM,3000,,3000,100.0,ZNE,train,gold,MQ_BAM_GOLD_20140402_134151
"bucket2$857,:3,:6001",2014-04-02T13:41:29.419900,MQ,CPM,3000,,3000,100.0,ZNE,train,gold,MQ_CPM_GOLD_20140402_134159
"bucket2$858,:3,:6001",2014-04-02T13:41:25.339900,MQ,GBM,3000,,3000,100.0,ZNE,train,gold,MQ_GBM_GOLD_20140402_134155
"bucket2$859,:3,:6001",2014-04-02T13:41:25.170000,MQ,LAM,3000,3074.0,3000,100.0,ZNE,train,gold,MQ_LAM_GOLD_20140402_134155
"bucket2$860,:3,:6001",2014-04-02T13:42:38.669900,MQ,CPM,3000,,3000,100.0,ZNE,train,gold,MQ_CPM_GOLD_20140402_134308
"bucket2$861,:3,:6001",2014-04-02T13:42:40.159900,MQ,MLM,3000,,3000,100.0,ZNE,train,gold,MQ_MLM_GOLD_20140402_134310
"bucket2$862,:3,:6001",2014-04-02T14:05:08.249900,MQ,BAM,3000,,3000,100.0,ZNE,train,gold,MQ_BAM_GOLD_20140402_140538
"bucket2$863,:3,:6001",2014-04-02T14:05:01.959900,MQ,CPM,3000,,3000,100.0,ZNE,train,gold,MQ_CPM_GOLD_20140402_140531
"bucket2$864,:3,:6001",2014-04-02T14:04:59.429900,MQ,GBM,3000,,3000,100.0,ZNE,train,gold,MQ_GBM_GOLD_20140402_140529
"bucket2$865,:3,:6001",2014-04-02T14:05:05.050000,MQ,SAM,3000,3182.0,3000,100.0,ZNE,train,gold,MQ_SAM_GOLD_20140402_140535
"bucket9$344,:3,:6001",2014-04-02T15:12:18.959900,MQ,BAM,3000,,3000,100.0,ZNE,dev,gold,MQ_BAM_GOLD_20140402_151248
"bucket2$866,:3,:6001",2014-04-02T15:12:16.889900,MQ,CPM,3000,,3000,100.0,ZNE,train,gold,MQ_CPM_GOLD_20140402_151246
"bucket2$867,:3,:6001",2014-04-02T15:12:17.639900,MQ,GBM,3000,,3000,100.0,ZNE,train,gold,MQ_GBM_GOLD_20140402_151247
"bucket2$868,:3,:6001",2014-04-02T15:12:18.510000,MQ,IA2,3000,,3000,100.0,ZNE,train,gold,MQ_IA2_GOLD_20140402_151248
"bucket2$869,:3,:6001",2014-04-02T15:12:17.090000,MQ,LAM,3000,,3000,100.0,ZNE,train,gold,MQ_LAM_GOLD_20140402_151247
"bucket2$870,:3,:6001",2014-04-02T15:12:18.189900,MQ,MLM,3000,,3000,100.0,ZNE,train,gold,MQ_MLM_GOLD_20140402_151248
"bucket2$871,:3,:6001",2014-04-02T15:36:57.719900,MQ,MLM,3000,,3000,100.0,ZNE,train,gold,MQ_MLM_GOLD_20140402_153727
"bucket2$872,:3,:6001",2014-04-02T16:57:45.639900,MQ,BAM,3000,,3000,100.0,ZNE,train,gold,MQ_BAM_GOLD_20140402_165815
"bucket2$873,:3,:6001",2014-04-02T16:57:46.139900,MQ,CPM,3000,,3000,100.0,ZNE,train,gold,MQ_CPM_GOLD_20140402_165816
"bucket2$874,:3,:6001",2014-04-02T16:57:44.969900,MQ,GBM,3000,,3000,100.0,ZNE,train,gold,MQ_GBM_GOLD_20140402_165814
"bucket2$875,:3,:6001",2014-04-02T16:57:45.760000,MQ,IA2,3000,3060.0,3000,100.0,ZNE,train,gold,MQ_IA2_GOLD_20140402_165815
"bucket2$876,:3,:6001",2014-04-02T16:57:44.620000,MQ,LAM,3000,3271.0,3000,100.0,ZNE,train,gold,MQ_LAM_GOLD_20140402_165814
"bucket2$877,:3,:6001",2014-04-02T16:57:47.909900,MQ,MLM,3000,,3000,100.0,ZNE,train,gold,MQ_MLM_GOLD_20140402_165817
"bucket2$878,:3,:6001",2014-04-02T16:57:46.030000,MQ,SAM,3000,3102.0,3000,100.0,ZNE,train,gold,MQ_SAM_GOLD_20140402_165816
"bucket2$879,:3,:6001",2014-04-02T18:32:45.729900,MQ,BAM,3000,,3000,100.0,ZNE,train,gold,MQ_BAM_GOLD_20140402_183315
"bucket2$880,:3,:6001",2014-04-02T18:32:43.590000,MQ,IA2,3000,3053.0,3000,100.0,ZNE,train,gold,MQ_IA2_GOLD_20140402_183313
"bucket6$356,:3,:6001",2014-04-02T19:01:18.209900,MQ,BAM,3000,,3000,100.0,ZNE,test,gold,MQ_BAM_GOLD_20140402_190148
"bucket2$881,:3,:6001",2014-04-02T19:01:18.399900,MQ,GBM,3000,,3000,100.0,ZNE,train,gold,MQ_GBM_GOLD_20140402_190148
"bucket2$882,:3,:6001",2014-04-02T19:01:21.490000,MQ,IA2,3000,3180.0,3000,100.0,ZNE,train,gold,MQ_IA2_GOLD_20140402_190151
"bucket2$883,:3,:6001",2014-04-02T19:01:20.970000,MQ,LAM,3000,,3000,100.0,ZNE,train,gold,MQ_LAM_GOLD_20140402_190150
"bucket2$884,:3,:6001",2014-04-02T19:13:36.839900,MQ,BAM,3000,,3000,100.0,ZNE,train,gold,MQ_BAM_GOLD_20140402_191406
"bucket6$357,:3,:6001",2014-04-02T19:13:41.179900,MQ,CPM,3000,,3000,100.0,ZNE,test,gold,MQ_CPM_GOLD_20140402_191411
"bucket2$885,:3,:6001",2014-04-02T19:13:36.719900,MQ,GBM,3000,,3000,100.0,ZNE,train,gold,MQ_GBM_GOLD_20140402_191406
"bucket2$886,:3,:6001",2014-04-02T19:13:46.130000,MQ,IA2,3000,3165.0,3000,100.0,ZNE,train,gold,MQ_IA2_GOLD_20140402_191416
"bucket2$887,:3,:6001",2014-04-02T19:48:56.029900,MQ,BAM,3000,,3000,100.0,ZNE,train,gold,MQ_BAM_GOLD_20140402_194926
"bucket2$888,:3,:6001",2014-04-02T19:48:55.889900,MQ,GBM,3000,,3000,100.0,ZNE,train,gold,MQ_GBM_GOLD_20140402_194925
"bucket2$889,:3,:6001",2014-04-02T19:49:00.910000,MQ,LAM,3000,,3000,100.0,ZNE,train,gold,MQ_LAM_GOLD_20140402_194930
"bucket2$890,:3,:6001",2014-04-02T19:48:53.309900,MQ,MLM,3000,,3000,100.0,ZNE,train,gold,MQ_MLM_GOLD_20140402_194923
"bucket2$891,:3,:6001",2014-04-02T19:48:53.550000,MQ,SAM,3000,3174.0,3000,100.0,ZNE,train,gold,MQ_SAM_GOLD_20140402_194923
"bucket9$345,:3,:6001",2014-04-02T20:14:19.729900,MQ,CPM,3000,,3000,100.0,ZNE,dev,gold,MQ_CPM_GOLD_20140402_201449
"bucket2$892,:3,:6001",2014-04-02T20:14:18.549900,MQ,GBM,3000,,3000,100.0,ZNE,train,gold,MQ_GBM_GOLD_20140402_201448
"bucket6$358,:3,:6001",2014-04-02T20:14:24.250000,MQ,LAM,3000,,3000,100.0,ZNE,test,gold,MQ_LAM_GOLD_20140402_201454
"bucket2$893,:3,:6001",2014-04-02T20:14:19.899900,MQ,MLM,3000,,3000,100.0,ZNE,train,gold,MQ_MLM_GOLD_20140402_201449
"bucket2$894,:3,:6001",2014-04-02T20:14:51.069900,MQ,BAM,3000,,3000,100.0,ZNE,train,gold,MQ_BAM_GOLD_20140402_201521
"bucket2$895,:3,:6001",2014-04-02T20:14:48.239900,MQ,CPM,3000,,3000,100.0,ZNE,train,gold,MQ_CPM_GOLD_20140402_201518
"bucket2$896,:3,:6001",2014-04-02T20:14:49.629900,MQ,MLM,3000,,3000,100.0,ZNE,train,gold,MQ_MLM_GOLD_20140402_201519
"bucket2$897,:3,:6001",2014-04-02T20:14:44.340000,MQ,SAM,3000,3142.0,3000,100.0,ZNE,train,gold,MQ_SAM_GOLD_20140402_201514
"bucket9$346,:3,:6001",2014-04-02T20:48:08.279900,MQ,BAM,3000,,3000,100.0,ZNE,dev,gold,MQ_BAM_GOLD_20140402_204838
"bucket2$898,:3,:6001",2014-04-02T20:48:13.399900,MQ,GBM,3000,,3000,100.0,ZNE,train,gold,MQ_GBM_GOLD_20140402_204843
"bucket2$899,:3,:6001",2014-04-02T20:48:07.880000,MQ,LAM,3000,3254.0,3000,100.0,ZNE,train,gold,MQ_LAM_GOLD_20140402_204837
"bucket2$900,:3,:6001",2014-04-02T20:48:09.230000,MQ,SAM,3000,,3000,100.0,ZNE,train,gold,MQ_SAM_GOLD_20140402_204839
"bucket6$359,:3,:6001",2014-04-02T21:25:25.679900,MQ,BAM,3000,,3000,100.0,ZNE,test,gold,MQ_BAM_GOLD_20140402_212555
"bucket9$347,:3,:6001",2014-04-02T21:25:24.039900,MQ,GBM,3000,,3000,100.0,ZNE,dev,gold,MQ_GBM_GOLD_20140402_212554
"bucket6$360,:3,:6001",2014-04-02T21:25:25.380000,MQ,IA2,3000,3111.0,3000,100.0,ZNE,test,gold,MQ_IA2_GOLD_20140402_212555
"bucket2$901,:3,:6001",2014-04-02T21:25:25.380000,MQ,SAM,3000,3215.0,3000,100.0,ZNE,train,gold,MQ_SAM_GOLD_20140402_212555
"bucket2$902,:3,:6001",2014-04-02T21:35:00.599900,MQ,BAM,3000,,3000,100.0,ZNE,train,gold,MQ_BAM_GOLD_20140402_213530
"bucket2$903,:3,:6001",2014-04-02T21:34:52.219900,MQ,CPM,3000,,3000,100.0,ZNE,train,gold,MQ_CPM_GOLD_20140402_213522
"bucket2$904,:3,:6001",2014-04-02T21:34:54.909900,MQ,GBM,3000,,3000,100.0,ZNE,train,gold,MQ_GBM_GOLD_20140402_213524
"bucket2$905,:3,:6001",2014-04-02T21:34:57.070000,MQ,SAM,3000,3406.0,3000,100.0,ZNE,train,gold,MQ_SAM_GOLD_20140402_213527
"bucket2$906,:3,:6001",2014-04-02T21:42:10.849900,MQ,GBM,3000,,3000,100.0,ZNE,train,gold,MQ_GBM_GOLD_20140402_214240
"bucket2$907,:3,:6001",2014-04-02T21:42:19.900000,MQ,IA2,3000,,3000,100.0,ZNE,train,gold,MQ_IA2_GOLD_20140402_214249
"bucket9$348,:3,:6001",2014-04-02T21:42:17.160000,MQ,LAM,3000,3037.0,3000,100.0,ZNE,dev,gold,MQ_LAM_GOLD_20140402_214247
"bucket2$908,:3,:6001",2014-04-02T21:42:12.400000,MQ,SAM,3000,3198.0,3000,100.0,ZNE,train,gold,MQ_SAM_GOLD_20140402_214242
"bucket2$909,:3,:6001",2014-04-02T21:55:27.879900,MQ,BAM,3000,,3000,100.0,ZNE,train,gold,MQ_BAM_GOLD_20140402_215557
"bucket6$361,:3,:6001",2014-04-02T21:55:25.739900,MQ,GBM,3000,,3000,100.0,ZNE,test,gold,MQ_GBM_GOLD_20140402_215555
"bucket2$910,:3,:6001",2014-04-02T21:55:28.570000,MQ,LAM,3000,,3000,100.0,ZNE,train,gold,MQ_LAM_GOLD_20140402_215558
"bucket2$911,:3,:6001",2014-04-02T21:55:25.860000,MQ,SAM,3000,,3000,100.0,ZNE,train,gold,MQ_SAM_GOLD_20140402_215555
"bucket2$912,:3,:6001",2014-04-03T02:50:02.359900,MQ,BAM,3000,,3000,100.0,ZNE,train,gold,MQ_BAM_GOLD_20140403_025032
"bucket9$349,:3,:6001",2014-04-03T02:50:07.259900,MQ,CPM,3000,,3000,100.0,ZNE,dev,gold,MQ_CPM_GOLD_20140403_025037
"bucket2$913,:3,:6001",2014-04-03T02:50:05.510000,MQ,IA2,3000,3065.0,3000,100.0,ZNE,train,gold,MQ_IA2_GOLD_20140403_025035
"bucket2$914,:3,:6001",2014-04-03T02:49:59.019900,MQ,MLM,3000,,3000,100.0,ZNE,train,gold,MQ_MLM_GOLD_20140403_025029
"bucket2$915,:3,:6001",2014-04-03T02:50:09.189900,MQ,BAM,3000,,3000,100.0,ZNE,train,gold,MQ_BAM_GOLD_20140403_025039
"bucket2$916,:3,:6001",2014-04-03T02:50:07.259900,MQ,CPM,3000,,3000,100.0,ZNE,train,gold,MQ_CPM_GOLD_20140403_025037
"bucket2$917,:3,:6001",2014-04-03T02:50:10.079900,MQ,GBM,3000,,3000,100.0,ZNE,train,gold,MQ_GBM_GOLD_20140403_025040
"bucket2$918,:3,:6001",2014-04-03T02:50:10.479900,MQ,MLM,3000,,3000,100.0,ZNE,train,gold,MQ_MLM_GOLD_20140403_025040
"bucket2$919,:3,:6001",2014-04-03T02:50:10.400000,MQ,SAM,3000,3168.0,3000,100.0,ZNE,train,gold,MQ_SAM_GOLD_20140403_025040
"bucket6$362,:3,:6001",2014-04-03T02:51:12.599900,MQ,GBM,3000,,3000,100.0,ZNE,test,gold,MQ_GBM_GOLD_20140403_025142
"bucket2$920,:3,:6001",2014-04-03T02:51:15.640000,MQ,LAM,3000,,3000,100.0,ZNE,train,gold,MQ_LAM_GOLD_20140403_025145
"bucket6$363,:3,:6001",2014-04-03T02:51:13.269900,MQ,MLM,3000,,3000,100.0,ZNE,test,gold,MQ_MLM_GOLD_20140403_025143
"bucket2$921,:3,:6001",2014-04-03T02:51:10.470000,MQ,SAM,3000,3134.0,3000,100.0,ZNE,train,gold,MQ_SAM_GOLD_20140403_025140
"bucket2$922,:3,:6001",2014-04-03T02:51:29.719900,MQ,CPM,3000,,3000,100.0,ZNE,train,gold,MQ_CPM_GOLD_20140403_025159
"bucket9$350,:3,:6001",2014-04-03T02:51:27.440000,MQ,IA2,3000,,3000,100.0,ZNE,dev,gold,MQ_IA2_GOLD_20140403_025157
"bucket2$923,:3,:6001",2014-04-03T02:51:22.600000,MQ,LAM,3000,3254.0,3000,100.0,ZNE,train,gold,MQ_LAM_GOLD_20140403_025152
"bucket2$924,:3,:6001",2014-04-03T02:51:29.289900,MQ,MLM,3000,,3000,100.0,ZNE,train,gold,MQ_MLM_GOLD_20140403_025159
"bucket2$925,:3,:6001",2014-04-03T02:51:29.400000,MQ,SAM,3000,3145.0,3000,100.0,ZNE,train,gold,MQ_SAM_GOLD_20140403_025159
"bucket2$926,:3,:6001",2014-04-03T02:51:42.539900,MQ,BAM,3000,,3000,100.0,ZNE,train,gold,MQ_BAM_GOLD_20140403_025212
"bucket2$927,:3,:6001",2014-04-03T02:51:40.169900,MQ,CPM,3000,,3000,100.0,ZNE,train,gold,MQ_CPM_GOLD_20140403_025210
"bucket2$928,:3,:6001",2014-04-03T02:51:38.970000,MQ,LAM,3000,3198.0,3000,100.0,ZNE,train,gold,MQ_LAM_GOLD_20140403_025208
"bucket2$929,:3,:6001",2014-04-03T02:51:45.290000,MQ,SAM,3000,3114.0,3000,100.0,ZNE,train,gold,MQ_SAM_GOLD_20140403_025215
"bucket2$930,:3,:6001",2014-04-03T02:52:36.909900,MQ,CPM,3000,,3000,100.0,ZNE,train,gold,MQ_CPM_GOLD_20140403_025306
"bucket2$931,:3,:6001",2014-04-03T02:52:32.320000,MQ,LAM,3000,3198.0,3000,100.0,ZNE,train,gold,MQ_LAM_GOLD_20140403_025302
"bucket2$932,:3,:6001",2014-04-03T02:52:30.689900,MQ,MLM,3000,,3000,100.0,ZNE,train,gold,MQ_MLM_GOLD_20140403_025300
"bucket2$933,:3,:6001",2014-04-03T02:52:30.460000,MQ,SAM,3000,3143.0,3000,100.0,ZNE,train,gold,MQ_SAM_GOLD_20140403_025300
"bucket6$364,:3,:6001",2014-04-03T02:52:53.859900,MQ,BAM,3000,,3000,100.0,ZNE,test,gold,MQ_BAM_GOLD_20140403_025323
"bucket2$934,:3,:6001",2014-04-03T02:52:55.709900,MQ,CPM,3000,,3000,100.0,ZNE,train,gold,MQ_CPM_GOLD_20140403_025325
"bucket6$365,:3,:6001",2014-04-03T02:52:58.129900,MQ,GBM,3000,,3000,100.0,ZNE,test,gold,MQ_GBM_GOLD_20140403_025328
"bucket9$351,:3,:6001",2014-04-03T02:53:00.340000,MQ,LAM,3000,,3000,100.0,ZNE,dev,gold,MQ_LAM_GOLD_20140403_025330
"bucket2$935,:3,:6001",2014-04-03T02:52:53.020000,MQ,SAM,3000,3194.0,3000,100.0,ZNE,train,gold,MQ_SAM_GOLD_20140403_025323
"bucket9$352,:3,:6001",2014-04-03T02:58:50.929900,MQ,BAM,3000,,3000,100.0,ZNE,dev,gold,MQ_BAM_GOLD_20140403_025920
"bucket2$936,:3,:6001",2014-04-03T02:58:50.819900,MQ,CPM,3000,,3000,100.0,ZNE,train,gold,MQ_CPM_GOLD_20140403_025920
"bucket2$937,:3,:6001",2014-04-03T02:58:51.490000,MQ,IA2,3000,3017.0,3000,100.0,ZNE,train,gold,MQ_IA2_GOLD_20140403_025921
"bucket2$938,:3,:6001",2014-04-03T02:58:49.930000,MQ,LAM,3000,3050.0,3000,100.0,ZNE,train,gold,MQ_LAM_GOLD_20140403_025919
"bucket6$366,:3,:6001",2014-04-03T03:49:58.819900,MQ,BAM,3000,,3000,100.0,ZNE,test,gold,MQ_BAM_GOLD_20140403_035028
"bucket6$367,:3,:6001",2014-04-03T03:49:58.429900,MQ,CPM,3000,,3000,100.0,ZNE,test,gold,MQ_CPM_GOLD_20140403_035028
"bucket2$939,:3,:6001",2014-04-03T03:49:58.779900,MQ,GBM,3000,,3000,100.0,ZNE,train,gold,MQ_GBM_GOLD_20140403_035028
"bucket2$940,:3,:6001",2014-04-03T03:49:58.830000,MQ,IA2,3000,,3000,100.0,ZNE,train,gold,MQ_IA2_GOLD_20140403_035028
"bucket2$941,:3,:6001",2014-04-03T03:49:59.270000,MQ,LAM,3000,,3000,100.0,ZNE,train,gold,MQ_LAM_GOLD_20140403_035029
"bucket9$353,:3,:6001",2014-04-03T03:49:59.149900,MQ,MLM,3000,,3000,100.0,ZNE,dev,gold,MQ_MLM_GOLD_20140403_035029
"bucket2$942,:3,:6001",2014-04-03T03:49:58.810000,MQ,SAM,3000,,3000,100.0,ZNE,train,gold,MQ_SAM_GOLD_20140403_035028
"bucket2$943,:3,:6001",2014-04-03T06:06:32.839900,MQ,BAM,3000,,3000,100.0,ZNE,train,gold,MQ_BAM_GOLD_20140403_060702
"bucket2$944,:3,:6001",2014-04-03T06:06:32.279900,MQ,CPM,3000,,3000,100.0,ZNE,train,gold,MQ_CPM_GOLD_20140403_060702
"bucket2$945,:3,:6001",2014-04-03T06:06:33.100000,MQ,IA2,3000,3131.0,3000,100.0,ZNE,train,gold,MQ_IA2_GOLD_20140403_060703
"bucket2$946,:3,:6001",2014-04-03T06:06:32.960000,MQ,LAM,3000,3075.0,3000,100.0,ZNE,train,gold,MQ_LAM_GOLD_20140403_060702
"bucket2$947,:3,:6001",2014-04-03T08:12:56.019900,MQ,BAM,3000,,3000,100.0,ZNE,train,gold,MQ_BAM_GOLD_20140403_081326
"bucket2$948,:3,:6001",2014-04-03T08:12:51.369900,MQ,CPM,3000,,3000,100.0,ZNE,train,gold,MQ_CPM_GOLD_20140403_081321
"bucket2$949,:3,:6001",2014-04-03T08:13:00.119900,MQ,GBM,3000,,3000,100.0,ZNE,train,gold,MQ_GBM_GOLD_20140403_081330
"bucket2$950,:3,:6001",2014-04-03T08:13:01.199900,MQ,MLM,3000,,3000,100.0,ZNE,train,gold,MQ_MLM_GOLD_20140403_081331
"bucket2$951,:3,:6001",2014-04-03T08:34:08.619900,MQ,BAM,3000,,3000,100.0,ZNE,train,gold,MQ_BAM_GOLD_20140403_083438
"bucket2$952,:3,:6001",2014-04-03T08:34:13.579900,MQ,CPM,3000,,3000,100.0,ZNE,train,gold,MQ_CPM_GOLD_20140403_083443
"bucket2$953,:3,:6001",2014-04-03T08:34:15.619900,MQ,GBM,3000,,3000,100.0,ZNE,train,gold,MQ_GBM_GOLD_20140403_083445
"bucket2$954,:3,:6001",2014-04-03T08:34:18.580000,MQ,LAM,3000,3073.0,3000,100.0,ZNE,train,gold,MQ_LAM_GOLD_20140403_083448
"bucket2$955,:3,:6001",2014-04-03T08:34:16.059900,MQ,MLM,3000,,3000,100.0,ZNE,train,gold,MQ_MLM_GOLD_20140403_083446
"bucket2$956,:3,:6001",2014-04-03T08:34:08.700000,MQ,SAM,3000,3152.0,3000,100.0,ZNE,train,gold,MQ_SAM_GOLD_20140403_083438
"bucket6$368,:3,:6001",2014-04-03T08:36:33.749900,MQ,BAM,3000,,3000,100.0,ZNE,test,gold,MQ_BAM_GOLD_20140403_083703
"bucket6$369,:3,:6001",2014-04-03T08:36:36.999900,MQ,GBM,3000,,3000,100.0,ZNE,test,gold,MQ_GBM_GOLD_20140403_083706
"bucket9$354,:3,:6001",2014-04-03T08:36:31.829900,MQ,MLM,3000,,3000,100.0,ZNE,dev,gold,MQ_MLM_GOLD_20140403_083701
"bucket2$957,:3,:6001",2014-04-03T08:36:32.950000,MQ,SAM,3000,,3000,100.0,ZNE,train,gold,MQ_SAM_GOLD_20140403_083702
"bucket2$958,:3,:6001",2014-04-03T08:49:59.319900,MQ,BAM,3000,,3000,100.0,ZNE,train,gold,MQ_BAM_GOLD_20140403_085029
"bucket9$355,:3,:6001",2014-04-03T08:49:55.219900,MQ,GBM,3000,,3000,100.0,ZNE,dev,gold,MQ_GBM_GOLD_20140403_085025
"bucket2$959,:3,:6001",2014-04-03T08:50:00.420000,MQ,LAM,3000,3176.0,3000,100.0,ZNE,train,gold,MQ_LAM_GOLD_20140403_085030
"bucket2$960,:3,:6001",2014-04-03T08:49:59.729900,MQ,MLM,3000,,3000,100.0,ZNE,train,gold,MQ_MLM_GOLD_20140403_085029
"bucket2$961,:3,:6001",2014-04-03T09:56:37.729900,MQ,BAM,3000,,3000,100.0,ZNE,train,gold,MQ_BAM_GOLD_20140403_095707
"bucket2$962,:3,:6001",2014-04-03T09:56:37.689900,MQ,GBM,3000,,3000,100.0,ZNE,train,gold,MQ_GBM_GOLD_20140403_095707
"bucket2$963,:3,:6001",2014-04-03T09:56:36.880000,MQ,LAM,3000,3060.0,3000,100.0,ZNE,train,gold,MQ_LAM_GOLD_20140403_095706
"bucket2$964,:3,:6001",2014-04-03T09:56:38.390000,MQ,SAM,3000,,3000,100.0,ZNE,train,gold,MQ_SAM_GOLD_20140403_095708
"bucket2$965,:3,:6001",2014-04-03T10:56:37.659900,MQ,BAM,3000,,3000,100.0,ZNE,train,gold,MQ_BAM_GOLD_20140403_105707
"bucket2$966,:3,:6001",2014-04-03T10:56:36.559900,MQ,CPM,3000,,3000,100.0,ZNE,train,gold,MQ_CPM_GOLD_20140403_105706
"bucket6$370,:3,:6001",2014-04-03T10:56:33.909900,MQ,MLM,3000,,3000,100.0,ZNE,test,gold,MQ_MLM_GOLD_20140403_105703
"bucket2$967,:3,:6001",2014-04-03T10:56:35.020000,MQ,SAM,3000,,3000,100.0,ZNE,train,gold,MQ_SAM_GOLD_20140403_105705
"bucket9$356,:3,:6001",2014-04-03T11:14:45.219900,MQ,CPM,3000,,3000,100.0,ZNE,dev,gold,MQ_CPM_GOLD_20140403_111515
"bucket2$968,:3,:6001",2014-04-03T11:14:50.279900,MQ,GBM,3000,,3000,100.0,ZNE,train,gold,MQ_GBM_GOLD_20140403_111520
"bucket2$969,:3,:6001",2014-04-03T11:14:49.330000,MQ,LAM,3000,,3000,100.0,ZNE,train,gold,MQ_LAM_GOLD_20140403_111519
"bucket2$970,:3,:6001",2014-04-03T11:14:41.980000,MQ,SAM,3000,3188.0,3000,100.0,ZNE,train,gold,MQ_SAM_GOLD_20140403_111511
"bucket2$971,:3,:6001",2014-04-03T14:56:08.249900,MQ,BAM,3000,,3000,100.0,ZNE,train,gold,MQ_BAM_GOLD_20140403_145638
"bucket2$972,:3,:6001",2014-04-03T14:56:08.729900,MQ,CPM,3000,,3000,100.0,ZNE,train,gold,MQ_CPM_GOLD_20140403_145638
"bucket2$973,:3,:6001",2014-04-03T14:56:07.869900,MQ,GBM,3000,,3000,100.0,ZNE,train,gold,MQ_GBM_GOLD_20140403_145637
"bucket2$974,:3,:6001",2014-04-03T14:56:10.769900,MQ,MLM,3000,,3000,100.0,ZNE,train,gold,MQ_MLM_GOLD_20140403_145640
"bucket2$975,:3,:6001",2014-04-03T16:44:52.069900,MQ,BAM,3000,,3000,100.0,ZNE,train,gold,MQ_BAM_GOLD_20140403_164522
"bucket2$976,:3,:6001",2014-04-03T16:44:50.429900,MQ,GBM,3000,,3000,100.0,ZNE,train,gold,MQ_GBM_GOLD_20140403_164520
"bucket2$977,:3,:6001",2014-04-03T16:44:55.179900,MQ,MLM,3000,,3000,100.0,ZNE,train,gold,MQ_MLM_GOLD_20140403_164525
"bucket2$978,:3,:6001",2014-04-03T16:44:46.910000,MQ,SAM,3000,3236.0,3000,100.0,ZNE,train,gold,MQ_SAM_GOLD_20140403_164516
"bucket2$979,:3,:6001",2014-04-03T16:49:47.769900,MQ,BAM,3000,,3000,100.0,ZNE,train,gold,MQ_BAM_GOLD_20140403_165017
"bucket9$357,:3,:6001",2014-04-03T16:49:48.350000,MQ,IA2,3000,,3000,100.0,ZNE,dev,gold,MQ_IA2_GOLD_20140403_165018
"bucket2$980,:3,:6001",2014-04-03T16:49:46.929900,MQ,MLM,3000,,3000,100.0,ZNE,train,gold,MQ_MLM_GOLD_20140403_165016
"bucket2$981,:3,:6001",2014-04-03T16:49:48.580000,MQ,SAM,3000,3045.0,3000,100.0,ZNE,train,gold,MQ_SAM_GOLD_20140403_165018
"bucket2$982,:3,:6001",2014-04-03T17:05:53.789900,MQ,BAM,3000,,3000,100.0,ZNE,train,gold,MQ_BAM_GOLD_20140403_170623
"bucket2$983,:3,:6001",2014-04-03T17:05:58.779900,MQ,CPM,3000,,3000,100.0,ZNE,train,gold,MQ_CPM_GOLD_20140403_170628
"bucket2$984,:3,:6001",2014-04-03T17:05:54.029900,MQ,GBM,3000,,3000,100.0,ZNE,train,gold,MQ_GBM_GOLD_20140403_170624
"bucket2$985,:3,:6001",2014-04-03T17:06:01.610000,MQ,IA2,3000,,3000,100.0,ZNE,train,gold,MQ_IA2_GOLD_20140403_170631
"bucket2$986,:3,:6001",2014-04-03T17:05:54.440000,MQ,SAM,3000,3132.0,3000,100.0,ZNE,train,gold,MQ_SAM_GOLD_20140403_170624
"bucket2$987,:3,:6001",2014-04-03T17:14:04.839900,MQ,CPM,3000,,3000,100.0,ZNE,train,gold,MQ_CPM_GOLD_20140403_171434
"bucket2$988,:3,:6001",2014-04-03T17:14:06.529900,MQ,GBM,3000,,3000,100.0,ZNE,train,gold,MQ_GBM_GOLD_20140403_171436
"bucket2$989,:3,:6001",2014-04-03T17:13:59.079900,MQ,MLM,3000,,3000,100.0,ZNE,train,gold,MQ_MLM_GOLD_20140403_171429
"bucket2$990,:3,:6001",2014-04-03T17:14:01.490000,MQ,SAM,3000,3167.0,3000,100.0,ZNE,train,gold,MQ_SAM_GOLD_20140403_171431
"bucket2$991,:3,:6001",2014-04-03T17:58:31.439900,MQ,CPM,3000,,3000,100.0,ZNE,train,gold,MQ_CPM_GOLD_20140403_175901
"bucket9$358,:3,:6001",2014-04-03T17:58:31.869900,MQ,GBM,3000,,3000,100.0,ZNE,dev,gold,MQ_GBM_GOLD_20140403_175901
"bucket2$992,:3,:6001",2014-04-03T17:58:31.590000,MQ,IA2,3000,,3000,100.0,ZNE,train,gold,MQ_IA2_GOLD_20140403_175901
"bucket9$359,:3,:6001",2014-04-03T17:58:31.299900,MQ,MLM,3000,,3000,100.0,ZNE,dev,gold,MQ_MLM_GOLD_20140403_175901
"bucket2$993,:3,:6001",2014-04-03T18:35:28.389900,MQ,BAM,3000,,3000,100.0,ZNE,train,gold,MQ_BAM_GOLD_20140403_183558
"bucket2$994,:3,:6001",2014-04-03T18:35:27.369900,MQ,CPM,3000,,3000,100.0,ZNE,train,gold,MQ_CPM_GOLD_20140403_183557
"bucket2$995,:3,:6001",2014-04-03T18:35:32.329900,MQ,MLM,3000,,3000,100.0,ZNE,train,gold,MQ_MLM_GOLD_20140403_183602
"bucket2$996,:3,:6001",2014-04-03T18:35:25.450000,MQ,SAM,3000,3132.0,3000,100.0,ZNE,train,gold,MQ_SAM_GOLD_20140403_183555
"bucket2$997,:3,:6001",2014-04-03T18:46:27.779900,MQ,BAM,3000,,3000,100.0,ZNE,train,gold,MQ_BAM_GOLD_20140403_184657
"bucket9$360,:3,:6001",2014-04-03T18:46:37.059900,MQ,CPM,3000,,3000,100.0,ZNE,dev,gold,MQ_CPM_GOLD_20140403_184707
"bucket2$998,:3,:6001",2014-04-03T18:46:31.499900,MQ,GBM,3000,,3000,100.0,ZNE,train,gold,MQ_GBM_GOLD_20140403_184701
"bucket2$999,:3,:6001",2014-04-03T18:46:35.379900,MQ,MLM,3000,,3000,100.0,ZNE,train,gold,MQ_MLM_GOLD_20140403_184705
"bucket2$1000,:3,:6001",2014-04-03T18:46:28.790000,MQ,SAM,3000,,3000,100.0,ZNE,train,gold,MQ_SAM_GOLD_20140403_184658
"bucket2$1001,:3,:6001",2014-04-03T23:51:57.749900,MQ,BAM,3000,,3000,100.0,ZNE,train,gold,MQ_BAM_GOLD_20140403_235227
"bucket2$1002,:3,:6001",2014-04-03T23:51:54.239900,MQ,CPM,3000,,3000,100.0,ZNE,train,gold,MQ_CPM_GOLD_20140403_235224
"bucket9$361,:3,:6001",2014-04-03T23:51:50.179900,MQ,GBM,3000,,3000,100.0,ZNE,dev,gold,MQ_GBM_GOLD_20140403_235220
"bucket2$1003,:3,:6001",2014-04-03T23:51:53.050000,MQ,IA2,3000,3058.0,3000,100.0,ZNE,train,gold,MQ_IA2_GOLD_20140403_235223
"bucket6$371,:3,:6001",2014-04-04T00:43:14.139900,MQ,BAM,3000,,3000,100.0,ZNE,test,gold,MQ_BAM_GOLD_20140404_004344
"bucket2$1004,:3,:6001",2014-04-04T00:43:13.029900,MQ,GBM,3000,,3000,100.0,ZNE,train,gold,MQ_GBM_GOLD_20140404_004343
"bucket2$1005,:3,:6001",2014-04-04T00:43:13.030000,MQ,LAM,3000,3224.0,3000,100.0,ZNE,train,gold,MQ_LAM_GOLD_20140404_004343
"bucket2$1006,:3,:6001",2014-04-04T00:43:14.979900,MQ,MLM,3000,,3000,100.0,ZNE,train,gold,MQ_MLM_GOLD_20140404_004344
"bucket2$1007,:3,:6001",2014-04-04T03:06:23.059900,MQ,BAM,3000,,3000,100.0,ZNE,train,gold,MQ_BAM_GOLD_20140404_030653
"bucket2$1008,:3,:6001",2014-04-04T03:06:23.569900,MQ,CPM,3000,,3000,100.0,ZNE,train,gold,MQ_CPM_GOLD_20140404_030653
"bucket2$1009,:3,:6001",2014-04-04T03:06:23.189900,MQ,GBM,3000,,3000,100.0,ZNE,train,gold,MQ_GBM_GOLD_20140404_030653
"bucket2$1010,:3,:6001",2014-04-04T03:06:23.370000,MQ,IA2,3000,,3000,100.0,ZNE,train,gold,MQ_IA2_GOLD_20140404_030653
"bucket2$1011,:3,:6001",2014-04-04T03:06:23.050000,MQ,LAM,3000,,3000,100.0,ZNE,train,gold,MQ_LAM_GOLD_20140404_030653
"bucket2$1012,:3,:6001",2014-04-04T03:06:23.639900,MQ,MLM,3000,,3000,100.0,ZNE,train,gold,MQ_MLM_GOLD_20140404_030653
"bucket2$1013,:3,:6001",2014-04-04T03:06:22.870000,MQ,SAM,3000,,3000,100.0,ZNE,train,gold,MQ_SAM_GOLD_20140404_030652
"bucket2$1014,:3,:6001",2014-04-04T04:06:13.879900,MQ,CPM,3000,,3000,100.0,ZNE,train,gold,MQ_CPM_GOLD_20140404_040643
"bucket9$362,:3,:6001",2014-04-04T04:06:13.149900,MQ,GBM,3000,,3000,100.0,ZNE,dev,gold,MQ_GBM_GOLD_20140404_040643
"bucket2$1015,:3,:6001",2014-04-04T04:06:13.510000,MQ,IA2,3000,,3000,100.0,ZNE,train,gold,MQ_IA2_GOLD_20140404_040643
"bucket2$1016,:3,:6001",2014-04-04T04:06:13.309900,MQ,MLM,3000,,3000,100.0,ZNE,train,gold,MQ_MLM_GOLD_20140404_040643
"bucket2$1017,:3,:6001",2014-04-04T04:06:26.829900,MQ,BAM,3000,,3000,100.0,ZNE,train,gold,MQ_BAM_GOLD_20140404_040656
"bucket2$1018,:3,:6001",2014-04-04T04:06:27.859900,MQ,CPM,3000,,3000,100.0,ZNE,train,gold,MQ_CPM_GOLD_20140404_040657
"bucket2$1019,:3,:6001",2014-04-04T04:06:27.229900,MQ,GBM,3000,,3000,100.0,ZNE,train,gold,MQ_GBM_GOLD_20140404_040657
"bucket2$1020,:3,:6001",2014-04-04T04:06:27.250000,MQ,IA2,3000,3056.0,3000,100.0,ZNE,train,gold,MQ_IA2_GOLD_20140404_040657
"bucket2$1021,:3,:6001",2014-04-04T04:06:27.979900,MQ,MLM,3000,,3000,100.0,ZNE,train,gold,MQ_MLM_GOLD_20140404_040657
"bucket2$1022,:3,:6001",2014-04-04T04:06:27.520000,MQ,SAM,3000,3062.0,3000,100.0,ZNE,train,gold,MQ_SAM_GOLD_20140404_040657
"bucket2$1023,:3,:6001",2014-04-04T06:12:19.199900,MQ,BAM,3000,,3000,100.0,ZNE,train,gold,MQ_BAM_GOLD_20140404_061249
"bucket9$363,:3,:6001",2014-04-04T06:12:21.419900,MQ,CPM,3000,,3000,100.0,ZNE,dev,gold,MQ_CPM_GOLD_20140404_061251
"bucket3$0,:3,:6001",2014-04-04T06:12:19.189900,MQ,GBM,3000,,3000,100.0,ZNE,train,gold,MQ_GBM_GOLD_20140404_061249
"bucket3$1,:3,:6001",2014-04-04T06:12:19.790000,MQ,IA2,3000,,3000,100.0,ZNE,train,gold,MQ_IA2_GOLD_20140404_061249
"bucket3$2,:3,:6001",2014-04-04T08:08:02.489900,MQ,BAM,3000,,3000,100.0,ZNE,train,gold,MQ_BAM_GOLD_20140404_080832
"bucket3$3,:3,:6001",2014-04-04T08:08:06.879900,MQ,GBM,3000,,3000,100.0,ZNE,train,gold,MQ_GBM_GOLD_20140404_080836
"bucket3$4,:3,:6001",2014-04-04T08:08:06.459900,MQ,MLM,3000,,3000,100.0,ZNE,train,gold,MQ_MLM_GOLD_20140404_080836
"bucket6$372,:3,:6001",2014-04-04T08:08:06.660000,MQ,SAM,3000,3202.0,3000,100.0,ZNE,test,gold,MQ_SAM_GOLD_20140404_080836
"bucket3$5,:3,:6001",2014-04-04T08:41:59.659900,MQ,BAM,3000,,3000,100.0,ZNE,train,gold,MQ_BAM_GOLD_20140404_084229
"bucket3$6,:3,:6001",2014-04-04T08:41:56.559900,MQ,CPM,3000,,3000,100.0,ZNE,train,gold,MQ_CPM_GOLD_20140404_084226
"bucket3$7,:3,:6001",2014-04-04T08:41:56.049900,MQ,GBM,3000,,3000,100.0,ZNE,train,gold,MQ_GBM_GOLD_20140404_084226
"bucket3$8,:3,:6001",2014-04-04T08:41:58.349900,MQ,MLM,3000,,3000,100.0,ZNE,train,gold,MQ_MLM_GOLD_20140404_084228
"bucket3$9,:3,:6001",2014-04-04T09:45:01.929900,MQ,BAM,3000,,3000,100.0,ZNE,train,gold,MQ_BAM_GOLD_20140404_094531
"bucket3$10,:3,:6001",2014-04-04T09:45:06.489900,MQ,GBM,3000,,3000,100.0,ZNE,train,gold,MQ_GBM_GOLD_20140404_094536
"bucket6$373,:3,:6001",2014-04-04T09:45:10.910000,MQ,LAM,3000,,3000,100.0,ZNE,test,gold,MQ_LAM_GOLD_20140404_094540
"bucket3$11,:3,:6001",2014-04-04T09:45:11.660000,MQ,SAM,3000,3130.0,3000,100.0,ZNE,train,gold,MQ_SAM_GOLD_20140404_094541
"bucket3$12,:3,:6001",2014-04-04T11:18:08.129900,MQ,BAM,3000,,3000,100.0,ZNE,train,gold,MQ_BAM_GOLD_20140404_111838
"bucket3$13,:3,:6001",2014-04-04T11:18:10.799900,MQ,GBM,3000,,3000,100.0,ZNE,train,gold,MQ_GBM_GOLD_20140404_111840
"bucket9$364,:3,:6001",2014-04-04T11:18:11.259900,MQ,MLM,3000,,3000,100.0,ZNE,dev,gold,MQ_MLM_GOLD_20140404_111841
"bucket6$374,:3,:6001",2014-04-04T11:18:12.700000,MQ,SAM,3000,,3000,100.0,ZNE,test,gold,MQ_SAM_GOLD_20140404_111842
"bucket3$14,:3,:6001",2014-04-04T11:31:12.409900,MQ,BAM,3000,,3000,100.0,ZNE,train,gold,MQ_BAM_GOLD_20140404_113142
"bucket3$15,:3,:6001",2014-04-04T11:31:11.839900,MQ,CPM,3000,,3000,100.0,ZNE,train,gold,MQ_CPM_GOLD_20140404_113141
"bucket9$365,:3,:6001",2014-04-04T11:31:13.229900,MQ,GBM,3000,,3000,100.0,ZNE,dev,gold,MQ_GBM_GOLD_20140404_113143
"bucket3$16,:3,:6001",2014-04-04T11:31:12.640000,MQ,IA2,3000,3244.0,3000,100.0,ZNE,train,gold,MQ_IA2_GOLD_20140404_113142
"bucket3$17,:3,:6001",2014-04-04T11:31:12.640000,MQ,LAM,3000,,3000,100.0,ZNE,train,gold,MQ_LAM_GOLD_20140404_113142
"bucket3$18,:3,:6001",2014-04-04T11:31:13.649900,MQ,MLM,3000,,3000,100.0,ZNE,train,gold,MQ_MLM_GOLD_20140404_113143
"bucket3$19,:3,:6001",2014-04-04T11:37:43.439900,MQ,BAM,3000,,3000,100.0,ZNE,train,gold,MQ_BAM_GOLD_20140404_113813
"bucket3$20,:3,:6001",2014-04-04T11:37:36.239900,MQ,CPM,3000,,3000,100.0,ZNE,train,gold,MQ_CPM_GOLD_20140404_113806
"bucket3$21,:3,:6001",2014-04-04T11:37:36.500000,MQ,IA2,3000,3318.0,3000,100.0,ZNE,train,gold,MQ_IA2_GOLD_20140404_113806
"bucket3$22,:3,:6001",2014-04-04T11:37:40.950000,MQ,SAM,3000,,3000,100.0,ZNE,train,gold,MQ_SAM_GOLD_20140404_113810
"bucket3$23,:3,:6001",2014-04-04T12:09:02.149900,MQ,CPM,3000,,3000,100.0,ZNE,train,gold,MQ_CPM_GOLD_20140404_120932
"bucket3$24,:3,:6001",2014-04-04T12:09:01.809900,MQ,GBM,3000,,3000,100.0,ZNE,train,gold,MQ_GBM_GOLD_20140404_120931
"bucket3$25,:3,:6001",2014-04-04T12:08:54.970000,MQ,IA2,3000,3161.0,3000,100.0,ZNE,train,gold,MQ_IA2_GOLD_20140404_120924
"bucket3$26,:3,:6001",2014-04-04T12:08:57.209900,MQ,MLM,3000,,3000,100.0,ZNE,train,gold,MQ_MLM_GOLD_20140404_120927
"bucket9$366,:3,:6001",2014-04-04T12:41:33.589900,MQ,BAM,3000,,3000,100.0,ZNE,dev,gold,MQ_BAM_GOLD_20140404_124203
"bucket3$27,:3,:6001",2014-04-04T12:41:38.919900,MQ,CPM,3000,,3000,100.0,ZNE,train,gold,MQ_CPM_GOLD_20140404_124208
"bucket6$375,:3,:6001",2014-04-04T12:41:41.200000,MQ,IA2,3000,3104.0,3000,100.0,ZNE,test,gold,MQ_IA2_GOLD_20140404_124211
"bucket3$28,:3,:6001",2014-04-04T12:41:35.520000,MQ,SAM,3000,3144.0,3000,100.0,ZNE,train,gold,MQ_SAM_GOLD_20140404_124205
"bucket6$376,:3,:6001",2014-04-04T12:46:50.959900,MQ,BAM,3000,,3000,100.0,ZNE,test,gold,MQ_BAM_GOLD_20140404_124720
"bucket3$29,:3,:6001",2014-04-04T12:46:54.449900,MQ,CPM,3000,,3000,100.0,ZNE,train,gold,MQ_CPM_GOLD_20140404_124724
"bucket9$367,:3,:6001",2014-04-04T12:46:58.109900,MQ,GBM,3000,,3000,100.0,ZNE,dev,gold,MQ_GBM_GOLD_20140404_124728
"bucket3$30,:3,:6001",2014-04-04T12:46:53.140000,MQ,IA2,3000,3113.0,3000,100.0,ZNE,train,gold,MQ_IA2_GOLD_20140404_124723
"bucket3$31,:3,:6001",2014-04-04T12:46:53.319900,MQ,MLM,3000,,3000,100.0,ZNE,train,gold,MQ_MLM_GOLD_20140404_124723
"bucket3$32,:3,:6001",2014-04-04T15:17:54.239900,MQ,BAM,3000,,3000,100.0,ZNE,train,gold,MQ_BAM_GOLD_20140404_151824
"bucket3$33,:3,:6001",2014-04-04T15:17:48.959900,MQ,CPM,3000,,3000,100.0,ZNE,train,gold,MQ_CPM_GOLD_20140404_151818
"bucket3$34,:3,:6001",2014-04-04T15:17:49.790000,MQ,IA2,3000,,3000,100.0,ZNE,train,gold,MQ_IA2_GOLD_20140404_151819
"bucket3$35,:3,:6001",2014-04-04T15:17:45.519900,MQ,MLM,3000,,3000,100.0,ZNE,train,gold,MQ_MLM_GOLD_20140404_151815
"bucket3$36,:3,:6001",2014-04-04T15:53:00.259900,MQ,BAM,3000,,3000,100.0,ZNE,train,gold,MQ_BAM_GOLD_20140404_155330
"bucket3$37,:3,:6001",2014-04-04T15:52:55.629900,MQ,CPM,3000,,3000,100.0,ZNE,train,gold,MQ_CPM_GOLD_20140404_155325
"bucket3$38,:3,:6001",2014-04-04T15:52:55.660000,MQ,IA2,3000,3153.0,3000,100.0,ZNE,train,gold,MQ_IA2_GOLD_20140404_155325
"bucket3$39,:3,:6001",2014-04-04T15:52:53.099900,MQ,MLM,3000,,3000,100.0,ZNE,train,gold,MQ_MLM_GOLD_20140404_155323
"bucket3$40,:3,:6001",2014-04-04T16:21:49.869900,MQ,CPM,3000,,3000,100.0,ZNE,train,gold,MQ_CPM_GOLD_20140404_162219
"bucket3$41,:3,:6001",2014-04-04T16:21:51.709900,MQ,GBM,3000,,3000,100.0,ZNE,train,gold,MQ_GBM_GOLD_20140404_162221
"bucket3$42,:3,:6001",2014-04-04T16:21:49.550000,MQ,IA2,3000,3258.0,3000,100.0,ZNE,train,gold,MQ_IA2_GOLD_20140404_162219
"bucket3$43,:3,:6001",2014-04-04T16:21:47.709900,MQ,MLM,3000,,3000,100.0,ZNE,train,gold,MQ_MLM_GOLD_20140404_162217
"bucket3$44,:3,:6001",2014-04-04T16:40:23.009900,MQ,BAM,3000,,3000,100.0,ZNE,train,gold,MQ_BAM_GOLD_20140404_164053
"bucket3$45,:3,:6001",2014-04-04T16:40:23.009900,MQ,CPM,3000,,3000,100.0,ZNE,train,gold,MQ_CPM_GOLD_20140404_164053
"bucket3$46,:3,:6001",2014-04-04T16:40:22.769900,MQ,GBM,3000,,3000,100.0,ZNE,train,gold,MQ_GBM_GOLD_20140404_164052
"bucket3$47,:3,:6001",2014-04-04T16:40:22.850000,MQ,LAM,3000,3021.0,3000,100.0,ZNE,train,gold,MQ_LAM_GOLD_20140404_164052
"bucket3$48,:3,:6001",2014-04-05T03:58:57.979900,MQ,BAM,3000,,3000,100.0,ZNE,train,gold,MQ_BAM_GOLD_20140405_035927
"bucket3$49,:3,:6001",2014-04-05T03:58:59.509900,MQ,CPM,3000,,3000,100.0,ZNE,train,gold,MQ_CPM_GOLD_20140405_035929
"bucket9$368,:3,:6001",2014-04-05T03:58:57.699900,MQ,GBM,3000,,3000,100.0,ZNE,dev,gold,MQ_GBM_GOLD_20140405_035927
"bucket3$50,:3,:6001",2014-04-05T03:58:58.310000,MQ,IA2,3000,2915.0,3000,100.0,ZNE,train,gold,MQ_IA2_GOLD_20140405_035928
"bucket3$51,:3,:6001",2014-04-05T03:58:57.260000,MQ,LAM,3000,,3000,100.0,ZNE,train,gold,MQ_LAM_GOLD_20140405_035927
"bucket3$52,:3,:6001",2014-04-05T05:20:17.809900,MQ,BAM,3000,,3000,100.0,ZNE,train,gold,MQ_BAM_GOLD_20140405_052047
"bucket3$53,:3,:6001",2014-04-05T05:20:20.829900,MQ,CPM,3000,,3000,100.0,ZNE,train,gold,MQ_CPM_GOLD_20140405_052050
"bucket6$377,:3,:6001",2014-04-05T05:20:19.149900,MQ,GBM,3000,,3000,100.0,ZNE,test,gold,MQ_GBM_GOLD_20140405_052049
"bucket3$54,:3,:6001",2014-04-05T05:20:20.070000,MQ,IA2,3000,3218.0,3000,100.0,ZNE,train,gold,MQ_IA2_GOLD_20140405_052050
"bucket6$378,:3,:6001",2014-04-05T05:40:58.639900,MQ,CPM,3000,,3000,100.0,ZNE,test,gold,MQ_CPM_GOLD_20140405_054128
"bucket3$55,:3,:6001",2014-04-05T11:26:46.579900,MQ,BAM,3000,,3000,100.0,ZNE,train,gold,MQ_BAM_GOLD_20140405_112716
"bucket6$379,:3,:6001",2014-04-05T11:26:47.229900,MQ,CPM,3000,,3000,100.0,ZNE,test,gold,MQ_CPM_GOLD_20140405_112717
"bucket6$380,:3,:6001",2014-04-05T11:26:45.759900,MQ,GBM,3000,,3000,100.0,ZNE,test,gold,MQ_GBM_GOLD_20140405_112715
"bucket3$56,:3,:6001",2014-04-05T11:26:46.470000,MQ,IA2,3000,3235.0,3000,100.0,ZNE,train,gold,MQ_IA2_GOLD_20140405_112716
"bucket3$57,:3,:6001",2014-04-05T11:26:46.270000,MQ,LAM,3000,,3000,100.0,ZNE,train,gold,MQ_LAM_GOLD_20140405_112716
"bucket6$381,:3,:6001",2014-04-05T11:26:47.250000,MQ,SAM,3000,,3000,100.0,ZNE,test,gold,MQ_SAM_GOLD_20140405_112717
"bucket3$58,:3,:6001",2014-04-05T11:50:18.989900,MQ,BAM,3000,,3000,100.0,ZNE,train,gold,MQ_BAM_GOLD_20140405_115048
"bucket3$59,:3,:6001",2014-04-05T11:50:12.229900,MQ,CPM,3000,,3000,100.0,ZNE,train,gold,MQ_CPM_GOLD_20140405_115042
"bucket3$60,:3,:6001",2014-04-05T11:50:17.419900,MQ,GBM,3000,,3000,100.0,ZNE,train,gold,MQ_GBM_GOLD_20140405_115047
"bucket6$382,:3,:6001",2014-04-05T11:50:12.499900,MQ,MLM,3000,,3000,100.0,ZNE,test,gold,MQ_MLM_GOLD_20140405_115042
"bucket3$61,:3,:6001",2014-04-05T13:19:38.389900,MQ,BAM,3000,,3000,100.0,ZNE,train,gold,MQ_BAM_GOLD_20140405_132008
"bucket3$62,:3,:6001",2014-04-05T13:19:35.029900,MQ,CPM,3000,,3000,100.0,ZNE,train,gold,MQ_CPM_GOLD_20140405_132005
"bucket3$63,:3,:6001",2014-04-05T13:19:31.969900,MQ,GBM,3000,,3000,100.0,ZNE,train,gold,MQ_GBM_GOLD_20140405_132001
"bucket3$64,:3,:6001",2014-04-05T13:19:37.230000,MQ,SAM,3000,3206.0,3000,100.0,ZNE,train,gold,MQ_SAM_GOLD_20140405_132007
"bucket3$65,:3,:6001",2014-04-05T14:30:08.029900,MQ,BAM,3000,,3000,100.0,ZNE,train,gold,MQ_BAM_GOLD_20140405_143038
"bucket3$66,:3,:6001",2014-04-05T14:30:12.099900,MQ,CPM,3000,,3000,100.0,ZNE,train,gold,MQ_CPM_GOLD_20140405_143042
"bucket3$67,:3,:6001",2014-04-05T14:30:12.669900,MQ,GBM,3000,,3000,100.0,ZNE,train,gold,MQ_GBM_GOLD_20140405_143042
"bucket3$68,:3,:6001",2014-04-05T14:30:17.470000,MQ,IA2,3000,,3000,100.0,ZNE,train,gold,MQ_IA2_GOLD_20140405_143047
"bucket9$369,:3,:6001",2014-04-06T02:32:01.009900,MQ,BAM,3000,,3000,100.0,ZNE,dev,gold,MQ_BAM_GOLD_20140406_023231
"bucket3$69,:3,:6001",2014-04-06T02:32:06.629900,MQ,CPM,3000,,3000,100.0,ZNE,train,gold,MQ_CPM_GOLD_20140406_023236
"bucket3$70,:3,:6001",2014-04-06T02:32:03.469900,MQ,MLM,3000,,3000,100.0,ZNE,train,gold,MQ_MLM_GOLD_20140406_023233
"bucket3$71,:3,:6001",2014-04-06T02:32:02.180000,MQ,SAM,3000,,3000,100.0,ZNE,train,gold,MQ_SAM_GOLD_20140406_023232
"bucket3$72,:3,:6001",2014-04-06T09:14:00.889900,MQ,BAM,3000,,3000,100.0,ZNE,train,gold,MQ_BAM_GOLD_20140406_091430
"bucket3$73,:3,:6001",2014-04-06T09:14:02.249900,MQ,CPM,3000,,3000,100.0,ZNE,train,gold,MQ_CPM_GOLD_20140406_091432
"bucket6$383,:3,:6001",2014-04-06T09:14:00.249900,MQ,GBM,3000,,3000,100.0,ZNE,test,gold,MQ_GBM_GOLD_20140406_091430
"bucket3$74,:3,:6001",2014-04-06T09:14:01.050000,MQ,IA2,3000,,3000,100.0,ZNE,train,gold,MQ_IA2_GOLD_20140406_091431
"bucket3$75,:3,:6001",2014-04-06T11:50:32.769900,MQ,BAM,3000,,3000,100.0,ZNE,train,gold,MQ_BAM_GOLD_20140406_115102
"bucket9$370,:3,:6001",2014-04-06T11:50:30.629900,MQ,CPM,3000,,3000,100.0,ZNE,dev,gold,MQ_CPM_GOLD_20140406_115100
"bucket3$76,:3,:6001",2014-04-06T11:50:31.390000,MQ,IA2,3000,3134.0,3000,100.0,ZNE,train,gold,MQ_IA2_GOLD_20140406_115101
"bucket3$77,:3,:6001",2014-04-06T11:50:26.980000,MQ,SAM,3000,3034.0,3000,100.0,ZNE,train,gold,MQ_SAM_GOLD_20140406_115056
"bucket3$78,:3,:6001",2014-04-06T12:25:56.439900,MQ,BAM,3000,,3000,100.0,ZNE,train,gold,MQ_BAM_GOLD_20140406_122626
"bucket9$371,:3,:6001",2014-04-06T12:25:57.359900,MQ,CPM,3000,,3000,100.0,ZNE,dev,gold,MQ_CPM_GOLD_20140406_122627
"bucket3$79,:3,:6001",2014-04-06T12:25:56.599900,MQ,GBM,3000,,3000,100.0,ZNE,train,gold,MQ_GBM_GOLD_20140406_122626
"bucket9$372,:3,:6001",2014-04-06T12:25:57.390000,MQ,IA2,3000,3203.0,3000,100.0,ZNE,dev,gold,MQ_IA2_GOLD_20140406_122627
"bucket3$80,:3,:6001",2014-04-06T12:25:57.259900,MQ,MLM,3000,,3000,100.0,ZNE,train,gold,MQ_MLM_GOLD_20140406_122627
"bucket3$81,:3,:6001",2014-04-06T12:25:57.740000,MQ,SAM,3000,,3000,100.0,ZNE,train,gold,MQ_SAM_GOLD_20140406_122627
"bucket3$82,:3,:6001",2014-04-07T04:55:59.699900,MQ,CPM,3000,,3000,100.0,ZNE,train,gold,MQ_CPM_GOLD_20140407_045629
"bucket3$83,:3,:6001",2014-04-07T04:55:59.690000,MQ,IA2,3000,,3000,100.0,ZNE,train,gold,MQ_IA2_GOLD_20140407_045629
"bucket3$84,:3,:6001",2014-04-07T04:55:59.550000,MQ,LAM,3000,,3000,100.0,ZNE,train,gold,MQ_LAM_GOLD_20140407_045629
"bucket3$85,:3,:6001",2014-04-07T04:55:59.740000,MQ,SAM,3000,,3000,100.0,ZNE,train,gold,MQ_SAM_GOLD_20140407_045629
"bucket3$86,:3,:6001",2014-04-07T06:03:37.079900,MQ,BAM,3000,,3000,100.0,ZNE,train,gold,MQ_BAM_GOLD_20140407_060407
"bucket3$87,:3,:6001",2014-04-07T06:03:38.559900,MQ,CPM,3000,,3000,100.0,ZNE,train,gold,MQ_CPM_GOLD_20140407_060408
"bucket3$88,:3,:6001",2014-04-07T06:03:37.179900,MQ,GBM,3000,,3000,100.0,ZNE,train,gold,MQ_GBM_GOLD_20140407_060407
"bucket3$89,:3,:6001",2014-04-07T06:03:37.800000,MQ,IA2,3000,3062.0,3000,100.0,ZNE,train,gold,MQ_IA2_GOLD_20140407_060407
"bucket6$384,:3,:6001",2014-04-07T06:03:37.840000,MQ,SAM,3000,,3000,100.0,ZNE,test,gold,MQ_SAM_GOLD_20140407_060407
"bucket3$90,:3,:6001",2014-04-07T06:56:31.309900,MQ,BAM,3000,,3000,100.0,ZNE,train,gold,MQ_BAM_GOLD_20140407_065701
"bucket9$373,:3,:6001",2014-04-07T06:56:29.709900,MQ,CPM,3000,,3000,100.0,ZNE,dev,gold,MQ_CPM_GOLD_20140407_065659
"bucket3$91,:3,:6001",2014-04-07T06:56:27.550000,MQ,IA2,3000,3161.0,3000,100.0,ZNE,train,gold,MQ_IA2_GOLD_20140407_065657
"bucket3$92,:3,:6001",2014-04-07T06:56:23.320000,MQ,SAM,3000,3227.0,3000,100.0,ZNE,train,gold,MQ_SAM_GOLD_20140407_065653
"bucket3$93,:3,:6001",2014-04-07T09:30:37.109900,MQ,BAM,3000,,3000,100.0,ZNE,train,gold,MQ_BAM_GOLD_20140407_093107
"bucket3$94,:3,:6001",2014-04-07T09:30:37.309900,MQ,GBM,3000,,3000,100.0,ZNE,train,gold,MQ_GBM_GOLD_20140407_093107
"bucket3$95,:3,:6001",2014-04-07T09:30:32.750000,MQ,IA2,3000,,3000,100.0,ZNE,train,gold,MQ_IA2_GOLD_20140407_093102
"bucket3$96,:3,:6001",2014-04-07T09:30:41.669900,MQ,MLM,3000,,3000,100.0,ZNE,train,gold,MQ_MLM_GOLD_20140407_093111
"bucket6$385,:3,:6001",2014-04-07T11:57:30.549900,MQ,BAM,3000,,3000,100.0,ZNE,test,gold,MQ_BAM_GOLD_20140407_115800
"bucket3$97,:3,:6001",2014-04-07T11:57:29.989900,MQ,CPM,3000,,3000,100.0,ZNE,train,gold,MQ_CPM_GOLD_20140407_115759
"bucket3$98,:3,:6001",2014-04-07T11:57:30.120000,MQ,LAM,3000,,3000,100.0,ZNE,train,gold,MQ_LAM_GOLD_20140407_115800
"bucket3$99,:3,:6001",2014-04-07T11:57:29.789900,MQ,MLM,3000,,3000,100.0,ZNE,train,gold,MQ_MLM_GOLD_20140407_115759
"bucket3$100,:3,:6001",2014-04-07T12:05:19.479900,MQ,BAM,3000,,3000,100.0,ZNE,train,gold,MQ_BAM_GOLD_20140407_120549
"bucket3$101,:3,:6001",2014-04-07T12:05:21.269900,MQ,CPM,3000,,3000,100.0,ZNE,train,gold,MQ_CPM_GOLD_20140407_120551
"bucket3$102,:3,:6001",2014-04-07T12:05:22.500000,MQ,IA2,3000,3173.0,3000,100.0,ZNE,train,gold,MQ_IA2_GOLD_20140407_120552
"bucket3$103,:3,:6001",2014-04-07T12:05:19.189900,MQ,MLM,3000,,3000,100.0,ZNE,train,gold,MQ_MLM_GOLD_20140407_120549
"bucket3$104,:3,:6001",2014-04-07T12:10:17.219900,MQ,BAM,3000,,3000,100.0,ZNE,train,gold,MQ_BAM_GOLD_20140407_121047
"bucket3$105,:3,:6001",2014-04-07T12:10:17.499900,MQ,CPM,3000,,3000,100.0,ZNE,train,gold,MQ_CPM_GOLD_20140407_121047
"bucket3$106,:3,:6001",2014-04-07T12:10:17.569900,MQ,GBM,3000,,3000,100.0,ZNE,train,gold,MQ_GBM_GOLD_20140407_121047
"bucket3$107,:3,:6001",2014-04-07T12:10:17.100000,MQ,SAM,3000,,3000,100.0,ZNE,train,gold,MQ_SAM_GOLD_20140407_121047
"bucket3$108,:3,:6001",2014-04-07T13:47:50.519900,MQ,BAM,3000,,3000,100.0,ZNE,train,gold,MQ_BAM_GOLD_20140407_134820
"bucket3$109,:3,:6001",2014-04-07T13:47:53.519900,MQ,CPM,3000,,3000,100.0,ZNE,train,gold,MQ_CPM_GOLD_20140407_134823
"bucket9$374,:3,:6001",2014-04-07T13:47:49.079900,MQ,GBM,3000,,3000,100.0,ZNE,dev,gold,MQ_GBM_GOLD_20140407_134819
"bucket3$110,:3,:6001",2014-04-07T13:47:57.879900,MQ,MLM,3000,,3000,100.0,ZNE,train,gold,MQ_MLM_GOLD_20140407_134827
"bucket6$386,:3,:6001",2014-04-07T14:02:44.319900,MQ,BAM,3000,,3000,100.0,ZNE,test,gold,MQ_BAM_GOLD_20140407_140314
"bucket9$375,:3,:6001",2014-04-07T14:02:41.829900,MQ,GBM,3000,,3000,100.0,ZNE,dev,gold,MQ_GBM_GOLD_20140407_140311
"bucket3$111,:3,:6001",2014-04-07T14:02:35.910000,MQ,IA2,3000,,3000,100.0,ZNE,train,gold,MQ_IA2_GOLD_20140407_140305
"bucket3$112,:3,:6001",2014-04-07T14:02:37.179900,MQ,MLM,3000,,3000,100.0,ZNE,train,gold,MQ_MLM_GOLD_20140407_140307
"bucket6$387,:3,:6001",2014-04-07T17:54:03.239900,MQ,BAM,3000,,3000,100.0,ZNE,test,gold,MQ_BAM_GOLD_20140407_175433
"bucket3$113,:3,:6001",2014-04-07T17:54:08.519900,MQ,CPM,3000,,3000,100.0,ZNE,train,gold,MQ_CPM_GOLD_20140407_175438
"bucket6$388,:3,:6001",2014-04-07T17:54:07.169900,MQ,GBM,3000,,3000,100.0,ZNE,test,gold,MQ_GBM_GOLD_20140407_175437
"bucket9$376,:3,:6001",2014-04-07T17:54:06.210000,MQ,IA2,3000,3068.0,3000,100.0,ZNE,dev,gold,MQ_IA2_GOLD_20140407_175436
"bucket3$114,:3,:6001",2014-04-07T17:55:03.789900,MQ,BAM,3000,,3000,100.0,ZNE,train,gold,MQ_BAM_GOLD_20140407_175533
"bucket3$115,:3,:6001",2014-04-07T17:55:13.319900,MQ,CPM,3000,,3000,100.0,ZNE,train,gold,MQ_CPM_GOLD_20140407_175543
"bucket3$116,:3,:6001",2014-04-07T17:55:04.890000,MQ,IA2,3000,3219.0,3000,100.0,ZNE,train,gold,MQ_IA2_GOLD_20140407_175534
"bucket6$389,:3,:6001",2014-04-07T17:55:09.150000,MQ,SAM,3000,3126.0,3000,100.0,ZNE,test,gold,MQ_SAM_GOLD_20140407_175539
"bucket9$377,:3,:6001",2014-04-07T17:59:01.079900,MQ,BAM,3000,,3000,100.0,ZNE,dev,gold,MQ_BAM_GOLD_20140407_175931
"bucket3$117,:3,:6001",2014-04-07T17:58:56.909900,MQ,CPM,3000,,3000,100.0,ZNE,train,gold,MQ_CPM_GOLD_20140407_175926
"bucket6$390,:3,:6001",2014-04-07T17:58:54.619900,MQ,MLM,3000,,3000,100.0,ZNE,test,gold,MQ_MLM_GOLD_20140407_175924
"bucket3$118,:3,:6001",2014-04-07T17:58:51.150000,MQ,SAM,3000,3147.0,3000,100.0,ZNE,train,gold,MQ_SAM_GOLD_20140407_175921
"bucket3$119,:3,:6001",2014-04-07T18:22:52.669900,MQ,BAM,3000,,3000,100.0,ZNE,train,gold,MQ_BAM_GOLD_20140407_182322
"bucket3$120,:3,:6001",2014-04-07T18:22:57.249900,MQ,CPM,3000,,3000,100.0,ZNE,train,gold,MQ_CPM_GOLD_20140407_182327
"bucket3$121,:3,:6001",2014-04-07T18:22:53.980000,MQ,IA2,3000,3214.0,3000,100.0,ZNE,train,gold,MQ_IA2_GOLD_20140407_182323
"bucket3$122,:3,:6001",2014-04-07T18:22:51.010000,MQ,SAM,3000,3001.0,3000,100.0,ZNE,train,gold,MQ_SAM_GOLD_20140407_182321
"bucket3$123,:3,:6001",2014-04-07T19:30:54.549900,MQ,BAM,3000,,3000,100.0,ZNE,train,gold,MQ_BAM_GOLD_20140407_193124
"bucket3$124,:3,:6001",2014-04-07T19:30:47.409900,MQ,GBM,3000,,3000,100.0,ZNE,train,gold,MQ_GBM_GOLD_20140407_193117
"bucket6$391,:3,:6001",2014-04-07T19:30:49.570000,MQ,IA2,3000,,3000,100.0,ZNE,test,gold,MQ_IA2_GOLD_20140407_193119
"bucket3$125,:3,:6001",2014-04-07T19:30:57.349900,MQ,MLM,3000,,3000,100.0,ZNE,train,gold,MQ_MLM_GOLD_20140407_193127
"bucket3$126,:3,:6001",2014-04-07T19:34:21.839900,MQ,BAM,3000,,3000,100.0,ZNE,train,gold,MQ_BAM_GOLD_20140407_193451
"bucket6$392,:3,:6001",2014-04-07T19:34:20.699900,MQ,CPM,3000,,3000,100.0,ZNE,test,gold,MQ_CPM_GOLD_20140407_193450
"bucket6$393,:3,:6001",2014-04-07T19:34:16.950000,MQ,IA2,3000,3443.0,3000,100.0,ZNE,test,gold,MQ_IA2_GOLD_20140407_193446
"bucket6$394,:3,:6001",2014-04-07T19:34:25.089900,MQ,MLM,3000,,3000,100.0,ZNE,test,gold,MQ_MLM_GOLD_20140407_193455
"bucket3$127,:3,:6001",2014-04-07T19:43:38.989900,MQ,BAM,3000,,3000,100.0,ZNE,train,gold,MQ_BAM_GOLD_20140407_194408
"bucket3$128,:3,:6001",2014-04-07T19:43:35.320000,MQ,IA2,3000,3071.0,3000,100.0,ZNE,train,gold,MQ_IA2_GOLD_20140407_194405
"bucket3$129,:3,:6001",2014-04-07T19:43:40.099900,MQ,MLM,3000,,3000,100.0,ZNE,train,gold,MQ_MLM_GOLD_20140407_194410
"bucket3$130,:3,:6001",2014-04-07T19:43:42.790000,MQ,SAM,3000,,3000,100.0,ZNE,train,gold,MQ_SAM_GOLD_20140407_194412
"bucket3$131,:3,:6001",2014-04-07T20:05:53.039900,MQ,BAM,3000,,3000,100.0,ZNE,train,gold,MQ_BAM_GOLD_20140407_200623
"bucket3$132,:3,:6001",2014-04-07T20:05:54.509900,MQ,CPM,3000,,3000,100.0,ZNE,train,gold,MQ_CPM_GOLD_20140407_200624
"bucket3$133,:3,:6001",2014-04-07T20:05:51.860000,MQ,IA2,3000,3112.0,3000,100.0,ZNE,train,gold,MQ_IA2_GOLD_20140407_200621
"bucket6$395,:3,:6001",2014-04-07T20:05:59.499900,MQ,MLM,3000,,3000,100.0,ZNE,test,gold,MQ_MLM_GOLD_20140407_200629
"bucket3$134,:3,:6001",2014-04-08T11:19:44.359900,MQ,BAM,3000,,3000,100.0,ZNE,train,gold,MQ_BAM_GOLD_20140408_112014
"bucket3$135,:3,:6001",2014-04-08T11:19:44.639900,MQ,CPM,3000,,3000,100.0,ZNE,train,gold,MQ_CPM_GOLD_20140408_112014
"bucket3$136,:3,:6001",2014-04-08T11:19:40.120000,MQ,LAM,3000,,3000,100.0,ZNE,train,gold,MQ_LAM_GOLD_20140408_112010
"bucket3$137,:3,:6001",2014-04-08T11:19:45.949900,MQ,MLM,3000,,3000,100.0,ZNE,train,gold,MQ_MLM_GOLD_20140408_112015
"bucket3$138,:3,:6001",2014-04-08T11:48:47.179900,MQ,BAM,3000,,3000,100.0,ZNE,train,gold,MQ_BAM_GOLD_20140408_114917
"bucket3$139,:3,:6001",2014-04-08T11:48:45.559900,MQ,CPM,3000,,3000,100.0,ZNE,train,gold,MQ_CPM_GOLD_20140408_114915
"bucket3$140,:3,:6001",2014-04-08T11:48:45.859900,MQ,GBM,3000,,3000,100.0,ZNE,train,gold,MQ_GBM_GOLD_20140408_114915
"bucket6$396,:3,:6001",2014-04-08T11:48:51.779900,MQ,MLM,3000,,3000,100.0,ZNE,test,gold,MQ_MLM_GOLD_20140408_114921
"bucket3$141,:3,:6001",2014-04-08T12:03:17.749900,MQ,BAM,3000,,3000,100.0,ZNE,train,gold,MQ_BAM_GOLD_20140408_120347
"bucket3$142,:3,:6001",2014-04-08T12:03:16.259900,MQ,CPM,3000,,3000,100.0,ZNE,train,gold,MQ_CPM_GOLD_20140408_120346
"bucket3$143,:3,:6001",2014-04-08T12:03:15.139900,MQ,GBM,3000,,3000,100.0,ZNE,train,gold,MQ_GBM_GOLD_20140408_120345
"bucket6$397,:3,:6001",2014-04-08T12:03:21.940000,MQ,IA2,3000,,3000,100.0,ZNE,test,gold,MQ_IA2_GOLD_20140408_120351
"bucket3$144,:3,:6001",2014-04-08T12:03:13.919900,MQ,MLM,3000,,3000,100.0,ZNE,train,gold,MQ_MLM_GOLD_20140408_120343
"bucket3$145,:3,:6001",2014-04-08T12:32:02.059900,MQ,BAM,3000,,3000,100.0,ZNE,train,gold,MQ_BAM_GOLD_20140408_123232
"bucket3$146,:3,:6001",2014-04-08T12:31:55.129900,MQ,CPM,3000,,3000,100.0,ZNE,train,gold,MQ_CPM_GOLD_20140408_123225
"bucket3$147,:3,:6001",2014-04-08T12:31:55.149900,MQ,GBM,3000,,3000,100.0,ZNE,train,gold,MQ_GBM_GOLD_20140408_123225
"bucket6$398,:3,:6001",2014-04-08T12:32:05.110000,MQ,IA2,3000,3142.0,3000,100.0,ZNE,test,gold,MQ_IA2_GOLD_20140408_123235
"bucket3$148,:3,:6001",2014-04-08T12:31:55.749900,MQ,MLM,3000,,3000,100.0,ZNE,train,gold,MQ_MLM_GOLD_20140408_123225
"bucket3$149,:3,:6001",2014-04-08T12:31:58.380000,MQ,SAM,3000,3169.0,3000,100.0,ZNE,train,gold,MQ_SAM_GOLD_20140408_123228
"bucket3$150,:3,:6001",2014-04-08T12:35:36.919900,MQ,BAM,3000,,3000,100.0,ZNE,train,gold,MQ_BAM_GOLD_20140408_123606
"bucket3$151,:3,:6001",2014-04-08T12:35:38.439900,MQ,CPM,3000,,3000,100.0,ZNE,train,gold,MQ_CPM_GOLD_20140408_123608
"bucket3$152,:3,:6001",2014-04-08T12:35:35.589900,MQ,GBM,3000,,3000,100.0,ZNE,train,gold,MQ_GBM_GOLD_20140408_123605
"bucket3$153,:3,:6001",2014-04-08T12:35:33.069900,MQ,MLM,3000,,3000,100.0,ZNE,train,gold,MQ_MLM_GOLD_20140408_123603
"bucket3$154,:3,:6001",2014-04-08T12:43:38.909900,MQ,BAM,3000,,3000,100.0,ZNE,train,gold,MQ_BAM_GOLD_20140408_124408
"bucket6$399,:3,:6001",2014-04-08T12:43:33.149900,MQ,CPM,3000,,3000,100.0,ZNE,test,gold,MQ_CPM_GOLD_20140408_124403
"bucket3$155,:3,:6001",2014-04-08T12:43:33.389900,MQ,GBM,3000,,3000,100.0,ZNE,train,gold,MQ_GBM_GOLD_20140408_124403
"bucket6$400,:3,:6001",2014-04-08T12:43:36.189900,MQ,MLM,3000,,3000,100.0,ZNE,test,gold,MQ_MLM_GOLD_20140408_124406
"bucket3$156,:3,:6001",2014-04-08T13:17:22.269900,MQ,BAM,3000,,3000,100.0,ZNE,train,gold,MQ_BAM_GOLD_20140408_131752
"bucket3$157,:3,:6001",2014-04-08T13:17:25.069900,MQ,GBM,3000,,3000,100.0,ZNE,train,gold,MQ_GBM_GOLD_20140408_131755
"bucket3$158,:3,:6001",2014-04-08T13:17:22.680000,MQ,IA2,3000,3114.0,3000,100.0,ZNE,train,gold,MQ_IA2_GOLD_20140408_131752
"bucket3$159,:3,:6001",2014-04-08T13:17:19.699900,MQ,MLM,3000,,3000,100.0,ZNE,train,gold,MQ_MLM_GOLD_20140408_131749
"bucket3$160,:3,:6001",2014-04-08T13:30:50.049900,MQ,BAM,3000,,3000,100.0,ZNE,train,gold,MQ_BAM_GOLD_20140408_133120
"bucket3$161,:3,:6001",2014-04-08T13:30:51.119900,MQ,CPM,3000,,3000,100.0,ZNE,train,gold,MQ_CPM_GOLD_20140408_133121
"bucket3$162,:3,:6001",2014-04-08T13:30:50.739900,MQ,GBM,3000,,3000,100.0,ZNE,train,gold,MQ_GBM_GOLD_20140408_133120
"bucket3$163,:3,:6001",2014-04-08T13:30:50.690000,MQ,IA2,3000,3245.0,3000,100.0,ZNE,train,gold,MQ_IA2_GOLD_20140408_133120
"bucket6$401,:3,:6001",2014-04-08T13:30:50.560000,MQ,LAM,3000,,3000,100.0,ZNE,test,gold,MQ_LAM_GOLD_20140408_133120
"bucket3$164,:3,:6001",2014-04-08T13:30:51.390000,MQ,SAM,3000,3155.0,3000,100.0,ZNE,train,gold,MQ_SAM_GOLD_20140408_133121
"bucket3$165,:3,:6001",2014-04-08T16:10:44.079900,MQ,BAM,3000,,3000,100.0,ZNE,train,gold,MQ_BAM_GOLD_20140408_161114
"bucket3$166,:3,:6001",2014-04-08T16:10:41.599900,MQ,CPM,3000,,3000,100.0,ZNE,train,gold,MQ_CPM_GOLD_20140408_161111
"bucket3$167,:3,:6001",2014-04-08T16:10:45.439900,MQ,GBM,3000,,3000,100.0,ZNE,train,gold,MQ_GBM_GOLD_20140408_161115
"bucket3$168,:3,:6001",2014-04-08T16:10:44.509900,MQ,MLM,3000,,3000,100.0,ZNE,train,gold,MQ_MLM_GOLD_20140408_161114
"bucket3$169,:3,:6001",2014-04-08T17:46:45.149900,MQ,BAM,3000,,3000,100.0,ZNE,train,gold,MQ_BAM_GOLD_20140408_174715
"bucket3$170,:3,:6001",2014-04-08T17:46:46.399900,MQ,CPM,3000,,3000,100.0,ZNE,train,gold,MQ_CPM_GOLD_20140408_174716
"bucket3$171,:3,:6001",2014-04-08T17:46:49.830000,MQ,LAM,3000,,3000,100.0,ZNE,train,gold,MQ_LAM_GOLD_20140408_174719
"bucket9$378,:3,:6001",2014-04-08T17:46:48.039900,MQ,MLM,3000,,3000,100.0,ZNE,dev,gold,MQ_MLM_GOLD_20140408_174718
"bucket3$172,:3,:6001",2014-04-08T17:46:42.650000,MQ,SAM,3000,3037.0,3000,100.0,ZNE,train,gold,MQ_SAM_GOLD_20140408_174712
"bucket3$173,:3,:6001",2014-04-08T17:56:05.639900,MQ,BAM,3000,,3000,100.0,ZNE,train,gold,MQ_BAM_GOLD_20140408_175635
"bucket3$174,:3,:6001",2014-04-08T17:56:00.679900,MQ,GBM,3000,,3000,100.0,ZNE,train,gold,MQ_GBM_GOLD_20140408_175630
"bucket3$175,:3,:6001",2014-04-08T17:55:56.790000,MQ,LAM,3000,,3000,100.0,ZNE,train,gold,MQ_LAM_GOLD_20140408_175626
"bucket3$176,:3,:6001",2014-04-08T17:56:03.159900,MQ,MLM,3000,,3000,100.0,ZNE,train,gold,MQ_MLM_GOLD_20140408_175633
"bucket3$177,:3,:6001",2014-04-09T04:01:59.779900,MQ,BAM,3000,,3000,100.0,ZNE,train,gold,MQ_BAM_GOLD_20140409_040229
"bucket3$178,:3,:6001",2014-04-09T04:02:03.049900,MQ,CPM,3000,,3000,100.0,ZNE,train,gold,MQ_CPM_GOLD_20140409_040233
"bucket3$179,:3,:6001",2014-04-09T04:02:08.030000,MQ,IA2,3000,,3000,100.0,ZNE,train,gold,MQ_IA2_GOLD_20140409_040238
"bucket3$180,:3,:6001",2014-04-09T04:02:09.440000,MQ,SAM,3000,3023.0,3000,100.0,ZNE,train,gold,MQ_SAM_GOLD_20140409_040239
"bucket3$181,:3,:6001",2014-04-09T09:45:44.039900,MQ,GBM,3000,,3000,100.0,ZNE,train,gold,MQ_GBM_GOLD_20140409_094614
"bucket3$182,:3,:6001",2014-04-09T09:45:40.960000,MQ,IA2,3000,,3000,100.0,ZNE,train,gold,MQ_IA2_GOLD_20140409_094610
"bucket9$379,:3,:6001",2014-04-09T09:45:47.920000,MQ,LAM,3000,,3000,100.0,ZNE,dev,gold,MQ_LAM_GOLD_20140409_094617
"bucket3$183,:3,:6001",2014-04-09T09:45:46.369900,MQ,MLM,3000,,3000,100.0,ZNE,train,gold,MQ_MLM_GOLD_20140409_094616
"bucket3$184,:3,:6001",2014-04-09T15:16:08.529900,MQ,BAM,3000,,3000,100.0,ZNE,train,gold,MQ_BAM_GOLD_20140409_151638
"bucket9$380,:3,:6001",2014-04-09T15:16:07.009900,MQ,GBM,3000,,3000,100.0,ZNE,dev,gold,MQ_GBM_GOLD_20140409_151637
"bucket9$381,:3,:6001",2014-04-09T15:15:58.410000,MQ,IA2,3000,3245.0,3000,100.0,ZNE,dev,gold,MQ_IA2_GOLD_20140409_151628
"bucket3$185,:3,:6001",2014-04-09T15:15:57.909900,MQ,MLM,3000,,3000,100.0,ZNE,train,gold,MQ_MLM_GOLD_20140409_151627
"bucket9$382,:3,:6001",2014-04-09T15:16:02.420000,MQ,SAM,3000,,3000,100.0,ZNE,dev,gold,MQ_SAM_GOLD_20140409_151632
"bucket3$186,:3,:6001",2014-04-09T15:26:26.059900,MQ,BAM,3000,,3000,100.0,ZNE,train,gold,MQ_BAM_GOLD_20140409_152656
"bucket3$187,:3,:6001",2014-04-09T15:26:28.829900,MQ,CPM,3000,,3000,100.0,ZNE,train,gold,MQ_CPM_GOLD_20140409_152658
"bucket9$383,:3,:6001",2014-04-09T15:26:30.709900,MQ,MLM,3000,,3000,100.0,ZNE,dev,gold,MQ_MLM_GOLD_20140409_152700
"bucket3$188,:3,:6001",2014-04-09T15:26:31.070000,MQ,SAM,3000,3219.0,3000,100.0,ZNE,train,gold,MQ_SAM_GOLD_20140409_152701
"bucket3$189,:3,:6001",2014-04-09T15:30:32.620000,MQ,IA2,3000,,3000,100.0,ZNE,train,gold,MQ_IA2_GOLD_20140409_153102
"bucket3$190,:3,:6001",2014-04-09T15:30:37.700000,MQ,LAM,3000,,3000,100.0,ZNE,train,gold,MQ_LAM_GOLD_20140409_153107
"bucket3$191,:3,:6001",2014-04-09T15:30:35.299900,MQ,MLM,3000,,3000,100.0,ZNE,train,gold,MQ_MLM_GOLD_20140409_153105
"bucket3$192,:3,:6001",2014-04-09T15:30:34.030000,MQ,SAM,3000,,3000,100.0,ZNE,train,gold,MQ_SAM_GOLD_20140409_153104
"bucket3$193,:3,:6001",2014-04-09T15:40:53.879900,MQ,BAM,3000,,3000,100.0,ZNE,train,gold,MQ_BAM_GOLD_20140409_154123
"bucket3$194,:3,:6001",2014-04-09T15:40:50.919900,MQ,CPM,3000,,3000,100.0,ZNE,train,gold,MQ_CPM_GOLD_20140409_154120
"bucket3$195,:3,:6001",2014-04-09T15:40:55.159900,MQ,MLM,3000,,3000,100.0,ZNE,train,gold,MQ_MLM_GOLD_20140409_154125
"bucket3$196,:3,:6001",2014-04-09T15:40:57.570000,MQ,SAM,3000,3136.0,3000,100.0,ZNE,train,gold,MQ_SAM_GOLD_20140409_154127
"bucket3$197,:3,:6001",2014-04-09T17:10:34.579900,MQ,BAM,3000,,3000,100.0,ZNE,train,gold,MQ_BAM_GOLD_20140409_171104
"bucket3$198,:3,:6001",2014-04-09T17:10:33.299900,MQ,GBM,3000,,3000,100.0,ZNE,train,gold,MQ_GBM_GOLD_20140409_171103
"bucket9$384,:3,:6001",2014-04-09T17:10:32.030000,MQ,LAM,3000,3196.0,3000,100.0,ZNE,dev,gold,MQ_LAM_GOLD_20140409_171102
"bucket3$199,:3,:6001",2014-04-09T17:10:34.500000,MQ,SAM,3000,,3000,100.0,ZNE,train,gold,MQ_SAM_GOLD_20140409_171104
"bucket9$385,:3,:6001",2014-04-09T19:37:47.709900,MQ,BAM,3000,,3000,100.0,ZNE,dev,gold,MQ_BAM_GOLD_20140409_193817
"bucket3$200,:3,:6001",2014-04-09T19:37:53.359900,MQ,GBM,3000,,3000,100.0,ZNE,train,gold,MQ_GBM_GOLD_20140409_193823
"bucket3$201,:3,:6001",2014-04-09T19:37:49.640000,MQ,IA2,3000,3211.0,3000,100.0,ZNE,train,gold,MQ_IA2_GOLD_20140409_193819
"bucket3$202,:3,:6001",2014-04-09T19:37:48.810000,MQ,SAM,3000,3029.0,3000,100.0,ZNE,train,gold,MQ_SAM_GOLD_20140409_193818
"bucket3$203,:3,:6001",2014-04-09T20:13:46.279900,MQ,BAM,3000,,3000,100.0,ZNE,train,gold,MQ_BAM_GOLD_20140409_201416
"bucket6$402,:3,:6001",2014-04-09T20:13:50.729900,MQ,GBM,3000,,3000,100.0,ZNE,test,gold,MQ_GBM_GOLD_20140409_201420
"bucket3$204,:3,:6001",2014-04-09T20:13:44.389900,MQ,MLM,3000,,3000,100.0,ZNE,train,gold,MQ_MLM_GOLD_20140409_201414
"bucket9$386,:3,:6001",2014-04-09T20:13:43.820000,MQ,SAM,3000,3193.0,3000,100.0,ZNE,dev,gold,MQ_SAM_GOLD_20140409_201413
"bucket3$205,:3,:6001",2014-04-09T20:18:42.099900,MQ,BAM,3000,,3000,100.0,ZNE,train,gold,MQ_BAM_GOLD_20140409_201912
"bucket9$387,:3,:6001",2014-04-09T20:18:42.099900,MQ,GBM,3000,,3000,100.0,ZNE,dev,gold,MQ_GBM_GOLD_20140409_201912
"bucket3$206,:3,:6001",2014-04-09T20:18:42.340000,MQ,IA2,3000,3160.0,3000,100.0,ZNE,train,gold,MQ_IA2_GOLD_20140409_201912
"bucket3$207,:3,:6001",2014-04-09T20:18:46.340000,MQ,SAM,3000,,3000,100.0,ZNE,train,gold,MQ_SAM_GOLD_20140409_201916
"bucket3$208,:3,:6001",2014-04-09T20:19:05.069900,MQ,BAM,3000,,3000,100.0,ZNE,train,gold,MQ_BAM_GOLD_20140409_201935
"bucket9$388,:3,:6001",2014-04-09T20:19:04.799900,MQ,CPM,3000,,3000,100.0,ZNE,dev,gold,MQ_CPM_GOLD_20140409_201934
"bucket3$209,:3,:6001",2014-04-09T20:19:06.509900,MQ,GBM,3000,,3000,100.0,ZNE,train,gold,MQ_GBM_GOLD_20140409_201936
"bucket9$389,:3,:6001",2014-04-09T20:19:02.029900,MQ,MLM,3000,,3000,100.0,ZNE,dev,gold,MQ_MLM_GOLD_20140409_201932
"bucket3$210,:3,:6001",2014-04-09T21:01:11.399900,MQ,BAM,3000,,3000,100.0,ZNE,train,gold,MQ_BAM_GOLD_20140409_210141
"bucket3$211,:3,:6001",2014-04-09T21:01:12.529900,MQ,CPM,3000,,3000,100.0,ZNE,train,gold,MQ_CPM_GOLD_20140409_210142
"bucket3$212,:3,:6001",2014-04-09T21:01:11.639900,MQ,GBM,3000,,3000,100.0,ZNE,train,gold,MQ_GBM_GOLD_20140409_210141
"bucket3$213,:3,:6001",2014-04-09T21:01:12.460000,MQ,IA2,3000,,3000,100.0,ZNE,train,gold,MQ_IA2_GOLD_20140409_210142
"bucket3$214,:3,:6001",2014-04-09T21:01:12.850000,MQ,LAM,3000,,3000,100.0,ZNE,train,gold,MQ_LAM_GOLD_20140409_210142
"bucket3$215,:3,:6001",2014-04-09T21:01:13.539900,MQ,MLM,3000,,3000,100.0,ZNE,train,gold,MQ_MLM_GOLD_20140409_210143
"bucket3$216,:3,:6001",2014-04-09T21:01:13.880000,MQ,SAM,3000,,3000,100.0,ZNE,train,gold,MQ_SAM_GOLD_20140409_210143
"bucket3$217,:3,:6001",2014-04-09T22:40:45.339900,MQ,BAM,3000,,3000,100.0,ZNE,train,gold,MQ_BAM_GOLD_20140409_224115
"bucket3$218,:3,:6001",2014-04-09T22:40:46.819900,MQ,CPM,3000,,3000,100.0,ZNE,train,gold,MQ_CPM_GOLD_20140409_224116
"bucket3$219,:3,:6001",2014-04-09T22:40:46.549900,MQ,GBM,3000,,3000,100.0,ZNE,train,gold,MQ_GBM_GOLD_20140409_224116
"bucket6$403,:3,:6001",2014-04-09T22:40:46.750000,MQ,IA2,3000,,3000,100.0,ZNE,test,gold,MQ_IA2_GOLD_20140409_224116
"bucket3$220,:3,:6001",2014-04-09T22:40:47.080000,MQ,SAM,3000,,3000,100.0,ZNE,train,gold,MQ_SAM_GOLD_20140409_224117
"bucket3$221,:3,:6001",2014-04-10T10:08:22.669900,MQ,BAM,3000,,3000,100.0,ZNE,train,gold,MQ_BAM_GOLD_20140410_100852
"bucket3$222,:3,:6001",2014-04-10T10:08:26.909900,MQ,CPM,3000,,3000,100.0,ZNE,train,gold,MQ_CPM_GOLD_20140410_100856
"bucket3$223,:3,:6001",2014-04-10T10:08:30.119900,MQ,GBM,3000,,3000,100.0,ZNE,train,gold,MQ_GBM_GOLD_20140410_100900
"bucket3$224,:3,:6001",2014-04-10T10:08:32.079900,MQ,MLM,3000,,3000,100.0,ZNE,train,gold,MQ_MLM_GOLD_20140410_100902
"bucket6$404,:3,:6001",2014-04-10T10:19:08.459900,MQ,BAM,3000,,3000,100.0,ZNE,test,gold,MQ_BAM_GOLD_20140410_101938
"bucket3$225,:3,:6001",2014-04-10T10:19:10.499900,MQ,GBM,3000,,3000,100.0,ZNE,train,gold,MQ_GBM_GOLD_20140410_101940
"bucket3$226,:3,:6001",2014-04-10T10:19:11.220000,MQ,IA2,3000,3472.0,3000,100.0,ZNE,train,gold,MQ_IA2_GOLD_20140410_101941
"bucket3$227,:3,:6001",2014-04-10T10:19:10.189900,MQ,MLM,3000,,3000,100.0,ZNE,train,gold,MQ_MLM_GOLD_20140410_101940
"bucket9$390,:3,:6001",2014-04-10T10:19:14.540000,MQ,SAM,3000,3181.0,3000,100.0,ZNE,dev,gold,MQ_SAM_GOLD_20140410_101944
"bucket6$405,:3,:6001",2014-04-10T10:36:31.079900,MQ,BAM,3000,,3000,100.0,ZNE,test,gold,MQ_BAM_GOLD_20140410_103701
"bucket3$228,:3,:6001",2014-04-10T10:36:29.079900,MQ,CPM,3000,,3000,100.0,ZNE,train,gold,MQ_CPM_GOLD_20140410_103659
"bucket3$229,:3,:6001",2014-04-10T10:36:35.229900,MQ,GBM,3000,,3000,100.0,ZNE,train,gold,MQ_GBM_GOLD_20140410_103705
"bucket3$230,:3,:6001",2014-04-10T10:36:38.039900,MQ,MLM,3000,,3000,100.0,ZNE,train,gold,MQ_MLM_GOLD_20140410_103708
"bucket6$406,:3,:6001",2014-04-10T13:09:06.369900,MQ,BAM,3000,,3000,100.0,ZNE,test,gold,MQ_BAM_GOLD_20140410_130936
"bucket3$231,:3,:6001",2014-04-10T13:09:07.799900,MQ,CPM,3000,,3000,100.0,ZNE,train,gold,MQ_CPM_GOLD_20140410_130937
"bucket6$407,:3,:6001",2014-04-10T13:09:01.939900,MQ,MLM,3000,,3000,100.0,ZNE,test,gold,MQ_MLM_GOLD_20140410_130931
"bucket3$232,:3,:6001",2014-04-10T13:09:00.080000,MQ,SAM,3000,,3000,100.0,ZNE,train,gold,MQ_SAM_GOLD_20140410_130930
"bucket9$391,:3,:6001",2014-04-10T13:57:09.499900,MQ,BAM,3000,,3000,100.0,ZNE,dev,gold,MQ_BAM_GOLD_20140410_135739
"bucket6$408,:3,:6001",2014-04-10T13:57:08.809900,MQ,CPM,3000,,3000,100.0,ZNE,test,gold,MQ_CPM_GOLD_20140410_135738
"bucket3$233,:3,:6001",2014-04-10T13:57:06.249900,MQ,GBM,3000,,3000,100.0,ZNE,train,gold,MQ_GBM_GOLD_20140410_135736
"bucket3$234,:3,:6001",2014-04-10T13:57:12.379900,MQ,MLM,3000,,3000,100.0,ZNE,train,gold,MQ_MLM_GOLD_20140410_135742
"bucket3$235,:3,:6001",2014-04-10T14:43:53.479900,MQ,BAM,3000,,3000,100.0,ZNE,train,gold,MQ_BAM_GOLD_20140410_144423
"bucket3$236,:3,:6001",2014-04-10T14:44:00.369900,MQ,GBM,3000,,3000,100.0,ZNE,train,gold,MQ_GBM_GOLD_20140410_144430
"bucket3$237,:3,:6001",2014-04-10T14:43:53.540000,MQ,IA2,3000,3118.0,3000,100.0,ZNE,train,gold,MQ_IA2_GOLD_20140410_144423
"bucket3$238,:3,:6001",2014-04-10T14:43:58.679900,MQ,MLM,3000,,3000,100.0,ZNE,train,gold,MQ_MLM_GOLD_20140410_144428
"bucket3$239,:3,:6001",2014-04-10T15:45:57.599900,MQ,BAM,3000,,3000,100.0,ZNE,train,gold,MQ_BAM_GOLD_20140410_154627
"bucket3$240,:3,:6001",2014-04-10T15:45:51.719900,MQ,CPM,3000,,3000,100.0,ZNE,train,gold,MQ_CPM_GOLD_20140410_154621
"bucket3$241,:3,:6001",2014-04-10T15:45:56.029900,MQ,GBM,3000,,3000,100.0,ZNE,train,gold,MQ_GBM_GOLD_20140410_154626
"bucket3$242,:3,:6001",2014-04-10T15:45:58.449900,MQ,MLM,3000,,3000,100.0,ZNE,train,gold,MQ_MLM_GOLD_20140410_154628
"bucket3$243,:3,:6001",2014-04-10T17:47:48.669900,MQ,CPM,3000,,3000,100.0,ZNE,train,gold,MQ_CPM_GOLD_20140410_174818
"bucket6$409,:3,:6001",2014-04-10T17:47:45.929900,MQ,GBM,3000,,3000,100.0,ZNE,test,gold,MQ_GBM_GOLD_20140410_174815
"bucket3$244,:3,:6001",2014-04-10T17:47:48.080000,MQ,IA2,3000,3115.0,3000,100.0,ZNE,train,gold,MQ_IA2_GOLD_20140410_174818
"bucket3$245,:3,:6001",2014-04-10T17:47:48.389900,MQ,MLM,3000,,3000,100.0,ZNE,train,gold,MQ_MLM_GOLD_20140410_174818
"bucket9$392,:3,:6001",2014-04-10T17:49:33.269900,MQ,BAM,3000,,3000,100.0,ZNE,dev,gold,MQ_BAM_GOLD_20140410_175003
"bucket3$246,:3,:6001",2014-04-10T17:49:35.349900,MQ,GBM,3000,,3000,100.0,ZNE,train,gold,MQ_GBM_GOLD_20140410_175005
"bucket9$393,:3,:6001",2014-04-10T17:49:34.360000,MQ,IA2,3000,3247.0,3000,100.0,ZNE,dev,gold,MQ_IA2_GOLD_20140410_175004
"bucket6$410,:3,:6001",2014-04-10T17:49:38.179900,MQ,MLM,3000,,3000,100.0,ZNE,test,gold,MQ_MLM_GOLD_20140410_175008
"bucket9$394,:3,:6001",2014-04-10T17:52:25.519900,MQ,BAM,3000,,3000,100.0,ZNE,dev,gold,MQ_BAM_GOLD_20140410_175255
"bucket3$247,:3,:6001",2014-04-10T17:52:25.729900,MQ,CPM,3000,,3000,100.0,ZNE,train,gold,MQ_CPM_GOLD_20140410_175255
"bucket3$248,:3,:6001",2014-04-10T17:52:26.249900,MQ,GBM,3000,,3000,100.0,ZNE,train,gold,MQ_GBM_GOLD_20140410_175256
"bucket3$249,:3,:6001",2014-04-10T17:52:25.910000,MQ,IA2,3000,3167.0,3000,100.0,ZNE,train,gold,MQ_IA2_GOLD_20140410_175255
"bucket9$395,:3,:6001",2014-04-10T18:10:08.919900,MQ,CPM,3000,,3000,100.0,ZNE,dev,gold,MQ_CPM_GOLD_20140410_181038
"bucket3$250,:3,:6001",2014-04-10T18:10:11.369900,MQ,GBM,3000,,3000,100.0,ZNE,train,gold,MQ_GBM_GOLD_20140410_181041
"bucket6$411,:3,:6001",2014-04-10T18:10:06.870000,MQ,IA2,3000,3075.0,3000,100.0,ZNE,test,gold,MQ_IA2_GOLD_20140410_181036
"bucket3$251,:3,:6001",2014-04-10T18:10:09.089900,MQ,MLM,3000,,3000,100.0,ZNE,train,gold,MQ_MLM_GOLD_20140410_181039
"bucket3$252,:3,:6001",2014-04-10T18:10:51.119900,MQ,BAM,3000,,3000,100.0,ZNE,train,gold,MQ_BAM_GOLD_20140410_181121
"bucket3$253,:3,:6001",2014-04-10T18:10:49.569900,MQ,CPM,3000,,3000,100.0,ZNE,train,gold,MQ_CPM_GOLD_20140410_181119
"bucket3$254,:3,:6001",2014-04-10T18:10:50.799900,MQ,GBM,3000,,3000,100.0,ZNE,train,gold,MQ_GBM_GOLD_20140410_181120
"bucket3$255,:3,:6001",2014-04-10T18:10:51.919900,MQ,MLM,3000,,3000,100.0,ZNE,train,gold,MQ_MLM_GOLD_20140410_181121
"bucket3$256,:3,:6001",2014-04-10T18:15:53.999900,MQ,BAM,3000,,3000,100.0,ZNE,train,gold,MQ_BAM_GOLD_20140410_181623
"bucket3$257,:3,:6001",2014-04-10T18:15:51.959900,MQ,CPM,3000,,3000,100.0,ZNE,train,gold,MQ_CPM_GOLD_20140410_181621
"bucket3$258,:3,:6001",2014-04-10T18:15:51.959900,MQ,GBM,3000,,3000,100.0,ZNE,train,gold,MQ_GBM_GOLD_20140410_181621
"bucket3$259,:3,:6001",2014-04-10T18:15:54.830000,MQ,IA2,3000,,3000,100.0,ZNE,train,gold,MQ_IA2_GOLD_20140410_181624
"bucket3$260,:3,:6001",2014-04-10T18:16:28.329900,MQ,BAM,3000,,3000,100.0,ZNE,train,gold,MQ_BAM_GOLD_20140410_181658
"bucket6$412,:3,:6001",2014-04-10T18:16:22.449900,MQ,CPM,3000,,3000,100.0,ZNE,test,gold,MQ_CPM_GOLD_20140410_181652
"bucket3$261,:3,:6001",2014-04-10T18:16:29.239900,MQ,GBM,3000,,3000,100.0,ZNE,train,gold,MQ_GBM_GOLD_20140410_181659
"bucket3$262,:3,:6001",2014-04-10T18:16:23.730000,MQ,IA2,3000,3181.0,3000,100.0,ZNE,train,gold,MQ_IA2_GOLD_20140410_181653
"bucket3$263,:3,:6001",2014-04-10T18:16:27.019900,MQ,MLM,3000,,3000,100.0,ZNE,train,gold,MQ_MLM_GOLD_20140410_181657
"bucket3$264,:3,:6001",2014-04-10T18:16:21.090000,MQ,SAM,3000,3474.0,3000,100.0,ZNE,train,gold,MQ_SAM_GOLD_20140410_181651
"bucket3$265,:3,:6001",2014-04-10T18:20:04.159900,MQ,BAM,3000,,3000,100.0,ZNE,train,gold,MQ_BAM_GOLD_20140410_182034
"bucket3$266,:3,:6001",2014-04-10T18:20:05.849900,MQ,CPM,3000,,3000,100.0,ZNE,train,gold,MQ_CPM_GOLD_20140410_182035
"bucket3$267,:3,:6001",2014-04-10T18:20:02.650000,MQ,IA2,3000,3118.0,3000,100.0,ZNE,train,gold,MQ_IA2_GOLD_20140410_182032
"bucket6$413,:3,:6001",2014-04-10T18:20:09.039900,MQ,MLM,3000,,3000,100.0,ZNE,test,gold,MQ_MLM_GOLD_20140410_182039
"bucket3$268,:3,:6001",2014-04-10T18:28:03.089900,MQ,BAM,3000,,3000,100.0,ZNE,train,gold,MQ_BAM_GOLD_20140410_182833
"bucket3$269,:3,:6001",2014-04-10T18:28:08.089900,MQ,CPM,3000,,3000,100.0,ZNE,train,gold,MQ_CPM_GOLD_20140410_182838
"bucket9$396,:3,:6001",2014-04-10T18:28:07.199900,MQ,GBM,3000,,3000,100.0,ZNE,dev,gold,MQ_GBM_GOLD_20140410_182837
"bucket3$270,:3,:6001",2014-04-10T18:28:04.920000,MQ,SAM,3000,,3000,100.0,ZNE,train,gold,MQ_SAM_GOLD_20140410_182834
"bucket3$271,:3,:6001",2014-04-10T18:35:44.609900,MQ,BAM,3000,,3000,100.0,ZNE,train,gold,MQ_BAM_GOLD_20140410_183614
"bucket3$272,:3,:6001",2014-04-10T18:35:48.999900,MQ,CPM,3000,,3000,100.0,ZNE,train,gold,MQ_CPM_GOLD_20140410_183618
"bucket6$414,:3,:6001",2014-04-10T18:35:44.019900,MQ,GBM,3000,,3000,100.0,ZNE,test,gold,MQ_GBM_GOLD_20140410_183614
"bucket3$273,:3,:6001",2014-04-10T18:35:45.710000,MQ,IA2,3000,,3000,100.0,ZNE,train,gold,MQ_IA2_GOLD_20140410_183615
"bucket3$274,:3,:6001",2014-04-10T18:35:45.540000,MQ,LAM,3000,3265.0,3000,100.0,ZNE,train,gold,MQ_LAM_GOLD_20140410_183615
"bucket3$275,:3,:6001",2014-04-10T23:07:10.189900,MQ,BAM,3000,,3000,100.0,ZNE,train,gold,MQ_BAM_GOLD_20140410_230740
"bucket3$276,:3,:6001",2014-04-10T23:07:13.679900,MQ,CPM,3000,,3000,100.0,ZNE,train,gold,MQ_CPM_GOLD_20140410_230743
"bucket3$277,:3,:6001",2014-04-10T23:07:18.570000,MQ,IA2,3000,,3000,100.0,ZNE,train,gold,MQ_IA2_GOLD_20140410_230748
"bucket6$415,:3,:6001",2014-04-10T23:07:10.850000,MQ,SAM,3000,3211.0,3000,100.0,ZNE,test,gold,MQ_SAM_GOLD_20140410_230740
"bucket9$397,:3,:6001",2014-04-11T07:26:23.879900,MQ,BAM,3000,,3000,100.0,ZNE,dev,gold,MQ_BAM_GOLD_20140411_072653
"bucket3$278,:3,:6001",2014-04-11T07:26:25.639900,MQ,GBM,3000,,3000,100.0,ZNE,train,gold,MQ_GBM_GOLD_20140411_072655
"bucket3$279,:3,:6001",2014-04-11T07:26:28.680000,MQ,IA2,3000,3197.0,3000,100.0,ZNE,train,gold,MQ_IA2_GOLD_20140411_072658
"bucket3$280,:3,:6001",2014-04-11T07:26:25.009900,MQ,MLM,3000,,3000,100.0,ZNE,train,gold,MQ_MLM_GOLD_20140411_072655
"bucket3$281,:3,:6001",2014-04-11T08:35:51.609900,MQ,BAM,3000,,3000,100.0,ZNE,train,gold,MQ_BAM_GOLD_20140411_083621
"bucket3$282,:3,:6001",2014-04-11T08:35:56.179900,MQ,GBM,3000,,3000,100.0,ZNE,train,gold,MQ_GBM_GOLD_20140411_083626
MQ_IA2_GOLD_20140411_083623,2014-04-11T08:36:06.750000,MQ,IA2,1646,1778.0,1646,100.0,ZNE,dev,gold,
"bucket9$398,:3,:6001",2014-04-11T08:35:53.489900,MQ,MLM,3000,,3000,100.0,ZNE,dev,gold,MQ_MLM_GOLD_20140411_083623
"bucket6$416,:3,:6001",2014-04-11T10:00:29.909900,MQ,BAM,3000,,3000,100.0,ZNE,test,gold,MQ_BAM_GOLD_20140411_100059
"bucket3$283,:3,:6001",2014-04-11T10:00:24.009900,MQ,CPM,3000,,3000,100.0,ZNE,train,gold,MQ_CPM_GOLD_20140411_100054
"bucket3$284,:3,:6001",2014-04-11T10:00:27.069900,MQ,MLM,3000,,3000,100.0,ZNE,train,gold,MQ_MLM_GOLD_20140411_100057
"bucket3$285,:3,:6001",2014-04-11T10:00:20.350000,MQ,SAM,3000,3136.0,3000,100.0,ZNE,train,gold,MQ_SAM_GOLD_20140411_100050
"bucket3$286,:3,:6001",2014-04-11T10:43:23.819900,MQ,BAM,3000,,3000,100.0,ZNE,train,gold,MQ_BAM_GOLD_20140411_104353
"bucket3$287,:3,:6001",2014-04-11T10:43:18.349900,MQ,CPM,3000,,3000,100.0,ZNE,train,gold,MQ_CPM_GOLD_20140411_104348
"bucket3$288,:3,:6001",2014-04-11T10:43:17.390000,MQ,IA2,3000,3197.0,3000,100.0,ZNE,train,gold,MQ_IA2_GOLD_20140411_104347
"bucket6$417,:3,:6001",2014-04-11T10:43:21.799900,MQ,MLM,3000,,3000,100.0,ZNE,test,gold,MQ_MLM_GOLD_20140411_104351
"bucket3$289,:3,:6001",2014-04-11T11:20:37.569900,MQ,BAM,3000,,3000,100.0,ZNE,train,gold,MQ_BAM_GOLD_20140411_112107
"bucket3$290,:3,:6001",2014-04-11T11:20:34.709900,MQ,CPM,3000,,3000,100.0,ZNE,train,gold,MQ_CPM_GOLD_20140411_112104
"bucket6$418,:3,:6001",2014-04-11T11:20:29.789900,MQ,MLM,3000,,3000,100.0,ZNE,test,gold,MQ_MLM_GOLD_20140411_112059
"bucket3$291,:3,:6001",2014-04-11T11:20:34.710000,MQ,SAM,3000,3194.0,3000,100.0,ZNE,train,gold,MQ_SAM_GOLD_20140411_112104
"bucket3$292,:3,:6001",2014-04-11T11:27:50.199900,MQ,BAM,3000,,3000,100.0,ZNE,train,gold,MQ_BAM_GOLD_20140411_112820
"bucket3$293,:3,:6001",2014-04-11T11:27:44.859900,MQ,CPM,3000,,3000,100.0,ZNE,train,gold,MQ_CPM_GOLD_20140411_112814
"bucket3$294,:3,:6001",2014-04-11T11:27:47.120000,MQ,IA2,3000,3163.0,3000,100.0,ZNE,train,gold,MQ_IA2_GOLD_20140411_112817
"bucket3$295,:3,:6001",2014-04-11T11:27:40.589900,MQ,MLM,3000,,3000,100.0,ZNE,train,gold,MQ_MLM_GOLD_20140411_112810
"bucket3$296,:3,:6001",2014-04-11T13:14:27.069900,MQ,CPM,3000,,3000,100.0,ZNE,train,gold,MQ_CPM_GOLD_20140411_131457
"bucket3$297,:3,:6001",2014-04-11T13:14:23.549900,MQ,GBM,3000,,3000,100.0,ZNE,train,gold,MQ_GBM_GOLD_20140411_131453
"bucket6$419,:3,:6001",2014-04-11T13:14:29.220000,MQ,IA2,3000,3152.0,3000,100.0,ZNE,test,gold,MQ_IA2_GOLD_20140411_131459
"bucket3$298,:3,:6001",2014-04-11T13:14:29.779900,MQ,MLM,3000,,3000,100.0,ZNE,train,gold,MQ_MLM_GOLD_20140411_131459
"bucket9$399,:3,:6001",2014-04-11T14:21:15.139900,MQ,CPM,3000,,3000,100.0,ZNE,dev,gold,MQ_CPM_GOLD_20140411_142145
"bucket3$299,:3,:6001",2014-04-11T14:31:48.109900,MQ,CPM,3000,,3000,100.0,ZNE,train,gold,MQ_CPM_GOLD_20140411_143218
"bucket3$300,:3,:6001",2014-04-11T14:31:46.339900,MQ,GBM,3000,,3000,100.0,ZNE,train,gold,MQ_GBM_GOLD_20140411_143216
"bucket3$301,:3,:6001",2014-04-11T14:31:47.460000,MQ,IA2,3000,3240.0,3000,100.0,ZNE,train,gold,MQ_IA2_GOLD_20140411_143217
"bucket9$400,:3,:6001",2014-04-11T14:31:45.230000,MQ,SAM,3000,,3000,100.0,ZNE,dev,gold,MQ_SAM_GOLD_20140411_143215
"bucket9$401,:3,:6001",2014-04-11T15:03:03.919900,MQ,BAM,3000,,3000,100.0,ZNE,dev,gold,MQ_BAM_GOLD_20140411_150333
"bucket3$302,:3,:6001",2014-04-11T15:03:02.179900,MQ,CPM,3000,,3000,100.0,ZNE,train,gold,MQ_CPM_GOLD_20140411_150332
"bucket6$420,:3,:6001",2014-04-11T15:02:58.089900,MQ,GBM,3000,,3000,100.0,ZNE,test,gold,MQ_GBM_GOLD_20140411_150328
"bucket3$303,:3,:6001",2014-04-11T15:03:01.559900,MQ,MLM,3000,,3000,100.0,ZNE,train,gold,MQ_MLM_GOLD_20140411_150331
"bucket3$304,:3,:6001",2014-04-11T20:06:32.379900,MQ,BAM,3000,,3000,100.0,ZNE,train,gold,MQ_BAM_GOLD_20140411_200702
"bucket3$305,:3,:6001",2014-04-11T20:06:34.599900,MQ,CPM,3000,,3000,100.0,ZNE,train,gold,MQ_CPM_GOLD_20140411_200704
"bucket9$402,:3,:6001",2014-04-11T20:06:31.809900,MQ,MLM,3000,,3000,100.0,ZNE,dev,gold,MQ_MLM_GOLD_20140411_200701
"bucket3$306,:3,:6001",2014-04-11T20:06:31.590000,MQ,SAM,3000,,3000,100.0,ZNE,train,gold,MQ_SAM_GOLD_20140411_200701
"bucket3$307,:3,:6001",2014-04-11T21:14:00.719900,MQ,BAM,3000,,3000,100.0,ZNE,train,gold,MQ_BAM_GOLD_20140411_211430
"bucket3$308,:3,:6001",2014-04-11T21:14:00.469900,MQ,CPM,3000,,3000,100.0,ZNE,train,gold,MQ_CPM_GOLD_20140411_211430
"bucket9$403,:3,:6001",2014-04-11T21:14:01.220000,MQ,IA2,3000,3046.0,3000,100.0,ZNE,dev,gold,MQ_IA2_GOLD_20140411_211431
"bucket3$309,:3,:6001",2014-04-11T21:14:00.970000,MQ,LAM,3000,3211.0,3000,100.0,ZNE,train,gold,MQ_LAM_GOLD_20140411_211430
"bucket3$310,:3,:6001",2014-04-11T21:14:01.989900,MQ,MLM,3000,,3000,100.0,ZNE,train,gold,MQ_MLM_GOLD_20140411_211431
"bucket6$421,:3,:6001",2014-04-12T09:11:50.969900,MQ,BAM,3000,,3000,100.0,ZNE,test,gold,MQ_BAM_GOLD_20140412_091220
"bucket3$311,:3,:6001",2014-04-12T09:11:51.759900,MQ,CPM,3000,,3000,100.0,ZNE,train,gold,MQ_CPM_GOLD_20140412_091221
"bucket3$312,:3,:6001",2014-04-12T09:11:50.879900,MQ,GBM,3000,,3000,100.0,ZNE,train,gold,MQ_GBM_GOLD_20140412_091220
"bucket3$313,:3,:6001",2014-04-13T02:44:56.789900,MQ,BAM,3000,,3000,100.0,ZNE,train,gold,MQ_BAM_GOLD_20140413_024526
"bucket3$314,:3,:6001",2014-04-13T02:44:56.469900,MQ,CPM,3000,,3000,100.0,ZNE,train,gold,MQ_CPM_GOLD_20140413_024526
"bucket9$404,:3,:6001",2014-04-13T02:44:56.549900,MQ,GBM,3000,,3000,100.0,ZNE,dev,gold,MQ_GBM_GOLD_20140413_024526
"bucket3$315,:3,:6001",2014-04-13T02:44:55.630000,MQ,IA2,3000,3233.0,3000,100.0,ZNE,train,gold,MQ_IA2_GOLD_20140413_024525
"bucket9$405,:3,:6001",2014-04-13T02:44:57.030000,MQ,LAM,3000,,3000,100.0,ZNE,dev,gold,MQ_LAM_GOLD_20140413_024527
"bucket3$316,:3,:6001",2014-04-13T02:44:56.949900,MQ,MLM,3000,,3000,100.0,ZNE,train,gold,MQ_MLM_GOLD_20140413_024526
"bucket3$317,:3,:6001",2014-04-13T02:44:56.660000,MQ,SAM,3000,,3000,100.0,ZNE,train,gold,MQ_SAM_GOLD_20140413_024526
"bucket3$318,:3,:6001",2014-04-13T04:26:35.719900,MQ,BAM,3000,,3000,100.0,ZNE,train,gold,MQ_BAM_GOLD_20140413_042705
"bucket3$319,:3,:6001",2014-04-13T04:26:33.559900,MQ,CPM,3000,,3000,100.0,ZNE,train,gold,MQ_CPM_GOLD_20140413_042703
"bucket3$320,:3,:6001",2014-04-13T04:26:33.239900,MQ,GBM,3000,,3000,100.0,ZNE,train,gold,MQ_GBM_GOLD_20140413_042703
"bucket3$321,:3,:6001",2014-04-13T04:26:34.849900,MQ,MLM,3000,,3000,100.0,ZNE,train,gold,MQ_MLM_GOLD_20140413_042704
"bucket3$322,:3,:6001",2014-04-13T04:26:33.160000,MQ,SAM,3000,3418.0,3000,100.0,ZNE,train,gold,MQ_SAM_GOLD_20140413_042703
"bucket3$323,:3,:6001",2014-04-13T15:10:31.289900,MQ,CPM,3000,,3000,100.0,ZNE,train,gold,MQ_CPM_GOLD_20140413_151101
"bucket3$324,:3,:6001",2014-04-13T15:41:13.499900,MQ,BAM,3000,,3000,100.0,ZNE,train,gold,MQ_BAM_GOLD_20140413_154143
"bucket3$325,:3,:6001",2014-04-13T15:41:08.099900,MQ,GBM,3000,,3000,100.0,ZNE,train,gold,MQ_GBM_GOLD_20140413_154138
"bucket3$326,:3,:6001",2014-04-13T15:41:17.140000,MQ,IA2,3000,,3000,100.0,ZNE,train,gold,MQ_IA2_GOLD_20140413_154147
"bucket3$327,:3,:6001",2014-04-13T15:41:10.150000,MQ,SAM,3000,3136.0,3000,100.0,ZNE,train,gold,MQ_SAM_GOLD_20140413_154140
"bucket9$406,:3,:6001",2014-04-13T15:59:15.649900,MQ,BAM,3000,,3000,100.0,ZNE,dev,gold,MQ_BAM_GOLD_20140413_155945
"bucket3$328,:3,:6001",2014-04-13T15:59:13.539900,MQ,CPM,3000,,3000,100.0,ZNE,train,gold,MQ_CPM_GOLD_20140413_155943
"bucket3$329,:3,:6001",2014-04-13T15:59:19.859900,MQ,GBM,3000,,3000,100.0,ZNE,train,gold,MQ_GBM_GOLD_20140413_155949
"bucket3$330,:3,:6001",2014-04-13T15:59:10.490000,MQ,SAM,3000,,3000,100.0,ZNE,train,gold,MQ_SAM_GOLD_20140413_155940
"bucket3$331,:3,:6001",2014-04-13T16:09:32.199900,MQ,BAM,3000,,3000,100.0,ZNE,train,gold,MQ_BAM_GOLD_20140413_161002
"bucket6$422,:3,:6001",2014-04-13T16:09:31.539900,MQ,GBM,3000,,3000,100.0,ZNE,test,gold,MQ_GBM_GOLD_20140413_161001
"bucket3$332,:3,:6001",2014-04-13T16:09:32.230000,MQ,IA2,3000,,3000,100.0,ZNE,train,gold,MQ_IA2_GOLD_20140413_161002
"bucket3$333,:3,:6001",2014-04-13T16:09:30.410000,MQ,SAM,3000,,3000,100.0,ZNE,train,gold,MQ_SAM_GOLD_20140413_161000
"bucket3$334,:3,:6001",2014-04-13T17:18:35.019900,MQ,BAM,3000,,3000,100.0,ZNE,train,gold,MQ_BAM_GOLD_20140413_171905
"bucket6$423,:3,:6001",2014-04-13T17:18:34.939900,MQ,GBM,3000,,3000,100.0,ZNE,test,gold,MQ_GBM_GOLD_20140413_171904
"bucket3$335,:3,:6001",2014-04-13T17:18:36.090000,MQ,IA2,3000,3107.0,3000,100.0,ZNE,train,gold,MQ_IA2_GOLD_20140413_171906
"bucket3$336,:3,:6001",2014-04-13T17:18:34.410000,MQ,SAM,3000,,3000,100.0,ZNE,train,gold,MQ_SAM_GOLD_20140413_171904
"bucket3$337,:3,:6001",2014-04-13T18:02:35.179900,MQ,BAM,3000,,3000,100.0,ZNE,train,gold,MQ_BAM_GOLD_20140413_180305
"bucket3$338,:3,:6001",2014-04-13T18:02:34.059900,MQ,CPM,3000,,3000,100.0,ZNE,train,gold,MQ_CPM_GOLD_20140413_180304
"bucket3$339,:3,:6001",2014-04-13T18:02:34.309900,MQ,GBM,3000,,3000,100.0,ZNE,train,gold,MQ_GBM_GOLD_20140413_180304
"bucket3$340,:3,:6001",2014-04-13T18:02:35.120000,MQ,IA2,3000,,3000,100.0,ZNE,train,gold,MQ_IA2_GOLD_20140413_180305
"bucket9$407,:3,:6001",2014-04-13T20:28:59.929900,MQ,BAM,3000,,3000,100.0,ZNE,dev,gold,MQ_BAM_GOLD_20140413_202929
"bucket3$341,:3,:6001",2014-04-13T20:28:59.029900,MQ,GBM,3000,,3000,100.0,ZNE,train,gold,MQ_GBM_GOLD_20140413_202929
"bucket9$408,:3,:6001",2014-04-13T20:29:00.050000,MQ,IA2,3000,,3000,100.0,ZNE,dev,gold,MQ_IA2_GOLD_20140413_202930
"bucket9$409,:3,:6001",2014-04-13T20:28:58.790000,MQ,LAM,3000,3225.0,3000,100.0,ZNE,dev,gold,MQ_LAM_GOLD_20140413_202928
"bucket3$342,:3,:6001",2014-04-13T23:29:14.799900,MQ,BAM,3000,,3000,100.0,ZNE,train,gold,MQ_BAM_GOLD_20140413_232944
"bucket6$424,:3,:6001",2014-04-13T23:29:13.719900,MQ,GBM,3000,,3000,100.0,ZNE,test,gold,MQ_GBM_GOLD_20140413_232943
"bucket3$343,:3,:6001",2014-04-13T23:29:14.440000,MQ,IA2,3000,,3000,100.0,ZNE,train,gold,MQ_IA2_GOLD_20140413_232944
"bucket9$410,:3,:6001",2014-04-13T23:29:13.600000,MQ,LAM,3000,,3000,100.0,ZNE,dev,gold,MQ_LAM_GOLD_20140413_232943
"bucket3$344,:3,:6001",2014-04-14T02:14:03.939900,MQ,BAM,3000,,3000,100.0,ZNE,train,gold,MQ_BAM_GOLD_20140414_021433
"bucket3$345,:3,:6001",2014-04-14T02:14:01.069900,MQ,CPM,3000,,3000,100.0,ZNE,train,gold,MQ_CPM_GOLD_20140414_021431
"bucket3$346,:3,:6001",2014-04-14T02:14:05.839900,MQ,GBM,3000,,3000,100.0,ZNE,train,gold,MQ_GBM_GOLD_20140414_021435
"bucket9$411,:3,:6001",2014-04-14T02:14:03.780000,MQ,IA2,3000,,3000,100.0,ZNE,dev,gold,MQ_IA2_GOLD_20140414_021433
"bucket3$347,:3,:6001",2014-04-14T02:14:03.629900,MQ,MLM,3000,,3000,100.0,ZNE,train,gold,MQ_MLM_GOLD_20140414_021433
"bucket3$348,:3,:6001",2014-04-14T02:20:23.880000,MQ,SAM,3000,3140.0,3000,100.0,ZNE,train,gold,MQ_SAM_GOLD_20140414_022053
"bucket3$349,:3,:6001",2014-04-14T02:55:28.049900,MQ,BAM,3000,,3000,100.0,ZNE,train,gold,MQ_BAM_GOLD_20140414_025558
"bucket3$350,:3,:6001",2014-04-14T02:55:29.009900,MQ,CPM,3000,,3000,100.0,ZNE,train,gold,MQ_CPM_GOLD_20140414_025559
"bucket3$351,:3,:6001",2014-04-14T02:55:29.330000,MQ,IA2,3000,,3000,100.0,ZNE,train,gold,MQ_IA2_GOLD_20140414_025559
"bucket3$352,:3,:6001",2014-04-14T02:55:29.359900,MQ,MLM,3000,,3000,100.0,ZNE,train,gold,MQ_MLM_GOLD_20140414_025559
"bucket3$353,:3,:6001",2014-04-14T10:45:43.799900,MQ,BAM,3000,,3000,100.0,ZNE,train,gold,MQ_BAM_GOLD_20140414_104613
"bucket3$354,:3,:6001",2014-04-14T10:45:40.819900,MQ,GBM,3000,,3000,100.0,ZNE,train,gold,MQ_GBM_GOLD_20140414_104610
"bucket3$355,:3,:6001",2014-04-14T10:45:45.449900,MQ,MLM,3000,,3000,100.0,ZNE,train,gold,MQ_MLM_GOLD_20140414_104615
"bucket3$356,:3,:6001",2014-04-14T10:45:37.950000,MQ,SAM,3000,3181.0,3000,100.0,ZNE,train,gold,MQ_SAM_GOLD_20140414_104607
"bucket3$357,:3,:6001",2014-04-14T11:30:47.299900,MQ,BAM,3000,,3000,100.0,ZNE,train,gold,MQ_BAM_GOLD_20140414_113117
"bucket3$358,:3,:6001",2014-04-14T11:30:44.719900,MQ,GBM,3000,,3000,100.0,ZNE,train,gold,MQ_GBM_GOLD_20140414_113114
"bucket3$359,:3,:6001",2014-04-14T11:30:41.149900,MQ,MLM,3000,,3000,100.0,ZNE,train,gold,MQ_MLM_GOLD_20140414_113111
"bucket3$360,:3,:6001",2014-04-14T11:30:42.620000,MQ,SAM,3000,3007.0,3000,100.0,ZNE,train,gold,MQ_SAM_GOLD_20140414_113112
"bucket3$361,:3,:6001",2014-04-14T12:36:50.039900,MQ,BAM,3000,,3000,100.0,ZNE,train,gold,MQ_BAM_GOLD_20140414_123720
"bucket3$362,:3,:6001",2014-04-14T12:36:48.639900,MQ,GBM,3000,,3000,100.0,ZNE,train,gold,MQ_GBM_GOLD_20140414_123718
"bucket3$363,:3,:6001",2014-04-14T12:36:48.580000,MQ,LAM,3000,,3000,100.0,ZNE,train,gold,MQ_LAM_GOLD_20140414_123718
"bucket3$364,:3,:6001",2014-04-14T12:36:50.560000,MQ,SAM,3000,3163.0,3000,100.0,ZNE,train,gold,MQ_SAM_GOLD_20140414_123720
"bucket3$365,:3,:6001",2014-04-14T16:34:20.289900,MQ,BAM,3000,,3000,100.0,ZNE,train,gold,MQ_BAM_GOLD_20140414_163450
"bucket3$366,:3,:6001",2014-04-14T16:34:17.769900,MQ,GBM,3000,,3000,100.0,ZNE,train,gold,MQ_GBM_GOLD_20140414_163447
"bucket3$367,:3,:6001",2014-04-14T16:34:15.040000,MQ,LAM,3000,,3000,100.0,ZNE,train,gold,MQ_LAM_GOLD_20140414_163445
"bucket6$425,:3,:6001",2014-04-14T16:34:12.650000,MQ,SAM,3000,,3000,100.0,ZNE,test,gold,MQ_SAM_GOLD_20140414_163442
"bucket3$368,:3,:6001",2014-04-14T18:41:56.279900,MQ,CPM,3000,,3000,100.0,ZNE,train,gold,MQ_CPM_GOLD_20140414_184226
"bucket3$369,:3,:6001",2014-04-14T18:41:56.639900,MQ,GBM,3000,,3000,100.0,ZNE,train,gold,MQ_GBM_GOLD_20140414_184226
"bucket6$426,:3,:6001",2014-04-14T18:42:00.679900,MQ,MLM,3000,,3000,100.0,ZNE,test,gold,MQ_MLM_GOLD_20140414_184230
"bucket3$370,:3,:6001",2014-04-14T18:41:53.040000,MQ,SAM,3000,3134.0,3000,100.0,ZNE,train,gold,MQ_SAM_GOLD_20140414_184223
"bucket9$412,:3,:6001",2014-04-14T18:58:53.429900,MQ,CPM,3000,,3000,100.0,ZNE,dev,gold,MQ_CPM_GOLD_20140414_185923
"bucket6$427,:3,:6001",2014-04-14T18:58:53.119900,MQ,GBM,3000,,3000,100.0,ZNE,test,gold,MQ_GBM_GOLD_20140414_185923
"bucket3$371,:3,:6001",2014-04-14T18:58:51.090000,MQ,IA2,3000,3132.0,3000,100.0,ZNE,train,gold,MQ_IA2_GOLD_20140414_185921
"bucket3$372,:3,:6001",2014-04-14T18:58:48.510000,MQ,SAM,3000,,3000,100.0,ZNE,train,gold,MQ_SAM_GOLD_20140414_185918
"bucket3$373,:3,:6001",2014-04-14T22:59:17.569900,MQ,BAM,3000,,3000,100.0,ZNE,train,gold,MQ_BAM_GOLD_20140414_225947
"bucket6$428,:3,:6001",2014-04-14T22:59:19.039900,MQ,CPM,3000,,3000,100.0,ZNE,test,gold,MQ_CPM_GOLD_20140414_225949
"bucket3$374,:3,:6001",2014-04-14T22:59:17.929900,MQ,GBM,3000,,3000,100.0,ZNE,train,gold,MQ_GBM_GOLD_20140414_225947
"bucket9$413,:3,:6001",2014-04-14T22:59:18.600000,MQ,IA2,3000,3189.0,3000,100.0,ZNE,dev,gold,MQ_IA2_GOLD_20140414_225948
"bucket3$375,:3,:6001",2014-04-14T22:59:18.210000,MQ,LAM,3000,3204.0,3000,100.0,ZNE,train,gold,MQ_LAM_GOLD_20140414_225948
"bucket3$376,:3,:6001",2014-04-14T22:59:20.389900,MQ,MLM,3000,,3000,100.0,ZNE,train,gold,MQ_MLM_GOLD_20140414_225950
"bucket9$414,:3,:6001",2014-04-14T22:59:18.050000,MQ,SAM,3000,,3000,100.0,ZNE,dev,gold,MQ_SAM_GOLD_20140414_225948
"bucket3$377,:3,:6001",2014-04-15T02:45:53.619900,MQ,BAM,3000,,3000,100.0,ZNE,train,gold,MQ_BAM_GOLD_20140415_024623
"bucket3$378,:3,:6001",2014-04-15T02:45:49.939900,MQ,CPM,3000,,3000,100.0,ZNE,train,gold,MQ_CPM_GOLD_20140415_024619
"bucket3$379,:3,:6001",2014-04-15T02:45:52.070000,MQ,IA2,3000,3189.0,3000,100.0,ZNE,train,gold,MQ_IA2_GOLD_20140415_024622
"bucket3$380,:3,:6001",2014-04-15T02:45:50.049900,MQ,MLM,3000,,3000,100.0,ZNE,train,gold,MQ_MLM_GOLD_20140415_024620
"bucket3$381,:3,:6001",2014-04-15T05:51:03.329900,MQ,BAM,3000,,3000,100.0,ZNE,train,gold,MQ_BAM_GOLD_20140415_055133
"bucket3$382,:3,:6001",2014-04-15T05:51:02.709900,MQ,CPM,3000,,3000,100.0,ZNE,train,gold,MQ_CPM_GOLD_20140415_055132
"bucket3$383,:3,:6001",2014-04-15T05:51:02.980000,MQ,IA2,3000,,3000,100.0,ZNE,train,gold,MQ_IA2_GOLD_20140415_055132
"bucket3$384,:3,:6001",2014-04-15T05:51:03.860000,MQ,SAM,3000,3162.0,3000,100.0,ZNE,train,gold,MQ_SAM_GOLD_20140415_055133
"bucket3$385,:3,:6001",2014-04-15T05:51:57.449900,MQ,BAM,3000,,3000,100.0,ZNE,train,gold,MQ_BAM_GOLD_20140415_055227
"bucket3$386,:3,:6001",2014-04-15T05:51:54.779900,MQ,CPM,3000,,3000,100.0,ZNE,train,gold,MQ_CPM_GOLD_20140415_055224
"bucket9$415,:3,:6001",2014-04-15T05:52:01.019900,MQ,GBM,3000,,3000,100.0,ZNE,dev,gold,MQ_GBM_GOLD_20140415_055231
"bucket6$429,:3,:6001",2014-04-15T05:52:01.840000,MQ,IA2,3000,3153.0,3000,100.0,ZNE,test,gold,MQ_IA2_GOLD_20140415_055231
"bucket3$387,:3,:6001",2014-04-15T08:19:02.929900,MQ,BAM,3000,,3000,100.0,ZNE,train,gold,MQ_BAM_GOLD_20140415_081932
"bucket9$416,:3,:6001",2014-04-15T08:18:53.209900,MQ,GBM,3000,,3000,100.0,ZNE,dev,gold,MQ_GBM_GOLD_20140415_081923
"bucket3$388,:3,:6001",2014-04-15T08:18:58.009900,MQ,MLM,3000,,3000,100.0,ZNE,train,gold,MQ_MLM_GOLD_20140415_081928
"bucket3$389,:3,:6001",2014-04-15T08:19:00.140000,MQ,SAM,3000,,3000,100.0,ZNE,train,gold,MQ_SAM_GOLD_20140415_081930
"bucket6$430,:3,:6001",2014-04-15T08:29:20.369900,MQ,BAM,3000,,3000,100.0,ZNE,test,gold,MQ_BAM_GOLD_20140415_082950
"bucket3$390,:3,:6001",2014-04-15T08:29:18.939900,MQ,CPM,3000,,3000,100.0,ZNE,train,gold,MQ_CPM_GOLD_20140415_082948
"bucket6$431,:3,:6001",2014-04-15T08:29:22.509900,MQ,GBM,3000,,3000,100.0,ZNE,test,gold,MQ_GBM_GOLD_20140415_082952
"bucket9$417,:3,:6001",2014-04-15T08:29:25.869900,MQ,MLM,3000,,3000,100.0,ZNE,dev,gold,MQ_MLM_GOLD_20140415_082955
"bucket3$391,:3,:6001",2014-04-15T10:03:19.899900,MQ,BAM,3000,,3000,100.0,ZNE,train,gold,MQ_BAM_GOLD_20140415_100349
"bucket3$392,:3,:6001",2014-04-15T10:03:26.989900,MQ,GBM,3000,,3000,100.0,ZNE,train,gold,MQ_GBM_GOLD_20140415_100356
"bucket6$432,:3,:6001",2014-04-15T10:03:22.700000,MQ,IA2,3000,3222.0,3000,100.0,ZNE,test,gold,MQ_IA2_GOLD_20140415_100352
"bucket9$418,:3,:6001",2014-04-15T10:03:29.669900,MQ,MLM,3000,,3000,100.0,ZNE,dev,gold,MQ_MLM_GOLD_20140415_100359
"bucket3$393,:3,:6001",2014-04-15T12:16:10.009900,MQ,BAM,3000,,3000,100.0,ZNE,train,gold,MQ_BAM_GOLD_20140415_121640
"bucket3$394,:3,:6001",2014-04-15T12:16:14.439900,MQ,GBM,3000,,3000,100.0,ZNE,train,gold,MQ_GBM_GOLD_20140415_121644
"bucket3$395,:3,:6001",2014-04-15T12:16:07.619900,MQ,MLM,3000,,3000,100.0,ZNE,train,gold,MQ_MLM_GOLD_20140415_121637
"bucket3$396,:3,:6001",2014-04-15T12:16:05.460000,MQ,SAM,3000,,3000,100.0,ZNE,train,gold,MQ_SAM_GOLD_20140415_121635
"bucket3$397,:3,:6001",2014-04-15T12:37:30.749900,MQ,BAM,3000,,3000,100.0,ZNE,train,gold,MQ_BAM_GOLD_20140415_123800
"bucket3$398,:3,:6001",2014-04-15T12:37:25.589900,MQ,CPM,3000,,3000,100.0,ZNE,train,gold,MQ_CPM_GOLD_20140415_123755
"bucket3$399,:3,:6001",2014-04-15T12:37:26.379900,MQ,GBM,3000,,3000,100.0,ZNE,train,gold,MQ_GBM_GOLD_20140415_123756
"bucket3$400,:3,:6001",2014-04-15T12:37:34.239900,MQ,MLM,3000,,3000,100.0,ZNE,train,gold,MQ_MLM_GOLD_20140415_123804
"bucket3$401,:3,:6001",2014-04-15T14:34:04.599900,MQ,BAM,3000,,3000,100.0,ZNE,train,gold,MQ_BAM_GOLD_20140415_143434
"bucket3$402,:3,:6001",2014-04-15T14:34:12.930000,MQ,IA2,3000,,3000,100.0,ZNE,train,gold,MQ_IA2_GOLD_20140415_143442
"bucket3$403,:3,:6001",2014-04-15T14:34:08.619900,MQ,MLM,3000,,3000,100.0,ZNE,train,gold,MQ_MLM_GOLD_20140415_143438
"bucket3$404,:3,:6001",2014-04-15T14:34:07.490000,MQ,SAM,3000,3120.0,3000,100.0,ZNE,train,gold,MQ_SAM_GOLD_20140415_143437
"bucket3$405,:3,:6001",2014-04-15T14:37:42.269900,MQ,GBM,3000,,3000,100.0,ZNE,train,gold,MQ_GBM_GOLD_20140415_143812
"bucket3$406,:3,:6001",2014-04-15T14:37:36.150000,MQ,LAM,3000,3263.0,3000,100.0,ZNE,train,gold,MQ_LAM_GOLD_20140415_143806
"bucket3$407,:3,:6001",2014-04-15T14:37:38.269900,MQ,MLM,3000,,3000,100.0,ZNE,train,gold,MQ_MLM_GOLD_20140415_143808
"bucket3$408,:3,:6001",2014-04-15T14:37:38.270000,MQ,SAM,3000,,3000,100.0,ZNE,train,gold,MQ_SAM_GOLD_20140415_143808
"bucket3$409,:3,:6001",2014-04-15T15:02:34.579900,MQ,BAM,3000,,3000,100.0,ZNE,train,gold,MQ_BAM_GOLD_20140415_150304
"bucket9$419,:3,:6001",2014-04-15T15:02:37.229900,MQ,CPM,3000,,3000,100.0,ZNE,dev,gold,MQ_CPM_GOLD_20140415_150307
"bucket9$420,:3,:6001",2014-04-15T15:02:31.269900,MQ,GBM,3000,,3000,100.0,ZNE,dev,gold,MQ_GBM_GOLD_20140415_150301
"bucket6$433,:3,:6001",2014-04-15T15:02:40.100000,MQ,IA2,3000,,3000,100.0,ZNE,test,gold,MQ_IA2_GOLD_20140415_150310
"bucket6$434,:3,:6001",2014-04-15T16:12:25.619900,MQ,BAM,3000,,3000,100.0,ZNE,test,gold,MQ_BAM_GOLD_20140415_161255
"bucket3$410,:3,:6001",2014-04-15T16:12:26.259900,MQ,CPM,3000,,3000,100.0,ZNE,train,gold,MQ_CPM_GOLD_20140415_161256
"bucket3$411,:3,:6001",2014-04-15T16:12:27.150000,MQ,LAM,3000,,3000,100.0,ZNE,train,gold,MQ_LAM_GOLD_20140415_161257
"bucket3$412,:3,:6001",2014-04-15T16:12:24.939900,MQ,MLM,3000,,3000,100.0,ZNE,train,gold,MQ_MLM_GOLD_20140415_161254
"bucket3$413,:3,:6001",2014-04-15T16:26:33.409900,MQ,BAM,3000,,3000,100.0,ZNE,train,gold,MQ_BAM_GOLD_20140415_162703
"bucket3$414,:3,:6001",2014-04-15T16:26:27.519900,MQ,CPM,3000,,3000,100.0,ZNE,train,gold,MQ_CPM_GOLD_20140415_162657
"bucket6$435,:3,:6001",2014-04-15T16:26:32.019900,MQ,GBM,3000,,3000,100.0,ZNE,test,gold,MQ_GBM_GOLD_20140415_162702
"bucket6$436,:3,:6001",2014-04-15T16:26:35.039900,MQ,MLM,3000,,3000,100.0,ZNE,test,gold,MQ_MLM_GOLD_20140415_162705
"bucket3$415,:3,:6001",2014-04-15T17:46:34.899900,MQ,BAM,3000,,3000,100.0,ZNE,train,gold,MQ_BAM_GOLD_20140415_174704
"bucket9$421,:3,:6001",2014-04-15T17:46:34.449900,MQ,CPM,3000,,3000,100.0,ZNE,dev,gold,MQ_CPM_GOLD_20140415_174704
"bucket3$416,:3,:6001",2014-04-15T17:46:35.210000,MQ,IA2,3000,3054.0,3000,100.0,ZNE,train,gold,MQ_IA2_GOLD_20140415_174705
"bucket3$417,:3,:6001",2014-04-15T17:46:34.930000,MQ,LAM,3000,,3000,100.0,ZNE,train,gold,MQ_LAM_GOLD_20140415_174704
"bucket3$418,:3,:6001",2014-04-15T17:46:36.179900,MQ,MLM,3000,,3000,100.0,ZNE,train,gold,MQ_MLM_GOLD_20140415_174706
"bucket3$419,:3,:6001",2014-04-15T18:24:45.789900,MQ,BAM,3000,,3000,100.0,ZNE,train,gold,MQ_BAM_GOLD_20140415_182515
"bucket9$422,:3,:6001",2014-04-15T18:24:48.319900,MQ,CPM,3000,,3000,100.0,ZNE,dev,gold,MQ_CPM_GOLD_20140415_182518
"bucket6$437,:3,:6001",2014-04-15T18:24:46.749900,MQ,GBM,3000,,3000,100.0,ZNE,test,gold,MQ_GBM_GOLD_20140415_182516
"bucket3$420,:3,:6001",2014-04-15T18:24:53.120000,MQ,SAM,3000,,3000,100.0,ZNE,train,gold,MQ_SAM_GOLD_20140415_182523
"bucket9$423,:3,:6001",2014-04-15T18:52:45.289900,MQ,CPM,3000,,3000,100.0,ZNE,dev,gold,MQ_CPM_GOLD_20140415_185315
"bucket3$421,:3,:6001",2014-04-15T18:52:47.829900,MQ,GBM,3000,,3000,100.0,ZNE,train,gold,MQ_GBM_GOLD_20140415_185317
"bucket3$422,:3,:6001",2014-04-15T18:52:45.290000,MQ,IA2,3000,3144.0,3000,100.0,ZNE,train,gold,MQ_IA2_GOLD_20140415_185315
"bucket6$438,:3,:6001",2014-04-15T18:52:48.409900,MQ,MLM,3000,,3000,100.0,ZNE,test,gold,MQ_MLM_GOLD_20140415_185318
"bucket3$423,:3,:6001",2014-04-15T18:52:53.040000,MQ,SAM,3000,3177.0,3000,100.0,ZNE,train,gold,MQ_SAM_GOLD_20140415_185323
"bucket3$424,:3,:6001",2014-04-16T02:16:27.969900,MQ,CPM,3000,,3000,100.0,ZNE,train,gold,MQ_CPM_GOLD_20140416_021657
"bucket3$425,:3,:6001",2014-04-16T02:16:27.780000,MQ,SAM,3000,,3000,100.0,ZNE,train,gold,MQ_SAM_GOLD_20140416_021657
"bucket3$426,:3,:6001",2014-04-16T05:17:43.259900,MQ,BAM,3000,,3000,100.0,ZNE,train,gold,MQ_BAM_GOLD_20140416_051813
"bucket3$427,:3,:6001",2014-04-16T05:17:42.479900,MQ,CPM,3000,,3000,100.0,ZNE,train,gold,MQ_CPM_GOLD_20140416_051812
"bucket3$428,:3,:6001",2014-04-16T05:17:42.520000,MQ,IA2,3000,3120.0,3000,100.0,ZNE,train,gold,MQ_IA2_GOLD_20140416_051812
"bucket3$429,:3,:6001",2014-04-16T05:17:42.450000,MQ,LAM,3000,3028.0,3000,100.0,ZNE,train,gold,MQ_LAM_GOLD_20140416_051812
"bucket3$430,:3,:6001",2014-04-16T05:17:42,MQ,SAM,3000,3033.0,3000,100.0,ZNE,train,gold,MQ_SAM_GOLD_20140416_051812
"bucket3$431,:3,:6001",2014-04-16T08:20:36.169900,MQ,BAM,3000,,3000,100.0,ZNE,train,gold,MQ_BAM_GOLD_20140416_082106
"bucket3$432,:3,:6001",2014-04-16T08:20:34.349900,MQ,CPM,3000,,3000,100.0,ZNE,train,gold,MQ_CPM_GOLD_20140416_082104
"bucket3$433,:3,:6001",2014-04-16T08:20:40.369900,MQ,MLM,3000,,3000,100.0,ZNE,train,gold,MQ_MLM_GOLD_20140416_082110
"bucket3$434,:3,:6001",2014-04-16T08:20:43.690000,MQ,SAM,3000,,3000,100.0,ZNE,train,gold,MQ_SAM_GOLD_20140416_082113
"bucket3$435,:3,:6001",2014-04-16T08:25:23.369900,MQ,BAM,3000,,3000,100.0,ZNE,train,gold,MQ_BAM_GOLD_20140416_082553
"bucket3$436,:3,:6001",2014-04-16T08:25:28.159900,MQ,GBM,3000,,3000,100.0,ZNE,train,gold,MQ_GBM_GOLD_20140416_082558
"bucket3$437,:3,:6001",2014-04-16T08:25:29.769900,MQ,MLM,3000,,3000,100.0,ZNE,train,gold,MQ_MLM_GOLD_20140416_082559
"bucket3$438,:3,:6001",2014-04-16T08:25:23.670000,MQ,SAM,3000,,3000,100.0,ZNE,train,gold,MQ_SAM_GOLD_20140416_082553
"bucket3$439,:3,:6001",2014-04-16T09:06:58.649900,MQ,CPM,3000,,3000,100.0,ZNE,train,gold,MQ_CPM_GOLD_20140416_090728
"bucket3$440,:3,:6001",2014-04-16T09:06:57.669900,MQ,GBM,3000,,3000,100.0,ZNE,train,gold,MQ_GBM_GOLD_20140416_090727
"bucket6$439,:3,:6001",2014-04-16T09:07:02.289900,MQ,MLM,3000,,3000,100.0,ZNE,test,gold,MQ_MLM_GOLD_20140416_090732
"bucket9$424,:3,:6001",2014-04-16T09:07:03.460000,MQ,SAM,3000,3171.0,3000,100.0,ZNE,dev,gold,MQ_SAM_GOLD_20140416_090733
"bucket3$441,:3,:6001",2014-04-16T09:43:14.819900,MQ,BAM,3000,,3000,100.0,ZNE,train,gold,MQ_BAM_GOLD_20140416_094344
"bucket3$442,:3,:6001",2014-04-16T09:43:14.949900,MQ,CPM,3000,,3000,100.0,ZNE,train,gold,MQ_CPM_GOLD_20140416_094344
"bucket3$443,:3,:6001",2014-04-16T09:43:14.949900,MQ,GBM,3000,,3000,100.0,ZNE,train,gold,MQ_GBM_GOLD_20140416_094344
"bucket9$425,:3,:6001",2014-04-16T09:43:15.060000,MQ,IA2,3000,,3000,100.0,ZNE,dev,gold,MQ_IA2_GOLD_20140416_094345
"bucket3$444,:3,:6001",2014-04-16T09:43:15.750000,MQ,LAM,3000,,3000,100.0,ZNE,train,gold,MQ_LAM_GOLD_20140416_094345
"bucket9$426,:3,:6001",2014-04-16T09:43:16.159900,MQ,MLM,3000,,3000,100.0,ZNE,dev,gold,MQ_MLM_GOLD_20140416_094346
"bucket3$445,:3,:6001",2014-04-16T09:43:26.259900,MQ,BAM,3000,,3000,100.0,ZNE,train,gold,MQ_BAM_GOLD_20140416_094356
"bucket3$446,:3,:6001",2014-04-16T09:43:26.359900,MQ,CPM,3000,,3000,100.0,ZNE,train,gold,MQ_CPM_GOLD_20140416_094356
"bucket3$447,:3,:6001",2014-04-16T09:43:26.350000,MQ,IA2,3000,3019.0,3000,100.0,ZNE,train,gold,MQ_IA2_GOLD_20140416_094356
"bucket3$448,:3,:6001",2014-04-16T09:43:26.020000,MQ,SAM,3000,,3000,100.0,ZNE,train,gold,MQ_SAM_GOLD_20140416_094356
"bucket3$449,:3,:6001",2014-04-16T10:01:48.409900,MQ,BAM,3000,,3000,100.0,ZNE,train,gold,MQ_BAM_GOLD_20140416_100218
"bucket6$440,:3,:6001",2014-04-16T10:01:52.159900,MQ,CPM,3000,,3000,100.0,ZNE,test,gold,MQ_CPM_GOLD_20140416_100222
"bucket3$450,:3,:6001",2014-04-16T10:01:47.689900,MQ,MLM,3000,,3000,100.0,ZNE,train,gold,MQ_MLM_GOLD_20140416_100217
"bucket9$427,:3,:6001",2014-04-16T10:01:56.450000,MQ,SAM,3000,3181.0,3000,100.0,ZNE,dev,gold,MQ_SAM_GOLD_20140416_100226
"bucket3$451,:3,:6001",2014-04-16T11:06:10.409900,MQ,BAM,3000,,3000,100.0,ZNE,train,gold,MQ_BAM_GOLD_20140416_110640
"bucket3$452,:3,:6001",2014-04-16T11:06:11.639900,MQ,CPM,3000,,3000,100.0,ZNE,train,gold,MQ_CPM_GOLD_20140416_110641
"bucket3$453,:3,:6001",2014-04-16T11:06:13.219900,MQ,GBM,3000,,3000,100.0,ZNE,train,gold,MQ_GBM_GOLD_20140416_110643
"bucket6$441,:3,:6001",2014-04-16T11:06:08.329900,MQ,MLM,3000,,3000,100.0,ZNE,test,gold,MQ_MLM_GOLD_20140416_110638
"bucket3$454,:3,:6001",2014-04-16T12:36:35.969900,MQ,BAM,3000,,3000,100.0,ZNE,train,gold,MQ_BAM_GOLD_20140416_123705
"bucket3$455,:3,:6001",2014-04-16T12:36:28.159900,MQ,CPM,3000,,3000,100.0,ZNE,train,gold,MQ_CPM_GOLD_20140416_123658
"bucket3$456,:3,:6001",2014-04-16T12:36:33.349900,MQ,MLM,3000,,3000,100.0,ZNE,train,gold,MQ_MLM_GOLD_20140416_123703
"bucket3$457,:3,:6001",2014-04-16T12:36:32.350000,MQ,SAM,3000,3194.0,3000,100.0,ZNE,train,gold,MQ_SAM_GOLD_20140416_123702
"bucket3$458,:3,:6001",2014-04-16T12:59:53.839900,MQ,BAM,3000,,3000,100.0,ZNE,train,gold,MQ_BAM_GOLD_20140416_130023
"bucket9$428,:3,:6001",2014-04-16T12:59:57.299900,MQ,CPM,3000,,3000,100.0,ZNE,dev,gold,MQ_CPM_GOLD_20140416_130027
"bucket3$459,:3,:6001",2014-04-16T12:59:58.359900,MQ,GBM,3000,,3000,100.0,ZNE,train,gold,MQ_GBM_GOLD_20140416_130028
"bucket3$460,:3,:6001",2014-04-16T12:59:51.840000,MQ,SAM,3000,3153.0,3000,100.0,ZNE,train,gold,MQ_SAM_GOLD_20140416_130021
"bucket3$461,:3,:6001",2014-04-16T13:05:39.679900,MQ,BAM,3000,,3000,100.0,ZNE,train,gold,MQ_BAM_GOLD_20140416_130609
"bucket3$462,:3,:6001",2014-04-16T13:05:36.989900,MQ,CPM,3000,,3000,100.0,ZNE,train,gold,MQ_CPM_GOLD_20140416_130606
"bucket3$463,:3,:6001",2014-04-16T13:05:44.169900,MQ,GBM,3000,,3000,100.0,ZNE,train,gold,MQ_GBM_GOLD_20140416_130614
"bucket6$442,:3,:6001",2014-04-16T13:05:42.089900,MQ,MLM,3000,,3000,100.0,ZNE,test,gold,MQ_MLM_GOLD_20140416_130612
"bucket3$464,:3,:6001",2014-04-16T13:29:37.739900,MQ,BAM,3000,,3000,100.0,ZNE,train,gold,MQ_BAM_GOLD_20140416_133007
"bucket3$465,:3,:6001",2014-04-16T13:29:38.079900,MQ,CPM,3000,,3000,100.0,ZNE,train,gold,MQ_CPM_GOLD_20140416_133008
"bucket3$466,:3,:6001",2014-04-16T13:29:38.080000,MQ,IA2,3000,,3000,100.0,ZNE,train,gold,MQ_IA2_GOLD_20140416_133008
"bucket9$429,:3,:6001",2014-04-16T13:29:39.589900,MQ,MLM,3000,,3000,100.0,ZNE,dev,gold,MQ_MLM_GOLD_20140416_133009
"bucket6$443,:3,:6001",2014-04-16T13:29:39.860000,MQ,SAM,3000,3139.0,3000,100.0,ZNE,test,gold,MQ_SAM_GOLD_20140416_133009
"bucket9$430,:3,:6001",2014-04-16T13:30:05.069900,MQ,GBM,3000,,3000,100.0,ZNE,dev,gold,MQ_GBM_GOLD_20140416_133035
"bucket3$467,:3,:6001",2014-04-16T13:30:03.650000,MQ,IA2,3000,3278.0,3000,100.0,ZNE,train,gold,MQ_IA2_GOLD_20140416_133033
"bucket6$444,:3,:6001",2014-04-16T13:30:05.249900,MQ,MLM,3000,,3000,100.0,ZNE,test,gold,MQ_MLM_GOLD_20140416_133035
"bucket9$431,:3,:6001",2014-04-16T13:30:05.100000,MQ,SAM,3000,3132.0,3000,100.0,ZNE,dev,gold,MQ_SAM_GOLD_20140416_133035
"bucket3$468,:3,:6001",2014-04-16T13:51:12.819900,MQ,BAM,3000,,3000,100.0,ZNE,train,gold,MQ_BAM_GOLD_20140416_135142
"bucket3$469,:3,:6001",2014-04-16T13:51:11.169900,MQ,GBM,3000,,3000,100.0,ZNE,train,gold,MQ_GBM_GOLD_20140416_135141
"bucket3$470,:3,:6001",2014-04-16T13:51:13.449900,MQ,MLM,3000,,3000,100.0,ZNE,train,gold,MQ_MLM_GOLD_20140416_135143
"bucket9$432,:3,:6001",2014-04-16T13:51:20.940000,MQ,SAM,3000,,3000,100.0,ZNE,dev,gold,MQ_SAM_GOLD_20140416_135150
"bucket3$471,:3,:6001",2014-04-16T13:56:43.519900,MQ,BAM,3000,,3000,100.0,ZNE,train,gold,MQ_BAM_GOLD_20140416_135713
"bucket9$433,:3,:6001",2014-04-16T13:56:36.289900,MQ,CPM,3000,,3000,100.0,ZNE,dev,gold,MQ_CPM_GOLD_20140416_135706
"bucket3$472,:3,:6001",2014-04-16T13:56:40.509900,MQ,GBM,3000,,3000,100.0,ZNE,train,gold,MQ_GBM_GOLD_20140416_135710
"bucket3$473,:3,:6001",2014-04-16T13:56:39.599900,MQ,MLM,3000,,3000,100.0,ZNE,train,gold,MQ_MLM_GOLD_20140416_135709
"bucket3$474,:3,:6001",2014-04-16T15:31:01.689900,MQ,BAM,3000,,3000,100.0,ZNE,train,gold,MQ_BAM_GOLD_20140416_153131
"bucket3$475,:3,:6001",2014-04-16T15:30:58.049900,MQ,CPM,3000,,3000,100.0,ZNE,train,gold,MQ_CPM_GOLD_20140416_153128
"bucket3$476,:3,:6001",2014-04-16T15:30:58.799900,MQ,GBM,3000,,3000,100.0,ZNE,train,gold,MQ_GBM_GOLD_20140416_153128
"bucket3$477,:3,:6001",2014-04-16T15:30:59.330000,MQ,LAM,3000,3257.0,3000,100.0,ZNE,train,gold,MQ_LAM_GOLD_20140416_153129
"bucket3$478,:3,:6001",2014-04-16T15:31:54.479900,MQ,BAM,3000,,3000,100.0,ZNE,train,gold,MQ_BAM_GOLD_20140416_153224
"bucket9$434,:3,:6001",2014-04-16T15:31:55.519900,MQ,CPM,3000,,3000,100.0,ZNE,dev,gold,MQ_CPM_GOLD_20140416_153225
"bucket6$445,:3,:6001",2014-04-16T15:31:48.269900,MQ,GBM,3000,,3000,100.0,ZNE,test,gold,MQ_GBM_GOLD_20140416_153218
"bucket3$479,:3,:6001",2014-04-16T15:31:52.770000,MQ,LAM,3000,,3000,100.0,ZNE,train,gold,MQ_LAM_GOLD_20140416_153222
"bucket3$480,:3,:6001",2014-04-16T15:36:40.269900,MQ,BAM,3000,,3000,100.0,ZNE,train,gold,MQ_BAM_GOLD_20140416_153710
"bucket3$481,:3,:6001",2014-04-16T15:36:40.239900,MQ,CPM,3000,,3000,100.0,ZNE,train,gold,MQ_CPM_GOLD_20140416_153710
"bucket3$482,:3,:6001",2014-04-16T15:36:45.469900,MQ,MLM,3000,,3000,100.0,ZNE,train,gold,MQ_MLM_GOLD_20140416_153715
"bucket6$446,:3,:6001",2014-04-16T15:36:45.470000,MQ,SAM,3000,3157.0,3000,100.0,ZNE,test,gold,MQ_SAM_GOLD_20140416_153715
"bucket3$483,:3,:6001",2014-04-16T16:38:58.839900,MQ,BAM,3000,,3000,100.0,ZNE,train,gold,MQ_BAM_GOLD_20140416_163928
"bucket3$484,:3,:6001",2014-04-16T16:38:57.159900,MQ,GBM,3000,,3000,100.0,ZNE,train,gold,MQ_GBM_GOLD_20140416_163927
"bucket6$447,:3,:6001",2014-04-16T16:38:49.879900,MQ,MLM,3000,,3000,100.0,ZNE,test,gold,MQ_MLM_GOLD_20140416_163919
"bucket3$485,:3,:6001",2014-04-16T16:38:52.840000,MQ,SAM,3000,3107.0,3000,100.0,ZNE,train,gold,MQ_SAM_GOLD_20140416_163922
"bucket3$486,:3,:6001",2014-04-16T17:46:18.449900,MQ,BAM,3000,,3000,100.0,ZNE,train,gold,MQ_BAM_GOLD_20140416_174648
"bucket3$487,:3,:6001",2014-04-16T17:46:25.889900,MQ,GBM,3000,,3000,100.0,ZNE,train,gold,MQ_GBM_GOLD_20140416_174655
"bucket6$448,:3,:6001",2014-04-16T17:46:17.730000,MQ,IA2,3000,,3000,100.0,ZNE,test,gold,MQ_IA2_GOLD_20140416_174647
"bucket3$488,:3,:6001",2014-04-16T17:46:20.580000,MQ,LAM,3000,3260.0,3000,100.0,ZNE,train,gold,MQ_LAM_GOLD_20140416_174650
"bucket6$449,:3,:6001",2014-04-16T17:46:20.980000,MQ,SAM,3000,3152.0,3000,100.0,ZNE,test,gold,MQ_SAM_GOLD_20140416_174650
"bucket6$450,:3,:6001",2014-04-17T03:26:46.580000,MQ,SAM,3000,3179.0,3000,100.0,ZNE,test,gold,MQ_SAM_GOLD_20140417_032716
"bucket6$451,:3,:6001",2014-04-17T04:13:20.749900,MQ,BAM,3000,,3000,100.0,ZNE,test,gold,MQ_BAM_GOLD_20140417_041350
"bucket6$452,:3,:6001",2014-04-17T04:13:20.639900,MQ,GBM,3000,,3000,100.0,ZNE,test,gold,MQ_GBM_GOLD_20140417_041350
"bucket9$435,:3,:6001",2014-04-17T04:13:21.230000,MQ,IA2,3000,,3000,100.0,ZNE,dev,gold,MQ_IA2_GOLD_20140417_041351
"bucket6$453,:3,:6001",2014-04-17T04:13:20.950000,MQ,SAM,3000,,3000,100.0,ZNE,test,gold,MQ_SAM_GOLD_20140417_041350
"bucket3$489,:3,:6001",2014-04-17T11:15:35.879900,MQ,BAM,3000,,3000,100.0,ZNE,train,gold,MQ_BAM_GOLD_20140417_111605
"bucket3$490,:3,:6001",2014-04-17T11:15:32.469900,MQ,GBM,3000,,3000,100.0,ZNE,train,gold,MQ_GBM_GOLD_20140417_111602
"bucket3$491,:3,:6001",2014-04-17T11:15:37.759900,MQ,MLM,3000,,3000,100.0,ZNE,train,gold,MQ_MLM_GOLD_20140417_111607
"bucket3$492,:3,:6001",2014-04-17T11:56:48.999900,MQ,BAM,3000,,3000,100.0,ZNE,train,gold,MQ_BAM_GOLD_20140417_115718
"bucket3$493,:3,:6001",2014-04-17T11:56:51.789900,MQ,CPM,3000,,3000,100.0,ZNE,train,gold,MQ_CPM_GOLD_20140417_115721
"bucket3$494,:3,:6001",2014-04-17T11:56:52.269900,MQ,GBM,3000,,3000,100.0,ZNE,train,gold,MQ_GBM_GOLD_20140417_115722
"bucket3$495,:3,:6001",2014-04-17T11:56:53.509900,MQ,MLM,3000,,3000,100.0,ZNE,train,gold,MQ_MLM_GOLD_20140417_115723
"bucket6$454,:3,:6001",2014-04-17T12:39:31.389900,MQ,BAM,3000,,3000,100.0,ZNE,test,gold,MQ_BAM_GOLD_20140417_124001
"bucket3$496,:3,:6001",2014-04-17T12:39:31.629900,MQ,GBM,3000,,3000,100.0,ZNE,train,gold,MQ_GBM_GOLD_20140417_124001
"bucket3$497,:3,:6001",2014-04-17T12:39:35.450000,MQ,LAM,3000,,3000,100.0,ZNE,train,gold,MQ_LAM_GOLD_20140417_124005
"bucket3$498,:3,:6001",2014-04-17T12:39:39.880000,MQ,SAM,3000,,3000,100.0,ZNE,train,gold,MQ_SAM_GOLD_20140417_124009
"bucket3$499,:3,:6001",2014-04-17T12:58:28.459900,MQ,GBM,3000,,3000,100.0,ZNE,train,gold,MQ_GBM_GOLD_20140417_125858
"bucket3$500,:3,:6001",2014-04-17T12:58:25.950000,MQ,LAM,3000,,3000,100.0,ZNE,train,gold,MQ_LAM_GOLD_20140417_125855
"bucket3$501,:3,:6001",2014-04-17T12:58:32.429900,MQ,MLM,3000,,3000,100.0,ZNE,train,gold,MQ_MLM_GOLD_20140417_125902
"bucket3$502,:3,:6001",2014-04-17T16:54:27.799900,MQ,BAM,3000,,3000,100.0,ZNE,train,gold,MQ_BAM_GOLD_20140417_165457
"bucket3$503,:3,:6001",2014-04-17T16:54:21.119900,MQ,GBM,3000,,3000,100.0,ZNE,train,gold,MQ_GBM_GOLD_20140417_165451
"bucket3$504,:3,:6001",2014-04-17T16:54:25.390000,MQ,IA2,3000,3015.0,3000,100.0,ZNE,train,gold,MQ_IA2_GOLD_20140417_165455
"bucket6$455,:3,:6001",2014-04-17T16:54:29.469900,MQ,MLM,3000,,3000,100.0,ZNE,test,gold,MQ_MLM_GOLD_20140417_165459
"bucket9$436,:3,:6001",2014-04-18T07:53:31.709900,MQ,BAM,3000,,3000,100.0,ZNE,dev,gold,MQ_BAM_GOLD_20140418_075401
"bucket3$505,:3,:6001",2014-04-18T07:53:29.629900,MQ,CPM,3000,,3000,100.0,ZNE,train,gold,MQ_CPM_GOLD_20140418_075359
"bucket3$506,:3,:6001",2014-04-18T07:53:29.909900,MQ,GBM,3000,,3000,100.0,ZNE,train,gold,MQ_GBM_GOLD_20140418_075359
"bucket6$456,:3,:6001",2014-04-18T07:53:29.910000,MQ,IA2,3000,3177.0,3000,100.0,ZNE,test,gold,MQ_IA2_GOLD_20140418_075359
"bucket3$507,:3,:6001",2014-04-18T07:53:32.390000,MQ,LAM,3000,3068.0,3000,100.0,ZNE,train,gold,MQ_LAM_GOLD_20140418_075402
"bucket3$508,:3,:6001",2014-04-18T07:53:29.769900,MQ,MLM,3000,,3000,100.0,ZNE,train,gold,MQ_MLM_GOLD_20140418_075359
"bucket3$509,:3,:6001",2014-04-18T12:34:21.039900,MQ,BAM,3000,,3000,100.0,ZNE,train,gold,MQ_BAM_GOLD_20140418_123451
"bucket9$437,:3,:6001",2014-04-18T12:34:16.509900,MQ,CPM,3000,,3000,100.0,ZNE,dev,gold,MQ_CPM_GOLD_20140418_123446
"bucket9$438,:3,:6001",2014-04-18T12:34:22.360000,MQ,IA2,3000,3218.0,3000,100.0,ZNE,dev,gold,MQ_IA2_GOLD_20140418_123452
"bucket6$457,:3,:6001",2014-04-18T12:34:25.390000,MQ,SAM,3000,3180.0,3000,100.0,ZNE,test,gold,MQ_SAM_GOLD_20140418_123455
"bucket3$510,:3,:6001",2014-04-18T23:17:35.329900,MQ,BAM,3000,,3000,100.0,ZNE,train,gold,MQ_BAM_GOLD_20140418_231805
"bucket6$458,:3,:6001",2014-04-18T23:17:35.559900,MQ,CPM,3000,,3000,100.0,ZNE,test,gold,MQ_CPM_GOLD_20140418_231805
"bucket3$511,:3,:6001",2014-04-18T23:17:36.089900,MQ,GBM,3000,,3000,100.0,ZNE,train,gold,MQ_GBM_GOLD_20140418_231806
"bucket9$439,:3,:6001",2014-04-18T23:17:36.210000,MQ,LAM,3000,3109.0,3000,100.0,ZNE,dev,gold,MQ_LAM_GOLD_20140418_231806
"bucket6$459,:3,:6001",2014-04-18T23:17:35.780000,MQ,SAM,3000,,3000,100.0,ZNE,test,gold,MQ_SAM_GOLD_20140418_231805
"bucket9$440,:3,:6001",2014-04-19T05:06:22.499900,MQ,BAM,3000,,3000,100.0,ZNE,dev,gold,MQ_BAM_GOLD_20140419_050652
"bucket6$460,:3,:6001",2014-04-19T05:06:22.779900,MQ,CPM,3000,,3000,100.0,ZNE,test,gold,MQ_CPM_GOLD_20140419_050652
"bucket3$512,:3,:6001",2014-04-19T05:06:22.629900,MQ,GBM,3000,,3000,100.0,ZNE,train,gold,MQ_GBM_GOLD_20140419_050652
"bucket3$513,:3,:6001",2014-04-19T06:13:24.829900,MQ,BAM,3000,,3000,100.0,ZNE,train,gold,MQ_BAM_GOLD_20140419_061354
"bucket3$514,:3,:6001",2014-04-19T06:13:18.089900,MQ,CPM,3000,,3000,100.0,ZNE,train,gold,MQ_CPM_GOLD_20140419_061348
"bucket3$515,:3,:6001",2014-04-19T06:13:23.080000,MQ,SAM,3000,,3000,100.0,ZNE,train,gold,MQ_SAM_GOLD_20140419_061353
"bucket3$516,:3,:6001",2014-04-19T09:29:47.839900,MQ,BAM,3000,,3000,100.0,ZNE,train,gold,MQ_BAM_GOLD_20140419_093017
"bucket9$441,:3,:6001",2014-04-19T09:29:46.369900,MQ,GBM,3000,,3000,100.0,ZNE,dev,gold,MQ_GBM_GOLD_20140419_093016
"bucket3$517,:3,:6001",2014-04-19T09:29:47.490000,MQ,IA2,3000,,3000,100.0,ZNE,train,gold,MQ_IA2_GOLD_20140419_093017
"bucket3$518,:3,:6001",2014-04-19T09:29:48.040000,MQ,LAM,3000,,3000,100.0,ZNE,train,gold,MQ_LAM_GOLD_20140419_093018
"bucket9$442,:3,:6001",2014-04-19T12:09:47.399900,MQ,BAM,3000,,3000,100.0,ZNE,dev,gold,MQ_BAM_GOLD_20140419_121017
"bucket3$519,:3,:6001",2014-04-19T12:09:52.139900,MQ,CPM,3000,,3000,100.0,ZNE,train,gold,MQ_CPM_GOLD_20140419_121022
"bucket3$520,:3,:6001",2014-04-19T12:09:50.169900,MQ,GBM,3000,,3000,100.0,ZNE,train,gold,MQ_GBM_GOLD_20140419_121020
"bucket3$521,:3,:6001",2014-04-19T12:39:28.099900,MQ,BAM,3000,,3000,100.0,ZNE,train,gold,MQ_BAM_GOLD_20140419_123958
"bucket3$522,:3,:6001",2014-04-19T12:39:29.189900,MQ,CPM,3000,,3000,100.0,ZNE,train,gold,MQ_CPM_GOLD_20140419_123959
"bucket9$443,:3,:6001",2014-04-19T12:39:28.229900,MQ,GBM,3000,,3000,100.0,ZNE,dev,gold,MQ_GBM_GOLD_20140419_123958
"bucket3$523,:3,:6001",2014-04-19T12:39:28.540000,MQ,IA2,3000,3070.0,3000,100.0,ZNE,train,gold,MQ_IA2_GOLD_20140419_123958
"bucket9$444,:3,:6001",2014-04-19T12:39:28.739900,MQ,MLM,3000,,3000,100.0,ZNE,dev,gold,MQ_MLM_GOLD_20140419_123958
"bucket3$524,:3,:6001",2014-04-19T12:43:22.189900,MQ,BAM,3000,,3000,100.0,ZNE,train,gold,MQ_BAM_GOLD_20140419_124352
"bucket9$445,:3,:6001",2014-04-19T12:43:22.659900,MQ,CPM,3000,,3000,100.0,ZNE,dev,gold,MQ_CPM_GOLD_20140419_124352
"bucket3$525,:3,:6001",2014-04-19T12:43:22.349900,MQ,GBM,3000,,3000,100.0,ZNE,train,gold,MQ_GBM_GOLD_20140419_124352
"bucket6$461,:3,:6001",2014-04-19T12:43:22.870000,MQ,LAM,3000,3197.0,3000,100.0,ZNE,test,gold,MQ_LAM_GOLD_20140419_124352
"bucket3$526,:3,:6001",2014-04-19T12:43:22.829900,MQ,MLM,3000,,3000,100.0,ZNE,train,gold,MQ_MLM_GOLD_20140419_124352
"bucket6$462,:3,:6001",2014-04-19T12:43:22.520000,MQ,SAM,3000,3233.0,3000,100.0,ZNE,test,gold,MQ_SAM_GOLD_20140419_124352
"bucket3$527,:3,:6001",2014-04-19T12:49:51.689900,MQ,BAM,3000,,3000,100.0,ZNE,train,gold,MQ_BAM_GOLD_20140419_125021
"bucket3$528,:3,:6001",2014-04-19T12:49:48.459900,MQ,CPM,3000,,3000,100.0,ZNE,train,gold,MQ_CPM_GOLD_20140419_125018
"bucket3$529,:3,:6001",2014-04-19T12:49:48.559900,MQ,GBM,3000,,3000,100.0,ZNE,train,gold,MQ_GBM_GOLD_20140419_125018
"bucket3$530,:3,:6001",2014-04-19T12:49:48.469900,MQ,MLM,3000,,3000,100.0,ZNE,train,gold,MQ_MLM_GOLD_20140419_125018
"bucket6$463,:3,:6001",2014-04-19T13:47:11.059900,MQ,BAM,3000,,3000,100.0,ZNE,test,gold,MQ_BAM_GOLD_20140419_134741
"bucket6$464,:3,:6001",2014-04-19T13:47:13.139900,MQ,CPM,3000,,3000,100.0,ZNE,test,gold,MQ_CPM_GOLD_20140419_134743
"bucket3$531,:3,:6001",2014-04-19T13:47:08.819900,MQ,GBM,3000,,3000,100.0,ZNE,train,gold,MQ_GBM_GOLD_20140419_134738
"bucket3$532,:3,:6001",2014-04-19T13:47:12.969900,MQ,MLM,3000,,3000,100.0,ZNE,train,gold,MQ_MLM_GOLD_20140419_134742
"bucket3$533,:3,:6001",2014-04-19T15:08:48.939900,MQ,BAM,3000,,3000,100.0,ZNE,train,gold,MQ_BAM_GOLD_20140419_150918
"bucket9$446,:3,:6001",2014-04-19T15:08:48.939900,MQ,CPM,3000,,3000,100.0,ZNE,dev,gold,MQ_CPM_GOLD_20140419_150918
"bucket3$534,:3,:6001",2014-04-19T15:08:49.059900,MQ,MLM,3000,,3000,100.0,ZNE,train,gold,MQ_MLM_GOLD_20140419_150919
"bucket3$535,:3,:6001",2014-04-19T15:08:54.050000,MQ,SAM,3000,3021.0,3000,100.0,ZNE,train,gold,MQ_SAM_GOLD_20140419_150924
"bucket3$536,:3,:6001",2014-04-19T15:24:28.219900,MQ,BAM,3000,,3000,100.0,ZNE,train,gold,MQ_BAM_GOLD_20140419_152458
"bucket3$537,:3,:6001",2014-04-19T15:24:24.179900,MQ,CPM,3000,,3000,100.0,ZNE,train,gold,MQ_CPM_GOLD_20140419_152454
"bucket6$465,:3,:6001",2014-04-19T15:24:25.220000,MQ,IA2,3000,3203.0,3000,100.0,ZNE,test,gold,MQ_IA2_GOLD_20140419_152455
"bucket3$538,:3,:6001",2014-04-19T15:24:29.540000,MQ,SAM,3000,3122.0,3000,100.0,ZNE,train,gold,MQ_SAM_GOLD_20140419_152459
"bucket6$466,:3,:6001",2014-04-19T15:29:53.919900,MQ,BAM,3000,,3000,100.0,ZNE,test,gold,MQ_BAM_GOLD_20140419_153023
"bucket3$539,:3,:6001",2014-04-19T15:29:53.259900,MQ,CPM,3000,,3000,100.0,ZNE,train,gold,MQ_CPM_GOLD_20140419_153023
"bucket3$540,:3,:6001",2014-04-19T15:30:00.680000,MQ,LAM,3000,,3000,100.0,ZNE,train,gold,MQ_LAM_GOLD_20140419_153030
"bucket3$541,:3,:6001",2014-04-19T15:29:51.309900,MQ,MLM,3000,,3000,100.0,ZNE,train,gold,MQ_MLM_GOLD_20140419_153021
"bucket3$542,:3,:6001",2014-04-19T15:30:00.620000,MQ,SAM,3000,,3000,100.0,ZNE,train,gold,MQ_SAM_GOLD_20140419_153030
"bucket3$543,:3,:6001",2014-04-19T17:58:58.139900,MQ,BAM,3000,,3000,100.0,ZNE,train,gold,MQ_BAM_GOLD_20140419_175928
"bucket3$544,:3,:6001",2014-04-19T17:58:53.329900,MQ,CPM,3000,,3000,100.0,ZNE,train,gold,MQ_CPM_GOLD_20140419_175923
"bucket3$545,:3,:6001",2014-04-19T17:58:54.400000,MQ,LAM,3000,,3000,100.0,ZNE,train,gold,MQ_LAM_GOLD_20140419_175924
"bucket3$546,:3,:6001",2014-04-19T17:58:54.330000,MQ,SAM,3000,3123.0,3000,100.0,ZNE,train,gold,MQ_SAM_GOLD_20140419_175924
"bucket9$447,:3,:6001",2014-04-19T19:31:56.829900,MQ,CPM,3000,,3000,100.0,ZNE,dev,gold,MQ_CPM_GOLD_20140419_193226
"bucket3$547,:3,:6001",2014-04-19T19:32:01.859900,MQ,GBM,3000,,3000,100.0,ZNE,train,gold,MQ_GBM_GOLD_20140419_193231
"bucket6$467,:3,:6001",2014-04-19T19:31:56.870000,MQ,IA2,3000,3315.0,3000,100.0,ZNE,test,gold,MQ_IA2_GOLD_20140419_193226
"bucket3$548,:3,:6001",2014-04-19T19:32:05.320000,MQ,LAM,3000,,3000,100.0,ZNE,train,gold,MQ_LAM_GOLD_20140419_193235
"bucket3$549,:3,:6001",2014-04-19T20:12:11.449900,MQ,BAM,3000,,3000,100.0,ZNE,train,gold,MQ_BAM_GOLD_20140419_201241
"bucket3$550,:3,:6001",2014-04-19T20:12:06.299900,MQ,GBM,3000,,3000,100.0,ZNE,train,gold,MQ_GBM_GOLD_20140419_201236
"bucket3$551,:3,:6001",2014-04-19T20:12:09.200000,MQ,LAM,3000,3243.0,3000,100.0,ZNE,train,gold,MQ_LAM_GOLD_20140419_201239
"bucket3$552,:3,:6001",2014-04-19T20:12:05.980000,MQ,SAM,3000,3179.0,3000,100.0,ZNE,train,gold,MQ_SAM_GOLD_20140419_201235
"bucket6$468,:3,:6001",2014-04-20T02:37:14.439900,MQ,BAM,3000,,3000,100.0,ZNE,test,gold,MQ_BAM_GOLD_20140420_023744
"bucket6$469,:3,:6001",2014-04-20T02:37:12.879900,MQ,CPM,3000,,3000,100.0,ZNE,test,gold,MQ_CPM_GOLD_20140420_023742
"bucket3$553,:3,:6001",2014-04-20T02:37:16.229900,MQ,GBM,3000,,3000,100.0,ZNE,train,gold,MQ_GBM_GOLD_20140420_023746
"bucket9$448,:3,:6001",2014-04-20T02:37:11.760000,MQ,IA2,3000,,3000,100.0,ZNE,dev,gold,MQ_IA2_GOLD_20140420_023741
"bucket6$470,:3,:6001",2014-04-20T04:12:38.339900,MQ,BAM,3000,,3000,100.0,ZNE,test,gold,MQ_BAM_GOLD_20140420_041308
"bucket3$554,:3,:6001",2014-04-20T04:12:37.889900,MQ,GBM,3000,,3000,100.0,ZNE,train,gold,MQ_GBM_GOLD_20140420_041307
"bucket3$555,:3,:6001",2014-04-20T04:12:38.399900,MQ,MLM,3000,,3000,100.0,ZNE,train,gold,MQ_MLM_GOLD_20140420_041308
"bucket3$556,:3,:6001",2014-04-20T04:12:35.960000,MQ,SAM,3000,3169.0,3000,100.0,ZNE,train,gold,MQ_SAM_GOLD_20140420_041305
"bucket3$557,:3,:6001",2014-04-20T06:25:10.209900,MQ,CPM,3000,,3000,100.0,ZNE,train,gold,MQ_CPM_GOLD_20140420_062540
"bucket9$449,:3,:6001",2014-04-20T07:30:52.599900,MQ,BAM,3000,,3000,100.0,ZNE,dev,gold,MQ_BAM_GOLD_20140420_073122
"bucket3$558,:3,:6001",2014-04-20T07:30:52.019900,MQ,GBM,3000,,3000,100.0,ZNE,train,gold,MQ_GBM_GOLD_20140420_073122
"bucket3$559,:3,:6001",2014-04-20T07:30:52.800000,MQ,IA2,3000,3225.0,3000,100.0,ZNE,train,gold,MQ_IA2_GOLD_20140420_073122
"bucket3$560,:3,:6001",2014-04-20T07:30:55.579900,MQ,MLM,3000,,3000,100.0,ZNE,train,gold,MQ_MLM_GOLD_20140420_073125
"bucket3$561,:3,:6001",2014-04-20T09:57:59.209900,MQ,BAM,3000,,3000,100.0,ZNE,train,gold,MQ_BAM_GOLD_20140420_095829
"bucket3$562,:3,:6001",2014-04-20T09:57:54.829900,MQ,CPM,3000,,3000,100.0,ZNE,train,gold,MQ_CPM_GOLD_20140420_095824
"bucket3$563,:3,:6001",2014-04-20T09:57:56.929900,MQ,GBM,3000,,3000,100.0,ZNE,train,gold,MQ_GBM_GOLD_20140420_095826
"bucket3$564,:3,:6001",2014-04-20T09:58:01.540000,MQ,LAM,3000,,3000,100.0,ZNE,train,gold,MQ_LAM_GOLD_20140420_095831
"bucket3$565,:3,:6001",2014-04-20T09:57:51.649900,MQ,MLM,3000,,3000,100.0,ZNE,train,gold,MQ_MLM_GOLD_20140420_095821
"bucket3$566,:3,:6001",2014-04-20T14:27:37.550000,MQ,SAM,3000,,3000,100.0,ZNE,train,gold,MQ_SAM_GOLD_20140420_142807
"bucket3$567,:3,:6001",2014-04-20T21:10:56.479900,MQ,BAM,3000,,3000,100.0,ZNE,train,gold,MQ_BAM_GOLD_20140420_211126
"bucket6$471,:3,:6001",2014-04-20T21:10:57.089900,MQ,CPM,3000,,3000,100.0,ZNE,test,gold,MQ_CPM_GOLD_20140420_211127
"bucket3$568,:3,:6001",2014-04-20T21:10:55.639900,MQ,GBM,3000,,3000,100.0,ZNE,train,gold,MQ_GBM_GOLD_20140420_211125
"bucket3$569,:3,:6001",2014-04-20T21:10:56.550000,MQ,IA2,3000,3109.0,3000,100.0,ZNE,train,gold,MQ_IA2_GOLD_20140420_211126
"bucket3$570,:3,:6001",2014-04-21T00:17:17.129900,MQ,BAM,3000,,3000,100.0,ZNE,train,gold,MQ_BAM_GOLD_20140421_001747
"bucket3$571,:3,:6001",2014-04-21T00:17:18.079900,MQ,CPM,3000,,3000,100.0,ZNE,train,gold,MQ_CPM_GOLD_20140421_001748
"bucket3$572,:3,:6001",2014-04-21T00:17:16.269900,MQ,GBM,3000,,3000,100.0,ZNE,train,gold,MQ_GBM_GOLD_20140421_001746
"bucket3$573,:3,:6001",2014-04-21T00:17:17.160000,MQ,IA2,3000,3208.0,3000,100.0,ZNE,train,gold,MQ_IA2_GOLD_20140421_001747
"bucket3$574,:3,:6001",2014-04-21T02:31:19.869900,MQ,BAM,3000,,3000,100.0,ZNE,train,gold,MQ_BAM_GOLD_20140421_023149
"bucket3$575,:3,:6001",2014-04-21T02:31:19.789900,MQ,GBM,3000,,3000,100.0,ZNE,train,gold,MQ_GBM_GOLD_20140421_023149
"bucket3$576,:3,:6001",2014-04-21T02:31:19.520000,MQ,LAM,3000,,3000,100.0,ZNE,train,gold,MQ_LAM_GOLD_20140421_023149
"bucket3$577,:3,:6001",2014-04-21T02:31:20.870000,MQ,SAM,3000,,3000,100.0,ZNE,train,gold,MQ_SAM_GOLD_20140421_023150
"bucket3$578,:3,:6001",2014-04-21T02:40:33.630000,MQ,SAM,3000,,3000,100.0,ZNE,train,gold,MQ_SAM_GOLD_20140421_024103
"bucket3$579,:3,:6001",2014-04-21T03:05:44.589900,MQ,BAM,3000,,3000,100.0,ZNE,train,gold,MQ_BAM_GOLD_20140421_030614
"bucket6$472,:3,:6001",2014-04-21T03:05:44.449900,MQ,CPM,3000,,3000,100.0,ZNE,test,gold,MQ_CPM_GOLD_20140421_030614
"bucket6$473,:3,:6001",2014-04-21T03:05:43.209900,MQ,GBM,3000,,3000,100.0,ZNE,test,gold,MQ_GBM_GOLD_20140421_030613
"bucket9$450,:3,:6001",2014-04-21T03:05:44.470000,MQ,SAM,3000,,3000,100.0,ZNE,dev,gold,MQ_SAM_GOLD_20140421_030614
"bucket3$580,:3,:6001",2014-04-21T04:01:22.959900,MQ,BAM,3000,,3000,100.0,ZNE,train,gold,MQ_BAM_GOLD_20140421_040152
"bucket3$581,:3,:6001",2014-04-21T04:01:23.199900,MQ,CPM,3000,,3000,100.0,ZNE,train,gold,MQ_CPM_GOLD_20140421_040153
"bucket3$582,:3,:6001",2014-04-21T04:01:21.439900,MQ,GBM,3000,,3000,100.0,ZNE,train,gold,MQ_GBM_GOLD_20140421_040151
"bucket3$583,:3,:6001",2014-04-21T04:01:22.720000,MQ,SAM,3000,3194.0,3000,100.0,ZNE,train,gold,MQ_SAM_GOLD_20140421_040152
"bucket3$584,:3,:6001",2014-04-21T16:15:49.979900,MQ,CPM,3000,,3000,100.0,ZNE,train,gold,MQ_CPM_GOLD_20140421_161619
"bucket3$585,:3,:6001",2014-04-21T16:15:47.589900,MQ,GBM,3000,,3000,100.0,ZNE,train,gold,MQ_GBM_GOLD_20140421_161617
"bucket6$474,:3,:6001",2014-04-21T16:15:48.760000,MQ,IA2,3000,3228.0,3000,100.0,ZNE,test,gold,MQ_IA2_GOLD_20140421_161618
"bucket3$586,:3,:6001",2014-04-21T16:15:52.590000,MQ,SAM,3000,,3000,100.0,ZNE,train,gold,MQ_SAM_GOLD_20140421_161622
"bucket3$587,:3,:6001",2014-04-21T20:12:26.889900,MQ,BAM,3000,,3000,100.0,ZNE,train,gold,MQ_BAM_GOLD_20140421_201256
"bucket3$588,:3,:6001",2014-04-21T20:12:26.379900,MQ,GBM,3000,,3000,100.0,ZNE,train,gold,MQ_GBM_GOLD_20140421_201256
"bucket3$589,:3,:6001",2014-04-21T20:12:27.300000,MQ,IA2,3000,3053.0,3000,100.0,ZNE,train,gold,MQ_IA2_GOLD_20140421_201257
"bucket3$590,:3,:6001",2014-04-21T20:12:25.660000,MQ,SAM,3000,,3000,100.0,ZNE,train,gold,MQ_SAM_GOLD_20140421_201255
"bucket3$591,:3,:6001",2014-04-21T20:59:42.279900,MQ,BAM,3000,,3000,100.0,ZNE,train,gold,MQ_BAM_GOLD_20140421_210012
"bucket3$592,:3,:6001",2014-04-21T20:59:42.849900,MQ,CPM,3000,,3000,100.0,ZNE,train,gold,MQ_CPM_GOLD_20140421_210012
"bucket3$593,:3,:6001",2014-04-21T20:59:40.869900,MQ,GBM,3000,,3000,100.0,ZNE,train,gold,MQ_GBM_GOLD_20140421_210010
"bucket9$451,:3,:6001",2014-04-21T20:59:41.710000,MQ,IA2,3000,3104.0,3000,100.0,ZNE,dev,gold,MQ_IA2_GOLD_20140421_210011
"bucket3$594,:3,:6001",2014-04-21T21:08:38.189900,MQ,CPM,3000,,3000,100.0,ZNE,train,gold,MQ_CPM_GOLD_20140421_210908
"bucket3$595,:3,:6001",2014-04-21T21:08:43.619900,MQ,GBM,3000,,3000,100.0,ZNE,train,gold,MQ_GBM_GOLD_20140421_210913
"bucket3$596,:3,:6001",2014-04-21T21:08:44.240000,MQ,IA2,3000,3182.0,3000,100.0,ZNE,train,gold,MQ_IA2_GOLD_20140421_210914
"bucket9$452,:3,:6001",2014-04-21T21:08:40.610000,MQ,SAM,3000,3105.0,3000,100.0,ZNE,dev,gold,MQ_SAM_GOLD_20140421_210910
"bucket9$453,:3,:6001",2014-04-22T00:38:02.959900,MQ,BAM,3000,,3000,100.0,ZNE,dev,gold,MQ_BAM_GOLD_20140422_003832
"bucket3$597,:3,:6001",2014-04-22T00:38:02.159900,MQ,GBM,3000,,3000,100.0,ZNE,train,gold,MQ_GBM_GOLD_20140422_003832
"bucket3$598,:3,:6001",2014-04-22T00:38:04.110000,MQ,IA2,3000,,3000,100.0,ZNE,train,gold,MQ_IA2_GOLD_20140422_003834
"bucket3$599,:3,:6001",2014-04-22T00:38:04.089900,MQ,MLM,3000,,3000,100.0,ZNE,train,gold,MQ_MLM_GOLD_20140422_003834
"bucket3$600,:3,:6001",2014-04-22T04:25:49.539900,MQ,BAM,3000,,3000,100.0,ZNE,train,gold,MQ_BAM_GOLD_20140422_042619
"bucket3$601,:3,:6001",2014-04-22T04:25:49.639900,MQ,GBM,3000,,3000,100.0,ZNE,train,gold,MQ_GBM_GOLD_20140422_042619
"bucket3$602,:3,:6001",2014-04-22T04:25:49.570000,MQ,IA2,3000,,3000,100.0,ZNE,train,gold,MQ_IA2_GOLD_20140422_042619
"bucket3$603,:3,:6001",2014-04-22T04:25:49.299900,MQ,MLM,3000,,3000,100.0,ZNE,train,gold,MQ_MLM_GOLD_20140422_042619
"bucket3$604,:3,:6001",2014-04-22T04:57:16.439900,MQ,BAM,3000,,3000,100.0,ZNE,train,gold,MQ_BAM_GOLD_20140422_045746
"bucket3$605,:3,:6001",2014-04-22T04:57:15.449900,MQ,CPM,3000,,3000,100.0,ZNE,train,gold,MQ_CPM_GOLD_20140422_045745
"bucket3$606,:3,:6001",2014-04-22T04:57:16.149900,MQ,GBM,3000,,3000,100.0,ZNE,train,gold,MQ_GBM_GOLD_20140422_045746
"bucket3$607,:3,:6001",2014-04-22T04:57:16.840000,MQ,IA2,3000,3110.0,3000,100.0,ZNE,train,gold,MQ_IA2_GOLD_20140422_045746
"bucket3$608,:3,:6001",2014-04-22T04:57:16,MQ,LAM,3000,,3000,100.0,ZNE,train,gold,MQ_LAM_GOLD_20140422_045746
"bucket3$609,:3,:6001",2014-04-22T05:56:07.819900,MQ,BAM,3000,,3000,100.0,ZNE,train,gold,MQ_BAM_GOLD_20140422_055637
"bucket3$610,:3,:6001",2014-04-22T05:56:07.349900,MQ,CPM,3000,,3000,100.0,ZNE,train,gold,MQ_CPM_GOLD_20140422_055637
"bucket3$611,:3,:6001",2014-04-22T05:56:07.979900,MQ,GBM,3000,,3000,100.0,ZNE,train,gold,MQ_GBM_GOLD_20140422_055637
"bucket6$475,:3,:6001",2014-04-22T05:56:07.500000,MQ,IA2,3000,,3000,100.0,ZNE,test,gold,MQ_IA2_GOLD_20140422_055637
"bucket3$612,:3,:6001",2014-04-22T05:56:08,MQ,SAM,3000,,3000,100.0,ZNE,train,gold,MQ_SAM_GOLD_20140422_055638
"bucket3$613,:3,:6001",2014-04-22T05:56:47.569900,MQ,BAM,3000,,3000,100.0,ZNE,train,gold,MQ_BAM_GOLD_20140422_055717
"bucket3$614,:3,:6001",2014-04-22T05:56:49.609900,MQ,CPM,3000,,3000,100.0,ZNE,train,gold,MQ_CPM_GOLD_20140422_055719
"bucket3$615,:3,:6001",2014-04-22T05:56:48.499900,MQ,GBM,3000,,3000,100.0,ZNE,train,gold,MQ_GBM_GOLD_20140422_055718
"bucket3$616,:3,:6001",2014-04-22T05:56:47.450000,MQ,LAM,3000,3101.0,3000,100.0,ZNE,train,gold,MQ_LAM_GOLD_20140422_055717
"bucket3$617,:3,:6001",2014-04-22T13:29:09.770000,MQ,IA2,3000,3214.0,3000,100.0,ZNE,train,gold,MQ_IA2_GOLD_20140422_132939
"bucket3$618,:3,:6001",2014-04-22T13:29:12.469900,MQ,MLM,3000,,3000,100.0,ZNE,train,gold,MQ_MLM_GOLD_20140422_132942
"bucket3$619,:3,:6001",2014-04-22T13:32:57.959900,MQ,BAM,3000,,3000,100.0,ZNE,train,gold,MQ_BAM_GOLD_20140422_133327
"bucket3$620,:3,:6001",2014-04-22T13:33:03.609900,MQ,GBM,3000,,3000,100.0,ZNE,train,gold,MQ_GBM_GOLD_20140422_133333
"bucket3$621,:3,:6001",2014-04-22T13:33:01.399900,MQ,MLM,3000,,3000,100.0,ZNE,train,gold,MQ_MLM_GOLD_20140422_133331
"bucket3$622,:3,:6001",2014-04-22T13:32:57.050000,MQ,SAM,3000,,3000,100.0,ZNE,train,gold,MQ_SAM_GOLD_20140422_133327
"bucket3$623,:3,:6001",2014-04-22T13:44:13.409900,MQ,BAM,3000,,3000,100.0,ZNE,train,gold,MQ_BAM_GOLD_20140422_134443
"bucket3$624,:3,:6001",2014-04-22T13:44:21.349900,MQ,CPM,3000,,3000,100.0,ZNE,train,gold,MQ_CPM_GOLD_20140422_134451
"bucket3$625,:3,:6001",2014-04-22T13:44:17.959900,MQ,GBM,3000,,3000,100.0,ZNE,train,gold,MQ_GBM_GOLD_20140422_134447
"bucket3$626,:3,:6001",2014-04-22T13:44:20.180000,MQ,IA2,3000,3188.0,3000,100.0,ZNE,train,gold,MQ_IA2_GOLD_20140422_134450
"bucket3$627,:3,:6001",2014-04-22T13:49:23.470000,MQ,IA2,3000,3245.0,3000,100.0,ZNE,train,gold,MQ_IA2_GOLD_20140422_134953
"bucket3$628,:3,:6001",2014-04-22T13:49:24.790000,MQ,SAM,3000,3173.0,3000,100.0,ZNE,train,gold,MQ_SAM_GOLD_20140422_134954
"bucket3$629,:3,:6001",2014-04-22T14:02:37.589900,MQ,BAM,3000,,3000,100.0,ZNE,train,gold,MQ_BAM_GOLD_20140422_140307
"bucket3$630,:3,:6001",2014-04-22T14:02:40.949900,MQ,GBM,3000,,3000,100.0,ZNE,train,gold,MQ_GBM_GOLD_20140422_140310
"bucket3$631,:3,:6001",2014-04-22T14:02:42.240000,MQ,IA2,3000,3268.0,3000,100.0,ZNE,train,gold,MQ_IA2_GOLD_20140422_140312
"bucket3$632,:3,:6001",2014-04-22T14:02:39.649900,MQ,MLM,3000,,3000,100.0,ZNE,train,gold,MQ_MLM_GOLD_20140422_140309
"bucket3$633,:3,:6001",2014-04-22T14:02:44.360000,MQ,SAM,3000,3189.0,3000,100.0,ZNE,train,gold,MQ_SAM_GOLD_20140422_140314
"bucket9$454,:3,:6001",2014-04-22T14:19:05.589900,MQ,BAM,3000,,3000,100.0,ZNE,dev,gold,MQ_BAM_GOLD_20140422_141935
"bucket9$455,:3,:6001",2014-04-22T14:19:06.449900,MQ,CPM,3000,,3000,100.0,ZNE,dev,gold,MQ_CPM_GOLD_20140422_141936
"bucket3$634,:3,:6001",2014-04-22T14:19:06.889900,MQ,GBM,3000,,3000,100.0,ZNE,train,gold,MQ_GBM_GOLD_20140422_141936
"bucket3$635,:3,:6001",2014-04-22T14:19:14.569900,MQ,MLM,3000,,3000,100.0,ZNE,train,gold,MQ_MLM_GOLD_20140422_141944
"bucket3$636,:3,:6001",2014-04-22T14:19:11.180000,MQ,SAM,3000,3198.0,3000,100.0,ZNE,train,gold,MQ_SAM_GOLD_20140422_141941
"bucket3$637,:3,:6001",2014-04-22T14:20:59.809900,MQ,GBM,3000,,3000,100.0,ZNE,train,gold,MQ_GBM_GOLD_20140422_142129
"bucket3$638,:3,:6001",2014-04-22T14:20:58.970000,MQ,LAM,3000,3168.0,3000,100.0,ZNE,train,gold,MQ_LAM_GOLD_20140422_142128
"bucket3$639,:3,:6001",2014-04-22T14:21:00.119900,MQ,MLM,3000,,3000,100.0,ZNE,train,gold,MQ_MLM_GOLD_20140422_142130
"bucket3$640,:3,:6001",2014-04-22T14:21:00.570000,MQ,SAM,3000,,3000,100.0,ZNE,train,gold,MQ_SAM_GOLD_20140422_142130
"bucket6$476,:3,:6001",2014-04-22T14:25:30.949900,MQ,BAM,3000,,3000,100.0,ZNE,test,gold,MQ_BAM_GOLD_20140422_142600
"bucket3$641,:3,:6001",2014-04-22T14:25:37.609900,MQ,GBM,3000,,3000,100.0,ZNE,train,gold,MQ_GBM_GOLD_20140422_142607
"bucket3$642,:3,:6001",2014-04-22T14:25:32.859900,MQ,MLM,3000,,3000,100.0,ZNE,train,gold,MQ_MLM_GOLD_20140422_142602
"bucket3$643,:3,:6001",2014-04-22T14:25:33.500000,MQ,SAM,3000,,3000,100.0,ZNE,train,gold,MQ_SAM_GOLD_20140422_142603
"bucket9$456,:3,:6001",2014-04-22T15:08:53.599900,MQ,BAM,3000,,3000,100.0,ZNE,dev,gold,MQ_BAM_GOLD_20140422_150923
"bucket9$457,:3,:6001",2014-04-22T15:08:53.119900,MQ,GBM,3000,,3000,100.0,ZNE,dev,gold,MQ_GBM_GOLD_20140422_150923
"bucket6$477,:3,:6001",2014-04-22T15:08:52.719900,MQ,MLM,3000,,3000,100.0,ZNE,test,gold,MQ_MLM_GOLD_20140422_150922
"bucket3$644,:3,:6001",2014-04-22T15:08:57.750000,MQ,SAM,3000,3171.0,3000,100.0,ZNE,train,gold,MQ_SAM_GOLD_20140422_150927
"bucket3$645,:3,:6001",2014-04-22T15:25:52.509900,MQ,BAM,3000,,3000,100.0,ZNE,train,gold,MQ_BAM_GOLD_20140422_152622
"bucket6$478,:3,:6001",2014-04-22T15:25:56.729900,MQ,CPM,3000,,3000,100.0,ZNE,test,gold,MQ_CPM_GOLD_20140422_152626
"bucket3$646,:3,:6001",2014-04-22T15:25:52.939900,MQ,GBM,3000,,3000,100.0,ZNE,train,gold,MQ_GBM_GOLD_20140422_152622
"bucket3$647,:3,:6001",2014-04-22T15:25:54.560000,MQ,SAM,3000,3127.0,3000,100.0,ZNE,train,gold,MQ_SAM_GOLD_20140422_152624
"bucket3$648,:3,:6001",2014-04-22T15:31:48.759900,MQ,BAM,3000,,3000,100.0,ZNE,train,gold,MQ_BAM_GOLD_20140422_153218
"bucket9$458,:3,:6001",2014-04-22T15:31:48.269900,MQ,CPM,3000,,3000,100.0,ZNE,dev,gold,MQ_CPM_GOLD_20140422_153218
"bucket9$459,:3,:6001",2014-04-22T15:31:41.929900,MQ,GBM,3000,,3000,100.0,ZNE,dev,gold,MQ_GBM_GOLD_20140422_153211
"bucket3$649,:3,:6001",2014-04-22T15:31:46.160000,MQ,SAM,3000,3119.0,3000,100.0,ZNE,train,gold,MQ_SAM_GOLD_20140422_153216
"bucket3$650,:3,:6001",2014-04-22T15:32:18.179900,MQ,BAM,3000,,3000,100.0,ZNE,train,gold,MQ_BAM_GOLD_20140422_153248
"bucket9$460,:3,:6001",2014-04-22T15:32:15.769900,MQ,CPM,3000,,3000,100.0,ZNE,dev,gold,MQ_CPM_GOLD_20140422_153245
"bucket3$651,:3,:6001",2014-04-22T15:32:15.709900,MQ,GBM,3000,,3000,100.0,ZNE,train,gold,MQ_GBM_GOLD_20140422_153245
"bucket3$652,:3,:6001",2014-04-22T15:32:15.410000,MQ,SAM,3000,3166.0,3000,100.0,ZNE,train,gold,MQ_SAM_GOLD_20140422_153245
"bucket3$653,:3,:6001",2014-04-22T16:36:56.119900,MQ,BAM,3000,,3000,100.0,ZNE,train,gold,MQ_BAM_GOLD_20140422_163726
"bucket3$654,:3,:6001",2014-04-22T16:36:53.549900,MQ,GBM,3000,,3000,100.0,ZNE,train,gold,MQ_GBM_GOLD_20140422_163723
"bucket6$479,:3,:6001",2014-04-22T16:36:57.799900,MQ,MLM,3000,,3000,100.0,ZNE,test,gold,MQ_MLM_GOLD_20140422_163727
"bucket9$461,:3,:6001",2014-04-22T16:36:51.350000,MQ,SAM,3000,3222.0,3000,100.0,ZNE,dev,gold,MQ_SAM_GOLD_20140422_163721
"bucket9$462,:3,:6001",2014-04-22T17:13:03.399900,MQ,BAM,3000,,3000,100.0,ZNE,dev,gold,MQ_BAM_GOLD_20140422_171333
"bucket3$655,:3,:6001",2014-04-22T17:12:58.289900,MQ,CPM,3000,,3000,100.0,ZNE,train,gold,MQ_CPM_GOLD_20140422_171328
"bucket3$656,:3,:6001",2014-04-22T17:12:56.299900,MQ,GBM,3000,,3000,100.0,ZNE,train,gold,MQ_GBM_GOLD_20140422_171326
"bucket3$657,:3,:6001",2014-04-22T17:13:03.249900,MQ,MLM,3000,,3000,100.0,ZNE,train,gold,MQ_MLM_GOLD_20140422_171333
"bucket3$658,:3,:6001",2014-04-22T17:12:56.300000,MQ,SAM,3000,,3000,100.0,ZNE,train,gold,MQ_SAM_GOLD_20140422_171326
"bucket3$659,:3,:6001",2014-04-22T17:16:15.629900,MQ,BAM,3000,,3000,100.0,ZNE,train,gold,MQ_BAM_GOLD_20140422_171645
"bucket6$480,:3,:6001",2014-04-22T17:16:08.229900,MQ,GBM,3000,,3000,100.0,ZNE,test,gold,MQ_GBM_GOLD_20140422_171638
"bucket3$660,:3,:6001",2014-04-22T17:16:06.879900,MQ,MLM,3000,,3000,100.0,ZNE,train,gold,MQ_MLM_GOLD_20140422_171636
"bucket3$661,:3,:6001",2014-04-22T17:16:12.930000,MQ,SAM,3000,3211.0,3000,100.0,ZNE,train,gold,MQ_SAM_GOLD_20140422_171642
"bucket3$662,:3,:6001",2014-04-22T17:31:50.029900,MQ,BAM,3000,,3000,100.0,ZNE,train,gold,MQ_BAM_GOLD_20140422_173220
"bucket3$663,:3,:6001",2014-04-22T17:31:50.999900,MQ,CPM,3000,,3000,100.0,ZNE,train,gold,MQ_CPM_GOLD_20140422_173220
"bucket3$664,:3,:6001",2014-04-22T17:31:52.199900,MQ,GBM,3000,,3000,100.0,ZNE,train,gold,MQ_GBM_GOLD_20140422_173222
"bucket3$665,:3,:6001",2014-04-22T17:31:54.830000,MQ,SAM,3000,3192.0,3000,100.0,ZNE,train,gold,MQ_SAM_GOLD_20140422_173224
"bucket3$666,:3,:6001",2014-04-22T18:19:55.349900,MQ,BAM,3000,,3000,100.0,ZNE,train,gold,MQ_BAM_GOLD_20140422_182025
"bucket3$667,:3,:6001",2014-04-22T18:19:53.829900,MQ,CPM,3000,,3000,100.0,ZNE,train,gold,MQ_CPM_GOLD_20140422_182023
"bucket3$668,:3,:6001",2014-04-22T18:19:54.349900,MQ,GBM,3000,,3000,100.0,ZNE,train,gold,MQ_GBM_GOLD_20140422_182024
"bucket3$669,:3,:6001",2014-04-22T18:20:01.600000,MQ,SAM,3000,,3000,100.0,ZNE,train,gold,MQ_SAM_GOLD_20140422_182031
"bucket3$670,:3,:6001",2014-04-22T18:37:34.109900,MQ,BAM,3000,,3000,100.0,ZNE,train,gold,MQ_BAM_GOLD_20140422_183804
"bucket3$671,:3,:6001",2014-04-22T18:37:32.699900,MQ,CPM,3000,,3000,100.0,ZNE,train,gold,MQ_CPM_GOLD_20140422_183802
"bucket3$672,:3,:6001",2014-04-22T18:37:32.699900,MQ,GBM,3000,,3000,100.0,ZNE,train,gold,MQ_GBM_GOLD_20140422_183802
"bucket6$481,:3,:6001",2014-04-22T18:37:37.640000,MQ,IA2,3000,3127.0,3000,100.0,ZNE,test,gold,MQ_IA2_GOLD_20140422_183807
"bucket3$673,:3,:6001",2014-04-22T18:37:38.219900,MQ,MLM,3000,,3000,100.0,ZNE,train,gold,MQ_MLM_GOLD_20140422_183808
"bucket6$482,:3,:6001",2014-04-22T18:50:48.069900,MQ,GBM,3000,,3000,100.0,ZNE,test,gold,MQ_GBM_GOLD_20140422_185118
"bucket3$674,:3,:6001",2014-04-22T18:50:48.030000,MQ,IA2,3000,,3000,100.0,ZNE,train,gold,MQ_IA2_GOLD_20140422_185118
"bucket3$675,:3,:6001",2014-04-22T18:50:52.760000,MQ,LAM,3000,,3000,100.0,ZNE,train,gold,MQ_LAM_GOLD_20140422_185122
"bucket3$676,:3,:6001",2014-04-22T18:50:50.550000,MQ,SAM,3000,,3000,100.0,ZNE,train,gold,MQ_SAM_GOLD_20140422_185120
"bucket3$677,:3,:6001",2014-04-22T18:53:20.899900,MQ,BAM,3000,,3000,100.0,ZNE,train,gold,MQ_BAM_GOLD_20140422_185350
"bucket3$678,:3,:6001",2014-04-22T18:53:21.539900,MQ,CPM,3000,,3000,100.0,ZNE,train,gold,MQ_CPM_GOLD_20140422_185351
"bucket3$679,:3,:6001",2014-04-22T18:53:23.699900,MQ,MLM,3000,,3000,100.0,ZNE,train,gold,MQ_MLM_GOLD_20140422_185353
"bucket3$680,:3,:6001",2014-04-22T18:53:22.500000,MQ,SAM,3000,3026.0,3000,100.0,ZNE,train,gold,MQ_SAM_GOLD_20140422_185352
"bucket3$681,:3,:6001",2014-04-22T19:06:23.129900,MQ,BAM,3000,,3000,100.0,ZNE,train,gold,MQ_BAM_GOLD_20140422_190653
"bucket3$682,:3,:6001",2014-04-22T19:06:25.919900,MQ,GBM,3000,,3000,100.0,ZNE,train,gold,MQ_GBM_GOLD_20140422_190655
"bucket3$683,:3,:6001",2014-04-22T19:06:26.530000,MQ,IA2,3000,,3000,100.0,ZNE,train,gold,MQ_IA2_GOLD_20140422_190656
"bucket3$684,:3,:6001",2014-04-22T19:06:18.660000,MQ,SAM,3000,,3000,100.0,ZNE,train,gold,MQ_SAM_GOLD_20140422_190648
"bucket3$685,:3,:6001",2014-04-22T19:19:06.169900,MQ,BAM,3000,,3000,100.0,ZNE,train,gold,MQ_BAM_GOLD_20140422_191936
"bucket3$686,:3,:6001",2014-04-22T19:19:02.549900,MQ,GBM,3000,,3000,100.0,ZNE,train,gold,MQ_GBM_GOLD_20140422_191932
"bucket9$463,:3,:6001",2014-04-22T19:19:03.860000,MQ,IA2,3000,3131.0,3000,100.0,ZNE,dev,gold,MQ_IA2_GOLD_20140422_191933
"bucket3$687,:3,:6001",2014-04-22T19:19:05.770000,MQ,SAM,3000,3176.0,3000,100.0,ZNE,train,gold,MQ_SAM_GOLD_20140422_191935
"bucket3$688,:3,:6001",2014-04-22T19:43:22.409900,MQ,BAM,3000,,3000,100.0,ZNE,train,gold,MQ_BAM_GOLD_20140422_194352
"bucket3$689,:3,:6001",2014-04-22T19:43:22.499900,MQ,GBM,3000,,3000,100.0,ZNE,train,gold,MQ_GBM_GOLD_20140422_194352
"bucket3$690,:3,:6001",2014-04-22T19:43:25.849900,MQ,MLM,3000,,3000,100.0,ZNE,train,gold,MQ_MLM_GOLD_20140422_194355
"bucket3$691,:3,:6001",2014-04-22T19:43:20.920000,MQ,SAM,3000,3254.0,3000,100.0,ZNE,train,gold,MQ_SAM_GOLD_20140422_194350
"bucket9$464,:3,:6001",2014-04-22T19:55:30.929900,MQ,CPM,3000,,3000,100.0,ZNE,dev,gold,MQ_CPM_GOLD_20140422_195600
"bucket3$692,:3,:6001",2014-04-22T19:55:31.239900,MQ,GBM,3000,,3000,100.0,ZNE,train,gold,MQ_GBM_GOLD_20140422_195601
"bucket3$693,:3,:6001",2014-04-22T19:55:35.419900,MQ,MLM,3000,,3000,100.0,ZNE,train,gold,MQ_MLM_GOLD_20140422_195605
"bucket6$483,:3,:6001",2014-04-22T19:55:28.060000,MQ,SAM,3000,3132.0,3000,100.0,ZNE,test,gold,MQ_SAM_GOLD_20140422_195558
"bucket3$694,:3,:6001",2014-04-22T19:57:12.529900,MQ,BAM,3000,,3000,100.0,ZNE,train,gold,MQ_BAM_GOLD_20140422_195742
"bucket3$695,:3,:6001",2014-04-22T19:57:09.129900,MQ,CPM,3000,,3000,100.0,ZNE,train,gold,MQ_CPM_GOLD_20140422_195739
"bucket6$484,:3,:6001",2014-04-22T19:57:05.999900,MQ,MLM,3000,,3000,100.0,ZNE,test,gold,MQ_MLM_GOLD_20140422_195735
"bucket9$465,:3,:6001",2014-04-22T19:57:11.470000,MQ,SAM,3000,3200.0,3000,100.0,ZNE,dev,gold,MQ_SAM_GOLD_20140422_195741
"bucket3$696,:3,:6001",2014-04-22T20:08:24.139900,MQ,BAM,3000,,3000,100.0,ZNE,train,gold,MQ_BAM_GOLD_20140422_200854
"bucket3$697,:3,:6001",2014-04-22T20:08:23.259900,MQ,GBM,3000,,3000,100.0,ZNE,train,gold,MQ_GBM_GOLD_20140422_200853
"bucket3$698,:3,:6001",2014-04-22T20:08:28.539900,MQ,MLM,3000,,3000,100.0,ZNE,train,gold,MQ_MLM_GOLD_20140422_200858
"bucket3$699,:3,:6001",2014-04-22T20:08:21.300000,MQ,SAM,3000,3189.0,3000,100.0,ZNE,train,gold,MQ_SAM_GOLD_20140422_200851
"bucket9$466,:3,:6001",2014-04-22T20:08:42.789900,MQ,BAM,3000,,3000,100.0,ZNE,dev,gold,MQ_BAM_GOLD_20140422_200912
"bucket3$700,:3,:6001",2014-04-22T20:08:42.299900,MQ,CPM,3000,,3000,100.0,ZNE,train,gold,MQ_CPM_GOLD_20140422_200912
"bucket3$701,:3,:6001",2014-04-22T20:08:41.290000,MQ,IA2,3000,,3000,100.0,ZNE,train,gold,MQ_IA2_GOLD_20140422_200911
"bucket3$702,:3,:6001",2014-04-22T20:08:37.420000,MQ,SAM,3000,3217.0,3000,100.0,ZNE,train,gold,MQ_SAM_GOLD_20140422_200907
"bucket3$703,:3,:6001",2014-04-22T20:11:37.269900,MQ,BAM,3000,,3000,100.0,ZNE,train,gold,MQ_BAM_GOLD_20140422_201207
"bucket3$704,:3,:6001",2014-04-22T20:11:32.779900,MQ,GBM,3000,,3000,100.0,ZNE,train,gold,MQ_GBM_GOLD_20140422_201202
"bucket3$705,:3,:6001",2014-04-22T20:11:39.019900,MQ,MLM,3000,,3000,100.0,ZNE,train,gold,MQ_MLM_GOLD_20140422_201209
"bucket6$485,:3,:6001",2014-04-22T20:11:39.850000,MQ,SAM,3000,,3000,100.0,ZNE,test,gold,MQ_SAM_GOLD_20140422_201209
"bucket3$706,:3,:6001",2014-04-22T20:20:47.219900,MQ,BAM,3000,,3000,100.0,ZNE,train,gold,MQ_BAM_GOLD_20140422_202117
"bucket3$707,:3,:6001",2014-04-22T20:20:44.189900,MQ,CPM,3000,,3000,100.0,ZNE,train,gold,MQ_CPM_GOLD_20140422_202114
"bucket3$708,:3,:6001",2014-04-22T20:20:42.240000,MQ,IA2,3000,3087.0,3000,100.0,ZNE,train,gold,MQ_IA2_GOLD_20140422_202112
"bucket3$709,:3,:6001",2014-04-22T20:20:50.710000,MQ,SAM,3000,3171.0,3000,100.0,ZNE,train,gold,MQ_SAM_GOLD_20140422_202120
"bucket3$710,:3,:6001",2014-04-22T20:25:17.399900,MQ,BAM,3000,,3000,100.0,ZNE,train,gold,MQ_BAM_GOLD_20140422_202547
"bucket3$711,:3,:6001",2014-04-22T20:25:16.339900,MQ,GBM,3000,,3000,100.0,ZNE,train,gold,MQ_GBM_GOLD_20140422_202546
"bucket3$712,:3,:6001",2014-04-22T20:25:19.379900,MQ,MLM,3000,,3000,100.0,ZNE,train,gold,MQ_MLM_GOLD_20140422_202549
"bucket9$467,:3,:6001",2014-04-22T20:25:18.620000,MQ,SAM,3000,3027.0,3000,100.0,ZNE,dev,gold,MQ_SAM_GOLD_20140422_202548
"bucket3$713,:3,:6001",2014-04-22T21:14:29.869900,MQ,BAM,3000,,3000,100.0,ZNE,train,gold,MQ_BAM_GOLD_20140422_211459
"bucket3$714,:3,:6001",2014-04-22T21:14:28.449900,MQ,GBM,3000,,3000,100.0,ZNE,train,gold,MQ_GBM_GOLD_20140422_211458
"bucket3$715,:3,:6001",2014-04-22T21:14:29.260000,MQ,IA2,3000,,3000,100.0,ZNE,train,gold,MQ_IA2_GOLD_20140422_211459
"bucket6$486,:3,:6001",2014-04-22T21:14:28.240000,MQ,LAM,3000,3193.0,3000,100.0,ZNE,test,gold,MQ_LAM_GOLD_20140422_211458
"bucket3$716,:3,:6001",2014-04-22T22:35:54.589900,MQ,MLM,3000,,3000,100.0,ZNE,train,gold,MQ_MLM_GOLD_20140422_223624
"bucket3$717,:3,:6001",2014-04-22T23:02:34.299900,MQ,BAM,3000,,3000,100.0,ZNE,train,gold,MQ_BAM_GOLD_20140422_230304
"bucket3$718,:3,:6001",2014-04-22T23:02:32.929900,MQ,GBM,3000,,3000,100.0,ZNE,train,gold,MQ_GBM_GOLD_20140422_230302
"bucket9$468,:3,:6001",2014-04-22T23:02:33.660000,MQ,IA2,3000,,3000,100.0,ZNE,dev,gold,MQ_IA2_GOLD_20140422_230303
"bucket3$719,:3,:6001",2014-04-22T23:02:32.620000,MQ,LAM,3000,,3000,100.0,ZNE,train,gold,MQ_LAM_GOLD_20140422_230302
"bucket3$720,:3,:6001",2014-04-22T23:32:49.779900,MQ,BAM,3000,,3000,100.0,ZNE,train,gold,MQ_BAM_GOLD_20140422_233319
"bucket6$487,:3,:6001",2014-04-22T23:32:49.869900,MQ,GBM,3000,,3000,100.0,ZNE,test,gold,MQ_GBM_GOLD_20140422_233319
"bucket3$721,:3,:6001",2014-04-22T23:32:50.770000,MQ,IA2,3000,,3000,100.0,ZNE,train,gold,MQ_IA2_GOLD_20140422_233320
"bucket3$722,:3,:6001",2014-04-22T23:32:49.590000,MQ,LAM,3000,,3000,100.0,ZNE,train,gold,MQ_LAM_GOLD_20140422_233319
"bucket9$469,:3,:6001",2014-04-22T23:49:29.219900,MQ,BAM,3000,,3000,100.0,ZNE,dev,gold,MQ_BAM_GOLD_20140422_234959
"bucket3$723,:3,:6001",2014-04-22T23:49:28.569900,MQ,GBM,3000,,3000,100.0,ZNE,train,gold,MQ_GBM_GOLD_20140422_234958
"bucket3$724,:3,:6001",2014-04-22T23:49:29.370000,MQ,IA2,3000,,3000,100.0,ZNE,train,gold,MQ_IA2_GOLD_20140422_234959
"bucket3$725,:3,:6001",2014-04-22T23:49:28.220000,MQ,LAM,3000,,3000,100.0,ZNE,train,gold,MQ_LAM_GOLD_20140422_234958
"bucket3$726,:3,:6001",2014-04-23T01:50:32.369900,MQ,GBM,3000,,3000,100.0,ZNE,train,gold,MQ_GBM_GOLD_20140423_015102
"bucket9$470,:3,:6001",2014-04-23T01:50:33.120000,MQ,IA2,3000,3126.0,3000,100.0,ZNE,dev,gold,MQ_IA2_GOLD_20140423_015103
"bucket9$471,:3,:6001",2014-04-23T01:50:32.200000,MQ,LAM,3000,,3000,100.0,ZNE,dev,gold,MQ_LAM_GOLD_20140423_015102
"bucket9$472,:3,:6001",2014-04-23T01:50:30.250000,MQ,SAM,3000,3046.0,3000,100.0,ZNE,dev,gold,MQ_SAM_GOLD_20140423_015100
"bucket3$727,:3,:6001",2014-04-23T02:20:07.989900,MQ,BAM,3000,,3000,100.0,ZNE,train,gold,MQ_BAM_GOLD_20140423_022037
"bucket9$473,:3,:6001",2014-04-23T02:20:04.559900,MQ,CPM,3000,,3000,100.0,ZNE,dev,gold,MQ_CPM_GOLD_20140423_022034
"bucket3$728,:3,:6001",2014-04-23T02:20:13.360000,MQ,IA2,3000,,3000,100.0,ZNE,train,gold,MQ_IA2_GOLD_20140423_022043
"bucket3$729,:3,:6001",2014-04-23T02:20:11.250000,MQ,SAM,3000,,3000,100.0,ZNE,train,gold,MQ_SAM_GOLD_20140423_022041
"bucket9$474,:3,:6001",2014-04-23T07:04:39.609900,MQ,BAM,3000,,3000,100.0,ZNE,dev,gold,MQ_BAM_GOLD_20140423_070509
"bucket3$730,:3,:6001",2014-04-23T07:04:39.889900,MQ,CPM,3000,,3000,100.0,ZNE,train,gold,MQ_CPM_GOLD_20140423_070509
"bucket3$731,:3,:6001",2014-04-23T07:04:40.089900,MQ,GBM,3000,,3000,100.0,ZNE,train,gold,MQ_GBM_GOLD_20140423_070510
"bucket3$732,:3,:6001",2014-04-23T07:04:39.970000,MQ,IA2,3000,,3000,100.0,ZNE,train,gold,MQ_IA2_GOLD_20140423_070509
"bucket3$733,:3,:6001",2014-04-23T08:41:14.309900,MQ,BAM,3000,,3000,100.0,ZNE,train,gold,MQ_BAM_GOLD_20140423_084144
"bucket3$734,:3,:6001",2014-04-23T08:41:08.639900,MQ,GBM,3000,,3000,100.0,ZNE,train,gold,MQ_GBM_GOLD_20140423_084138
"bucket3$735,:3,:6001",2014-04-23T08:41:13.819900,MQ,MLM,3000,,3000,100.0,ZNE,train,gold,MQ_MLM_GOLD_20140423_084143
"bucket3$736,:3,:6001",2014-04-23T08:41:12.940000,MQ,SAM,3000,3142.0,3000,100.0,ZNE,train,gold,MQ_SAM_GOLD_20140423_084142
"bucket3$737,:3,:6001",2014-04-23T08:46:15.939900,MQ,BAM,3000,,3000,100.0,ZNE,train,gold,MQ_BAM_GOLD_20140423_084645
"bucket3$738,:3,:6001",2014-04-23T08:46:11.499900,MQ,CPM,3000,,3000,100.0,ZNE,train,gold,MQ_CPM_GOLD_20140423_084641
"bucket6$488,:3,:6001",2014-04-23T08:46:13.349900,MQ,GBM,3000,,3000,100.0,ZNE,test,gold,MQ_GBM_GOLD_20140423_084643
"bucket3$739,:3,:6001",2014-04-23T08:46:14.950000,MQ,SAM,3000,,3000,100.0,ZNE,train,gold,MQ_SAM_GOLD_20140423_084644
"bucket3$740,:3,:6001",2014-04-23T09:34:18.109900,MQ,BAM,3000,,3000,100.0,ZNE,train,gold,MQ_BAM_GOLD_20140423_093448
"bucket3$741,:3,:6001",2014-04-23T09:34:13.149900,MQ,CPM,3000,,3000,100.0,ZNE,train,gold,MQ_CPM_GOLD_20140423_093443
"bucket3$742,:3,:6001",2014-04-23T09:34:16.209900,MQ,GBM,3000,,3000,100.0,ZNE,train,gold,MQ_GBM_GOLD_20140423_093446
"bucket3$743,:3,:6001",2014-04-23T09:34:11.870000,MQ,SAM,3000,3220.0,3000,100.0,ZNE,train,gold,MQ_SAM_GOLD_20140423_093441
"bucket3$744,:3,:6001",2014-04-23T10:04:26.229900,MQ,BAM,3000,,3000,100.0,ZNE,train,gold,MQ_BAM_GOLD_20140423_100456
"bucket3$745,:3,:6001",2014-04-23T10:04:22.659900,MQ,GBM,3000,,3000,100.0,ZNE,train,gold,MQ_GBM_GOLD_20140423_100452
"bucket3$746,:3,:6001",2014-04-23T10:04:31.369900,MQ,MLM,3000,,3000,100.0,ZNE,train,gold,MQ_MLM_GOLD_20140423_100501
"bucket3$747,:3,:6001",2014-04-23T10:04:26.510000,MQ,SAM,3000,3189.0,3000,100.0,ZNE,train,gold,MQ_SAM_GOLD_20140423_100456
"bucket6$489,:3,:6001",2014-04-23T10:15:37.809900,MQ,BAM,3000,,3000,100.0,ZNE,test,gold,MQ_BAM_GOLD_20140423_101607
"bucket3$748,:3,:6001",2014-04-23T10:15:40.879900,MQ,GBM,3000,,3000,100.0,ZNE,train,gold,MQ_GBM_GOLD_20140423_101610
"bucket9$475,:3,:6001",2014-04-23T10:15:34.669900,MQ,MLM,3000,,3000,100.0,ZNE,dev,gold,MQ_MLM_GOLD_20140423_101604
"bucket3$749,:3,:6001",2014-04-23T10:15:40.510000,MQ,SAM,3000,3131.0,3000,100.0,ZNE,train,gold,MQ_SAM_GOLD_20140423_101610
"bucket9$476,:3,:6001",2014-04-23T10:17:38.149900,MQ,BAM,3000,,3000,100.0,ZNE,dev,gold,MQ_BAM_GOLD_20140423_101808
"bucket3$750,:3,:6001",2014-04-23T10:17:34.199900,MQ,GBM,3000,,3000,100.0,ZNE,train,gold,MQ_GBM_GOLD_20140423_101804
"bucket3$751,:3,:6001",2014-04-23T10:17:34.839900,MQ,MLM,3000,,3000,100.0,ZNE,train,gold,MQ_MLM_GOLD_20140423_101804
"bucket3$752,:3,:6001",2014-04-23T10:17:35,MQ,SAM,3000,3140.0,3000,100.0,ZNE,train,gold,MQ_SAM_GOLD_20140423_101805
"bucket6$490,:3,:6001",2014-04-23T10:36:06.139900,MQ,BAM,3000,,3000,100.0,ZNE,test,gold,MQ_BAM_GOLD_20140423_103636
"bucket6$491,:3,:6001",2014-04-23T10:36:12.939900,MQ,GBM,3000,,3000,100.0,ZNE,test,gold,MQ_GBM_GOLD_20140423_103642
"bucket3$753,:3,:6001",2014-04-23T10:36:05.199900,MQ,MLM,3000,,3000,100.0,ZNE,train,gold,MQ_MLM_GOLD_20140423_103635
"bucket3$754,:3,:6001",2014-04-23T10:36:10.440000,MQ,SAM,3000,3029.0,3000,100.0,ZNE,train,gold,MQ_SAM_GOLD_20140423_103640
"bucket6$492,:3,:6001",2014-04-23T11:04:36.509900,MQ,BAM,3000,,3000,100.0,ZNE,test,gold,MQ_BAM_GOLD_20140423_110506
"bucket3$755,:3,:6001",2014-04-23T11:04:26.959900,MQ,GBM,3000,,3000,100.0,ZNE,train,gold,MQ_GBM_GOLD_20140423_110456
"bucket9$477,:3,:6001",2014-04-23T11:04:29.429900,MQ,MLM,3000,,3000,100.0,ZNE,dev,gold,MQ_MLM_GOLD_20140423_110459
"bucket3$756,:3,:6001",2014-04-23T11:04:32.870000,MQ,SAM,3000,3217.0,3000,100.0,ZNE,train,gold,MQ_SAM_GOLD_20140423_110502
"bucket3$757,:3,:6001",2014-04-23T12:08:37.279900,MQ,BAM,3000,,3000,100.0,ZNE,train,gold,MQ_BAM_GOLD_20140423_120907
"bucket3$758,:3,:6001",2014-04-23T12:08:36.919900,MQ,GBM,3000,,3000,100.0,ZNE,train,gold,MQ_GBM_GOLD_20140423_120906
"bucket3$759,:3,:6001",2014-04-23T12:08:31.989900,MQ,MLM,3000,,3000,100.0,ZNE,train,gold,MQ_MLM_GOLD_20140423_120901
"bucket3$760,:3,:6001",2014-04-23T12:08:30.390000,MQ,SAM,3000,3153.0,3000,100.0,ZNE,train,gold,MQ_SAM_GOLD_20140423_120900
"bucket3$761,:3,:6001",2014-04-23T12:21:53.819900,MQ,BAM,3000,,3000,100.0,ZNE,train,gold,MQ_BAM_GOLD_20140423_122223
"bucket6$493,:3,:6001",2014-04-23T12:21:51.239900,MQ,GBM,3000,,3000,100.0,ZNE,test,gold,MQ_GBM_GOLD_20140423_122221
"bucket3$762,:3,:6001",2014-04-23T12:21:47.919900,MQ,MLM,3000,,3000,100.0,ZNE,train,gold,MQ_MLM_GOLD_20140423_122217
"bucket9$478,:3,:6001",2014-04-23T12:21:48.320000,MQ,SAM,3000,3184.0,3000,100.0,ZNE,dev,gold,MQ_SAM_GOLD_20140423_122218
"bucket3$763,:3,:6001",2014-04-23T13:38:56.039900,MQ,BAM,3000,,3000,100.0,ZNE,train,gold,MQ_BAM_GOLD_20140423_133926
"bucket3$764,:3,:6001",2014-04-23T13:38:58.069900,MQ,CPM,3000,,3000,100.0,ZNE,train,gold,MQ_CPM_GOLD_20140423_133928
"bucket3$765,:3,:6001",2014-04-23T13:38:55.359900,MQ,GBM,3000,,3000,100.0,ZNE,train,gold,MQ_GBM_GOLD_20140423_133925
"bucket6$494,:3,:6001",2014-04-23T13:38:50.919900,MQ,MLM,3000,,3000,100.0,ZNE,test,gold,MQ_MLM_GOLD_20140423_133920
"bucket3$766,:3,:6001",2014-04-23T15:33:43.469900,MQ,BAM,3000,,3000,100.0,ZNE,train,gold,MQ_BAM_GOLD_20140423_153413
"bucket9$479,:3,:6001",2014-04-23T15:33:43.599900,MQ,GBM,3000,,3000,100.0,ZNE,dev,gold,MQ_GBM_GOLD_20140423_153413
"bucket3$767,:3,:6001",2014-04-23T15:33:48.269900,MQ,MLM,3000,,3000,100.0,ZNE,train,gold,MQ_MLM_GOLD_20140423_153418
"bucket3$768,:3,:6001",2014-04-23T15:33:42.360000,MQ,SAM,3000,3164.0,3000,100.0,ZNE,train,gold,MQ_SAM_GOLD_20140423_153412
"bucket9$480,:3,:6001",2014-04-23T15:36:57.919900,MQ,BAM,3000,,3000,100.0,ZNE,dev,gold,MQ_BAM_GOLD_20140423_153727
"bucket3$769,:3,:6001",2014-04-23T15:36:57.970000,MQ,LAM,3000,3141.0,3000,100.0,ZNE,train,gold,MQ_LAM_GOLD_20140423_153727
"bucket3$770,:3,:6001",2014-04-23T15:37:00.499900,MQ,MLM,3000,,3000,100.0,ZNE,train,gold,MQ_MLM_GOLD_20140423_153730
"bucket3$771,:3,:6001",2014-04-23T15:37:00.410000,MQ,SAM,3000,,3000,100.0,ZNE,train,gold,MQ_SAM_GOLD_20140423_153730
"bucket3$772,:3,:6001",2014-04-23T15:37:22.859900,MQ,BAM,3000,,3000,100.0,ZNE,train,gold,MQ_BAM_GOLD_20140423_153752
"bucket3$773,:3,:6001",2014-04-23T15:37:13.620000,MQ,LAM,3000,3318.0,3000,100.0,ZNE,train,gold,MQ_LAM_GOLD_20140423_153743
"bucket3$774,:3,:6001",2014-04-23T15:37:17.909900,MQ,MLM,3000,,3000,100.0,ZNE,train,gold,MQ_MLM_GOLD_20140423_153747
"bucket3$775,:3,:6001",2014-04-23T15:37:15.170000,MQ,SAM,3000,3155.0,3000,100.0,ZNE,train,gold,MQ_SAM_GOLD_20140423_153745
"bucket6$495,:3,:6001",2014-04-23T15:46:28.079900,MQ,BAM,3000,,3000,100.0,ZNE,test,gold,MQ_BAM_GOLD_20140423_154658
"bucket3$776,:3,:6001",2014-04-23T15:46:27.589900,MQ,GBM,3000,,3000,100.0,ZNE,train,gold,MQ_GBM_GOLD_20140423_154657
"bucket3$777,:3,:6001",2014-04-23T15:46:28.510000,MQ,IA2,3000,3104.0,3000,100.0,ZNE,train,gold,MQ_IA2_GOLD_20140423_154658
"bucket3$778,:3,:6001",2014-04-23T15:46:25.299900,MQ,MLM,3000,,3000,100.0,ZNE,train,gold,MQ_MLM_GOLD_20140423_154655
"bucket3$779,:3,:6001",2014-04-23T15:46:30.340000,MQ,SAM,3000,3169.0,3000,100.0,ZNE,train,gold,MQ_SAM_GOLD_20140423_154700
"bucket3$780,:3,:6001",2014-04-23T15:51:16.489900,MQ,BAM,3000,,3000,100.0,ZNE,train,gold,MQ_BAM_GOLD_20140423_155146
"bucket9$481,:3,:6001",2014-04-23T15:51:17.539900,MQ,CPM,3000,,3000,100.0,ZNE,dev,gold,MQ_CPM_GOLD_20140423_155147
"bucket9$482,:3,:6001",2014-04-23T15:51:11.879900,MQ,GBM,3000,,3000,100.0,ZNE,dev,gold,MQ_GBM_GOLD_20140423_155141
"bucket3$781,:3,:6001",2014-04-23T15:51:10.690000,MQ,SAM,3000,,3000,100.0,ZNE,train,gold,MQ_SAM_GOLD_20140423_155140
"bucket3$782,:3,:6001",2014-04-23T16:00:43.799900,MQ,BAM,3000,,3000,100.0,ZNE,train,gold,MQ_BAM_GOLD_20140423_160113
"bucket3$783,:3,:6001",2014-04-23T16:00:46.799900,MQ,CPM,3000,,3000,100.0,ZNE,train,gold,MQ_CPM_GOLD_20140423_160116
"bucket9$483,:3,:6001",2014-04-23T16:00:42.319900,MQ,GBM,3000,,3000,100.0,ZNE,dev,gold,MQ_GBM_GOLD_20140423_160112
"bucket3$784,:3,:6001",2014-04-23T16:00:46.430000,MQ,SAM,3000,,3000,100.0,ZNE,train,gold,MQ_SAM_GOLD_20140423_160116
"bucket3$785,:3,:6001",2014-04-23T16:11:11.769900,MQ,BAM,3000,,3000,100.0,ZNE,train,gold,MQ_BAM_GOLD_20140423_161141
"bucket3$786,:3,:6001",2014-04-23T16:11:11.690000,MQ,IA2,3000,3105.0,3000,100.0,ZNE,train,gold,MQ_IA2_GOLD_20140423_161141
"bucket3$787,:3,:6001",2014-04-23T16:11:18.619900,MQ,MLM,3000,,3000,100.0,ZNE,train,gold,MQ_MLM_GOLD_20140423_161148
"bucket9$484,:3,:6001",2014-04-23T16:11:13.730000,MQ,SAM,3000,3178.0,3000,100.0,ZNE,dev,gold,MQ_SAM_GOLD_20140423_161143
"bucket3$788,:3,:6001",2014-04-23T17:27:52.779900,MQ,GBM,3000,,3000,100.0,ZNE,train,gold,MQ_GBM_GOLD_20140423_172822
"bucket3$789,:3,:6001",2014-04-23T17:27:47.490000,MQ,IA2,3000,,3000,100.0,ZNE,train,gold,MQ_IA2_GOLD_20140423_172817
"bucket3$790,:3,:6001",2014-04-23T17:27:49.050000,MQ,LAM,3000,3243.0,3000,100.0,ZNE,train,gold,MQ_LAM_GOLD_20140423_172819
"bucket9$485,:3,:6001",2014-04-23T17:27:49.590000,MQ,SAM,3000,3209.0,3000,100.0,ZNE,dev,gold,MQ_SAM_GOLD_20140423_172819
"bucket3$791,:3,:6001",2014-04-23T17:30:00.889900,MQ,BAM,3000,,3000,100.0,ZNE,train,gold,MQ_BAM_GOLD_20140423_173030
"bucket9$486,:3,:6001",2014-04-23T17:30:00.030000,MQ,IA2,3000,,3000,100.0,ZNE,dev,gold,MQ_IA2_GOLD_20140423_173030
"bucket3$792,:3,:6001",2014-04-23T17:30:04.919900,MQ,MLM,3000,,3000,100.0,ZNE,train,gold,MQ_MLM_GOLD_20140423_173034
"bucket9$487,:3,:6001",2014-04-23T17:30:01.090000,MQ,SAM,3000,3258.0,3000,100.0,ZNE,dev,gold,MQ_SAM_GOLD_20140423_173031
"bucket3$793,:3,:6001",2014-04-23T18:06:16.969900,MQ,BAM,3000,,3000,100.0,ZNE,train,gold,MQ_BAM_GOLD_20140423_180646
"bucket3$794,:3,:6001",2014-04-23T18:06:11.319900,MQ,CPM,3000,,3000,100.0,ZNE,train,gold,MQ_CPM_GOLD_20140423_180641
"bucket3$795,:3,:6001",2014-04-23T18:06:06.359900,MQ,GBM,3000,,3000,100.0,ZNE,train,gold,MQ_GBM_GOLD_20140423_180636
"bucket3$796,:3,:6001",2014-04-23T18:06:16.289900,MQ,MLM,3000,,3000,100.0,ZNE,train,gold,MQ_MLM_GOLD_20140423_180646
"bucket3$797,:3,:6001",2014-04-23T18:06:12.050000,MQ,SAM,3000,,3000,100.0,ZNE,train,gold,MQ_SAM_GOLD_20140423_180642
"bucket3$798,:3,:6001",2014-04-23T18:07:14.929900,MQ,CPM,3000,,3000,100.0,ZNE,train,gold,MQ_CPM_GOLD_20140423_180744
"bucket3$799,:3,:6001",2014-04-23T18:07:20.279900,MQ,GBM,3000,,3000,100.0,ZNE,train,gold,MQ_GBM_GOLD_20140423_180750
"bucket3$800,:3,:6001",2014-04-23T18:07:16.570000,MQ,IA2,3000,3124.0,3000,100.0,ZNE,train,gold,MQ_IA2_GOLD_20140423_180746
"bucket3$801,:3,:6001",2014-04-23T18:07:21.389900,MQ,MLM,3000,,3000,100.0,ZNE,train,gold,MQ_MLM_GOLD_20140423_180751
"bucket3$802,:3,:6001",2014-04-23T18:09:26.449900,MQ,CPM,3000,,3000,100.0,ZNE,train,gold,MQ_CPM_GOLD_20140423_180956
"bucket3$803,:3,:6001",2014-04-23T18:12:25.359900,MQ,CPM,3000,,3000,100.0,ZNE,train,gold,MQ_CPM_GOLD_20140423_181255
"bucket3$804,:3,:6001",2014-04-23T18:12:30.059900,MQ,GBM,3000,,3000,100.0,ZNE,train,gold,MQ_GBM_GOLD_20140423_181300
"bucket3$805,:3,:6001",2014-04-23T18:12:24.540000,MQ,IA2,3000,3139.0,3000,100.0,ZNE,train,gold,MQ_IA2_GOLD_20140423_181254
"bucket3$806,:3,:6001",2014-04-23T18:12:26.210000,MQ,SAM,3000,3162.0,3000,100.0,ZNE,train,gold,MQ_SAM_GOLD_20140423_181256
"bucket3$807,:3,:6001",2014-04-23T18:13:14.789900,MQ,BAM,3000,,3000,100.0,ZNE,train,gold,MQ_BAM_GOLD_20140423_181344
"bucket3$808,:3,:6001",2014-04-23T18:13:16.769900,MQ,CPM,3000,,3000,100.0,ZNE,train,gold,MQ_CPM_GOLD_20140423_181346
"bucket3$809,:3,:6001",2014-04-23T18:13:24.620000,MQ,IA2,3000,3154.0,3000,100.0,ZNE,train,gold,MQ_IA2_GOLD_20140423_181354
"bucket3$810,:3,:6001",2014-04-23T18:13:21.650000,MQ,SAM,3000,3190.0,3000,100.0,ZNE,train,gold,MQ_SAM_GOLD_20140423_181351
"bucket3$811,:3,:6001",2014-04-23T18:17:30.459900,MQ,BAM,3000,,3000,100.0,ZNE,train,gold,MQ_BAM_GOLD_20140423_181800
"bucket3$812,:3,:6001",2014-04-23T18:17:35.299900,MQ,CPM,3000,,3000,100.0,ZNE,train,gold,MQ_CPM_GOLD_20140423_181805
"bucket3$813,:3,:6001",2014-04-23T18:17:33.979900,MQ,GBM,3000,,3000,100.0,ZNE,train,gold,MQ_GBM_GOLD_20140423_181803
"bucket3$814,:3,:6001",2014-04-23T18:17:37.179900,MQ,MLM,3000,,3000,100.0,ZNE,train,gold,MQ_MLM_GOLD_20140423_181807
"bucket3$815,:3,:6001",2014-04-23T18:57:06.399900,MQ,BAM,3000,,3000,100.0,ZNE,train,gold,MQ_BAM_GOLD_20140423_185736
"bucket3$816,:3,:6001",2014-04-23T18:57:07.679900,MQ,GBM,3000,,3000,100.0,ZNE,train,gold,MQ_GBM_GOLD_20140423_185737
"bucket6$496,:3,:6001",2014-04-23T18:57:08.129900,MQ,MLM,3000,,3000,100.0,ZNE,test,gold,MQ_MLM_GOLD_20140423_185738
"bucket6$497,:3,:6001",2014-04-23T18:57:11.760000,MQ,SAM,3000,3140.0,3000,100.0,ZNE,test,gold,MQ_SAM_GOLD_20140423_185741
"bucket3$817,:3,:6001",2014-04-23T21:00:59.040000,MQ,IA2,3000,3084.0,3000,100.0,ZNE,train,gold,MQ_IA2_GOLD_20140423_210129
"bucket3$818,:3,:6001",2014-04-23T21:05:15.989900,MQ,BAM,3000,,3000,100.0,ZNE,train,gold,MQ_BAM_GOLD_20140423_210545
"bucket6$498,:3,:6001",2014-04-23T21:05:14.799900,MQ,GBM,3000,,3000,100.0,ZNE,test,gold,MQ_GBM_GOLD_20140423_210544
"bucket3$819,:3,:6001",2014-04-23T21:05:15.770000,MQ,IA2,3000,3184.0,3000,100.0,ZNE,train,gold,MQ_IA2_GOLD_20140423_210545
"bucket6$499,:3,:6001",2014-04-23T21:05:14.730000,MQ,LAM,3000,,3000,100.0,ZNE,test,gold,MQ_LAM_GOLD_20140423_210544
"bucket3$820,:3,:6001",2014-04-24T00:55:40.779900,MQ,CPM,3000,,3000,100.0,ZNE,train,gold,MQ_CPM_GOLD_20140424_005610
"bucket3$821,:3,:6001",2014-04-24T00:55:36.730000,MQ,SAM,3000,3247.0,3000,100.0,ZNE,train,gold,MQ_SAM_GOLD_20140424_005606
"bucket3$822,:3,:6001",2014-04-24T02:05:52.400000,MQ,SAM,3000,3179.0,3000,100.0,ZNE,train,gold,MQ_SAM_GOLD_20140424_020622
"bucket3$823,:3,:6001",2014-04-24T07:34:56.769900,MQ,BAM,3000,,3000,100.0,ZNE,train,gold,MQ_BAM_GOLD_20140424_073526
"bucket3$824,:3,:6001",2014-04-24T07:34:53.299900,MQ,CPM,3000,,3000,100.0,ZNE,train,gold,MQ_CPM_GOLD_20140424_073523
"bucket9$488,:3,:6001",2014-04-24T07:34:52.809900,MQ,GBM,3000,,3000,100.0,ZNE,dev,gold,MQ_GBM_GOLD_20140424_073522
"bucket3$825,:3,:6001",2014-04-24T07:34:52.090000,MQ,IA2,3000,3196.0,3000,100.0,ZNE,train,gold,MQ_IA2_GOLD_20140424_073522
"bucket3$826,:3,:6001",2014-04-24T08:07:52.409900,MQ,BAM,3000,,3000,100.0,ZNE,train,gold,MQ_BAM_GOLD_20140424_080822
"bucket3$827,:3,:6001",2014-04-24T08:07:54.809900,MQ,GBM,3000,,3000,100.0,ZNE,train,gold,MQ_GBM_GOLD_20140424_080824
"bucket3$828,:3,:6001",2014-04-24T08:07:55.359900,MQ,MLM,3000,,3000,100.0,ZNE,train,gold,MQ_MLM_GOLD_20140424_080825
"bucket3$829,:3,:6001",2014-04-24T08:07:55.250000,MQ,SAM,3000,,3000,100.0,ZNE,train,gold,MQ_SAM_GOLD_20140424_080825
"bucket3$830,:3,:6001",2014-04-24T08:44:01.489900,MQ,BAM,3000,,3000,100.0,ZNE,train,gold,MQ_BAM_GOLD_20140424_084431
"bucket3$831,:3,:6001",2014-04-24T08:43:57.299900,MQ,CPM,3000,,3000,100.0,ZNE,train,gold,MQ_CPM_GOLD_20140424_084427
"bucket3$832,:3,:6001",2014-04-24T08:44:00.179900,MQ,GBM,3000,,3000,100.0,ZNE,train,gold,MQ_GBM_GOLD_20140424_084430
"bucket3$833,:3,:6001",2014-04-24T08:43:55.699900,MQ,MLM,3000,,3000,100.0,ZNE,train,gold,MQ_MLM_GOLD_20140424_084425
"bucket3$834,:3,:6001",2014-04-24T08:44:04.340000,MQ,SAM,3000,3096.0,3000,100.0,ZNE,train,gold,MQ_SAM_GOLD_20140424_084434
"bucket3$835,:3,:6001",2014-04-24T09:14:00.099900,MQ,BAM,3000,,3000,100.0,ZNE,train,gold,MQ_BAM_GOLD_20140424_091430
"bucket3$836,:3,:6001",2014-04-24T09:13:59.329900,MQ,CPM,3000,,3000,100.0,ZNE,train,gold,MQ_CPM_GOLD_20140424_091429
"bucket3$837,:3,:6001",2014-04-24T09:13:59.460000,MQ,IA2,3000,3236.0,3000,100.0,ZNE,train,gold,MQ_IA2_GOLD_20140424_091429
"bucket3$838,:3,:6001",2014-04-24T09:13:59.850000,MQ,LAM,3000,,3000,100.0,ZNE,train,gold,MQ_LAM_GOLD_20140424_091429
"bucket3$839,:3,:6001",2014-04-24T09:13:59.250000,MQ,SAM,3000,3186.0,3000,100.0,ZNE,train,gold,MQ_SAM_GOLD_20140424_091429
"bucket3$840,:3,:6001",2014-04-24T09:23:55.409900,MQ,BAM,3000,,3000,100.0,ZNE,train,gold,MQ_BAM_GOLD_20140424_092425
"bucket9$489,:3,:6001",2014-04-24T09:23:55.029900,MQ,GBM,3000,,3000,100.0,ZNE,dev,gold,MQ_GBM_GOLD_20140424_092425
"bucket6$500,:3,:6001",2014-04-24T09:24:02.059900,MQ,MLM,3000,,3000,100.0,ZNE,test,gold,MQ_MLM_GOLD_20140424_092432
"bucket3$841,:3,:6001",2014-04-24T09:23:58.190000,MQ,SAM,3000,3135.0,3000,100.0,ZNE,train,gold,MQ_SAM_GOLD_20140424_092428
"bucket3$842,:3,:6001",2014-04-24T11:04:35.039900,MQ,BAM,3000,,3000,100.0,ZNE,train,gold,MQ_BAM_GOLD_20140424_110505
"bucket3$843,:3,:6001",2014-04-24T11:04:35.499900,MQ,GBM,3000,,3000,100.0,ZNE,train,gold,MQ_GBM_GOLD_20140424_110505
"bucket3$844,:3,:6001",2014-04-24T11:04:30.879900,MQ,MLM,3000,,3000,100.0,ZNE,train,gold,MQ_MLM_GOLD_20140424_110500
"bucket3$845,:3,:6001",2014-04-24T11:04:29.390000,MQ,SAM,3000,3125.0,3000,100.0,ZNE,train,gold,MQ_SAM_GOLD_20140424_110459
"bucket9$490,:3,:6001",2014-04-24T12:05:45.129900,MQ,BAM,3000,,3000,100.0,ZNE,dev,gold,MQ_BAM_GOLD_20140424_120615
"bucket3$846,:3,:6001",2014-04-24T12:05:43.090000,MQ,LAM,3000,3066.0,3000,100.0,ZNE,train,gold,MQ_LAM_GOLD_20140424_120613
"bucket3$847,:3,:6001",2014-04-24T12:05:39.719900,MQ,MLM,3000,,3000,100.0,ZNE,train,gold,MQ_MLM_GOLD_20140424_120609
"bucket3$848,:3,:6001",2014-04-24T12:05:38.380000,MQ,SAM,3000,3486.0,3000,100.0,ZNE,train,gold,MQ_SAM_GOLD_20140424_120608
"bucket3$849,:3,:6001",2014-04-24T12:08:36.729900,MQ,BAM,3000,,3000,100.0,ZNE,train,gold,MQ_BAM_GOLD_20140424_120906
"bucket3$850,:3,:6001",2014-04-24T12:08:34.589900,MQ,CPM,3000,,3000,100.0,ZNE,train,gold,MQ_CPM_GOLD_20140424_120904
"bucket3$851,:3,:6001",2014-04-24T12:08:31.869900,MQ,GBM,3000,,3000,100.0,ZNE,train,gold,MQ_GBM_GOLD_20140424_120901
"bucket3$852,:3,:6001",2014-04-24T12:08:34.549900,MQ,MLM,3000,,3000,100.0,ZNE,train,gold,MQ_MLM_GOLD_20140424_120904
"bucket3$853,:3,:6001",2014-04-24T12:15:32.869900,MQ,BAM,3000,,3000,100.0,ZNE,train,gold,MQ_BAM_GOLD_20140424_121602
"bucket3$854,:3,:6001",2014-04-24T12:15:34.759900,MQ,CPM,3000,,3000,100.0,ZNE,train,gold,MQ_CPM_GOLD_20140424_121604
"bucket3$855,:3,:6001",2014-04-24T12:15:30.749900,MQ,MLM,3000,,3000,100.0,ZNE,train,gold,MQ_MLM_GOLD_20140424_121600
"bucket3$856,:3,:6001",2014-04-24T12:15:39.750000,MQ,SAM,3000,3168.0,3000,100.0,ZNE,train,gold,MQ_SAM_GOLD_20140424_121609
"bucket3$857,:3,:6001",2014-04-24T12:32:24.829900,MQ,BAM,3000,,3000,100.0,ZNE,train,gold,MQ_BAM_GOLD_20140424_123254
"bucket3$858,:3,:6001",2014-04-24T12:32:23.059900,MQ,CPM,3000,,3000,100.0,ZNE,train,gold,MQ_CPM_GOLD_20140424_123253
"bucket3$859,:3,:6001",2014-04-24T12:32:23.949900,MQ,GBM,3000,,3000,100.0,ZNE,train,gold,MQ_GBM_GOLD_20140424_123253
"bucket9$491,:3,:6001",2014-04-24T12:32:28.739900,MQ,MLM,3000,,3000,100.0,ZNE,dev,gold,MQ_MLM_GOLD_20140424_123258
"bucket6$501,:3,:6001",2014-04-24T12:55:59.639900,MQ,BAM,3000,,3000,100.0,ZNE,test,gold,MQ_BAM_GOLD_20140424_125629
"bucket3$860,:3,:6001",2014-04-24T12:55:59.599900,MQ,GBM,3000,,3000,100.0,ZNE,train,gold,MQ_GBM_GOLD_20140424_125629
"bucket9$492,:3,:6001",2014-04-24T12:55:51.239900,MQ,MLM,3000,,3000,100.0,ZNE,dev,gold,MQ_MLM_GOLD_20140424_125621
"bucket3$861,:3,:6001",2014-04-24T12:55:56.210000,MQ,SAM,3000,3187.0,3000,100.0,ZNE,train,gold,MQ_SAM_GOLD_20140424_125626
"bucket3$862,:3,:6001",2014-04-24T13:01:21.259900,MQ,BAM,3000,,3000,100.0,ZNE,train,gold,MQ_BAM_GOLD_20140424_130151
"bucket3$863,:3,:6001",2014-04-24T13:01:24.259900,MQ,CPM,3000,,3000,100.0,ZNE,train,gold,MQ_CPM_GOLD_20140424_130154
"bucket3$864,:3,:6001",2014-04-24T13:01:22.619900,MQ,GBM,3000,,3000,100.0,ZNE,train,gold,MQ_GBM_GOLD_20140424_130152
"bucket3$865,:3,:6001",2014-04-24T13:01:28.269900,MQ,MLM,3000,,3000,100.0,ZNE,train,gold,MQ_MLM_GOLD_20140424_130158
"bucket9$493,:3,:6001",2014-04-24T13:01:30.940000,MQ,SAM,3000,3199.0,3000,100.0,ZNE,dev,gold,MQ_SAM_GOLD_20140424_130200
"bucket3$866,:3,:6001",2014-04-24T14:04:01.539900,MQ,BAM,3000,,3000,100.0,ZNE,train,gold,MQ_BAM_GOLD_20140424_140431
"bucket6$502,:3,:6001",2014-04-24T14:04:05.249900,MQ,GBM,3000,,3000,100.0,ZNE,test,gold,MQ_GBM_GOLD_20140424_140435
"bucket3$867,:3,:6001",2014-04-24T14:04:04.189900,MQ,MLM,3000,,3000,100.0,ZNE,train,gold,MQ_MLM_GOLD_20140424_140434
"bucket3$868,:3,:6001",2014-04-24T14:04:03.400000,MQ,SAM,3000,3033.0,3000,100.0,ZNE,train,gold,MQ_SAM_GOLD_20140424_140433
"bucket3$869,:3,:6001",2014-04-24T14:45:43.509900,MQ,BAM,3000,,3000,100.0,ZNE,train,gold,MQ_BAM_GOLD_20140424_144613
"bucket9$494,:3,:6001",2014-04-24T14:45:41.959900,MQ,GBM,3000,,3000,100.0,ZNE,dev,gold,MQ_GBM_GOLD_20140424_144611
"bucket3$870,:3,:6001",2014-04-24T14:45:49.069900,MQ,MLM,3000,,3000,100.0,ZNE,train,gold,MQ_MLM_GOLD_20140424_144619
"bucket3$871,:3,:6001",2014-04-24T14:45:42.990000,MQ,SAM,3000,3177.0,3000,100.0,ZNE,train,gold,MQ_SAM_GOLD_20140424_144612
"bucket6$503,:3,:6001",2014-04-24T14:49:55.919900,MQ,BAM,3000,,3000,100.0,ZNE,test,gold,MQ_BAM_GOLD_20140424_145025
"bucket3$872,:3,:6001",2014-04-24T14:49:56.409900,MQ,CPM,3000,,3000,100.0,ZNE,train,gold,MQ_CPM_GOLD_20140424_145026
"bucket3$873,:3,:6001",2014-04-24T14:49:57.819900,MQ,GBM,3000,,3000,100.0,ZNE,train,gold,MQ_GBM_GOLD_20140424_145027
"bucket3$874,:3,:6001",2014-04-24T14:50:01.249900,MQ,MLM,3000,,3000,100.0,ZNE,train,gold,MQ_MLM_GOLD_20140424_145031
"bucket3$875,:3,:6001",2014-04-24T14:50:01.680000,MQ,SAM,3000,,3000,100.0,ZNE,train,gold,MQ_SAM_GOLD_20140424_145031
"bucket3$876,:3,:6001",2014-04-24T15:17:31.469900,MQ,BAM,3000,,3000,100.0,ZNE,train,gold,MQ_BAM_GOLD_20140424_151801
"bucket3$877,:3,:6001",2014-04-24T15:17:29.659900,MQ,GBM,3000,,3000,100.0,ZNE,train,gold,MQ_GBM_GOLD_20140424_151759
"bucket6$504,:3,:6001",2014-04-24T15:17:30.069900,MQ,MLM,3000,,3000,100.0,ZNE,test,gold,MQ_MLM_GOLD_20140424_151800
"bucket3$878,:3,:6001",2014-04-24T15:17:34.380000,MQ,SAM,3000,3065.0,3000,100.0,ZNE,train,gold,MQ_SAM_GOLD_20140424_151804
"bucket3$879,:3,:6001",2014-04-24T16:31:54.659900,MQ,BAM,3000,,3000,100.0,ZNE,train,gold,MQ_BAM_GOLD_20140424_163224
"bucket3$880,:3,:6001",2014-04-24T16:31:54.659900,MQ,CPM,3000,,3000,100.0,ZNE,train,gold,MQ_CPM_GOLD_20140424_163224
"bucket3$881,:3,:6001",2014-04-24T16:31:57.439900,MQ,GBM,3000,,3000,100.0,ZNE,train,gold,MQ_GBM_GOLD_20140424_163227
"bucket3$882,:3,:6001",2014-04-24T16:31:54.660000,MQ,IA2,3000,3378.0,3000,100.0,ZNE,train,gold,MQ_IA2_GOLD_20140424_163224
"bucket3$883,:3,:6001",2014-04-24T16:32:02.359900,MQ,MLM,3000,,3000,100.0,ZNE,train,gold,MQ_MLM_GOLD_20140424_163232
"bucket3$884,:3,:6001",2014-04-24T17:00:02.669900,MQ,BAM,3000,,3000,100.0,ZNE,train,gold,MQ_BAM_GOLD_20140424_170032
"bucket3$885,:3,:6001",2014-04-24T17:00:06.490000,MQ,IA2,3000,3207.0,3000,100.0,ZNE,train,gold,MQ_IA2_GOLD_20140424_170036
"bucket3$886,:3,:6001",2014-04-24T17:00:04.049900,MQ,MLM,3000,,3000,100.0,ZNE,train,gold,MQ_MLM_GOLD_20140424_170034
"bucket6$505,:3,:6001",2014-04-24T17:00:11.890000,MQ,SAM,3000,,3000,100.0,ZNE,test,gold,MQ_SAM_GOLD_20140424_170041
"bucket3$887,:3,:6001",2014-04-24T17:25:43.909900,MQ,BAM,3000,,3000,100.0,ZNE,train,gold,MQ_BAM_GOLD_20140424_172613
"bucket9$495,:3,:6001",2014-04-24T17:25:39.619900,MQ,CPM,3000,,3000,100.0,ZNE,dev,gold,MQ_CPM_GOLD_20140424_172609
"bucket3$888,:3,:6001",2014-04-24T17:25:43.129900,MQ,GBM,3000,,3000,100.0,ZNE,train,gold,MQ_GBM_GOLD_20140424_172613
"bucket3$889,:3,:6001",2014-04-24T17:25:41.640000,MQ,IA2,3000,3041.0,3000,100.0,ZNE,train,gold,MQ_IA2_GOLD_20140424_172611
"bucket3$890,:3,:6001",2014-04-24T19:25:57.919900,MQ,BAM,3000,,3000,100.0,ZNE,train,gold,MQ_BAM_GOLD_20140424_192627
"bucket3$891,:3,:6001",2014-04-24T19:26:04.769900,MQ,CPM,3000,,3000,100.0,ZNE,train,gold,MQ_CPM_GOLD_20140424_192634
"bucket9$496,:3,:6001",2014-04-24T19:26:04.799900,MQ,GBM,3000,,3000,100.0,ZNE,dev,gold,MQ_GBM_GOLD_20140424_192634
"bucket3$892,:3,:6001",2014-04-24T19:26:00.370000,MQ,SAM,3000,3102.0,3000,100.0,ZNE,train,gold,MQ_SAM_GOLD_20140424_192630
"bucket3$893,:3,:6001",2014-04-25T03:36:23.319900,MQ,BAM,3000,,3000,100.0,ZNE,train,gold,MQ_BAM_GOLD_20140425_033653
"bucket3$894,:3,:6001",2014-04-25T03:36:23.109900,MQ,CPM,3000,,3000,100.0,ZNE,train,gold,MQ_CPM_GOLD_20140425_033653
"bucket3$895,:3,:6001",2014-04-25T03:36:23.269900,MQ,GBM,3000,,3000,100.0,ZNE,train,gold,MQ_GBM_GOLD_20140425_033653
"bucket3$896,:3,:6001",2014-04-25T03:36:23.470000,MQ,IA2,3000,,3000,100.0,ZNE,train,gold,MQ_IA2_GOLD_20140425_033653
"bucket9$497,:3,:6001",2014-04-25T03:36:23.500000,MQ,LAM,3000,3014.0,3000,100.0,ZNE,dev,gold,MQ_LAM_GOLD_20140425_033653
"bucket3$897,:3,:6001",2014-04-25T03:36:23.109900,MQ,MLM,3000,,3000,100.0,ZNE,train,gold,MQ_MLM_GOLD_20140425_033653
"bucket6$506,:3,:6001",2014-04-25T03:36:23.440000,MQ,SAM,3000,3020.0,3000,100.0,ZNE,test,gold,MQ_SAM_GOLD_20140425_033653
"bucket6$507,:3,:6001",2014-04-25T08:53:59.329900,MQ,BAM,3000,,3000,100.0,ZNE,test,gold,MQ_BAM_GOLD_20140425_085429
"bucket3$898,:3,:6001",2014-04-25T08:53:58.329900,MQ,GBM,3000,,3000,100.0,ZNE,train,gold,MQ_GBM_GOLD_20140425_085428
"bucket3$899,:3,:6001",2014-04-25T08:54:01.399900,MQ,MLM,3000,,3000,100.0,ZNE,train,gold,MQ_MLM_GOLD_20140425_085431
"bucket3$900,:3,:6001",2014-04-25T08:53:57.220000,MQ,SAM,3000,,3000,100.0,ZNE,train,gold,MQ_SAM_GOLD_20140425_085427
"bucket9$498,:3,:6001",2014-04-25T08:58:12.959900,MQ,BAM,3000,,3000,100.0,ZNE,dev,gold,MQ_BAM_GOLD_20140425_085842
"bucket3$901,:3,:6001",2014-04-25T08:58:09.679900,MQ,CPM,3000,,3000,100.0,ZNE,train,gold,MQ_CPM_GOLD_20140425_085839
"bucket3$902,:3,:6001",2014-04-25T08:58:09.040000,MQ,IA2,3000,,3000,100.0,ZNE,train,gold,MQ_IA2_GOLD_20140425_085839
"bucket3$903,:3,:6001",2014-04-25T08:58:15.229900,MQ,MLM,3000,,3000,100.0,ZNE,train,gold,MQ_MLM_GOLD_20140425_085845
"bucket3$904,:3,:6001",2014-04-25T09:00:38.539900,MQ,BAM,3000,,3000,100.0,ZNE,train,gold,MQ_BAM_GOLD_20140425_090108
"bucket3$905,:3,:6001",2014-04-25T09:00:37.159900,MQ,CPM,3000,,3000,100.0,ZNE,train,gold,MQ_CPM_GOLD_20140425_090107
"bucket3$906,:3,:6001",2014-04-25T09:00:39.479900,MQ,MLM,3000,,3000,100.0,ZNE,train,gold,MQ_MLM_GOLD_20140425_090109
"bucket9$499,:3,:6001",2014-04-25T09:00:35.810000,MQ,SAM,3000,3428.0,3000,100.0,ZNE,dev,gold,MQ_SAM_GOLD_20140425_090105
"bucket3$907,:3,:6001",2014-04-25T09:02:12.669900,MQ,BAM,3000,,3000,100.0,ZNE,train,gold,MQ_BAM_GOLD_20140425_090242
"bucket6$508,:3,:6001",2014-04-25T09:02:16.739900,MQ,GBM,3000,,3000,100.0,ZNE,test,gold,MQ_GBM_GOLD_20140425_090246
"bucket9$500,:3,:6001",2014-04-25T09:02:10.130000,MQ,IA2,3000,3292.0,3000,100.0,ZNE,dev,gold,MQ_IA2_GOLD_20140425_090240
"bucket3$908,:3,:6001",2014-04-25T09:02:10.099900,MQ,MLM,3000,,3000,100.0,ZNE,train,gold,MQ_MLM_GOLD_20140425_090240
"bucket3$909,:3,:6001",2014-04-25T09:02:18.790000,MQ,SAM,3000,3127.0,3000,100.0,ZNE,train,gold,MQ_SAM_GOLD_20140425_090248
"bucket3$910,:3,:6001",2014-04-25T09:05:55.679900,MQ,GBM,3000,,3000,100.0,ZNE,train,gold,MQ_GBM_GOLD_20140425_090625
"bucket3$911,:3,:6001",2014-04-25T09:05:56.620000,MQ,IA2,3000,3231.0,3000,100.0,ZNE,train,gold,MQ_IA2_GOLD_20140425_090626
"bucket3$912,:3,:6001",2014-04-25T09:05:55.230000,MQ,LAM,3000,,3000,100.0,ZNE,train,gold,MQ_LAM_GOLD_20140425_090625
"bucket3$913,:3,:6001",2014-04-25T09:05:58.500000,MQ,SAM,3000,,3000,100.0,ZNE,train,gold,MQ_SAM_GOLD_20140425_090628
"bucket3$914,:3,:6001",2014-04-25T09:08:55.769900,MQ,BAM,3000,,3000,100.0,ZNE,train,gold,MQ_BAM_GOLD_20140425_090925
"bucket3$915,:3,:6001",2014-04-25T09:08:54.899900,MQ,GBM,3000,,3000,100.0,ZNE,train,gold,MQ_GBM_GOLD_20140425_090924
"bucket3$916,:3,:6001",2014-04-25T09:08:56.100000,MQ,IA2,3000,,3000,100.0,ZNE,train,gold,MQ_IA2_GOLD_20140425_090926
"bucket3$917,:3,:6001",2014-04-25T09:08:51.950000,MQ,SAM,3000,3003.0,3000,100.0,ZNE,train,gold,MQ_SAM_GOLD_20140425_090921
"bucket3$918,:3,:6001",2014-04-25T09:20:10.139900,MQ,BAM,3000,,3000,100.0,ZNE,train,gold,MQ_BAM_GOLD_20140425_092040
"bucket3$919,:3,:6001",2014-04-25T09:20:07.399900,MQ,CPM,3000,,3000,100.0,ZNE,train,gold,MQ_CPM_GOLD_20140425_092037
"bucket3$920,:3,:6001",2014-04-25T09:20:08.849900,MQ,MLM,3000,,3000,100.0,ZNE,train,gold,MQ_MLM_GOLD_20140425_092038
"bucket3$921,:3,:6001",2014-04-25T09:20:12.110000,MQ,SAM,3000,,3000,100.0,ZNE,train,gold,MQ_SAM_GOLD_20140425_092042
"bucket6$509,:3,:6001",2014-04-25T09:59:13.259900,MQ,BAM,3000,,3000,100.0,ZNE,test,gold,MQ_BAM_GOLD_20140425_095943
"bucket3$922,:3,:6001",2014-04-25T09:59:17.409900,MQ,CPM,3000,,3000,100.0,ZNE,train,gold,MQ_CPM_GOLD_20140425_095947
"bucket3$923,:3,:6001",2014-04-25T09:59:11.609900,MQ,MLM,3000,,3000,100.0,ZNE,train,gold,MQ_MLM_GOLD_20140425_095941
"bucket6$510,:3,:6001",2014-04-25T09:59:10.820000,MQ,SAM,3000,3142.0,3000,100.0,ZNE,test,gold,MQ_SAM_GOLD_20140425_095940
"bucket3$924,:3,:6001",2014-04-25T10:11:57.769900,MQ,BAM,3000,,3000,100.0,ZNE,train,gold,MQ_BAM_GOLD_20140425_101227
"bucket3$925,:3,:6001",2014-04-25T10:11:56.109900,MQ,CPM,3000,,3000,100.0,ZNE,train,gold,MQ_CPM_GOLD_20140425_101226
"bucket3$926,:3,:6001",2014-04-25T10:11:52.559900,MQ,MLM,3000,,3000,100.0,ZNE,train,gold,MQ_MLM_GOLD_20140425_101222
"bucket3$927,:3,:6001",2014-04-25T10:11:55.810000,MQ,SAM,3000,3303.0,3000,100.0,ZNE,train,gold,MQ_SAM_GOLD_20140425_101225
"bucket3$928,:3,:6001",2014-04-25T10:32:01.759900,MQ,BAM,3000,,3000,100.0,ZNE,train,gold,MQ_BAM_GOLD_20140425_103231
"bucket9$501,:3,:6001",2014-04-25T10:32:04.339900,MQ,CPM,3000,,3000,100.0,ZNE,dev,gold,MQ_CPM_GOLD_20140425_103234
"bucket3$929,:3,:6001",2014-04-25T10:32:03.289900,MQ,GBM,3000,,3000,100.0,ZNE,train,gold,MQ_GBM_GOLD_20140425_103233
"bucket9$502,:3,:6001",2014-04-25T10:32:03.519900,MQ,MLM,3000,,3000,100.0,ZNE,dev,gold,MQ_MLM_GOLD_20140425_103233
"bucket6$511,:3,:6001",2014-04-25T11:12:22.899900,MQ,BAM,3000,,3000,100.0,ZNE,test,gold,MQ_BAM_GOLD_20140425_111252
"bucket3$930,:3,:6001",2014-04-25T11:12:29.610000,MQ,IA2,3000,,3000,100.0,ZNE,train,gold,MQ_IA2_GOLD_20140425_111259
"bucket3$931,:3,:6001",2014-04-25T11:12:26.889900,MQ,MLM,3000,,3000,100.0,ZNE,train,gold,MQ_MLM_GOLD_20140425_111256
"bucket3$932,:3,:6001",2014-04-25T11:12:24.660000,MQ,SAM,3000,3173.0,3000,100.0,ZNE,train,gold,MQ_SAM_GOLD_20140425_111254
"bucket3$933,:3,:6001",2014-04-25T11:23:01.539900,MQ,BAM,3000,,3000,100.0,ZNE,train,gold,MQ_BAM_GOLD_20140425_112331
"bucket3$934,:3,:6001",2014-04-25T11:23:00.009900,MQ,CPM,3000,,3000,100.0,ZNE,train,gold,MQ_CPM_GOLD_20140425_112330
"bucket3$935,:3,:6001",2014-04-25T11:23:02.569900,MQ,GBM,3000,,3000,100.0,ZNE,train,gold,MQ_GBM_GOLD_20140425_112332
"bucket3$936,:3,:6001",2014-04-25T11:23:00.449900,MQ,MLM,3000,,3000,100.0,ZNE,train,gold,MQ_MLM_GOLD_20140425_112330
"bucket3$937,:3,:6001",2014-04-25T11:29:07.529900,MQ,BAM,3000,,3000,100.0,ZNE,train,gold,MQ_BAM_GOLD_20140425_112937
"bucket9$503,:3,:6001",2014-04-25T11:29:08.609900,MQ,GBM,3000,,3000,100.0,ZNE,dev,gold,MQ_GBM_GOLD_20140425_112938
"bucket3$938,:3,:6001",2014-04-25T11:29:02.620000,MQ,IA2,3000,3162.0,3000,100.0,ZNE,train,gold,MQ_IA2_GOLD_20140425_112932
"bucket3$939,:3,:6001",2014-04-25T11:29:08.060000,MQ,SAM,3000,3170.0,3000,100.0,ZNE,train,gold,MQ_SAM_GOLD_20140425_112938
"bucket3$940,:3,:6001",2014-04-25T11:34:06.129900,MQ,BAM,3000,,3000,100.0,ZNE,train,gold,MQ_BAM_GOLD_20140425_113436
"bucket9$504,:3,:6001",2014-04-25T11:34:07.449900,MQ,CPM,3000,,3000,100.0,ZNE,dev,gold,MQ_CPM_GOLD_20140425_113437
"bucket3$941,:3,:6001",2014-04-25T11:34:06.799900,MQ,GBM,3000,,3000,100.0,ZNE,train,gold,MQ_GBM_GOLD_20140425_113436
"bucket3$942,:3,:6001",2014-04-25T11:34:07.180000,MQ,IA2,3000,3153.0,3000,100.0,ZNE,train,gold,MQ_IA2_GOLD_20140425_113437
"bucket3$943,:3,:6001",2014-04-25T11:34:06.650000,MQ,LAM,3000,3284.0,3000,100.0,ZNE,train,gold,MQ_LAM_GOLD_20140425_113436
"bucket3$944,:3,:6001",2014-04-25T11:34:08.249900,MQ,MLM,3000,,3000,100.0,ZNE,train,gold,MQ_MLM_GOLD_20140425_113438
"bucket3$945,:3,:6001",2014-04-25T11:34:08.090000,MQ,SAM,3000,3157.0,3000,100.0,ZNE,train,gold,MQ_SAM_GOLD_20140425_113438
"bucket3$946,:3,:6001",2014-04-25T11:38:33.029900,MQ,BAM,3000,,3000,100.0,ZNE,train,gold,MQ_BAM_GOLD_20140425_113903
"bucket3$947,:3,:6001",2014-04-25T11:38:30.289900,MQ,CPM,3000,,3000,100.0,ZNE,train,gold,MQ_CPM_GOLD_20140425_113900
"bucket3$948,:3,:6001",2014-04-25T11:38:29.649900,MQ,GBM,3000,,3000,100.0,ZNE,train,gold,MQ_GBM_GOLD_20140425_113859
"bucket3$949,:3,:6001",2014-04-25T11:38:35.809900,MQ,MLM,3000,,3000,100.0,ZNE,train,gold,MQ_MLM_GOLD_20140425_113905
"bucket3$950,:3,:6001",2014-04-25T11:38:29.010000,MQ,SAM,3000,,3000,100.0,ZNE,train,gold,MQ_SAM_GOLD_20140425_113859
"bucket3$951,:3,:6001",2014-04-25T12:09:30.229900,MQ,BAM,3000,,3000,100.0,ZNE,train,gold,MQ_BAM_GOLD_20140425_121000
"bucket3$952,:3,:6001",2014-04-25T12:09:32.299900,MQ,CPM,3000,,3000,100.0,ZNE,train,gold,MQ_CPM_GOLD_20140425_121002
"bucket3$953,:3,:6001",2014-04-25T12:09:30.469900,MQ,GBM,3000,,3000,100.0,ZNE,train,gold,MQ_GBM_GOLD_20140425_121000
"bucket6$512,:3,:6001",2014-04-25T12:09:26.929900,MQ,MLM,3000,,3000,100.0,ZNE,test,gold,MQ_MLM_GOLD_20140425_120956
"bucket3$954,:3,:6001",2014-04-25T12:09:23.820000,MQ,SAM,3000,2833.0,3000,100.0,ZNE,train,gold,MQ_SAM_GOLD_20140425_120953
"bucket3$955,:3,:6001",2014-04-25T12:20:36.599900,MQ,BAM,3000,,3000,100.0,ZNE,train,gold,MQ_BAM_GOLD_20140425_122106
"bucket3$956,:3,:6001",2014-04-25T12:20:31.589900,MQ,CPM,3000,,3000,100.0,ZNE,train,gold,MQ_CPM_GOLD_20140425_122101
"bucket3$957,:3,:6001",2014-04-25T12:20:27.619900,MQ,MLM,3000,,3000,100.0,ZNE,train,gold,MQ_MLM_GOLD_20140425_122057
"bucket9$505,:3,:6001",2014-04-25T12:20:33.680000,MQ,SAM,3000,3036.0,3000,100.0,ZNE,dev,gold,MQ_SAM_GOLD_20140425_122103
"bucket3$958,:3,:6001",2014-04-25T12:55:23.549900,MQ,BAM,3000,,3000,100.0,ZNE,train,gold,MQ_BAM_GOLD_20140425_125553
"bucket3$959,:3,:6001",2014-04-25T12:55:29.979900,MQ,CPM,3000,,3000,100.0,ZNE,train,gold,MQ_CPM_GOLD_20140425_125559
"bucket6$513,:3,:6001",2014-04-25T12:55:26.299900,MQ,GBM,3000,,3000,100.0,ZNE,test,gold,MQ_GBM_GOLD_20140425_125556
"bucket9$506,:3,:6001",2014-04-25T12:55:22.980000,MQ,SAM,3000,3499.0,3000,100.0,ZNE,dev,gold,MQ_SAM_GOLD_20140425_125552
"bucket6$514,:3,:6001",2014-04-25T13:24:39.489900,MQ,CPM,3000,,3000,100.0,ZNE,test,gold,MQ_CPM_GOLD_20140425_132509
"bucket3$960,:3,:6001",2014-04-25T13:24:39.919900,MQ,GBM,3000,,3000,100.0,ZNE,train,gold,MQ_GBM_GOLD_20140425_132509
"bucket3$961,:3,:6001",2014-04-25T13:24:44.130000,MQ,LAM,3000,,3000,100.0,ZNE,train,gold,MQ_LAM_GOLD_20140425_132514
"bucket3$962,:3,:6001",2014-04-25T13:24:40.270000,MQ,SAM,3000,3214.0,3000,100.0,ZNE,train,gold,MQ_SAM_GOLD_20140425_132510
"bucket3$963,:3,:6001",2014-04-25T13:38:41.119900,MQ,BAM,3000,,3000,100.0,ZNE,train,gold,MQ_BAM_GOLD_20140425_133911
"bucket3$964,:3,:6001",2014-04-25T13:38:36.479900,MQ,GBM,3000,,3000,100.0,ZNE,train,gold,MQ_GBM_GOLD_20140425_133906
"bucket3$965,:3,:6001",2014-04-25T13:38:38.029900,MQ,MLM,3000,,3000,100.0,ZNE,train,gold,MQ_MLM_GOLD_20140425_133908
"bucket3$966,:3,:6001",2014-04-25T13:38:39.710000,MQ,SAM,3000,3245.0,3000,100.0,ZNE,train,gold,MQ_SAM_GOLD_20140425_133909
"bucket3$967,:3,:6001",2014-04-25T13:53:31.489900,MQ,BAM,3000,,3000,100.0,ZNE,train,gold,MQ_BAM_GOLD_20140425_135401
"bucket9$507,:3,:6001",2014-04-25T13:53:40.669900,MQ,CPM,3000,,3000,100.0,ZNE,dev,gold,MQ_CPM_GOLD_20140425_135410
"bucket9$508,:3,:6001",2014-04-25T13:53:36.439900,MQ,GBM,3000,,3000,100.0,ZNE,dev,gold,MQ_GBM_GOLD_20140425_135406
"bucket3$968,:3,:6001",2014-04-25T13:53:39.130000,MQ,SAM,3000,3286.0,3000,100.0,ZNE,train,gold,MQ_SAM_GOLD_20140425_135409
"bucket3$969,:3,:6001",2014-04-25T14:21:02.899900,MQ,BAM,3000,,3000,100.0,ZNE,train,gold,MQ_BAM_GOLD_20140425_142132
"bucket3$970,:3,:6001",2014-04-25T14:20:59.059900,MQ,CPM,3000,,3000,100.0,ZNE,train,gold,MQ_CPM_GOLD_20140425_142129
"bucket3$971,:3,:6001",2014-04-25T14:21:00.279900,MQ,GBM,3000,,3000,100.0,ZNE,train,gold,MQ_GBM_GOLD_20140425_142130
"bucket9$509,:3,:6001",2014-04-25T14:21:01.909900,MQ,MLM,3000,,3000,100.0,ZNE,dev,gold,MQ_MLM_GOLD_20140425_142131
"bucket3$972,:3,:6001",2014-04-25T14:49:12.539900,MQ,BAM,3000,,3000,100.0,ZNE,train,gold,MQ_BAM_GOLD_20140425_144942
"bucket6$515,:3,:6001",2014-04-25T14:49:14.799900,MQ,CPM,3000,,3000,100.0,ZNE,test,gold,MQ_CPM_GOLD_20140425_144944
"bucket3$973,:3,:6001",2014-04-25T14:49:13.749900,MQ,GBM,3000,,3000,100.0,ZNE,train,gold,MQ_GBM_GOLD_20140425_144943
"bucket3$974,:3,:6001",2014-04-25T14:49:13.729900,MQ,MLM,3000,,3000,100.0,ZNE,train,gold,MQ_MLM_GOLD_20140425_144943
"bucket3$975,:3,:6001",2014-04-25T14:53:52.439900,MQ,BAM,3000,,3000,100.0,ZNE,train,gold,MQ_BAM_GOLD_20140425_145422
"bucket9$510,:3,:6001",2014-04-25T14:53:54.079900,MQ,CPM,3000,,3000,100.0,ZNE,dev,gold,MQ_CPM_GOLD_20140425_145424
"bucket6$516,:3,:6001",2014-04-25T14:53:54.119900,MQ,GBM,3000,,3000,100.0,ZNE,test,gold,MQ_GBM_GOLD_20140425_145424
"bucket3$976,:3,:6001",2014-04-25T14:53:49.070000,MQ,SAM,3000,,3000,100.0,ZNE,train,gold,MQ_SAM_GOLD_20140425_145419
"bucket3$977,:3,:6001",2014-04-25T14:54:49.469900,MQ,CPM,3000,,3000,100.0,ZNE,train,gold,MQ_CPM_GOLD_20140425_145519
"bucket3$978,:3,:6001",2014-04-25T14:54:46.149900,MQ,GBM,3000,,3000,100.0,ZNE,train,gold,MQ_GBM_GOLD_20140425_145516
"bucket9$511,:3,:6001",2014-04-25T14:54:43.749900,MQ,MLM,3000,,3000,100.0,ZNE,dev,gold,MQ_MLM_GOLD_20140425_145513
"bucket3$979,:3,:6001",2014-04-25T14:54:50.780000,MQ,SAM,3000,3003.0,3000,100.0,ZNE,train,gold,MQ_SAM_GOLD_20140425_145520
"bucket3$980,:3,:6001",2014-04-25T15:15:20.369900,MQ,BAM,3000,,3000,100.0,ZNE,train,gold,MQ_BAM_GOLD_20140425_151550
"bucket3$981,:3,:6001",2014-04-25T15:15:22.139900,MQ,CPM,3000,,3000,100.0,ZNE,train,gold,MQ_CPM_GOLD_20140425_151552
"bucket3$982,:3,:6001",2014-04-25T15:15:22.029900,MQ,GBM,3000,,3000,100.0,ZNE,train,gold,MQ_GBM_GOLD_20140425_151552
"bucket3$983,:3,:6001",2014-04-25T15:15:18.750000,MQ,IA2,3000,,3000,100.0,ZNE,train,gold,MQ_IA2_GOLD_20140425_151548
"bucket3$984,:3,:6001",2014-04-25T15:39:23.699900,MQ,BAM,3000,,3000,100.0,ZNE,train,gold,MQ_BAM_GOLD_20140425_153953
"bucket6$517,:3,:6001",2014-04-25T15:39:28.829900,MQ,GBM,3000,,3000,100.0,ZNE,test,gold,MQ_GBM_GOLD_20140425_153958
"bucket3$985,:3,:6001",2014-04-25T15:39:25.400000,MQ,IA2,3000,3274.0,3000,100.0,ZNE,train,gold,MQ_IA2_GOLD_20140425_153955
"bucket6$518,:3,:6001",2014-04-25T15:39:23.940000,MQ,SAM,3000,,3000,100.0,ZNE,test,gold,MQ_SAM_GOLD_20140425_153953
"bucket3$986,:3,:6001",2014-04-25T15:40:54.809900,MQ,CPM,3000,,3000,100.0,ZNE,train,gold,MQ_CPM_GOLD_20140425_154124
"bucket3$987,:3,:6001",2014-04-25T15:40:54.119900,MQ,GBM,3000,,3000,100.0,ZNE,train,gold,MQ_GBM_GOLD_20140425_154124
"bucket3$988,:3,:6001",2014-04-25T15:41:00.599900,MQ,MLM,3000,,3000,100.0,ZNE,train,gold,MQ_MLM_GOLD_20140425_154130
"bucket3$989,:3,:6001",2014-04-25T15:40:57.840000,MQ,SAM,3000,3244.0,3000,100.0,ZNE,train,gold,MQ_SAM_GOLD_20140425_154127
"bucket3$990,:3,:6001",2014-04-25T15:42:41.549900,MQ,BAM,3000,,3000,100.0,ZNE,train,gold,MQ_BAM_GOLD_20140425_154311
"bucket3$991,:3,:6001",2014-04-25T15:42:40.369900,MQ,GBM,3000,,3000,100.0,ZNE,train,gold,MQ_GBM_GOLD_20140425_154310
"bucket3$992,:3,:6001",2014-04-25T15:42:41.279900,MQ,MLM,3000,,3000,100.0,ZNE,train,gold,MQ_MLM_GOLD_20140425_154311
"bucket3$993,:3,:6001",2014-04-25T15:42:42.510000,MQ,SAM,3000,,3000,100.0,ZNE,train,gold,MQ_SAM_GOLD_20140425_154312
"bucket9$512,:3,:6001",2014-04-25T15:43:45.369900,MQ,BAM,3000,,3000,100.0,ZNE,dev,gold,MQ_BAM_GOLD_20140425_154415
"bucket6$519,:3,:6001",2014-04-25T15:43:44.789900,MQ,CPM,3000,,3000,100.0,ZNE,test,gold,MQ_CPM_GOLD_20140425_154414
"bucket3$994,:3,:6001",2014-04-25T15:43:45.979900,MQ,GBM,3000,,3000,100.0,ZNE,train,gold,MQ_GBM_GOLD_20140425_154415
"bucket3$995,:3,:6001",2014-04-25T15:43:43.160000,MQ,IA2,3000,3125.0,3000,100.0,ZNE,train,gold,MQ_IA2_GOLD_20140425_154413
"bucket3$996,:3,:6001",2014-04-25T15:51:55.819900,MQ,CPM,3000,,3000,100.0,ZNE,train,gold,MQ_CPM_GOLD_20140425_155225
"bucket6$520,:3,:6001",2014-04-25T15:51:56.299900,MQ,GBM,3000,,3000,100.0,ZNE,test,gold,MQ_GBM_GOLD_20140425_155226
"bucket3$997,:3,:6001",2014-04-25T15:51:51.779900,MQ,MLM,3000,,3000,100.0,ZNE,train,gold,MQ_MLM_GOLD_20140425_155221
"bucket3$998,:3,:6001",2014-04-25T15:51:51.200000,MQ,SAM,3000,,3000,100.0,ZNE,train,gold,MQ_SAM_GOLD_20140425_155221
"bucket3$999,:3,:6001",2014-04-25T15:56:56.279900,MQ,BAM,3000,,3000,100.0,ZNE,train,gold,MQ_BAM_GOLD_20140425_155726
"bucket3$1000,:3,:6001",2014-04-25T15:56:58.389900,MQ,CPM,3000,,3000,100.0,ZNE,train,gold,MQ_CPM_GOLD_20140425_155728
"bucket3$1001,:3,:6001",2014-04-25T15:56:56.899900,MQ,GBM,3000,,3000,100.0,ZNE,train,gold,MQ_GBM_GOLD_20140425_155726
"bucket3$1002,:3,:6001",2014-04-25T15:56:52.760000,MQ,SAM,3000,3174.0,3000,100.0,ZNE,train,gold,MQ_SAM_GOLD_20140425_155722
"bucket3$1003,:3,:6001",2014-04-25T16:02:13.629900,MQ,BAM,3000,,3000,100.0,ZNE,train,gold,MQ_BAM_GOLD_20140425_160243
"bucket3$1004,:3,:6001",2014-04-25T16:02:12.359900,MQ,CPM,3000,,3000,100.0,ZNE,train,gold,MQ_CPM_GOLD_20140425_160242
"bucket3$1005,:3,:6001",2014-04-25T16:02:06.059900,MQ,GBM,3000,,3000,100.0,ZNE,train,gold,MQ_GBM_GOLD_20140425_160236
"bucket3$1006,:3,:6001",2014-04-25T16:02:06.559900,MQ,MLM,3000,,3000,100.0,ZNE,train,gold,MQ_MLM_GOLD_20140425_160236
"bucket3$1007,:3,:6001",2014-04-25T16:02:02.490000,MQ,SAM,3000,3144.0,3000,100.0,ZNE,train,gold,MQ_SAM_GOLD_20140425_160232
"bucket6$521,:3,:6001",2014-04-25T16:58:00.779900,MQ,BAM,3000,,3000,100.0,ZNE,test,gold,MQ_BAM_GOLD_20140425_165830
"bucket3$1008,:3,:6001",2014-04-25T16:58:04.769900,MQ,CPM,3000,,3000,100.0,ZNE,train,gold,MQ_CPM_GOLD_20140425_165834
"bucket3$1009,:3,:6001",2014-04-25T16:58:02.009900,MQ,GBM,3000,,3000,100.0,ZNE,train,gold,MQ_GBM_GOLD_20140425_165832
"bucket3$1010,:3,:6001",2014-04-25T16:57:56.720000,MQ,SAM,3000,,3000,100.0,ZNE,train,gold,MQ_SAM_GOLD_20140425_165826
"bucket3$1011,:3,:6001",2014-04-25T17:57:17.699900,MQ,CPM,3000,,3000,100.0,ZNE,train,gold,MQ_CPM_GOLD_20140425_175747
"bucket3$1012,:3,:6001",2014-04-25T17:57:16.369900,MQ,GBM,3000,,3000,100.0,ZNE,train,gold,MQ_GBM_GOLD_20140425_175746
"bucket3$1013,:3,:6001",2014-04-25T17:57:16.890000,MQ,IA2,3000,3265.0,3000,100.0,ZNE,train,gold,MQ_IA2_GOLD_20140425_175746
"bucket3$1014,:3,:6001",2014-04-25T17:57:19,MQ,SAM,3000,,3000,100.0,ZNE,train,gold,MQ_SAM_GOLD_20140425_175749
"bucket3$1015,:3,:6001",2014-04-25T21:31:30.119900,MQ,BAM,3000,,3000,100.0,ZNE,train,gold,MQ_BAM_GOLD_20140425_213200
"bucket3$1016,:3,:6001",2014-04-25T21:31:30.059900,MQ,CPM,3000,,3000,100.0,ZNE,train,gold,MQ_CPM_GOLD_20140425_213200
"bucket3$1017,:3,:6001",2014-04-25T21:31:30.680000,MQ,IA2,3000,3219.0,3000,100.0,ZNE,train,gold,MQ_IA2_GOLD_20140425_213200
"bucket3$1018,:3,:6001",2014-04-25T21:31:30.440000,MQ,LAM,3000,,3000,100.0,ZNE,train,gold,MQ_LAM_GOLD_20140425_213200
"bucket3$1019,:3,:6001",2014-04-25T21:31:25.660000,MQ,SAM,3000,3202.0,3000,100.0,ZNE,train,gold,MQ_SAM_GOLD_20140425_213155
"bucket9$513,:3,:6001",2014-04-26T07:31:55.849900,MQ,BAM,3000,,3000,100.0,ZNE,dev,gold,MQ_BAM_GOLD_20140426_073225
"bucket3$1020,:3,:6001",2014-04-26T07:31:57.139900,MQ,CPM,3000,,3000,100.0,ZNE,train,gold,MQ_CPM_GOLD_20140426_073227
"bucket9$514,:3,:6001",2014-04-26T07:31:55.539900,MQ,GBM,3000,,3000,100.0,ZNE,dev,gold,MQ_GBM_GOLD_20140426_073225
"bucket3$1021,:3,:6001",2014-04-26T07:31:56.040000,MQ,IA2,3000,3024.0,3000,100.0,ZNE,train,gold,MQ_IA2_GOLD_20140426_073226
"bucket3$1022,:3,:6001",2014-04-26T08:24:25.989900,MQ,BAM,3000,,3000,100.0,ZNE,train,gold,MQ_BAM_GOLD_20140426_082455
"bucket3$1023,:3,:6001",2014-04-26T08:24:27.149900,MQ,CPM,3000,,3000,100.0,ZNE,train,gold,MQ_CPM_GOLD_20140426_082457
"bucket4$0,:3,:6001",2014-04-26T08:24:25.519900,MQ,GBM,3000,,3000,100.0,ZNE,train,gold,MQ_GBM_GOLD_20140426_082455
"bucket4$1,:3,:6001",2014-04-26T08:24:26.230000,MQ,IA2,3000,,3000,100.0,ZNE,train,gold,MQ_IA2_GOLD_20140426_082456
"bucket6$522,:3,:6001",2014-04-26T10:25:50.489900,MQ,BAM,3000,,3000,100.0,ZNE,test,gold,MQ_BAM_GOLD_20140426_102620
"bucket4$2,:3,:6001",2014-04-26T10:25:51.649900,MQ,CPM,3000,,3000,100.0,ZNE,train,gold,MQ_CPM_GOLD_20140426_102621
"bucket4$3,:3,:6001",2014-04-26T10:25:50.839900,MQ,GBM,3000,,3000,100.0,ZNE,train,gold,MQ_GBM_GOLD_20140426_102620
"bucket4$4,:3,:6001",2014-04-26T10:25:51.480000,MQ,IA2,3000,,3000,100.0,ZNE,train,gold,MQ_IA2_GOLD_20140426_102621
"bucket4$5,:3,:6001",2014-04-26T10:25:51.010000,MQ,LAM,3000,,3000,100.0,ZNE,train,gold,MQ_LAM_GOLD_20140426_102621
"bucket4$6,:3,:6001",2014-04-26T10:25:50.640000,MQ,SAM,3000,3130.0,3000,100.0,ZNE,train,gold,MQ_SAM_GOLD_20140426_102620
"bucket4$7,:3,:6001",2014-04-26T11:08:36.789900,MQ,BAM,3000,,3000,100.0,ZNE,train,gold,MQ_BAM_GOLD_20140426_110906
"bucket4$8,:3,:6001",2014-04-26T11:08:34.709900,MQ,CPM,3000,,3000,100.0,ZNE,train,gold,MQ_CPM_GOLD_20140426_110904
"bucket4$9,:3,:6001",2014-04-26T11:08:37.169900,MQ,GBM,3000,,3000,100.0,ZNE,train,gold,MQ_GBM_GOLD_20140426_110907
"bucket6$523,:3,:6001",2014-04-26T11:08:44.119900,MQ,MLM,3000,,3000,100.0,ZNE,test,gold,MQ_MLM_GOLD_20140426_110914
"bucket6$524,:3,:6001",2014-04-26T11:43:32.359900,MQ,CPM,3000,,3000,100.0,ZNE,test,gold,MQ_CPM_GOLD_20140426_114402
"bucket4$10,:3,:6001",2014-04-26T11:43:29.709900,MQ,GBM,3000,,3000,100.0,ZNE,train,gold,MQ_GBM_GOLD_20140426_114359
"bucket4$11,:3,:6001",2014-04-26T11:43:31.190000,MQ,IA2,3000,3057.0,3000,100.0,ZNE,train,gold,MQ_IA2_GOLD_20140426_114401
"bucket4$12,:3,:6001",2014-04-26T11:43:36.719900,MQ,MLM,3000,,3000,100.0,ZNE,train,gold,MQ_MLM_GOLD_20140426_114406
"bucket4$13,:3,:6001",2014-04-26T12:45:05.689900,MQ,BAM,3000,,3000,100.0,ZNE,train,gold,MQ_BAM_GOLD_20140426_124535
"bucket6$525,:3,:6001",2014-04-26T12:45:09.779900,MQ,CPM,3000,,3000,100.0,ZNE,test,gold,MQ_CPM_GOLD_20140426_124539
"bucket4$14,:3,:6001",2014-04-26T12:45:13.019900,MQ,MLM,3000,,3000,100.0,ZNE,train,gold,MQ_MLM_GOLD_20140426_124543
"bucket4$15,:3,:6001",2014-04-26T12:45:14.130000,MQ,SAM,3000,3073.0,3000,100.0,ZNE,train,gold,MQ_SAM_GOLD_20140426_124544
"bucket6$526,:3,:6001",2014-04-26T13:30:51.969900,MQ,BAM,3000,,3000,100.0,ZNE,test,gold,MQ_BAM_GOLD_20140426_133121
"bucket4$16,:3,:6001",2014-04-26T13:30:57.359900,MQ,CPM,3000,,3000,100.0,ZNE,train,gold,MQ_CPM_GOLD_20140426_133127
"bucket4$17,:3,:6001",2014-04-26T13:30:55.999900,MQ,GBM,3000,,3000,100.0,ZNE,train,gold,MQ_GBM_GOLD_20140426_133125
"bucket4$18,:3,:6001",2014-04-26T13:30:50.200000,MQ,SAM,3000,3193.0,3000,100.0,ZNE,train,gold,MQ_SAM_GOLD_20140426_133120
"bucket9$515,:3,:6001",2014-04-26T15:28:12.719900,MQ,BAM,3000,,3000,100.0,ZNE,dev,gold,MQ_BAM_GOLD_20140426_152842
"bucket4$19,:3,:6001",2014-04-26T15:28:10.489900,MQ,CPM,3000,,3000,100.0,ZNE,train,gold,MQ_CPM_GOLD_20140426_152840
"bucket4$20,:3,:6001",2014-04-26T15:28:05.989900,MQ,GBM,3000,,3000,100.0,ZNE,train,gold,MQ_GBM_GOLD_20140426_152835
"bucket4$21,:3,:6001",2014-04-26T15:28:08.570000,MQ,IA2,3000,3206.0,3000,100.0,ZNE,train,gold,MQ_IA2_GOLD_20140426_152838
"bucket4$22,:3,:6001",2014-04-26T15:29:42.269900,MQ,BAM,3000,,3000,100.0,ZNE,train,gold,MQ_BAM_GOLD_20140426_153012
"bucket4$23,:3,:6001",2014-04-26T15:29:44.119900,MQ,GBM,3000,,3000,100.0,ZNE,train,gold,MQ_GBM_GOLD_20140426_153014
"bucket4$24,:3,:6001",2014-04-26T15:29:40.289900,MQ,MLM,3000,,3000,100.0,ZNE,train,gold,MQ_MLM_GOLD_20140426_153010
"bucket4$25,:3,:6001",2014-04-26T15:29:43.720000,MQ,SAM,3000,,3000,100.0,ZNE,train,gold,MQ_SAM_GOLD_20140426_153013
"bucket4$26,:3,:6001",2014-04-26T22:00:10.039900,MQ,BAM,3000,,3000,100.0,ZNE,train,gold,MQ_BAM_GOLD_20140426_220040
"bucket9$516,:3,:6001",2014-04-26T22:00:13.400000,MQ,SAM,3000,,3000,100.0,ZNE,dev,gold,MQ_SAM_GOLD_20140426_220043
"bucket4$27,:3,:6001",2014-04-26T22:55:06.659900,MQ,BAM,3000,,3000,100.0,ZNE,train,gold,MQ_BAM_GOLD_20140426_225536
"bucket4$28,:3,:6001",2014-04-26T22:55:07.969900,MQ,CPM,3000,,3000,100.0,ZNE,train,gold,MQ_CPM_GOLD_20140426_225537
"bucket4$29,:3,:6001",2014-04-27T06:03:34.109900,MQ,BAM,3000,,3000,100.0,ZNE,train,gold,MQ_BAM_GOLD_20140427_060404
"bucket4$30,:3,:6001",2014-04-27T06:03:34.959900,MQ,CPM,3000,,3000,100.0,ZNE,train,gold,MQ_CPM_GOLD_20140427_060404
"bucket4$31,:3,:6001",2014-04-27T06:03:34.890000,MQ,IA2,3000,,3000,100.0,ZNE,train,gold,MQ_IA2_GOLD_20140427_060404
"bucket4$32,:3,:6001",2014-04-27T06:03:34.380000,MQ,LAM,3000,,3000,100.0,ZNE,train,gold,MQ_LAM_GOLD_20140427_060404
"bucket4$33,:3,:6001",2014-04-27T11:00:11.399900,MQ,BAM,3000,,3000,100.0,ZNE,train,gold,MQ_BAM_GOLD_20140427_110041
"bucket4$34,:3,:6001",2014-04-27T11:00:07.569900,MQ,CPM,3000,,3000,100.0,ZNE,train,gold,MQ_CPM_GOLD_20140427_110037
"bucket4$35,:3,:6001",2014-04-27T11:00:11.090000,MQ,IA2,3000,,3000,100.0,ZNE,train,gold,MQ_IA2_GOLD_20140427_110041
"bucket9$517,:3,:6001",2014-04-27T11:00:07.630000,MQ,SAM,3000,,3000,100.0,ZNE,dev,gold,MQ_SAM_GOLD_20140427_110037
"bucket4$36,:3,:6001",2014-04-27T15:22:43.200000,MQ,IA2,3000,,3000,100.0,ZNE,train,gold,MQ_IA2_GOLD_20140427_152313
"bucket4$37,:3,:6001",2014-04-27T15:32:18.269900,MQ,BAM,3000,,3000,100.0,ZNE,train,gold,MQ_BAM_GOLD_20140427_153248
"bucket4$38,:3,:6001",2014-04-27T15:32:15.969900,MQ,GBM,3000,,3000,100.0,ZNE,train,gold,MQ_GBM_GOLD_20140427_153245
"bucket4$39,:3,:6001",2014-04-27T15:32:18.620000,MQ,IA2,3000,3048.0,3000,100.0,ZNE,train,gold,MQ_IA2_GOLD_20140427_153248
"bucket4$40,:3,:6001",2014-04-27T15:32:15.330000,MQ,LAM,3000,3342.0,3000,100.0,ZNE,train,gold,MQ_LAM_GOLD_20140427_153245
"bucket4$41,:3,:6001",2014-04-27T15:32:21.659900,MQ,MLM,3000,,3000,100.0,ZNE,train,gold,MQ_MLM_GOLD_20140427_153251
"bucket4$42,:3,:6001",2014-04-27T18:51:36.859900,MQ,BAM,3000,,3000,100.0,ZNE,train,gold,MQ_BAM_GOLD_20140427_185206
"bucket4$43,:3,:6001",2014-04-27T18:51:37.969900,MQ,CPM,3000,,3000,100.0,ZNE,train,gold,MQ_CPM_GOLD_20140427_185207
"bucket4$44,:3,:6001",2014-04-27T18:51:36.109900,MQ,GBM,3000,,3000,100.0,ZNE,train,gold,MQ_GBM_GOLD_20140427_185206
"bucket4$45,:3,:6001",2014-04-27T18:51:36.950000,MQ,IA2,3000,3233.0,3000,100.0,ZNE,train,gold,MQ_IA2_GOLD_20140427_185206
"bucket4$46,:3,:6001",2014-04-27T18:51:35.950000,MQ,LAM,3000,3031.0,3000,100.0,ZNE,train,gold,MQ_LAM_GOLD_20140427_185205
"bucket6$527,:3,:6001",2014-04-28T04:06:05.899900,MQ,BAM,3000,,3000,100.0,ZNE,test,gold,MQ_BAM_GOLD_20140428_040635
"bucket4$47,:3,:6001",2014-04-28T04:06:03.139900,MQ,CPM,3000,,3000,100.0,ZNE,train,gold,MQ_CPM_GOLD_20140428_040633
"bucket6$528,:3,:6001",2014-04-28T04:06:05.029900,MQ,GBM,3000,,3000,100.0,ZNE,test,gold,MQ_GBM_GOLD_20140428_040635
"bucket4$48,:3,:6001",2014-04-28T04:06:05.460000,MQ,IA2,3000,3242.0,3000,100.0,ZNE,train,gold,MQ_IA2_GOLD_20140428_040635
"bucket4$49,:3,:6001",2014-04-28T09:22:40.919900,MQ,BAM,3000,,3000,100.0,ZNE,train,gold,MQ_BAM_GOLD_20140428_092310
"bucket4$50,:3,:6001",2014-04-28T09:22:39.339900,MQ,CPM,3000,,3000,100.0,ZNE,train,gold,MQ_CPM_GOLD_20140428_092309
"bucket4$51,:3,:6001",2014-04-28T09:22:40.039900,MQ,GBM,3000,,3000,100.0,ZNE,train,gold,MQ_GBM_GOLD_20140428_092310
"bucket4$52,:3,:6001",2014-04-28T09:22:42.049900,MQ,MLM,3000,,3000,100.0,ZNE,train,gold,MQ_MLM_GOLD_20140428_092312
"bucket4$53,:3,:6001",2014-04-28T10:40:09.049900,MQ,BAM,3000,,3000,100.0,ZNE,train,gold,MQ_BAM_GOLD_20140428_104039
"bucket4$54,:3,:6001",2014-04-28T10:40:04.419900,MQ,CPM,3000,,3000,100.0,ZNE,train,gold,MQ_CPM_GOLD_20140428_104034
"bucket4$55,:3,:6001",2014-04-28T10:40:13.069900,MQ,MLM,3000,,3000,100.0,ZNE,train,gold,MQ_MLM_GOLD_20140428_104043
"bucket6$529,:3,:6001",2014-04-28T10:40:10.010000,MQ,SAM,3000,3142.0,3000,100.0,ZNE,test,gold,MQ_SAM_GOLD_20140428_104040
"bucket4$56,:3,:6001",2014-04-28T10:47:20.269900,MQ,BAM,3000,,3000,100.0,ZNE,train,gold,MQ_BAM_GOLD_20140428_104750
"bucket4$57,:3,:6001",2014-04-28T10:47:13.259900,MQ,CPM,3000,,3000,100.0,ZNE,train,gold,MQ_CPM_GOLD_20140428_104743
"bucket4$58,:3,:6001",2014-04-28T10:47:16.909900,MQ,GBM,3000,,3000,100.0,ZNE,train,gold,MQ_GBM_GOLD_20140428_104746
"bucket4$59,:3,:6001",2014-04-28T10:47:21.030000,MQ,IA2,3000,,3000,100.0,ZNE,train,gold,MQ_IA2_GOLD_20140428_104751
"bucket4$60,:3,:6001",2014-04-28T10:47:13.380000,MQ,SAM,3000,3112.0,3000,100.0,ZNE,train,gold,MQ_SAM_GOLD_20140428_104743
"bucket4$61,:3,:6001",2014-04-28T11:11:35.559900,MQ,BAM,3000,,3000,100.0,ZNE,train,gold,MQ_BAM_GOLD_20140428_111205
"bucket6$530,:3,:6001",2014-04-28T11:11:30.490000,MQ,IA2,3000,3139.0,3000,100.0,ZNE,test,gold,MQ_IA2_GOLD_20140428_111200
"bucket4$62,:3,:6001",2014-04-28T11:11:39.749900,MQ,MLM,3000,,3000,100.0,ZNE,train,gold,MQ_MLM_GOLD_20140428_111209
"bucket4$63,:3,:6001",2014-04-28T11:11:32.280000,MQ,SAM,3000,3256.0,3000,100.0,ZNE,train,gold,MQ_SAM_GOLD_20140428_111202
"bucket4$64,:3,:6001",2014-04-28T11:14:38.439900,MQ,BAM,3000,,3000,100.0,ZNE,train,gold,MQ_BAM_GOLD_20140428_111508
"bucket4$65,:3,:6001",2014-04-28T11:14:35.339900,MQ,CPM,3000,,3000,100.0,ZNE,train,gold,MQ_CPM_GOLD_20140428_111505
"bucket4$66,:3,:6001",2014-04-28T11:14:34.829900,MQ,MLM,3000,,3000,100.0,ZNE,train,gold,MQ_MLM_GOLD_20140428_111504
"bucket4$67,:3,:6001",2014-04-28T11:14:39.910000,MQ,SAM,3000,3169.0,3000,100.0,ZNE,train,gold,MQ_SAM_GOLD_20140428_111509
"bucket4$68,:3,:6001",2014-04-28T11:25:51.239900,MQ,BAM,3000,,3000,100.0,ZNE,train,gold,MQ_BAM_GOLD_20140428_112621
"bucket4$69,:3,:6001",2014-04-28T11:25:51.289900,MQ,GBM,3000,,3000,100.0,ZNE,train,gold,MQ_GBM_GOLD_20140428_112621
"bucket4$70,:3,:6001",2014-04-28T11:25:51.039900,MQ,MLM,3000,,3000,100.0,ZNE,train,gold,MQ_MLM_GOLD_20140428_112621
"bucket4$71,:3,:6001",2014-04-28T11:25:50.650000,MQ,SAM,3000,3143.0,3000,100.0,ZNE,train,gold,MQ_SAM_GOLD_20140428_112620
"bucket9$518,:3,:6001",2014-04-28T11:34:03.129900,MQ,BAM,3000,,3000,100.0,ZNE,dev,gold,MQ_BAM_GOLD_20140428_113433
"bucket4$72,:3,:6001",2014-04-28T11:33:58.489900,MQ,GBM,3000,,3000,100.0,ZNE,train,gold,MQ_GBM_GOLD_20140428_113428
"bucket4$73,:3,:6001",2014-04-28T11:33:58.489900,MQ,MLM,3000,,3000,100.0,ZNE,train,gold,MQ_MLM_GOLD_20140428_113428
"bucket4$74,:3,:6001",2014-04-28T11:34:02.370000,MQ,SAM,3000,3150.0,3000,100.0,ZNE,train,gold,MQ_SAM_GOLD_20140428_113432
"bucket4$75,:3,:6001",2014-04-28T12:18:30.909900,MQ,BAM,3000,,3000,100.0,ZNE,train,gold,MQ_BAM_GOLD_20140428_121900
"bucket4$76,:3,:6001",2014-04-28T12:18:26.539900,MQ,GBM,3000,,3000,100.0,ZNE,train,gold,MQ_GBM_GOLD_20140428_121856
"bucket9$519,:3,:6001",2014-04-28T12:18:25.350000,MQ,IA2,3000,3125.0,3000,100.0,ZNE,dev,gold,MQ_IA2_GOLD_20140428_121855
"bucket4$77,:3,:6001",2014-04-28T12:18:27.459900,MQ,MLM,3000,,3000,100.0,ZNE,train,gold,MQ_MLM_GOLD_20140428_121857
"bucket4$78,:3,:6001",2014-04-28T12:21:02.689900,MQ,BAM,3000,,3000,100.0,ZNE,train,gold,MQ_BAM_GOLD_20140428_122132
"bucket4$79,:3,:6001",2014-04-28T12:21:07.989900,MQ,CPM,3000,,3000,100.0,ZNE,train,gold,MQ_CPM_GOLD_20140428_122137
"bucket4$80,:3,:6001",2014-04-28T12:21:04.019900,MQ,MLM,3000,,3000,100.0,ZNE,train,gold,MQ_MLM_GOLD_20140428_122134
"bucket4$81,:3,:6001",2014-04-28T12:21:07.970000,MQ,SAM,3000,3253.0,3000,100.0,ZNE,train,gold,MQ_SAM_GOLD_20140428_122137
"bucket4$82,:3,:6001",2014-04-28T13:33:38.719900,MQ,BAM,3000,,3000,100.0,ZNE,train,gold,MQ_BAM_GOLD_20140428_133408
"bucket4$83,:3,:6001",2014-04-28T13:33:34.789900,MQ,CPM,3000,,3000,100.0,ZNE,train,gold,MQ_CPM_GOLD_20140428_133404
"bucket9$520,:3,:6001",2014-04-28T13:33:34.349900,MQ,GBM,3000,,3000,100.0,ZNE,dev,gold,MQ_GBM_GOLD_20140428_133404
"bucket4$84,:3,:6001",2014-04-28T13:33:33.629900,MQ,MLM,3000,,3000,100.0,ZNE,train,gold,MQ_MLM_GOLD_20140428_133403
"bucket9$521,:3,:6001",2014-04-28T13:33:32.530000,MQ,SAM,3000,3027.0,3000,100.0,ZNE,dev,gold,MQ_SAM_GOLD_20140428_133402
"bucket4$85,:3,:6001",2014-04-28T13:39:27.769900,MQ,BAM,3000,,3000,100.0,ZNE,train,gold,MQ_BAM_GOLD_20140428_133957
"bucket9$522,:3,:6001",2014-04-28T13:39:26.219900,MQ,GBM,3000,,3000,100.0,ZNE,dev,gold,MQ_GBM_GOLD_20140428_133956
"bucket4$86,:3,:6001",2014-04-28T13:39:28.469900,MQ,MLM,3000,,3000,100.0,ZNE,train,gold,MQ_MLM_GOLD_20140428_133958
"bucket4$87,:3,:6001",2014-04-28T13:39:25.640000,MQ,SAM,3000,3220.0,3000,100.0,ZNE,train,gold,MQ_SAM_GOLD_20140428_133955
"bucket9$523,:3,:6001",2014-04-28T14:43:12.739900,MQ,BAM,3000,,3000,100.0,ZNE,dev,gold,MQ_BAM_GOLD_20140428_144342
"bucket4$88,:3,:6001",2014-04-28T14:43:08.249900,MQ,CPM,3000,,3000,100.0,ZNE,train,gold,MQ_CPM_GOLD_20140428_144338
"bucket9$524,:3,:6001",2014-04-28T14:43:08.509900,MQ,GBM,3000,,3000,100.0,ZNE,dev,gold,MQ_GBM_GOLD_20140428_144338
"bucket4$89,:3,:6001",2014-04-28T14:43:12.450000,MQ,SAM,3000,3219.0,3000,100.0,ZNE,train,gold,MQ_SAM_GOLD_20140428_144342
"bucket4$90,:3,:6001",2014-04-28T15:34:05.999900,MQ,BAM,3000,,3000,100.0,ZNE,train,gold,MQ_BAM_GOLD_20140428_153435
"bucket4$91,:3,:6001",2014-04-28T15:34:09.829900,MQ,GBM,3000,,3000,100.0,ZNE,train,gold,MQ_GBM_GOLD_20140428_153439
"bucket4$92,:3,:6001",2014-04-28T15:34:06.139900,MQ,MLM,3000,,3000,100.0,ZNE,train,gold,MQ_MLM_GOLD_20140428_153436
"bucket4$93,:3,:6001",2014-04-28T15:34:09.870000,MQ,SAM,3000,,3000,100.0,ZNE,train,gold,MQ_SAM_GOLD_20140428_153439
"bucket4$94,:3,:6001",2014-04-28T16:09:46.649900,MQ,BAM,3000,,3000,100.0,ZNE,train,gold,MQ_BAM_GOLD_20140428_161016
"bucket4$95,:3,:6001",2014-04-28T16:09:49.349900,MQ,CPM,3000,,3000,100.0,ZNE,train,gold,MQ_CPM_GOLD_20140428_161019
"bucket4$96,:3,:6001",2014-04-28T16:09:47.289900,MQ,MLM,3000,,3000,100.0,ZNE,train,gold,MQ_MLM_GOLD_20140428_161017
"bucket4$97,:3,:6001",2014-04-28T16:09:49.590000,MQ,SAM,3000,,3000,100.0,ZNE,train,gold,MQ_SAM_GOLD_20140428_161019
"bucket4$98,:3,:6001",2014-04-28T16:34:32.259900,MQ,BAM,3000,,3000,100.0,ZNE,train,gold,MQ_BAM_GOLD_20140428_163502
"bucket4$99,:3,:6001",2014-04-28T16:34:29.809900,MQ,GBM,3000,,3000,100.0,ZNE,train,gold,MQ_GBM_GOLD_20140428_163459
"bucket4$100,:3,:6001",2014-04-28T16:34:32.549900,MQ,MLM,3000,,3000,100.0,ZNE,train,gold,MQ_MLM_GOLD_20140428_163502
"bucket4$101,:3,:6001",2014-04-28T16:34:24.470000,MQ,SAM,3000,3189.0,3000,100.0,ZNE,train,gold,MQ_SAM_GOLD_20140428_163454
"bucket4$102,:3,:6001",2014-04-28T17:49:26.159900,MQ,BAM,3000,,3000,100.0,ZNE,train,gold,MQ_BAM_GOLD_20140428_174956
"bucket4$103,:3,:6001",2014-04-28T17:49:33.539900,MQ,CPM,3000,,3000,100.0,ZNE,train,gold,MQ_CPM_GOLD_20140428_175003
"bucket9$525,:3,:6001",2014-04-28T17:49:31.789900,MQ,GBM,3000,,3000,100.0,ZNE,dev,gold,MQ_GBM_GOLD_20140428_175001
"bucket4$104,:3,:6001",2014-04-28T17:49:29.940000,MQ,IA2,3000,3461.0,3000,100.0,ZNE,train,gold,MQ_IA2_GOLD_20140428_174959
"bucket9$526,:3,:6001",2014-04-28T17:49:34.390000,MQ,SAM,3000,,3000,100.0,ZNE,dev,gold,MQ_SAM_GOLD_20140428_175004
"bucket4$105,:3,:6001",2014-04-28T18:16:51.319900,MQ,BAM,3000,,3000,100.0,ZNE,train,gold,MQ_BAM_GOLD_20140428_181721
"bucket4$106,:3,:6001",2014-04-28T18:16:48.329900,MQ,CPM,3000,,3000,100.0,ZNE,train,gold,MQ_CPM_GOLD_20140428_181718
"bucket4$107,:3,:6001",2014-04-28T18:16:49.559900,MQ,GBM,3000,,3000,100.0,ZNE,train,gold,MQ_GBM_GOLD_20140428_181719
"bucket4$108,:3,:6001",2014-04-28T18:16:50.709900,MQ,MLM,3000,,3000,100.0,ZNE,train,gold,MQ_MLM_GOLD_20140428_181720
"bucket4$109,:3,:6001",2014-04-28T19:34:00.629900,MQ,BAM,3000,,3000,100.0,ZNE,train,gold,MQ_BAM_GOLD_20140428_193430
"bucket4$110,:3,:6001",2014-04-28T19:34:00.589900,MQ,CPM,3000,,3000,100.0,ZNE,train,gold,MQ_CPM_GOLD_20140428_193430
"bucket4$111,:3,:6001",2014-04-28T19:34:00.769900,MQ,GBM,3000,,3000,100.0,ZNE,train,gold,MQ_GBM_GOLD_20140428_193430
"bucket4$112,:3,:6001",2014-04-28T19:34:01.109900,MQ,MLM,3000,,3000,100.0,ZNE,train,gold,MQ_MLM_GOLD_20140428_193431
"bucket4$113,:3,:6001",2014-04-28T19:34:14.779900,MQ,CPM,3000,,3000,100.0,ZNE,train,gold,MQ_CPM_GOLD_20140428_193444
"bucket9$527,:3,:6001",2014-04-28T19:34:14.970000,MQ,IA2,3000,3092.0,3000,100.0,ZNE,dev,gold,MQ_IA2_GOLD_20140428_193444
"bucket4$114,:3,:6001",2014-04-28T19:34:15.210000,MQ,LAM,3000,3048.0,3000,100.0,ZNE,train,gold,MQ_LAM_GOLD_20140428_193445
"bucket4$115,:3,:6001",2014-04-28T19:34:14.520000,MQ,SAM,3000,,3000,100.0,ZNE,train,gold,MQ_SAM_GOLD_20140428_193444
"bucket4$116,:3,:6001",2014-04-28T23:09:58.250000,MQ,SAM,3000,,3000,100.0,ZNE,train,gold,MQ_SAM_GOLD_20140428_231028
"bucket6$531,:3,:6001",2014-04-29T02:10:59.939900,MQ,BAM,3000,,3000,100.0,ZNE,test,gold,MQ_BAM_GOLD_20140429_021129
"bucket4$117,:3,:6001",2014-04-29T02:10:59.809900,MQ,CPM,3000,,3000,100.0,ZNE,train,gold,MQ_CPM_GOLD_20140429_021129
"bucket4$118,:3,:6001",2014-04-29T02:11:00.430000,MQ,LAM,3000,,3000,100.0,ZNE,train,gold,MQ_LAM_GOLD_20140429_021130
"bucket4$119,:3,:6001",2014-04-29T02:11:01.950000,MQ,SAM,3000,3176.0,3000,100.0,ZNE,train,gold,MQ_SAM_GOLD_20140429_021131
"bucket6$532,:3,:6001",2014-04-29T02:11:13.159900,MQ,BAM,3000,,3000,100.0,ZNE,test,gold,MQ_BAM_GOLD_20140429_021143
"bucket4$120,:3,:6001",2014-04-29T02:11:13.309900,MQ,CPM,3000,,3000,100.0,ZNE,train,gold,MQ_CPM_GOLD_20140429_021143
"bucket4$121,:3,:6001",2014-04-29T02:11:13.550000,MQ,IA2,3000,,3000,100.0,ZNE,train,gold,MQ_IA2_GOLD_20140429_021143
"bucket4$122,:3,:6001",2014-04-29T02:11:13.310000,MQ,LAM,3000,3017.0,3000,100.0,ZNE,train,gold,MQ_LAM_GOLD_20140429_021143
"bucket4$123,:3,:6001",2014-04-29T06:54:33.969900,MQ,BAM,3000,,3000,100.0,ZNE,train,gold,MQ_BAM_GOLD_20140429_065503
"bucket4$124,:3,:6001",2014-04-29T06:54:34.599900,MQ,CPM,3000,,3000,100.0,ZNE,train,gold,MQ_CPM_GOLD_20140429_065504
"bucket4$125,:3,:6001",2014-04-29T06:54:34.599900,MQ,GBM,3000,,3000,100.0,ZNE,train,gold,MQ_GBM_GOLD_20140429_065504
"bucket9$528,:3,:6001",2014-04-29T06:54:34.600000,MQ,IA2,3000,,3000,100.0,ZNE,dev,gold,MQ_IA2_GOLD_20140429_065504
"bucket4$126,:3,:6001",2014-04-29T08:25:06.439900,MQ,BAM,3000,,3000,100.0,ZNE,train,gold,MQ_BAM_GOLD_20140429_082536
"bucket4$127,:3,:6001",2014-04-29T08:25:04.969900,MQ,CPM,3000,,3000,100.0,ZNE,train,gold,MQ_CPM_GOLD_20140429_082534
"bucket6$533,:3,:6001",2014-04-29T08:25:08.619900,MQ,GBM,3000,,3000,100.0,ZNE,test,gold,MQ_GBM_GOLD_20140429_082538
"bucket6$534,:3,:6001",2014-04-29T08:25:08.259900,MQ,MLM,3000,,3000,100.0,ZNE,test,gold,MQ_MLM_GOLD_20140429_082538
"bucket6$535,:3,:6001",2014-04-29T10:02:47.119900,MQ,BAM,3000,,3000,100.0,ZNE,test,gold,MQ_BAM_GOLD_20140429_100317
"bucket4$128,:3,:6001",2014-04-29T10:02:42.119900,MQ,GBM,3000,,3000,100.0,ZNE,train,gold,MQ_GBM_GOLD_20140429_100312
"bucket4$129,:3,:6001",2014-04-29T10:02:41.939900,MQ,MLM,3000,,3000,100.0,ZNE,train,gold,MQ_MLM_GOLD_20140429_100311
"bucket4$130,:3,:6001",2014-04-29T10:02:40.260000,MQ,SAM,3000,3278.0,3000,100.0,ZNE,train,gold,MQ_SAM_GOLD_20140429_100310
"bucket4$131,:3,:6001",2014-04-29T10:09:33.989900,MQ,BAM,3000,,3000,100.0,ZNE,train,gold,MQ_BAM_GOLD_20140429_101003
"bucket4$132,:3,:6001",2014-04-29T10:09:29.349900,MQ,CPM,3000,,3000,100.0,ZNE,train,gold,MQ_CPM_GOLD_20140429_100959
"bucket4$133,:3,:6001",2014-04-29T10:09:32.499900,MQ,GBM,3000,,3000,100.0,ZNE,train,gold,MQ_GBM_GOLD_20140429_101002
"bucket4$134,:3,:6001",2014-04-29T10:09:32.199900,MQ,MLM,3000,,3000,100.0,ZNE,train,gold,MQ_MLM_GOLD_20140429_101002
"bucket4$135,:3,:6001",2014-04-29T11:01:21.379900,MQ,BAM,3000,,3000,100.0,ZNE,train,gold,MQ_BAM_GOLD_20140429_110151
"bucket4$136,:3,:6001",2014-04-29T11:01:20.789900,MQ,CPM,3000,,3000,100.0,ZNE,train,gold,MQ_CPM_GOLD_20140429_110150
"bucket4$137,:3,:6001",2014-04-29T11:01:29.519900,MQ,GBM,3000,,3000,100.0,ZNE,train,gold,MQ_GBM_GOLD_20140429_110159
"bucket9$529,:3,:6001",2014-04-29T11:01:31.469900,MQ,MLM,3000,,3000,100.0,ZNE,dev,gold,MQ_MLM_GOLD_20140429_110201
"bucket4$138,:3,:6001",2014-04-29T11:01:25.660000,MQ,SAM,3000,3450.0,3000,100.0,ZNE,train,gold,MQ_SAM_GOLD_20140429_110155
"bucket6$536,:3,:6001",2014-04-29T11:07:50.969900,MQ,BAM,3000,,3000,100.0,ZNE,test,gold,MQ_BAM_GOLD_20140429_110820
"bucket4$139,:3,:6001",2014-04-29T11:07:51.149900,MQ,GBM,3000,,3000,100.0,ZNE,train,gold,MQ_GBM_GOLD_20140429_110821
"bucket4$140,:3,:6001",2014-04-29T11:07:52.919900,MQ,MLM,3000,,3000,100.0,ZNE,train,gold,MQ_MLM_GOLD_20140429_110822
"bucket4$141,:3,:6001",2014-04-29T11:07:47,MQ,SAM,3000,3118.0,3000,100.0,ZNE,train,gold,MQ_SAM_GOLD_20140429_110817
"bucket4$142,:3,:6001",2014-04-29T11:58:04.189900,MQ,BAM,3000,,3000,100.0,ZNE,train,gold,MQ_BAM_GOLD_20140429_115834
"bucket4$143,:3,:6001",2014-04-29T11:58:06.370000,MQ,IA2,3000,,3000,100.0,ZNE,train,gold,MQ_IA2_GOLD_20140429_115836
"bucket4$144,:3,:6001",2014-04-29T11:58:01.449900,MQ,MLM,3000,,3000,100.0,ZNE,train,gold,MQ_MLM_GOLD_20140429_115831
"bucket4$145,:3,:6001",2014-04-29T11:58:00.370000,MQ,SAM,3000,,3000,100.0,ZNE,train,gold,MQ_SAM_GOLD_20140429_115830
"bucket9$530,:3,:6001",2014-04-29T18:06:26.139900,MQ,BAM,3000,,3000,100.0,ZNE,dev,gold,MQ_BAM_GOLD_20140429_180656
"bucket4$146,:3,:6001",2014-04-29T18:06:33.819900,MQ,GBM,3000,,3000,100.0,ZNE,train,gold,MQ_GBM_GOLD_20140429_180703
"bucket6$537,:3,:6001",2014-04-29T18:06:33.150000,MQ,IA2,3000,,3000,100.0,ZNE,test,gold,MQ_IA2_GOLD_20140429_180703
"bucket4$147,:3,:6001",2014-04-29T18:06:28.440000,MQ,SAM,3000,3002.0,3000,100.0,ZNE,train,gold,MQ_SAM_GOLD_20140429_180658
"bucket4$148,:3,:6001",2014-04-29T18:32:30.579900,MQ,BAM,3000,,3000,100.0,ZNE,train,gold,MQ_BAM_GOLD_20140429_183300
"bucket4$149,:3,:6001",2014-04-29T18:32:26.809900,MQ,GBM,3000,,3000,100.0,ZNE,train,gold,MQ_GBM_GOLD_20140429_183256
"bucket4$150,:3,:6001",2014-04-29T18:32:25.010000,MQ,IA2,3000,,3000,100.0,ZNE,train,gold,MQ_IA2_GOLD_20140429_183255
"bucket4$151,:3,:6001",2014-04-29T18:32:30.580000,MQ,SAM,3000,,3000,100.0,ZNE,train,gold,MQ_SAM_GOLD_20140429_183300
"bucket4$152,:3,:6001",2014-04-29T18:41:21.139900,MQ,CPM,3000,,3000,100.0,ZNE,train,gold,MQ_CPM_GOLD_20140429_184151
"bucket4$153,:3,:6001",2014-04-29T18:41:21.679900,MQ,GBM,3000,,3000,100.0,ZNE,train,gold,MQ_GBM_GOLD_20140429_184151
"bucket4$154,:3,:6001",2014-04-29T18:41:18.830000,MQ,IA2,3000,,3000,100.0,ZNE,train,gold,MQ_IA2_GOLD_20140429_184148
"bucket4$155,:3,:6001",2014-04-29T18:41:18.499900,MQ,MLM,3000,,3000,100.0,ZNE,train,gold,MQ_MLM_GOLD_20140429_184148
"bucket6$538,:3,:6001",2014-04-29T21:19:52.649900,MQ,BAM,3000,,3000,100.0,ZNE,test,gold,MQ_BAM_GOLD_20140429_212022
"bucket4$156,:3,:6001",2014-04-29T21:19:53.749900,MQ,CPM,3000,,3000,100.0,ZNE,train,gold,MQ_CPM_GOLD_20140429_212023
"bucket9$531,:3,:6001",2014-04-29T21:19:57.990000,MQ,LAM,3000,,3000,100.0,ZNE,dev,gold,MQ_LAM_GOLD_20140429_212027
"bucket4$157,:3,:6001",2014-04-29T21:19:50.390000,MQ,SAM,3000,3317.0,3000,100.0,ZNE,train,gold,MQ_SAM_GOLD_20140429_212020
"bucket4$158,:3,:6001",2014-04-30T08:26:08.459900,MQ,BAM,3000,,3000,100.0,ZNE,train,gold,MQ_BAM_GOLD_20140430_082638
"bucket4$159,:3,:6001",2014-04-30T08:26:08.640000,MQ,IA2,3000,3126.0,3000,100.0,ZNE,train,gold,MQ_IA2_GOLD_20140430_082638
"bucket4$160,:3,:6001",2014-04-30T08:26:15.139900,MQ,MLM,3000,,3000,100.0,ZNE,train,gold,MQ_MLM_GOLD_20140430_082645
"bucket4$161,:3,:6001",2014-04-30T08:26:13.380000,MQ,SAM,3000,,3000,100.0,ZNE,train,gold,MQ_SAM_GOLD_20140430_082643
"bucket4$162,:3,:6001",2014-04-30T09:49:50.489900,MQ,BAM,3000,,3000,100.0,ZNE,train,gold,MQ_BAM_GOLD_20140430_095020
"bucket4$163,:3,:6001",2014-04-30T09:49:50.399900,MQ,GBM,3000,,3000,100.0,ZNE,train,gold,MQ_GBM_GOLD_20140430_095020
"bucket4$164,:3,:6001",2014-04-30T09:49:48.620000,MQ,LAM,3000,,3000,100.0,ZNE,train,gold,MQ_LAM_GOLD_20140430_095018
"bucket4$165,:3,:6001",2014-04-30T09:49:54.059900,MQ,MLM,3000,,3000,100.0,ZNE,train,gold,MQ_MLM_GOLD_20140430_095024
"bucket4$166,:3,:6001",2014-04-30T11:12:23.589900,MQ,BAM,3000,,3000,100.0,ZNE,train,gold,MQ_BAM_GOLD_20140430_111253
"bucket4$167,:3,:6001",2014-04-30T11:12:23.839900,MQ,CPM,3000,,3000,100.0,ZNE,train,gold,MQ_CPM_GOLD_20140430_111253
"bucket4$168,:3,:6001",2014-04-30T11:12:24.349900,MQ,GBM,3000,,3000,100.0,ZNE,train,gold,MQ_GBM_GOLD_20140430_111254
"bucket4$169,:3,:6001",2014-04-30T11:12:24.460000,MQ,LAM,3000,,3000,100.0,ZNE,train,gold,MQ_LAM_GOLD_20140430_111254
"bucket4$170,:3,:6001",2014-04-30T12:14:56.399900,MQ,BAM,3000,,3000,100.0,ZNE,train,gold,MQ_BAM_GOLD_20140430_121526
"bucket4$171,:3,:6001",2014-04-30T12:14:59.389900,MQ,GBM,3000,,3000,100.0,ZNE,train,gold,MQ_GBM_GOLD_20140430_121529
"bucket9$532,:3,:6001",2014-04-30T12:14:56.369900,MQ,MLM,3000,,3000,100.0,ZNE,dev,gold,MQ_MLM_GOLD_20140430_121526
"bucket6$539,:3,:6001",2014-04-30T12:15:02.330000,MQ,SAM,3000,3185.0,3000,100.0,ZNE,test,gold,MQ_SAM_GOLD_20140430_121532
"bucket4$172,:3,:6001",2014-04-30T22:38:48.829900,MQ,BAM,3000,,3000,100.0,ZNE,train,gold,MQ_BAM_GOLD_20140430_223918
"bucket4$173,:3,:6001",2014-04-30T22:38:47.549900,MQ,CPM,3000,,3000,100.0,ZNE,train,gold,MQ_CPM_GOLD_20140430_223917
"bucket9$533,:3,:6001",2014-04-30T22:38:52.210000,MQ,IA2,3000,3054.0,3000,100.0,ZNE,dev,gold,MQ_IA2_GOLD_20140430_223922
"bucket6$540,:3,:6001",2014-04-30T22:38:52.180000,MQ,SAM,3000,3128.0,3000,100.0,ZNE,test,gold,MQ_SAM_GOLD_20140430_223922
"bucket6$541,:3,:6001",2014-05-01T06:12:31.839900,MQ,BAM,3000,,3000,100.0,ZNE,test,gold,MQ_BAM_GOLD_20140501_061301
"bucket4$174,:3,:6001",2014-05-01T06:12:37.329900,MQ,CPM,3000,,3000,100.0,ZNE,train,gold,MQ_CPM_GOLD_20140501_061307
"bucket4$175,:3,:6001",2014-05-01T06:12:33.100000,MQ,IA2,3000,3354.0,3000,100.0,ZNE,train,gold,MQ_IA2_GOLD_20140501_061303
"bucket4$176,:3,:6001",2014-05-01T06:12:28.230000,MQ,SAM,3000,,3000,100.0,ZNE,train,gold,MQ_SAM_GOLD_20140501_061258
"bucket9$534,:3,:6001",2014-05-01T22:42:13.289900,MQ,BAM,3000,,3000,100.0,ZNE,dev,gold,MQ_BAM_GOLD_20140501_224243
"bucket4$177,:3,:6001",2014-05-01T22:42:11.959900,MQ,GBM,3000,,3000,100.0,ZNE,train,gold,MQ_GBM_GOLD_20140501_224241
"bucket4$178,:3,:6001",2014-05-01T22:42:12.880000,MQ,IA2,3000,3070.0,3000,100.0,ZNE,train,gold,MQ_IA2_GOLD_20140501_224242
"bucket4$179,:3,:6001",2014-05-01T22:42:11.850000,MQ,LAM,3000,3204.0,3000,100.0,ZNE,train,gold,MQ_LAM_GOLD_20140501_224241
"bucket9$535,:3,:6001",2014-05-01T22:42:13,MQ,SAM,3000,,3000,100.0,ZNE,dev,gold,MQ_SAM_GOLD_20140501_224243
"bucket6$542,:3,:6001",2014-05-02T00:21:04.779900,MQ,BAM,3000,,3000,100.0,ZNE,test,gold,MQ_BAM_GOLD_20140502_002134
"bucket4$180,:3,:6001",2014-05-02T00:21:05.919900,MQ,CPM,3000,,3000,100.0,ZNE,train,gold,MQ_CPM_GOLD_20140502_002135
"bucket4$181,:3,:6001",2014-05-02T00:21:05.800000,MQ,IA2,3000,3120.0,3000,100.0,ZNE,train,gold,MQ_IA2_GOLD_20140502_002135
"bucket9$536,:3,:6001",2014-05-02T00:21:05.500000,MQ,SAM,3000,3207.0,3000,100.0,ZNE,dev,gold,MQ_SAM_GOLD_20140502_002135
"bucket4$182,:3,:6001",2014-05-02T02:17:52.329900,MQ,BAM,3000,,3000,100.0,ZNE,train,gold,MQ_BAM_GOLD_20140502_021822
"bucket4$183,:3,:6001",2014-05-02T02:17:52.699900,MQ,CPM,3000,,3000,100.0,ZNE,train,gold,MQ_CPM_GOLD_20140502_021822
"bucket4$184,:3,:6001",2014-05-02T02:17:53.019900,MQ,GBM,3000,,3000,100.0,ZNE,train,gold,MQ_GBM_GOLD_20140502_021823
"bucket4$185,:3,:6001",2014-05-02T02:17:52.740000,MQ,IA2,3000,,3000,100.0,ZNE,train,gold,MQ_IA2_GOLD_20140502_021822
"bucket6$543,:3,:6001",2014-05-02T06:14:37.589900,MQ,BAM,3000,,3000,100.0,ZNE,test,gold,MQ_BAM_GOLD_20140502_061507
"bucket4$186,:3,:6001",2014-05-02T06:14:38.629900,MQ,CPM,3000,,3000,100.0,ZNE,train,gold,MQ_CPM_GOLD_20140502_061508
"bucket4$187,:3,:6001",2014-05-02T06:14:36.819900,MQ,GBM,3000,,3000,100.0,ZNE,train,gold,MQ_GBM_GOLD_20140502_061506
"bucket6$544,:3,:6001",2014-05-02T06:14:37.540000,MQ,IA2,3000,3068.0,3000,100.0,ZNE,test,gold,MQ_IA2_GOLD_20140502_061507
"bucket4$188,:3,:6001",2014-05-02T06:14:36.650000,MQ,LAM,3000,,3000,100.0,ZNE,train,gold,MQ_LAM_GOLD_20140502_061506
"bucket6$545,:3,:6001",2014-05-02T08:55:58.879900,MQ,BAM,3000,,3000,100.0,ZNE,test,gold,MQ_BAM_GOLD_20140502_085628
"bucket4$189,:3,:6001",2014-05-02T08:55:54.089900,MQ,GBM,3000,,3000,100.0,ZNE,train,gold,MQ_GBM_GOLD_20140502_085624
"bucket6$546,:3,:6001",2014-05-02T08:55:59.849900,MQ,MLM,3000,,3000,100.0,ZNE,test,gold,MQ_MLM_GOLD_20140502_085629
"bucket4$190,:3,:6001",2014-05-02T08:56:04.030000,MQ,SAM,3000,,3000,100.0,ZNE,train,gold,MQ_SAM_GOLD_20140502_085634
"bucket4$191,:3,:6001",2014-05-02T10:30:17.419900,MQ,BAM,3000,,3000,100.0,ZNE,train,gold,MQ_BAM_GOLD_20140502_103047
"bucket4$192,:3,:6001",2014-05-02T10:30:15.569900,MQ,CPM,3000,,3000,100.0,ZNE,train,gold,MQ_CPM_GOLD_20140502_103045
"bucket4$193,:3,:6001",2014-05-02T10:30:18.989900,MQ,GBM,3000,,3000,100.0,ZNE,train,gold,MQ_GBM_GOLD_20140502_103048
"bucket4$194,:3,:6001",2014-05-02T10:30:16.219900,MQ,MLM,3000,,3000,100.0,ZNE,train,gold,MQ_MLM_GOLD_20140502_103046
"bucket4$195,:3,:6001",2014-05-02T10:39:02.009900,MQ,BAM,3000,,3000,100.0,ZNE,train,gold,MQ_BAM_GOLD_20140502_103932
"bucket4$196,:3,:6001",2014-05-02T10:39:02.859900,MQ,CPM,3000,,3000,100.0,ZNE,train,gold,MQ_CPM_GOLD_20140502_103932
"bucket4$197,:3,:6001",2014-05-02T10:39:01.429900,MQ,GBM,3000,,3000,100.0,ZNE,train,gold,MQ_GBM_GOLD_20140502_103931
"bucket4$198,:3,:6001",2014-05-02T10:39:02.380000,MQ,IA2,3000,3057.0,3000,100.0,ZNE,train,gold,MQ_IA2_GOLD_20140502_103932
"bucket4$199,:3,:6001",2014-05-02T10:39:01.290000,MQ,LAM,3000,3265.0,3000,100.0,ZNE,train,gold,MQ_LAM_GOLD_20140502_103931
"bucket4$200,:3,:6001",2014-05-02T10:39:02.550000,MQ,SAM,3000,3150.0,3000,100.0,ZNE,train,gold,MQ_SAM_GOLD_20140502_103932
"bucket6$547,:3,:6001",2014-05-02T11:06:16.879900,MQ,BAM,3000,,3000,100.0,ZNE,test,gold,MQ_BAM_GOLD_20140502_110646
"bucket9$537,:3,:6001",2014-05-02T11:06:10.329900,MQ,CPM,3000,,3000,100.0,ZNE,dev,gold,MQ_CPM_GOLD_20140502_110640
"bucket4$201,:3,:6001",2014-05-02T11:06:14.660000,MQ,IA2,3000,3136.0,3000,100.0,ZNE,train,gold,MQ_IA2_GOLD_20140502_110644
"bucket4$202,:3,:6001",2014-05-02T11:06:14.499900,MQ,MLM,3000,,3000,100.0,ZNE,train,gold,MQ_MLM_GOLD_20140502_110644
"bucket4$203,:3,:6001",2014-05-02T11:54:29.389900,MQ,BAM,3000,,3000,100.0,ZNE,train,gold,MQ_BAM_GOLD_20140502_115459
"bucket4$204,:3,:6001",2014-05-02T11:54:27.159900,MQ,GBM,3000,,3000,100.0,ZNE,train,gold,MQ_GBM_GOLD_20140502_115457
"bucket4$205,:3,:6001",2014-05-02T11:54:23.890000,MQ,LAM,3000,,3000,100.0,ZNE,train,gold,MQ_LAM_GOLD_20140502_115453
"bucket4$206,:3,:6001",2014-05-02T11:54:31.469900,MQ,MLM,3000,,3000,100.0,ZNE,train,gold,MQ_MLM_GOLD_20140502_115501
"bucket4$207,:3,:6001",2014-05-02T12:20:40.369900,MQ,BAM,3000,,3000,100.0,ZNE,train,gold,MQ_BAM_GOLD_20140502_122110
"bucket4$208,:3,:6001",2014-05-02T12:20:32.469900,MQ,GBM,3000,,3000,100.0,ZNE,train,gold,MQ_GBM_GOLD_20140502_122102
"bucket4$209,:3,:6001",2014-05-02T12:20:36.989900,MQ,MLM,3000,,3000,100.0,ZNE,train,gold,MQ_MLM_GOLD_20140502_122106
"bucket9$538,:3,:6001",2014-05-02T12:20:36.600000,MQ,SAM,3000,3175.0,3000,100.0,ZNE,dev,gold,MQ_SAM_GOLD_20140502_122106
"bucket4$210,:3,:6001",2014-05-02T12:42:24.019900,MQ,BAM,3000,,3000,100.0,ZNE,train,gold,MQ_BAM_GOLD_20140502_124254
"bucket4$211,:3,:6001",2014-05-02T12:42:23.629900,MQ,CPM,3000,,3000,100.0,ZNE,train,gold,MQ_CPM_GOLD_20140502_124253
"bucket4$212,:3,:6001",2014-05-02T12:42:23.450000,MQ,IA2,3000,3272.0,3000,100.0,ZNE,train,gold,MQ_IA2_GOLD_20140502_124253
"bucket4$213,:3,:6001",2014-05-02T12:42:27.589900,MQ,MLM,3000,,3000,100.0,ZNE,train,gold,MQ_MLM_GOLD_20140502_124257
"bucket4$214,:3,:6001",2014-05-02T13:53:43.389900,MQ,BAM,3000,,3000,100.0,ZNE,train,gold,MQ_BAM_GOLD_20140502_135413
"bucket4$215,:3,:6001",2014-05-02T13:53:44.329900,MQ,MLM,3000,,3000,100.0,ZNE,train,gold,MQ_MLM_GOLD_20140502_135414
"bucket4$216,:3,:6001",2014-05-02T13:53:44.360000,MQ,SAM,3000,3165.0,3000,100.0,ZNE,train,gold,MQ_SAM_GOLD_20140502_135414
"bucket9$539,:3,:6001",2014-05-02T14:54:14.779900,MQ,MLM,3000,,3000,100.0,ZNE,dev,gold,MQ_MLM_GOLD_20140502_145444
"bucket4$217,:3,:6001",2014-05-02T14:54:13.490000,MQ,SAM,3000,3165.0,3000,100.0,ZNE,train,gold,MQ_SAM_GOLD_20140502_145443
"bucket4$218,:3,:6001",2014-05-02T14:54:45.669900,MQ,CPM,3000,,3000,100.0,ZNE,train,gold,MQ_CPM_GOLD_20140502_145515
"bucket4$219,:3,:6001",2014-05-02T16:12:10.269900,MQ,CPM,3000,,3000,100.0,ZNE,train,gold,MQ_CPM_GOLD_20140502_161240
"bucket4$220,:3,:6001",2014-05-02T16:23:27.319900,MQ,CPM,3000,,3000,100.0,ZNE,train,gold,MQ_CPM_GOLD_20140502_162357
"bucket6$548,:3,:6001",2014-05-02T16:23:27.990000,MQ,SAM,3000,,3000,100.0,ZNE,test,gold,MQ_SAM_GOLD_20140502_162357
"bucket4$221,:3,:6001",2014-05-02T19:13:08.389900,MQ,CPM,3000,,3000,100.0,ZNE,train,gold,MQ_CPM_GOLD_20140502_191338
"bucket6$549,:3,:6001",2014-05-02T19:46:11.209900,MQ,BAM,3000,,3000,100.0,ZNE,test,gold,MQ_BAM_GOLD_20140502_194641
"bucket6$550,:3,:6001",2014-05-02T19:46:11.919900,MQ,MLM,3000,,3000,100.0,ZNE,test,gold,MQ_MLM_GOLD_20140502_194641
"bucket4$222,:3,:6001",2014-05-02T23:16:05.590000,MQ,SAM,3000,3195.0,3000,100.0,ZNE,train,gold,MQ_SAM_GOLD_20140502_231635
"bucket4$223,:3,:6001",2014-05-03T00:44:38.329900,MQ,BAM,3000,,3000,100.0,ZNE,train,gold,MQ_BAM_GOLD_20140503_004508
"bucket4$224,:3,:6001",2014-05-03T00:44:42.209900,MQ,CPM,3000,,3000,100.0,ZNE,train,gold,MQ_CPM_GOLD_20140503_004512
"bucket4$225,:3,:6001",2014-05-03T00:52:14.829900,MQ,BAM,3000,,3000,100.0,ZNE,train,gold,MQ_BAM_GOLD_20140503_005244
"bucket4$226,:3,:6001",2014-05-03T00:52:24.679900,MQ,CPM,3000,,3000,100.0,ZNE,train,gold,MQ_CPM_GOLD_20140503_005254
"bucket4$227,:3,:6001",2014-05-03T00:52:20.439900,MQ,GBM,3000,,3000,100.0,ZNE,train,gold,MQ_GBM_GOLD_20140503_005250
"bucket4$228,:3,:6001",2014-05-03T00:52:15.700000,MQ,SAM,3000,3140.0,3000,100.0,ZNE,train,gold,MQ_SAM_GOLD_20140503_005245
"bucket4$229,:3,:6001",2014-05-03T01:04:31.939900,MQ,BAM,3000,,3000,100.0,ZNE,train,gold,MQ_BAM_GOLD_20140503_010501
"bucket4$230,:3,:6001",2014-05-03T02:58:49.059900,MQ,CPM,3000,,3000,100.0,ZNE,train,gold,MQ_CPM_GOLD_20140503_025919
"bucket4$231,:3,:6001",2014-05-03T03:04:57.879900,MQ,BAM,3000,,3000,100.0,ZNE,train,gold,MQ_BAM_GOLD_20140503_030527
"bucket4$232,:3,:6001",2014-05-03T03:04:59.189900,MQ,CPM,3000,,3000,100.0,ZNE,train,gold,MQ_CPM_GOLD_20140503_030529
"bucket4$233,:3,:6001",2014-05-03T03:04:56.819900,MQ,GBM,3000,,3000,100.0,ZNE,train,gold,MQ_GBM_GOLD_20140503_030526
"bucket6$551,:3,:6001",2014-05-03T03:04:57.660000,MQ,IA2,3000,,3000,100.0,ZNE,test,gold,MQ_IA2_GOLD_20140503_030527
"bucket4$234,:3,:6001",2014-05-03T07:52:13.029900,MQ,BAM,3000,,3000,100.0,ZNE,train,gold,MQ_BAM_GOLD_20140503_075243
"bucket4$235,:3,:6001",2014-05-03T07:52:12.299900,MQ,CPM,3000,,3000,100.0,ZNE,train,gold,MQ_CPM_GOLD_20140503_075242
"bucket4$236,:3,:6001",2014-05-03T07:52:12.319900,MQ,GBM,3000,,3000,100.0,ZNE,train,gold,MQ_GBM_GOLD_20140503_075242
"bucket4$237,:3,:6001",2014-05-03T07:52:11.910000,MQ,IA2,3000,3064.0,3000,100.0,ZNE,train,gold,MQ_IA2_GOLD_20140503_075241
"bucket4$238,:3,:6001",2014-05-03T08:22:36.899900,MQ,BAM,3000,,3000,100.0,ZNE,train,gold,MQ_BAM_GOLD_20140503_082306
"bucket4$239,:3,:6001",2014-05-03T08:22:37.319900,MQ,CPM,3000,,3000,100.0,ZNE,train,gold,MQ_CPM_GOLD_20140503_082307
"bucket4$240,:3,:6001",2014-05-03T08:22:39.039900,MQ,GBM,3000,,3000,100.0,ZNE,train,gold,MQ_GBM_GOLD_20140503_082309
"bucket4$241,:3,:6001",2014-05-03T08:22:36.440000,MQ,IA2,3000,3062.0,3000,100.0,ZNE,train,gold,MQ_IA2_GOLD_20140503_082306
"bucket4$242,:3,:6001",2014-05-03T09:38:11.579900,MQ,BAM,3000,,3000,100.0,ZNE,train,gold,MQ_BAM_GOLD_20140503_093841
"bucket4$243,:3,:6001",2014-05-03T09:38:15.669900,MQ,CPM,3000,,3000,100.0,ZNE,train,gold,MQ_CPM_GOLD_20140503_093845
"bucket4$244,:3,:6001",2014-05-03T09:38:06.770000,MQ,IA2,3000,3061.0,3000,100.0,ZNE,train,gold,MQ_IA2_GOLD_20140503_093836
"bucket9$540,:3,:6001",2014-05-03T09:38:09.300000,MQ,LAM,3000,,3000,100.0,ZNE,dev,gold,MQ_LAM_GOLD_20140503_093839
"bucket4$245,:3,:6001",2014-05-03T10:51:55.369900,MQ,BAM,3000,,3000,100.0,ZNE,train,gold,MQ_BAM_GOLD_20140503_105225
"bucket9$541,:3,:6001",2014-05-03T10:51:51.849900,MQ,CPM,3000,,3000,100.0,ZNE,dev,gold,MQ_CPM_GOLD_20140503_105221
"bucket9$542,:3,:6001",2014-05-03T10:51:51.279900,MQ,GBM,3000,,3000,100.0,ZNE,dev,gold,MQ_GBM_GOLD_20140503_105221
"bucket4$246,:3,:6001",2014-05-03T10:51:53.080000,MQ,IA2,3000,,3000,100.0,ZNE,train,gold,MQ_IA2_GOLD_20140503_105223
"bucket4$247,:3,:6001",2014-05-03T10:52:42.599900,MQ,BAM,3000,,3000,100.0,ZNE,train,gold,MQ_BAM_GOLD_20140503_105312
"bucket4$248,:3,:6001",2014-05-03T10:52:43.719900,MQ,CPM,3000,,3000,100.0,ZNE,train,gold,MQ_CPM_GOLD_20140503_105313
"bucket4$249,:3,:6001",2014-05-03T10:52:43.720000,MQ,IA2,3000,3145.0,3000,100.0,ZNE,train,gold,MQ_IA2_GOLD_20140503_105313
"bucket4$250,:3,:6001",2014-05-03T10:52:47.889900,MQ,MLM,3000,,3000,100.0,ZNE,train,gold,MQ_MLM_GOLD_20140503_105317
"bucket4$251,:3,:6001",2014-05-03T11:16:58.759900,MQ,BAM,3000,,3000,100.0,ZNE,train,gold,MQ_BAM_GOLD_20140503_111728
"bucket4$252,:3,:6001",2014-05-03T11:17:03.459900,MQ,CPM,3000,,3000,100.0,ZNE,train,gold,MQ_CPM_GOLD_20140503_111733
"bucket4$253,:3,:6001",2014-05-03T11:17:00.250000,MQ,IA2,3000,2789.0,3000,100.0,ZNE,train,gold,MQ_IA2_GOLD_20140503_111730
"bucket4$254,:3,:6001",2014-05-03T11:16:56.759900,MQ,MLM,3000,,3000,100.0,ZNE,train,gold,MQ_MLM_GOLD_20140503_111726
"bucket6$552,:3,:6001",2014-05-03T11:49:14.819900,MQ,CPM,3000,,3000,100.0,ZNE,test,gold,MQ_CPM_GOLD_20140503_114944
"bucket6$553,:3,:6001",2014-05-03T11:49:18.430000,MQ,IA2,3000,3121.0,3000,100.0,ZNE,test,gold,MQ_IA2_GOLD_20140503_114948
"bucket9$543,:3,:6001",2014-05-03T11:49:14.610000,MQ,LAM,3000,,3000,100.0,ZNE,dev,gold,MQ_LAM_GOLD_20140503_114944
"bucket4$255,:3,:6001",2014-05-03T11:49:11.969900,MQ,MLM,3000,,3000,100.0,ZNE,train,gold,MQ_MLM_GOLD_20140503_114941
"bucket9$544,:3,:6001",2014-05-03T16:21:31.209900,MQ,BAM,3000,,3000,100.0,ZNE,dev,gold,MQ_BAM_GOLD_20140503_162201
"bucket4$256,:3,:6001",2014-05-03T16:21:32.029900,MQ,CPM,3000,,3000,100.0,ZNE,train,gold,MQ_CPM_GOLD_20140503_162202
"bucket4$257,:3,:6001",2014-05-03T16:21:30.089900,MQ,GBM,3000,,3000,100.0,ZNE,train,gold,MQ_GBM_GOLD_20140503_162200
"bucket4$258,:3,:6001",2014-05-03T16:21:31.020000,MQ,IA2,3000,3254.0,3000,100.0,ZNE,train,gold,MQ_IA2_GOLD_20140503_162201
"bucket6$554,:3,:6001",2014-05-03T18:53:02.199900,MQ,BAM,3000,,3000,100.0,ZNE,test,gold,MQ_BAM_GOLD_20140503_185332
"bucket6$555,:3,:6001",2014-05-03T18:53:06.929900,MQ,CPM,3000,,3000,100.0,ZNE,test,gold,MQ_CPM_GOLD_20140503_185336
"bucket4$259,:3,:6001",2014-05-03T18:53:07.290000,MQ,IA2,3000,,3000,100.0,ZNE,train,gold,MQ_IA2_GOLD_20140503_185337
"bucket4$260,:3,:6001",2014-05-03T18:53:05.840000,MQ,SAM,3000,,3000,100.0,ZNE,train,gold,MQ_SAM_GOLD_20140503_185335
"bucket4$261,:3,:6001",2014-05-03T19:28:45.279900,MQ,BAM,3000,,3000,100.0,ZNE,train,gold,MQ_BAM_GOLD_20140503_192915
"bucket4$262,:3,:6001",2014-05-03T19:28:45.849900,MQ,CPM,3000,,3000,100.0,ZNE,train,gold,MQ_CPM_GOLD_20140503_192915
"bucket4$263,:3,:6001",2014-05-03T19:28:51.869900,MQ,GBM,3000,,3000,100.0,ZNE,train,gold,MQ_GBM_GOLD_20140503_192921
"bucket4$264,:3,:6001",2014-05-03T19:28:49.510000,MQ,SAM,3000,,3000,100.0,ZNE,train,gold,MQ_SAM_GOLD_20140503_192919
"bucket4$265,:3,:6001",2014-05-03T21:07:18.799900,MQ,BAM,3000,,3000,100.0,ZNE,train,gold,MQ_BAM_GOLD_20140503_210748
"bucket4$266,:3,:6001",2014-05-03T21:07:20.669900,MQ,CPM,3000,,3000,100.0,ZNE,train,gold,MQ_CPM_GOLD_20140503_210750
"bucket4$267,:3,:6001",2014-05-03T21:07:20.959900,MQ,GBM,3000,,3000,100.0,ZNE,train,gold,MQ_GBM_GOLD_20140503_210750
"bucket4$268,:3,:6001",2014-05-03T21:07:20.670000,MQ,IA2,3000,3156.0,3000,100.0,ZNE,train,gold,MQ_IA2_GOLD_20140503_210750
"bucket4$269,:3,:6001",2014-05-04T00:04:37.049900,MQ,BAM,3000,,3000,100.0,ZNE,train,gold,MQ_BAM_GOLD_20140504_000507
"bucket4$270,:3,:6001",2014-05-04T00:04:36.879900,MQ,CPM,3000,,3000,100.0,ZNE,train,gold,MQ_CPM_GOLD_20140504_000506
"bucket4$271,:3,:6001",2014-05-04T00:04:32.920000,MQ,IA2,3000,,3000,100.0,ZNE,train,gold,MQ_IA2_GOLD_20140504_000502
"bucket4$272,:3,:6001",2014-05-04T00:04:36.290000,MQ,SAM,3000,,3000,100.0,ZNE,train,gold,MQ_SAM_GOLD_20140504_000506
"bucket4$273,:3,:6001",2014-05-04T01:34:07.159900,MQ,BAM,3000,,3000,100.0,ZNE,train,gold,MQ_BAM_GOLD_20140504_013437
"bucket4$274,:3,:6001",2014-05-04T01:34:04.909900,MQ,CPM,3000,,3000,100.0,ZNE,train,gold,MQ_CPM_GOLD_20140504_013434
"bucket4$275,:3,:6001",2014-05-04T01:34:05.020000,MQ,IA2,3000,3234.0,3000,100.0,ZNE,train,gold,MQ_IA2_GOLD_20140504_013435
"bucket4$276,:3,:6001",2014-05-04T01:34:02.340000,MQ,SAM,3000,,3000,100.0,ZNE,train,gold,MQ_SAM_GOLD_20140504_013432
"bucket4$277,:3,:6001",2014-05-04T02:23:12.399900,MQ,BAM,3000,,3000,100.0,ZNE,train,gold,MQ_BAM_GOLD_20140504_022342
"bucket9$545,:3,:6001",2014-05-04T02:23:09.429900,MQ,CPM,3000,,3000,100.0,ZNE,dev,gold,MQ_CPM_GOLD_20140504_022339
"bucket4$278,:3,:6001",2014-05-04T02:23:08.869900,MQ,GBM,3000,,3000,100.0,ZNE,train,gold,MQ_GBM_GOLD_20140504_022338
"bucket4$279,:3,:6001",2014-05-04T02:23:10.060000,MQ,IA2,3000,3231.0,3000,100.0,ZNE,train,gold,MQ_IA2_GOLD_20140504_022340
"bucket6$556,:3,:6001",2014-05-04T02:31:21.749900,MQ,BAM,3000,,3000,100.0,ZNE,test,gold,MQ_BAM_GOLD_20140504_023151
"bucket4$280,:3,:6001",2014-05-04T02:31:22.129900,MQ,CPM,3000,,3000,100.0,ZNE,train,gold,MQ_CPM_GOLD_20140504_023152
"bucket4$281,:3,:6001",2014-05-04T02:31:21.649900,MQ,GBM,3000,,3000,100.0,ZNE,train,gold,MQ_GBM_GOLD_20140504_023151
"bucket4$282,:3,:6001",2014-05-04T02:31:21.790000,MQ,IA2,3000,,3000,100.0,ZNE,train,gold,MQ_IA2_GOLD_20140504_023151
"bucket4$283,:3,:6001",2014-05-04T02:31:21.629900,MQ,MLM,3000,,3000,100.0,ZNE,train,gold,MQ_MLM_GOLD_20140504_023151
"bucket4$284,:3,:6001",2014-05-04T02:31:22.510000,MQ,SAM,3000,,3000,100.0,ZNE,train,gold,MQ_SAM_GOLD_20140504_023152
"bucket4$285,:3,:6001",2014-05-04T02:31:39.009900,MQ,BAM,3000,,3000,100.0,ZNE,train,gold,MQ_BAM_GOLD_20140504_023209
"bucket6$557,:3,:6001",2014-05-04T02:31:39.079900,MQ,CPM,3000,,3000,100.0,ZNE,test,gold,MQ_CPM_GOLD_20140504_023209
"bucket4$286,:3,:6001",2014-05-04T02:31:38.459900,MQ,GBM,3000,,3000,100.0,ZNE,train,gold,MQ_GBM_GOLD_20140504_023208
"bucket4$287,:3,:6001",2014-05-04T02:31:38.460000,MQ,IA2,3000,3151.0,3000,100.0,ZNE,train,gold,MQ_IA2_GOLD_20140504_023208
"bucket6$558,:3,:6001",2014-05-04T04:23:53.119900,MQ,BAM,3000,,3000,100.0,ZNE,test,gold,MQ_BAM_GOLD_20140504_042423
"bucket4$288,:3,:6001",2014-05-04T04:23:53.309900,MQ,CPM,3000,,3000,100.0,ZNE,train,gold,MQ_CPM_GOLD_20140504_042423
"bucket4$289,:3,:6001",2014-05-04T04:23:52.459900,MQ,GBM,3000,,3000,100.0,ZNE,train,gold,MQ_GBM_GOLD_20140504_042422
"bucket9$546,:3,:6001",2014-05-04T04:23:53.410000,MQ,IA2,3000,3174.0,3000,100.0,ZNE,dev,gold,MQ_IA2_GOLD_20140504_042423
"bucket6$559,:3,:6001",2014-05-04T06:33:33.439900,MQ,BAM,3000,,3000,100.0,ZNE,test,gold,MQ_BAM_GOLD_20140504_063403
"bucket4$290,:3,:6001",2014-05-04T06:33:31.909900,MQ,GBM,3000,,3000,100.0,ZNE,train,gold,MQ_GBM_GOLD_20140504_063401
"bucket4$291,:3,:6001",2014-05-04T06:33:32.190000,MQ,IA2,3000,,3000,100.0,ZNE,train,gold,MQ_IA2_GOLD_20140504_063402
"bucket4$292,:3,:6001",2014-05-04T06:33:33.659900,MQ,MLM,3000,,3000,100.0,ZNE,train,gold,MQ_MLM_GOLD_20140504_063403
"bucket4$293,:3,:6001",2014-05-04T07:26:15.959900,MQ,CPM,3000,,3000,100.0,ZNE,train,gold,MQ_CPM_GOLD_20140504_072645
"bucket4$294,:3,:6001",2014-05-04T07:26:13.880000,MQ,SAM,3000,,3000,100.0,ZNE,train,gold,MQ_SAM_GOLD_20140504_072643
"bucket9$547,:3,:6001",2014-05-04T08:18:41.369900,MQ,BAM,3000,,3000,100.0,ZNE,dev,gold,MQ_BAM_GOLD_20140504_081911
"bucket4$295,:3,:6001",2014-05-04T08:18:37.999900,MQ,CPM,3000,,3000,100.0,ZNE,train,gold,MQ_CPM_GOLD_20140504_081907
"bucket4$296,:3,:6001",2014-05-04T08:18:46.009900,MQ,GBM,3000,,3000,100.0,ZNE,train,gold,MQ_GBM_GOLD_20140504_081916
"bucket4$297,:3,:6001",2014-05-04T08:18:38.120000,MQ,SAM,3000,3415.0,3000,100.0,ZNE,train,gold,MQ_SAM_GOLD_20140504_081908
"bucket4$298,:3,:6001",2014-05-04T09:42:35.409900,MQ,BAM,3000,,3000,100.0,ZNE,train,gold,MQ_BAM_GOLD_20140504_094305
"bucket4$299,:3,:6001",2014-05-04T09:42:34.119900,MQ,CPM,3000,,3000,100.0,ZNE,train,gold,MQ_CPM_GOLD_20140504_094304
"bucket4$300,:3,:6001",2014-05-04T09:42:38.769900,MQ,GBM,3000,,3000,100.0,ZNE,train,gold,MQ_GBM_GOLD_20140504_094308
"bucket4$301,:3,:6001",2014-05-04T09:42:34.110000,MQ,SAM,3000,3153.0,3000,100.0,ZNE,train,gold,MQ_SAM_GOLD_20140504_094304
"bucket4$302,:3,:6001",2014-05-04T12:44:40.389900,MQ,BAM,3000,,3000,100.0,ZNE,train,gold,MQ_BAM_GOLD_20140504_124510
"bucket9$548,:3,:6001",2014-05-04T12:44:33.709900,MQ,CPM,3000,,3000,100.0,ZNE,dev,gold,MQ_CPM_GOLD_20140504_124503
"bucket4$303,:3,:6001",2014-05-04T12:44:38.019900,MQ,GBM,3000,,3000,100.0,ZNE,train,gold,MQ_GBM_GOLD_20140504_124508
"bucket6$560,:3,:6001",2014-05-04T12:44:36.550000,MQ,SAM,3000,3457.0,3000,100.0,ZNE,test,gold,MQ_SAM_GOLD_20140504_124506
"bucket4$304,:3,:6001",2014-05-04T15:36:00.399900,MQ,CPM,3000,,3000,100.0,ZNE,train,gold,MQ_CPM_GOLD_20140504_153630
"bucket4$305,:3,:6001",2014-05-04T15:36:00.479900,MQ,GBM,3000,,3000,100.0,ZNE,train,gold,MQ_GBM_GOLD_20140504_153630
"bucket4$306,:3,:6001",2014-05-04T15:36:00.240000,MQ,IA2,3000,,3000,100.0,ZNE,train,gold,MQ_IA2_GOLD_20140504_153630
"bucket4$307,:3,:6001",2014-05-04T15:35:58.790000,MQ,SAM,3000,3187.0,3000,100.0,ZNE,train,gold,MQ_SAM_GOLD_20140504_153628
"bucket6$561,:3,:6001",2014-05-04T19:53:33.929900,MQ,BAM,3000,,3000,100.0,ZNE,test,gold,MQ_BAM_GOLD_20140504_195403
"bucket6$562,:3,:6001",2014-05-04T19:53:33.469900,MQ,GBM,3000,,3000,100.0,ZNE,test,gold,MQ_GBM_GOLD_20140504_195403
"bucket4$308,:3,:6001",2014-05-04T19:53:33.350000,MQ,LAM,3000,,3000,100.0,ZNE,train,gold,MQ_LAM_GOLD_20140504_195403
"bucket6$563,:3,:6001",2014-05-04T19:53:35.740000,MQ,SAM,3000,,3000,100.0,ZNE,test,gold,MQ_SAM_GOLD_20140504_195405
"bucket9$549,:3,:6001",2014-05-04T22:36:22.149900,MQ,BAM,3000,,3000,100.0,ZNE,dev,gold,MQ_BAM_GOLD_20140504_223652
"bucket6$564,:3,:6001",2014-05-04T22:36:26.329900,MQ,CPM,3000,,3000,100.0,ZNE,test,gold,MQ_CPM_GOLD_20140504_223656
"bucket4$309,:3,:6001",2014-05-04T22:36:21.339900,MQ,GBM,3000,,3000,100.0,ZNE,train,gold,MQ_GBM_GOLD_20140504_223651
"bucket6$565,:3,:6001",2014-05-04T22:36:22.280000,MQ,SAM,3000,3195.0,3000,100.0,ZNE,test,gold,MQ_SAM_GOLD_20140504_223652
"bucket9$550,:3,:6001",2014-05-04T23:25:48.139900,MQ,BAM,3000,,3000,100.0,ZNE,dev,gold,MQ_BAM_GOLD_20140504_232618
"bucket4$310,:3,:6001",2014-05-04T23:25:49.339900,MQ,CPM,3000,,3000,100.0,ZNE,train,gold,MQ_CPM_GOLD_20140504_232619
"bucket9$551,:3,:6001",2014-05-04T23:25:48.659900,MQ,GBM,3000,,3000,100.0,ZNE,dev,gold,MQ_GBM_GOLD_20140504_232618
"bucket6$566,:3,:6001",2014-05-04T23:25:49.020000,MQ,IA2,3000,3173.0,3000,100.0,ZNE,test,gold,MQ_IA2_GOLD_20140504_232619
"bucket6$567,:3,:6001",2014-05-05T01:51:44.459900,MQ,BAM,3000,,3000,100.0,ZNE,test,gold,MQ_BAM_GOLD_20140505_015214
"bucket4$311,:3,:6001",2014-05-05T01:51:41.249900,MQ,CPM,3000,,3000,100.0,ZNE,train,gold,MQ_CPM_GOLD_20140505_015211
"bucket4$312,:3,:6001",2014-05-05T01:51:43.699900,MQ,GBM,3000,,3000,100.0,ZNE,train,gold,MQ_GBM_GOLD_20140505_015213
"bucket4$313,:3,:6001",2014-05-05T01:51:44.640000,MQ,IA2,3000,,3000,100.0,ZNE,train,gold,MQ_IA2_GOLD_20140505_015214
"bucket4$314,:3,:6001",2014-05-05T01:51:43.700000,MQ,LAM,3000,,3000,100.0,ZNE,train,gold,MQ_LAM_GOLD_20140505_015213
"bucket4$315,:3,:6001",2014-05-05T04:47:29.679900,MQ,BAM,3000,,3000,100.0,ZNE,train,gold,MQ_BAM_GOLD_20140505_044759
"bucket4$316,:3,:6001",2014-05-05T04:47:34.889900,MQ,CPM,3000,,3000,100.0,ZNE,train,gold,MQ_CPM_GOLD_20140505_044804
"bucket9$552,:3,:6001",2014-05-05T04:47:33.599900,MQ,GBM,3000,,3000,100.0,ZNE,dev,gold,MQ_GBM_GOLD_20140505_044803
"bucket6$568,:3,:6001",2014-05-05T04:47:29.740000,MQ,IA2,3000,3227.0,3000,100.0,ZNE,test,gold,MQ_IA2_GOLD_20140505_044759
"bucket4$317,:3,:6001",2014-05-05T06:19:51.859900,MQ,BAM,3000,,3000,100.0,ZNE,train,gold,MQ_BAM_GOLD_20140505_062021
"bucket4$318,:3,:6001",2014-05-05T06:19:51.659900,MQ,GBM,3000,,3000,100.0,ZNE,train,gold,MQ_GBM_GOLD_20140505_062021
"bucket4$319,:3,:6001",2014-05-05T06:19:52.380000,MQ,IA2,3000,3084.0,3000,100.0,ZNE,train,gold,MQ_IA2_GOLD_20140505_062022
"bucket6$569,:3,:6001",2014-05-05T06:19:51.220000,MQ,LAM,3000,,3000,100.0,ZNE,test,gold,MQ_LAM_GOLD_20140505_062021
"bucket4$320,:3,:6001",2014-05-05T06:19:55.589900,MQ,MLM,3000,,3000,100.0,ZNE,train,gold,MQ_MLM_GOLD_20140505_062025
"bucket4$321,:3,:6001",2014-05-05T06:19:52.680000,MQ,SAM,3000,3102.0,3000,100.0,ZNE,train,gold,MQ_SAM_GOLD_20140505_062022
"bucket4$322,:3,:6001",2014-05-05T07:39:04.569900,MQ,BAM,3000,,3000,100.0,ZNE,train,gold,MQ_BAM_GOLD_20140505_073934
"bucket4$323,:3,:6001",2014-05-05T07:39:04.529900,MQ,CPM,3000,,3000,100.0,ZNE,train,gold,MQ_CPM_GOLD_20140505_073934
"bucket4$324,:3,:6001",2014-05-05T07:39:03.869900,MQ,GBM,3000,,3000,100.0,ZNE,train,gold,MQ_GBM_GOLD_20140505_073933
"bucket4$325,:3,:6001",2014-05-05T07:39:03.360000,MQ,IA2,3000,3240.0,3000,100.0,ZNE,train,gold,MQ_IA2_GOLD_20140505_073933
"bucket4$326,:3,:6001",2014-05-05T08:06:19.919900,MQ,BAM,3000,,3000,100.0,ZNE,train,gold,MQ_BAM_GOLD_20140505_080649
"bucket4$327,:3,:6001",2014-05-05T08:06:19.139900,MQ,CPM,3000,,3000,100.0,ZNE,train,gold,MQ_CPM_GOLD_20140505_080649
"bucket6$570,:3,:6001",2014-05-05T08:06:18.399900,MQ,GBM,3000,,3000,100.0,ZNE,test,gold,MQ_GBM_GOLD_20140505_080648
"bucket4$328,:3,:6001",2014-05-05T08:06:18.100000,MQ,IA2,3000,3078.0,3000,100.0,ZNE,train,gold,MQ_IA2_GOLD_20140505_080648
"bucket4$329,:3,:6001",2014-05-05T08:06:24.840000,MQ,SAM,3000,,3000,100.0,ZNE,train,gold,MQ_SAM_GOLD_20140505_080654
"bucket4$330,:3,:6001",2014-05-05T08:31:07.859900,MQ,CPM,3000,,3000,100.0,ZNE,train,gold,MQ_CPM_GOLD_20140505_083137
"bucket9$553,:3,:6001",2014-05-05T08:31:07.359900,MQ,GBM,3000,,3000,100.0,ZNE,dev,gold,MQ_GBM_GOLD_20140505_083137
"bucket4$331,:3,:6001",2014-05-05T08:31:10.909900,MQ,MLM,3000,,3000,100.0,ZNE,train,gold,MQ_MLM_GOLD_20140505_083140
"bucket4$332,:3,:6001",2014-05-05T08:31:13.590000,MQ,SAM,3000,,3000,100.0,ZNE,train,gold,MQ_SAM_GOLD_20140505_083143
"bucket4$333,:3,:6001",2014-05-05T09:32:36.669900,MQ,BAM,3000,,3000,100.0,ZNE,train,gold,MQ_BAM_GOLD_20140505_093306
"bucket4$334,:3,:6001",2014-05-05T09:32:44.049900,MQ,CPM,3000,,3000,100.0,ZNE,train,gold,MQ_CPM_GOLD_20140505_093314
"bucket4$335,:3,:6001",2014-05-05T09:32:40.960000,MQ,LAM,3000,3104.0,3000,100.0,ZNE,train,gold,MQ_LAM_GOLD_20140505_093310
"bucket9$554,:3,:6001",2014-05-05T09:32:36.840000,MQ,SAM,3000,3056.0,3000,100.0,ZNE,dev,gold,MQ_SAM_GOLD_20140505_093306
"bucket4$336,:3,:6001",2014-05-05T09:55:02.579900,MQ,BAM,3000,,3000,100.0,ZNE,train,gold,MQ_BAM_GOLD_20140505_095532
"bucket4$337,:3,:6001",2014-05-05T09:54:58.809900,MQ,CPM,3000,,3000,100.0,ZNE,train,gold,MQ_CPM_GOLD_20140505_095528
"bucket4$338,:3,:6001",2014-05-05T09:54:56.709900,MQ,GBM,3000,,3000,100.0,ZNE,train,gold,MQ_GBM_GOLD_20140505_095526
"bucket4$339,:3,:6001",2014-05-05T09:55:01.929900,MQ,MLM,3000,,3000,100.0,ZNE,train,gold,MQ_MLM_GOLD_20140505_095531
"bucket4$340,:3,:6001",2014-05-05T09:59:02.259900,MQ,BAM,3000,,3000,100.0,ZNE,train,gold,MQ_BAM_GOLD_20140505_095932
"bucket4$341,:3,:6001",2014-05-05T09:58:57.419900,MQ,GBM,3000,,3000,100.0,ZNE,train,gold,MQ_GBM_GOLD_20140505_095927
"bucket4$342,:3,:6001",2014-05-05T09:58:52.560000,MQ,IA2,3000,,3000,100.0,ZNE,train,gold,MQ_IA2_GOLD_20140505_095922
"bucket4$343,:3,:6001",2014-05-05T09:59:00.989900,MQ,MLM,3000,,3000,100.0,ZNE,train,gold,MQ_MLM_GOLD_20140505_095930
"bucket9$555,:3,:6001",2014-05-05T11:13:40.149900,MQ,BAM,3000,,3000,100.0,ZNE,dev,gold,MQ_BAM_GOLD_20140505_111410
"bucket4$344,:3,:6001",2014-05-05T11:13:41.629900,MQ,GBM,3000,,3000,100.0,ZNE,train,gold,MQ_GBM_GOLD_20140505_111411
"bucket4$345,:3,:6001",2014-05-05T11:13:44.710000,MQ,LAM,3000,,3000,100.0,ZNE,train,gold,MQ_LAM_GOLD_20140505_111414
"bucket4$346,:3,:6001",2014-05-05T11:13:43.179900,MQ,MLM,3000,,3000,100.0,ZNE,train,gold,MQ_MLM_GOLD_20140505_111413
"bucket4$347,:3,:6001",2014-05-05T12:16:55.319900,MQ,BAM,3000,,3000,100.0,ZNE,train,gold,MQ_BAM_GOLD_20140505_121725
"bucket4$348,:3,:6001",2014-05-05T12:16:52.519900,MQ,GBM,3000,,3000,100.0,ZNE,train,gold,MQ_GBM_GOLD_20140505_121722
"bucket4$349,:3,:6001",2014-05-05T12:16:59.259900,MQ,MLM,3000,,3000,100.0,ZNE,train,gold,MQ_MLM_GOLD_20140505_121729
"bucket6$571,:3,:6001",2014-05-05T12:17:00.920000,MQ,SAM,3000,,3000,100.0,ZNE,test,gold,MQ_SAM_GOLD_20140505_121730
"bucket4$350,:3,:6001",2014-05-05T12:19:51.839900,MQ,BAM,3000,,3000,100.0,ZNE,train,gold,MQ_BAM_GOLD_20140505_122021
"bucket9$556,:3,:6001",2014-05-05T12:19:49.919900,MQ,GBM,3000,,3000,100.0,ZNE,dev,gold,MQ_GBM_GOLD_20140505_122019
"bucket4$351,:3,:6001",2014-05-05T12:19:54.780000,MQ,IA2,3000,,3000,100.0,ZNE,train,gold,MQ_IA2_GOLD_20140505_122024
"bucket4$352,:3,:6001",2014-05-05T12:19:51.679900,MQ,MLM,3000,,3000,100.0,ZNE,train,gold,MQ_MLM_GOLD_20140505_122021
"bucket4$353,:3,:6001",2014-05-05T12:37:31.029900,MQ,BAM,3000,,3000,100.0,ZNE,train,gold,MQ_BAM_GOLD_20140505_123801
"bucket4$354,:3,:6001",2014-05-05T12:37:33.069900,MQ,CPM,3000,,3000,100.0,ZNE,train,gold,MQ_CPM_GOLD_20140505_123803
"bucket4$355,:3,:6001",2014-05-05T12:37:28.800000,MQ,LAM,3000,3075.0,3000,100.0,ZNE,train,gold,MQ_LAM_GOLD_20140505_123758
"bucket4$356,:3,:6001",2014-05-05T12:37:31.749900,MQ,MLM,3000,,3000,100.0,ZNE,train,gold,MQ_MLM_GOLD_20140505_123801
"bucket4$357,:3,:6001",2014-05-05T12:58:33.229900,MQ,CPM,3000,,3000,100.0,ZNE,train,gold,MQ_CPM_GOLD_20140505_125903
"bucket4$358,:3,:6001",2014-05-05T12:58:29.899900,MQ,GBM,3000,,3000,100.0,ZNE,train,gold,MQ_GBM_GOLD_20140505_125859
"bucket4$359,:3,:6001",2014-05-05T12:58:25.720000,MQ,IA2,3000,3211.0,3000,100.0,ZNE,train,gold,MQ_IA2_GOLD_20140505_125855
"bucket6$572,:3,:6001",2014-05-05T12:58:27.469900,MQ,MLM,3000,,3000,100.0,ZNE,test,gold,MQ_MLM_GOLD_20140505_125857
"bucket4$360,:3,:6001",2014-05-05T13:15:19.999900,MQ,BAM,3000,,3000,100.0,ZNE,train,gold,MQ_BAM_GOLD_20140505_131549
"bucket4$361,:3,:6001",2014-05-05T13:15:25.989900,MQ,CPM,3000,,3000,100.0,ZNE,train,gold,MQ_CPM_GOLD_20140505_131555
"bucket9$557,:3,:6001",2014-05-05T13:15:22.219900,MQ,GBM,3000,,3000,100.0,ZNE,dev,gold,MQ_GBM_GOLD_20140505_131552
"bucket4$362,:3,:6001",2014-05-05T13:15:24.699900,MQ,MLM,3000,,3000,100.0,ZNE,train,gold,MQ_MLM_GOLD_20140505_131554
"bucket4$363,:3,:6001",2014-05-05T13:28:30.419900,MQ,BAM,3000,,3000,100.0,ZNE,train,gold,MQ_BAM_GOLD_20140505_132900
"bucket4$364,:3,:6001",2014-05-05T13:28:34.989900,MQ,CPM,3000,,3000,100.0,ZNE,train,gold,MQ_CPM_GOLD_20140505_132904
"bucket4$365,:3,:6001",2014-05-05T13:28:33.909900,MQ,GBM,3000,,3000,100.0,ZNE,train,gold,MQ_GBM_GOLD_20140505_132903
"bucket4$366,:3,:6001",2014-05-05T13:28:39.299900,MQ,MLM,3000,,3000,100.0,ZNE,train,gold,MQ_MLM_GOLD_20140505_132909
"bucket4$367,:3,:6001",2014-05-05T13:44:46.689900,MQ,BAM,3000,,3000,100.0,ZNE,train,gold,MQ_BAM_GOLD_20140505_134516
"bucket6$573,:3,:6001",2014-05-05T13:44:44.229900,MQ,CPM,3000,,3000,100.0,ZNE,test,gold,MQ_CPM_GOLD_20140505_134514
"bucket4$368,:3,:6001",2014-05-05T13:44:44.379900,MQ,GBM,3000,,3000,100.0,ZNE,train,gold,MQ_GBM_GOLD_20140505_134514
"bucket4$369,:3,:6001",2014-05-05T13:44:44.310000,MQ,IA2,3000,3190.0,3000,100.0,ZNE,train,gold,MQ_IA2_GOLD_20140505_134514
"bucket4$370,:3,:6001",2014-05-05T13:59:12.979900,MQ,BAM,3000,,3000,100.0,ZNE,train,gold,MQ_BAM_GOLD_20140505_135942
"bucket4$371,:3,:6001",2014-05-05T13:59:21.219900,MQ,CPM,3000,,3000,100.0,ZNE,train,gold,MQ_CPM_GOLD_20140505_135951
"bucket4$372,:3,:6001",2014-05-05T13:59:16.969900,MQ,GBM,3000,,3000,100.0,ZNE,train,gold,MQ_GBM_GOLD_20140505_135946
"bucket4$373,:3,:6001",2014-05-05T13:59:12.890000,MQ,SAM,3000,3204.0,3000,100.0,ZNE,train,gold,MQ_SAM_GOLD_20140505_135942
"bucket4$374,:3,:6001",2014-05-05T14:23:37.629900,MQ,BAM,3000,,3000,100.0,ZNE,train,gold,MQ_BAM_GOLD_20140505_142407
"bucket4$375,:3,:6001",2014-05-05T14:23:45.269900,MQ,CPM,3000,,3000,100.0,ZNE,train,gold,MQ_CPM_GOLD_20140505_142415
"bucket6$574,:3,:6001",2014-05-05T14:23:37.009900,MQ,MLM,3000,,3000,100.0,ZNE,test,gold,MQ_MLM_GOLD_20140505_142407
"bucket6$575,:3,:6001",2014-05-05T14:23:37.340000,MQ,SAM,3000,3246.0,3000,100.0,ZNE,test,gold,MQ_SAM_GOLD_20140505_142407
"bucket4$376,:3,:6001",2014-05-05T14:38:30.629900,MQ,BAM,3000,,3000,100.0,ZNE,train,gold,MQ_BAM_GOLD_20140505_143900
"bucket6$576,:3,:6001",2014-05-05T14:38:30.589900,MQ,CPM,3000,,3000,100.0,ZNE,test,gold,MQ_CPM_GOLD_20140505_143900
"bucket4$377,:3,:6001",2014-05-05T14:38:31.099900,MQ,GBM,3000,,3000,100.0,ZNE,train,gold,MQ_GBM_GOLD_20140505_143901
"bucket4$378,:3,:6001",2014-05-05T14:38:30.790000,MQ,IA2,3000,,3000,100.0,ZNE,train,gold,MQ_IA2_GOLD_20140505_143900
"bucket4$379,:3,:6001",2014-05-05T14:38:30.980000,MQ,LAM,3000,,3000,100.0,ZNE,train,gold,MQ_LAM_GOLD_20140505_143900
"bucket4$380,:3,:6001",2014-05-05T14:38:30.739900,MQ,MLM,3000,,3000,100.0,ZNE,train,gold,MQ_MLM_GOLD_20140505_143900
"bucket4$381,:3,:6001",2014-05-05T14:38:30.750000,MQ,SAM,3000,3028.0,3000,100.0,ZNE,train,gold,MQ_SAM_GOLD_20140505_143900
"bucket9$558,:3,:6001",2014-05-05T14:38:43.679900,MQ,BAM,3000,,3000,100.0,ZNE,dev,gold,MQ_BAM_GOLD_20140505_143913
"bucket9$559,:3,:6001",2014-05-05T14:38:44.199900,MQ,CPM,3000,,3000,100.0,ZNE,dev,gold,MQ_CPM_GOLD_20140505_143914
"bucket9$560,:3,:6001",2014-05-05T14:38:45.019900,MQ,GBM,3000,,3000,100.0,ZNE,dev,gold,MQ_GBM_GOLD_20140505_143915
"bucket4$382,:3,:6001",2014-05-05T14:38:43.430000,MQ,IA2,3000,3253.0,3000,100.0,ZNE,train,gold,MQ_IA2_GOLD_20140505_143913
"bucket4$383,:3,:6001",2014-05-05T14:38:43.540000,MQ,LAM,3000,3017.0,3000,100.0,ZNE,train,gold,MQ_LAM_GOLD_20140505_143913
"bucket4$384,:3,:6001",2014-05-05T14:38:45.199900,MQ,MLM,3000,,3000,100.0,ZNE,train,gold,MQ_MLM_GOLD_20140505_143915
"bucket4$385,:3,:6001",2014-05-05T14:38:43.100000,MQ,SAM,3000,3013.0,3000,100.0,ZNE,train,gold,MQ_SAM_GOLD_20140505_143913
"bucket6$577,:3,:6001",2014-05-05T14:43:24.189900,MQ,BAM,3000,,3000,100.0,ZNE,test,gold,MQ_BAM_GOLD_20140505_144354
"bucket4$386,:3,:6001",2014-05-05T14:43:29.339900,MQ,CPM,3000,,3000,100.0,ZNE,train,gold,MQ_CPM_GOLD_20140505_144359
"bucket4$387,:3,:6001",2014-05-05T14:43:21.509900,MQ,GBM,3000,,3000,100.0,ZNE,train,gold,MQ_GBM_GOLD_20140505_144351
"bucket4$388,:3,:6001",2014-05-05T14:43:29.269900,MQ,MLM,3000,,3000,100.0,ZNE,train,gold,MQ_MLM_GOLD_20140505_144359
"bucket4$389,:3,:6001",2014-05-05T15:03:30.580000,MQ,SAM,3000,3200.0,3000,100.0,ZNE,train,gold,MQ_SAM_GOLD_20140505_150400
"bucket9$561,:3,:6001",2014-05-05T15:38:03.449900,MQ,MLM,3000,,3000,100.0,ZNE,dev,gold,MQ_MLM_GOLD_20140505_153833
"bucket4$390,:3,:6001",2014-05-05T15:41:19.829900,MQ,BAM,3000,,3000,100.0,ZNE,train,gold,MQ_BAM_GOLD_20140505_154149
"bucket4$391,:3,:6001",2014-05-05T15:41:25.019900,MQ,GBM,3000,,3000,100.0,ZNE,train,gold,MQ_GBM_GOLD_20140505_154155
"bucket9$562,:3,:6001",2014-05-05T15:41:25.819900,MQ,MLM,3000,,3000,100.0,ZNE,dev,gold,MQ_MLM_GOLD_20140505_154155
"bucket9$563,:3,:6001",2014-05-05T15:41:21.250000,MQ,SAM,3000,3218.0,3000,100.0,ZNE,dev,gold,MQ_SAM_GOLD_20140505_154151
"bucket4$392,:3,:6001",2014-05-05T15:50:40.869900,MQ,BAM,3000,,3000,100.0,ZNE,train,gold,MQ_BAM_GOLD_20140505_155110
"bucket4$393,:3,:6001",2014-05-05T15:50:47.749900,MQ,GBM,3000,,3000,100.0,ZNE,train,gold,MQ_GBM_GOLD_20140505_155117
"bucket4$394,:3,:6001",2014-05-05T15:50:45.599900,MQ,MLM,3000,,3000,100.0,ZNE,train,gold,MQ_MLM_GOLD_20140505_155115
"bucket4$395,:3,:6001",2014-05-05T15:50:49.720000,MQ,SAM,3000,,3000,100.0,ZNE,train,gold,MQ_SAM_GOLD_20140505_155119
"bucket9$564,:3,:6001",2014-05-05T16:27:34.349900,MQ,BAM,3000,,3000,100.0,ZNE,dev,gold,MQ_BAM_GOLD_20140505_162804
"bucket4$396,:3,:6001",2014-05-05T16:27:30.459900,MQ,CPM,3000,,3000,100.0,ZNE,train,gold,MQ_CPM_GOLD_20140505_162800
"bucket4$397,:3,:6001",2014-05-05T16:27:27.750000,MQ,IA2,3000,3153.0,3000,100.0,ZNE,train,gold,MQ_IA2_GOLD_20140505_162757
"bucket9$565,:3,:6001",2014-05-05T16:27:28.199900,MQ,MLM,3000,,3000,100.0,ZNE,dev,gold,MQ_MLM_GOLD_20140505_162758
"bucket4$398,:3,:6001",2014-05-05T16:51:43.249900,MQ,GBM,3000,,3000,100.0,ZNE,train,gold,MQ_GBM_GOLD_20140505_165213
"bucket4$399,:3,:6001",2014-05-05T16:51:40.450000,MQ,IA2,3000,3187.0,3000,100.0,ZNE,train,gold,MQ_IA2_GOLD_20140505_165210
"bucket4$400,:3,:6001",2014-05-05T16:51:39.060000,MQ,LAM,3000,3054.0,3000,100.0,ZNE,train,gold,MQ_LAM_GOLD_20140505_165209
"bucket4$401,:3,:6001",2014-05-05T16:51:43.449900,MQ,MLM,3000,,3000,100.0,ZNE,train,gold,MQ_MLM_GOLD_20140505_165213
"bucket4$402,:3,:6001",2014-05-05T17:06:02.920000,MQ,IA2,3000,,3000,100.0,ZNE,train,gold,MQ_IA2_GOLD_20140505_170632
"bucket6$578,:3,:6001",2014-05-05T17:10:12.759900,MQ,BAM,3000,,3000,100.0,ZNE,test,gold,MQ_BAM_GOLD_20140505_171042
"bucket4$403,:3,:6001",2014-05-05T17:10:14.089900,MQ,GBM,3000,,3000,100.0,ZNE,train,gold,MQ_GBM_GOLD_20140505_171044
"bucket4$404,:3,:6001",2014-05-05T17:10:14.370000,MQ,IA2,3000,3133.0,3000,100.0,ZNE,train,gold,MQ_IA2_GOLD_20140505_171044
"bucket4$405,:3,:6001",2014-05-05T17:10:17.599900,MQ,MLM,3000,,3000,100.0,ZNE,train,gold,MQ_MLM_GOLD_20140505_171047
"bucket4$406,:3,:6001",2014-05-05T17:13:13.290000,MQ,SAM,3000,,3000,100.0,ZNE,train,gold,MQ_SAM_GOLD_20140505_171343
"bucket4$407,:3,:6001",2014-05-05T17:22:02.799900,MQ,BAM,3000,,3000,100.0,ZNE,train,gold,MQ_BAM_GOLD_20140505_172232
"bucket4$408,:3,:6001",2014-05-05T17:22:04.149900,MQ,CPM,3000,,3000,100.0,ZNE,train,gold,MQ_CPM_GOLD_20140505_172234
"bucket6$579,:3,:6001",2014-05-05T17:22:02.039900,MQ,GBM,3000,,3000,100.0,ZNE,test,gold,MQ_GBM_GOLD_20140505_172232
"bucket4$409,:3,:6001",2014-05-05T17:22:02.650000,MQ,IA2,3000,3078.0,3000,100.0,ZNE,train,gold,MQ_IA2_GOLD_20140505_172232
"bucket9$566,:3,:6001",2014-05-05T17:22:01.880000,MQ,LAM,3000,3177.0,3000,100.0,ZNE,dev,gold,MQ_LAM_GOLD_20140505_172231
"bucket4$410,:3,:6001",2014-05-05T17:22:02.800000,MQ,SAM,3000,3289.0,3000,100.0,ZNE,train,gold,MQ_SAM_GOLD_20140505_172232
"bucket4$411,:3,:6001",2014-05-05T17:40:30.779900,MQ,BAM,3000,,3000,100.0,ZNE,train,gold,MQ_BAM_GOLD_20140505_174100
"bucket6$580,:3,:6001",2014-05-05T17:40:36.909900,MQ,CPM,3000,,3000,100.0,ZNE,test,gold,MQ_CPM_GOLD_20140505_174106
"bucket4$412,:3,:6001",2014-05-05T17:40:34.730000,MQ,LAM,3000,3187.0,3000,100.0,ZNE,train,gold,MQ_LAM_GOLD_20140505_174104
"bucket4$413,:3,:6001",2014-05-05T17:40:39.859900,MQ,MLM,3000,,3000,100.0,ZNE,train,gold,MQ_MLM_GOLD_20140505_174109
"bucket6$581,:3,:6001",2014-05-05T17:54:48.349900,MQ,BAM,3000,,3000,100.0,ZNE,test,gold,MQ_BAM_GOLD_20140505_175518
"bucket4$414,:3,:6001",2014-05-05T17:54:50.479900,MQ,CPM,3000,,3000,100.0,ZNE,train,gold,MQ_CPM_GOLD_20140505_175520
"bucket4$415,:3,:6001",2014-05-05T17:54:51.559900,MQ,GBM,3000,,3000,100.0,ZNE,train,gold,MQ_GBM_GOLD_20140505_175521
"bucket4$416,:3,:6001",2014-05-05T17:54:48.699900,MQ,MLM,3000,,3000,100.0,ZNE,train,gold,MQ_MLM_GOLD_20140505_175518
"bucket4$417,:3,:6001",2014-05-05T18:02:16.130000,MQ,SAM,3000,3174.0,3000,100.0,ZNE,train,gold,MQ_SAM_GOLD_20140505_180246
"bucket4$418,:3,:6001",2014-05-05T18:21:14.689900,MQ,BAM,3000,,3000,100.0,ZNE,train,gold,MQ_BAM_GOLD_20140505_182144
"bucket4$419,:3,:6001",2014-05-05T18:21:14.029900,MQ,GBM,3000,,3000,100.0,ZNE,train,gold,MQ_GBM_GOLD_20140505_182144
"bucket6$582,:3,:6001",2014-05-05T18:21:12.120000,MQ,IA2,3000,3101.0,3000,100.0,ZNE,test,gold,MQ_IA2_GOLD_20140505_182142
"bucket4$420,:3,:6001",2014-05-05T18:21:12.839900,MQ,MLM,3000,,3000,100.0,ZNE,train,gold,MQ_MLM_GOLD_20140505_182142
"bucket9$567,:3,:6001",2014-05-05T18:45:51.769900,MQ,BAM,3000,,3000,100.0,ZNE,dev,gold,MQ_BAM_GOLD_20140505_184621
"bucket9$568,:3,:6001",2014-05-05T18:45:49.079900,MQ,CPM,3000,,3000,100.0,ZNE,dev,gold,MQ_CPM_GOLD_20140505_184619
"bucket6$583,:3,:6001",2014-05-05T18:45:48.649900,MQ,GBM,3000,,3000,100.0,ZNE,test,gold,MQ_GBM_GOLD_20140505_184618
"bucket4$421,:3,:6001",2014-05-05T18:45:48.709900,MQ,MLM,3000,,3000,100.0,ZNE,train,gold,MQ_MLM_GOLD_20140505_184618
"bucket4$422,:3,:6001",2014-05-05T20:26:00.089900,MQ,BAM,3000,,3000,100.0,ZNE,train,gold,MQ_BAM_GOLD_20140505_202630
"bucket4$423,:3,:6001",2014-05-05T20:25:57.919900,MQ,CPM,3000,,3000,100.0,ZNE,train,gold,MQ_CPM_GOLD_20140505_202627
"bucket4$424,:3,:6001",2014-05-05T20:25:59.190000,MQ,IA2,3000,3115.0,3000,100.0,ZNE,train,gold,MQ_IA2_GOLD_20140505_202629
"bucket4$425,:3,:6001",2014-05-05T20:25:55.399900,MQ,MLM,3000,,3000,100.0,ZNE,train,gold,MQ_MLM_GOLD_20140505_202625
"bucket4$426,:3,:6001",2014-05-05T20:40:53.999900,MQ,BAM,3000,,3000,100.0,ZNE,train,gold,MQ_BAM_GOLD_20140505_204123
"bucket4$427,:3,:6001",2014-05-05T20:40:52.629900,MQ,CPM,3000,,3000,100.0,ZNE,train,gold,MQ_CPM_GOLD_20140505_204122
"bucket4$428,:3,:6001",2014-05-05T20:40:52.789900,MQ,GBM,3000,,3000,100.0,ZNE,train,gold,MQ_GBM_GOLD_20140505_204122
"bucket4$429,:3,:6001",2014-05-05T20:40:52.550000,MQ,LAM,3000,3177.0,3000,100.0,ZNE,train,gold,MQ_LAM_GOLD_20140505_204122
"bucket4$430,:3,:6001",2014-05-06T02:57:14.799900,MQ,BAM,3000,,3000,100.0,ZNE,train,gold,MQ_BAM_GOLD_20140506_025744
"bucket6$584,:3,:6001",2014-05-06T02:57:13.999900,MQ,CPM,3000,,3000,100.0,ZNE,test,gold,MQ_CPM_GOLD_20140506_025743
"bucket6$585,:3,:6001",2014-05-06T02:57:12.509900,MQ,GBM,3000,,3000,100.0,ZNE,test,gold,MQ_GBM_GOLD_20140506_025742
"bucket4$431,:3,:6001",2014-05-06T02:57:13.260000,MQ,IA2,3000,3017.0,3000,100.0,ZNE,train,gold,MQ_IA2_GOLD_20140506_025743
"bucket4$432,:3,:6001",2014-05-06T02:57:12.620000,MQ,LAM,3000,,3000,100.0,ZNE,train,gold,MQ_LAM_GOLD_20140506_025742
"bucket4$433,:3,:6001",2014-05-06T02:57:14.989900,MQ,MLM,3000,,3000,100.0,ZNE,train,gold,MQ_MLM_GOLD_20140506_025744
"bucket9$569,:3,:6001",2014-05-06T04:30:59.639900,MQ,BAM,3000,,3000,100.0,ZNE,dev,gold,MQ_BAM_GOLD_20140506_043129
"bucket4$434,:3,:6001",2014-05-06T04:30:59.179900,MQ,GBM,3000,,3000,100.0,ZNE,train,gold,MQ_GBM_GOLD_20140506_043129
"bucket4$435,:3,:6001",2014-05-06T04:30:59.900000,MQ,IA2,3000,,3000,100.0,ZNE,train,gold,MQ_IA2_GOLD_20140506_043129
"bucket4$436,:3,:6001",2014-05-06T04:30:58.940000,MQ,LAM,3000,,3000,100.0,ZNE,train,gold,MQ_LAM_GOLD_20140506_043128
"bucket4$437,:3,:6001",2014-05-06T05:08:50.899900,MQ,BAM,3000,,3000,100.0,ZNE,train,gold,MQ_BAM_GOLD_20140506_050920
"bucket4$438,:3,:6001",2014-05-06T05:08:49.599900,MQ,GBM,3000,,3000,100.0,ZNE,train,gold,MQ_GBM_GOLD_20140506_050919
"bucket4$439,:3,:6001",2014-05-06T05:08:56.010000,MQ,IA2,3000,,3000,100.0,ZNE,train,gold,MQ_IA2_GOLD_20140506_050926
"bucket4$440,:3,:6001",2014-05-06T05:08:55.090000,MQ,LAM,3000,,3000,100.0,ZNE,train,gold,MQ_LAM_GOLD_20140506_050925
"bucket4$441,:3,:6001",2014-05-06T06:06:42.859900,MQ,BAM,3000,,3000,100.0,ZNE,train,gold,MQ_BAM_GOLD_20140506_060712
"bucket4$442,:3,:6001",2014-05-06T06:06:42.359900,MQ,GBM,3000,,3000,100.0,ZNE,train,gold,MQ_GBM_GOLD_20140506_060712
"bucket4$443,:3,:6001",2014-05-06T06:06:43,MQ,IA2,3000,3053.0,3000,100.0,ZNE,train,gold,MQ_IA2_GOLD_20140506_060713
"bucket4$444,:3,:6001",2014-05-06T06:06:42.230000,MQ,LAM,3000,,3000,100.0,ZNE,train,gold,MQ_LAM_GOLD_20140506_060712
"bucket4$445,:3,:6001",2014-05-06T06:45:41.879900,MQ,BAM,3000,,3000,100.0,ZNE,train,gold,MQ_BAM_GOLD_20140506_064611
"bucket4$446,:3,:6001",2014-05-06T06:45:41.689900,MQ,GBM,3000,,3000,100.0,ZNE,train,gold,MQ_GBM_GOLD_20140506_064611
"bucket4$447,:3,:6001",2014-05-06T06:45:42.480000,MQ,IA2,3000,,3000,100.0,ZNE,train,gold,MQ_IA2_GOLD_20140506_064612
"bucket6$586,:3,:6001",2014-05-06T06:45:41.520000,MQ,LAM,3000,,3000,100.0,ZNE,test,gold,MQ_LAM_GOLD_20140506_064611
"bucket4$448,:3,:6001",2014-05-06T06:59:54.139900,MQ,BAM,3000,,3000,100.0,ZNE,train,gold,MQ_BAM_GOLD_20140506_070024
"bucket9$570,:3,:6001",2014-05-06T06:59:48.689900,MQ,GBM,3000,,3000,100.0,ZNE,dev,gold,MQ_GBM_GOLD_20140506_070018
"bucket4$449,:3,:6001",2014-05-06T06:59:54.050000,MQ,IA2,3000,3233.0,3000,100.0,ZNE,train,gold,MQ_IA2_GOLD_20140506_070024
"bucket4$450,:3,:6001",2014-05-06T06:59:53.140000,MQ,LAM,3000,,3000,100.0,ZNE,train,gold,MQ_LAM_GOLD_20140506_070023
"bucket9$571,:3,:6001",2014-05-06T06:59:47.100000,MQ,SAM,3000,,3000,100.0,ZNE,dev,gold,MQ_SAM_GOLD_20140506_070017
"bucket4$451,:3,:6001",2014-05-06T07:38:03.769900,MQ,BAM,3000,,3000,100.0,ZNE,train,gold,MQ_BAM_GOLD_20140506_073833
"bucket4$452,:3,:6001",2014-05-06T07:38:04.379900,MQ,CPM,3000,,3000,100.0,ZNE,train,gold,MQ_CPM_GOLD_20140506_073834
"bucket4$453,:3,:6001",2014-05-06T07:38:03.319900,MQ,GBM,3000,,3000,100.0,ZNE,train,gold,MQ_GBM_GOLD_20140506_073833
"bucket4$454,:3,:6001",2014-05-06T07:38:03.940000,MQ,IA2,3000,2940.0,3000,100.0,ZNE,train,gold,MQ_IA2_GOLD_20140506_073833
"bucket4$455,:3,:6001",2014-05-06T07:38:02.930000,MQ,LAM,3000,3033.0,3000,100.0,ZNE,train,gold,MQ_LAM_GOLD_20140506_073832
"bucket4$456,:3,:6001",2014-05-06T07:38:04.380000,MQ,SAM,3000,,3000,100.0,ZNE,train,gold,MQ_SAM_GOLD_20140506_073834
"bucket4$457,:3,:6001",2014-05-06T07:40:25.109900,MQ,BAM,3000,,3000,100.0,ZNE,train,gold,MQ_BAM_GOLD_20140506_074055
"bucket6$587,:3,:6001",2014-05-06T07:40:22.339900,MQ,CPM,3000,,3000,100.0,ZNE,test,gold,MQ_CPM_GOLD_20140506_074052
"bucket4$458,:3,:6001",2014-05-06T07:40:24.739900,MQ,GBM,3000,,3000,100.0,ZNE,train,gold,MQ_GBM_GOLD_20140506_074054
"bucket4$459,:3,:6001",2014-05-06T07:40:22.610000,MQ,IA2,3000,3260.0,3000,100.0,ZNE,train,gold,MQ_IA2_GOLD_20140506_074052
"bucket4$460,:3,:6001",2014-05-06T07:40:22.820000,MQ,SAM,3000,3079.0,3000,100.0,ZNE,train,gold,MQ_SAM_GOLD_20140506_074052
"bucket9$572,:3,:6001",2014-05-06T08:06:09.779900,MQ,BAM,3000,,3000,100.0,ZNE,dev,gold,MQ_BAM_GOLD_20140506_080639
"bucket4$461,:3,:6001",2014-05-06T08:06:10.609900,MQ,CPM,3000,,3000,100.0,ZNE,train,gold,MQ_CPM_GOLD_20140506_080640
"bucket4$462,:3,:6001",2014-05-06T08:06:09.669900,MQ,GBM,3000,,3000,100.0,ZNE,train,gold,MQ_GBM_GOLD_20140506_080639
"bucket4$463,:3,:6001",2014-05-06T08:06:09.820000,MQ,IA2,3000,3073.0,3000,100.0,ZNE,train,gold,MQ_IA2_GOLD_20140506_080639
"bucket4$464,:3,:6001",2014-05-06T08:06:10.180000,MQ,SAM,3000,,3000,100.0,ZNE,train,gold,MQ_SAM_GOLD_20140506_080640
"bucket4$465,:3,:6001",2014-05-06T08:10:28.399900,MQ,CPM,3000,,3000,100.0,ZNE,train,gold,MQ_CPM_GOLD_20140506_081058
"bucket9$573,:3,:6001",2014-05-06T08:10:30.399900,MQ,GBM,3000,,3000,100.0,ZNE,dev,gold,MQ_GBM_GOLD_20140506_081100
"bucket9$574,:3,:6001",2014-05-06T08:10:30.509900,MQ,MLM,3000,,3000,100.0,ZNE,dev,gold,MQ_MLM_GOLD_20140506_081100
"bucket4$466,:3,:6001",2014-05-06T08:10:28.840000,MQ,SAM,3000,3215.0,3000,100.0,ZNE,train,gold,MQ_SAM_GOLD_20140506_081058
"bucket4$467,:3,:6001",2014-05-06T11:17:49.799900,MQ,BAM,3000,,3000,100.0,ZNE,train,gold,MQ_BAM_GOLD_20140506_111819
"bucket6$588,:3,:6001",2014-05-06T11:17:50.229900,MQ,CPM,3000,,3000,100.0,ZNE,test,gold,MQ_CPM_GOLD_20140506_111820
"bucket4$468,:3,:6001",2014-05-06T11:17:51.009900,MQ,GBM,3000,,3000,100.0,ZNE,train,gold,MQ_GBM_GOLD_20140506_111821
"bucket9$575,:3,:6001",2014-05-06T11:17:49.840000,MQ,IA2,3000,3031.0,3000,100.0,ZNE,dev,gold,MQ_IA2_GOLD_20140506_111819
"bucket4$469,:3,:6001",2014-05-06T11:17:50,MQ,LAM,3000,3206.0,3000,100.0,ZNE,train,gold,MQ_LAM_GOLD_20140506_111820
"bucket6$589,:3,:6001",2014-05-06T12:13:05.780000,MQ,IA2,3000,,3000,100.0,ZNE,test,gold,MQ_IA2_GOLD_20140506_121335
"bucket4$470,:3,:6001",2014-05-06T12:13:06.500000,MQ,SAM,3000,,3000,100.0,ZNE,train,gold,MQ_SAM_GOLD_20140506_121336
"bucket9$576,:3,:6001",2014-05-06T13:00:09.719900,MQ,BAM,3000,,3000,100.0,ZNE,dev,gold,MQ_BAM_GOLD_20140506_130039
"bucket4$471,:3,:6001",2014-05-06T13:00:11.369900,MQ,CPM,3000,,3000,100.0,ZNE,train,gold,MQ_CPM_GOLD_20140506_130041
"bucket4$472,:3,:6001",2014-05-06T13:00:13.969900,MQ,GBM,3000,,3000,100.0,ZNE,train,gold,MQ_GBM_GOLD_20140506_130043
"bucket4$473,:3,:6001",2014-05-06T13:00:11.490000,MQ,IA2,3000,,3000,100.0,ZNE,train,gold,MQ_IA2_GOLD_20140506_130041
"bucket4$474,:3,:6001",2014-05-06T14:16:36.389900,MQ,BAM,3000,,3000,100.0,ZNE,train,gold,MQ_BAM_GOLD_20140506_141706
"bucket4$475,:3,:6001",2014-05-06T14:16:41.170000,MQ,IA2,3000,,3000,100.0,ZNE,train,gold,MQ_IA2_GOLD_20140506_141711
"bucket4$476,:3,:6001",2014-05-06T14:16:39.649900,MQ,MLM,3000,,3000,100.0,ZNE,train,gold,MQ_MLM_GOLD_20140506_141709
"bucket6$590,:3,:6001",2014-05-06T14:16:35.350000,MQ,SAM,3000,,3000,100.0,ZNE,test,gold,MQ_SAM_GOLD_20140506_141705
"bucket4$477,:3,:6001",2014-05-06T14:18:31.339900,MQ,BAM,3000,,3000,100.0,ZNE,train,gold,MQ_BAM_GOLD_20140506_141901
"bucket4$478,:3,:6001",2014-05-06T14:18:30.779900,MQ,GBM,3000,,3000,100.0,ZNE,train,gold,MQ_GBM_GOLD_20140506_141900
"bucket4$479,:3,:6001",2014-05-06T14:18:30.540000,MQ,LAM,3000,,3000,100.0,ZNE,train,gold,MQ_LAM_GOLD_20140506_141900
"bucket4$480,:3,:6001",2014-05-06T14:18:39.709900,MQ,MLM,3000,,3000,100.0,ZNE,train,gold,MQ_MLM_GOLD_20140506_141909
"bucket4$481,:3,:6001",2014-05-06T14:18:32.080000,MQ,SAM,3000,,3000,100.0,ZNE,train,gold,MQ_SAM_GOLD_20140506_141902
"bucket6$591,:3,:6001",2014-05-06T14:37:41.719900,MQ,BAM,3000,,3000,100.0,ZNE,test,gold,MQ_BAM_GOLD_20140506_143811
"bucket4$482,:3,:6001",2014-05-06T14:37:41.079900,MQ,CPM,3000,,3000,100.0,ZNE,train,gold,MQ_CPM_GOLD_20140506_143811
"bucket6$592,:3,:6001",2014-05-06T14:37:39.289900,MQ,GBM,3000,,3000,100.0,ZNE,test,gold,MQ_GBM_GOLD_20140506_143809
"bucket4$483,:3,:6001",2014-05-06T14:37:42.990000,MQ,IA2,3000,3118.0,3000,100.0,ZNE,train,gold,MQ_IA2_GOLD_20140506_143812
"bucket9$577,:3,:6001",2014-05-06T15:17:47.129900,MQ,BAM,3000,,3000,100.0,ZNE,dev,gold,MQ_BAM_GOLD_20140506_151817
"bucket4$484,:3,:6001",2014-05-06T15:17:52.319900,MQ,CPM,3000,,3000,100.0,ZNE,train,gold,MQ_CPM_GOLD_20140506_151822
"bucket4$485,:3,:6001",2014-05-06T15:17:49.349900,MQ,GBM,3000,,3000,100.0,ZNE,train,gold,MQ_GBM_GOLD_20140506_151819
"bucket4$486,:3,:6001",2014-05-06T15:17:49.680000,MQ,LAM,3000,3202.0,3000,100.0,ZNE,train,gold,MQ_LAM_GOLD_20140506_151819
"bucket4$487,:3,:6001",2014-05-06T17:13:02.429900,MQ,BAM,3000,,3000,100.0,ZNE,train,gold,MQ_BAM_GOLD_20140506_171332
"bucket4$488,:3,:6001",2014-05-06T17:13:06.600000,MQ,IA2,3000,3195.0,3000,100.0,ZNE,train,gold,MQ_IA2_GOLD_20140506_171336
"bucket4$489,:3,:6001",2014-05-06T17:13:00.340000,MQ,LAM,3000,3479.0,3000,100.0,ZNE,train,gold,MQ_LAM_GOLD_20140506_171330
"bucket4$490,:3,:6001",2014-05-06T17:13:02.649900,MQ,MLM,3000,,3000,100.0,ZNE,train,gold,MQ_MLM_GOLD_20140506_171332
"bucket4$491,:3,:6001",2014-05-06T18:55:48.589900,MQ,BAM,3000,,3000,100.0,ZNE,train,gold,MQ_BAM_GOLD_20140506_185618
"bucket4$492,:3,:6001",2014-05-06T18:55:47.389900,MQ,CPM,3000,,3000,100.0,ZNE,train,gold,MQ_CPM_GOLD_20140506_185617
"bucket4$493,:3,:6001",2014-05-06T18:55:46.670000,MQ,IA2,3000,,3000,100.0,ZNE,train,gold,MQ_IA2_GOLD_20140506_185616
"bucket4$494,:3,:6001",2014-05-06T18:55:47.789900,MQ,MLM,3000,,3000,100.0,ZNE,train,gold,MQ_MLM_GOLD_20140506_185617
"bucket4$495,:3,:6001",2014-05-06T20:21:53.499900,MQ,CPM,3000,,3000,100.0,ZNE,train,gold,MQ_CPM_GOLD_20140506_202223
"bucket6$593,:3,:6001",2014-05-06T20:21:55.799900,MQ,MLM,3000,,3000,100.0,ZNE,test,gold,MQ_MLM_GOLD_20140506_202225
"bucket4$496,:3,:6001",2014-05-06T20:21:53.080000,MQ,SAM,3000,3178.0,3000,100.0,ZNE,train,gold,MQ_SAM_GOLD_20140506_202223
"bucket4$497,:3,:6001",2014-05-06T20:24:27.589900,MQ,BAM,3000,,3000,100.0,ZNE,train,gold,MQ_BAM_GOLD_20140506_202457
"bucket4$498,:3,:6001",2014-05-06T20:24:25.939900,MQ,GBM,3000,,3000,100.0,ZNE,train,gold,MQ_GBM_GOLD_20140506_202455
"bucket4$499,:3,:6001",2014-05-06T20:24:22.620000,MQ,IA2,3000,3201.0,3000,100.0,ZNE,train,gold,MQ_IA2_GOLD_20140506_202452
"bucket4$500,:3,:6001",2014-05-06T20:24:26.930000,MQ,LAM,3000,3042.0,3000,100.0,ZNE,train,gold,MQ_LAM_GOLD_20140506_202456
"bucket4$501,:3,:6001",2014-05-06T21:01:21.020000,MQ,SAM,3000,,3000,100.0,ZNE,train,gold,MQ_SAM_GOLD_20140506_210151
"bucket4$502,:3,:6001",2014-05-06T21:39:40.769900,MQ,BAM,3000,,3000,100.0,ZNE,train,gold,MQ_BAM_GOLD_20140506_214010
"bucket6$594,:3,:6001",2014-05-06T21:39:41.869900,MQ,CPM,3000,,3000,100.0,ZNE,test,gold,MQ_CPM_GOLD_20140506_214011
"bucket4$503,:3,:6001",2014-05-06T21:39:39.929900,MQ,GBM,3000,,3000,100.0,ZNE,train,gold,MQ_GBM_GOLD_20140506_214009
"bucket4$504,:3,:6001",2014-05-06T21:39:39.560000,MQ,LAM,3000,,3000,100.0,ZNE,train,gold,MQ_LAM_GOLD_20140506_214009
"bucket4$505,:3,:6001",2014-05-06T23:08:22.049900,MQ,BAM,3000,,3000,100.0,ZNE,train,gold,MQ_BAM_GOLD_20140506_230852
"bucket6$595,:3,:6001",2014-05-06T23:08:22.449900,MQ,GBM,3000,,3000,100.0,ZNE,test,gold,MQ_GBM_GOLD_20140506_230852
"bucket4$506,:3,:6001",2014-05-06T23:08:21.850000,MQ,LAM,3000,3207.0,3000,100.0,ZNE,train,gold,MQ_LAM_GOLD_20140506_230851
"bucket4$507,:3,:6001",2014-05-06T23:08:24.030000,MQ,SAM,3000,,3000,100.0,ZNE,train,gold,MQ_SAM_GOLD_20140506_230854
"bucket4$508,:3,:6001",2014-05-06T23:56:57.659900,MQ,BAM,3000,,3000,100.0,ZNE,train,gold,MQ_BAM_GOLD_20140506_235727
"bucket4$509,:3,:6001",2014-05-06T23:56:58.189900,MQ,CPM,3000,,3000,100.0,ZNE,train,gold,MQ_CPM_GOLD_20140506_235728
"bucket4$510,:3,:6001",2014-05-06T23:56:57.220000,MQ,IA2,3000,3021.0,3000,100.0,ZNE,train,gold,MQ_IA2_GOLD_20140506_235727
"bucket4$511,:3,:6001",2014-05-06T23:57:00.689900,MQ,MLM,3000,,3000,100.0,ZNE,train,gold,MQ_MLM_GOLD_20140506_235730
"bucket6$596,:3,:6001",2014-05-07T06:59:00.149900,MQ,BAM,3000,,3000,100.0,ZNE,test,gold,MQ_BAM_GOLD_20140507_065930
"bucket4$512,:3,:6001",2014-05-07T06:58:58.699900,MQ,GBM,3000,,3000,100.0,ZNE,train,gold,MQ_GBM_GOLD_20140507_065928
"bucket4$513,:3,:6001",2014-05-07T06:58:59.090000,MQ,IA2,3000,3130.0,3000,100.0,ZNE,train,gold,MQ_IA2_GOLD_20140507_065929
"bucket4$514,:3,:6001",2014-05-07T06:58:58.060000,MQ,LAM,3000,3204.0,3000,100.0,ZNE,train,gold,MQ_LAM_GOLD_20140507_065928
"bucket4$515,:3,:6001",2014-05-07T06:59:26.949900,MQ,BAM,3000,,3000,100.0,ZNE,train,gold,MQ_BAM_GOLD_20140507_065956
"bucket9$578,:3,:6001",2014-05-07T06:59:26.599900,MQ,GBM,3000,,3000,100.0,ZNE,dev,gold,MQ_GBM_GOLD_20140507_065956
"bucket4$516,:3,:6001",2014-05-07T06:59:27.310000,MQ,IA2,3000,,3000,100.0,ZNE,train,gold,MQ_IA2_GOLD_20140507_065957
"bucket4$517,:3,:6001",2014-05-07T06:59:26.350000,MQ,LAM,3000,3190.0,3000,100.0,ZNE,train,gold,MQ_LAM_GOLD_20140507_065956
"bucket4$518,:3,:6001",2014-05-07T08:34:49.199900,MQ,BAM,3000,,3000,100.0,ZNE,train,gold,MQ_BAM_GOLD_20140507_083519
"bucket4$519,:3,:6001",2014-05-07T08:34:55.619900,MQ,GBM,3000,,3000,100.0,ZNE,train,gold,MQ_GBM_GOLD_20140507_083525
"bucket4$520,:3,:6001",2014-05-07T08:34:51.970000,MQ,IA2,3000,,3000,100.0,ZNE,train,gold,MQ_IA2_GOLD_20140507_083521
"bucket4$521,:3,:6001",2014-05-07T08:34:58.809900,MQ,MLM,3000,,3000,100.0,ZNE,train,gold,MQ_MLM_GOLD_20140507_083528
"bucket4$522,:3,:6001",2014-05-07T09:05:37.999900,MQ,BAM,3000,,3000,100.0,ZNE,train,gold,MQ_BAM_GOLD_20140507_090607
"bucket4$523,:3,:6001",2014-05-07T09:05:39.319900,MQ,CPM,3000,,3000,100.0,ZNE,train,gold,MQ_CPM_GOLD_20140507_090609
"bucket4$524,:3,:6001",2014-05-07T09:05:37.439900,MQ,GBM,3000,,3000,100.0,ZNE,train,gold,MQ_GBM_GOLD_20140507_090607
"bucket4$525,:3,:6001",2014-05-07T09:05:38.200000,MQ,IA2,3000,3233.0,3000,100.0,ZNE,train,gold,MQ_IA2_GOLD_20140507_090608
"bucket4$526,:3,:6001",2014-05-07T09:05:38.540000,MQ,SAM,3000,3124.0,3000,100.0,ZNE,train,gold,MQ_SAM_GOLD_20140507_090608
"bucket4$527,:3,:6001",2014-05-07T09:58:29.629900,MQ,BAM,3000,,3000,100.0,ZNE,train,gold,MQ_BAM_GOLD_20140507_095859
"bucket4$528,:3,:6001",2014-05-07T09:58:37.749900,MQ,GBM,3000,,3000,100.0,ZNE,train,gold,MQ_GBM_GOLD_20140507_095907
"bucket4$529,:3,:6001",2014-05-07T09:58:28.359900,MQ,MLM,3000,,3000,100.0,ZNE,train,gold,MQ_MLM_GOLD_20140507_095858
"bucket6$597,:3,:6001",2014-05-07T09:58:32.260000,MQ,SAM,3000,,3000,100.0,ZNE,test,gold,MQ_SAM_GOLD_20140507_095902
"bucket4$530,:3,:6001",2014-05-07T09:59:01.889900,MQ,BAM,3000,,3000,100.0,ZNE,train,gold,MQ_BAM_GOLD_20140507_095931
"bucket9$579,:3,:6001",2014-05-07T09:58:57.419900,MQ,CPM,3000,,3000,100.0,ZNE,dev,gold,MQ_CPM_GOLD_20140507_095927
"bucket6$598,:3,:6001",2014-05-07T09:58:56.469900,MQ,GBM,3000,,3000,100.0,ZNE,test,gold,MQ_GBM_GOLD_20140507_095926
"bucket4$531,:3,:6001",2014-05-07T09:59:00.579900,MQ,MLM,3000,,3000,100.0,ZNE,train,gold,MQ_MLM_GOLD_20140507_095930
"bucket6$599,:3,:6001",2014-05-07T12:48:11.579900,MQ,BAM,3000,,3000,100.0,ZNE,test,gold,MQ_BAM_GOLD_20140507_124841
"bucket4$532,:3,:6001",2014-05-07T12:48:04.620000,MQ,IA2,3000,3236.0,3000,100.0,ZNE,train,gold,MQ_IA2_GOLD_20140507_124834
"bucket4$533,:3,:6001",2014-05-07T12:48:13.129900,MQ,MLM,3000,,3000,100.0,ZNE,train,gold,MQ_MLM_GOLD_20140507_124843
"bucket4$534,:3,:6001",2014-05-07T12:48:07.270000,MQ,SAM,3000,3239.0,3000,100.0,ZNE,train,gold,MQ_SAM_GOLD_20140507_124837
"bucket4$535,:3,:6001",2014-05-07T13:39:18.259900,MQ,BAM,3000,,3000,100.0,ZNE,train,gold,MQ_BAM_GOLD_20140507_133948
"bucket4$536,:3,:6001",2014-05-07T13:39:20.619900,MQ,CPM,3000,,3000,100.0,ZNE,train,gold,MQ_CPM_GOLD_20140507_133950
"bucket6$600,:3,:6001",2014-05-07T13:39:13.989900,MQ,GBM,3000,,3000,100.0,ZNE,test,gold,MQ_GBM_GOLD_20140507_133943
"bucket4$537,:3,:6001",2014-05-07T13:39:16.369900,MQ,MLM,3000,,3000,100.0,ZNE,train,gold,MQ_MLM_GOLD_20140507_133946
"bucket4$538,:3,:6001",2014-05-07T13:42:08.969900,MQ,BAM,3000,,3000,100.0,ZNE,train,gold,MQ_BAM_GOLD_20140507_134238
"bucket4$539,:3,:6001",2014-05-07T13:42:06.519900,MQ,CPM,3000,,3000,100.0,ZNE,train,gold,MQ_CPM_GOLD_20140507_134236
"bucket4$540,:3,:6001",2014-05-07T13:42:01.319900,MQ,GBM,3000,,3000,100.0,ZNE,train,gold,MQ_GBM_GOLD_20140507_134231
"bucket4$541,:3,:6001",2014-05-07T13:42:02.540000,MQ,IA2,3000,3440.0,3000,100.0,ZNE,train,gold,MQ_IA2_GOLD_20140507_134232
"bucket6$601,:3,:6001",2014-05-07T14:26:33.739900,MQ,BAM,3000,,3000,100.0,ZNE,test,gold,MQ_BAM_GOLD_20140507_142703
"bucket4$542,:3,:6001",2014-05-07T14:26:41.789900,MQ,CPM,3000,,3000,100.0,ZNE,train,gold,MQ_CPM_GOLD_20140507_142711
"bucket9$580,:3,:6001",2014-05-07T14:26:37.309900,MQ,GBM,3000,,3000,100.0,ZNE,dev,gold,MQ_GBM_GOLD_20140507_142707
"bucket4$543,:3,:6001",2014-05-07T14:26:41.949900,MQ,MLM,3000,,3000,100.0,ZNE,train,gold,MQ_MLM_GOLD_20140507_142711
"bucket9$581,:3,:6001",2014-05-07T16:40:08.519900,MQ,BAM,3000,,3000,100.0,ZNE,dev,gold,MQ_BAM_GOLD_20140507_164038
"bucket6$602,:3,:6001",2014-05-07T16:40:02.929900,MQ,GBM,3000,,3000,100.0,ZNE,test,gold,MQ_GBM_GOLD_20140507_164032
"bucket4$544,:3,:6001",2014-05-07T16:40:09.740000,MQ,IA2,3000,3023.0,3000,100.0,ZNE,train,gold,MQ_IA2_GOLD_20140507_164039
"bucket4$545,:3,:6001",2014-05-07T16:40:05.679900,MQ,MLM,3000,,3000,100.0,ZNE,train,gold,MQ_MLM_GOLD_20140507_164035
"bucket4$546,:3,:6001",2014-05-07T16:59:44.640000,MQ,IA2,3000,,3000,100.0,ZNE,train,gold,MQ_IA2_GOLD_20140507_170014
"bucket4$547,:3,:6001",2014-05-07T17:03:04.209900,MQ,BAM,3000,,3000,100.0,ZNE,train,gold,MQ_BAM_GOLD_20140507_170334
"bucket9$582,:3,:6001",2014-05-07T17:03:06.159900,MQ,CPM,3000,,3000,100.0,ZNE,dev,gold,MQ_CPM_GOLD_20140507_170336
"bucket4$548,:3,:6001",2014-05-07T17:03:03.439900,MQ,GBM,3000,,3000,100.0,ZNE,train,gold,MQ_GBM_GOLD_20140507_170333
"bucket4$549,:3,:6001",2014-05-07T17:02:58.319900,MQ,MLM,3000,,3000,100.0,ZNE,train,gold,MQ_MLM_GOLD_20140507_170328
"bucket4$550,:3,:6001",2014-05-07T17:03:02.090000,MQ,SAM,3000,3176.0,3000,100.0,ZNE,train,gold,MQ_SAM_GOLD_20140507_170332
"bucket4$551,:3,:6001",2014-05-07T18:42:48.229900,MQ,BAM,3000,,3000,100.0,ZNE,train,gold,MQ_BAM_GOLD_20140507_184318
"bucket6$603,:3,:6001",2014-05-07T18:42:49.749900,MQ,CPM,3000,,3000,100.0,ZNE,test,gold,MQ_CPM_GOLD_20140507_184319
"bucket9$583,:3,:6001",2014-05-07T18:42:47.429900,MQ,GBM,3000,,3000,100.0,ZNE,dev,gold,MQ_GBM_GOLD_20140507_184317
"bucket4$552,:3,:6001",2014-05-07T18:42:48.390000,MQ,IA2,3000,3105.0,3000,100.0,ZNE,train,gold,MQ_IA2_GOLD_20140507_184318
"bucket4$553,:3,:6001",2014-05-07T18:42:47.270000,MQ,LAM,3000,3426.0,3000,100.0,ZNE,train,gold,MQ_LAM_GOLD_20140507_184317
"bucket4$554,:3,:6001",2014-05-08T00:08:11.829900,MQ,BAM,3000,,3000,100.0,ZNE,train,gold,MQ_BAM_GOLD_20140508_000841
"bucket4$555,:3,:6001",2014-05-08T00:08:13.149900,MQ,CPM,3000,,3000,100.0,ZNE,train,gold,MQ_CPM_GOLD_20140508_000843
"bucket4$556,:3,:6001",2014-05-08T00:08:11.389900,MQ,GBM,3000,,3000,100.0,ZNE,train,gold,MQ_GBM_GOLD_20140508_000841
"bucket4$557,:3,:6001",2014-05-08T00:08:11.390000,MQ,IA2,3000,,3000,100.0,ZNE,train,gold,MQ_IA2_GOLD_20140508_000841
"bucket4$558,:3,:6001",2014-05-08T00:08:11.230000,MQ,LAM,3000,,3000,100.0,ZNE,train,gold,MQ_LAM_GOLD_20140508_000841
"bucket6$604,:3,:6001",2014-05-08T02:51:52.369900,MQ,BAM,3000,,3000,100.0,ZNE,test,gold,MQ_BAM_GOLD_20140508_025222
"bucket4$559,:3,:6001",2014-05-08T02:51:51.879900,MQ,GBM,3000,,3000,100.0,ZNE,train,gold,MQ_GBM_GOLD_20140508_025221
"bucket4$560,:3,:6001",2014-05-08T02:51:52.650000,MQ,IA2,3000,,3000,100.0,ZNE,train,gold,MQ_IA2_GOLD_20140508_025222
"bucket4$561,:3,:6001",2014-05-08T02:51:51.650000,MQ,LAM,3000,3021.0,3000,100.0,ZNE,train,gold,MQ_LAM_GOLD_20140508_025221
"bucket6$605,:3,:6001",2014-05-08T09:34:08.779900,MQ,BAM,3000,,3000,100.0,ZNE,test,gold,MQ_BAM_GOLD_20140508_093438
"bucket4$562,:3,:6001",2014-05-08T09:34:06.639900,MQ,CPM,3000,,3000,100.0,ZNE,train,gold,MQ_CPM_GOLD_20140508_093436
"bucket4$563,:3,:6001",2014-05-08T09:34:06.050000,MQ,IA2,3000,3062.0,3000,100.0,ZNE,train,gold,MQ_IA2_GOLD_20140508_093436
"bucket4$564,:3,:6001",2014-05-08T09:34:14.909900,MQ,MLM,3000,,3000,100.0,ZNE,train,gold,MQ_MLM_GOLD_20140508_093444
"bucket4$565,:3,:6001",2014-05-08T16:39:00.849900,MQ,BAM,3000,,3000,100.0,ZNE,train,gold,MQ_BAM_GOLD_20140508_163930
"bucket4$566,:3,:6001",2014-05-08T16:39:02.279900,MQ,GBM,3000,,3000,100.0,ZNE,train,gold,MQ_GBM_GOLD_20140508_163932
"bucket4$567,:3,:6001",2014-05-08T16:39:00.040000,MQ,IA2,3000,3122.0,3000,100.0,ZNE,train,gold,MQ_IA2_GOLD_20140508_163930
"bucket9$584,:3,:6001",2014-05-08T16:39:01.539900,MQ,MLM,3000,,3000,100.0,ZNE,dev,gold,MQ_MLM_GOLD_20140508_163931
"bucket4$568,:3,:6001",2014-05-08T19:57:28.739900,MQ,BAM,3000,,3000,100.0,ZNE,train,gold,MQ_BAM_GOLD_20140508_195758
"bucket4$569,:3,:6001",2014-05-08T19:57:26.569900,MQ,CPM,3000,,3000,100.0,ZNE,train,gold,MQ_CPM_GOLD_20140508_195756
"bucket4$570,:3,:6001",2014-05-08T19:57:26.690000,MQ,IA2,3000,3243.0,3000,100.0,ZNE,train,gold,MQ_IA2_GOLD_20140508_195756
"bucket9$585,:3,:6001",2014-05-08T19:57:27.009900,MQ,MLM,3000,,3000,100.0,ZNE,dev,gold,MQ_MLM_GOLD_20140508_195757
"bucket4$571,:3,:6001",2014-05-08T21:21:34.379900,MQ,CPM,3000,,3000,100.0,ZNE,train,gold,MQ_CPM_GOLD_20140508_212204
"bucket4$572,:3,:6001",2014-05-08T21:21:34.139900,MQ,GBM,3000,,3000,100.0,ZNE,train,gold,MQ_GBM_GOLD_20140508_212204
"bucket6$606,:3,:6001",2014-05-08T21:21:34.170000,MQ,IA2,3000,3089.0,3000,100.0,ZNE,test,gold,MQ_IA2_GOLD_20140508_212204
"bucket4$573,:3,:6001",2014-05-08T21:21:34.170000,MQ,LAM,3000,3025.0,3000,100.0,ZNE,train,gold,MQ_LAM_GOLD_20140508_212204
"bucket4$574,:3,:6001",2014-05-08T21:21:34.379900,MQ,MLM,3000,,3000,100.0,ZNE,train,gold,MQ_MLM_GOLD_20140508_212204
"bucket4$575,:3,:6001",2014-05-08T23:20:45.539900,MQ,BAM,3000,,3000,100.0,ZNE,train,gold,MQ_BAM_GOLD_20140508_232115
"bucket9$586,:3,:6001",2014-05-08T23:20:45.140000,MQ,IA2,3000,3263.0,3000,100.0,ZNE,dev,gold,MQ_IA2_GOLD_20140508_232115
"bucket4$576,:3,:6001",2014-05-09T07:03:03.049900,MQ,MLM,3000,,3000,100.0,ZNE,train,gold,MQ_MLM_GOLD_20140509_070333
"bucket6$607,:3,:6001",2014-05-09T08:21:08.849900,MQ,BAM,3000,,3000,100.0,ZNE,test,gold,MQ_BAM_GOLD_20140509_082138
"bucket4$577,:3,:6001",2014-05-09T08:21:07.939900,MQ,CPM,3000,,3000,100.0,ZNE,train,gold,MQ_CPM_GOLD_20140509_082137
"bucket6$608,:3,:6001",2014-05-09T08:21:07.889900,MQ,GBM,3000,,3000,100.0,ZNE,test,gold,MQ_GBM_GOLD_20140509_082137
"bucket4$578,:3,:6001",2014-05-09T08:21:07.779900,MQ,MLM,3000,,3000,100.0,ZNE,train,gold,MQ_MLM_GOLD_20140509_082137
"bucket4$579,:3,:6001",2014-05-09T08:25:38.569900,MQ,BAM,3000,,3000,100.0,ZNE,train,gold,MQ_BAM_GOLD_20140509_082608
"bucket4$580,:3,:6001",2014-05-09T08:25:37.849900,MQ,CPM,3000,,3000,100.0,ZNE,train,gold,MQ_CPM_GOLD_20140509_082607
"bucket4$581,:3,:6001",2014-05-09T08:25:36.200000,MQ,IA2,3000,,3000,100.0,ZNE,train,gold,MQ_IA2_GOLD_20140509_082606
"bucket4$582,:3,:6001",2014-05-09T08:25:38.119900,MQ,MLM,3000,,3000,100.0,ZNE,train,gold,MQ_MLM_GOLD_20140509_082608
"bucket6$609,:3,:6001",2014-05-09T14:00:59.859900,MQ,BAM,3000,,3000,100.0,ZNE,test,gold,MQ_BAM_GOLD_20140509_140129
"bucket4$583,:3,:6001",2014-05-09T14:00:59.929900,MQ,GBM,3000,,3000,100.0,ZNE,train,gold,MQ_GBM_GOLD_20140509_140129
"bucket4$584,:3,:6001",2014-05-09T14:01:00.030000,MQ,IA2,3000,,3000,100.0,ZNE,train,gold,MQ_IA2_GOLD_20140509_140130
"bucket9$587,:3,:6001",2014-05-09T14:01:00.650000,MQ,SAM,3000,3193.0,3000,100.0,ZNE,dev,gold,MQ_SAM_GOLD_20140509_140130
"bucket4$585,:3,:6001",2014-05-09T14:52:14.659900,MQ,BAM,3000,,3000,100.0,ZNE,train,gold,MQ_BAM_GOLD_20140509_145244
"bucket4$586,:3,:6001",2014-05-09T14:52:08.939900,MQ,CPM,3000,,3000,100.0,ZNE,train,gold,MQ_CPM_GOLD_20140509_145238
"bucket4$587,:3,:6001",2014-05-09T14:52:16.609900,MQ,MLM,3000,,3000,100.0,ZNE,train,gold,MQ_MLM_GOLD_20140509_145246
"bucket4$588,:3,:6001",2014-05-09T14:52:13.500000,MQ,SAM,3000,,3000,100.0,ZNE,train,gold,MQ_SAM_GOLD_20140509_145243
"bucket4$589,:3,:6001",2014-05-09T15:20:36.499900,MQ,BAM,3000,,3000,100.0,ZNE,train,gold,MQ_BAM_GOLD_20140509_152106
"bucket4$590,:3,:6001",2014-05-09T15:20:35.219900,MQ,GBM,3000,,3000,100.0,ZNE,train,gold,MQ_GBM_GOLD_20140509_152105
"bucket4$591,:3,:6001",2014-05-09T15:20:30.659900,MQ,MLM,3000,,3000,100.0,ZNE,train,gold,MQ_MLM_GOLD_20140509_152100
"bucket9$588,:3,:6001",2014-05-09T15:20:39.950000,MQ,SAM,3000,,3000,100.0,ZNE,dev,gold,MQ_SAM_GOLD_20140509_152109
"bucket4$592,:3,:6001",2014-05-09T16:02:46.639900,MQ,BAM,3000,,3000,100.0,ZNE,train,gold,MQ_BAM_GOLD_20140509_160316
"bucket4$593,:3,:6001",2014-05-09T16:02:51.949900,MQ,CPM,3000,,3000,100.0,ZNE,train,gold,MQ_CPM_GOLD_20140509_160321
"bucket4$594,:3,:6001",2014-05-09T16:02:48.319900,MQ,GBM,3000,,3000,100.0,ZNE,train,gold,MQ_GBM_GOLD_20140509_160318
"bucket6$610,:3,:6001",2014-05-09T16:02:48.359900,MQ,MLM,3000,,3000,100.0,ZNE,test,gold,MQ_MLM_GOLD_20140509_160318
"bucket4$595,:3,:6001",2014-05-09T17:21:36.389900,MQ,GBM,3000,,3000,100.0,ZNE,train,gold,MQ_GBM_GOLD_20140509_172206
"bucket9$589,:3,:6001",2014-05-09T17:21:34.829900,MQ,MLM,3000,,3000,100.0,ZNE,dev,gold,MQ_MLM_GOLD_20140509_172204
"bucket4$596,:3,:6001",2014-05-09T17:21:31.780000,MQ,SAM,3000,3129.0,3000,100.0,ZNE,train,gold,MQ_SAM_GOLD_20140509_172201
"bucket4$597,:3,:6001",2014-05-09T22:46:01.389900,MQ,BAM,3000,,3000,100.0,ZNE,train,gold,MQ_BAM_GOLD_20140509_224631
"bucket4$598,:3,:6001",2014-05-09T22:46:02.729900,MQ,CPM,3000,,3000,100.0,ZNE,train,gold,MQ_CPM_GOLD_20140509_224632
"bucket4$599,:3,:6001",2014-05-09T22:46:01.279900,MQ,GBM,3000,,3000,100.0,ZNE,train,gold,MQ_GBM_GOLD_20140509_224631
"bucket4$600,:3,:6001",2014-05-09T22:46:01.400000,MQ,IA2,3000,3073.0,3000,100.0,ZNE,train,gold,MQ_IA2_GOLD_20140509_224631
"bucket9$590,:3,:6001",2014-05-09T22:46:01.610000,MQ,LAM,3000,3203.0,3000,100.0,ZNE,dev,gold,MQ_LAM_GOLD_20140509_224631
"bucket4$601,:3,:6001",2014-05-09T22:46:02.230000,MQ,SAM,3000,3061.0,3000,100.0,ZNE,train,gold,MQ_SAM_GOLD_20140509_224632
"bucket4$602,:3,:6001",2014-05-09T23:21:07.339900,MQ,BAM,3000,,3000,100.0,ZNE,train,gold,MQ_BAM_GOLD_20140509_232137
"bucket4$603,:3,:6001",2014-05-09T23:21:07.459900,MQ,CPM,3000,,3000,100.0,ZNE,train,gold,MQ_CPM_GOLD_20140509_232137
"bucket4$604,:3,:6001",2014-05-09T23:21:06.079900,MQ,GBM,3000,,3000,100.0,ZNE,train,gold,MQ_GBM_GOLD_20140509_232136
"bucket9$591,:3,:6001",2014-05-09T23:21:06.190000,MQ,IA2,3000,3238.0,3000,100.0,ZNE,dev,gold,MQ_IA2_GOLD_20140509_232136
"bucket6$611,:3,:6001",2014-05-09T23:21:06.340000,MQ,LAM,3000,,3000,100.0,ZNE,test,gold,MQ_LAM_GOLD_20140509_232136
"bucket4$605,:3,:6001",2014-05-09T23:21:07,MQ,SAM,3000,,3000,100.0,ZNE,train,gold,MQ_SAM_GOLD_20140509_232137
"bucket4$606,:3,:6001",2014-05-10T04:29:28.299900,MQ,CPM,3000,,3000,100.0,ZNE,train,gold,MQ_CPM_GOLD_20140510_042958
"bucket4$607,:3,:6001",2014-05-10T04:29:28.220000,MQ,IA2,3000,,3000,100.0,ZNE,train,gold,MQ_IA2_GOLD_20140510_042958
"bucket4$608,:3,:6001",2014-05-10T04:29:26.710000,MQ,LAM,3000,,3000,100.0,ZNE,train,gold,MQ_LAM_GOLD_20140510_042956
"bucket4$609,:3,:6001",2014-05-10T04:29:28.629900,MQ,MLM,3000,,3000,100.0,ZNE,train,gold,MQ_MLM_GOLD_20140510_042958
"bucket4$610,:3,:6001",2014-05-10T05:29:13.919900,MQ,BAM,3000,,3000,100.0,ZNE,train,gold,MQ_BAM_GOLD_20140510_052943
"bucket9$592,:3,:6001",2014-05-10T05:29:13.679900,MQ,GBM,3000,,3000,100.0,ZNE,dev,gold,MQ_GBM_GOLD_20140510_052943
"bucket4$611,:3,:6001",2014-05-10T05:29:13.880000,MQ,LAM,3000,,3000,100.0,ZNE,train,gold,MQ_LAM_GOLD_20140510_052943
"bucket4$612,:3,:6001",2014-05-10T05:29:14.550000,MQ,SAM,3000,3033.0,3000,100.0,ZNE,train,gold,MQ_SAM_GOLD_20140510_052944
"bucket4$613,:3,:6001",2014-05-10T05:56:05.910000,MQ,IA2,3000,,3000,100.0,ZNE,train,gold,MQ_IA2_GOLD_20140510_055635
"bucket4$614,:3,:6001",2014-05-10T05:56:06.110000,MQ,SAM,3000,3182.0,3000,100.0,ZNE,train,gold,MQ_SAM_GOLD_20140510_055636
"bucket6$612,:3,:6001",2014-05-10T08:17:01.139900,MQ,BAM,3000,,3000,100.0,ZNE,test,gold,MQ_BAM_GOLD_20140510_081731
"bucket4$615,:3,:6001",2014-05-10T08:17:00.109900,MQ,CPM,3000,,3000,100.0,ZNE,train,gold,MQ_CPM_GOLD_20140510_081730
"bucket9$593,:3,:6001",2014-05-10T08:17:06.119900,MQ,GBM,3000,,3000,100.0,ZNE,dev,gold,MQ_GBM_GOLD_20140510_081736
"bucket4$616,:3,:6001",2014-05-10T08:17:00.380000,MQ,LAM,3000,3152.0,3000,100.0,ZNE,train,gold,MQ_LAM_GOLD_20140510_081730
"bucket4$617,:3,:6001",2014-05-10T08:17:04.879900,MQ,MLM,3000,,3000,100.0,ZNE,train,gold,MQ_MLM_GOLD_20140510_081734
"bucket4$618,:3,:6001",2014-05-10T08:17:02.330000,MQ,SAM,3000,,3000,100.0,ZNE,train,gold,MQ_SAM_GOLD_20140510_081732
"bucket6$613,:3,:6001",2014-05-10T10:23:31.399900,MQ,BAM,3000,,3000,100.0,ZNE,test,gold,MQ_BAM_GOLD_20140510_102401
"bucket4$619,:3,:6001",2014-05-10T10:23:34.439900,MQ,CPM,3000,,3000,100.0,ZNE,train,gold,MQ_CPM_GOLD_20140510_102404
"bucket4$620,:3,:6001",2014-05-10T10:23:28.350000,MQ,IA2,3000,3289.0,3000,100.0,ZNE,train,gold,MQ_IA2_GOLD_20140510_102358
"bucket4$621,:3,:6001",2014-05-10T10:23:30.349900,MQ,MLM,3000,,3000,100.0,ZNE,train,gold,MQ_MLM_GOLD_20140510_102400
"bucket4$622,:3,:6001",2014-05-10T10:41:38.959900,MQ,BAM,3000,,3000,100.0,ZNE,train,gold,MQ_BAM_GOLD_20140510_104208
"bucket9$594,:3,:6001",2014-05-10T10:41:39.389900,MQ,GBM,3000,,3000,100.0,ZNE,dev,gold,MQ_GBM_GOLD_20140510_104209
"bucket4$623,:3,:6001",2014-05-10T10:41:37.320000,MQ,IA2,3000,3061.0,3000,100.0,ZNE,train,gold,MQ_IA2_GOLD_20140510_104207
"bucket4$624,:3,:6001",2014-05-10T10:41:37.369900,MQ,MLM,3000,,3000,100.0,ZNE,train,gold,MQ_MLM_GOLD_20140510_104207
"bucket4$625,:3,:6001",2014-05-10T10:47:34.059900,MQ,BAM,3000,,3000,100.0,ZNE,train,gold,MQ_BAM_GOLD_20140510_104804
"bucket4$626,:3,:6001",2014-05-10T10:47:32.719900,MQ,GBM,3000,,3000,100.0,ZNE,train,gold,MQ_GBM_GOLD_20140510_104802
"bucket4$627,:3,:6001",2014-05-10T10:47:35.560000,MQ,LAM,3000,,3000,100.0,ZNE,train,gold,MQ_LAM_GOLD_20140510_104805
"bucket6$614,:3,:6001",2014-05-10T10:47:30.769900,MQ,MLM,3000,,3000,100.0,ZNE,test,gold,MQ_MLM_GOLD_20140510_104800
"bucket9$595,:3,:6001",2014-05-10T10:51:16.139900,MQ,BAM,3000,,3000,100.0,ZNE,dev,gold,MQ_BAM_GOLD_20140510_105146
"bucket6$615,:3,:6001",2014-05-10T10:51:13.840000,MQ,IA2,3000,,3000,100.0,ZNE,test,gold,MQ_IA2_GOLD_20140510_105143
"bucket4$628,:3,:6001",2014-05-10T10:51:12.979900,MQ,MLM,3000,,3000,100.0,ZNE,train,gold,MQ_MLM_GOLD_20140510_105142
"bucket4$629,:3,:6001",2014-05-10T10:51:20.070000,MQ,SAM,3000,,3000,100.0,ZNE,train,gold,MQ_SAM_GOLD_20140510_105150
"bucket4$630,:3,:6001",2014-05-10T10:56:25.659900,MQ,BAM,3000,,3000,100.0,ZNE,train,gold,MQ_BAM_GOLD_20140510_105655
"bucket4$631,:3,:6001",2014-05-10T10:56:22.189900,MQ,GBM,3000,,3000,100.0,ZNE,train,gold,MQ_GBM_GOLD_20140510_105652
"bucket4$632,:3,:6001",2014-05-10T10:56:26.789900,MQ,MLM,3000,,3000,100.0,ZNE,train,gold,MQ_MLM_GOLD_20140510_105656
"bucket9$596,:3,:6001",2014-05-10T10:56:19.780000,MQ,SAM,3000,3178.0,3000,100.0,ZNE,dev,gold,MQ_SAM_GOLD_20140510_105649
"bucket4$633,:3,:6001",2014-05-10T11:20:05.799900,MQ,BAM,3000,,3000,100.0,ZNE,train,gold,MQ_BAM_GOLD_20140510_112035
"bucket4$634,:3,:6001",2014-05-10T11:20:05.419900,MQ,GBM,3000,,3000,100.0,ZNE,train,gold,MQ_GBM_GOLD_20140510_112035
"bucket4$635,:3,:6001",2014-05-10T11:20:08.089900,MQ,MLM,3000,,3000,100.0,ZNE,train,gold,MQ_MLM_GOLD_20140510_112038
"bucket4$636,:3,:6001",2014-05-10T11:20:10.580000,MQ,SAM,3000,3162.0,3000,100.0,ZNE,train,gold,MQ_SAM_GOLD_20140510_112040
"bucket4$637,:3,:6001",2014-05-10T11:20:40.469900,MQ,BAM,3000,,3000,100.0,ZNE,train,gold,MQ_BAM_GOLD_20140510_112110
"bucket9$597,:3,:6001",2014-05-10T11:20:34.799900,MQ,CPM,3000,,3000,100.0,ZNE,dev,gold,MQ_CPM_GOLD_20140510_112104
"bucket4$638,:3,:6001",2014-05-10T11:20:36.629900,MQ,GBM,3000,,3000,100.0,ZNE,train,gold,MQ_GBM_GOLD_20140510_112106
"bucket9$598,:3,:6001",2014-05-10T11:20:39.870000,MQ,SAM,3000,,3000,100.0,ZNE,dev,gold,MQ_SAM_GOLD_20140510_112109
"bucket9$599,:3,:6001",2014-05-10T11:35:15.019900,MQ,BAM,3000,,3000,100.0,ZNE,dev,gold,MQ_BAM_GOLD_20140510_113545
"bucket4$639,:3,:6001",2014-05-10T11:35:12.799900,MQ,GBM,3000,,3000,100.0,ZNE,train,gold,MQ_GBM_GOLD_20140510_113542
"bucket4$640,:3,:6001",2014-05-10T11:35:11.029900,MQ,MLM,3000,,3000,100.0,ZNE,train,gold,MQ_MLM_GOLD_20140510_113541
"bucket4$641,:3,:6001",2014-05-10T11:35:17.930000,MQ,SAM,3000,3134.0,3000,100.0,ZNE,train,gold,MQ_SAM_GOLD_20140510_113547
"bucket6$616,:3,:6001",2014-05-10T11:37:24.789900,MQ,CPM,3000,,3000,100.0,ZNE,test,gold,MQ_CPM_GOLD_20140510_113754
"bucket9$600,:3,:6001",2014-05-10T11:37:24.949900,MQ,GBM,3000,,3000,100.0,ZNE,dev,gold,MQ_GBM_GOLD_20140510_113754
"bucket4$642,:3,:6001",2014-05-10T11:37:30.430000,MQ,LAM,3000,,3000,100.0,ZNE,train,gold,MQ_LAM_GOLD_20140510_113800
"bucket6$617,:3,:6001",2014-05-10T11:37:26.420000,MQ,SAM,3000,3145.0,3000,100.0,ZNE,test,gold,MQ_SAM_GOLD_20140510_113756
"bucket6$618,:3,:6001",2014-05-10T11:46:34.719900,MQ,BAM,3000,,3000,100.0,ZNE,test,gold,MQ_BAM_GOLD_20140510_114704
"bucket4$643,:3,:6001",2014-05-10T11:46:32.909900,MQ,CPM,3000,,3000,100.0,ZNE,train,gold,MQ_CPM_GOLD_20140510_114702
"bucket4$644,:3,:6001",2014-05-10T11:46:34.679900,MQ,GBM,3000,,3000,100.0,ZNE,train,gold,MQ_GBM_GOLD_20140510_114704
"bucket9$601,:3,:6001",2014-05-10T11:46:33.429900,MQ,MLM,3000,,3000,100.0,ZNE,dev,gold,MQ_MLM_GOLD_20140510_114703
"bucket4$645,:3,:6001",2014-05-10T12:03:51.889900,MQ,BAM,3000,,3000,100.0,ZNE,train,gold,MQ_BAM_GOLD_20140510_120421
"bucket4$646,:3,:6001",2014-05-10T12:03:48.759900,MQ,CPM,3000,,3000,100.0,ZNE,train,gold,MQ_CPM_GOLD_20140510_120418
"bucket4$647,:3,:6001",2014-05-10T12:03:48.599900,MQ,GBM,3000,,3000,100.0,ZNE,train,gold,MQ_GBM_GOLD_20140510_120418
"bucket9$602,:3,:6001",2014-05-10T12:03:52.210000,MQ,IA2,3000,,3000,100.0,ZNE,dev,gold,MQ_IA2_GOLD_20140510_120422
"bucket6$619,:3,:6001",2014-05-10T12:03:51.619900,MQ,MLM,3000,,3000,100.0,ZNE,test,gold,MQ_MLM_GOLD_20140510_120421
"bucket4$648,:3,:6001",2014-05-10T12:05:16.539900,MQ,CPM,3000,,3000,100.0,ZNE,train,gold,MQ_CPM_GOLD_20140510_120546
"bucket4$649,:3,:6001",2014-05-10T12:05:21.150000,MQ,LAM,3000,,3000,100.0,ZNE,train,gold,MQ_LAM_GOLD_20140510_120551
"bucket4$650,:3,:6001",2014-05-10T12:05:15.879900,MQ,MLM,3000,,3000,100.0,ZNE,train,gold,MQ_MLM_GOLD_20140510_120545
"bucket4$651,:3,:6001",2014-05-10T12:05:16.380000,MQ,SAM,3000,3168.0,3000,100.0,ZNE,train,gold,MQ_SAM_GOLD_20140510_120546
"bucket4$652,:3,:6001",2014-05-10T12:06:16.559900,MQ,BAM,3000,,3000,100.0,ZNE,train,gold,MQ_BAM_GOLD_20140510_120646
"bucket4$653,:3,:6001",2014-05-10T12:06:17.769900,MQ,CPM,3000,,3000,100.0,ZNE,train,gold,MQ_CPM_GOLD_20140510_120647
"bucket6$620,:3,:6001",2014-05-10T12:06:19.389900,MQ,GBM,3000,,3000,100.0,ZNE,test,gold,MQ_GBM_GOLD_20140510_120649
"bucket4$654,:3,:6001",2014-05-10T12:06:14.040000,MQ,IA2,3000,3002.0,3000,100.0,ZNE,train,gold,MQ_IA2_GOLD_20140510_120644
"bucket4$655,:3,:6001",2014-05-10T12:29:54.589900,MQ,BAM,3000,,3000,100.0,ZNE,train,gold,MQ_BAM_GOLD_20140510_123024
"bucket4$656,:3,:6001",2014-05-10T12:29:56.159900,MQ,CPM,3000,,3000,100.0,ZNE,train,gold,MQ_CPM_GOLD_20140510_123026
"bucket4$657,:3,:6001",2014-05-10T12:29:58.519900,MQ,GBM,3000,,3000,100.0,ZNE,train,gold,MQ_GBM_GOLD_20140510_123028
"bucket4$658,:3,:6001",2014-05-10T12:30:04.129900,MQ,MLM,3000,,3000,100.0,ZNE,train,gold,MQ_MLM_GOLD_20140510_123034
"bucket4$659,:3,:6001",2014-05-10T12:30:03.410000,MQ,SAM,3000,3120.0,3000,100.0,ZNE,train,gold,MQ_SAM_GOLD_20140510_123033
"bucket4$660,:3,:6001",2014-05-10T12:36:21.309900,MQ,BAM,3000,,3000,100.0,ZNE,train,gold,MQ_BAM_GOLD_20140510_123651
"bucket4$661,:3,:6001",2014-05-10T12:36:23.509900,MQ,CPM,3000,,3000,100.0,ZNE,train,gold,MQ_CPM_GOLD_20140510_123653
"bucket4$662,:3,:6001",2014-05-10T12:36:24.709900,MQ,GBM,3000,,3000,100.0,ZNE,train,gold,MQ_GBM_GOLD_20140510_123654
"bucket4$663,:3,:6001",2014-05-10T12:36:28.099900,MQ,MLM,3000,,3000,100.0,ZNE,train,gold,MQ_MLM_GOLD_20140510_123658
"bucket4$664,:3,:6001",2014-05-10T13:03:23.869900,MQ,BAM,3000,,3000,100.0,ZNE,train,gold,MQ_BAM_GOLD_20140510_130353
"bucket4$665,:3,:6001",2014-05-10T13:03:18.539900,MQ,GBM,3000,,3000,100.0,ZNE,train,gold,MQ_GBM_GOLD_20140510_130348
"bucket4$666,:3,:6001",2014-05-10T13:03:21.690000,MQ,LAM,3000,,3000,100.0,ZNE,train,gold,MQ_LAM_GOLD_20140510_130351
"bucket4$667,:3,:6001",2014-05-10T13:03:28.370000,MQ,SAM,3000,,3000,100.0,ZNE,train,gold,MQ_SAM_GOLD_20140510_130358
"bucket4$668,:3,:6001",2014-05-10T13:32:57.909900,MQ,BAM,3000,,3000,100.0,ZNE,train,gold,MQ_BAM_GOLD_20140510_133327
"bucket4$669,:3,:6001",2014-05-10T13:33:05.139900,MQ,CPM,3000,,3000,100.0,ZNE,train,gold,MQ_CPM_GOLD_20140510_133335
"bucket4$670,:3,:6001",2014-05-10T13:32:56.689900,MQ,GBM,3000,,3000,100.0,ZNE,train,gold,MQ_GBM_GOLD_20140510_133326
"bucket6$621,:3,:6001",2014-05-10T13:33:02.510000,MQ,SAM,3000,3149.0,3000,100.0,ZNE,test,gold,MQ_SAM_GOLD_20140510_133332
"bucket6$622,:3,:6001",2014-05-10T14:07:09.209900,MQ,BAM,3000,,3000,100.0,ZNE,test,gold,MQ_BAM_GOLD_20140510_140739
"bucket9$603,:3,:6001",2014-05-10T14:07:06.369900,MQ,GBM,3000,,3000,100.0,ZNE,dev,gold,MQ_GBM_GOLD_20140510_140736
"bucket4$671,:3,:6001",2014-05-10T14:07:08.890000,MQ,LAM,3000,,3000,100.0,ZNE,train,gold,MQ_LAM_GOLD_20140510_140738
"bucket4$672,:3,:6001",2014-05-10T14:07:10.540000,MQ,SAM,3000,,3000,100.0,ZNE,train,gold,MQ_SAM_GOLD_20140510_140740
"bucket4$673,:3,:6001",2014-05-10T14:57:34.269900,MQ,BAM,3000,,3000,100.0,ZNE,train,gold,MQ_BAM_GOLD_20140510_145804
"bucket4$674,:3,:6001",2014-05-10T14:57:39.229900,MQ,CPM,3000,,3000,100.0,ZNE,train,gold,MQ_CPM_GOLD_20140510_145809
"bucket6$623,:3,:6001",2014-05-10T14:57:36.969900,MQ,GBM,3000,,3000,100.0,ZNE,test,gold,MQ_GBM_GOLD_20140510_145806
"bucket4$675,:3,:6001",2014-05-10T14:57:30.749900,MQ,MLM,3000,,3000,100.0,ZNE,train,gold,MQ_MLM_GOLD_20140510_145800
"bucket4$676,:3,:6001",2014-05-10T14:58:01.289900,MQ,CPM,3000,,3000,100.0,ZNE,train,gold,MQ_CPM_GOLD_20140510_145831
"bucket4$677,:3,:6001",2014-05-10T14:57:53.739900,MQ,GBM,3000,,3000,100.0,ZNE,train,gold,MQ_GBM_GOLD_20140510_145823
"bucket4$678,:3,:6001",2014-05-10T14:57:52.120000,MQ,LAM,3000,3252.0,3000,100.0,ZNE,train,gold,MQ_LAM_GOLD_20140510_145822
"bucket9$604,:3,:6001",2014-05-10T14:57:57.849900,MQ,MLM,3000,,3000,100.0,ZNE,dev,gold,MQ_MLM_GOLD_20140510_145827
"bucket4$679,:3,:6001",2014-05-10T15:42:15.729900,MQ,BAM,3000,,3000,100.0,ZNE,train,gold,MQ_BAM_GOLD_20140510_154245
"bucket9$605,:3,:6001",2014-05-10T15:42:20.449900,MQ,CPM,3000,,3000,100.0,ZNE,dev,gold,MQ_CPM_GOLD_20140510_154250
"bucket4$680,:3,:6001",2014-05-10T15:42:13.839900,MQ,GBM,3000,,3000,100.0,ZNE,train,gold,MQ_GBM_GOLD_20140510_154243
"bucket4$681,:3,:6001",2014-05-10T15:42:17.530000,MQ,LAM,3000,,3000,100.0,ZNE,train,gold,MQ_LAM_GOLD_20140510_154247
"bucket4$682,:3,:6001",2014-05-10T23:04:56.309900,MQ,CPM,3000,,3000,100.0,ZNE,train,gold,MQ_CPM_GOLD_20140510_230526
"bucket4$683,:3,:6001",2014-05-10T23:04:53.319900,MQ,GBM,3000,,3000,100.0,ZNE,train,gold,MQ_GBM_GOLD_20140510_230523
"bucket4$684,:3,:6001",2014-05-10T23:04:48.340000,MQ,IA2,3000,3061.0,3000,100.0,ZNE,train,gold,MQ_IA2_GOLD_20140510_230518
"bucket4$685,:3,:6001",2014-05-10T23:04:51.440000,MQ,LAM,3000,3159.0,3000,100.0,ZNE,train,gold,MQ_LAM_GOLD_20140510_230521
"bucket4$686,:3,:6001",2014-05-10T23:04:50.890000,MQ,SAM,3000,3229.0,3000,100.0,ZNE,train,gold,MQ_SAM_GOLD_20140510_230520
"bucket9$606,:3,:6001",2014-05-11T06:56:39.639900,MQ,BAM,3000,,3000,100.0,ZNE,dev,gold,MQ_BAM_GOLD_20140511_065709
"bucket4$687,:3,:6001",2014-05-11T06:56:41.059900,MQ,CPM,3000,,3000,100.0,ZNE,train,gold,MQ_CPM_GOLD_20140511_065711
"bucket6$624,:3,:6001",2014-05-11T06:56:40.119900,MQ,GBM,3000,,3000,100.0,ZNE,test,gold,MQ_GBM_GOLD_20140511_065710
"bucket4$688,:3,:6001",2014-05-11T06:56:40.560000,MQ,IA2,3000,,3000,100.0,ZNE,train,gold,MQ_IA2_GOLD_20140511_065710
"bucket4$689,:3,:6001",2014-05-11T10:28:57.889900,MQ,BAM,3000,,3000,100.0,ZNE,train,gold,MQ_BAM_GOLD_20140511_102927
"bucket9$607,:3,:6001",2014-05-11T10:28:55.149900,MQ,CPM,3000,,3000,100.0,ZNE,dev,gold,MQ_CPM_GOLD_20140511_102925
"bucket4$690,:3,:6001",2014-05-11T10:28:52.809900,MQ,GBM,3000,,3000,100.0,ZNE,train,gold,MQ_GBM_GOLD_20140511_102922
"bucket9$608,:3,:6001",2014-05-11T10:28:49.709900,MQ,MLM,3000,,3000,100.0,ZNE,dev,gold,MQ_MLM_GOLD_20140511_102919
"bucket9$609,:3,:6001",2014-05-11T13:20:37.639900,MQ,BAM,3000,,3000,100.0,ZNE,dev,gold,MQ_BAM_GOLD_20140511_132107
"bucket4$691,:3,:6001",2014-05-11T13:20:35.279900,MQ,GBM,3000,,3000,100.0,ZNE,train,gold,MQ_GBM_GOLD_20140511_132105
"bucket4$692,:3,:6001",2014-05-11T13:20:32.010000,MQ,IA2,3000,3023.0,3000,100.0,ZNE,train,gold,MQ_IA2_GOLD_20140511_132102
"bucket4$693,:3,:6001",2014-05-11T13:20:34.049900,MQ,MLM,3000,,3000,100.0,ZNE,train,gold,MQ_MLM_GOLD_20140511_132104
"bucket4$694,:3,:6001",2014-05-12T03:45:47.449900,MQ,CPM,3000,,3000,100.0,ZNE,train,gold,MQ_CPM_GOLD_20140512_034617
"bucket6$625,:3,:6001",2014-05-12T03:45:46.499900,MQ,GBM,3000,,3000,100.0,ZNE,test,gold,MQ_GBM_GOLD_20140512_034616
"bucket4$695,:3,:6001",2014-05-12T03:45:46.650000,MQ,IA2,3000,,3000,100.0,ZNE,train,gold,MQ_IA2_GOLD_20140512_034616
"bucket4$696,:3,:6001",2014-05-12T03:45:46.650000,MQ,SAM,3000,3166.0,3000,100.0,ZNE,train,gold,MQ_SAM_GOLD_20140512_034616
"bucket4$697,:3,:6001",2014-05-12T06:33:36.859900,MQ,BAM,3000,,3000,100.0,ZNE,train,gold,MQ_BAM_GOLD_20140512_063406
"bucket4$698,:3,:6001",2014-05-12T06:33:33.519900,MQ,CPM,3000,,3000,100.0,ZNE,train,gold,MQ_CPM_GOLD_20140512_063403
"bucket4$699,:3,:6001",2014-05-12T06:33:38.849900,MQ,GBM,3000,,3000,100.0,ZNE,train,gold,MQ_GBM_GOLD_20140512_063408
"bucket9$610,:3,:6001",2014-05-12T06:33:42.140000,MQ,IA2,3000,,3000,100.0,ZNE,dev,gold,MQ_IA2_GOLD_20140512_063412
"bucket4$700,:3,:6001",2014-05-12T07:42:30.339900,MQ,BAM,3000,,3000,100.0,ZNE,train,gold,MQ_BAM_GOLD_20140512_074300
"bucket4$701,:3,:6001",2014-05-12T07:42:21.709900,MQ,CPM,3000,,3000,100.0,ZNE,train,gold,MQ_CPM_GOLD_20140512_074251
"bucket4$702,:3,:6001",2014-05-12T07:42:21.310000,MQ,IA2,3000,3157.0,3000,100.0,ZNE,train,gold,MQ_IA2_GOLD_20140512_074251
"bucket9$611,:3,:6001",2014-05-12T07:42:25.550000,MQ,SAM,3000,3242.0,3000,100.0,ZNE,dev,gold,MQ_SAM_GOLD_20140512_074255
"bucket6$626,:3,:6001",2014-05-12T08:18:43.189900,MQ,BAM,3000,,3000,100.0,ZNE,test,gold,MQ_BAM_GOLD_20140512_081913
"bucket4$703,:3,:6001",2014-05-12T08:18:36.919900,MQ,CPM,3000,,3000,100.0,ZNE,train,gold,MQ_CPM_GOLD_20140512_081906
"bucket9$612,:3,:6001",2014-05-12T08:18:37.839900,MQ,GBM,3000,,3000,100.0,ZNE,dev,gold,MQ_GBM_GOLD_20140512_081907
"bucket4$704,:3,:6001",2014-05-12T08:18:38.889900,MQ,MLM,3000,,3000,100.0,ZNE,train,gold,MQ_MLM_GOLD_20140512_081908
"bucket4$705,:3,:6001",2014-05-12T12:49:49.659900,MQ,BAM,3000,,3000,100.0,ZNE,train,gold,MQ_BAM_GOLD_20140512_125019
"bucket4$706,:3,:6001",2014-05-12T12:49:58.599900,MQ,GBM,3000,,3000,100.0,ZNE,train,gold,MQ_GBM_GOLD_20140512_125028
"bucket9$613,:3,:6001",2014-05-12T12:49:51.199900,MQ,MLM,3000,,3000,100.0,ZNE,dev,gold,MQ_MLM_GOLD_20140512_125021
"bucket4$707,:3,:6001",2014-05-12T12:49:56.040000,MQ,SAM,3000,3219.0,3000,100.0,ZNE,train,gold,MQ_SAM_GOLD_20140512_125026
"bucket4$708,:3,:6001",2014-05-12T14:46:23.739900,MQ,BAM,3000,,3000,100.0,ZNE,train,gold,MQ_BAM_GOLD_20140512_144653
"bucket4$709,:3,:6001",2014-05-12T14:46:24.869900,MQ,CPM,3000,,3000,100.0,ZNE,train,gold,MQ_CPM_GOLD_20140512_144654
"bucket6$627,:3,:6001",2014-05-12T14:46:25.469900,MQ,GBM,3000,,3000,100.0,ZNE,test,gold,MQ_GBM_GOLD_20140512_144655
"bucket4$710,:3,:6001",2014-05-12T14:46:24.480000,MQ,IA2,3000,,3000,100.0,ZNE,train,gold,MQ_IA2_GOLD_20140512_144654
"bucket6$628,:3,:6001",2014-05-12T14:46:28.779900,MQ,MLM,3000,,3000,100.0,ZNE,test,gold,MQ_MLM_GOLD_20140512_144658
"bucket4$711,:3,:6001",2014-05-12T16:25:07.159900,MQ,BAM,3000,,3000,100.0,ZNE,train,gold,MQ_BAM_GOLD_20140512_162537
"bucket4$712,:3,:6001",2014-05-12T16:25:03.129900,MQ,GBM,3000,,3000,100.0,ZNE,train,gold,MQ_GBM_GOLD_20140512_162533
"bucket4$713,:3,:6001",2014-05-12T16:25:04.440000,MQ,IA2,3000,,3000,100.0,ZNE,train,gold,MQ_IA2_GOLD_20140512_162534
"bucket4$714,:3,:6001",2014-05-12T16:25:08.820000,MQ,SAM,3000,,3000,100.0,ZNE,train,gold,MQ_SAM_GOLD_20140512_162538
"bucket6$629,:3,:6001",2014-05-13T07:04:53.649900,MQ,BAM,3000,,3000,100.0,ZNE,test,gold,MQ_BAM_GOLD_20140513_070523
"bucket4$715,:3,:6001",2014-05-13T07:04:50.369900,MQ,CPM,3000,,3000,100.0,ZNE,train,gold,MQ_CPM_GOLD_20140513_070520
"bucket6$630,:3,:6001",2014-05-13T07:04:56.299900,MQ,GBM,3000,,3000,100.0,ZNE,test,gold,MQ_GBM_GOLD_20140513_070526
"bucket4$716,:3,:6001",2014-05-13T07:04:52.060000,MQ,SAM,3000,3152.0,3000,100.0,ZNE,train,gold,MQ_SAM_GOLD_20140513_070522
"bucket4$717,:3,:6001",2014-05-13T10:00:44.289900,MQ,BAM,3000,,3000,100.0,ZNE,train,gold,MQ_BAM_GOLD_20140513_100114
"bucket4$718,:3,:6001",2014-05-13T10:00:42.160000,MQ,LAM,3000,,3000,100.0,ZNE,train,gold,MQ_LAM_GOLD_20140513_100112
"bucket4$719,:3,:6001",2014-05-13T10:00:45.079900,MQ,MLM,3000,,3000,100.0,ZNE,train,gold,MQ_MLM_GOLD_20140513_100115
"bucket4$720,:3,:6001",2014-05-13T10:00:46.530000,MQ,SAM,3000,,3000,100.0,ZNE,train,gold,MQ_SAM_GOLD_20140513_100116
"bucket6$631,:3,:6001",2014-05-13T12:04:24.679900,MQ,BAM,3000,,3000,100.0,ZNE,test,gold,MQ_BAM_GOLD_20140513_120454
"bucket4$721,:3,:6001",2014-05-13T12:04:32.349900,MQ,GBM,3000,,3000,100.0,ZNE,train,gold,MQ_GBM_GOLD_20140513_120502
"bucket4$722,:3,:6001",2014-05-13T12:04:29.550000,MQ,LAM,3000,3277.0,3000,100.0,ZNE,train,gold,MQ_LAM_GOLD_20140513_120459
"bucket4$723,:3,:6001",2014-05-13T12:04:31.749900,MQ,MLM,3000,,3000,100.0,ZNE,train,gold,MQ_MLM_GOLD_20140513_120501
"bucket4$724,:3,:6001",2014-05-13T12:29:18.019900,MQ,BAM,3000,,3000,100.0,ZNE,train,gold,MQ_BAM_GOLD_20140513_122948
"bucket4$725,:3,:6001",2014-05-13T12:29:15.779900,MQ,CPM,3000,,3000,100.0,ZNE,train,gold,MQ_CPM_GOLD_20140513_122945
"bucket4$726,:3,:6001",2014-05-13T12:29:20.699900,MQ,GBM,3000,,3000,100.0,ZNE,train,gold,MQ_GBM_GOLD_20140513_122950
"bucket9$614,:3,:6001",2014-05-13T12:29:16.919900,MQ,MLM,3000,,3000,100.0,ZNE,dev,gold,MQ_MLM_GOLD_20140513_122946
"bucket4$727,:3,:6001",2014-05-13T15:29:21.889900,MQ,BAM,3000,,3000,100.0,ZNE,train,gold,MQ_BAM_GOLD_20140513_152951
"bucket4$728,:3,:6001",2014-05-13T15:29:20.469900,MQ,GBM,3000,,3000,100.0,ZNE,train,gold,MQ_GBM_GOLD_20140513_152950
"bucket4$729,:3,:6001",2014-05-13T15:29:16.380000,MQ,LAM,3000,,3000,100.0,ZNE,train,gold,MQ_LAM_GOLD_20140513_152946
"bucket9$615,:3,:6001",2014-05-13T15:29:18.440000,MQ,SAM,3000,3180.0,3000,100.0,ZNE,dev,gold,MQ_SAM_GOLD_20140513_152948
"bucket9$616,:3,:6001",2014-05-13T15:56:14.459900,MQ,BAM,3000,,3000,100.0,ZNE,dev,gold,MQ_BAM_GOLD_20140513_155644
"bucket4$730,:3,:6001",2014-05-13T15:56:11.089900,MQ,CPM,3000,,3000,100.0,ZNE,train,gold,MQ_CPM_GOLD_20140513_155641
"bucket4$731,:3,:6001",2014-05-13T15:56:11.369900,MQ,GBM,3000,,3000,100.0,ZNE,train,gold,MQ_GBM_GOLD_20140513_155641
"bucket4$732,:3,:6001",2014-05-13T15:56:11.400000,MQ,IA2,3000,3139.0,3000,100.0,ZNE,train,gold,MQ_IA2_GOLD_20140513_155641
"bucket6$632,:3,:6001",2014-05-13T15:56:10.989900,MQ,MLM,3000,,3000,100.0,ZNE,test,gold,MQ_MLM_GOLD_20140513_155640
"bucket4$733,:3,:6001",2014-05-13T16:28:31.579900,MQ,BAM,3000,,3000,100.0,ZNE,train,gold,MQ_BAM_GOLD_20140513_162901
"bucket9$617,:3,:6001",2014-05-13T16:28:41.509900,MQ,CPM,3000,,3000,100.0,ZNE,dev,gold,MQ_CPM_GOLD_20140513_162911
"bucket4$734,:3,:6001",2014-05-13T16:28:37.619900,MQ,GBM,3000,,3000,100.0,ZNE,train,gold,MQ_GBM_GOLD_20140513_162907
"bucket4$735,:3,:6001",2014-05-13T16:28:34.589900,MQ,MLM,3000,,3000,100.0,ZNE,train,gold,MQ_MLM_GOLD_20140513_162904
"bucket9$618,:3,:6001",2014-05-13T17:42:18.919900,MQ,BAM,3000,,3000,100.0,ZNE,dev,gold,MQ_BAM_GOLD_20140513_174248
"bucket4$736,:3,:6001",2014-05-13T17:42:16.219900,MQ,CPM,3000,,3000,100.0,ZNE,train,gold,MQ_CPM_GOLD_20140513_174246
"bucket4$737,:3,:6001",2014-05-13T17:42:20.430000,MQ,IA2,3000,,3000,100.0,ZNE,train,gold,MQ_IA2_GOLD_20140513_174250
"bucket4$738,:3,:6001",2014-05-13T17:42:20.449900,MQ,MLM,3000,,3000,100.0,ZNE,train,gold,MQ_MLM_GOLD_20140513_174250
"bucket4$739,:3,:6001",2014-05-13T19:24:48.549900,MQ,BAM,3000,,3000,100.0,ZNE,train,gold,MQ_BAM_GOLD_20140513_192518
"bucket4$740,:3,:6001",2014-05-13T19:24:49.309900,MQ,CPM,3000,,3000,100.0,ZNE,train,gold,MQ_CPM_GOLD_20140513_192519
"bucket4$741,:3,:6001",2014-05-13T19:24:53.990000,MQ,LAM,3000,3196.0,3000,100.0,ZNE,train,gold,MQ_LAM_GOLD_20140513_192523
"bucket4$742,:3,:6001",2014-05-13T19:24:49.689900,MQ,MLM,3000,,3000,100.0,ZNE,train,gold,MQ_MLM_GOLD_20140513_192519
"bucket4$743,:3,:6001",2014-05-13T22:09:28.209900,MQ,BAM,3000,,3000,100.0,ZNE,train,gold,MQ_BAM_GOLD_20140513_220958
"bucket4$744,:3,:6001",2014-05-13T22:09:31.859900,MQ,CPM,3000,,3000,100.0,ZNE,train,gold,MQ_CPM_GOLD_20140513_221001
"bucket4$745,:3,:6001",2014-05-13T22:09:33.220000,MQ,IA2,3000,3180.0,3000,100.0,ZNE,train,gold,MQ_IA2_GOLD_20140513_221003
"bucket4$746,:3,:6001",2014-05-13T22:09:34.230000,MQ,SAM,3000,3102.0,3000,100.0,ZNE,train,gold,MQ_SAM_GOLD_20140513_221004
"bucket4$747,:3,:6001",2014-05-14T00:04:59.379900,MQ,BAM,3000,,3000,100.0,ZNE,train,gold,MQ_BAM_GOLD_20140514_000529
"bucket4$748,:3,:6001",2014-05-14T00:05:00.209900,MQ,CPM,3000,,3000,100.0,ZNE,train,gold,MQ_CPM_GOLD_20140514_000530
"bucket6$633,:3,:6001",2014-05-14T00:04:58.899900,MQ,GBM,3000,,3000,100.0,ZNE,test,gold,MQ_GBM_GOLD_20140514_000528
"bucket4$749,:3,:6001",2014-05-14T00:04:59.540000,MQ,IA2,3000,3059.0,3000,100.0,ZNE,train,gold,MQ_IA2_GOLD_20140514_000529
"bucket4$750,:3,:6001",2014-05-14T00:04:59.699900,MQ,MLM,3000,,3000,100.0,ZNE,train,gold,MQ_MLM_GOLD_20140514_000529
"bucket4$751,:3,:6001",2014-05-14T00:04:59.880000,MQ,SAM,3000,3031.0,3000,100.0,ZNE,train,gold,MQ_SAM_GOLD_20140514_000529
"bucket4$752,:3,:6001",2014-05-14T00:08:46.759900,MQ,BAM,3000,,3000,100.0,ZNE,train,gold,MQ_BAM_GOLD_20140514_000916
"bucket6$634,:3,:6001",2014-05-14T00:08:47.919900,MQ,CPM,3000,,3000,100.0,ZNE,test,gold,MQ_CPM_GOLD_20140514_000917
"bucket4$753,:3,:6001",2014-05-14T00:08:46.159900,MQ,GBM,3000,,3000,100.0,ZNE,train,gold,MQ_GBM_GOLD_20140514_000916
"bucket4$754,:3,:6001",2014-05-14T00:08:46.900000,MQ,IA2,3000,3232.0,3000,100.0,ZNE,train,gold,MQ_IA2_GOLD_20140514_000916
"bucket4$755,:3,:6001",2014-05-14T03:44:46.789900,MQ,CPM,3000,,3000,100.0,ZNE,train,gold,MQ_CPM_GOLD_20140514_034516
"bucket4$756,:3,:6001",2014-05-14T03:44:46.820000,MQ,IA2,3000,3073.0,3000,100.0,ZNE,train,gold,MQ_IA2_GOLD_20140514_034516
"bucket9$619,:3,:6001",2014-05-14T03:44:46.999900,MQ,MLM,3000,,3000,100.0,ZNE,dev,gold,MQ_MLM_GOLD_20140514_034516
"bucket4$757,:3,:6001",2014-05-14T03:44:50.070000,MQ,SAM,3000,,3000,100.0,ZNE,train,gold,MQ_SAM_GOLD_20140514_034520
"bucket4$758,:3,:6001",2014-05-14T04:57:06.549900,MQ,BAM,3000,,3000,100.0,ZNE,train,gold,MQ_BAM_GOLD_20140514_045736
"bucket4$759,:3,:6001",2014-05-14T04:57:06.709900,MQ,CPM,3000,,3000,100.0,ZNE,train,gold,MQ_CPM_GOLD_20140514_045736
"bucket4$760,:3,:6001",2014-05-14T04:57:06.059900,MQ,GBM,3000,,3000,100.0,ZNE,train,gold,MQ_GBM_GOLD_20140514_045736
"bucket9$620,:3,:6001",2014-05-14T04:57:05.620000,MQ,IA2,3000,3073.0,3000,100.0,ZNE,dev,gold,MQ_IA2_GOLD_20140514_045735
"bucket4$761,:3,:6001",2014-05-14T07:24:45.599900,MQ,BAM,3000,,3000,100.0,ZNE,train,gold,MQ_BAM_GOLD_20140514_072515
"bucket4$762,:3,:6001",2014-05-14T07:24:53.409900,MQ,CPM,3000,,3000,100.0,ZNE,train,gold,MQ_CPM_GOLD_20140514_072523
"bucket4$763,:3,:6001",2014-05-14T07:24:52.870000,MQ,IA2,3000,3194.0,3000,100.0,ZNE,train,gold,MQ_IA2_GOLD_20140514_072522
"bucket4$764,:3,:6001",2014-05-14T07:24:48.220000,MQ,SAM,3000,3261.0,3000,100.0,ZNE,train,gold,MQ_SAM_GOLD_20140514_072518
"bucket6$635,:3,:6001",2014-05-14T07:28:17.929900,MQ,CPM,3000,,3000,100.0,ZNE,test,gold,MQ_CPM_GOLD_20140514_072847
"bucket4$765,:3,:6001",2014-05-14T07:28:17.589900,MQ,GBM,3000,,3000,100.0,ZNE,train,gold,MQ_GBM_GOLD_20140514_072847
"bucket4$766,:3,:6001",2014-05-14T07:28:17.930000,MQ,IA2,3000,3247.0,3000,100.0,ZNE,train,gold,MQ_IA2_GOLD_20140514_072847
"bucket4$767,:3,:6001",2014-05-14T07:28:17.059900,MQ,MLM,3000,,3000,100.0,ZNE,train,gold,MQ_MLM_GOLD_20140514_072847
"bucket4$768,:3,:6001",2014-05-14T07:28:20.630000,MQ,SAM,3000,,3000,100.0,ZNE,train,gold,MQ_SAM_GOLD_20140514_072850
"bucket4$769,:3,:6001",2014-05-14T07:28:45.799900,MQ,GBM,3000,,3000,100.0,ZNE,train,gold,MQ_GBM_GOLD_20140514_072915
"bucket4$770,:3,:6001",2014-05-14T07:28:45.840000,MQ,IA2,3000,3169.0,3000,100.0,ZNE,train,gold,MQ_IA2_GOLD_20140514_072915
"bucket4$771,:3,:6001",2014-05-14T07:28:50.729900,MQ,MLM,3000,,3000,100.0,ZNE,train,gold,MQ_MLM_GOLD_20140514_072920
"bucket4$772,:3,:6001",2014-05-14T07:28:45.760000,MQ,SAM,3000,,3000,100.0,ZNE,train,gold,MQ_SAM_GOLD_20140514_072915
"bucket4$773,:3,:6001",2014-05-14T08:59:39.439900,MQ,BAM,3000,,3000,100.0,ZNE,train,gold,MQ_BAM_GOLD_20140514_090009
"bucket4$774,:3,:6001",2014-05-14T08:59:29.959900,MQ,GBM,3000,,3000,100.0,ZNE,train,gold,MQ_GBM_GOLD_20140514_085959
"bucket4$775,:3,:6001",2014-05-14T08:59:35.870000,MQ,LAM,3000,,3000,100.0,ZNE,train,gold,MQ_LAM_GOLD_20140514_090005
"bucket9$621,:3,:6001",2014-05-14T08:59:32.679900,MQ,MLM,3000,,3000,100.0,ZNE,dev,gold,MQ_MLM_GOLD_20140514_090002
"bucket4$776,:3,:6001",2014-05-14T11:25:03.959900,MQ,BAM,3000,,3000,100.0,ZNE,train,gold,MQ_BAM_GOLD_20140514_112533
"bucket4$777,:3,:6001",2014-05-14T11:25:02.969900,MQ,CPM,3000,,3000,100.0,ZNE,train,gold,MQ_CPM_GOLD_20140514_112532
"bucket4$778,:3,:6001",2014-05-14T11:25:00.569900,MQ,MLM,3000,,3000,100.0,ZNE,train,gold,MQ_MLM_GOLD_20140514_112530
"bucket6$636,:3,:6001",2014-05-14T11:25:00.250000,MQ,SAM,3000,3173.0,3000,100.0,ZNE,test,gold,MQ_SAM_GOLD_20140514_112530
"bucket4$779,:3,:6001",2014-05-14T12:07:04.899900,MQ,CPM,3000,,3000,100.0,ZNE,train,gold,MQ_CPM_GOLD_20140514_120734
"bucket4$780,:3,:6001",2014-05-14T12:07:05.029900,MQ,GBM,3000,,3000,100.0,ZNE,train,gold,MQ_GBM_GOLD_20140514_120735
"bucket4$781,:3,:6001",2014-05-14T12:07:12.809900,MQ,MLM,3000,,3000,100.0,ZNE,train,gold,MQ_MLM_GOLD_20140514_120742
"bucket4$782,:3,:6001",2014-05-14T12:07:08.020000,MQ,SAM,3000,,3000,100.0,ZNE,train,gold,MQ_SAM_GOLD_20140514_120738
"bucket4$783,:3,:6001",2014-05-14T12:17:18.529900,MQ,BAM,3000,,3000,100.0,ZNE,train,gold,MQ_BAM_GOLD_20140514_121748
"bucket4$784,:3,:6001",2014-05-14T12:17:17.539900,MQ,GBM,3000,,3000,100.0,ZNE,train,gold,MQ_GBM_GOLD_20140514_121747
"bucket4$785,:3,:6001",2014-05-14T12:17:20.810000,MQ,LAM,3000,3274.0,3000,100.0,ZNE,train,gold,MQ_LAM_GOLD_20140514_121750
"bucket9$622,:3,:6001",2014-05-14T12:17:25.519900,MQ,MLM,3000,,3000,100.0,ZNE,dev,gold,MQ_MLM_GOLD_20140514_121755
"bucket9$623,:3,:6001",2014-05-14T12:49:06.489900,MQ,CPM,3000,,3000,100.0,ZNE,dev,gold,MQ_CPM_GOLD_20140514_124936
"bucket4$786,:3,:6001",2014-05-14T12:48:58.759900,MQ,GBM,3000,,3000,100.0,ZNE,train,gold,MQ_GBM_GOLD_20140514_124928
"bucket4$787,:3,:6001",2014-05-14T12:49:01.180000,MQ,IA2,3000,,3000,100.0,ZNE,train,gold,MQ_IA2_GOLD_20140514_124931
"bucket4$788,:3,:6001",2014-05-14T12:49:04.459900,MQ,MLM,3000,,3000,100.0,ZNE,train,gold,MQ_MLM_GOLD_20140514_124934
"bucket4$789,:3,:6001",2014-05-14T12:49:01.820000,MQ,SAM,3000,3264.0,3000,100.0,ZNE,train,gold,MQ_SAM_GOLD_20140514_124931
"bucket4$790,:3,:6001",2014-05-14T12:51:01.649900,MQ,BAM,3000,,3000,100.0,ZNE,train,gold,MQ_BAM_GOLD_20140514_125131
"bucket9$624,:3,:6001",2014-05-14T12:51:07.779900,MQ,CPM,3000,,3000,100.0,ZNE,dev,gold,MQ_CPM_GOLD_20140514_125137
"bucket4$791,:3,:6001",2014-05-14T12:51:03.959900,MQ,GBM,3000,,3000,100.0,ZNE,train,gold,MQ_GBM_GOLD_20140514_125133
"bucket4$792,:3,:6001",2014-05-14T12:50:58.519900,MQ,MLM,3000,,3000,100.0,ZNE,train,gold,MQ_MLM_GOLD_20140514_125128
"bucket4$793,:3,:6001",2014-05-14T13:52:49.539900,MQ,BAM,3000,,3000,100.0,ZNE,train,gold,MQ_BAM_GOLD_20140514_135319
"bucket4$794,:3,:6001",2014-05-14T13:52:56.079900,MQ,CPM,3000,,3000,100.0,ZNE,train,gold,MQ_CPM_GOLD_20140514_135326
"bucket4$795,:3,:6001",2014-05-14T13:52:53.729900,MQ,GBM,3000,,3000,100.0,ZNE,train,gold,MQ_GBM_GOLD_20140514_135323
"bucket9$625,:3,:6001",2014-05-14T13:52:55.929900,MQ,MLM,3000,,3000,100.0,ZNE,dev,gold,MQ_MLM_GOLD_20140514_135325
"bucket4$796,:3,:6001",2014-05-14T14:30:00.999900,MQ,BAM,3000,,3000,100.0,ZNE,train,gold,MQ_BAM_GOLD_20140514_143030
"bucket4$797,:3,:6001",2014-05-14T14:30:04.790000,MQ,IA2,3000,3002.0,3000,100.0,ZNE,train,gold,MQ_IA2_GOLD_20140514_143034
"bucket4$798,:3,:6001",2014-05-14T14:30:01.040000,MQ,LAM,3000,,3000,100.0,ZNE,train,gold,MQ_LAM_GOLD_20140514_143031
"bucket4$799,:3,:6001",2014-05-14T14:30:09.539900,MQ,MLM,3000,,3000,100.0,ZNE,train,gold,MQ_MLM_GOLD_20140514_143039
"bucket4$800,:3,:6001",2014-05-14T15:19:43.719900,MQ,BAM,3000,,3000,100.0,ZNE,train,gold,MQ_BAM_GOLD_20140514_152013
"bucket4$801,:3,:6001",2014-05-14T15:19:47.719900,MQ,GBM,3000,,3000,100.0,ZNE,train,gold,MQ_GBM_GOLD_20140514_152017
"bucket4$802,:3,:6001",2014-05-14T15:19:44.589900,MQ,MLM,3000,,3000,100.0,ZNE,train,gold,MQ_MLM_GOLD_20140514_152014
"bucket4$803,:3,:6001",2014-05-14T15:19:47.240000,MQ,SAM,3000,,3000,100.0,ZNE,train,gold,MQ_SAM_GOLD_20140514_152017
"bucket4$804,:3,:6001",2014-05-14T15:28:44.229900,MQ,BAM,3000,,3000,100.0,ZNE,train,gold,MQ_BAM_GOLD_20140514_152914
"bucket4$805,:3,:6001",2014-05-14T15:28:40.879900,MQ,CPM,3000,,3000,100.0,ZNE,train,gold,MQ_CPM_GOLD_20140514_152910
"bucket4$806,:3,:6001",2014-05-14T15:28:39.989900,MQ,GBM,3000,,3000,100.0,ZNE,train,gold,MQ_GBM_GOLD_20140514_152909
"bucket6$637,:3,:6001",2014-05-14T15:28:43.720000,MQ,SAM,3000,,3000,100.0,ZNE,test,gold,MQ_SAM_GOLD_20140514_152913
"bucket4$807,:3,:6001",2014-05-14T15:50:55.919900,MQ,BAM,3000,,3000,100.0,ZNE,train,gold,MQ_BAM_GOLD_20140514_155125
"bucket6$638,:3,:6001",2014-05-14T15:51:03.439900,MQ,CPM,3000,,3000,100.0,ZNE,test,gold,MQ_CPM_GOLD_20140514_155133
"bucket4$808,:3,:6001",2014-05-14T15:51:00.560000,MQ,LAM,3000,3204.0,3000,100.0,ZNE,train,gold,MQ_LAM_GOLD_20140514_155130
"bucket4$809,:3,:6001",2014-05-14T15:51:00.879900,MQ,MLM,3000,,3000,100.0,ZNE,train,gold,MQ_MLM_GOLD_20140514_155130
"bucket4$810,:3,:6001",2014-05-14T15:50:53.880000,MQ,SAM,3000,3217.0,3000,100.0,ZNE,train,gold,MQ_SAM_GOLD_20140514_155123
"bucket4$811,:3,:6001",2014-05-14T16:18:43.519900,MQ,BAM,3000,,3000,100.0,ZNE,train,gold,MQ_BAM_GOLD_20140514_161913
"bucket4$812,:3,:6001",2014-05-14T16:18:44.719900,MQ,CPM,3000,,3000,100.0,ZNE,train,gold,MQ_CPM_GOLD_20140514_161914
"bucket6$639,:3,:6001",2014-05-14T16:18:43.679900,MQ,GBM,3000,,3000,100.0,ZNE,test,gold,MQ_GBM_GOLD_20140514_161913
"bucket4$813,:3,:6001",2014-05-14T16:18:46.929900,MQ,MLM,3000,,3000,100.0,ZNE,train,gold,MQ_MLM_GOLD_20140514_161916
"bucket4$814,:3,:6001",2014-05-14T16:33:57.679900,MQ,BAM,3000,,3000,100.0,ZNE,train,gold,MQ_BAM_GOLD_20140514_163427
"bucket4$815,:3,:6001",2014-05-14T16:33:58.869900,MQ,CPM,3000,,3000,100.0,ZNE,train,gold,MQ_CPM_GOLD_20140514_163428
"bucket4$816,:3,:6001",2014-05-14T16:33:58.209900,MQ,GBM,3000,,3000,100.0,ZNE,train,gold,MQ_GBM_GOLD_20140514_163428
"bucket4$817,:3,:6001",2014-05-14T16:33:57.599900,MQ,MLM,3000,,3000,100.0,ZNE,train,gold,MQ_MLM_GOLD_20140514_163427
"bucket9$626,:3,:6001",2014-05-14T16:49:58.139900,MQ,BAM,3000,,3000,100.0,ZNE,dev,gold,MQ_BAM_GOLD_20140514_165028
"bucket4$818,:3,:6001",2014-05-14T16:50:05.639900,MQ,CPM,3000,,3000,100.0,ZNE,train,gold,MQ_CPM_GOLD_20140514_165035
"bucket6$640,:3,:6001",2014-05-14T16:50:02.249900,MQ,GBM,3000,,3000,100.0,ZNE,test,gold,MQ_GBM_GOLD_20140514_165032
"bucket6$641,:3,:6001",2014-05-14T16:50:00.930000,MQ,SAM,3000,,3000,100.0,ZNE,test,gold,MQ_SAM_GOLD_20140514_165030
"bucket6$642,:3,:6001",2014-05-14T16:50:24.219900,MQ,MLM,3000,,3000,100.0,ZNE,test,gold,MQ_MLM_GOLD_20140514_165054
"bucket9$627,:3,:6001",2014-05-14T16:50:21.730000,MQ,SAM,3000,3250.0,3000,100.0,ZNE,dev,gold,MQ_SAM_GOLD_20140514_165051
"bucket4$819,:3,:6001",2014-05-14T17:26:00.089900,MQ,BAM,3000,,3000,100.0,ZNE,train,gold,MQ_BAM_GOLD_20140514_172630
"bucket4$820,:3,:6001",2014-05-14T17:26:02.209900,MQ,CPM,3000,,3000,100.0,ZNE,train,gold,MQ_CPM_GOLD_20140514_172632
"bucket4$821,:3,:6001",2014-05-14T17:25:57.399900,MQ,GBM,3000,,3000,100.0,ZNE,train,gold,MQ_GBM_GOLD_20140514_172627
"bucket9$628,:3,:6001",2014-05-14T17:25:53.139900,MQ,MLM,3000,,3000,100.0,ZNE,dev,gold,MQ_MLM_GOLD_20140514_172623
"bucket4$822,:3,:6001",2014-05-14T17:39:25.739900,MQ,BAM,3000,,3000,100.0,ZNE,train,gold,MQ_BAM_GOLD_20140514_173955
"bucket4$823,:3,:6001",2014-05-14T17:39:27.869900,MQ,CPM,3000,,3000,100.0,ZNE,train,gold,MQ_CPM_GOLD_20140514_173957
"bucket4$824,:3,:6001",2014-05-14T17:39:29.659900,MQ,GBM,3000,,3000,100.0,ZNE,train,gold,MQ_GBM_GOLD_20140514_173959
"bucket9$629,:3,:6001",2014-05-14T17:39:23.380000,MQ,SAM,3000,,3000,100.0,ZNE,dev,gold,MQ_SAM_GOLD_20140514_173953
"bucket4$825,:3,:6001",2014-05-14T17:41:06.249900,MQ,BAM,3000,,3000,100.0,ZNE,train,gold,MQ_BAM_GOLD_20140514_174136
"bucket4$826,:3,:6001",2014-05-14T17:41:07.539900,MQ,CPM,3000,,3000,100.0,ZNE,train,gold,MQ_CPM_GOLD_20140514_174137
"bucket4$827,:3,:6001",2014-05-14T17:41:08.309900,MQ,GBM,3000,,3000,100.0,ZNE,train,gold,MQ_GBM_GOLD_20140514_174138
"bucket4$828,:3,:6001",2014-05-14T17:41:05.490000,MQ,SAM,3000,,3000,100.0,ZNE,train,gold,MQ_SAM_GOLD_20140514_174135
"bucket4$829,:3,:6001",2014-05-14T18:10:18.239900,MQ,BAM,3000,,3000,100.0,ZNE,train,gold,MQ_BAM_GOLD_20140514_181048
"bucket4$830,:3,:6001",2014-05-14T18:10:15.929900,MQ,CPM,3000,,3000,100.0,ZNE,train,gold,MQ_CPM_GOLD_20140514_181045
"bucket4$831,:3,:6001",2014-05-14T18:10:17.729900,MQ,GBM,3000,,3000,100.0,ZNE,train,gold,MQ_GBM_GOLD_20140514_181047
"bucket4$832,:3,:6001",2014-05-14T18:10:16.450000,MQ,IA2,3000,3226.0,3000,100.0,ZNE,train,gold,MQ_IA2_GOLD_20140514_181046
"bucket4$833,:3,:6001",2014-05-14T18:10:23.099900,MQ,MLM,3000,,3000,100.0,ZNE,train,gold,MQ_MLM_GOLD_20140514_181053
"bucket9$630,:3,:6001",2014-05-14T20:27:19.569900,MQ,BAM,3000,,3000,100.0,ZNE,dev,gold,MQ_BAM_GOLD_20140514_202749
"bucket4$834,:3,:6001",2014-05-14T20:27:16.689900,MQ,CPM,3000,,3000,100.0,ZNE,train,gold,MQ_CPM_GOLD_20140514_202746
"bucket4$835,:3,:6001",2014-05-14T20:27:17.399900,MQ,GBM,3000,,3000,100.0,ZNE,train,gold,MQ_GBM_GOLD_20140514_202747
"bucket9$631,:3,:6001",2014-05-14T20:27:15.560000,MQ,LAM,3000,,3000,100.0,ZNE,dev,gold,MQ_LAM_GOLD_20140514_202745
"bucket4$836,:3,:6001",2014-05-15T02:03:59.939900,MQ,BAM,3000,,3000,100.0,ZNE,train,gold,MQ_BAM_GOLD_20140515_020429
"bucket4$837,:3,:6001",2014-05-15T02:04:00.469900,MQ,CPM,3000,,3000,100.0,ZNE,train,gold,MQ_CPM_GOLD_20140515_020430
"bucket4$838,:3,:6001",2014-05-15T02:04:00.740000,MQ,IA2,3000,,3000,100.0,ZNE,train,gold,MQ_IA2_GOLD_20140515_020430
"bucket4$839,:3,:6001",2014-05-15T02:04:00.460000,MQ,LAM,3000,3027.0,3000,100.0,ZNE,train,gold,MQ_LAM_GOLD_20140515_020430
"bucket4$840,:3,:6001",2014-05-15T02:04:00.619900,MQ,MLM,3000,,3000,100.0,ZNE,train,gold,MQ_MLM_GOLD_20140515_020430
"bucket6$643,:3,:6001",2014-05-15T04:44:32.609900,MQ,BAM,3000,,3000,100.0,ZNE,test,gold,MQ_BAM_GOLD_20140515_044502
"bucket6$644,:3,:6001",2014-05-15T04:44:34.199900,MQ,CPM,3000,,3000,100.0,ZNE,test,gold,MQ_CPM_GOLD_20140515_044504
"bucket4$841,:3,:6001",2014-05-15T04:44:27.920000,MQ,SAM,3000,3226.0,3000,100.0,ZNE,train,gold,MQ_SAM_GOLD_20140515_044457
"bucket4$842,:3,:6001",2014-05-15T06:31:31.289900,MQ,BAM,3000,,3000,100.0,ZNE,train,gold,MQ_BAM_GOLD_20140515_063201
"bucket4$843,:3,:6001",2014-05-15T06:31:34.040000,MQ,LAM,3000,,3000,100.0,ZNE,train,gold,MQ_LAM_GOLD_20140515_063204
"bucket4$844,:3,:6001",2014-05-15T06:31:29.159900,MQ,MLM,3000,,3000,100.0,ZNE,train,gold,MQ_MLM_GOLD_20140515_063159
"bucket4$845,:3,:6001",2014-05-15T06:31:29.510000,MQ,SAM,3000,3118.0,3000,100.0,ZNE,train,gold,MQ_SAM_GOLD_20140515_063159
"bucket4$846,:3,:6001",2014-05-15T08:34:05.559900,MQ,BAM,3000,,3000,100.0,ZNE,train,gold,MQ_BAM_GOLD_20140515_083435
"bucket9$632,:3,:6001",2014-05-15T08:34:08.179900,MQ,GBM,3000,,3000,100.0,ZNE,dev,gold,MQ_GBM_GOLD_20140515_083438
"bucket4$847,:3,:6001",2014-05-15T08:34:01.250000,MQ,IA2,3000,,3000,100.0,ZNE,train,gold,MQ_IA2_GOLD_20140515_083431
"bucket4$848,:3,:6001",2014-05-15T08:34:08.419900,MQ,MLM,3000,,3000,100.0,ZNE,train,gold,MQ_MLM_GOLD_20140515_083438
"bucket4$849,:3,:6001",2014-05-15T09:19:20.179900,MQ,BAM,3000,,3000,100.0,ZNE,train,gold,MQ_BAM_GOLD_20140515_091950
"bucket9$633,:3,:6001",2014-05-15T09:19:15.259900,MQ,CPM,3000,,3000,100.0,ZNE,dev,gold,MQ_CPM_GOLD_20140515_091945
"bucket4$850,:3,:6001",2014-05-15T09:19:19.969900,MQ,GBM,3000,,3000,100.0,ZNE,train,gold,MQ_GBM_GOLD_20140515_091949
"bucket6$645,:3,:6001",2014-05-15T09:19:11.399900,MQ,MLM,3000,,3000,100.0,ZNE,test,gold,MQ_MLM_GOLD_20140515_091941
"bucket6$646,:3,:6001",2014-05-15T09:21:29.789900,MQ,BAM,3000,,3000,100.0,ZNE,test,gold,MQ_BAM_GOLD_20140515_092159
"bucket4$851,:3,:6001",2014-05-15T09:21:30.389900,MQ,GBM,3000,,3000,100.0,ZNE,train,gold,MQ_GBM_GOLD_20140515_092200
"bucket9$634,:3,:6001",2014-05-15T09:21:26.399900,MQ,MLM,3000,,3000,100.0,ZNE,dev,gold,MQ_MLM_GOLD_20140515_092156
"bucket4$852,:3,:6001",2014-05-15T09:21:29.430000,MQ,SAM,3000,3215.0,3000,100.0,ZNE,train,gold,MQ_SAM_GOLD_20140515_092159
"bucket6$647,:3,:6001",2014-05-15T09:32:13.679900,MQ,BAM,3000,,3000,100.0,ZNE,test,gold,MQ_BAM_GOLD_20140515_093243
"bucket4$853,:3,:6001",2014-05-15T09:32:18.919900,MQ,GBM,3000,,3000,100.0,ZNE,train,gold,MQ_GBM_GOLD_20140515_093248
"bucket4$854,:3,:6001",2014-05-15T09:32:16.020000,MQ,IA2,3000,,3000,100.0,ZNE,train,gold,MQ_IA2_GOLD_20140515_093246
"bucket6$648,:3,:6001",2014-05-15T09:32:23.279900,MQ,MLM,3000,,3000,100.0,ZNE,test,gold,MQ_MLM_GOLD_20140515_093253
"bucket4$855,:3,:6001",2014-05-15T10:58:03.019900,MQ,BAM,3000,,3000,100.0,ZNE,train,gold,MQ_BAM_GOLD_20140515_105833
"bucket4$856,:3,:6001",2014-05-15T10:57:58.849900,MQ,GBM,3000,,3000,100.0,ZNE,train,gold,MQ_GBM_GOLD_20140515_105828
"bucket4$857,:3,:6001",2014-05-15T10:58:02.760000,MQ,LAM,3000,,3000,100.0,ZNE,train,gold,MQ_LAM_GOLD_20140515_105832
"bucket4$858,:3,:6001",2014-05-15T10:58:01.809900,MQ,MLM,3000,,3000,100.0,ZNE,train,gold,MQ_MLM_GOLD_20140515_105831
"bucket4$859,:3,:6001",2014-05-15T11:42:51.119900,MQ,BAM,3000,,3000,100.0,ZNE,train,gold,MQ_BAM_GOLD_20140515_114321
"bucket4$860,:3,:6001",2014-05-15T11:42:46.219900,MQ,CPM,3000,,3000,100.0,ZNE,train,gold,MQ_CPM_GOLD_20140515_114316
"bucket4$861,:3,:6001",2014-05-15T11:42:48.129900,MQ,GBM,3000,,3000,100.0,ZNE,train,gold,MQ_GBM_GOLD_20140515_114318
"bucket4$862,:3,:6001",2014-05-15T11:42:47.120000,MQ,IA2,3000,3201.0,3000,100.0,ZNE,train,gold,MQ_IA2_GOLD_20140515_114317
"bucket9$635,:3,:6001",2014-05-15T11:42:43.859900,MQ,MLM,3000,,3000,100.0,ZNE,dev,gold,MQ_MLM_GOLD_20140515_114313
"bucket6$649,:3,:6001",2014-05-15T12:05:52.249900,MQ,BAM,3000,,3000,100.0,ZNE,test,gold,MQ_BAM_GOLD_20140515_120622
"bucket4$863,:3,:6001",2014-05-15T12:05:49.159900,MQ,GBM,3000,,3000,100.0,ZNE,train,gold,MQ_GBM_GOLD_20140515_120619
"bucket4$864,:3,:6001",2014-05-15T12:05:47.039900,MQ,MLM,3000,,3000,100.0,ZNE,train,gold,MQ_MLM_GOLD_20140515_120617
"bucket4$865,:3,:6001",2014-05-15T12:05:46.520000,MQ,SAM,3000,3189.0,3000,100.0,ZNE,train,gold,MQ_SAM_GOLD_20140515_120616
"bucket4$866,:3,:6001",2014-05-15T13:14:02.639900,MQ,BAM,3000,,3000,100.0,ZNE,train,gold,MQ_BAM_GOLD_20140515_131432
"bucket4$867,:3,:6001",2014-05-15T13:14:04.569900,MQ,GBM,3000,,3000,100.0,ZNE,train,gold,MQ_GBM_GOLD_20140515_131434
"bucket9$636,:3,:6001",2014-05-15T13:14:09.299900,MQ,MLM,3000,,3000,100.0,ZNE,dev,gold,MQ_MLM_GOLD_20140515_131439
"bucket4$868,:3,:6001",2014-05-15T13:14:11.510000,MQ,SAM,3000,,3000,100.0,ZNE,train,gold,MQ_SAM_GOLD_20140515_131441
"bucket4$869,:3,:6001",2014-05-15T15:32:22.739900,MQ,BAM,3000,,3000,100.0,ZNE,train,gold,MQ_BAM_GOLD_20140515_153252
"bucket4$870,:3,:6001",2014-05-15T15:32:20.809900,MQ,CPM,3000,,3000,100.0,ZNE,train,gold,MQ_CPM_GOLD_20140515_153250
"bucket4$871,:3,:6001",2014-05-15T15:32:15.499900,MQ,GBM,3000,,3000,100.0,ZNE,train,gold,MQ_GBM_GOLD_20140515_153245
"bucket4$872,:3,:6001",2014-05-15T15:32:16.019900,MQ,MLM,3000,,3000,100.0,ZNE,train,gold,MQ_MLM_GOLD_20140515_153246
"bucket4$873,:3,:6001",2014-05-15T15:52:07.339900,MQ,BAM,3000,,3000,100.0,ZNE,train,gold,MQ_BAM_GOLD_20140515_155237
"bucket4$874,:3,:6001",2014-05-15T15:52:14.529900,MQ,GBM,3000,,3000,100.0,ZNE,train,gold,MQ_GBM_GOLD_20140515_155244
"bucket4$875,:3,:6001",2014-05-15T15:52:10.809900,MQ,MLM,3000,,3000,100.0,ZNE,train,gold,MQ_MLM_GOLD_20140515_155240
"bucket4$876,:3,:6001",2014-05-15T15:52:10.450000,MQ,SAM,3000,3204.0,3000,100.0,ZNE,train,gold,MQ_SAM_GOLD_20140515_155240
"bucket9$637,:3,:6001",2014-05-15T15:59:12.529900,MQ,BAM,3000,,3000,100.0,ZNE,dev,gold,MQ_BAM_GOLD_20140515_155942
"bucket4$877,:3,:6001",2014-05-15T15:59:10.809900,MQ,CPM,3000,,3000,100.0,ZNE,train,gold,MQ_CPM_GOLD_20140515_155940
"bucket9$638,:3,:6001",2014-05-15T15:59:06.039900,MQ,GBM,3000,,3000,100.0,ZNE,dev,gold,MQ_GBM_GOLD_20140515_155936
"bucket4$878,:3,:6001",2014-05-15T15:59:13.859900,MQ,MLM,3000,,3000,100.0,ZNE,train,gold,MQ_MLM_GOLD_20140515_155943
"bucket4$879,:3,:6001",2014-05-15T17:00:39.689900,MQ,BAM,3000,,3000,100.0,ZNE,train,gold,MQ_BAM_GOLD_20140515_170109
"bucket4$880,:3,:6001",2014-05-15T17:00:48.959900,MQ,CPM,3000,,3000,100.0,ZNE,train,gold,MQ_CPM_GOLD_20140515_170118
"bucket6$650,:3,:6001",2014-05-15T17:00:43.629900,MQ,GBM,3000,,3000,100.0,ZNE,test,gold,MQ_GBM_GOLD_20140515_170113
"bucket6$651,:3,:6001",2014-05-15T17:00:47.319900,MQ,MLM,3000,,3000,100.0,ZNE,test,gold,MQ_MLM_GOLD_20140515_170117
"bucket4$881,:3,:6001",2014-05-15T17:05:25.679900,MQ,BAM,3000,,3000,100.0,ZNE,train,gold,MQ_BAM_GOLD_20140515_170555
"bucket4$882,:3,:6001",2014-05-15T17:05:20.889900,MQ,GBM,3000,,3000,100.0,ZNE,train,gold,MQ_GBM_GOLD_20140515_170550
"bucket6$652,:3,:6001",2014-05-15T17:05:16.650000,MQ,IA2,3000,,3000,100.0,ZNE,test,gold,MQ_IA2_GOLD_20140515_170546
"bucket4$883,:3,:6001",2014-05-15T17:05:22.139900,MQ,MLM,3000,,3000,100.0,ZNE,train,gold,MQ_MLM_GOLD_20140515_170552
"bucket9$639,:3,:6001",2014-05-15T17:16:10.919900,MQ,BAM,3000,,3000,100.0,ZNE,dev,gold,MQ_BAM_GOLD_20140515_171640
"bucket4$884,:3,:6001",2014-05-15T17:16:05.979900,MQ,CPM,3000,,3000,100.0,ZNE,train,gold,MQ_CPM_GOLD_20140515_171635
"bucket4$885,:3,:6001",2014-05-15T17:16:06.569900,MQ,MLM,3000,,3000,100.0,ZNE,train,gold,MQ_MLM_GOLD_20140515_171636
"bucket4$886,:3,:6001",2014-05-15T17:16:03.920000,MQ,SAM,3000,3165.0,3000,100.0,ZNE,train,gold,MQ_SAM_GOLD_20140515_171633
"bucket4$887,:3,:6001",2014-05-15T17:55:03.039900,MQ,BAM,3000,,3000,100.0,ZNE,train,gold,MQ_BAM_GOLD_20140515_175533
"bucket4$888,:3,:6001",2014-05-15T17:55:00.519900,MQ,CPM,3000,,3000,100.0,ZNE,train,gold,MQ_CPM_GOLD_20140515_175530
"bucket4$889,:3,:6001",2014-05-15T17:54:55.869900,MQ,GBM,3000,,3000,100.0,ZNE,train,gold,MQ_GBM_GOLD_20140515_175525
"bucket4$890,:3,:6001",2014-05-15T17:54:57.319900,MQ,MLM,3000,,3000,100.0,ZNE,train,gold,MQ_MLM_GOLD_20140515_175527
"bucket4$891,:3,:6001",2014-05-15T17:55:03.810000,MQ,SAM,3000,,3000,100.0,ZNE,train,gold,MQ_SAM_GOLD_20140515_175533
"bucket4$892,:3,:6001",2014-05-15T18:03:03.719900,MQ,CPM,3000,,3000,100.0,ZNE,train,gold,MQ_CPM_GOLD_20140515_180333
"bucket9$640,:3,:6001",2014-05-15T18:03:04.609900,MQ,GBM,3000,,3000,100.0,ZNE,dev,gold,MQ_GBM_GOLD_20140515_180334
"bucket4$893,:3,:6001",2014-05-15T18:03:04.060000,MQ,IA2,3000,3186.0,3000,100.0,ZNE,train,gold,MQ_IA2_GOLD_20140515_180334
"bucket4$894,:3,:6001",2014-05-15T18:02:58.049900,MQ,MLM,3000,,3000,100.0,ZNE,train,gold,MQ_MLM_GOLD_20140515_180328
"bucket4$895,:3,:6001",2014-05-15T18:17:37.069900,MQ,CPM,3000,,3000,100.0,ZNE,train,gold,MQ_CPM_GOLD_20140515_181807
"bucket4$896,:3,:6001",2014-05-15T18:17:27.609900,MQ,GBM,3000,,3000,100.0,ZNE,train,gold,MQ_GBM_GOLD_20140515_181757
"bucket4$897,:3,:6001",2014-05-15T18:17:32.020000,MQ,IA2,3000,3113.0,3000,100.0,ZNE,train,gold,MQ_IA2_GOLD_20140515_181802
"bucket4$898,:3,:6001",2014-05-15T18:17:34.509900,MQ,MLM,3000,,3000,100.0,ZNE,train,gold,MQ_MLM_GOLD_20140515_181804
"bucket4$899,:3,:6001",2014-05-15T18:31:50.199900,MQ,BAM,3000,,3000,100.0,ZNE,train,gold,MQ_BAM_GOLD_20140515_183220
"bucket4$900,:3,:6001",2014-05-15T18:31:42.099900,MQ,CPM,3000,,3000,100.0,ZNE,train,gold,MQ_CPM_GOLD_20140515_183212
"bucket4$901,:3,:6001",2014-05-15T18:31:45.549900,MQ,GBM,3000,,3000,100.0,ZNE,train,gold,MQ_GBM_GOLD_20140515_183215
"bucket4$902,:3,:6001",2014-05-15T18:31:42.060000,MQ,SAM,3000,,3000,100.0,ZNE,train,gold,MQ_SAM_GOLD_20140515_183212
"bucket9$641,:3,:6001",2014-05-15T18:35:05.249900,MQ,BAM,3000,,3000,100.0,ZNE,dev,gold,MQ_BAM_GOLD_20140515_183535
"bucket4$903,:3,:6001",2014-05-15T18:35:03.039900,MQ,CPM,3000,,3000,100.0,ZNE,train,gold,MQ_CPM_GOLD_20140515_183533
"bucket4$904,:3,:6001",2014-05-15T18:35:02.269900,MQ,GBM,3000,,3000,100.0,ZNE,train,gold,MQ_GBM_GOLD_20140515_183532
"bucket6$653,:3,:6001",2014-05-15T18:35:08.199900,MQ,MLM,3000,,3000,100.0,ZNE,test,gold,MQ_MLM_GOLD_20140515_183538
"bucket4$905,:3,:6001",2014-05-16T00:13:28.499900,MQ,BAM,3000,,3000,100.0,ZNE,train,gold,MQ_BAM_GOLD_20140516_001358
"bucket4$906,:3,:6001",2014-05-16T00:13:26.069900,MQ,CPM,3000,,3000,100.0,ZNE,train,gold,MQ_CPM_GOLD_20140516_001356
"bucket4$907,:3,:6001",2014-05-16T00:13:31.039900,MQ,GBM,3000,,3000,100.0,ZNE,train,gold,MQ_GBM_GOLD_20140516_001401
"bucket4$908,:3,:6001",2014-05-16T00:13:27.530000,MQ,IA2,3000,,3000,100.0,ZNE,train,gold,MQ_IA2_GOLD_20140516_001357
"bucket4$909,:3,:6001",2014-05-16T00:13:31.090000,MQ,SAM,3000,,3000,100.0,ZNE,train,gold,MQ_SAM_GOLD_20140516_001401
"bucket4$910,:3,:6001",2014-05-16T08:37:14.779900,MQ,BAM,3000,,3000,100.0,ZNE,train,gold,MQ_BAM_GOLD_20140516_083744
"bucket6$654,:3,:6001",2014-05-16T08:37:11.589900,MQ,GBM,3000,,3000,100.0,ZNE,test,gold,MQ_GBM_GOLD_20140516_083741
"bucket4$911,:3,:6001",2014-05-16T08:37:10.939900,MQ,MLM,3000,,3000,100.0,ZNE,train,gold,MQ_MLM_GOLD_20140516_083740
"bucket4$912,:3,:6001",2014-05-16T08:43:35.309900,MQ,BAM,3000,,3000,100.0,ZNE,train,gold,MQ_BAM_GOLD_20140516_084405
"bucket4$913,:3,:6001",2014-05-16T08:43:31.899900,MQ,CPM,3000,,3000,100.0,ZNE,train,gold,MQ_CPM_GOLD_20140516_084401
"bucket4$914,:3,:6001",2014-05-16T08:43:31.909900,MQ,GBM,3000,,3000,100.0,ZNE,train,gold,MQ_GBM_GOLD_20140516_084401
"bucket4$915,:3,:6001",2014-05-16T08:43:33.550000,MQ,SAM,3000,3198.0,3000,100.0,ZNE,train,gold,MQ_SAM_GOLD_20140516_084403
"bucket4$916,:3,:6001",2014-05-16T09:11:30.679900,MQ,BAM,3000,,3000,100.0,ZNE,train,gold,MQ_BAM_GOLD_20140516_091200
"bucket6$655,:3,:6001",2014-05-16T09:11:27.349900,MQ,GBM,3000,,3000,100.0,ZNE,test,gold,MQ_GBM_GOLD_20140516_091157
"bucket4$917,:3,:6001",2014-05-16T09:11:24.629900,MQ,MLM,3000,,3000,100.0,ZNE,train,gold,MQ_MLM_GOLD_20140516_091154
"bucket9$642,:3,:6001",2014-05-16T09:11:29.990000,MQ,SAM,3000,3181.0,3000,100.0,ZNE,dev,gold,MQ_SAM_GOLD_20140516_091159
"bucket4$918,:3,:6001",2014-05-16T10:30:15.979900,MQ,BAM,3000,,3000,100.0,ZNE,train,gold,MQ_BAM_GOLD_20140516_103045
"bucket4$919,:3,:6001",2014-05-16T10:30:13.099900,MQ,CPM,3000,,3000,100.0,ZNE,train,gold,MQ_CPM_GOLD_20140516_103043
"bucket4$920,:3,:6001",2014-05-16T10:30:18.469900,MQ,GBM,3000,,3000,100.0,ZNE,train,gold,MQ_GBM_GOLD_20140516_103048
"bucket4$921,:3,:6001",2014-05-16T10:30:13.699900,MQ,MLM,3000,,3000,100.0,ZNE,train,gold,MQ_MLM_GOLD_20140516_103043
"bucket4$922,:3,:6001",2014-05-16T11:06:34.329900,MQ,BAM,3000,,3000,100.0,ZNE,train,gold,MQ_BAM_GOLD_20140516_110704
"bucket4$923,:3,:6001",2014-05-16T11:06:33.429900,MQ,CPM,3000,,3000,100.0,ZNE,train,gold,MQ_CPM_GOLD_20140516_110703
"bucket4$924,:3,:6001",2014-05-16T11:06:32.859900,MQ,GBM,3000,,3000,100.0,ZNE,train,gold,MQ_GBM_GOLD_20140516_110702
"bucket4$925,:3,:6001",2014-05-16T11:06:32.880000,MQ,LAM,3000,3281.0,3000,100.0,ZNE,train,gold,MQ_LAM_GOLD_20140516_110702
"bucket9$643,:3,:6001",2014-05-16T11:06:33.600000,MQ,SAM,3000,,3000,100.0,ZNE,dev,gold,MQ_SAM_GOLD_20140516_110703
"bucket4$926,:3,:6001",2014-05-16T11:07:30.689900,MQ,BAM,3000,,3000,100.0,ZNE,train,gold,MQ_BAM_GOLD_20140516_110800
"bucket6$656,:3,:6001",2014-05-16T11:07:29.819900,MQ,CPM,3000,,3000,100.0,ZNE,test,gold,MQ_CPM_GOLD_20140516_110759
"bucket4$927,:3,:6001",2014-05-16T11:07:32.389900,MQ,GBM,3000,,3000,100.0,ZNE,train,gold,MQ_GBM_GOLD_20140516_110802
"bucket4$928,:3,:6001",2014-05-16T11:07:34.630000,MQ,IA2,3000,,3000,100.0,ZNE,train,gold,MQ_IA2_GOLD_20140516_110804
"bucket4$929,:3,:6001",2014-05-16T11:07:29.210000,MQ,LAM,3000,3156.0,3000,100.0,ZNE,train,gold,MQ_LAM_GOLD_20140516_110759
"bucket4$930,:3,:6001",2014-05-16T11:07:36.789900,MQ,MLM,3000,,3000,100.0,ZNE,train,gold,MQ_MLM_GOLD_20140516_110806
"bucket4$931,:3,:6001",2014-05-16T11:08:36.349900,MQ,CPM,3000,,3000,100.0,ZNE,train,gold,MQ_CPM_GOLD_20140516_110906
"bucket4$932,:3,:6001",2014-05-16T11:08:32.939900,MQ,GBM,3000,,3000,100.0,ZNE,train,gold,MQ_GBM_GOLD_20140516_110902
"bucket9$644,:3,:6001",2014-05-16T11:08:35.030000,MQ,IA2,3000,,3000,100.0,ZNE,dev,gold,MQ_IA2_GOLD_20140516_110905
"bucket4$933,:3,:6001",2014-05-16T11:08:32.850000,MQ,LAM,3000,3392.0,3000,100.0,ZNE,train,gold,MQ_LAM_GOLD_20140516_110902
"bucket9$645,:3,:6001",2014-05-16T11:09:56.299900,MQ,BAM,3000,,3000,100.0,ZNE,dev,gold,MQ_BAM_GOLD_20140516_111026
"bucket4$934,:3,:6001",2014-05-16T11:09:53.809900,MQ,CPM,3000,,3000,100.0,ZNE,train,gold,MQ_CPM_GOLD_20140516_111023
"bucket4$935,:3,:6001",2014-05-16T11:09:55.579900,MQ,GBM,3000,,3000,100.0,ZNE,train,gold,MQ_GBM_GOLD_20140516_111025
"bucket6$657,:3,:6001",2014-05-16T11:09:54.840000,MQ,LAM,3000,3046.0,3000,100.0,ZNE,test,gold,MQ_LAM_GOLD_20140516_111024
"bucket4$936,:3,:6001",2014-05-16T11:09:50.129900,MQ,MLM,3000,,3000,100.0,ZNE,train,gold,MQ_MLM_GOLD_20140516_111020
"bucket6$658,:3,:6001",2014-05-16T11:09:58.290000,MQ,SAM,3000,3240.0,3000,100.0,ZNE,test,gold,MQ_SAM_GOLD_20140516_111028
"bucket6$659,:3,:6001",2014-05-16T11:29:46.439900,MQ,BAM,3000,,3000,100.0,ZNE,test,gold,MQ_BAM_GOLD_20140516_113016
"bucket4$937,:3,:6001",2014-05-16T11:29:48.209900,MQ,CPM,3000,,3000,100.0,ZNE,train,gold,MQ_CPM_GOLD_20140516_113018
"bucket4$938,:3,:6001",2014-05-16T11:29:48.119900,MQ,GBM,3000,,3000,100.0,ZNE,train,gold,MQ_GBM_GOLD_20140516_113018
"bucket9$646,:3,:6001",2014-05-16T11:29:44.950000,MQ,LAM,3000,,3000,100.0,ZNE,dev,gold,MQ_LAM_GOLD_20140516_113014
"bucket4$939,:3,:6001",2014-05-16T11:29:46.720000,MQ,SAM,3000,3141.0,3000,100.0,ZNE,train,gold,MQ_SAM_GOLD_20140516_113016
"bucket4$940,:3,:6001",2014-05-16T12:49:26.929900,MQ,BAM,3000,,3000,100.0,ZNE,train,gold,MQ_BAM_GOLD_20140516_124956
"bucket4$941,:3,:6001",2014-05-16T12:49:27.239900,MQ,CPM,3000,,3000,100.0,ZNE,train,gold,MQ_CPM_GOLD_20140516_124957
"bucket4$942,:3,:6001",2014-05-16T12:49:31.199900,MQ,GBM,3000,,3000,100.0,ZNE,train,gold,MQ_GBM_GOLD_20140516_125001
"bucket6$660,:3,:6001",2014-05-16T12:49:26.570000,MQ,IA2,3000,3058.0,3000,100.0,ZNE,test,gold,MQ_IA2_GOLD_20140516_124956
"bucket6$661,:3,:6001",2014-05-16T12:49:26.440000,MQ,LAM,3000,3176.0,3000,100.0,ZNE,test,gold,MQ_LAM_GOLD_20140516_124956
"bucket9$647,:3,:6001",2014-05-16T12:51:14.339900,MQ,BAM,3000,,3000,100.0,ZNE,dev,gold,MQ_BAM_GOLD_20140516_125144
"bucket6$662,:3,:6001",2014-05-16T12:51:13.969900,MQ,CPM,3000,,3000,100.0,ZNE,test,gold,MQ_CPM_GOLD_20140516_125143
"bucket4$943,:3,:6001",2014-05-16T12:51:05.860000,MQ,LAM,3000,3196.0,3000,100.0,ZNE,train,gold,MQ_LAM_GOLD_20140516_125135
"bucket4$944,:3,:6001",2014-05-16T12:51:09.739900,MQ,MLM,3000,,3000,100.0,ZNE,train,gold,MQ_MLM_GOLD_20140516_125139
"bucket4$945,:3,:6001",2014-05-16T13:11:00.249900,MQ,BAM,3000,,3000,100.0,ZNE,train,gold,MQ_BAM_GOLD_20140516_131130
"bucket4$946,:3,:6001",2014-05-16T13:10:59.109900,MQ,CPM,3000,,3000,100.0,ZNE,train,gold,MQ_CPM_GOLD_20140516_131129
"bucket4$947,:3,:6001",2014-05-16T13:10:59.719900,MQ,GBM,3000,,3000,100.0,ZNE,train,gold,MQ_GBM_GOLD_20140516_131129
"bucket4$948,:3,:6001",2014-05-16T13:10:58.900000,MQ,LAM,3000,3124.0,3000,100.0,ZNE,train,gold,MQ_LAM_GOLD_20140516_131128
"bucket4$949,:3,:6001",2014-05-16T13:11:03.409900,MQ,MLM,3000,,3000,100.0,ZNE,train,gold,MQ_MLM_GOLD_20140516_131133
"bucket4$950,:3,:6001",2014-05-16T13:14:19.419900,MQ,BAM,3000,,3000,100.0,ZNE,train,gold,MQ_BAM_GOLD_20140516_131449
"bucket4$951,:3,:6001",2014-05-16T13:14:13.559900,MQ,CPM,3000,,3000,100.0,ZNE,train,gold,MQ_CPM_GOLD_20140516_131443
"bucket4$952,:3,:6001",2014-05-16T13:14:13.379900,MQ,GBM,3000,,3000,100.0,ZNE,train,gold,MQ_GBM_GOLD_20140516_131443
"bucket4$953,:3,:6001",2014-05-16T13:14:14.230000,MQ,IA2,3000,3115.0,3000,100.0,ZNE,train,gold,MQ_IA2_GOLD_20140516_131444
"bucket4$954,:3,:6001",2014-05-16T13:14:12.290000,MQ,LAM,3000,3129.0,3000,100.0,ZNE,train,gold,MQ_LAM_GOLD_20140516_131442
"bucket4$955,:3,:6001",2014-05-16T13:14:14.849900,MQ,MLM,3000,,3000,100.0,ZNE,train,gold,MQ_MLM_GOLD_20140516_131444
"bucket4$956,:3,:6001",2014-05-16T13:14:12.240000,MQ,SAM,3000,3063.0,3000,100.0,ZNE,train,gold,MQ_SAM_GOLD_20140516_131442
"bucket4$957,:3,:6001",2014-05-16T13:17:07.949900,MQ,BAM,3000,,3000,100.0,ZNE,train,gold,MQ_BAM_GOLD_20140516_131737
"bucket4$958,:3,:6001",2014-05-16T13:17:09.609900,MQ,CPM,3000,,3000,100.0,ZNE,train,gold,MQ_CPM_GOLD_20140516_131739
"bucket4$959,:3,:6001",2014-05-16T13:17:06.950000,MQ,IA2,3000,3214.0,3000,100.0,ZNE,train,gold,MQ_IA2_GOLD_20140516_131736
"bucket4$960,:3,:6001",2014-05-16T13:17:06.520000,MQ,LAM,3000,3186.0,3000,100.0,ZNE,train,gold,MQ_LAM_GOLD_20140516_131736
"bucket4$961,:3,:6001",2014-05-16T13:17:10.899900,MQ,MLM,3000,,3000,100.0,ZNE,train,gold,MQ_MLM_GOLD_20140516_131740
"bucket9$648,:3,:6001",2014-05-16T13:17:11.810000,MQ,SAM,3000,3166.0,3000,100.0,ZNE,dev,gold,MQ_SAM_GOLD_20140516_131741
"bucket4$962,:3,:6001",2014-05-16T13:25:41.599900,MQ,BAM,3000,,3000,100.0,ZNE,train,gold,MQ_BAM_GOLD_20140516_132611
"bucket6$663,:3,:6001",2014-05-16T13:25:43.149900,MQ,CPM,3000,,3000,100.0,ZNE,test,gold,MQ_CPM_GOLD_20140516_132613
"bucket4$963,:3,:6001",2014-05-16T13:25:40.349900,MQ,GBM,3000,,3000,100.0,ZNE,train,gold,MQ_GBM_GOLD_20140516_132610
"bucket4$964,:3,:6001",2014-05-16T13:25:42.670000,MQ,IA2,3000,3160.0,3000,100.0,ZNE,train,gold,MQ_IA2_GOLD_20140516_132612
"bucket4$965,:3,:6001",2014-05-16T13:25:39.470000,MQ,LAM,3000,,3000,100.0,ZNE,train,gold,MQ_LAM_GOLD_20140516_132609
"bucket6$664,:3,:6001",2014-05-16T13:25:43.189900,MQ,MLM,3000,,3000,100.0,ZNE,test,gold,MQ_MLM_GOLD_20140516_132613
"bucket4$966,:3,:6001",2014-05-16T13:25:39.290000,MQ,SAM,3000,3156.0,3000,100.0,ZNE,train,gold,MQ_SAM_GOLD_20140516_132609
"bucket4$967,:3,:6001",2014-05-16T13:29:21.689900,MQ,BAM,3000,,3000,100.0,ZNE,train,gold,MQ_BAM_GOLD_20140516_132951
"bucket9$649,:3,:6001",2014-05-16T13:29:24.089900,MQ,CPM,3000,,3000,100.0,ZNE,dev,gold,MQ_CPM_GOLD_20140516_132954
"bucket4$968,:3,:6001",2014-05-16T13:29:22.130000,MQ,IA2,3000,3185.0,3000,100.0,ZNE,train,gold,MQ_IA2_GOLD_20140516_132952
"bucket4$969,:3,:6001",2014-05-16T13:29:20.600000,MQ,LAM,3000,,3000,100.0,ZNE,train,gold,MQ_LAM_GOLD_20140516_132950
"bucket4$970,:3,:6001",2014-05-16T13:29:21.039900,MQ,MLM,3000,,3000,100.0,ZNE,train,gold,MQ_MLM_GOLD_20140516_132951
"bucket6$665,:3,:6001",2014-05-16T13:37:35.209900,MQ,BAM,3000,,3000,100.0,ZNE,test,gold,MQ_BAM_GOLD_20140516_133805
"bucket4$971,:3,:6001",2014-05-16T13:37:34.059900,MQ,GBM,3000,,3000,100.0,ZNE,train,gold,MQ_GBM_GOLD_20140516_133804
"bucket4$972,:3,:6001",2014-05-16T13:37:35.230000,MQ,IA2,3000,,3000,100.0,ZNE,train,gold,MQ_IA2_GOLD_20140516_133805
"bucket4$973,:3,:6001",2014-05-16T13:37:41.110000,MQ,SAM,3000,3112.0,3000,100.0,ZNE,train,gold,MQ_SAM_GOLD_20140516_133811
"bucket4$974,:3,:6001",2014-05-16T13:39:32.199900,MQ,BAM,3000,,3000,100.0,ZNE,train,gold,MQ_BAM_GOLD_20140516_134002
"bucket6$666,:3,:6001",2014-05-16T13:39:31.209900,MQ,GBM,3000,,3000,100.0,ZNE,test,gold,MQ_GBM_GOLD_20140516_134001
"bucket4$975,:3,:6001",2014-05-16T13:39:30.710000,MQ,LAM,3000,3152.0,3000,100.0,ZNE,train,gold,MQ_LAM_GOLD_20140516_134000
"bucket4$976,:3,:6001",2014-05-16T13:39:34.830000,MQ,SAM,3000,3190.0,3000,100.0,ZNE,train,gold,MQ_SAM_GOLD_20140516_134004
"bucket9$650,:3,:6001",2014-05-16T14:29:10.099900,MQ,BAM,3000,,3000,100.0,ZNE,dev,gold,MQ_BAM_GOLD_20140516_142940
"bucket4$977,:3,:6001",2014-05-16T14:29:05.409900,MQ,CPM,3000,,3000,100.0,ZNE,train,gold,MQ_CPM_GOLD_20140516_142935
"bucket6$667,:3,:6001",2014-05-16T14:29:07.009900,MQ,GBM,3000,,3000,100.0,ZNE,test,gold,MQ_GBM_GOLD_20140516_142937
"bucket4$978,:3,:6001",2014-05-16T14:29:07.449900,MQ,MLM,3000,,3000,100.0,ZNE,train,gold,MQ_MLM_GOLD_20140516_142937
"bucket9$651,:3,:6001",2014-05-16T15:19:02.729900,MQ,BAM,3000,,3000,100.0,ZNE,dev,gold,MQ_BAM_GOLD_20140516_151932
"bucket4$979,:3,:6001",2014-05-16T15:19:05.379900,MQ,GBM,3000,,3000,100.0,ZNE,train,gold,MQ_GBM_GOLD_20140516_151935
"bucket4$980,:3,:6001",2014-05-16T15:19:07.850000,MQ,IA2,3000,,3000,100.0,ZNE,train,gold,MQ_IA2_GOLD_20140516_151937
"bucket4$981,:3,:6001",2014-05-16T15:19:00.570000,MQ,LAM,3000,,3000,100.0,ZNE,train,gold,MQ_LAM_GOLD_20140516_151930
"bucket4$982,:3,:6001",2014-05-16T15:36:00.679900,MQ,GBM,3000,,3000,100.0,ZNE,train,gold,MQ_GBM_GOLD_20140516_153630
"bucket6$668,:3,:6001",2014-05-16T15:35:55.420000,MQ,IA2,3000,3278.0,3000,100.0,ZNE,test,gold,MQ_IA2_GOLD_20140516_153625
"bucket6$669,:3,:6001",2014-05-16T15:36:02.679900,MQ,MLM,3000,,3000,100.0,ZNE,test,gold,MQ_MLM_GOLD_20140516_153632
"bucket4$983,:3,:6001",2014-05-16T15:36:00.070000,MQ,SAM,3000,3107.0,3000,100.0,ZNE,train,gold,MQ_SAM_GOLD_20140516_153630
"bucket4$984,:3,:6001",2014-05-16T16:52:34.619900,MQ,BAM,3000,,3000,100.0,ZNE,train,gold,MQ_BAM_GOLD_20140516_165304
"bucket4$985,:3,:6001",2014-05-16T16:52:35.329900,MQ,CPM,3000,,3000,100.0,ZNE,train,gold,MQ_CPM_GOLD_20140516_165305
"bucket9$652,:3,:6001",2014-05-16T16:52:37.200000,MQ,IA2,3000,,3000,100.0,ZNE,dev,gold,MQ_IA2_GOLD_20140516_165307
"bucket4$986,:3,:6001",2014-05-16T16:52:39.139900,MQ,MLM,3000,,3000,100.0,ZNE,train,gold,MQ_MLM_GOLD_20140516_165309
"bucket4$987,:3,:6001",2014-05-16T16:53:51.099900,MQ,BAM,3000,,3000,100.0,ZNE,train,gold,MQ_BAM_GOLD_20140516_165421
"bucket4$988,:3,:6001",2014-05-16T16:53:53.309900,MQ,CPM,3000,,3000,100.0,ZNE,train,gold,MQ_CPM_GOLD_20140516_165423
"bucket6$670,:3,:6001",2014-05-16T16:53:50.079900,MQ,GBM,3000,,3000,100.0,ZNE,test,gold,MQ_GBM_GOLD_20140516_165420
"bucket4$989,:3,:6001",2014-05-16T16:53:49.460000,MQ,LAM,3000,3183.0,3000,100.0,ZNE,train,gold,MQ_LAM_GOLD_20140516_165419
"bucket4$990,:3,:6001",2014-05-16T16:55:10.069900,MQ,CPM,3000,,3000,100.0,ZNE,train,gold,MQ_CPM_GOLD_20140516_165540
"bucket4$991,:3,:6001",2014-05-16T16:55:10.069900,MQ,GBM,3000,,3000,100.0,ZNE,train,gold,MQ_GBM_GOLD_20140516_165540
"bucket4$992,:3,:6001",2014-05-16T16:55:14.660000,MQ,IA2,3000,3204.0,3000,100.0,ZNE,train,gold,MQ_IA2_GOLD_20140516_165544
"bucket4$993,:3,:6001",2014-05-16T16:55:14.740000,MQ,SAM,3000,,3000,100.0,ZNE,train,gold,MQ_SAM_GOLD_20140516_165544
"bucket4$994,:3,:6001",2014-05-16T16:55:43.429900,MQ,CPM,3000,,3000,100.0,ZNE,train,gold,MQ_CPM_GOLD_20140516_165613
"bucket4$995,:3,:6001",2014-05-16T16:55:43.229900,MQ,GBM,3000,,3000,100.0,ZNE,train,gold,MQ_GBM_GOLD_20140516_165613
"bucket6$671,:3,:6001",2014-05-16T16:55:45.970000,MQ,IA2,3000,,3000,100.0,ZNE,test,gold,MQ_IA2_GOLD_20140516_165615
"bucket4$996,:3,:6001",2014-05-16T16:55:40.180000,MQ,LAM,3000,,3000,100.0,ZNE,train,gold,MQ_LAM_GOLD_20140516_165610
"bucket9$653,:3,:6001",2014-05-16T16:55:44.839900,MQ,MLM,3000,,3000,100.0,ZNE,dev,gold,MQ_MLM_GOLD_20140516_165614
"bucket4$997,:3,:6001",2014-05-16T16:55:45.600000,MQ,SAM,3000,3155.0,3000,100.0,ZNE,train,gold,MQ_SAM_GOLD_20140516_165615
"bucket4$998,:3,:6001",2014-05-16T17:01:09.679900,MQ,BAM,3000,,3000,100.0,ZNE,train,gold,MQ_BAM_GOLD_20140516_170139
"bucket4$999,:3,:6001",2014-05-16T17:01:11.329900,MQ,CPM,3000,,3000,100.0,ZNE,train,gold,MQ_CPM_GOLD_20140516_170141
"bucket4$1000,:3,:6001",2014-05-16T17:01:08.630000,MQ,IA2,3000,3193.0,3000,100.0,ZNE,train,gold,MQ_IA2_GOLD_20140516_170138
"bucket9$654,:3,:6001",2014-05-16T17:01:08.520000,MQ,LAM,3000,3145.0,3000,100.0,ZNE,dev,gold,MQ_LAM_GOLD_20140516_170138
"bucket4$1001,:3,:6001",2014-05-16T17:15:29.099900,MQ,BAM,3000,,3000,100.0,ZNE,train,gold,MQ_BAM_GOLD_20140516_171559
"bucket4$1002,:3,:6001",2014-05-16T17:15:26.209900,MQ,GBM,3000,,3000,100.0,ZNE,train,gold,MQ_GBM_GOLD_20140516_171556
"bucket4$1003,:3,:6001",2014-05-16T17:15:21.290000,MQ,IA2,3000,3236.0,3000,100.0,ZNE,train,gold,MQ_IA2_GOLD_20140516_171551
"bucket6$672,:3,:6001",2014-05-16T17:15:28.280000,MQ,LAM,3000,,3000,100.0,ZNE,test,gold,MQ_LAM_GOLD_20140516_171558
"bucket4$1004,:3,:6001",2014-05-16T17:15:26.159900,MQ,MLM,3000,,3000,100.0,ZNE,train,gold,MQ_MLM_GOLD_20140516_171556
"bucket4$1005,:3,:6001",2014-05-16T17:38:41.989900,MQ,BAM,3000,,3000,100.0,ZNE,train,gold,MQ_BAM_GOLD_20140516_173911
"bucket9$655,:3,:6001",2014-05-16T17:38:44.489900,MQ,CPM,3000,,3000,100.0,ZNE,dev,gold,MQ_CPM_GOLD_20140516_173914
"bucket9$656,:3,:6001",2014-05-16T17:38:40.410000,MQ,IA2,3000,3094.0,3000,100.0,ZNE,dev,gold,MQ_IA2_GOLD_20140516_173910
"bucket4$1006,:3,:6001",2014-05-16T17:38:39.860000,MQ,LAM,3000,3033.0,3000,100.0,ZNE,train,gold,MQ_LAM_GOLD_20140516_173909
"bucket6$673,:3,:6001",2014-05-16T17:38:45.109900,MQ,MLM,3000,,3000,100.0,ZNE,test,gold,MQ_MLM_GOLD_20140516_173915
"bucket9$657,:3,:6001",2014-05-16T17:38:41.370000,MQ,SAM,3000,3072.0,3000,100.0,ZNE,dev,gold,MQ_SAM_GOLD_20140516_173911
"bucket4$1007,:3,:6001",2014-05-16T17:52:43.359900,MQ,BAM,3000,,3000,100.0,ZNE,train,gold,MQ_BAM_GOLD_20140516_175313
"bucket4$1008,:3,:6001",2014-05-16T17:52:42.889900,MQ,CPM,3000,,3000,100.0,ZNE,train,gold,MQ_CPM_GOLD_20140516_175312
"bucket4$1009,:3,:6001",2014-05-16T17:52:42.499900,MQ,GBM,3000,,3000,100.0,ZNE,train,gold,MQ_GBM_GOLD_20140516_175312
"bucket4$1010,:3,:6001",2014-05-16T17:52:42.890000,MQ,IA2,3000,3023.0,3000,100.0,ZNE,train,gold,MQ_IA2_GOLD_20140516_175312
"bucket4$1011,:3,:6001",2014-05-16T17:52:43.599900,MQ,MLM,3000,,3000,100.0,ZNE,train,gold,MQ_MLM_GOLD_20140516_175313
"bucket4$1012,:3,:6001",2014-05-16T17:52:42.660000,MQ,SAM,3000,,3000,100.0,ZNE,train,gold,MQ_SAM_GOLD_20140516_175312
"bucket9$658,:3,:6001",2014-05-16T19:57:33.249900,MQ,CPM,3000,,3000,100.0,ZNE,dev,gold,MQ_CPM_GOLD_20140516_195803
"bucket4$1013,:3,:6001",2014-05-16T19:57:34.980000,MQ,IA2,3000,3145.0,3000,100.0,ZNE,train,gold,MQ_IA2_GOLD_20140516_195804
"bucket4$1014,:3,:6001",2014-05-16T19:57:33.330000,MQ,LAM,3000,3028.0,3000,100.0,ZNE,train,gold,MQ_LAM_GOLD_20140516_195803
"bucket4$1015,:3,:6001",2014-05-16T19:57:34.120000,MQ,SAM,3000,,3000,100.0,ZNE,train,gold,MQ_SAM_GOLD_20140516_195804
"bucket4$1016,:3,:6001",2014-05-16T20:25:31.949900,MQ,BAM,3000,,3000,100.0,ZNE,train,gold,MQ_BAM_GOLD_20140516_202601
"bucket4$1017,:3,:6001",2014-05-16T20:25:30.389900,MQ,GBM,3000,,3000,100.0,ZNE,train,gold,MQ_GBM_GOLD_20140516_202600
"bucket4$1018,:3,:6001",2014-05-16T20:25:33.690000,MQ,IA2,3000,3034.0,3000,100.0,ZNE,train,gold,MQ_IA2_GOLD_20140516_202603
"bucket4$1019,:3,:6001",2014-05-16T20:25:32.090000,MQ,LAM,3000,3053.0,3000,100.0,ZNE,train,gold,MQ_LAM_GOLD_20140516_202602
"bucket4$1020,:3,:6001",2014-05-16T21:35:16.409900,MQ,CPM,3000,,3000,100.0,ZNE,train,gold,MQ_CPM_GOLD_20140516_213546
"bucket4$1021,:3,:6001",2014-05-16T21:35:24.029900,MQ,GBM,3000,,3000,100.0,ZNE,train,gold,MQ_GBM_GOLD_20140516_213554
"bucket6$674,:3,:6001",2014-05-16T21:35:17.320000,MQ,LAM,3000,3106.0,3000,100.0,ZNE,test,gold,MQ_LAM_GOLD_20140516_213547
"bucket4$1022,:3,:6001",2014-05-16T21:35:20.220000,MQ,SAM,3000,3059.0,3000,100.0,ZNE,train,gold,MQ_SAM_GOLD_20140516_213550
"bucket4$1023,:3,:6001",2014-05-16T21:40:10.159900,MQ,BAM,3000,,3000,100.0,ZNE,train,gold,MQ_BAM_GOLD_20140516_214040
"bucket5$0,:3,:6001",2014-05-16T21:40:09.379900,MQ,GBM,3000,,3000,100.0,ZNE,train,gold,MQ_GBM_GOLD_20140516_214039
"bucket5$1,:3,:6001",2014-05-16T21:40:10.220000,MQ,IA2,3000,3171.0,3000,100.0,ZNE,train,gold,MQ_IA2_GOLD_20140516_214040
"bucket5$2,:3,:6001",2014-05-16T21:40:09.210000,MQ,LAM,3000,3253.0,3000,100.0,ZNE,train,gold,MQ_LAM_GOLD_20140516_214039
"bucket9$659,:3,:6001",2014-05-16T21:46:51.629900,MQ,BAM,3000,,3000,100.0,ZNE,dev,gold,MQ_BAM_GOLD_20140516_214721
"bucket6$675,:3,:6001",2014-05-16T21:46:50.379900,MQ,CPM,3000,,3000,100.0,ZNE,test,gold,MQ_CPM_GOLD_20140516_214720
"bucket5$3,:3,:6001",2014-05-16T21:46:57.529900,MQ,GBM,3000,,3000,100.0,ZNE,train,gold,MQ_GBM_GOLD_20140516_214727
"bucket5$4,:3,:6001",2014-05-16T21:46:49.970000,MQ,LAM,3000,3046.0,3000,100.0,ZNE,train,gold,MQ_LAM_GOLD_20140516_214719
"bucket5$5,:3,:6001",2014-05-16T21:46:54.629900,MQ,MLM,3000,,3000,100.0,ZNE,train,gold,MQ_MLM_GOLD_20140516_214724
"bucket5$6,:3,:6001",2014-05-16T21:46:59.910000,MQ,SAM,3000,,3000,100.0,ZNE,train,gold,MQ_SAM_GOLD_20140516_214729
"bucket9$660,:3,:6001",2014-05-16T22:08:22.299900,MQ,BAM,3000,,3000,100.0,ZNE,dev,gold,MQ_BAM_GOLD_20140516_220852
"bucket6$676,:3,:6001",2014-05-16T22:08:22.599900,MQ,GBM,3000,,3000,100.0,ZNE,test,gold,MQ_GBM_GOLD_20140516_220852
"bucket9$661,:3,:6001",2014-05-16T22:08:24.460000,MQ,IA2,3000,3024.0,3000,100.0,ZNE,dev,gold,MQ_IA2_GOLD_20140516_220854
"bucket5$7,:3,:6001",2014-05-16T22:08:21.930000,MQ,LAM,3000,,3000,100.0,ZNE,train,gold,MQ_LAM_GOLD_20140516_220851
"bucket6$677,:3,:6001",2014-05-16T23:22:55.609900,MQ,CPM,3000,,3000,100.0,ZNE,test,gold,MQ_CPM_GOLD_20140516_232325
"bucket5$8,:3,:6001",2014-05-16T23:22:54.779900,MQ,GBM,3000,,3000,100.0,ZNE,train,gold,MQ_GBM_GOLD_20140516_232324
"bucket5$9,:3,:6001",2014-05-16T23:22:54.620000,MQ,LAM,3000,,3000,100.0,ZNE,train,gold,MQ_LAM_GOLD_20140516_232324
"bucket5$10,:3,:6001",2014-05-16T23:22:59.739900,MQ,MLM,3000,,3000,100.0,ZNE,train,gold,MQ_MLM_GOLD_20140516_232329
"bucket5$11,:3,:6001",2014-05-17T00:52:08.999900,MQ,BAM,3000,,3000,100.0,ZNE,train,gold,MQ_BAM_GOLD_20140517_005238
"bucket5$12,:3,:6001",2014-05-17T00:52:07.209900,MQ,CPM,3000,,3000,100.0,ZNE,train,gold,MQ_CPM_GOLD_20140517_005237
"bucket5$13,:3,:6001",2014-05-17T00:52:09.309900,MQ,GBM,3000,,3000,100.0,ZNE,train,gold,MQ_GBM_GOLD_20140517_005239
"bucket5$14,:3,:6001",2014-05-17T00:52:06.740000,MQ,IA2,3000,3211.0,3000,100.0,ZNE,train,gold,MQ_IA2_GOLD_20140517_005236
"bucket9$662,:3,:6001",2014-05-17T00:52:14.309900,MQ,MLM,3000,,3000,100.0,ZNE,dev,gold,MQ_MLM_GOLD_20140517_005244
"bucket5$15,:3,:6001",2014-05-17T00:52:11.670000,MQ,SAM,3000,3193.0,3000,100.0,ZNE,train,gold,MQ_SAM_GOLD_20140517_005241
"bucket5$16,:3,:6001",2014-05-17T02:26:59.429900,MQ,BAM,3000,,3000,100.0,ZNE,train,gold,MQ_BAM_GOLD_20140517_022729
"bucket5$17,:3,:6001",2014-05-17T02:27:00.589900,MQ,CPM,3000,,3000,100.0,ZNE,train,gold,MQ_CPM_GOLD_20140517_022730
"bucket5$18,:3,:6001",2014-05-17T02:26:59.299900,MQ,GBM,3000,,3000,100.0,ZNE,train,gold,MQ_GBM_GOLD_20140517_022729
"bucket5$19,:3,:6001",2014-05-17T02:27:00.250000,MQ,IA2,3000,3095.0,3000,100.0,ZNE,train,gold,MQ_IA2_GOLD_20140517_022730
"bucket5$20,:3,:6001",2014-05-17T04:01:48.909900,MQ,BAM,3000,,3000,100.0,ZNE,train,gold,MQ_BAM_GOLD_20140517_040218
"bucket5$21,:3,:6001",2014-05-17T04:01:47.789900,MQ,CPM,3000,,3000,100.0,ZNE,train,gold,MQ_CPM_GOLD_20140517_040217
"bucket9$663,:3,:6001",2014-05-17T04:01:50.649900,MQ,GBM,3000,,3000,100.0,ZNE,dev,gold,MQ_GBM_GOLD_20140517_040220
"bucket5$22,:3,:6001",2014-05-17T04:01:47.550000,MQ,LAM,3000,,3000,100.0,ZNE,train,gold,MQ_LAM_GOLD_20140517_040217
"bucket5$23,:3,:6001",2014-05-17T04:01:50.359900,MQ,MLM,3000,,3000,100.0,ZNE,train,gold,MQ_MLM_GOLD_20140517_040220
"bucket5$24,:3,:6001",2014-05-17T04:03:34.279900,MQ,BAM,3000,,3000,100.0,ZNE,train,gold,MQ_BAM_GOLD_20140517_040404
"bucket5$25,:3,:6001",2014-05-17T04:03:35.799900,MQ,GBM,3000,,3000,100.0,ZNE,train,gold,MQ_GBM_GOLD_20140517_040405
"bucket5$26,:3,:6001",2014-05-17T04:03:32.860000,MQ,LAM,3000,,3000,100.0,ZNE,train,gold,MQ_LAM_GOLD_20140517_040402
"bucket5$27,:3,:6001",2014-05-17T04:03:40.569900,MQ,MLM,3000,,3000,100.0,ZNE,train,gold,MQ_MLM_GOLD_20140517_040410
"bucket5$28,:3,:6001",2014-05-17T04:27:36.619900,MQ,BAM,3000,,3000,100.0,ZNE,train,gold,MQ_BAM_GOLD_20140517_042806
"bucket5$29,:3,:6001",2014-05-17T04:27:35.499900,MQ,GBM,3000,,3000,100.0,ZNE,train,gold,MQ_GBM_GOLD_20140517_042805
"bucket5$30,:3,:6001",2014-05-17T04:27:34.910000,MQ,LAM,3000,3183.0,3000,100.0,ZNE,train,gold,MQ_LAM_GOLD_20140517_042804
"bucket9$664,:3,:6001",2014-05-17T04:27:38.479900,MQ,MLM,3000,,3000,100.0,ZNE,dev,gold,MQ_MLM_GOLD_20140517_042808
"bucket5$31,:3,:6001",2014-05-17T04:27:56.509900,MQ,BAM,3000,,3000,100.0,ZNE,train,gold,MQ_BAM_GOLD_20140517_042826
"bucket5$32,:3,:6001",2014-05-17T04:27:55.719900,MQ,GBM,3000,,3000,100.0,ZNE,train,gold,MQ_GBM_GOLD_20140517_042825
"bucket5$33,:3,:6001",2014-05-17T04:27:56.700000,MQ,IA2,3000,3057.0,3000,100.0,ZNE,train,gold,MQ_IA2_GOLD_20140517_042826
"bucket5$34,:3,:6001",2014-05-17T04:27:54.890000,MQ,LAM,3000,3029.0,3000,100.0,ZNE,train,gold,MQ_LAM_GOLD_20140517_042824
"bucket5$35,:3,:6001",2014-05-17T04:27:58.219900,MQ,MLM,3000,,3000,100.0,ZNE,train,gold,MQ_MLM_GOLD_20140517_042828
"bucket5$36,:3,:6001",2014-05-17T05:18:55.499900,MQ,CPM,3000,,3000,100.0,ZNE,train,gold,MQ_CPM_GOLD_20140517_051925
"bucket5$37,:3,:6001",2014-05-17T05:18:56.809900,MQ,GBM,3000,,3000,100.0,ZNE,train,gold,MQ_GBM_GOLD_20140517_051926
"bucket5$38,:3,:6001",2014-05-17T05:18:56.170000,MQ,LAM,3000,3061.0,3000,100.0,ZNE,train,gold,MQ_LAM_GOLD_20140517_051926
"bucket6$678,:3,:6001",2014-05-17T05:18:59.339900,MQ,MLM,3000,,3000,100.0,ZNE,test,gold,MQ_MLM_GOLD_20140517_051929
"bucket9$665,:3,:6001",2014-05-17T05:18:58.090000,MQ,SAM,3000,3361.0,3000,100.0,ZNE,dev,gold,MQ_SAM_GOLD_20140517_051928
"bucket5$39,:3,:6001",2014-05-17T05:25:25.739900,MQ,CPM,3000,,3000,100.0,ZNE,train,gold,MQ_CPM_GOLD_20140517_052555
"bucket5$40,:3,:6001",2014-05-17T05:25:24.869900,MQ,GBM,3000,,3000,100.0,ZNE,train,gold,MQ_GBM_GOLD_20140517_052554
"bucket5$41,:3,:6001",2014-05-17T05:25:26.190000,MQ,LAM,3000,3113.0,3000,100.0,ZNE,train,gold,MQ_LAM_GOLD_20140517_052556
"bucket5$42,:3,:6001",2014-05-17T05:25:25.629900,MQ,MLM,3000,,3000,100.0,ZNE,train,gold,MQ_MLM_GOLD_20140517_052555
"bucket5$43,:3,:6001",2014-05-17T05:39:40.839900,MQ,BAM,3000,,3000,100.0,ZNE,train,gold,MQ_BAM_GOLD_20140517_054010
"bucket5$44,:3,:6001",2014-05-17T05:39:41.549900,MQ,CPM,3000,,3000,100.0,ZNE,train,gold,MQ_CPM_GOLD_20140517_054011
"bucket9$666,:3,:6001",2014-05-17T05:39:43.590000,MQ,IA2,3000,3031.0,3000,100.0,ZNE,dev,gold,MQ_IA2_GOLD_20140517_054013
"bucket5$45,:3,:6001",2014-05-17T05:39:41.340000,MQ,LAM,3000,3187.0,3000,100.0,ZNE,train,gold,MQ_LAM_GOLD_20140517_054011
"bucket5$46,:3,:6001",2014-05-17T05:39:40.919900,MQ,MLM,3000,,3000,100.0,ZNE,train,gold,MQ_MLM_GOLD_20140517_054010
"bucket5$47,:3,:6001",2014-05-17T06:01:21.440000,MQ,IA2,3000,3168.0,3000,100.0,ZNE,train,gold,MQ_IA2_GOLD_20140517_060151
"bucket5$48,:3,:6001",2014-05-17T06:01:22.130000,MQ,SAM,3000,,3000,100.0,ZNE,train,gold,MQ_SAM_GOLD_20140517_060152
"bucket9$667,:3,:6001",2014-05-17T06:43:27.849900,MQ,BAM,3000,,3000,100.0,ZNE,dev,gold,MQ_BAM_GOLD_20140517_064357
"bucket5$49,:3,:6001",2014-05-17T06:43:30.229900,MQ,CPM,3000,,3000,100.0,ZNE,train,gold,MQ_CPM_GOLD_20140517_064400
"bucket5$50,:3,:6001",2014-05-17T06:43:25.299900,MQ,GBM,3000,,3000,100.0,ZNE,train,gold,MQ_GBM_GOLD_20140517_064355
"bucket5$51,:3,:6001",2014-05-17T06:43:26.350000,MQ,IA2,3000,3229.0,3000,100.0,ZNE,train,gold,MQ_IA2_GOLD_20140517_064356
"bucket5$52,:3,:6001",2014-05-17T06:43:25.280000,MQ,LAM,3000,,3000,100.0,ZNE,train,gold,MQ_LAM_GOLD_20140517_064355
"bucket5$53,:3,:6001",2014-05-17T06:44:47.469900,MQ,BAM,3000,,3000,100.0,ZNE,train,gold,MQ_BAM_GOLD_20140517_064517
"bucket5$54,:3,:6001",2014-05-17T06:44:48.329900,MQ,CPM,3000,,3000,100.0,ZNE,train,gold,MQ_CPM_GOLD_20140517_064518
"bucket5$55,:3,:6001",2014-05-17T06:44:45.089900,MQ,GBM,3000,,3000,100.0,ZNE,train,gold,MQ_GBM_GOLD_20140517_064515
"bucket5$56,:3,:6001",2014-05-17T06:44:47.010000,MQ,IA2,3000,,3000,100.0,ZNE,train,gold,MQ_IA2_GOLD_20140517_064517
"bucket5$57,:3,:6001",2014-05-17T07:45:46.199900,MQ,BAM,3000,,3000,100.0,ZNE,train,gold,MQ_BAM_GOLD_20140517_074616
"bucket5$58,:3,:6001",2014-05-17T07:45:46.719900,MQ,GBM,3000,,3000,100.0,ZNE,train,gold,MQ_GBM_GOLD_20140517_074616
"bucket6$679,:3,:6001",2014-05-17T07:45:49.530000,MQ,IA2,3000,3091.0,3000,100.0,ZNE,test,gold,MQ_IA2_GOLD_20140517_074619
"bucket5$59,:3,:6001",2014-05-17T07:45:46.220000,MQ,LAM,3000,,3000,100.0,ZNE,train,gold,MQ_LAM_GOLD_20140517_074616
"bucket9$668,:3,:6001",2014-05-17T07:45:46.560000,MQ,SAM,3000,,3000,100.0,ZNE,dev,gold,MQ_SAM_GOLD_20140517_074616
"bucket5$60,:3,:6001",2014-05-17T10:49:19.979900,MQ,BAM,3000,,3000,100.0,ZNE,train,gold,MQ_BAM_GOLD_20140517_104949
"bucket9$669,:3,:6001",2014-05-17T10:49:22.019900,MQ,CPM,3000,,3000,100.0,ZNE,dev,gold,MQ_CPM_GOLD_20140517_104952
"bucket5$61,:3,:6001",2014-05-17T10:49:23.339900,MQ,GBM,3000,,3000,100.0,ZNE,train,gold,MQ_GBM_GOLD_20140517_104953
"bucket5$62,:3,:6001",2014-05-17T10:49:21.069900,MQ,MLM,3000,,3000,100.0,ZNE,train,gold,MQ_MLM_GOLD_20140517_104951
"bucket9$670,:3,:6001",2014-05-17T10:50:27.589900,MQ,BAM,3000,,3000,100.0,ZNE,dev,gold,MQ_BAM_GOLD_20140517_105057
"bucket5$63,:3,:6001",2014-05-17T10:50:25.579900,MQ,CPM,3000,,3000,100.0,ZNE,train,gold,MQ_CPM_GOLD_20140517_105055
"bucket5$64,:3,:6001",2014-05-17T10:50:24.099900,MQ,GBM,3000,,3000,100.0,ZNE,train,gold,MQ_GBM_GOLD_20140517_105054
"bucket6$680,:3,:6001",2014-05-17T10:50:26.450000,MQ,LAM,3000,3143.0,3000,100.0,ZNE,test,gold,MQ_LAM_GOLD_20140517_105056
"bucket5$65,:3,:6001",2014-05-17T10:50:31.139900,MQ,MLM,3000,,3000,100.0,ZNE,train,gold,MQ_MLM_GOLD_20140517_105101
"bucket5$66,:3,:6001",2014-05-17T10:50:28.550000,MQ,SAM,3000,3121.0,3000,100.0,ZNE,train,gold,MQ_SAM_GOLD_20140517_105058
"bucket9$671,:3,:6001",2014-05-17T10:54:19.449900,MQ,BAM,3000,,3000,100.0,ZNE,dev,gold,MQ_BAM_GOLD_20140517_105449
"bucket5$67,:3,:6001",2014-05-17T10:54:19.149900,MQ,CPM,3000,,3000,100.0,ZNE,train,gold,MQ_CPM_GOLD_20140517_105449
"bucket6$681,:3,:6001",2014-05-17T10:54:18.729900,MQ,GBM,3000,,3000,100.0,ZNE,test,gold,MQ_GBM_GOLD_20140517_105448
"bucket5$68,:3,:6001",2014-05-17T10:54:18.700000,MQ,LAM,3000,3145.0,3000,100.0,ZNE,train,gold,MQ_LAM_GOLD_20140517_105448
"bucket5$69,:3,:6001",2014-05-17T10:54:21.219900,MQ,MLM,3000,,3000,100.0,ZNE,train,gold,MQ_MLM_GOLD_20140517_105451
"bucket5$70,:3,:6001",2014-05-17T11:02:11.479900,MQ,BAM,3000,,3000,100.0,ZNE,train,gold,MQ_BAM_GOLD_20140517_110241
"bucket5$71,:3,:6001",2014-05-17T11:02:13.419900,MQ,CPM,3000,,3000,100.0,ZNE,train,gold,MQ_CPM_GOLD_20140517_110243
"bucket9$672,:3,:6001",2014-05-17T11:02:10.289900,MQ,GBM,3000,,3000,100.0,ZNE,dev,gold,MQ_GBM_GOLD_20140517_110240
"bucket5$72,:3,:6001",2014-05-17T11:02:09.850000,MQ,LAM,3000,3161.0,3000,100.0,ZNE,train,gold,MQ_LAM_GOLD_20140517_110239
"bucket5$73,:3,:6001",2014-05-17T13:44:39.419900,MQ,BAM,3000,,3000,100.0,ZNE,train,gold,MQ_BAM_GOLD_20140517_134509
"bucket9$673,:3,:6001",2014-05-17T13:44:41.289900,MQ,GBM,3000,,3000,100.0,ZNE,dev,gold,MQ_GBM_GOLD_20140517_134511
"bucket5$74,:3,:6001",2014-05-17T13:44:43.799900,MQ,MLM,3000,,3000,100.0,ZNE,train,gold,MQ_MLM_GOLD_20140517_134513
"bucket5$75,:3,:6001",2014-05-17T13:44:41.400000,MQ,SAM,3000,3120.0,3000,100.0,ZNE,train,gold,MQ_SAM_GOLD_20140517_134511
"bucket5$76,:3,:6001",2014-05-17T16:15:44.719900,MQ,BAM,3000,,3000,100.0,ZNE,train,gold,MQ_BAM_GOLD_20140517_161614
"bucket9$674,:3,:6001",2014-05-17T16:15:51.439900,MQ,CPM,3000,,3000,100.0,ZNE,dev,gold,MQ_CPM_GOLD_20140517_161621
"bucket5$77,:3,:6001",2014-05-17T16:15:47.399900,MQ,GBM,3000,,3000,100.0,ZNE,train,gold,MQ_GBM_GOLD_20140517_161617
"bucket5$78,:3,:6001",2014-05-17T16:15:44.560000,MQ,SAM,3000,3181.0,3000,100.0,ZNE,train,gold,MQ_SAM_GOLD_20140517_161614
"bucket5$79,:3,:6001",2014-05-17T18:17:17.779900,MQ,BAM,3000,,3000,100.0,ZNE,train,gold,MQ_BAM_GOLD_20140517_181747
"bucket5$80,:3,:6001",2014-05-17T18:17:16.629900,MQ,CPM,3000,,3000,100.0,ZNE,train,gold,MQ_CPM_GOLD_20140517_181746
"bucket5$81,:3,:6001",2014-05-17T18:17:17.579900,MQ,GBM,3000,,3000,100.0,ZNE,train,gold,MQ_GBM_GOLD_20140517_181747
"bucket9$675,:3,:6001",2014-05-17T18:17:16.390000,MQ,LAM,3000,,3000,100.0,ZNE,dev,gold,MQ_LAM_GOLD_20140517_181746
"bucket5$82,:3,:6001",2014-05-17T18:17:21.129900,MQ,MLM,3000,,3000,100.0,ZNE,train,gold,MQ_MLM_GOLD_20140517_181751
"bucket5$83,:3,:6001",2014-05-17T18:30:50.639900,MQ,BAM,3000,,3000,100.0,ZNE,train,gold,MQ_BAM_GOLD_20140517_183120
"bucket6$682,:3,:6001",2014-05-17T18:30:49.569900,MQ,CPM,3000,,3000,100.0,ZNE,test,gold,MQ_CPM_GOLD_20140517_183119
"bucket5$84,:3,:6001",2014-05-17T18:30:52.309900,MQ,GBM,3000,,3000,100.0,ZNE,train,gold,MQ_GBM_GOLD_20140517_183122
"bucket5$85,:3,:6001",2014-05-17T18:30:49.060000,MQ,LAM,3000,,3000,100.0,ZNE,train,gold,MQ_LAM_GOLD_20140517_183119
"bucket5$86,:3,:6001",2014-05-17T18:30:53.759900,MQ,MLM,3000,,3000,100.0,ZNE,train,gold,MQ_MLM_GOLD_20140517_183123
"bucket5$87,:3,:6001",2014-05-17T19:52:11.819900,MQ,BAM,3000,,3000,100.0,ZNE,train,gold,MQ_BAM_GOLD_20140517_195241
"bucket5$88,:3,:6001",2014-05-17T19:52:11.049900,MQ,CPM,3000,,3000,100.0,ZNE,train,gold,MQ_CPM_GOLD_20140517_195241
"bucket9$676,:3,:6001",2014-05-17T19:52:10.299900,MQ,GBM,3000,,3000,100.0,ZNE,dev,gold,MQ_GBM_GOLD_20140517_195240
"bucket5$89,:3,:6001",2014-05-17T19:52:09.990000,MQ,LAM,3000,3154.0,3000,100.0,ZNE,train,gold,MQ_LAM_GOLD_20140517_195239
"bucket5$90,:3,:6001",2014-05-17T21:16:19.079900,MQ,BAM,3000,,3000,100.0,ZNE,train,gold,MQ_BAM_GOLD_20140517_211649
"bucket5$91,:3,:6001",2014-05-17T21:16:16.219900,MQ,CPM,3000,,3000,100.0,ZNE,train,gold,MQ_CPM_GOLD_20140517_211646
"bucket9$677,:3,:6001",2014-05-17T21:16:16.360000,MQ,IA2,3000,3057.0,3000,100.0,ZNE,dev,gold,MQ_IA2_GOLD_20140517_211646
"bucket5$92,:3,:6001",2014-05-17T21:16:17.240000,MQ,SAM,3000,3054.0,3000,100.0,ZNE,train,gold,MQ_SAM_GOLD_20140517_211647
"bucket5$93,:3,:6001",2014-05-17T22:08:26.780000,MQ,SAM,3000,,3000,100.0,ZNE,train,gold,MQ_SAM_GOLD_20140517_220856
"bucket5$94,:3,:6001",2014-05-17T23:18:55.929900,MQ,BAM,3000,,3000,100.0,ZNE,train,gold,MQ_BAM_GOLD_20140517_231925
"bucket6$683,:3,:6001",2014-05-17T23:18:55.109900,MQ,GBM,3000,,3000,100.0,ZNE,test,gold,MQ_GBM_GOLD_20140517_231925
"bucket5$95,:3,:6001",2014-05-17T23:18:55.100000,MQ,LAM,3000,,3000,100.0,ZNE,train,gold,MQ_LAM_GOLD_20140517_231925
"bucket9$678,:3,:6001",2014-05-17T23:19:00.040000,MQ,SAM,3000,3257.0,3000,100.0,ZNE,dev,gold,MQ_SAM_GOLD_20140517_231930
"bucket9$679,:3,:6001",2014-05-18T00:02:51.109900,MQ,BAM,3000,,3000,100.0,ZNE,dev,gold,MQ_BAM_GOLD_20140518_000321
"bucket5$96,:3,:6001",2014-05-18T00:02:51.829900,MQ,CPM,3000,,3000,100.0,ZNE,train,gold,MQ_CPM_GOLD_20140518_000321
"bucket6$684,:3,:6001",2014-05-18T00:02:51.259900,MQ,GBM,3000,,3000,100.0,ZNE,test,gold,MQ_GBM_GOLD_20140518_000321
"bucket5$97,:3,:6001",2014-05-18T00:02:51.980000,MQ,IA2,3000,,3000,100.0,ZNE,train,gold,MQ_IA2_GOLD_20140518_000321
"bucket6$685,:3,:6001",2014-05-18T00:04:24.109900,MQ,BAM,3000,,3000,100.0,ZNE,test,gold,MQ_BAM_GOLD_20140518_000454
"bucket5$98,:3,:6001",2014-05-18T00:04:25.439900,MQ,GBM,3000,,3000,100.0,ZNE,train,gold,MQ_GBM_GOLD_20140518_000455
"bucket5$99,:3,:6001",2014-05-18T00:04:25.640000,MQ,IA2,3000,3117.0,3000,100.0,ZNE,train,gold,MQ_IA2_GOLD_20140518_000455
"bucket6$686,:3,:6001",2014-05-18T00:04:23.300000,MQ,LAM,3000,3361.0,3000,100.0,ZNE,test,gold,MQ_LAM_GOLD_20140518_000453
"bucket5$100,:3,:6001",2014-05-18T00:18:17.239900,MQ,BAM,3000,,3000,100.0,ZNE,train,gold,MQ_BAM_GOLD_20140518_001847
"bucket5$101,:3,:6001",2014-05-18T00:18:18.899900,MQ,CPM,3000,,3000,100.0,ZNE,train,gold,MQ_CPM_GOLD_20140518_001848
"bucket5$102,:3,:6001",2014-05-18T00:18:16.549900,MQ,GBM,3000,,3000,100.0,ZNE,train,gold,MQ_GBM_GOLD_20140518_001846
"bucket5$103,:3,:6001",2014-05-18T00:18:16.270000,MQ,LAM,3000,3311.0,3000,100.0,ZNE,train,gold,MQ_LAM_GOLD_20140518_001846
"bucket6$687,:3,:6001",2014-05-18T01:21:49.119900,MQ,BAM,3000,,3000,100.0,ZNE,test,gold,MQ_BAM_GOLD_20140518_012219
"bucket5$104,:3,:6001",2014-05-18T01:21:47.479900,MQ,CPM,3000,,3000,100.0,ZNE,train,gold,MQ_CPM_GOLD_20140518_012217
"bucket9$680,:3,:6001",2014-05-18T01:21:47.809900,MQ,GBM,3000,,3000,100.0,ZNE,dev,gold,MQ_GBM_GOLD_20140518_012217
"bucket5$105,:3,:6001",2014-05-18T01:21:49.020000,MQ,LAM,3000,,3000,100.0,ZNE,train,gold,MQ_LAM_GOLD_20140518_012219
"bucket6$688,:3,:6001",2014-05-18T01:21:48.790000,MQ,SAM,3000,,3000,100.0,ZNE,test,gold,MQ_SAM_GOLD_20140518_012218
"bucket5$106,:3,:6001",2014-05-18T04:01:53.169900,MQ,BAM,3000,,3000,100.0,ZNE,train,gold,MQ_BAM_GOLD_20140518_040223
"bucket5$107,:3,:6001",2014-05-18T04:01:54.679900,MQ,CPM,3000,,3000,100.0,ZNE,train,gold,MQ_CPM_GOLD_20140518_040224
"bucket5$108,:3,:6001",2014-05-18T04:01:54.509900,MQ,GBM,3000,,3000,100.0,ZNE,train,gold,MQ_GBM_GOLD_20140518_040224
"bucket5$109,:3,:6001",2014-05-18T04:01:55.170000,MQ,IA2,3000,3209.0,3000,100.0,ZNE,train,gold,MQ_IA2_GOLD_20140518_040225
"bucket5$110,:3,:6001",2014-05-18T04:01:57.040000,MQ,SAM,3000,3147.0,3000,100.0,ZNE,train,gold,MQ_SAM_GOLD_20140518_040227
"bucket6$689,:3,:6001",2014-05-18T05:28:11.630000,MQ,IA2,3000,3049.0,3000,100.0,ZNE,test,gold,MQ_IA2_GOLD_20140518_052841
"bucket5$111,:3,:6001",2014-05-18T10:47:14.179900,MQ,CPM,3000,,3000,100.0,ZNE,train,gold,MQ_CPM_GOLD_20140518_104744
"bucket5$112,:3,:6001",2014-05-18T10:47:18.630000,MQ,IA2,3000,3121.0,3000,100.0,ZNE,train,gold,MQ_IA2_GOLD_20140518_104748
"bucket5$113,:3,:6001",2014-05-18T10:47:15.149900,MQ,MLM,3000,,3000,100.0,ZNE,train,gold,MQ_MLM_GOLD_20140518_104745
"bucket6$690,:3,:6001",2014-05-18T10:47:13.740000,MQ,SAM,3000,3296.0,3000,100.0,ZNE,test,gold,MQ_SAM_GOLD_20140518_104743
"bucket6$691,:3,:6001",2014-05-18T11:58:07.229900,MQ,BAM,3000,,3000,100.0,ZNE,test,gold,MQ_BAM_GOLD_20140518_115837
"bucket5$114,:3,:6001",2014-05-18T11:58:08.739900,MQ,CPM,3000,,3000,100.0,ZNE,train,gold,MQ_CPM_GOLD_20140518_115838
"bucket9$681,:3,:6001",2014-05-18T11:58:07.739900,MQ,GBM,3000,,3000,100.0,ZNE,dev,gold,MQ_GBM_GOLD_20140518_115837
"bucket5$115,:3,:6001",2014-05-18T11:58:08.490000,MQ,IA2,3000,3204.0,3000,100.0,ZNE,train,gold,MQ_IA2_GOLD_20140518_115838
"bucket5$116,:3,:6001",2014-05-18T11:58:08.370000,MQ,SAM,3000,,3000,100.0,ZNE,train,gold,MQ_SAM_GOLD_20140518_115838
"bucket6$692,:3,:6001",2014-05-18T18:01:32.039900,MQ,BAM,3000,,3000,100.0,ZNE,test,gold,MQ_BAM_GOLD_20140518_180202
"bucket9$682,:3,:6001",2014-05-18T18:01:32.459900,MQ,CPM,3000,,3000,100.0,ZNE,dev,gold,MQ_CPM_GOLD_20140518_180202
"bucket5$117,:3,:6001",2014-05-18T18:01:31.819900,MQ,GBM,3000,,3000,100.0,ZNE,train,gold,MQ_GBM_GOLD_20140518_180201
"bucket5$118,:3,:6001",2014-05-18T18:01:32.550000,MQ,IA2,3000,3190.0,3000,100.0,ZNE,train,gold,MQ_IA2_GOLD_20140518_180202
"bucket5$119,:3,:6001",2014-05-18T18:27:06.099900,MQ,BAM,3000,,3000,100.0,ZNE,train,gold,MQ_BAM_GOLD_20140518_182736
"bucket6$693,:3,:6001",2014-05-18T18:27:06.429900,MQ,CPM,3000,,3000,100.0,ZNE,test,gold,MQ_CPM_GOLD_20140518_182736
"bucket5$120,:3,:6001",2014-05-18T18:27:05.249900,MQ,GBM,3000,,3000,100.0,ZNE,train,gold,MQ_GBM_GOLD_20140518_182735
"bucket9$683,:3,:6001",2014-05-18T18:27:06.050000,MQ,IA2,3000,3235.0,3000,100.0,ZNE,dev,gold,MQ_IA2_GOLD_20140518_182736
"bucket5$121,:3,:6001",2014-05-19T04:43:28.559900,MQ,BAM,3000,,3000,100.0,ZNE,train,gold,MQ_BAM_GOLD_20140519_044358
"bucket5$122,:3,:6001",2014-05-19T04:43:22.069900,MQ,CPM,3000,,3000,100.0,ZNE,train,gold,MQ_CPM_GOLD_20140519_044352
"bucket6$694,:3,:6001",2014-05-19T04:43:29.520000,MQ,IA2,3000,,3000,100.0,ZNE,test,gold,MQ_IA2_GOLD_20140519_044359
"bucket5$123,:3,:6001",2014-05-19T04:43:24.070000,MQ,SAM,3000,3220.0,3000,100.0,ZNE,train,gold,MQ_SAM_GOLD_20140519_044354
"bucket5$124,:3,:6001",2014-05-19T04:44:48.579900,MQ,BAM,3000,,3000,100.0,ZNE,train,gold,MQ_BAM_GOLD_20140519_044518
"bucket5$125,:3,:6001",2014-05-19T04:44:47.419900,MQ,GBM,3000,,3000,100.0,ZNE,train,gold,MQ_GBM_GOLD_20140519_044517
"bucket6$695,:3,:6001",2014-05-19T04:44:48.500000,MQ,IA2,3000,3177.0,3000,100.0,ZNE,test,gold,MQ_IA2_GOLD_20140519_044518
"bucket5$126,:3,:6001",2014-05-19T04:44:46.380000,MQ,LAM,3000,,3000,100.0,ZNE,train,gold,MQ_LAM_GOLD_20140519_044516
"bucket5$127,:3,:6001",2014-05-19T04:44:49.779900,MQ,MLM,3000,,3000,100.0,ZNE,train,gold,MQ_MLM_GOLD_20140519_044519
"bucket9$684,:3,:6001",2014-05-19T07:31:33.879900,MQ,BAM,3000,,3000,100.0,ZNE,dev,gold,MQ_BAM_GOLD_20140519_073203
"bucket5$128,:3,:6001",2014-05-19T07:31:32.869900,MQ,CPM,3000,,3000,100.0,ZNE,train,gold,MQ_CPM_GOLD_20140519_073202
"bucket6$696,:3,:6001",2014-05-19T07:31:35.559900,MQ,GBM,3000,,3000,100.0,ZNE,test,gold,MQ_GBM_GOLD_20140519_073205
"bucket5$129,:3,:6001",2014-05-19T07:31:32.790000,MQ,IA2,3000,3029.0,3000,100.0,ZNE,train,gold,MQ_IA2_GOLD_20140519_073202
"bucket5$130,:3,:6001",2014-05-19T07:31:34.139900,MQ,MLM,3000,,3000,100.0,ZNE,train,gold,MQ_MLM_GOLD_20140519_073204
"bucket5$131,:3,:6001",2014-05-19T07:31:37.760000,MQ,SAM,3000,,3000,100.0,ZNE,train,gold,MQ_SAM_GOLD_20140519_073207
"bucket5$132,:3,:6001",2014-05-19T08:14:35.319900,MQ,CPM,3000,,3000,100.0,ZNE,train,gold,MQ_CPM_GOLD_20140519_081505
"bucket9$685,:3,:6001",2014-05-19T08:14:39.969900,MQ,GBM,3000,,3000,100.0,ZNE,dev,gold,MQ_GBM_GOLD_20140519_081509
"bucket5$133,:3,:6001",2014-05-19T08:14:33.250000,MQ,IA2,3000,,3000,100.0,ZNE,train,gold,MQ_IA2_GOLD_20140519_081503
"bucket9$686,:3,:6001",2014-05-19T08:14:33.149900,MQ,MLM,3000,,3000,100.0,ZNE,dev,gold,MQ_MLM_GOLD_20140519_081503
"bucket6$697,:3,:6001",2014-05-19T08:16:37.659900,MQ,BAM,3000,,3000,100.0,ZNE,test,gold,MQ_BAM_GOLD_20140519_081707
"bucket5$134,:3,:6001",2014-05-19T08:16:37.079900,MQ,CPM,3000,,3000,100.0,ZNE,train,gold,MQ_CPM_GOLD_20140519_081707
"bucket5$135,:3,:6001",2014-05-19T08:16:43.449900,MQ,GBM,3000,,3000,100.0,ZNE,train,gold,MQ_GBM_GOLD_20140519_081713
"bucket5$136,:3,:6001",2014-05-19T08:16:40.369900,MQ,MLM,3000,,3000,100.0,ZNE,train,gold,MQ_MLM_GOLD_20140519_081710
"bucket9$687,:3,:6001",2014-05-19T09:24:55.589900,MQ,BAM,3000,,3000,100.0,ZNE,dev,gold,MQ_BAM_GOLD_20140519_092525
"bucket5$137,:3,:6001",2014-05-19T09:24:59.799900,MQ,CPM,3000,,3000,100.0,ZNE,train,gold,MQ_CPM_GOLD_20140519_092529
"bucket5$138,:3,:6001",2014-05-19T09:24:54.970000,MQ,IA2,3000,3122.0,3000,100.0,ZNE,train,gold,MQ_IA2_GOLD_20140519_092524
"bucket5$139,:3,:6001",2014-05-19T09:25:01.479900,MQ,MLM,3000,,3000,100.0,ZNE,train,gold,MQ_MLM_GOLD_20140519_092531
"bucket5$140,:3,:6001",2014-05-19T09:27:34.019900,MQ,BAM,3000,,3000,100.0,ZNE,train,gold,MQ_BAM_GOLD_20140519_092804
"bucket5$141,:3,:6001",2014-05-19T09:27:31.209900,MQ,CPM,3000,,3000,100.0,ZNE,train,gold,MQ_CPM_GOLD_20140519_092801
"bucket5$142,:3,:6001",2014-05-19T09:27:30.419900,MQ,GBM,3000,,3000,100.0,ZNE,train,gold,MQ_GBM_GOLD_20140519_092800
"bucket5$143,:3,:6001",2014-05-19T09:27:31.280000,MQ,IA2,3000,3167.0,3000,100.0,ZNE,train,gold,MQ_IA2_GOLD_20140519_092801
"bucket5$144,:3,:6001",2014-05-19T10:47:03.339900,MQ,BAM,3000,,3000,100.0,ZNE,train,gold,MQ_BAM_GOLD_20140519_104733
"bucket5$145,:3,:6001",2014-05-19T10:47:01.579900,MQ,CPM,3000,,3000,100.0,ZNE,train,gold,MQ_CPM_GOLD_20140519_104731
"bucket6$698,:3,:6001",2014-05-19T10:46:54.129900,MQ,GBM,3000,,3000,100.0,ZNE,test,gold,MQ_GBM_GOLD_20140519_104724
"bucket6$699,:3,:6001",2014-05-19T10:46:58.729900,MQ,MLM,3000,,3000,100.0,ZNE,test,gold,MQ_MLM_GOLD_20140519_104728
"bucket5$146,:3,:6001",2014-05-19T11:25:28.989900,MQ,BAM,3000,,3000,100.0,ZNE,train,gold,MQ_BAM_GOLD_20140519_112558
"bucket5$147,:3,:6001",2014-05-19T11:25:29.929900,MQ,GBM,3000,,3000,100.0,ZNE,train,gold,MQ_GBM_GOLD_20140519_112559
"bucket5$148,:3,:6001",2014-05-19T11:25:32.820000,MQ,IA2,3000,,3000,100.0,ZNE,train,gold,MQ_IA2_GOLD_20140519_112602
"bucket5$149,:3,:6001",2014-05-19T11:25:34.750000,MQ,SAM,3000,3156.0,3000,100.0,ZNE,train,gold,MQ_SAM_GOLD_20140519_112604
"bucket5$150,:3,:6001",2014-05-19T12:18:53.559900,MQ,BAM,3000,,3000,100.0,ZNE,train,gold,MQ_BAM_GOLD_20140519_121923
"bucket5$151,:3,:6001",2014-05-19T12:18:54.939900,MQ,CPM,3000,,3000,100.0,ZNE,train,gold,MQ_CPM_GOLD_20140519_121924
"bucket9$688,:3,:6001",2014-05-19T12:18:57.399900,MQ,GBM,3000,,3000,100.0,ZNE,dev,gold,MQ_GBM_GOLD_20140519_121927
"bucket5$152,:3,:6001",2014-05-19T12:18:49.999900,MQ,MLM,3000,,3000,100.0,ZNE,train,gold,MQ_MLM_GOLD_20140519_121919
"bucket5$153,:3,:6001",2014-05-19T13:18:37.709900,MQ,BAM,3000,,3000,100.0,ZNE,train,gold,MQ_BAM_GOLD_20140519_131907
"bucket5$154,:3,:6001",2014-05-19T13:18:39.029900,MQ,CPM,3000,,3000,100.0,ZNE,train,gold,MQ_CPM_GOLD_20140519_131909
"bucket5$155,:3,:6001",2014-05-19T13:18:38.279900,MQ,GBM,3000,,3000,100.0,ZNE,train,gold,MQ_GBM_GOLD_20140519_131908
"bucket5$156,:3,:6001",2014-05-19T13:18:39.070000,MQ,IA2,3000,3193.0,3000,100.0,ZNE,train,gold,MQ_IA2_GOLD_20140519_131909
"bucket5$157,:3,:6001",2014-05-19T13:18:38.080000,MQ,LAM,3000,,3000,100.0,ZNE,train,gold,MQ_LAM_GOLD_20140519_131908
"bucket5$158,:3,:6001",2014-05-19T17:41:34.309900,MQ,CPM,3000,,3000,100.0,ZNE,train,gold,MQ_CPM_GOLD_20140519_174204
"bucket5$159,:3,:6001",2014-05-19T17:41:35.230000,MQ,IA2,3000,,3000,100.0,ZNE,train,gold,MQ_IA2_GOLD_20140519_174205
"bucket5$160,:3,:6001",2014-05-19T17:41:29.699900,MQ,MLM,3000,,3000,100.0,ZNE,train,gold,MQ_MLM_GOLD_20140519_174159
"bucket5$161,:3,:6001",2014-05-19T17:41:32.990000,MQ,SAM,3000,,3000,100.0,ZNE,train,gold,MQ_SAM_GOLD_20140519_174202
"bucket9$689,:3,:6001",2014-05-19T17:42:15.769900,MQ,BAM,3000,,3000,100.0,ZNE,dev,gold,MQ_BAM_GOLD_20140519_174245
"bucket9$690,:3,:6001",2014-05-19T17:42:17.739900,MQ,GBM,3000,,3000,100.0,ZNE,dev,gold,MQ_GBM_GOLD_20140519_174247
"bucket5$162,:3,:6001",2014-05-19T17:42:15.330000,MQ,IA2,3000,,3000,100.0,ZNE,train,gold,MQ_IA2_GOLD_20140519_174245
"bucket5$163,:3,:6001",2014-05-19T17:42:10.459900,MQ,MLM,3000,,3000,100.0,ZNE,train,gold,MQ_MLM_GOLD_20140519_174240
"bucket6$700,:3,:6001",2014-05-19T17:54:38.579900,MQ,BAM,3000,,3000,100.0,ZNE,test,gold,MQ_BAM_GOLD_20140519_175508
"bucket5$164,:3,:6001",2014-05-19T17:54:35.699900,MQ,CPM,3000,,3000,100.0,ZNE,train,gold,MQ_CPM_GOLD_20140519_175505
"bucket5$165,:3,:6001",2014-05-19T17:54:38.030000,MQ,IA2,3000,3165.0,3000,100.0,ZNE,train,gold,MQ_IA2_GOLD_20140519_175508
"bucket5$166,:3,:6001",2014-05-19T17:54:35.590000,MQ,LAM,3000,3260.0,3000,100.0,ZNE,train,gold,MQ_LAM_GOLD_20140519_175505
"bucket5$167,:3,:6001",2014-05-19T18:02:29.679900,MQ,BAM,3000,,3000,100.0,ZNE,train,gold,MQ_BAM_GOLD_20140519_180259
"bucket9$691,:3,:6001",2014-05-19T18:02:34.019900,MQ,GBM,3000,,3000,100.0,ZNE,dev,gold,MQ_GBM_GOLD_20140519_180304
"bucket5$168,:3,:6001",2014-05-19T18:02:36.939900,MQ,MLM,3000,,3000,100.0,ZNE,train,gold,MQ_MLM_GOLD_20140519_180306
"bucket5$169,:3,:6001",2014-05-19T18:02:37.190000,MQ,SAM,3000,,3000,100.0,ZNE,train,gold,MQ_SAM_GOLD_20140519_180307
"bucket6$701,:3,:6001",2014-05-19T18:04:39.739900,MQ,BAM,3000,,3000,100.0,ZNE,test,gold,MQ_BAM_GOLD_20140519_180509
"bucket5$170,:3,:6001",2014-05-19T18:04:44.509900,MQ,CPM,3000,,3000,100.0,ZNE,train,gold,MQ_CPM_GOLD_20140519_180514
"bucket5$171,:3,:6001",2014-05-19T18:04:40.499900,MQ,GBM,3000,,3000,100.0,ZNE,train,gold,MQ_GBM_GOLD_20140519_180510
"bucket5$172,:3,:6001",2014-05-19T18:04:38.900000,MQ,IA2,3000,3154.0,3000,100.0,ZNE,train,gold,MQ_IA2_GOLD_20140519_180508
"bucket5$173,:3,:6001",2014-05-19T18:29:32.099900,MQ,BAM,3000,,3000,100.0,ZNE,train,gold,MQ_BAM_GOLD_20140519_183002
"bucket5$174,:3,:6001",2014-05-19T18:29:26.809900,MQ,GBM,3000,,3000,100.0,ZNE,train,gold,MQ_GBM_GOLD_20140519_182956
"bucket5$175,:3,:6001",2014-05-19T18:29:26.720000,MQ,IA2,3000,,3000,100.0,ZNE,train,gold,MQ_IA2_GOLD_20140519_182956
"bucket5$176,:3,:6001",2014-05-19T18:29:28.929900,MQ,MLM,3000,,3000,100.0,ZNE,train,gold,MQ_MLM_GOLD_20140519_182958
"bucket5$177,:3,:6001",2014-05-19T22:15:53.779900,MQ,CPM,3000,,3000,100.0,ZNE,train,gold,MQ_CPM_GOLD_20140519_221623
"bucket5$178,:3,:6001",2014-05-19T22:15:53.410000,MQ,SAM,3000,3002.0,3000,100.0,ZNE,train,gold,MQ_SAM_GOLD_20140519_221623
"bucket9$692,:3,:6001",2014-05-19T23:35:09.469900,MQ,CPM,3000,,3000,100.0,ZNE,dev,gold,MQ_CPM_GOLD_20140519_233539
"bucket9$693,:3,:6001",2014-05-19T23:35:07.960000,MQ,IA2,3000,3056.0,3000,100.0,ZNE,dev,gold,MQ_IA2_GOLD_20140519_233537
"bucket5$179,:3,:6001",2014-05-19T23:48:05.419900,MQ,BAM,3000,,3000,100.0,ZNE,train,gold,MQ_BAM_GOLD_20140519_234835
"bucket5$180,:3,:6001",2014-05-19T23:48:04.229900,MQ,GBM,3000,,3000,100.0,ZNE,train,gold,MQ_GBM_GOLD_20140519_234834
"bucket5$181,:3,:6001",2014-05-19T23:48:04.800000,MQ,IA2,3000,,3000,100.0,ZNE,train,gold,MQ_IA2_GOLD_20140519_234834
"bucket5$182,:3,:6001",2014-05-19T23:48:03.640000,MQ,LAM,3000,3279.0,3000,100.0,ZNE,train,gold,MQ_LAM_GOLD_20140519_234833
"bucket5$183,:3,:6001",2014-05-19T23:48:05.770000,MQ,SAM,3000,,3000,100.0,ZNE,train,gold,MQ_SAM_GOLD_20140519_234835
"bucket5$184,:3,:6001",2014-05-19T23:52:37.329900,MQ,BAM,3000,,3000,100.0,ZNE,train,gold,MQ_BAM_GOLD_20140519_235307
"bucket5$185,:3,:6001",2014-05-19T23:52:38.619900,MQ,CPM,3000,,3000,100.0,ZNE,train,gold,MQ_CPM_GOLD_20140519_235308
"bucket5$186,:3,:6001",2014-05-19T23:52:36.849900,MQ,GBM,3000,,3000,100.0,ZNE,train,gold,MQ_GBM_GOLD_20140519_235306
"bucket5$187,:3,:6001",2014-05-19T23:52:37.610000,MQ,IA2,3000,3053.0,3000,100.0,ZNE,train,gold,MQ_IA2_GOLD_20140519_235307
"bucket5$188,:3,:6001",2014-05-19T23:52:38.269900,MQ,MLM,3000,,3000,100.0,ZNE,train,gold,MQ_MLM_GOLD_20140519_235308
"bucket5$189,:3,:6001",2014-05-19T23:52:37.980000,MQ,SAM,3000,3168.0,3000,100.0,ZNE,train,gold,MQ_SAM_GOLD_20140519_235307
"bucket5$190,:3,:6001",2014-05-20T02:15:42.189900,MQ,CPM,3000,,3000,100.0,ZNE,train,gold,MQ_CPM_GOLD_20140520_021612
"bucket6$702,:3,:6001",2014-05-20T02:15:38.170000,MQ,SAM,3000,3200.0,3000,100.0,ZNE,test,gold,MQ_SAM_GOLD_20140520_021608
"bucket5$191,:3,:6001",2014-05-20T02:38:12.929900,MQ,BAM,3000,,3000,100.0,ZNE,train,gold,MQ_BAM_GOLD_20140520_023842
"bucket5$192,:3,:6001",2014-05-20T02:38:14.159900,MQ,CPM,3000,,3000,100.0,ZNE,train,gold,MQ_CPM_GOLD_20140520_023844
"bucket5$193,:3,:6001",2014-05-20T02:38:12.229900,MQ,GBM,3000,,3000,100.0,ZNE,train,gold,MQ_GBM_GOLD_20140520_023842
"bucket5$194,:3,:6001",2014-05-20T02:38:13.030000,MQ,IA2,3000,,3000,100.0,ZNE,train,gold,MQ_IA2_GOLD_20140520_023843
"bucket5$195,:3,:6001",2014-05-20T02:38:13.440000,MQ,SAM,3000,3200.0,3000,100.0,ZNE,train,gold,MQ_SAM_GOLD_20140520_023843
"bucket9$694,:3,:6001",2014-05-20T03:20:33.239900,MQ,BAM,3000,,3000,100.0,ZNE,dev,gold,MQ_BAM_GOLD_20140520_032103
"bucket6$703,:3,:6001",2014-05-20T03:20:28.799900,MQ,CPM,3000,,3000,100.0,ZNE,test,gold,MQ_CPM_GOLD_20140520_032058
"bucket5$196,:3,:6001",2014-05-20T03:20:32.929900,MQ,GBM,3000,,3000,100.0,ZNE,train,gold,MQ_GBM_GOLD_20140520_032102
"bucket6$704,:3,:6001",2014-05-20T03:20:33.690000,MQ,IA2,3000,3169.0,3000,100.0,ZNE,test,gold,MQ_IA2_GOLD_20140520_032103
"bucket6$705,:3,:6001",2014-05-20T03:20:48.860000,MQ,LAM,3000,,3000,100.0,ZNE,test,gold,MQ_LAM_GOLD_20140520_032118
"bucket5$197,:3,:6001",2014-05-20T03:33:44.369900,MQ,BAM,3000,,3000,100.0,ZNE,train,gold,MQ_BAM_GOLD_20140520_033414
"bucket5$198,:3,:6001",2014-05-20T03:33:45.339900,MQ,CPM,3000,,3000,100.0,ZNE,train,gold,MQ_CPM_GOLD_20140520_033415
"bucket5$199,:3,:6001",2014-05-20T03:33:43.899900,MQ,GBM,3000,,3000,100.0,ZNE,train,gold,MQ_GBM_GOLD_20140520_033413
"bucket5$200,:3,:6001",2014-05-20T03:33:44.410000,MQ,IA2,3000,,3000,100.0,ZNE,train,gold,MQ_IA2_GOLD_20140520_033414
"bucket9$695,:3,:6001",2014-05-20T03:33:47.209900,MQ,MLM,3000,,3000,100.0,ZNE,dev,gold,MQ_MLM_GOLD_20140520_033417
"bucket5$201,:3,:6001",2014-05-20T03:55:41.549900,MQ,BAM,3000,,3000,100.0,ZNE,train,gold,MQ_BAM_GOLD_20140520_035611
"bucket6$706,:3,:6001",2014-05-20T03:55:41.769900,MQ,CPM,3000,,3000,100.0,ZNE,test,gold,MQ_CPM_GOLD_20140520_035611
"bucket5$202,:3,:6001",2014-05-20T03:55:39.969900,MQ,GBM,3000,,3000,100.0,ZNE,train,gold,MQ_GBM_GOLD_20140520_035609
"bucket5$203,:3,:6001",2014-05-20T03:55:40.930000,MQ,IA2,3000,3242.0,3000,100.0,ZNE,train,gold,MQ_IA2_GOLD_20140520_035610
"bucket5$204,:3,:6001",2014-05-20T04:05:12.709900,MQ,BAM,3000,,3000,100.0,ZNE,train,gold,MQ_BAM_GOLD_20140520_040542
"bucket5$205,:3,:6001",2014-05-20T04:05:12.910000,MQ,IA2,3000,3187.0,3000,100.0,ZNE,train,gold,MQ_IA2_GOLD_20140520_040542
"bucket6$707,:3,:6001",2014-05-20T04:05:05.020000,MQ,LAM,3000,3472.0,3000,100.0,ZNE,test,gold,MQ_LAM_GOLD_20140520_040535
"bucket5$206,:3,:6001",2014-05-20T04:05:07.880000,MQ,SAM,3000,3164.0,3000,100.0,ZNE,train,gold,MQ_SAM_GOLD_20140520_040537
"bucket6$708,:3,:6001",2014-05-20T06:44:36.599900,MQ,BAM,3000,,3000,100.0,ZNE,test,gold,MQ_BAM_GOLD_20140520_064506
"bucket5$207,:3,:6001",2014-05-20T06:44:37.209900,MQ,CPM,3000,,3000,100.0,ZNE,train,gold,MQ_CPM_GOLD_20140520_064507
"bucket6$709,:3,:6001",2014-05-20T06:44:36.249900,MQ,GBM,3000,,3000,100.0,ZNE,test,gold,MQ_GBM_GOLD_20140520_064506
"bucket6$710,:3,:6001",2014-05-20T06:44:36.660000,MQ,IA2,3000,3064.0,3000,100.0,ZNE,test,gold,MQ_IA2_GOLD_20140520_064506
"bucket9$696,:3,:6001",2014-05-20T06:44:31.650000,MQ,SAM,3000,3260.0,3000,100.0,ZNE,dev,gold,MQ_SAM_GOLD_20140520_064501
"bucket5$208,:3,:6001",2014-05-20T07:11:21.819900,MQ,BAM,3000,,3000,100.0,ZNE,train,gold,MQ_BAM_GOLD_20140520_071151
"bucket5$209,:3,:6001",2014-05-20T07:11:22.969900,MQ,CPM,3000,,3000,100.0,ZNE,train,gold,MQ_CPM_GOLD_20140520_071152
"bucket5$210,:3,:6001",2014-05-20T07:11:21.609900,MQ,GBM,3000,,3000,100.0,ZNE,train,gold,MQ_GBM_GOLD_20140520_071151
"bucket5$211,:3,:6001",2014-05-20T07:11:22.350000,MQ,IA2,3000,3178.0,3000,100.0,ZNE,train,gold,MQ_IA2_GOLD_20140520_071152
"bucket5$212,:3,:6001",2014-05-20T07:51:09.539900,MQ,BAM,3000,,3000,100.0,ZNE,train,gold,MQ_BAM_GOLD_20140520_075139
"bucket5$213,:3,:6001",2014-05-20T07:51:09.669900,MQ,CPM,3000,,3000,100.0,ZNE,train,gold,MQ_CPM_GOLD_20140520_075139
"bucket5$214,:3,:6001",2014-05-20T07:51:11.680000,MQ,IA2,3000,,3000,100.0,ZNE,train,gold,MQ_IA2_GOLD_20140520_075141
"bucket6$711,:3,:6001",2014-05-20T07:51:12.470000,MQ,SAM,3000,,3000,100.0,ZNE,test,gold,MQ_SAM_GOLD_20140520_075142
"bucket9$697,:3,:6001",2014-05-20T08:23:10.939900,MQ,BAM,3000,,3000,100.0,ZNE,dev,gold,MQ_BAM_GOLD_20140520_082340
"bucket5$215,:3,:6001",2014-05-20T08:23:04.159900,MQ,CPM,3000,,3000,100.0,ZNE,train,gold,MQ_CPM_GOLD_20140520_082334
"bucket6$712,:3,:6001",2014-05-20T08:23:06.379900,MQ,MLM,3000,,3000,100.0,ZNE,test,gold,MQ_MLM_GOLD_20140520_082336
"bucket5$216,:3,:6001",2014-05-20T08:23:06.900000,MQ,SAM,3000,3022.0,3000,100.0,ZNE,train,gold,MQ_SAM_GOLD_20140520_082336
"bucket9$698,:3,:6001",2014-05-20T09:23:53.809900,MQ,BAM,3000,,3000,100.0,ZNE,dev,gold,MQ_BAM_GOLD_20140520_092423
"bucket5$217,:3,:6001",2014-05-20T09:23:53.709900,MQ,GBM,3000,,3000,100.0,ZNE,train,gold,MQ_GBM_GOLD_20140520_092423
"bucket5$218,:3,:6001",2014-05-20T09:23:53.810000,MQ,IA2,3000,,3000,100.0,ZNE,train,gold,MQ_IA2_GOLD_20140520_092423
"bucket9$699,:3,:6001",2014-05-20T09:23:53.069900,MQ,MLM,3000,,3000,100.0,ZNE,dev,gold,MQ_MLM_GOLD_20140520_092423
"bucket5$219,:3,:6001",2014-05-20T10:09:58.139900,MQ,CPM,3000,,3000,100.0,ZNE,train,gold,MQ_CPM_GOLD_20140520_101028
"bucket5$220,:3,:6001",2014-05-20T10:10:03.130000,MQ,LAM,3000,,3000,100.0,ZNE,train,gold,MQ_LAM_GOLD_20140520_101033
"bucket5$221,:3,:6001",2014-05-20T10:09:57.769900,MQ,MLM,3000,,3000,100.0,ZNE,train,gold,MQ_MLM_GOLD_20140520_101027
"bucket5$222,:3,:6001",2014-05-20T10:10:03.570000,MQ,SAM,3000,3184.0,3000,100.0,ZNE,train,gold,MQ_SAM_GOLD_20140520_101033
"bucket5$223,:3,:6001",2014-05-20T10:26:38.299900,MQ,BAM,3000,,3000,100.0,ZNE,train,gold,MQ_BAM_GOLD_20140520_102708
"bucket5$224,:3,:6001",2014-05-20T10:26:43.329900,MQ,CPM,3000,,3000,100.0,ZNE,train,gold,MQ_CPM_GOLD_20140520_102713
"bucket5$225,:3,:6001",2014-05-20T10:26:35.919900,MQ,MLM,3000,,3000,100.0,ZNE,train,gold,MQ_MLM_GOLD_20140520_102705
"bucket5$226,:3,:6001",2014-05-20T10:26:42.840000,MQ,SAM,3000,3181.0,3000,100.0,ZNE,train,gold,MQ_SAM_GOLD_20140520_102712
"bucket5$227,:3,:6001",2014-05-20T10:54:43.559900,MQ,BAM,3000,,3000,100.0,ZNE,train,gold,MQ_BAM_GOLD_20140520_105513
"bucket5$228,:3,:6001",2014-05-20T10:54:45.039900,MQ,GBM,3000,,3000,100.0,ZNE,train,gold,MQ_GBM_GOLD_20140520_105515
"bucket5$229,:3,:6001",2014-05-20T10:54:46.560000,MQ,LAM,3000,,3000,100.0,ZNE,train,gold,MQ_LAM_GOLD_20140520_105516
"bucket6$713,:3,:6001",2014-05-20T10:54:49.409900,MQ,MLM,3000,,3000,100.0,ZNE,test,gold,MQ_MLM_GOLD_20140520_105519
"bucket5$230,:3,:6001",2014-05-20T11:21:39.889900,MQ,BAM,3000,,3000,100.0,ZNE,train,gold,MQ_BAM_GOLD_20140520_112209
"bucket5$231,:3,:6001",2014-05-20T11:21:43.359900,MQ,CPM,3000,,3000,100.0,ZNE,train,gold,MQ_CPM_GOLD_20140520_112213
"bucket5$232,:3,:6001",2014-05-20T11:21:40.639900,MQ,MLM,3000,,3000,100.0,ZNE,train,gold,MQ_MLM_GOLD_20140520_112210
"bucket9$700,:3,:6001",2014-05-20T11:21:47.520000,MQ,SAM,3000,3035.0,3000,100.0,ZNE,dev,gold,MQ_SAM_GOLD_20140520_112217
"bucket5$233,:3,:6001",2014-05-20T11:41:22.939900,MQ,BAM,3000,,3000,100.0,ZNE,train,gold,MQ_BAM_GOLD_20140520_114152
"bucket5$234,:3,:6001",2014-05-20T11:41:21.419900,MQ,GBM,3000,,3000,100.0,ZNE,train,gold,MQ_GBM_GOLD_20140520_114151
"bucket5$235,:3,:6001",2014-05-20T11:41:21.180000,MQ,LAM,3000,3229.0,3000,100.0,ZNE,train,gold,MQ_LAM_GOLD_20140520_114151
"bucket5$236,:3,:6001",2014-05-20T11:41:23.539900,MQ,MLM,3000,,3000,100.0,ZNE,train,gold,MQ_MLM_GOLD_20140520_114153
"bucket5$237,:3,:6001",2014-05-20T13:09:58.229900,MQ,BAM,3000,,3000,100.0,ZNE,train,gold,MQ_BAM_GOLD_20140520_131028
"bucket5$238,:3,:6001",2014-05-20T13:09:59.199900,MQ,CPM,3000,,3000,100.0,ZNE,train,gold,MQ_CPM_GOLD_20140520_131029
"bucket5$239,:3,:6001",2014-05-20T13:09:53.449900,MQ,GBM,3000,,3000,100.0,ZNE,train,gold,MQ_GBM_GOLD_20140520_131023
"bucket6$714,:3,:6001",2014-05-20T13:09:52.810000,MQ,SAM,3000,,3000,100.0,ZNE,test,gold,MQ_SAM_GOLD_20140520_131022
"bucket5$240,:3,:6001",2014-05-20T13:23:49.559900,MQ,BAM,3000,,3000,100.0,ZNE,train,gold,MQ_BAM_GOLD_20140520_132419
"bucket5$241,:3,:6001",2014-05-20T13:23:55.519900,MQ,CPM,3000,,3000,100.0,ZNE,train,gold,MQ_CPM_GOLD_20140520_132425
"bucket5$242,:3,:6001",2014-05-20T13:23:55.289900,MQ,GBM,3000,,3000,100.0,ZNE,train,gold,MQ_GBM_GOLD_20140520_132425
"bucket5$243,:3,:6001",2014-05-20T13:23:51.070000,MQ,SAM,3000,3244.0,3000,100.0,ZNE,train,gold,MQ_SAM_GOLD_20140520_132421
"bucket5$244,:3,:6001",2014-05-20T13:28:48.159900,MQ,BAM,3000,,3000,100.0,ZNE,train,gold,MQ_BAM_GOLD_20140520_132918
"bucket5$245,:3,:6001",2014-05-20T13:28:41.539900,MQ,CPM,3000,,3000,100.0,ZNE,train,gold,MQ_CPM_GOLD_20140520_132911
"bucket6$715,:3,:6001",2014-05-20T13:28:42.159900,MQ,GBM,3000,,3000,100.0,ZNE,test,gold,MQ_GBM_GOLD_20140520_132912
"bucket5$246,:3,:6001",2014-05-20T13:28:46.749900,MQ,MLM,3000,,3000,100.0,ZNE,train,gold,MQ_MLM_GOLD_20140520_132916
"bucket5$247,:3,:6001",2014-05-20T14:08:23.149900,MQ,BAM,3000,,3000,100.0,ZNE,train,gold,MQ_BAM_GOLD_20140520_140853
"bucket9$701,:3,:6001",2014-05-20T14:08:20.299900,MQ,GBM,3000,,3000,100.0,ZNE,dev,gold,MQ_GBM_GOLD_20140520_140850
"bucket9$702,:3,:6001",2014-05-20T14:08:21.299900,MQ,MLM,3000,,3000,100.0,ZNE,dev,gold,MQ_MLM_GOLD_20140520_140851
"bucket5$248,:3,:6001",2014-05-20T14:08:21.870000,MQ,SAM,3000,3195.0,3000,100.0,ZNE,train,gold,MQ_SAM_GOLD_20140520_140851
"bucket5$249,:3,:6001",2014-05-20T14:15:00.879900,MQ,BAM,3000,,3000,100.0,ZNE,train,gold,MQ_BAM_GOLD_20140520_141530
"bucket5$250,:3,:6001",2014-05-20T14:14:55.409900,MQ,CPM,3000,,3000,100.0,ZNE,train,gold,MQ_CPM_GOLD_20140520_141525
"bucket5$251,:3,:6001",2014-05-20T14:14:57.060000,MQ,IA2,3000,3135.0,3000,100.0,ZNE,train,gold,MQ_IA2_GOLD_20140520_141527
"bucket5$252,:3,:6001",2014-05-20T14:14:52.679900,MQ,MLM,3000,,3000,100.0,ZNE,train,gold,MQ_MLM_GOLD_20140520_141522
"bucket5$253,:3,:6001",2014-05-20T14:24:52.759900,MQ,CPM,3000,,3000,100.0,ZNE,train,gold,MQ_CPM_GOLD_20140520_142522
"bucket9$703,:3,:6001",2014-05-20T14:24:47.429900,MQ,GBM,3000,,3000,100.0,ZNE,dev,gold,MQ_GBM_GOLD_20140520_142517
"bucket5$254,:3,:6001",2014-05-20T14:24:51.799900,MQ,MLM,3000,,3000,100.0,ZNE,train,gold,MQ_MLM_GOLD_20140520_142521
"bucket5$255,:3,:6001",2014-05-20T14:24:53.650000,MQ,SAM,3000,,3000,100.0,ZNE,train,gold,MQ_SAM_GOLD_20140520_142523
"bucket5$256,:3,:6001",2014-05-20T14:39:12.529900,MQ,MLM,3000,,3000,100.0,ZNE,train,gold,MQ_MLM_GOLD_20140520_143942
"bucket5$257,:3,:6001",2014-05-20T15:02:26.639900,MQ,BAM,3000,,3000,100.0,ZNE,train,gold,MQ_BAM_GOLD_20140520_150256
"bucket5$258,:3,:6001",2014-05-20T15:02:21.549900,MQ,CPM,3000,,3000,100.0,ZNE,train,gold,MQ_CPM_GOLD_20140520_150251
"bucket5$259,:3,:6001",2014-05-20T15:02:19.050000,MQ,IA2,3000,3067.0,3000,100.0,ZNE,train,gold,MQ_IA2_GOLD_20140520_150249
"bucket5$260,:3,:6001",2014-05-20T15:02:26.149900,MQ,MLM,3000,,3000,100.0,ZNE,train,gold,MQ_MLM_GOLD_20140520_150256
"bucket5$261,:3,:6001",2014-05-20T15:20:02.479900,MQ,BAM,3000,,3000,100.0,ZNE,train,gold,MQ_BAM_GOLD_20140520_152032
"bucket9$704,:3,:6001",2014-05-20T15:20:00.709900,MQ,CPM,3000,,3000,100.0,ZNE,dev,gold,MQ_CPM_GOLD_20140520_152030
"bucket5$262,:3,:6001",2014-05-20T15:20:01.029900,MQ,GBM,3000,,3000,100.0,ZNE,train,gold,MQ_GBM_GOLD_20140520_152031
"bucket9$705,:3,:6001",2014-05-20T15:20:02.699900,MQ,MLM,3000,,3000,100.0,ZNE,dev,gold,MQ_MLM_GOLD_20140520_152032
"bucket5$263,:3,:6001",2014-05-20T15:46:21.449900,MQ,BAM,3000,,3000,100.0,ZNE,train,gold,MQ_BAM_GOLD_20140520_154651
"bucket5$264,:3,:6001",2014-05-20T15:46:18.289900,MQ,CPM,3000,,3000,100.0,ZNE,train,gold,MQ_CPM_GOLD_20140520_154648
"bucket9$706,:3,:6001",2014-05-20T15:46:18.009900,MQ,GBM,3000,,3000,100.0,ZNE,dev,gold,MQ_GBM_GOLD_20140520_154648
"bucket5$265,:3,:6001",2014-05-20T15:46:24.019900,MQ,MLM,3000,,3000,100.0,ZNE,train,gold,MQ_MLM_GOLD_20140520_154654
"bucket5$266,:3,:6001",2014-05-20T17:19:27.659900,MQ,BAM,3000,,3000,100.0,ZNE,train,gold,MQ_BAM_GOLD_20140520_171957
"bucket5$267,:3,:6001",2014-05-20T17:19:29.039900,MQ,CPM,3000,,3000,100.0,ZNE,train,gold,MQ_CPM_GOLD_20140520_171959
"bucket9$707,:3,:6001",2014-05-20T17:19:30.209900,MQ,GBM,3000,,3000,100.0,ZNE,dev,gold,MQ_GBM_GOLD_20140520_172000
"bucket9$708,:3,:6001",2014-05-20T17:19:29.379900,MQ,MLM,3000,,3000,100.0,ZNE,dev,gold,MQ_MLM_GOLD_20140520_171959
"bucket6$716,:3,:6001",2014-05-20T17:42:07.799900,MQ,BAM,3000,,3000,100.0,ZNE,test,gold,MQ_BAM_GOLD_20140520_174237
"bucket5$268,:3,:6001",2014-05-20T17:42:11.039900,MQ,CPM,3000,,3000,100.0,ZNE,train,gold,MQ_CPM_GOLD_20140520_174241
"bucket5$269,:3,:6001",2014-05-20T17:42:06.489900,MQ,GBM,3000,,3000,100.0,ZNE,train,gold,MQ_GBM_GOLD_20140520_174236
"bucket5$270,:3,:6001",2014-05-20T17:42:07.880000,MQ,IA2,3000,3132.0,3000,100.0,ZNE,train,gold,MQ_IA2_GOLD_20140520_174237
"bucket5$271,:3,:6001",2014-05-20T17:42:05.839900,MQ,MLM,3000,,3000,100.0,ZNE,train,gold,MQ_MLM_GOLD_20140520_174235
"bucket6$717,:3,:6001",2014-05-20T19:31:32.129900,MQ,BAM,3000,,3000,100.0,ZNE,test,gold,MQ_BAM_GOLD_20140520_193202
"bucket5$272,:3,:6001",2014-05-20T19:31:33.759900,MQ,CPM,3000,,3000,100.0,ZNE,train,gold,MQ_CPM_GOLD_20140520_193203
"bucket5$273,:3,:6001",2014-05-20T19:31:33.319900,MQ,GBM,3000,,3000,100.0,ZNE,train,gold,MQ_GBM_GOLD_20140520_193203
"bucket6$718,:3,:6001",2014-05-20T19:31:31.040000,MQ,IA2,3000,3259.0,3000,100.0,ZNE,test,gold,MQ_IA2_GOLD_20140520_193201
"bucket6$719,:3,:6001",2014-05-20T19:31:30.550000,MQ,LAM,3000,,3000,100.0,ZNE,test,gold,MQ_LAM_GOLD_20140520_193200
"bucket5$274,:3,:6001",2014-05-20T19:31:34.819900,MQ,MLM,3000,,3000,100.0,ZNE,train,gold,MQ_MLM_GOLD_20140520_193204
"bucket5$275,:3,:6001",2014-05-20T19:48:34.139900,MQ,BAM,3000,,3000,100.0,ZNE,train,gold,MQ_BAM_GOLD_20140520_194904
"bucket5$276,:3,:6001",2014-05-20T19:48:40.789900,MQ,CPM,3000,,3000,100.0,ZNE,train,gold,MQ_CPM_GOLD_20140520_194910
"bucket5$277,:3,:6001",2014-05-20T19:48:35.699900,MQ,GBM,3000,,3000,100.0,ZNE,train,gold,MQ_GBM_GOLD_20140520_194905
"bucket5$278,:3,:6001",2014-05-20T19:48:39.269900,MQ,MLM,3000,,3000,100.0,ZNE,train,gold,MQ_MLM_GOLD_20140520_194909
"bucket5$279,:3,:6001",2014-05-21T05:07:05.959900,MQ,BAM,3000,,3000,100.0,ZNE,train,gold,MQ_BAM_GOLD_20140521_050735
"bucket5$280,:3,:6001",2014-05-21T05:07:04.189900,MQ,CPM,3000,,3000,100.0,ZNE,train,gold,MQ_CPM_GOLD_20140521_050734
"bucket5$281,:3,:6001",2014-05-21T05:07:02.500000,MQ,IA2,3000,3177.0,3000,100.0,ZNE,train,gold,MQ_IA2_GOLD_20140521_050732
"bucket9$709,:3,:6001",2014-05-21T05:07:06.700000,MQ,SAM,3000,,3000,100.0,ZNE,dev,gold,MQ_SAM_GOLD_20140521_050736
"bucket5$282,:3,:6001",2014-05-21T09:08:43.109900,MQ,BAM,3000,,3000,100.0,ZNE,train,gold,MQ_BAM_GOLD_20140521_090913
"bucket5$283,:3,:6001",2014-05-21T09:08:46.219900,MQ,CPM,3000,,3000,100.0,ZNE,train,gold,MQ_CPM_GOLD_20140521_090916
"bucket5$284,:3,:6001",2014-05-21T09:08:42.959900,MQ,GBM,3000,,3000,100.0,ZNE,train,gold,MQ_GBM_GOLD_20140521_090912
"bucket5$285,:3,:6001",2014-05-21T09:08:43.080000,MQ,IA2,3000,3095.0,3000,100.0,ZNE,train,gold,MQ_IA2_GOLD_20140521_090913
"bucket5$286,:3,:6001",2014-05-21T10:47:43.999900,MQ,BAM,3000,,3000,100.0,ZNE,train,gold,MQ_BAM_GOLD_20140521_104813
"bucket5$287,:3,:6001",2014-05-21T10:47:41.169900,MQ,GBM,3000,,3000,100.0,ZNE,train,gold,MQ_GBM_GOLD_20140521_104811
"bucket5$288,:3,:6001",2014-05-21T10:47:41.959900,MQ,MLM,3000,,3000,100.0,ZNE,train,gold,MQ_MLM_GOLD_20140521_104811
"bucket5$289,:3,:6001",2014-05-21T10:47:48.120000,MQ,SAM,3000,,3000,100.0,ZNE,train,gold,MQ_SAM_GOLD_20140521_104818
"bucket6$720,:3,:6001",2014-05-21T13:25:35.069900,MQ,BAM,3000,,3000,100.0,ZNE,test,gold,MQ_BAM_GOLD_20140521_132605
"bucket5$290,:3,:6001",2014-05-21T13:25:35.069900,MQ,GBM,3000,,3000,100.0,ZNE,train,gold,MQ_GBM_GOLD_20140521_132605
"bucket5$291,:3,:6001",2014-05-21T13:25:37,MQ,LAM,3000,3185.0,3000,100.0,ZNE,train,gold,MQ_LAM_GOLD_20140521_132607
"bucket6$721,:3,:6001",2014-05-21T13:25:30.899900,MQ,MLM,3000,,3000,100.0,ZNE,test,gold,MQ_MLM_GOLD_20140521_132600
"bucket5$292,:3,:6001",2014-05-21T17:55:17.979900,MQ,CPM,3000,,3000,100.0,ZNE,train,gold,MQ_CPM_GOLD_20140521_175547
"bucket5$293,:3,:6001",2014-05-21T17:55:08.599900,MQ,GBM,3000,,3000,100.0,ZNE,train,gold,MQ_GBM_GOLD_20140521_175538
"bucket6$722,:3,:6001",2014-05-21T17:55:11.439900,MQ,MLM,3000,,3000,100.0,ZNE,test,gold,MQ_MLM_GOLD_20140521_175541
"bucket5$294,:3,:6001",2014-05-21T17:55:16.350000,MQ,SAM,3000,,3000,100.0,ZNE,train,gold,MQ_SAM_GOLD_20140521_175546
"bucket5$295,:3,:6001",2014-05-21T20:27:59.549900,MQ,BAM,3000,,3000,100.0,ZNE,train,gold,MQ_BAM_GOLD_20140521_202829
"bucket5$296,:3,:6001",2014-05-21T20:27:59.399900,MQ,CPM,3000,,3000,100.0,ZNE,train,gold,MQ_CPM_GOLD_20140521_202829
"bucket6$723,:3,:6001",2014-05-21T20:28:00.349900,MQ,GBM,3000,,3000,100.0,ZNE,test,gold,MQ_GBM_GOLD_20140521_202830
"bucket6$724,:3,:6001",2014-05-21T20:28:01.590000,MQ,IA2,3000,3177.0,3000,100.0,ZNE,test,gold,MQ_IA2_GOLD_20140521_202831
"bucket5$297,:3,:6001",2014-05-21T20:28:33.609900,MQ,BAM,3000,,3000,100.0,ZNE,train,gold,MQ_BAM_GOLD_20140521_202903
"bucket6$725,:3,:6001",2014-05-21T20:28:39.539900,MQ,CPM,3000,,3000,100.0,ZNE,test,gold,MQ_CPM_GOLD_20140521_202909
"bucket5$298,:3,:6001",2014-05-21T20:28:42.619900,MQ,GBM,3000,,3000,100.0,ZNE,train,gold,MQ_GBM_GOLD_20140521_202912
"bucket5$299,:3,:6001",2014-05-21T20:28:37.099900,MQ,MLM,3000,,3000,100.0,ZNE,train,gold,MQ_MLM_GOLD_20140521_202907
"bucket5$300,:3,:6001",2014-05-23T04:11:53.069900,MQ,CPM,3000,,3000,100.0,ZNE,train,gold,MQ_CPM_GOLD_20140523_041223
"bucket5$301,:3,:6001",2014-05-23T06:35:15.809900,MQ,BAM,3000,,3000,100.0,ZNE,train,gold,MQ_BAM_GOLD_20140523_063545
"bucket5$302,:3,:6001",2014-05-23T06:35:20.809900,MQ,CPM,3000,,3000,100.0,ZNE,train,gold,MQ_CPM_GOLD_20140523_063550
"bucket5$303,:3,:6001",2014-05-23T06:35:22.359900,MQ,GBM,3000,,3000,100.0,ZNE,train,gold,MQ_GBM_GOLD_20140523_063552
"bucket5$304,:3,:6001",2014-05-23T06:35:25.750000,MQ,SAM,3000,3137.0,3000,100.0,ZNE,train,gold,MQ_SAM_GOLD_20140523_063555
"bucket5$305,:3,:6001",2014-05-23T08:03:48.489900,MQ,BAM,3000,,3000,100.0,ZNE,train,gold,MQ_BAM_GOLD_20140523_080418
"bucket5$306,:3,:6001",2014-05-23T08:03:56.900000,MQ,IA2,3000,3176.0,3000,100.0,ZNE,train,gold,MQ_IA2_GOLD_20140523_080426
"bucket5$307,:3,:6001",2014-05-23T08:03:51.769900,MQ,MLM,3000,,3000,100.0,ZNE,train,gold,MQ_MLM_GOLD_20140523_080421
"bucket9$710,:3,:6001",2014-05-23T08:03:54.410000,MQ,SAM,3000,3149.0,3000,100.0,ZNE,dev,gold,MQ_SAM_GOLD_20140523_080424
"bucket5$308,:3,:6001",2014-05-23T08:34:37.889900,MQ,BAM,3000,,3000,100.0,ZNE,train,gold,MQ_BAM_GOLD_20140523_083507
"bucket5$309,:3,:6001",2014-05-23T08:34:38.810000,MQ,IA2,3000,3311.0,3000,100.0,ZNE,train,gold,MQ_IA2_GOLD_20140523_083508
"bucket5$310,:3,:6001",2014-05-23T08:34:42.019900,MQ,MLM,3000,,3000,100.0,ZNE,train,gold,MQ_MLM_GOLD_20140523_083512
"bucket5$311,:3,:6001",2014-05-23T08:34:36.530000,MQ,SAM,3000,,3000,100.0,ZNE,train,gold,MQ_SAM_GOLD_20140523_083506
"bucket5$312,:3,:6001",2014-05-23T11:09:19.389900,MQ,GBM,3000,,3000,100.0,ZNE,train,gold,MQ_GBM_GOLD_20140523_110949
"bucket5$313,:3,:6001",2014-05-23T11:09:24.030000,MQ,LAM,3000,3182.0,3000,100.0,ZNE,train,gold,MQ_LAM_GOLD_20140523_110954
"bucket5$314,:3,:6001",2014-05-23T11:09:27.389900,MQ,MLM,3000,,3000,100.0,ZNE,train,gold,MQ_MLM_GOLD_20140523_110957
"bucket5$315,:3,:6001",2014-05-23T11:09:22.630000,MQ,SAM,3000,,3000,100.0,ZNE,train,gold,MQ_SAM_GOLD_20140523_110952
"bucket5$316,:3,:6001",2014-05-23T12:12:59.779900,MQ,BAM,3000,,3000,100.0,ZNE,train,gold,MQ_BAM_GOLD_20140523_121329
"bucket5$317,:3,:6001",2014-05-23T12:12:58.899900,MQ,CPM,3000,,3000,100.0,ZNE,train,gold,MQ_CPM_GOLD_20140523_121328
"bucket5$318,:3,:6001",2014-05-23T12:12:58.129900,MQ,GBM,3000,,3000,100.0,ZNE,train,gold,MQ_GBM_GOLD_20140523_121328
"bucket5$319,:3,:6001",2014-05-23T12:12:58.490000,MQ,IA2,3000,3028.0,3000,100.0,ZNE,train,gold,MQ_IA2_GOLD_20140523_121328
"bucket5$320,:3,:6001",2014-05-23T12:12:59.160000,MQ,SAM,3000,3243.0,3000,100.0,ZNE,train,gold,MQ_SAM_GOLD_20140523_121329
"bucket5$321,:3,:6001",2014-05-23T13:02:13.179900,MQ,BAM,3000,,3000,100.0,ZNE,train,gold,MQ_BAM_GOLD_20140523_130243
"bucket5$322,:3,:6001",2014-05-23T13:02:15.420000,MQ,LAM,3000,,3000,100.0,ZNE,train,gold,MQ_LAM_GOLD_20140523_130245
"bucket5$323,:3,:6001",2014-05-23T13:02:11.699900,MQ,MLM,3000,,3000,100.0,ZNE,train,gold,MQ_MLM_GOLD_20140523_130241
"bucket5$324,:3,:6001",2014-05-23T13:02:19.040000,MQ,SAM,3000,,3000,100.0,ZNE,train,gold,MQ_SAM_GOLD_20140523_130249
"bucket5$325,:3,:6001",2014-05-23T13:36:27.779900,MQ,BAM,3000,,3000,100.0,ZNE,train,gold,MQ_BAM_GOLD_20140523_133657
"bucket5$326,:3,:6001",2014-05-23T13:36:23.949900,MQ,CPM,3000,,3000,100.0,ZNE,train,gold,MQ_CPM_GOLD_20140523_133653
"bucket9$711,:3,:6001",2014-05-23T13:36:21.109900,MQ,GBM,3000,,3000,100.0,ZNE,dev,gold,MQ_GBM_GOLD_20140523_133651
"bucket5$327,:3,:6001",2014-05-23T13:36:22.779900,MQ,MLM,3000,,3000,100.0,ZNE,train,gold,MQ_MLM_GOLD_20140523_133652
"bucket5$328,:3,:6001",2014-05-23T15:21:55.149900,MQ,CPM,3000,,3000,100.0,ZNE,train,gold,MQ_CPM_GOLD_20140523_152225
"bucket5$329,:3,:6001",2014-05-23T15:21:54.409900,MQ,GBM,3000,,3000,100.0,ZNE,train,gold,MQ_GBM_GOLD_20140523_152224
"bucket6$726,:3,:6001",2014-05-23T15:21:50.470000,MQ,LAM,3000,,3000,100.0,ZNE,test,gold,MQ_LAM_GOLD_20140523_152220
"bucket5$330,:3,:6001",2014-05-23T15:21:57.489900,MQ,MLM,3000,,3000,100.0,ZNE,train,gold,MQ_MLM_GOLD_20140523_152227
"bucket5$331,:3,:6001",2014-05-23T21:44:33.879900,MQ,BAM,3000,,3000,100.0,ZNE,train,gold,MQ_BAM_GOLD_20140523_214503
"bucket5$332,:3,:6001",2014-05-23T21:44:34.809900,MQ,CPM,3000,,3000,100.0,ZNE,train,gold,MQ_CPM_GOLD_20140523_214504
"bucket5$333,:3,:6001",2014-05-23T21:44:35.199900,MQ,GBM,3000,,3000,100.0,ZNE,train,gold,MQ_GBM_GOLD_20140523_214505
"bucket5$334,:3,:6001",2014-05-23T21:44:34.930000,MQ,IA2,3000,,3000,100.0,ZNE,train,gold,MQ_IA2_GOLD_20140523_214504
"bucket5$335,:3,:6001",2014-05-24T06:26:52.699900,MQ,BAM,3000,,3000,100.0,ZNE,train,gold,MQ_BAM_GOLD_20140524_062722
"bucket5$336,:3,:6001",2014-05-24T06:26:44.729900,MQ,GBM,3000,,3000,100.0,ZNE,train,gold,MQ_GBM_GOLD_20140524_062714
"bucket5$337,:3,:6001",2014-05-24T06:26:48.050000,MQ,IA2,3000,3177.0,3000,100.0,ZNE,train,gold,MQ_IA2_GOLD_20140524_062718
"bucket5$338,:3,:6001",2014-05-24T06:26:47.060000,MQ,SAM,3000,3252.0,3000,100.0,ZNE,train,gold,MQ_SAM_GOLD_20140524_062717
"bucket5$339,:3,:6001",2014-05-24T15:26:26.809900,MQ,BAM,3000,,3000,100.0,ZNE,train,gold,MQ_BAM_GOLD_20140524_152656
"bucket5$340,:3,:6001",2014-05-24T15:26:25.439900,MQ,CPM,3000,,3000,100.0,ZNE,train,gold,MQ_CPM_GOLD_20140524_152655
"bucket5$341,:3,:6001",2014-05-24T15:26:28.309900,MQ,GBM,3000,,3000,100.0,ZNE,train,gold,MQ_GBM_GOLD_20140524_152658
"bucket6$727,:3,:6001",2014-05-24T15:26:25.580000,MQ,LAM,3000,,3000,100.0,ZNE,test,gold,MQ_LAM_GOLD_20140524_152655
"bucket5$342,:3,:6001",2014-05-24T22:40:26.919900,MQ,CPM,3000,,3000,100.0,ZNE,train,gold,MQ_CPM_GOLD_20140524_224056
"bucket5$343,:3,:6001",2014-05-24T22:40:25.839900,MQ,GBM,3000,,3000,100.0,ZNE,train,gold,MQ_GBM_GOLD_20140524_224055
"bucket5$344,:3,:6001",2014-05-24T22:40:26.050000,MQ,IA2,3000,,3000,100.0,ZNE,train,gold,MQ_IA2_GOLD_20140524_224056
"bucket5$345,:3,:6001",2014-05-24T22:40:27.390000,MQ,SAM,3000,,3000,100.0,ZNE,train,gold,MQ_SAM_GOLD_20140524_224057
"bucket5$346,:3,:6001",2014-05-24T23:39:46.549900,MQ,CPM,3000,,3000,100.0,ZNE,train,gold,MQ_CPM_GOLD_20140524_234016
"bucket5$347,:3,:6001",2014-05-25T00:43:25.879900,MQ,BAM,3000,,3000,100.0,ZNE,train,gold,MQ_BAM_GOLD_20140525_004355
"bucket6$728,:3,:6001",2014-05-25T00:43:22.840000,MQ,IA2,3000,,3000,100.0,ZNE,test,gold,MQ_IA2_GOLD_20140525_004352
"bucket5$348,:3,:6001",2014-05-25T00:43:19.680000,MQ,LAM,3000,,3000,100.0,ZNE,train,gold,MQ_LAM_GOLD_20140525_004349
"bucket5$349,:3,:6001",2014-05-25T01:58:17.399900,MQ,BAM,3000,,3000,100.0,ZNE,train,gold,MQ_BAM_GOLD_20140525_015847
"bucket5$350,:3,:6001",2014-05-25T01:58:15.969900,MQ,CPM,3000,,3000,100.0,ZNE,train,gold,MQ_CPM_GOLD_20140525_015845
"bucket5$351,:3,:6001",2014-05-25T01:58:15.029900,MQ,GBM,3000,,3000,100.0,ZNE,train,gold,MQ_GBM_GOLD_20140525_015845
"bucket5$352,:3,:6001",2014-05-25T01:58:15.630000,MQ,IA2,3000,,3000,100.0,ZNE,train,gold,MQ_IA2_GOLD_20140525_015845
"bucket5$353,:3,:6001",2014-05-25T01:58:15.870000,MQ,SAM,3000,,3000,100.0,ZNE,train,gold,MQ_SAM_GOLD_20140525_015845
"bucket5$354,:3,:6001",2014-05-25T06:09:43.399900,MQ,BAM,3000,,3000,100.0,ZNE,train,gold,MQ_BAM_GOLD_20140525_061013
"bucket5$355,:3,:6001",2014-05-25T06:09:37.319900,MQ,CPM,3000,,3000,100.0,ZNE,train,gold,MQ_CPM_GOLD_20140525_061007
"bucket5$356,:3,:6001",2014-05-25T06:09:37.359900,MQ,GBM,3000,,3000,100.0,ZNE,train,gold,MQ_GBM_GOLD_20140525_061007
"bucket9$712,:3,:6001",2014-05-25T06:09:40.760000,MQ,SAM,3000,3155.0,3000,100.0,ZNE,dev,gold,MQ_SAM_GOLD_20140525_061010
"bucket5$357,:3,:6001",2014-05-25T10:46:13.499900,MQ,CPM,3000,,3000,100.0,ZNE,train,gold,MQ_CPM_GOLD_20140525_104643
"bucket5$358,:3,:6001",2014-05-25T10:46:13.059900,MQ,MLM,3000,,3000,100.0,ZNE,train,gold,MQ_MLM_GOLD_20140525_104643
"bucket5$359,:3,:6001",2014-05-25T10:46:21.070000,MQ,SAM,3000,,3000,100.0,ZNE,train,gold,MQ_SAM_GOLD_20140525_104651
"bucket5$360,:3,:6001",2014-05-25T10:50:14.789900,MQ,GBM,3000,,3000,100.0,ZNE,train,gold,MQ_GBM_GOLD_20140525_105044
"bucket5$361,:3,:6001",2014-05-25T10:50:15.059900,MQ,MLM,3000,,3000,100.0,ZNE,train,gold,MQ_MLM_GOLD_20140525_105045
"bucket5$362,:3,:6001",2014-05-25T10:50:13.220000,MQ,SAM,3000,,3000,100.0,ZNE,train,gold,MQ_SAM_GOLD_20140525_105043
"bucket5$363,:3,:6001",2014-05-25T20:33:46.859900,MQ,BAM,3000,,3000,100.0,ZNE,train,gold,MQ_BAM_GOLD_20140525_203416
"bucket9$713,:3,:6001",2014-05-25T20:33:47.509900,MQ,CPM,3000,,3000,100.0,ZNE,dev,gold,MQ_CPM_GOLD_20140525_203417
"bucket5$364,:3,:6001",2014-05-25T20:33:46.699900,MQ,GBM,3000,,3000,100.0,ZNE,train,gold,MQ_GBM_GOLD_20140525_203416
"bucket5$365,:3,:6001",2014-05-25T20:33:47.880000,MQ,SAM,3000,,3000,100.0,ZNE,train,gold,MQ_SAM_GOLD_20140525_203417
"bucket5$366,:3,:6001",2014-05-25T20:34:04.859900,MQ,BAM,3000,,3000,100.0,ZNE,train,gold,MQ_BAM_GOLD_20140525_203434
"bucket5$367,:3,:6001",2014-05-25T20:34:04.339900,MQ,CPM,3000,,3000,100.0,ZNE,train,gold,MQ_CPM_GOLD_20140525_203434
"bucket5$368,:3,:6001",2014-05-25T20:34:02.839900,MQ,GBM,3000,,3000,100.0,ZNE,train,gold,MQ_GBM_GOLD_20140525_203432
"bucket5$369,:3,:6001",2014-05-25T20:34:06.799900,MQ,MLM,3000,,3000,100.0,ZNE,train,gold,MQ_MLM_GOLD_20140525_203436
"bucket9$714,:3,:6001",2014-05-25T20:34:05.590000,MQ,SAM,3000,2877.0,3000,100.0,ZNE,dev,gold,MQ_SAM_GOLD_20140525_203435
"bucket5$370,:3,:6001",2014-05-26T11:24:55.639900,MQ,BAM,3000,,3000,100.0,ZNE,train,gold,MQ_BAM_GOLD_20140526_112525
"bucket5$371,:3,:6001",2014-05-26T11:24:57.389900,MQ,CPM,3000,,3000,100.0,ZNE,train,gold,MQ_CPM_GOLD_20140526_112527
"bucket5$372,:3,:6001",2014-05-26T11:24:56.489900,MQ,GBM,3000,,3000,100.0,ZNE,train,gold,MQ_GBM_GOLD_20140526_112526
"bucket5$373,:3,:6001",2014-05-26T11:25:02.089900,MQ,MLM,3000,,3000,100.0,ZNE,train,gold,MQ_MLM_GOLD_20140526_112532
"bucket5$374,:3,:6001",2014-05-26T11:43:40.219900,MQ,BAM,3000,,3000,100.0,ZNE,train,gold,MQ_BAM_GOLD_20140526_114410
"bucket6$729,:3,:6001",2014-05-26T11:43:38.349900,MQ,GBM,3000,,3000,100.0,ZNE,test,gold,MQ_GBM_GOLD_20140526_114408
"bucket5$375,:3,:6001",2014-05-26T11:43:37.759900,MQ,MLM,3000,,3000,100.0,ZNE,train,gold,MQ_MLM_GOLD_20140526_114407
"bucket5$376,:3,:6001",2014-05-26T11:43:41.350000,MQ,SAM,3000,3115.0,3000,100.0,ZNE,train,gold,MQ_SAM_GOLD_20140526_114411
"bucket5$377,:3,:6001",2014-05-26T11:54:12.729900,MQ,BAM,3000,,3000,100.0,ZNE,train,gold,MQ_BAM_GOLD_20140526_115442
"bucket5$378,:3,:6001",2014-05-26T11:54:16.979900,MQ,CPM,3000,,3000,100.0,ZNE,train,gold,MQ_CPM_GOLD_20140526_115446
"bucket5$379,:3,:6001",2014-05-26T11:54:21.539900,MQ,MLM,3000,,3000,100.0,ZNE,train,gold,MQ_MLM_GOLD_20140526_115451
"bucket5$380,:3,:6001",2014-05-26T11:54:13.560000,MQ,SAM,3000,3023.0,3000,100.0,ZNE,train,gold,MQ_SAM_GOLD_20140526_115443
"bucket5$381,:3,:6001",2014-05-26T12:51:31.279900,MQ,BAM,3000,,3000,100.0,ZNE,train,gold,MQ_BAM_GOLD_20140526_125201
"bucket9$715,:3,:6001",2014-05-26T12:51:33.609900,MQ,GBM,3000,,3000,100.0,ZNE,dev,gold,MQ_GBM_GOLD_20140526_125203
"bucket5$382,:3,:6001",2014-05-26T12:51:34.389900,MQ,MLM,3000,,3000,100.0,ZNE,train,gold,MQ_MLM_GOLD_20140526_125204
"bucket5$383,:3,:6001",2014-05-26T12:51:34.750000,MQ,SAM,3000,3176.0,3000,100.0,ZNE,train,gold,MQ_SAM_GOLD_20140526_125204
"bucket5$384,:3,:6001",2014-05-26T14:09:42.349900,MQ,BAM,3000,,3000,100.0,ZNE,train,gold,MQ_BAM_GOLD_20140526_141012
"bucket5$385,:3,:6001",2014-05-26T14:09:39.389900,MQ,CPM,3000,,3000,100.0,ZNE,train,gold,MQ_CPM_GOLD_20140526_141009
"bucket5$386,:3,:6001",2014-05-26T14:09:36.469900,MQ,MLM,3000,,3000,100.0,ZNE,train,gold,MQ_MLM_GOLD_20140526_141006
"bucket5$387,:3,:6001",2014-05-26T14:09:44.640000,MQ,SAM,3000,3163.0,3000,100.0,ZNE,train,gold,MQ_SAM_GOLD_20140526_141014
"bucket5$388,:3,:6001",2014-05-26T15:33:34.389900,MQ,BAM,3000,,3000,100.0,ZNE,train,gold,MQ_BAM_GOLD_20140526_153404
"bucket5$389,:3,:6001",2014-05-26T15:33:34.169900,MQ,GBM,3000,,3000,100.0,ZNE,train,gold,MQ_GBM_GOLD_20140526_153404
"bucket9$716,:3,:6001",2014-05-26T15:33:28.149900,MQ,MLM,3000,,3000,100.0,ZNE,dev,gold,MQ_MLM_GOLD_20140526_153358
"bucket5$390,:3,:6001",2014-05-26T15:33:30.420000,MQ,SAM,3000,3193.0,3000,100.0,ZNE,train,gold,MQ_SAM_GOLD_20140526_153400
"bucket9$717,:3,:6001",2014-05-26T18:27:57.029900,MQ,BAM,3000,,3000,100.0,ZNE,dev,gold,MQ_BAM_GOLD_20140526_182827
"bucket5$391,:3,:6001",2014-05-26T18:28:01.659900,MQ,GBM,3000,,3000,100.0,ZNE,train,gold,MQ_GBM_GOLD_20140526_182831
"bucket5$392,:3,:6001",2014-05-26T18:28:05.069900,MQ,MLM,3000,,3000,100.0,ZNE,train,gold,MQ_MLM_GOLD_20140526_182835
"bucket5$393,:3,:6001",2014-05-26T18:28:02.200000,MQ,SAM,3000,3068.0,3000,100.0,ZNE,train,gold,MQ_SAM_GOLD_20140526_182832
"bucket5$394,:3,:6001",2014-05-27T00:56:47.899900,MQ,BAM,3000,,3000,100.0,ZNE,train,gold,MQ_BAM_GOLD_20140527_005717
"bucket5$395,:3,:6001",2014-05-27T00:56:45.809900,MQ,CPM,3000,,3000,100.0,ZNE,train,gold,MQ_CPM_GOLD_20140527_005715
"bucket5$396,:3,:6001",2014-05-27T00:56:42.809900,MQ,GBM,3000,,3000,100.0,ZNE,train,gold,MQ_GBM_GOLD_20140527_005712
"bucket5$397,:3,:6001",2014-05-27T00:56:42.690000,MQ,LAM,3000,3171.0,3000,100.0,ZNE,train,gold,MQ_LAM_GOLD_20140527_005712
"bucket5$398,:3,:6001",2014-05-27T12:40:43.799900,MQ,BAM,3000,,3000,100.0,ZNE,train,gold,MQ_BAM_GOLD_20140527_124113
"bucket5$399,:3,:6001",2014-05-27T12:40:48.479900,MQ,CPM,3000,,3000,100.0,ZNE,train,gold,MQ_CPM_GOLD_20140527_124118
"bucket5$400,:3,:6001",2014-05-27T12:40:53.009900,MQ,GBM,3000,,3000,100.0,ZNE,train,gold,MQ_GBM_GOLD_20140527_124123
"bucket5$401,:3,:6001",2014-05-27T12:40:44.989900,MQ,MLM,3000,,3000,100.0,ZNE,train,gold,MQ_MLM_GOLD_20140527_124114
"bucket5$402,:3,:6001",2014-05-27T12:45:46.699900,MQ,BAM,3000,,3000,100.0,ZNE,train,gold,MQ_BAM_GOLD_20140527_124616
"bucket5$403,:3,:6001",2014-05-27T12:45:51.159900,MQ,CPM,3000,,3000,100.0,ZNE,train,gold,MQ_CPM_GOLD_20140527_124621
"bucket5$404,:3,:6001",2014-05-27T12:45:50.679900,MQ,GBM,3000,,3000,100.0,ZNE,train,gold,MQ_GBM_GOLD_20140527_124620
"bucket6$730,:3,:6001",2014-05-27T12:45:49.839900,MQ,MLM,3000,,3000,100.0,ZNE,test,gold,MQ_MLM_GOLD_20140527_124619
"bucket5$405,:3,:6001",2014-05-27T14:13:48.069900,MQ,BAM,3000,,3000,100.0,ZNE,train,gold,MQ_BAM_GOLD_20140527_141418
"bucket5$406,:3,:6001",2014-05-27T14:13:52.459900,MQ,CPM,3000,,3000,100.0,ZNE,train,gold,MQ_CPM_GOLD_20140527_141422
"bucket6$731,:3,:6001",2014-05-27T14:13:56.569900,MQ,GBM,3000,,3000,100.0,ZNE,test,gold,MQ_GBM_GOLD_20140527_141426
"bucket9$718,:3,:6001",2014-05-27T14:13:57.560000,MQ,SAM,3000,3197.0,3000,100.0,ZNE,dev,gold,MQ_SAM_GOLD_20140527_141427
"bucket5$407,:3,:6001",2014-05-27T14:14:09.489900,MQ,BAM,3000,,3000,100.0,ZNE,train,gold,MQ_BAM_GOLD_20140527_141439
"bucket5$408,:3,:6001",2014-05-27T14:14:12.049900,MQ,CPM,3000,,3000,100.0,ZNE,train,gold,MQ_CPM_GOLD_20140527_141442
"bucket5$409,:3,:6001",2014-05-27T14:14:07.329900,MQ,MLM,3000,,3000,100.0,ZNE,train,gold,MQ_MLM_GOLD_20140527_141437
"bucket5$410,:3,:6001",2014-05-27T14:14:14.650000,MQ,SAM,3000,3169.0,3000,100.0,ZNE,train,gold,MQ_SAM_GOLD_20140527_141444
"bucket5$411,:3,:6001",2014-05-27T16:18:42.629900,MQ,BAM,3000,,3000,100.0,ZNE,train,gold,MQ_BAM_GOLD_20140527_161912
"bucket6$732,:3,:6001",2014-05-27T16:18:34.979900,MQ,CPM,3000,,3000,100.0,ZNE,test,gold,MQ_CPM_GOLD_20140527_161904
"bucket5$412,:3,:6001",2014-05-27T16:18:42.549900,MQ,GBM,3000,,3000,100.0,ZNE,train,gold,MQ_GBM_GOLD_20140527_161912
"bucket5$413,:3,:6001",2014-05-27T16:18:38.149900,MQ,MLM,3000,,3000,100.0,ZNE,train,gold,MQ_MLM_GOLD_20140527_161908
"bucket9$719,:3,:6001",2014-05-27T17:32:55.489900,MQ,BAM,3000,,3000,100.0,ZNE,dev,gold,MQ_BAM_GOLD_20140527_173325
"bucket5$414,:3,:6001",2014-05-27T17:33:00.159900,MQ,CPM,3000,,3000,100.0,ZNE,train,gold,MQ_CPM_GOLD_20140527_173330
"bucket5$415,:3,:6001",2014-05-27T17:32:51.199900,MQ,GBM,3000,,3000,100.0,ZNE,train,gold,MQ_GBM_GOLD_20140527_173321
"bucket9$720,:3,:6001",2014-05-27T17:32:54.269900,MQ,MLM,3000,,3000,100.0,ZNE,dev,gold,MQ_MLM_GOLD_20140527_173324
"bucket5$416,:3,:6001",2014-05-28T00:53:49.169900,MQ,BAM,3000,,3000,100.0,ZNE,train,gold,MQ_BAM_GOLD_20140528_005419
"bucket5$417,:3,:6001",2014-05-28T00:53:44.969900,MQ,CPM,3000,,3000,100.0,ZNE,train,gold,MQ_CPM_GOLD_20140528_005414
"bucket5$418,:3,:6001",2014-05-28T00:53:49.529900,MQ,GBM,3000,,3000,100.0,ZNE,train,gold,MQ_GBM_GOLD_20140528_005419
"bucket9$721,:3,:6001",2014-05-28T00:53:49.170000,MQ,LAM,3000,,3000,100.0,ZNE,dev,gold,MQ_LAM_GOLD_20140528_005419
"bucket5$419,:3,:6001",2014-05-28T04:06:34.110000,MQ,SAM,3000,,3000,100.0,ZNE,train,gold,MQ_SAM_GOLD_20140528_040704
"bucket5$420,:3,:6001",2014-05-28T05:14:52.939900,MQ,BAM,3000,,3000,100.0,ZNE,train,gold,MQ_BAM_GOLD_20140528_051522
"bucket5$421,:3,:6001",2014-05-28T05:14:50.569900,MQ,CPM,3000,,3000,100.0,ZNE,train,gold,MQ_CPM_GOLD_20140528_051520
"bucket5$422,:3,:6001",2014-05-28T05:14:52.809900,MQ,GBM,3000,,3000,100.0,ZNE,train,gold,MQ_GBM_GOLD_20140528_051522
"bucket9$722,:3,:6001",2014-05-28T05:14:52.980000,MQ,LAM,3000,,3000,100.0,ZNE,dev,gold,MQ_LAM_GOLD_20140528_051522
"bucket5$423,:3,:6001",2014-05-28T05:58:10.269900,MQ,BAM,3000,,3000,100.0,ZNE,train,gold,MQ_BAM_GOLD_20140528_055840
"bucket5$424,:3,:6001",2014-05-28T05:58:10.499900,MQ,CPM,3000,,3000,100.0,ZNE,train,gold,MQ_CPM_GOLD_20140528_055840
"bucket6$733,:3,:6001",2014-05-28T05:58:10.149900,MQ,GBM,3000,,3000,100.0,ZNE,test,gold,MQ_GBM_GOLD_20140528_055840
"bucket5$425,:3,:6001",2014-05-28T05:58:09.779900,MQ,MLM,3000,,3000,100.0,ZNE,train,gold,MQ_MLM_GOLD_20140528_055839
"bucket6$734,:3,:6001",2014-05-28T05:58:10.900000,MQ,SAM,3000,3184.0,3000,100.0,ZNE,test,gold,MQ_SAM_GOLD_20140528_055840
"bucket9$723,:3,:6001",2014-05-28T08:10:25.199900,MQ,BAM,3000,,3000,100.0,ZNE,dev,gold,MQ_BAM_GOLD_20140528_081055
"bucket5$426,:3,:6001",2014-05-28T08:10:23.469900,MQ,CPM,3000,,3000,100.0,ZNE,train,gold,MQ_CPM_GOLD_20140528_081053
"bucket5$427,:3,:6001",2014-05-28T08:10:21.389900,MQ,GBM,3000,,3000,100.0,ZNE,train,gold,MQ_GBM_GOLD_20140528_081051
"bucket5$428,:3,:6001",2014-05-28T08:10:17.100000,MQ,SAM,3000,,3000,100.0,ZNE,train,gold,MQ_SAM_GOLD_20140528_081047
"bucket5$429,:3,:6001",2014-05-28T08:22:13.669900,MQ,BAM,3000,,3000,100.0,ZNE,train,gold,MQ_BAM_GOLD_20140528_082243
"bucket5$430,:3,:6001",2014-05-28T08:22:10.179900,MQ,CPM,3000,,3000,100.0,ZNE,train,gold,MQ_CPM_GOLD_20140528_082240
"bucket5$431,:3,:6001",2014-05-28T08:22:10.979900,MQ,GBM,3000,,3000,100.0,ZNE,train,gold,MQ_GBM_GOLD_20140528_082240
"bucket9$724,:3,:6001",2014-05-28T08:22:12.379900,MQ,MLM,3000,,3000,100.0,ZNE,dev,gold,MQ_MLM_GOLD_20140528_082242
"bucket5$432,:3,:6001",2014-05-28T08:22:14.860000,MQ,SAM,3000,3197.0,3000,100.0,ZNE,train,gold,MQ_SAM_GOLD_20140528_082244
"bucket5$433,:3,:6001",2014-05-28T09:23:13.459900,MQ,CPM,3000,,3000,100.0,ZNE,train,gold,MQ_CPM_GOLD_20140528_092343
"bucket5$434,:3,:6001",2014-05-28T09:23:10.139900,MQ,GBM,3000,,3000,100.0,ZNE,train,gold,MQ_GBM_GOLD_20140528_092340
"bucket6$735,:3,:6001",2014-05-28T09:23:07.519900,MQ,MLM,3000,,3000,100.0,ZNE,test,gold,MQ_MLM_GOLD_20140528_092337
"bucket5$435,:3,:6001",2014-05-28T09:23:05.300000,MQ,SAM,3000,,3000,100.0,ZNE,train,gold,MQ_SAM_GOLD_20140528_092335
"bucket9$725,:3,:6001",2014-05-28T09:35:43.609900,MQ,BAM,3000,,3000,100.0,ZNE,dev,gold,MQ_BAM_GOLD_20140528_093613
"bucket5$436,:3,:6001",2014-05-28T09:35:40.879900,MQ,GBM,3000,,3000,100.0,ZNE,train,gold,MQ_GBM_GOLD_20140528_093610
"bucket5$437,:3,:6001",2014-05-28T09:35:40.699900,MQ,MLM,3000,,3000,100.0,ZNE,train,gold,MQ_MLM_GOLD_20140528_093610
"bucket5$438,:3,:6001",2014-05-28T09:35:39.910000,MQ,SAM,3000,3214.0,3000,100.0,ZNE,train,gold,MQ_SAM_GOLD_20140528_093609
"bucket5$439,:3,:6001",2014-05-28T11:00:18.819900,MQ,BAM,3000,,3000,100.0,ZNE,train,gold,MQ_BAM_GOLD_20140528_110048
"bucket9$726,:3,:6001",2014-05-28T11:00:18.189900,MQ,GBM,3000,,3000,100.0,ZNE,dev,gold,MQ_GBM_GOLD_20140528_110048
"bucket6$736,:3,:6001",2014-05-28T11:00:19.719900,MQ,MLM,3000,,3000,100.0,ZNE,test,gold,MQ_MLM_GOLD_20140528_110049
"bucket5$440,:3,:6001",2014-05-28T11:00:18.310000,MQ,SAM,3000,3168.0,3000,100.0,ZNE,train,gold,MQ_SAM_GOLD_20140528_110048
"bucket9$727,:3,:6001",2014-05-28T11:03:03.459900,MQ,BAM,3000,,3000,100.0,ZNE,dev,gold,MQ_BAM_GOLD_20140528_110333
"bucket5$441,:3,:6001",2014-05-28T11:02:57.889900,MQ,CPM,3000,,3000,100.0,ZNE,train,gold,MQ_CPM_GOLD_20140528_110327
"bucket5$442,:3,:6001",2014-05-28T11:03:00.709900,MQ,GBM,3000,,3000,100.0,ZNE,train,gold,MQ_GBM_GOLD_20140528_110330
"bucket5$443,:3,:6001",2014-05-28T11:02:56.510000,MQ,SAM,3000,3002.0,3000,100.0,ZNE,train,gold,MQ_SAM_GOLD_20140528_110326
"bucket5$444,:3,:6001",2014-05-28T11:18:45.339900,MQ,BAM,3000,,3000,100.0,ZNE,train,gold,MQ_BAM_GOLD_20140528_111915
"bucket9$728,:3,:6001",2014-05-28T11:18:49.749900,MQ,CPM,3000,,3000,100.0,ZNE,dev,gold,MQ_CPM_GOLD_20140528_111919
"bucket5$445,:3,:6001",2014-05-28T11:18:43.479900,MQ,GBM,3000,,3000,100.0,ZNE,train,gold,MQ_GBM_GOLD_20140528_111913
"bucket5$446,:3,:6001",2014-05-28T11:18:45.359900,MQ,MLM,3000,,3000,100.0,ZNE,train,gold,MQ_MLM_GOLD_20140528_111915
"bucket5$447,:3,:6001",2014-05-28T11:32:31.999900,MQ,BAM,3000,,3000,100.0,ZNE,train,gold,MQ_BAM_GOLD_20140528_113301
"bucket5$448,:3,:6001",2014-05-28T11:32:31.439900,MQ,CPM,3000,,3000,100.0,ZNE,train,gold,MQ_CPM_GOLD_20140528_113301
"bucket5$449,:3,:6001",2014-05-28T11:32:35.629900,MQ,GBM,3000,,3000,100.0,ZNE,train,gold,MQ_GBM_GOLD_20140528_113305
"bucket5$450,:3,:6001",2014-05-28T11:32:27.689900,MQ,MLM,3000,,3000,100.0,ZNE,train,gold,MQ_MLM_GOLD_20140528_113257
"bucket5$451,:3,:6001",2014-05-28T12:02:37.469900,MQ,CPM,3000,,3000,100.0,ZNE,train,gold,MQ_CPM_GOLD_20140528_120307
"bucket9$729,:3,:6001",2014-05-28T12:02:36.479900,MQ,GBM,3000,,3000,100.0,ZNE,dev,gold,MQ_GBM_GOLD_20140528_120306
"bucket5$452,:3,:6001",2014-05-28T12:02:41.069900,MQ,MLM,3000,,3000,100.0,ZNE,train,gold,MQ_MLM_GOLD_20140528_120311
"bucket9$730,:3,:6001",2014-05-28T12:02:43.470000,MQ,SAM,3000,3194.0,3000,100.0,ZNE,dev,gold,MQ_SAM_GOLD_20140528_120313
"bucket5$453,:3,:6001",2014-05-28T12:31:13.769900,MQ,BAM,3000,,3000,100.0,ZNE,train,gold,MQ_BAM_GOLD_20140528_123143
"bucket5$454,:3,:6001",2014-05-28T12:31:20.829900,MQ,CPM,3000,,3000,100.0,ZNE,train,gold,MQ_CPM_GOLD_20140528_123150
"bucket5$455,:3,:6001",2014-05-28T12:31:18.099900,MQ,GBM,3000,,3000,100.0,ZNE,train,gold,MQ_GBM_GOLD_20140528_123148
"bucket6$737,:3,:6001",2014-05-28T12:31:17.380000,MQ,LAM,3000,,3000,100.0,ZNE,test,gold,MQ_LAM_GOLD_20140528_123147
"bucket5$456,:3,:6001",2014-05-28T12:43:25.709900,MQ,BAM,3000,,3000,100.0,ZNE,train,gold,MQ_BAM_GOLD_20140528_124355
"bucket5$457,:3,:6001",2014-05-28T12:43:24.729900,MQ,CPM,3000,,3000,100.0,ZNE,train,gold,MQ_CPM_GOLD_20140528_124354
"bucket5$458,:3,:6001",2014-05-28T12:43:24.629900,MQ,GBM,3000,,3000,100.0,ZNE,train,gold,MQ_GBM_GOLD_20140528_124354
"bucket5$459,:3,:6001",2014-05-28T12:43:24.309900,MQ,MLM,3000,,3000,100.0,ZNE,train,gold,MQ_MLM_GOLD_20140528_124354
"bucket5$460,:3,:6001",2014-05-28T13:20:03.529900,MQ,BAM,3000,,3000,100.0,ZNE,train,gold,MQ_BAM_GOLD_20140528_132033
"bucket5$461,:3,:6001",2014-05-28T13:20:05.059900,MQ,CPM,3000,,3000,100.0,ZNE,train,gold,MQ_CPM_GOLD_20140528_132035
"bucket5$462,:3,:6001",2014-05-28T13:20:04.689900,MQ,GBM,3000,,3000,100.0,ZNE,train,gold,MQ_GBM_GOLD_20140528_132034
"bucket5$463,:3,:6001",2014-05-28T13:20:03.930000,MQ,SAM,3000,3174.0,3000,100.0,ZNE,train,gold,MQ_SAM_GOLD_20140528_132033
"bucket5$464,:3,:6001",2014-05-28T13:36:12.779900,MQ,BAM,3000,,3000,100.0,ZNE,train,gold,MQ_BAM_GOLD_20140528_133642
"bucket5$465,:3,:6001",2014-05-28T13:36:07.809900,MQ,CPM,3000,,3000,100.0,ZNE,train,gold,MQ_CPM_GOLD_20140528_133637
"bucket5$466,:3,:6001",2014-05-28T13:36:16,MQ,LAM,3000,,3000,100.0,ZNE,train,gold,MQ_LAM_GOLD_20140528_133646
"bucket5$467,:3,:6001",2014-05-28T13:36:10.939900,MQ,MLM,3000,,3000,100.0,ZNE,train,gold,MQ_MLM_GOLD_20140528_133640
"bucket5$468,:3,:6001",2014-05-28T13:43:11.139900,MQ,BAM,3000,,3000,100.0,ZNE,train,gold,MQ_BAM_GOLD_20140528_134341
"bucket5$469,:3,:6001",2014-05-28T13:43:16.009900,MQ,CPM,3000,,3000,100.0,ZNE,train,gold,MQ_CPM_GOLD_20140528_134346
"bucket5$470,:3,:6001",2014-05-28T13:43:18.419900,MQ,GBM,3000,,3000,100.0,ZNE,train,gold,MQ_GBM_GOLD_20140528_134348
"bucket9$731,:3,:6001",2014-05-28T13:43:14.289900,MQ,MLM,3000,,3000,100.0,ZNE,dev,gold,MQ_MLM_GOLD_20140528_134344
"bucket5$471,:3,:6001",2014-05-28T13:55:06.409900,MQ,BAM,3000,,3000,100.0,ZNE,train,gold,MQ_BAM_GOLD_20140528_135536
"bucket5$472,:3,:6001",2014-05-28T13:55:02.359900,MQ,CPM,3000,,3000,100.0,ZNE,train,gold,MQ_CPM_GOLD_20140528_135532
"bucket9$732,:3,:6001",2014-05-28T13:55:04.609900,MQ,GBM,3000,,3000,100.0,ZNE,dev,gold,MQ_GBM_GOLD_20140528_135534
"bucket5$473,:3,:6001",2014-05-28T13:55:03.389900,MQ,MLM,3000,,3000,100.0,ZNE,train,gold,MQ_MLM_GOLD_20140528_135533
"bucket5$474,:3,:6001",2014-05-28T14:00:25.119900,MQ,BAM,3000,,3000,100.0,ZNE,train,gold,MQ_BAM_GOLD_20140528_140055
"bucket5$475,:3,:6001",2014-05-28T14:00:26.739900,MQ,CPM,3000,,3000,100.0,ZNE,train,gold,MQ_CPM_GOLD_20140528_140056
"bucket5$476,:3,:6001",2014-05-28T14:00:28.709900,MQ,GBM,3000,,3000,100.0,ZNE,train,gold,MQ_GBM_GOLD_20140528_140058
"bucket5$477,:3,:6001",2014-05-28T14:00:31.399900,MQ,MLM,3000,,3000,100.0,ZNE,train,gold,MQ_MLM_GOLD_20140528_140101
"bucket5$478,:3,:6001",2014-05-28T14:47:53.609900,MQ,BAM,3000,,3000,100.0,ZNE,train,gold,MQ_BAM_GOLD_20140528_144823
"bucket5$479,:3,:6001",2014-05-28T14:47:58.749900,MQ,CPM,3000,,3000,100.0,ZNE,train,gold,MQ_CPM_GOLD_20140528_144828
"bucket5$480,:3,:6001",2014-05-28T14:47:53.119900,MQ,GBM,3000,,3000,100.0,ZNE,train,gold,MQ_GBM_GOLD_20140528_144823
"bucket5$481,:3,:6001",2014-05-28T14:47:57.990000,MQ,LAM,3000,,3000,100.0,ZNE,train,gold,MQ_LAM_GOLD_20140528_144827
"bucket5$482,:3,:6001",2014-05-28T16:18:58.199900,MQ,BAM,3000,,3000,100.0,ZNE,train,gold,MQ_BAM_GOLD_20140528_161928
"bucket6$738,:3,:6001",2014-05-28T16:18:57.039900,MQ,GBM,3000,,3000,100.0,ZNE,test,gold,MQ_GBM_GOLD_20140528_161927
"bucket5$483,:3,:6001",2014-05-28T16:19:01.239900,MQ,MLM,3000,,3000,100.0,ZNE,train,gold,MQ_MLM_GOLD_20140528_161931
"bucket5$484,:3,:6001",2014-05-28T16:18:54.140000,MQ,SAM,3000,,3000,100.0,ZNE,train,gold,MQ_SAM_GOLD_20140528_161924
"bucket5$485,:3,:6001",2014-05-28T16:31:38.279900,MQ,BAM,3000,,3000,100.0,ZNE,train,gold,MQ_BAM_GOLD_20140528_163208
"bucket5$486,:3,:6001",2014-05-28T16:31:35.009900,MQ,GBM,3000,,3000,100.0,ZNE,train,gold,MQ_GBM_GOLD_20140528_163205
"bucket6$739,:3,:6001",2014-05-28T16:31:30.099900,MQ,MLM,3000,,3000,100.0,ZNE,test,gold,MQ_MLM_GOLD_20140528_163200
"bucket5$487,:3,:6001",2014-05-28T16:31:37.230000,MQ,SAM,3000,3140.0,3000,100.0,ZNE,train,gold,MQ_SAM_GOLD_20140528_163207
"bucket5$488,:3,:6001",2014-05-28T16:36:58.749900,MQ,BAM,3000,,3000,100.0,ZNE,train,gold,MQ_BAM_GOLD_20140528_163728
"bucket5$489,:3,:6001",2014-05-28T16:36:59.339900,MQ,GBM,3000,,3000,100.0,ZNE,train,gold,MQ_GBM_GOLD_20140528_163729
"bucket5$490,:3,:6001",2014-05-28T16:36:57.479900,MQ,MLM,3000,,3000,100.0,ZNE,train,gold,MQ_MLM_GOLD_20140528_163727
"bucket5$491,:3,:6001",2014-05-28T16:37:01.400000,MQ,SAM,3000,3232.0,3000,100.0,ZNE,train,gold,MQ_SAM_GOLD_20140528_163731
"bucket6$740,:3,:6001",2014-05-28T19:55:23.170000,MQ,SAM,3000,3187.0,3000,100.0,ZNE,test,gold,MQ_SAM_GOLD_20140528_195553
"bucket6$741,:3,:6001",2014-05-28T21:19:09.720000,MQ,BAM,2999,,2999,100.0,ZNE,test,gold,MQ_BAM_GOLD_20140528_211939
"bucket5$492,:3,:6001",2014-05-28T21:19:11.920000,MQ,GBM,2999,,2999,100.0,ZNE,train,gold,MQ_GBM_GOLD_20140528_211941
"bucket5$493,:3,:6001",2014-05-28T21:19:08.660000,MQ,MLM,2999,,2999,100.0,ZNE,train,gold,MQ_MLM_GOLD_20140528_211938
"bucket5$494,:3,:6001",2014-05-28T21:19:10.210000,MQ,SAM,3000,3163.0,3000,100.0,ZNE,train,gold,MQ_SAM_GOLD_20140528_211940
"bucket5$495,:3,:6001",2014-05-28T21:19:53.150000,MQ,BAM,2999,,2999,100.0,ZNE,train,gold,MQ_BAM_GOLD_20140528_212023
"bucket6$742,:3,:6001",2014-05-28T21:19:59.400000,MQ,CPM,2999,,2999,100.0,ZNE,test,gold,MQ_CPM_GOLD_20140528_212029
"bucket5$496,:3,:6001",2014-05-28T21:19:56.630000,MQ,GBM,2999,,2999,100.0,ZNE,train,gold,MQ_GBM_GOLD_20140528_212026
"bucket5$497,:3,:6001",2014-05-28T21:19:56.510000,MQ,LAM,3000,3174.0,3000,100.0,ZNE,train,gold,MQ_LAM_GOLD_20140528_212026
"bucket5$498,:3,:6001",2014-05-28T21:19:59.270000,MQ,MLM,2999,,2999,100.0,ZNE,train,gold,MQ_MLM_GOLD_20140528_212029
"bucket5$499,:3,:6001",2014-05-28T21:21:58.730000,MQ,BAM,2999,,2999,100.0,ZNE,train,gold,MQ_BAM_GOLD_20140528_212228
"bucket5$500,:3,:6001",2014-05-28T21:21:56.040000,MQ,CPM,2999,,2999,100.0,ZNE,train,gold,MQ_CPM_GOLD_20140528_212226
"bucket5$501,:3,:6001",2014-05-28T21:22:01.960000,MQ,GBM,2999,,2999,100.0,ZNE,train,gold,MQ_GBM_GOLD_20140528_212231
"bucket6$743,:3,:6001",2014-05-28T21:22:01.240000,MQ,LAM,3000,3163.0,3000,100.0,ZNE,test,gold,MQ_LAM_GOLD_20140528_212231
"bucket6$744,:3,:6001",2014-05-28T21:21:58.510000,MQ,MLM,2999,,2999,100.0,ZNE,test,gold,MQ_MLM_GOLD_20140528_212228
"bucket5$502,:3,:6001",2014-05-28T21:22:26.460000,MQ,BAM,2999,,2999,100.0,ZNE,train,gold,MQ_BAM_GOLD_20140528_212256
"bucket5$503,:3,:6001",2014-05-28T21:22:31.810000,MQ,CPM,2999,,2999,100.0,ZNE,train,gold,MQ_CPM_GOLD_20140528_212301
"bucket5$504,:3,:6001",2014-05-28T21:22:30.060000,MQ,GBM,2999,,2999,100.0,ZNE,train,gold,MQ_GBM_GOLD_20140528_212300
"bucket5$505,:3,:6001",2014-05-28T21:22:29.650000,MQ,LAM,3000,3301.0,3000,100.0,ZNE,train,gold,MQ_LAM_GOLD_20140528_212259
"bucket9$733,:3,:6001",2014-05-28T21:22:32.060000,MQ,SAM,3000,3125.0,3000,100.0,ZNE,dev,gold,MQ_SAM_GOLD_20140528_212302
"bucket5$506,:3,:6001",2014-05-28T21:26:44.750000,MQ,BAM,2999,,2999,100.0,ZNE,train,gold,MQ_BAM_GOLD_20140528_212714
"bucket5$507,:3,:6001",2014-05-28T21:26:44.940000,MQ,GBM,2999,,2999,100.0,ZNE,train,gold,MQ_GBM_GOLD_20140528_212714
"bucket5$508,:3,:6001",2014-05-28T21:26:48.260000,MQ,LAM,3000,3102.0,3000,100.0,ZNE,train,gold,MQ_LAM_GOLD_20140528_212718
"bucket9$734,:3,:6001",2014-05-28T21:26:44.620000,MQ,MLM,2999,,2999,100.0,ZNE,dev,gold,MQ_MLM_GOLD_20140528_212714
"bucket5$509,:3,:6001",2014-05-28T21:27:17.240000,MQ,BAM,2999,,2999,100.0,ZNE,train,gold,MQ_BAM_GOLD_20140528_212747
"bucket5$510,:3,:6001",2014-05-28T21:27:11.100000,MQ,CPM,2999,,2999,100.0,ZNE,train,gold,MQ_CPM_GOLD_20140528_212741
"bucket5$511,:3,:6001",2014-05-28T21:27:12.040000,MQ,GBM,2999,,2999,100.0,ZNE,train,gold,MQ_GBM_GOLD_20140528_212742
"bucket5$512,:3,:6001",2014-05-28T21:27:17.020000,MQ,SAM,3000,3107.0,3000,100.0,ZNE,train,gold,MQ_SAM_GOLD_20140528_212747
"bucket5$513,:3,:6001",2014-05-28T21:28:50.260000,MQ,BAM,2999,,2999,100.0,ZNE,train,gold,MQ_BAM_GOLD_20140528_212920
"bucket5$514,:3,:6001",2014-05-28T21:28:54,MQ,CPM,2999,,2999,100.0,ZNE,train,gold,MQ_CPM_GOLD_20140528_212923
"bucket5$515,:3,:6001",2014-05-28T21:28:48.830000,MQ,GBM,2999,,2999,100.0,ZNE,train,gold,MQ_GBM_GOLD_20140528_212918
"bucket5$516,:3,:6001",2014-05-28T21:28:52.470000,MQ,LAM,3000,3158.0,3000,100.0,ZNE,train,gold,MQ_LAM_GOLD_20140528_212922
"bucket5$517,:3,:6001",2014-05-28T21:28:54.670000,MQ,SAM,3000,3313.0,3000,100.0,ZNE,train,gold,MQ_SAM_GOLD_20140528_212924
"bucket5$518,:3,:6001",2014-05-28T21:29:38.180000,MQ,BAM,2999,,2999,100.0,ZNE,train,gold,MQ_BAM_GOLD_20140528_213008
"bucket5$519,:3,:6001",2014-05-28T21:29:35.850000,MQ,CPM,2999,,2999,100.0,ZNE,train,gold,MQ_CPM_GOLD_20140528_213005
"bucket9$735,:3,:6001",2014-05-28T21:29:39.700000,MQ,GBM,2999,,2999,100.0,ZNE,dev,gold,MQ_GBM_GOLD_20140528_213009
"bucket5$520,:3,:6001",2014-05-28T21:29:35.030000,MQ,LAM,3000,3151.0,3000,100.0,ZNE,train,gold,MQ_LAM_GOLD_20140528_213005
"bucket5$521,:3,:6001",2014-05-28T21:29:35.170000,MQ,MLM,2999,,2999,100.0,ZNE,train,gold,MQ_MLM_GOLD_20140528_213005
"bucket5$522,:3,:6001",2014-05-28T21:30:43.790000,MQ,BAM,2999,,2999,100.0,ZNE,train,gold,MQ_BAM_GOLD_20140528_213113
"bucket9$736,:3,:6001",2014-05-28T21:30:41.690000,MQ,CPM,2999,,2999,100.0,ZNE,dev,gold,MQ_CPM_GOLD_20140528_213111
"bucket6$745,:3,:6001",2014-05-28T21:30:40.190000,MQ,GBM,2999,,2999,100.0,ZNE,test,gold,MQ_GBM_GOLD_20140528_213110
"bucket5$523,:3,:6001",2014-05-28T21:30:44.580000,MQ,LAM,3000,3126.0,3000,100.0,ZNE,train,gold,MQ_LAM_GOLD_20140528_213114
"bucket5$524,:3,:6001",2014-05-28T21:30:46.420000,MQ,MLM,2999,,2999,100.0,ZNE,train,gold,MQ_MLM_GOLD_20140528_213116
"bucket5$525,:3,:6001",2014-05-28T21:30:40.250000,MQ,SAM,3000,,3000,100.0,ZNE,train,gold,MQ_SAM_GOLD_20140528_213110
"bucket9$737,:3,:6001",2014-05-28T21:33:10.120000,MQ,CPM,2999,,2999,100.0,ZNE,dev,gold,MQ_CPM_GOLD_20140528_213340
"bucket5$526,:3,:6001",2014-05-28T21:33:13.920000,MQ,GBM,2999,,2999,100.0,ZNE,train,gold,MQ_GBM_GOLD_20140528_213343
"bucket9$738,:3,:6001",2014-05-28T21:33:14.440000,MQ,LAM,3000,3126.0,3000,100.0,ZNE,dev,gold,MQ_LAM_GOLD_20140528_213344
"bucket5$527,:3,:6001",2014-05-28T21:33:14.440000,MQ,MLM,2999,,2999,100.0,ZNE,train,gold,MQ_MLM_GOLD_20140528_213344
"bucket5$528,:3,:6001",2014-05-30T05:32:39.560000,MQ,BAM,3000,,3000,100.0,ZNE,train,gold,MQ_BAM_GOLD_20140530_053309
"bucket5$529,:3,:6001",2014-05-30T05:32:39.770000,MQ,CPM,3000,,3000,100.0,ZNE,train,gold,MQ_CPM_GOLD_20140530_053309
"bucket5$530,:3,:6001",2014-05-30T05:32:39.780000,MQ,LAM,3000,3019.0,3000,100.0,ZNE,train,gold,MQ_LAM_GOLD_20140530_053309
"bucket5$531,:3,:6001",2014-05-30T05:32:43.180000,MQ,MLM,3000,,3000,100.0,ZNE,train,gold,MQ_MLM_GOLD_20140530_053313
"bucket5$532,:3,:6001",2014-05-30T07:56:07.810000,MQ,SAM,3000,,3000,100.0,ZNE,train,gold,MQ_SAM_GOLD_20140530_075637
"bucket6$746,:3,:6001",2014-05-30T08:20:43.270000,MQ,BAM,3000,,3000,100.0,ZNE,test,gold,MQ_BAM_GOLD_20140530_082113
"bucket5$533,:3,:6001",2014-05-30T08:20:40.850000,MQ,CPM,3000,,3000,100.0,ZNE,train,gold,MQ_CPM_GOLD_20140530_082110
"bucket5$534,:3,:6001",2014-05-30T08:20:41.340000,MQ,GBM,3000,,3000,100.0,ZNE,train,gold,MQ_GBM_GOLD_20140530_082111
"bucket5$535,:3,:6001",2014-05-30T08:20:38.080000,MQ,MLM,3000,,3000,100.0,ZNE,train,gold,MQ_MLM_GOLD_20140530_082108
"bucket5$536,:3,:6001",2014-05-30T08:39:09.030000,MQ,BAM,3000,,3000,100.0,ZNE,train,gold,MQ_BAM_GOLD_20140530_083939
"bucket6$747,:3,:6001",2014-05-30T08:39:06.900000,MQ,CPM,3000,,3000,100.0,ZNE,test,gold,MQ_CPM_GOLD_20140530_083936
"bucket9$739,:3,:6001",2014-05-30T08:39:07.480000,MQ,GBM,3000,,3000,100.0,ZNE,dev,gold,MQ_GBM_GOLD_20140530_083937
"bucket5$537,:3,:6001",2014-05-30T08:39:09.080000,MQ,MLM,3000,,3000,100.0,ZNE,train,gold,MQ_MLM_GOLD_20140530_083939
"bucket6$748,:3,:6001",2014-05-30T09:05:32.690000,MQ,BAM,3000,,3000,100.0,ZNE,test,gold,MQ_BAM_GOLD_20140530_090602
"bucket5$538,:3,:6001",2014-05-30T09:05:33.720000,MQ,CPM,3000,,3000,100.0,ZNE,train,gold,MQ_CPM_GOLD_20140530_090603
"bucket5$539,:3,:6001",2014-05-30T09:05:30.880000,MQ,GBM,3000,,3000,100.0,ZNE,train,gold,MQ_GBM_GOLD_20140530_090600
"bucket5$540,:3,:6001",2014-05-30T09:05:32.970000,MQ,SAM,3000,,3000,100.0,ZNE,train,gold,MQ_SAM_GOLD_20140530_090602
"bucket5$541,:3,:6001",2014-05-30T09:26:30.430000,MQ,BAM,3000,,3000,100.0,ZNE,train,gold,MQ_BAM_GOLD_20140530_092700
"bucket5$542,:3,:6001",2014-05-30T09:26:29.390000,MQ,GBM,3000,,3000,100.0,ZNE,train,gold,MQ_GBM_GOLD_20140530_092659
"bucket5$543,:3,:6001",2014-05-30T09:26:27.630000,MQ,MLM,3000,,3000,100.0,ZNE,train,gold,MQ_MLM_GOLD_20140530_092657
"bucket5$544,:3,:6001",2014-05-30T09:26:25.790000,MQ,SAM,3000,,3000,100.0,ZNE,train,gold,MQ_SAM_GOLD_20140530_092655
"bucket6$749,:3,:6001",2014-05-30T12:39:37.870000,MQ,BAM,3000,,3000,100.0,ZNE,test,gold,MQ_BAM_GOLD_20140530_124007
"bucket5$545,:3,:6001",2014-05-30T12:39:41.760000,MQ,GBM,3000,,3000,100.0,ZNE,train,gold,MQ_GBM_GOLD_20140530_124011
"bucket5$546,:3,:6001",2014-05-30T12:39:47.280000,MQ,MLM,3000,,3000,100.0,ZNE,train,gold,MQ_MLM_GOLD_20140530_124017
"bucket6$750,:3,:6001",2014-05-30T12:39:43.520000,MQ,SAM,3000,,3000,100.0,ZNE,test,gold,MQ_SAM_GOLD_20140530_124013
"bucket6$751,:3,:6001",2014-05-30T12:51:24.060000,MQ,CPM,3000,,3000,100.0,ZNE,test,gold,MQ_CPM_GOLD_20140530_125154
"bucket6$752,:3,:6001",2014-05-30T12:51:21.990000,MQ,GBM,3000,,3000,100.0,ZNE,test,gold,MQ_GBM_GOLD_20140530_125151
"bucket5$547,:3,:6001",2014-05-30T12:51:23.080000,MQ,MLM,3000,,3000,100.0,ZNE,train,gold,MQ_MLM_GOLD_20140530_125153
"bucket5$548,:3,:6001",2014-05-30T12:51:24.430000,MQ,SAM,3000,,3000,100.0,ZNE,train,gold,MQ_SAM_GOLD_20140530_125154
"bucket5$549,:3,:6001",2014-05-30T12:55:53.340000,MQ,CPM,3000,,3000,100.0,ZNE,train,gold,MQ_CPM_GOLD_20140530_125623
"bucket6$753,:3,:6001",2014-05-30T12:55:48.960000,MQ,GBM,3000,,3000,100.0,ZNE,test,gold,MQ_GBM_GOLD_20140530_125618
"bucket5$550,:3,:6001",2014-05-30T12:55:53.160000,MQ,MLM,3000,,3000,100.0,ZNE,train,gold,MQ_MLM_GOLD_20140530_125623
"bucket5$551,:3,:6001",2014-05-30T12:55:53.880000,MQ,SAM,3000,3149.0,3000,100.0,ZNE,train,gold,MQ_SAM_GOLD_20140530_125623
"bucket5$552,:3,:6001",2014-05-31T08:25:02.780000,MQ,BAM,3000,,3000,100.0,ZNE,train,gold,MQ_BAM_GOLD_20140531_082532
"bucket5$553,:3,:6001",2014-05-31T08:25:03.230000,MQ,CPM,3000,,3000,100.0,ZNE,train,gold,MQ_CPM_GOLD_20140531_082533
"bucket5$554,:3,:6001",2014-05-31T08:25:02.890000,MQ,GBM,3000,,3000,100.0,ZNE,train,gold,MQ_GBM_GOLD_20140531_082532
"bucket5$555,:3,:6001",2014-05-31T08:25:03.250000,MQ,MLM,3000,,3000,100.0,ZNE,train,gold,MQ_MLM_GOLD_20140531_082533
