index,trace_name,trace_start_time,station_network_code,station_code,station_latitude_deg,station_longitude_deg,station_elevation_m,trace_p_arrival_sample,trace_s_arrival_sample,center_sample,trace_sampling_rate_hz,trace_component_order,split,trace_name_original,trace_chunk
0,"bucket1$0,:3,:6001",2014-03-03T08:29:03.270000,MQ,LAM,14.81292,-61.16314,1240.0,1336.0,1373.0,1336,100.0,ZNE,dev,"bucket0$0,:3,:6001",
1,"bucket0$0,:3,:6001",2014-03-03T08:28:31.449900,MQ,GBM,14.799451,-61.159276,800.0,4519.0,,4519,100.0,ZNE,train,"bucket1$0,:3,:6001",
2,"bucket0$1,:3,:6001",2014-03-03T08:28:35.930000,MQ,IA2,14.80307,-61.20515,289.0,4080.0,4134.0,4080,100.0,ZNE,train,"bucket1$1,:3,:6001",
3,"bucket1$1,:3,:6001",2014-03-03T08:28:43.549900,MQ,BAM,14.8171,-61.1445,670.0,3349.0,,3349,100.0,ZNE,dev,"bucket0$1,:3,:6001",
4,"bucket0$2,:3,:6001",2014-03-03T08:28:34.739900,MQ,MLM,14.7846,-61.1786,370.0,4236.0,,4236,100.0,ZNE,train,"bucket1$2,:3,:6001",
5,"bucket0$3,:3,:6001",2014-03-04T02:19:54.020000,MQ,LAM,14.81292,-61.16314,1240.0,1018.0,1066.0,1018,100.0,ZNE,train,"bucket1$3,:3,:6001",
6,"bucket0$4,:3,:6001",2014-03-04T02:19:36.489900,MQ,BAM,14.8171,-61.1445,670.0,2807.0,,2807,100.0,ZNE,train,"bucket1$4,:3,:6001",
7,"bucket0$5,:3,:6001",2014-03-04T02:19:23.889900,MQ,GBM,14.799451,-61.159276,800.0,4077.0,,4077,100.0,ZNE,train,"bucket1$5,:3,:6001",
8,"bucket0$6,:3,:6001",2014-03-04T03:21:29.309900,MQ,GBM,14.799451,-61.159276,800.0,4736.0,,4736,100.0,ZNE,train,"bucket1$6,:3,:6001",
9,"bucket0$7,:3,:6001",2014-03-04T03:21:59.860000,MQ,LAM,14.81292,-61.16314,1240.0,1685.0,1705.0,1685,100.0,ZNE,train,"bucket1$7,:3,:6001",
10,"bucket0$8,:3,:6001",2014-03-04T03:21:55.550000,MQ,IA2,14.80307,-61.20515,289.0,2142.0,2172.0,2142,100.0,ZNE,train,"bucket1$8,:3,:6001",
11,"bucket1$2,:3,:6001",2014-03-04T03:22:02.629900,MQ,BAM,14.8171,-61.1445,670.0,1445.0,,1445,100.0,ZNE,dev,"bucket0$2,:3,:6001",
12,"bucket0$9,:3,:6001",2014-03-04T04:12:01.490000,MQ,LAM,14.81292,-61.16314,1240.0,771.0,822.0,771,100.0,ZNE,train,"bucket1$9,:3,:6001",
13,"bucket0$10,:3,:6001",2014-03-04T04:11:30.009900,MQ,GBM,14.799451,-61.159276,800.0,3924.0,4021.0,3924,100.0,ZNE,train,"bucket1$10,:3,:6001",
14,"bucket3$0,:3,:6001",2014-03-04T04:11:54.189900,MQ,BAM,14.8171,-61.1445,670.0,1532.0,1624.0,1532,100.0,ZNE,test,"bucket2$0,:3,:6001",
15,"bucket0$11,:3,:6001",2014-03-04T04:20:39.199900,MQ,GBM,14.799451,-61.159276,800.0,1321.0,,1321,100.0,ZNE,train,"bucket1$11,:3,:6001",
16,"bucket3$1,:3,:6001",2014-03-04T04:20:24.370000,MQ,LAM,14.81292,-61.16314,1240.0,2808.0,2861.0,2808,100.0,ZNE,test,"bucket2$1,:3,:6001",
17,"bucket0$12,:3,:6001",2014-03-04T04:20:07.339900,MQ,BAM,14.8171,-61.1445,670.0,4573.0,,4573,100.0,ZNE,train,"bucket1$12,:3,:6001",
18,"bucket0$13,:3,:6001",2014-03-04T04:24:12.899900,MQ,BAM,14.8171,-61.1445,670.0,2313.0,,2313,100.0,ZNE,train,"bucket1$13,:3,:6001",
19,"bucket0$14,:3,:6001",2014-03-04T04:24:25.949900,MQ,GBM,14.799451,-61.159276,800.0,1021.0,,1021,100.0,ZNE,train,"bucket1$14,:3,:6001",
20,"bucket0$15,:3,:6001",2014-03-04T04:23:50.120000,MQ,LAM,14.81292,-61.16314,1240.0,4607.0,4643.0,4607,100.0,ZNE,train,"bucket1$15,:3,:6001",
21,"bucket0$16,:3,:6001",2014-03-04T04:24:26.760000,MQ,IA2,14.80307,-61.20515,289.0,978.0,1103.0,978,100.0,ZNE,train,"bucket1$16,:3,:6001",
22,"bucket0$17,:3,:6001",2014-03-04T06:22:33.900000,MQ,LAM,14.81292,-61.16314,1240.0,3858.0,3924.0,3858,100.0,ZNE,train,"bucket1$17,:3,:6001",
23,"bucket0$18,:3,:6001",2014-03-04T06:22:54.779900,MQ,GBM,14.799451,-61.159276,800.0,1776.0,,1776,100.0,ZNE,train,"bucket1$18,:3,:6001",
24,"bucket3$2,:3,:6001",2014-03-04T06:22:21.380000,MQ,IA2,14.80307,-61.20515,289.0,5171.0,5255.0,5171,100.0,ZNE,test,"bucket2$2,:3,:6001",
25,"bucket0$19,:3,:6001",2014-03-04T07:16:00.900000,MQ,LAM,14.81292,-61.16314,1240.0,5021.0,5052.0,5021,100.0,ZNE,train,"bucket1$19,:3,:6001",
26,"bucket0$20,:3,:6001",2014-03-04T07:16:13.879900,MQ,GBM,14.799451,-61.159276,800.0,3728.0,,3728,100.0,ZNE,train,"bucket1$20,:3,:6001",
27,"bucket0$21,:3,:6001",2014-03-04T07:16:09.009900,MQ,BAM,14.8171,-61.1445,670.0,4240.0,,4240,100.0,ZNE,train,"bucket1$21,:3,:6001",
28,"bucket3$3,:3,:6001",2014-03-04T07:16:38.980000,MQ,IA2,14.80307,-61.20515,289.0,1273.0,,1273,100.0,ZNE,test,"bucket2$3,:3,:6001",
29,"bucket0$22,:3,:6001",2014-03-04T08:16:51.479900,MQ,GBM,14.799451,-61.159276,800.0,2955.0,,2955,100.0,ZNE,train,"bucket1$22,:3,:6001",
30,"bucket0$23,:3,:6001",2014-03-04T08:17:15.580000,MQ,LAM,14.81292,-61.16314,1240.0,548.0,581.0,548,100.0,ZNE,train,"bucket1$23,:3,:6001",
31,"bucket0$24,:3,:6001",2014-03-04T08:16:48.929900,MQ,BAM,14.8171,-61.1445,670.0,3242.0,,3242,100.0,ZNE,train,"bucket1$24,:3,:6001",
32,"bucket0$25,:3,:6001",2014-03-04T08:17:03.330000,MQ,IA2,14.80307,-61.20515,289.0,1834.0,1934.0,1834,100.0,ZNE,train,"bucket1$25,:3,:6001",
33,"bucket0$26,:3,:6001",2014-03-04T22:24:52.670000,MQ,LAM,14.81292,-61.16314,1240.0,4685.0,4755.0,4685,100.0,ZNE,train,"bucket1$26,:3,:6001",
34,"bucket0$27,:3,:6001",2014-03-04T22:25:06.829900,MQ,BAM,14.8171,-61.1445,670.0,3283.0,,3283,100.0,ZNE,train,"bucket1$27,:3,:6001",
35,"bucket0$28,:3,:6001",2014-03-04T22:25:23.799900,MQ,GBM,14.799451,-61.159276,800.0,1604.0,,1604,100.0,ZNE,train,"bucket1$28,:3,:6001",
36,"bucket0$29,:3,:6001",2014-03-04T22:25:26.590000,MQ,IA2,14.80307,-61.20515,289.0,1387.0,1450.0,1387,100.0,ZNE,train,"bucket1$29,:3,:6001",
37,"bucket0$30,:3,:6001",2014-03-04T23:29:23.199900,MQ,GBM,14.799451,-61.159276,800.0,824.0,,824,100.0,ZNE,train,"bucket1$30,:3,:6001",
38,"bucket0$31,:3,:6001",2014-03-04T23:29:13.980000,MQ,LAM,14.81292,-61.16314,1240.0,1748.0,1798.0,1748,100.0,ZNE,train,"bucket1$31,:3,:6001",
39,"bucket0$32,:3,:6001",2014-03-04T23:29:25.859900,MQ,BAM,14.8171,-61.1445,670.0,595.0,,595,100.0,ZNE,train,"bucket1$32,:3,:6001",
40,"bucket0$33,:3,:6001",2014-03-04T23:28:59.200000,MQ,IA2,14.80307,-61.20515,289.0,3303.0,3421.0,3303,100.0,ZNE,train,"bucket1$33,:3,:6001",
41,"bucket0$34,:3,:6001",2014-03-05T00:33:48.619900,MQ,GBM,14.799451,-61.159276,800.0,3779.0,4208.0,3779,100.0,ZNE,train,"bucket1$34,:3,:6001",
42,"bucket0$35,:3,:6001",2014-03-05T00:34:09.660000,MQ,IA2,14.80307,-61.20515,289.0,1757.0,2102.0,1757,100.0,ZNE,train,"bucket1$35,:3,:6001",
43,"bucket3$4,:3,:6001",2014-03-05T00:33:43.279900,MQ,BAM,14.8171,-61.1445,670.0,4494.0,4820.0,4494,100.0,ZNE,test,"bucket2$4,:3,:6001",
44,"bucket0$36,:3,:6001",2014-03-05T00:33:49.510000,MQ,LAM,14.81292,-61.16314,1240.0,3904.0,4099.0,3904,100.0,ZNE,train,"bucket1$36,:3,:6001",
45,"bucket1$3,:3,:6001",2014-03-05T03:56:26.419900,MQ,GBM,14.799451,-61.159276,800.0,1093.0,,1093,100.0,ZNE,dev,"bucket0$3,:3,:6001",
46,"bucket0$37,:3,:6001",2014-03-05T03:56:05.270000,MQ,IA2,14.80307,-61.20515,289.0,3208.0,3361.0,3208,100.0,ZNE,train,"bucket1$37,:3,:6001",
47,"bucket0$38,:3,:6001",2014-03-05T03:56:12.970000,MQ,LAM,14.81292,-61.16314,1240.0,2442.0,2558.0,2442,100.0,ZNE,train,"bucket1$38,:3,:6001",
48,"bucket0$39,:3,:6001",2014-03-05T03:56:20.099900,MQ,BAM,14.8171,-61.1445,670.0,1768.0,,1768,100.0,ZNE,train,"bucket1$39,:3,:6001",
49,"bucket0$40,:3,:6001",2014-03-05T04:31:31.429900,MQ,GBM,14.799451,-61.159276,800.0,5010.0,,5010,100.0,ZNE,train,"bucket1$40,:3,:6001",
50,"bucket3$5,:3,:6001",2014-03-05T04:31:37.940000,MQ,LAM,14.81292,-61.16314,1240.0,4416.0,4538.0,4416,100.0,ZNE,test,"bucket2$5,:3,:6001",
51,"bucket0$41,:3,:6001",2014-03-05T04:31:39.029900,MQ,BAM,14.8171,-61.1445,670.0,4321.0,4486.0,4321,100.0,ZNE,train,"bucket1$41,:3,:6001",
52,"bucket3$6,:3,:6001",2014-03-05T04:31:31.020000,MQ,IA2,14.80307,-61.20515,289.0,5137.0,5306.0,5137,100.0,ZNE,test,"bucket2$6,:3,:6001",
53,"bucket0$42,:3,:6001",2014-03-05T05:11:37.470000,MQ,LAM,14.81292,-61.16314,1240.0,4702.0,4762.0,4702,100.0,ZNE,train,"bucket1$42,:3,:6001",
54,"bucket0$43,:3,:6001",2014-03-05T05:12:10.349900,MQ,GBM,14.799451,-61.159276,800.0,1427.0,,1427,100.0,ZNE,train,"bucket1$43,:3,:6001",
55,"bucket1$4,:3,:6001",2014-03-05T05:11:49.329900,MQ,BAM,14.8171,-61.1445,670.0,3639.0,,3639,100.0,ZNE,dev,"bucket0$4,:3,:6001",
56,"bucket1$5,:3,:6001",2014-03-05T05:11:40.350000,MQ,IA2,14.80307,-61.20515,289.0,,4554.0,4554,100.0,ZNE,dev,"bucket0$5,:3,:6001",
57,"bucket0$44,:3,:6001",2014-03-11T19:52:24.630000,MQ,LAM,14.81292,-61.16314,1240.0,2495.0,2542.0,2495,100.0,ZNE,train,"bucket1$44,:3,:6001",
58,"bucket3$7,:3,:6001",2014-03-11T19:52:26.449900,MQ,GBM,14.799451,-61.159276,800.0,2314.0,,2314,100.0,ZNE,test,"bucket2$7,:3,:6001",
59,"bucket0$45,:3,:6001",2014-03-11T19:52:44.569900,MQ,BAM,14.8171,-61.1445,670.0,540.0,,540,100.0,ZNE,train,"bucket1$45,:3,:6001",
60,"bucket0$46,:3,:6001",2014-03-11T19:52:08.859900,MQ,MLM,14.7846,-61.1786,370.0,4123.0,,4123,100.0,ZNE,train,"bucket1$46,:3,:6001",
61,"bucket3$8,:3,:6001",2014-03-11T19:52:44.810000,MQ,IA2,14.80307,-61.20515,289.0,537.0,606.0,537,100.0,ZNE,test,"bucket2$8,:3,:6001",
62,"bucket0$47,:3,:6001",2014-03-11T19:51:58.680000,WI,SAM,14.84108,-61.1638,485.0,5150.0,5311.0,5150,100.0,ZNE,train,"bucket1$47,:3,:6001",
63,"bucket0$48,:3,:6001",2014-03-11T19:52:25.809900,MQ,CPM,14.8168,-61.2074,242.0,2448.0,,2448,100.0,ZNE,train,"bucket1$48,:3,:6001",
64,"bucket1$6,:3,:6001",2014-03-13T13:43:45.549900,MQ,GBM,14.799451,-61.159276,800.0,3850.0,,3850,100.0,ZNE,dev,"bucket0$6,:3,:6001",
65,"bucket3$9,:3,:6001",2014-03-13T13:43:44.460000,MQ,LAM,14.81292,-61.16314,1240.0,3972.0,4036.0,3972,100.0,ZNE,test,"bucket2$9,:3,:6001",
66,"bucket0$49,:3,:6001",2014-03-13T13:44:06.369900,MQ,BAM,14.8171,-61.1445,670.0,1813.0,,1813,100.0,ZNE,train,"bucket1$49,:3,:6001",
67,"bucket0$50,:3,:6001",2014-03-13T13:44:00.569900,MQ,MLM,14.7846,-61.1786,370.0,2412.0,,2412,100.0,ZNE,train,"bucket1$50,:3,:6001",
68,"bucket1$7,:3,:6001",2014-03-13T13:43:50.620000,MQ,IA2,14.80307,-61.20515,289.0,3410.0,3511.0,3410,100.0,ZNE,dev,"bucket0$7,:3,:6001",
69,"bucket0$51,:3,:6001",2014-03-13T13:44:06.029900,MQ,CPM,14.8168,-61.2074,242.0,1873.0,,1873,100.0,ZNE,train,"bucket1$51,:3,:6001",
70,"bucket0$52,:3,:6001",2014-03-13T22:37:47.889900,MQ,GBM,14.799451,-61.159276,800.0,1247.0,,1247,100.0,ZNE,train,"bucket1$52,:3,:6001",
71,"bucket0$53,:3,:6001",2014-03-13T22:37:10.049900,MQ,BAM,14.8171,-61.1445,670.0,5048.0,,5048,100.0,ZNE,train,"bucket1$53,:3,:6001",
72,"bucket0$54,:3,:6001",2014-03-13T22:37:09.520000,MQ,LAM,14.81292,-61.16314,1240.0,,5125.0,5125,100.0,ZNE,train,"bucket1$54,:3,:6001",
73,"bucket0$55,:3,:6001",2014-03-13T23:04:51.390000,MQ,LAM,14.81292,-61.16314,1240.0,608.0,651.0,608,100.0,ZNE,train,"bucket1$55,:3,:6001",
74,"bucket0$56,:3,:6001",2014-03-13T23:04:06.539900,MQ,GBM,14.799451,-61.159276,800.0,5097.0,,5097,100.0,ZNE,train,"bucket1$56,:3,:6001",
75,"bucket3$10,:3,:6001",2014-03-13T23:04:03.839900,MQ,BAM,14.8171,-61.1445,670.0,5406.0,,5406,100.0,ZNE,test,"bucket2$10,:3,:6001",
76,"bucket0$57,:3,:6001",2014-03-14T00:09:00.840000,MQ,LAM,14.81292,-61.16314,1240.0,2263.0,,2263,100.0,ZNE,train,"bucket1$57,:3,:6001",
77,"bucket1$8,:3,:6001",2014-03-14T00:08:43.359900,MQ,GBM,14.799451,-61.159276,800.0,4024.0,,4024,100.0,ZNE,dev,"bucket0$8,:3,:6001",
78,"bucket0$58,:3,:6001",2014-03-14T00:08:52.389900,MQ,CPM,14.8168,-61.2074,242.0,3141.0,,3141,100.0,ZNE,train,"bucket1$58,:3,:6001",
79,"bucket0$59,:3,:6001",2014-03-14T00:09:16.029900,MQ,BAM,14.8171,-61.1445,670.0,790.0,,790,100.0,ZNE,train,"bucket1$59,:3,:6001",
80,"bucket0$60,:3,:6001",2014-03-14T00:09:03.140000,MQ,IA2,14.80307,-61.20515,289.0,2202.0,,2202,100.0,ZNE,train,"bucket1$60,:3,:6001",
81,"bucket0$61,:3,:6001",2014-03-14T00:12:16.930000,MQ,LAM,14.81292,-61.16314,1240.0,2725.0,2796.0,2725,100.0,ZNE,train,"bucket1$61,:3,:6001",
82,"bucket0$62,:3,:6001",2014-03-14T00:12:36.249900,MQ,GBM,14.799451,-61.159276,800.0,832.0,,832,100.0,ZNE,train,"bucket1$62,:3,:6001",
83,"bucket0$63,:3,:6001",2014-03-14T00:12:08.239900,MQ,BAM,14.8171,-61.1445,670.0,3648.0,,3648,100.0,ZNE,train,"bucket1$63,:3,:6001",
84,"bucket0$64,:3,:6001",2014-03-14T00:12:22.570000,MQ,IA2,14.80307,-61.20515,289.0,2255.0,,2255,100.0,ZNE,train,"bucket1$64,:3,:6001",
85,"bucket0$65,:3,:6001",2014-03-14T00:15:23,MQ,LAM,14.81292,-61.16314,1240.0,3665.0,3730.0,3665,100.0,ZNE,train,"bucket1$65,:3,:6001",
86,"bucket3$11,:3,:6001",2014-03-14T00:15:08.219900,MQ,GBM,14.799451,-61.159276,800.0,5172.0,,5172,100.0,ZNE,test,"bucket2$11,:3,:6001",
87,"bucket0$66,:3,:6001",2014-03-14T00:15:18.449900,MQ,BAM,14.8171,-61.1445,670.0,4187.0,,4187,100.0,ZNE,train,"bucket1$66,:3,:6001",
88,"bucket0$67,:3,:6001",2014-03-14T00:15:24.730000,MQ,IA2,14.80307,-61.20515,289.0,3586.0,3655.0,3586,100.0,ZNE,train,"bucket1$67,:3,:6001",
89,"bucket1$9,:3,:6001",2014-03-14T09:36:08.550000,MQ,LAM,14.81292,-61.16314,1240.0,2590.0,2641.0,2590,100.0,ZNE,dev,"bucket0$9,:3,:6001",
90,"bucket0$68,:3,:6001",2014-03-14T09:35:50.929900,MQ,BAM,14.8171,-61.1445,670.0,4392.0,,4392,100.0,ZNE,train,"bucket1$68,:3,:6001",
91,"bucket0$69,:3,:6001",2014-03-14T09:36:01.349900,MQ,GBM,14.799451,-61.159276,800.0,3372.0,,3372,100.0,ZNE,train,"bucket1$69,:3,:6001",
92,"bucket0$70,:3,:6001",2014-03-14T09:37:56.549900,MQ,GBM,14.799451,-61.159276,800.0,5136.0,,5136,100.0,ZNE,train,"bucket1$70,:3,:6001",
93,"bucket0$71,:3,:6001",2014-03-14T09:38:34.330000,MQ,LAM,14.81292,-61.16314,1240.0,1361.0,1410.0,1361,100.0,ZNE,train,"bucket1$71,:3,:6001",
94,"bucket0$72,:3,:6001",2014-03-14T09:37:56.759900,MQ,BAM,14.8171,-61.1445,670.0,5151.0,,5151,100.0,ZNE,train,"bucket1$72,:3,:6001",
95,"bucket0$73,:3,:6001",2014-03-14T09:38:14.320000,MQ,IA2,14.80307,-61.20515,289.0,3409.0,3505.0,3409,100.0,ZNE,train,"bucket1$73,:3,:6001",
96,"bucket0$74,:3,:6001",2014-03-15T01:13:34.490000,MQ,IA2,14.80307,-61.20515,289.0,701.0,,701,100.0,ZNE,train,"bucket1$74,:3,:6001",
97,"bucket0$75,:3,:6001",2014-03-15T01:13:00.070000,MQ,LAM,14.81292,-61.16314,1240.0,4155.0,4520.0,4155,100.0,ZNE,train,"bucket1$75,:3,:6001",
98,"bucket0$76,:3,:6001",2014-03-15T01:13:36.029900,MQ,BAM,14.8171,-61.1445,670.0,589.0,,589,100.0,ZNE,train,"bucket1$76,:3,:6001",
99,"bucket0$77,:3,:6001",2014-03-15T01:12:58.319900,MQ,GBM,14.799451,-61.159276,800.0,4384.0,4666.0,4384,100.0,ZNE,train,"bucket1$77,:3,:6001",
100,"bucket0$78,:3,:6001",2014-03-15T01:20:19.270000,MQ,LAM,14.81292,-61.16314,1240.0,3840.0,3911.0,3840,100.0,ZNE,train,"bucket1$78,:3,:6001",
101,"bucket0$79,:3,:6001",2014-03-15T01:20:42.989900,MQ,GBM,14.799451,-61.159276,800.0,1490.0,,1490,100.0,ZNE,train,"bucket1$79,:3,:6001",
102,"bucket0$80,:3,:6001",2014-03-15T01:20:24.699900,MQ,BAM,14.8171,-61.1445,670.0,3326.0,,3326,100.0,ZNE,train,"bucket1$80,:3,:6001",
103,"bucket0$81,:3,:6001",2014-03-15T01:20:45.200000,MQ,IA2,14.80307,-61.20515,289.0,1299.0,1424.0,1299,100.0,ZNE,train,"bucket1$81,:3,:6001",
104,"bucket0$82,:3,:6001",2014-03-15T01:20:15.279900,MQ,MLM,14.7846,-61.1786,370.0,4313.0,,4313,100.0,ZNE,train,"bucket1$82,:3,:6001",
105,"bucket0$83,:3,:6001",2014-03-15T01:30:52.909900,MQ,GBM,14.799451,-61.159276,800.0,2216.0,,2216,100.0,ZNE,train,"bucket1$83,:3,:6001",
106,"bucket0$84,:3,:6001",2014-03-15T01:31:03.590000,MQ,LAM,14.81292,-61.16314,1240.0,1203.0,1365.0,1203,100.0,ZNE,train,"bucket1$84,:3,:6001",
107,"bucket0$85,:3,:6001",2014-03-15T01:30:37.980000,MQ,IA2,14.80307,-61.20515,289.0,3786.0,3917.0,3786,100.0,ZNE,train,"bucket1$85,:3,:6001",
108,"bucket0$86,:3,:6001",2014-03-15T01:30:54.449900,MQ,BAM,14.8171,-61.1445,670.0,2151.0,,2151,100.0,ZNE,train,"bucket1$86,:3,:6001",
109,"bucket0$87,:3,:6001",2014-03-15T02:13:56.930000,MQ,LAM,14.81292,-61.16314,1240.0,2087.0,,2087,100.0,ZNE,train,"bucket1$87,:3,:6001",
110,"bucket1$10,:3,:6001",2014-03-15T02:13:25.529900,MQ,GBM,14.799451,-61.159276,800.0,5294.0,,5294,100.0,ZNE,dev,"bucket0$10,:3,:6001",
111,"bucket0$88,:3,:6001",2014-03-15T02:13:42.580000,MQ,IA2,14.80307,-61.20515,289.0,3597.0,,3597,100.0,ZNE,train,"bucket1$88,:3,:6001",
112,"bucket0$89,:3,:6001",2014-03-15T02:14:00.829900,MQ,BAM,14.8171,-61.1445,670.0,1798.0,,1798,100.0,ZNE,train,"bucket1$89,:3,:6001",
113,"bucket3$12,:3,:6001",2014-03-15T02:33:23.389900,MQ,GBM,14.799451,-61.159276,800.0,4767.0,,4767,100.0,ZNE,test,"bucket2$12,:3,:6001",
114,"bucket0$90,:3,:6001",2014-03-15T02:33:16.280000,MQ,LAM,14.81292,-61.16314,1240.0,5491.0,,5491,100.0,ZNE,train,"bucket1$90,:3,:6001",
115,"bucket0$91,:3,:6001",2014-03-15T02:33:41.440000,MQ,IA2,14.80307,-61.20515,289.0,3009.0,,3009,100.0,ZNE,train,"bucket1$91,:3,:6001",
116,"bucket0$92,:3,:6001",2014-03-15T02:33:35.149900,MQ,BAM,14.8171,-61.1445,670.0,3646.0,,3646,100.0,ZNE,train,"bucket1$92,:3,:6001",
117,"bucket0$93,:3,:6001",2014-03-15T02:40:54.809900,MQ,GBM,14.799451,-61.159276,800.0,1210.0,1222.0,1210,100.0,ZNE,train,"bucket1$93,:3,:6001",
118,"bucket0$94,:3,:6001",2014-03-15T02:40:25.260000,MQ,LAM,14.81292,-61.16314,1240.0,4186.0,4239.0,4186,100.0,ZNE,train,"bucket1$94,:3,:6001",
119,"bucket0$95,:3,:6001",2014-03-15T02:40:32.699900,MQ,BAM,14.8171,-61.1445,670.0,3460.0,3470.0,3460,100.0,ZNE,train,"bucket1$95,:3,:6001",
120,"bucket0$96,:3,:6001",2014-03-15T02:40:44.010000,MQ,IA2,14.80307,-61.20515,289.0,2361.0,2468.0,2361,100.0,ZNE,train,"bucket1$96,:3,:6001",
121,"bucket0$97,:3,:6001",2014-03-15T03:04:27.809900,MQ,GBM,14.799451,-61.159276,800.0,5275.0,,5275,100.0,ZNE,train,"bucket1$97,:3,:6001",
122,"bucket0$98,:3,:6001",2014-03-15T03:05:08.110000,MQ,LAM,14.81292,-61.16314,1240.0,1251.0,,1251,100.0,ZNE,train,"bucket1$98,:3,:6001",
123,"bucket3$13,:3,:6001",2014-03-15T03:05:12.660000,MQ,IA2,14.80307,-61.20515,289.0,802.0,947.0,802,100.0,ZNE,test,"bucket2$13,:3,:6001",
124,"bucket3$14,:3,:6001",2014-03-15T03:04:54.129900,MQ,BAM,14.8171,-61.1445,670.0,2716.0,,2716,100.0,ZNE,test,"bucket2$14,:3,:6001",
125,"bucket0$99,:3,:6001",2014-03-15T19:54:16.580000,MQ,LAM,14.81292,-61.16314,1240.0,2463.0,2538.0,2463,100.0,ZNE,train,"bucket1$99,:3,:6001",
126,"bucket0$100,:3,:6001",2014-03-15T19:54:17.429900,MQ,BAM,14.8171,-61.1445,670.0,2407.0,,2407,100.0,ZNE,train,"bucket1$100,:3,:6001",
127,"bucket0$101,:3,:6001",2014-03-15T19:54:31.179900,MQ,GBM,14.799451,-61.159276,800.0,1039.0,,1039,100.0,ZNE,train,"bucket1$101,:3,:6001",
128,"bucket0$102,:3,:6001",2014-03-15T20:05:00.150000,MQ,IA2,14.80307,-61.20515,289.0,3713.0,,3713,100.0,ZNE,train,"bucket1$102,:3,:6001",
129,"bucket0$103,:3,:6001",2014-03-15T20:05:01.529900,MQ,GBM,14.799451,-61.159276,800.0,3637.0,3644.0,3637,100.0,ZNE,train,"bucket1$103,:3,:6001",
130,"bucket0$104,:3,:6001",2014-03-15T20:05:20.190000,MQ,LAM,14.81292,-61.16314,1240.0,1776.0,1806.0,1776,100.0,ZNE,train,"bucket1$104,:3,:6001",
131,"bucket0$105,:3,:6001",2014-03-15T20:05:28.669900,MQ,BAM,14.8171,-61.1445,670.0,962.0,,962,100.0,ZNE,train,"bucket1$105,:3,:6001",
132,"bucket0$106,:3,:6001",2014-03-15T20:54:31.019900,MQ,BAM,14.8171,-61.1445,670.0,4406.0,,4406,100.0,ZNE,train,"bucket1$106,:3,:6001",
133,"bucket0$107,:3,:6001",2014-03-15T20:55:02.939900,MQ,GBM,14.799451,-61.159276,800.0,1274.0,,1274,100.0,ZNE,train,"bucket1$107,:3,:6001",
134,"bucket0$108,:3,:6001",2014-03-15T20:55:07.330000,MQ,LAM,14.81292,-61.16314,1240.0,848.0,901.0,848,100.0,ZNE,train,"bucket1$108,:3,:6001",
135,"bucket0$109,:3,:6001",2014-03-15T21:06:23.549900,MQ,GBM,14.799451,-61.159276,800.0,4634.0,,4634,100.0,ZNE,train,"bucket1$109,:3,:6001",
136,"bucket3$15,:3,:6001",2014-03-15T21:06:26.650000,MQ,LAM,14.81292,-61.16314,1240.0,4355.0,4443.0,4355,100.0,ZNE,test,"bucket2$15,:3,:6001",
137,"bucket0$110,:3,:6001",2014-03-15T21:06:43.049900,MQ,BAM,14.8171,-61.1445,670.0,2748.0,,2748,100.0,ZNE,train,"bucket1$110,:3,:6001",
138,"bucket0$111,:3,:6001",2014-03-15T21:53:54.680000,MQ,LAM,14.81292,-61.16314,1240.0,700.0,757.0,700,100.0,ZNE,train,"bucket1$111,:3,:6001",
139,"bucket0$112,:3,:6001",2014-03-15T21:53:22.749900,MQ,GBM,14.799451,-61.159276,800.0,3947.0,,3947,100.0,ZNE,train,"bucket1$112,:3,:6001",
140,"bucket1$11,:3,:6001",2014-03-15T21:53:13.529900,MQ,BAM,14.8171,-61.1445,670.0,4987.0,,4987,100.0,ZNE,dev,"bucket0$11,:3,:6001",
141,"bucket0$113,:3,:6001",2014-03-15T22:42:24.110000,MQ,LAM,14.81292,-61.16314,1240.0,2398.0,2476.0,2398,100.0,ZNE,train,"bucket1$113,:3,:6001",
142,"bucket0$114,:3,:6001",2014-03-15T22:42:03.849900,MQ,BAM,14.8171,-61.1445,670.0,4458.0,,4458,100.0,ZNE,train,"bucket1$114,:3,:6001",
143,"bucket0$115,:3,:6001",2014-03-15T22:42:35.609900,MQ,GBM,14.799451,-61.159276,800.0,1288.0,,1288,100.0,ZNE,train,"bucket1$115,:3,:6001",
144,"bucket0$116,:3,:6001",2014-03-15T22:09:58.300000,MQ,LAM,14.81292,-61.16314,1240.0,1356.0,2075.0,1356,100.0,ZNE,train,"bucket1$116,:3,:6001",
145,"bucket0$117,:3,:6001",2014-03-15T22:09:26.409900,MQ,GBM,14.799451,-61.159276,800.0,4566.0,5324.0,4566,100.0,ZNE,train,"bucket1$117,:3,:6001",
146,"bucket0$118,:3,:6001",2014-03-15T22:10:06.079900,MQ,BAM,14.8171,-61.1445,670.0,622.0,1339.0,622,100.0,ZNE,train,"bucket1$118,:3,:6001",
147,"bucket1$12,:3,:6001",2014-03-15T22:48:06.550000,MQ,LAM,14.81292,-61.16314,1240.0,1781.0,1867.0,1781,100.0,ZNE,dev,"bucket0$12,:3,:6001",
148,"bucket1$13,:3,:6001",2014-03-15T22:47:30.419900,MQ,BAM,14.8171,-61.1445,670.0,5435.0,,5435,100.0,ZNE,dev,"bucket0$13,:3,:6001",
149,"bucket0$119,:3,:6001",2014-03-15T22:47:56.159900,MQ,GBM,14.799451,-61.159276,800.0,2896.0,,2896,100.0,ZNE,train,"bucket1$119,:3,:6001",
150,"bucket0$120,:3,:6001",2014-03-15T22:47:44.760000,MQ,IA2,14.80307,-61.20515,289.0,,4134.0,4134,100.0,ZNE,train,"bucket1$120,:3,:6001",
151,"bucket0$121,:3,:6001",2014-03-15T22:56:42.410000,MQ,LAM,14.81292,-61.16314,1240.0,1598.0,2128.0,1598,100.0,ZNE,train,"bucket1$121,:3,:6001",
152,"bucket1$14,:3,:6001",2014-03-15T22:56:45.899900,MQ,GBM,14.799451,-61.159276,800.0,1259.0,1721.0,1259,100.0,ZNE,dev,"bucket0$14,:3,:6001",
153,"bucket1$15,:3,:6001",2014-03-15T22:56:45.209900,MQ,BAM,14.8171,-61.1445,670.0,1358.0,1829.0,1358,100.0,ZNE,dev,"bucket0$15,:3,:6001",
154,"bucket0$122,:3,:6001",2014-03-15T22:56:09.790000,MQ,IA2,14.80307,-61.20515,289.0,4904.0,5499.0,4904,100.0,ZNE,train,"bucket1$122,:3,:6001",
155,"bucket0$123,:3,:6001",2014-03-15T22:56:25.180000,WI,SAM,14.84108,-61.1638,485.0,3392.0,3997.0,3392,100.0,ZNE,train,"bucket1$123,:3,:6001",
156,"bucket3$16,:3,:6001",2014-03-15T23:13:02.380000,MQ,LAM,14.81292,-61.16314,1240.0,4404.0,4452.0,4404,100.0,ZNE,test,"bucket2$16,:3,:6001",
157,"bucket0$124,:3,:6001",2014-03-15T23:13:33.279900,MQ,GBM,14.799451,-61.159276,800.0,1345.0,,1345,100.0,ZNE,train,"bucket1$124,:3,:6001",
158,"bucket0$125,:3,:6001",2014-03-15T23:12:59.189900,MQ,BAM,14.8171,-61.1445,670.0,4784.0,,4784,100.0,ZNE,train,"bucket1$125,:3,:6001",
159,"bucket0$126,:3,:6001",2014-03-15T23:55:15.560000,MQ,LAM,14.81292,-61.16314,1240.0,2015.0,2052.0,2015,100.0,ZNE,train,"bucket1$126,:3,:6001",
160,"bucket0$127,:3,:6001",2014-03-15T23:54:42.589900,MQ,GBM,14.799451,-61.159276,800.0,5353.0,,5353,100.0,ZNE,train,"bucket1$127,:3,:6001",
161,"bucket0$128,:3,:6001",2014-03-15T23:55:03.229900,MQ,BAM,14.8171,-61.1445,670.0,3364.0,,3364,100.0,ZNE,train,"bucket1$128,:3,:6001",
162,"bucket0$129,:3,:6001",2014-03-16T01:03:28.480000,MQ,LAM,14.81292,-61.16314,1240.0,4195.0,4331.0,4195,100.0,ZNE,train,"bucket1$129,:3,:6001",
163,"bucket0$130,:3,:6001",2014-03-16T01:03:34.459900,MQ,GBM,14.799451,-61.159276,800.0,3623.0,,3623,100.0,ZNE,train,"bucket1$130,:3,:6001",
164,"bucket0$131,:3,:6001",2014-03-16T01:03:28.569900,MQ,BAM,14.8171,-61.1445,670.0,4239.0,,4239,100.0,ZNE,train,"bucket1$131,:3,:6001",
165,"bucket1$16,:3,:6001",2014-03-16T01:17:35.559900,MQ,GBM,14.799451,-61.159276,800.0,4633.0,,4633,100.0,ZNE,dev,"bucket0$16,:3,:6001",
166,"bucket0$132,:3,:6001",2014-03-16T01:17:35.320000,MQ,LAM,14.81292,-61.16314,1240.0,4662.0,4718.0,4662,100.0,ZNE,train,"bucket1$132,:3,:6001",
167,"bucket0$133,:3,:6001",2014-03-16T01:18:17.289900,MQ,BAM,14.8171,-61.1445,670.0,500.0,6497.0,500,100.0,ZNE,train,"bucket1$133,:3,:6001",
168,"bucket3$17,:3,:6001",2014-03-16T01:18:07.639900,MQ,MLM,14.7846,-61.1786,370.0,1473.0,1478.0,1473,100.0,ZNE,test,"bucket2$17,:3,:6001",
169,"bucket0$134,:3,:6001",2014-03-16T01:18:15.880000,WI,SAM,14.84108,-61.1638,485.0,658.0,698.0,658,100.0,ZNE,train,"bucket1$134,:3,:6001",
170,"bucket0$135,:3,:6001",2014-03-16T01:18:05.860000,MQ,IA2,14.80307,-61.20515,289.0,1664.0,1755.0,1664,100.0,ZNE,train,"bucket1$135,:3,:6001",
171,"bucket0$136,:3,:6001",2014-03-16T01:17:45.689900,MQ,CPM,14.8168,-61.2074,242.0,3694.0,,3694,100.0,ZNE,train,"bucket1$136,:3,:6001",
172,"bucket0$137,:3,:6001",2014-03-16T01:41:41.170000,MQ,LAM,14.81292,-61.16314,1240.0,2257.0,2302.0,2257,100.0,ZNE,train,"bucket1$137,:3,:6001",
173,"bucket1$17,:3,:6001",2014-03-16T01:41:11.529900,MQ,GBM,14.799451,-61.159276,800.0,5257.0,,5257,100.0,ZNE,dev,"bucket0$17,:3,:6001",
174,"bucket0$138,:3,:6001",2014-03-16T01:41:33.599900,MQ,MLM,14.7846,-61.1786,370.0,3065.0,,3065,100.0,ZNE,train,"bucket1$138,:3,:6001",
175,"bucket0$139,:3,:6001",2014-03-16T01:41:30.450000,MQ,IA2,14.80307,-61.20515,289.0,3380.0,3488.0,3380,100.0,ZNE,train,"bucket1$139,:3,:6001",
176,"bucket0$140,:3,:6001",2014-03-16T01:41:46.929900,MQ,BAM,14.8171,-61.1445,670.0,1778.0,,1778,100.0,ZNE,train,"bucket1$140,:3,:6001",
177,"bucket0$141,:3,:6001",2014-03-16T01:41:57.859900,MQ,CPM,14.8168,-61.2074,242.0,715.0,,715,100.0,ZNE,train,"bucket1$141,:3,:6001",
178,"bucket0$142,:3,:6001",2014-03-16T01:42:00.250000,WI,SAM,14.84108,-61.1638,485.0,504.0,519.0,504,100.0,ZNE,train,"bucket1$142,:3,:6001",
179,"bucket3$18,:3,:6001",2014-03-16T02:20:15.110000,MQ,LAM,14.81292,-61.16314,1240.0,5240.0,5285.0,5240,100.0,ZNE,test,"bucket2$18,:3,:6001",
180,"bucket0$143,:3,:6001",2014-03-16T02:20:57.469900,MQ,GBM,14.799451,-61.159276,800.0,1019.0,,1019,100.0,ZNE,train,"bucket1$143,:3,:6001",
181,"bucket0$144,:3,:6001",2014-03-16T02:20:35.489900,MQ,BAM,14.8171,-61.1445,670.0,3252.0,,3252,100.0,ZNE,train,"bucket1$144,:3,:6001",
182,"bucket3$19,:3,:6001",2014-03-16T02:20:51.830000,MQ,IA2,14.80307,-61.20515,289.0,1687.0,1714.0,1687,100.0,ZNE,test,"bucket2$19,:3,:6001",
183,"bucket0$145,:3,:6001",2014-03-16T03:04:37.179900,MQ,GBM,14.799451,-61.159276,800.0,5001.0,,5001,100.0,ZNE,train,"bucket1$145,:3,:6001",
184,"bucket0$146,:3,:6001",2014-03-16T03:04:50.660000,MQ,LAM,14.81292,-61.16314,1240.0,3654.0,3726.0,3654,100.0,ZNE,train,"bucket1$146,:3,:6001",
185,"bucket0$147,:3,:6001",2014-03-16T03:05:16.089900,MQ,MLM,14.7846,-61.1786,370.0,1151.0,,1151,100.0,ZNE,train,"bucket1$147,:3,:6001",
186,"bucket0$148,:3,:6001",2014-03-16T03:04:46.999900,MQ,BAM,14.8171,-61.1445,670.0,4060.0,,4060,100.0,ZNE,train,"bucket1$148,:3,:6001",
187,"bucket3$20,:3,:6001",2014-03-16T03:04:43.370000,WI,SAM,14.84108,-61.1638,485.0,4444.0,4623.0,4444,100.0,ZNE,test,"bucket2$20,:3,:6001",
188,"bucket0$149,:3,:6001",2014-03-16T03:04:43.500000,MQ,IA2,14.80307,-61.20515,289.0,4435.0,4531.0,4435,100.0,ZNE,train,"bucket1$149,:3,:6001",
189,"bucket0$150,:3,:6001",2014-03-16T03:05:09.429900,MQ,CPM,14.8168,-61.2074,242.0,1852.0,,1852,100.0,ZNE,train,"bucket1$150,:3,:6001",
190,"bucket0$151,:3,:6001",2014-03-16T03:19:20.560000,MQ,LAM,14.81292,-61.16314,1240.0,1285.0,1398.0,1285,100.0,ZNE,train,"bucket1$151,:3,:6001",
191,"bucket0$152,:3,:6001",2014-03-16T03:19:15.319900,MQ,GBM,14.799451,-61.159276,800.0,1821.0,,1821,100.0,ZNE,train,"bucket1$152,:3,:6001",
192,"bucket0$153,:3,:6001",2014-03-16T03:18:53.949900,MQ,BAM,14.8171,-61.1445,670.0,4000.0,,4000,100.0,ZNE,train,"bucket1$153,:3,:6001",
193,"bucket0$154,:3,:6001",2014-03-16T03:20:07.519900,MQ,BAM,14.8171,-61.1445,670.0,4858.0,,4858,100.0,ZNE,train,"bucket1$154,:3,:6001",
194,"bucket0$155,:3,:6001",2014-03-16T03:20:39.500000,MQ,LAM,14.81292,-61.16314,1240.0,1673.0,1769.0,1673,100.0,ZNE,train,"bucket1$155,:3,:6001",
195,"bucket0$156,:3,:6001",2014-03-16T03:20:07.509900,MQ,GBM,14.799451,-61.159276,800.0,4873.0,,4873,100.0,ZNE,train,"bucket1$156,:3,:6001",
196,"bucket0$157,:3,:6001",2014-03-16T03:20:08.420000,MQ,IA2,14.80307,-61.20515,289.0,4877.0,4943.0,4877,100.0,ZNE,train,"bucket1$157,:3,:6001",
197,"bucket0$158,:3,:6001",2014-03-16T04:20:20.320000,MQ,LAM,14.81292,-61.16314,1240.0,3117.0,3277.0,3117,100.0,ZNE,train,"bucket1$158,:3,:6001",
198,"bucket0$159,:3,:6001",2014-03-16T04:20:26.829900,MQ,GBM,14.799451,-61.159276,800.0,2568.0,,2568,100.0,ZNE,train,"bucket1$159,:3,:6001",
199,"bucket1$18,:3,:6001",2014-03-16T04:20:27.729900,MQ,BAM,14.8171,-61.1445,670.0,2488.0,,2488,100.0,ZNE,dev,"bucket0$18,:3,:6001",
200,"bucket0$160,:3,:6001",2014-03-16T04:27:46.579900,MQ,BAM,14.8171,-61.1445,670.0,4732.0,,4732,100.0,ZNE,train,"bucket1$160,:3,:6001",
201,"bucket0$161,:3,:6001",2014-03-16T04:27:52.670000,WI,SAM,14.84108,-61.1638,485.0,4168.0,4399.0,4168,100.0,ZNE,train,"bucket1$161,:3,:6001",
202,"bucket0$162,:3,:6001",2014-03-16T04:27:43.170000,MQ,LAM,14.81292,-61.16314,1240.0,5188.0,5250.0,5188,100.0,ZNE,train,"bucket1$162,:3,:6001",
203,"bucket3$21,:3,:6001",2014-03-16T04:28:20.259900,MQ,GBM,14.799451,-61.159276,800.0,1506.0,,1506,100.0,ZNE,test,"bucket2$21,:3,:6001",
204,"bucket0$163,:3,:6001",2014-03-16T04:27:42.730000,MQ,IA2,14.80307,-61.20515,289.0,5276.0,5380.0,5276,100.0,ZNE,train,"bucket1$163,:3,:6001",
205,"bucket0$164,:3,:6001",2014-03-16T04:27:56.989900,MQ,MLM,14.7846,-61.1786,370.0,3953.0,,3953,100.0,ZNE,train,"bucket1$164,:3,:6001",
206,"bucket1$19,:3,:6001",2014-03-16T04:28:32.940000,MQ,LAM,14.81292,-61.16314,1240.0,3458.0,3546.0,3458,100.0,ZNE,dev,"bucket0$19,:3,:6001",
207,"bucket0$165,:3,:6001",2014-03-16T04:28:59.459900,MQ,BAM,14.8171,-61.1445,670.0,850.0,,850,100.0,ZNE,train,"bucket1$165,:3,:6001",
208,"bucket0$166,:3,:6001",2014-03-16T04:28:32.159900,MQ,MLM,14.7846,-61.1786,370.0,3588.0,,3588,100.0,ZNE,train,"bucket1$166,:3,:6001",
209,"bucket0$167,:3,:6001",2014-03-16T04:28:58.599900,MQ,GBM,14.799451,-61.159276,800.0,947.0,,947,100.0,ZNE,train,"bucket1$167,:3,:6001",
210,"bucket0$168,:3,:6001",2014-03-16T04:28:31.140000,MQ,IA2,14.80307,-61.20515,289.0,3708.0,3859.0,3708,100.0,ZNE,train,"bucket1$168,:3,:6001",
211,"bucket0$169,:3,:6001",2014-03-16T04:28:16.230000,WI,SAM,14.84108,-61.1638,485.0,5338.0,5393.0,5338,100.0,ZNE,train,"bucket1$169,:3,:6001",
212,"bucket3$22,:3,:6001",2014-03-16T04:57:56.040000,MQ,IA2,14.80307,-61.20515,289.0,3934.0,4087.0,3934,100.0,ZNE,test,"bucket2$22,:3,:6001",
213,"bucket0$170,:3,:6001",2014-03-16T04:57:49.299900,MQ,BAM,14.8171,-61.1445,670.0,4619.0,,4619,100.0,ZNE,train,"bucket1$170,:3,:6001",
214,"bucket0$171,:3,:6001",2014-03-16T04:58:08.449900,MQ,GBM,14.799451,-61.159276,800.0,2740.0,,2740,100.0,ZNE,train,"bucket1$171,:3,:6001",
215,"bucket0$172,:3,:6001",2014-03-16T05:21:40.969900,MQ,GBM,14.799451,-61.159276,800.0,4996.0,,4996,100.0,ZNE,train,"bucket1$172,:3,:6001",
216,"bucket0$173,:3,:6001",2014-03-16T05:22:18.859900,MQ,BAM,14.8171,-61.1445,670.0,1242.0,,1242,100.0,ZNE,train,"bucket1$173,:3,:6001",
217,"bucket0$174,:3,:6001",2014-03-16T05:22:18.060000,MQ,LAM,14.81292,-61.16314,1240.0,1332.0,1447.0,1332,100.0,ZNE,train,"bucket1$174,:3,:6001",
218,"bucket0$175,:3,:6001",2014-03-16T05:22:09.700000,MQ,IA2,14.80307,-61.20515,289.0,2179.0,2312.0,2179,100.0,ZNE,train,"bucket1$175,:3,:6001",
219,"bucket0$176,:3,:6001",2014-03-16T06:18:18.530000,MQ,LAM,14.81292,-61.16314,1240.0,5275.0,5402.0,5275,100.0,ZNE,train,"bucket1$176,:3,:6001",
220,"bucket0$177,:3,:6001",2014-03-16T06:18:20.979900,MQ,GBM,14.799451,-61.159276,800.0,5057.0,,5057,100.0,ZNE,train,"bucket1$177,:3,:6001",
221,"bucket3$23,:3,:6001",2014-03-16T06:18:45.700000,MQ,IA2,14.80307,-61.20515,289.0,2599.0,2782.0,2599,100.0,ZNE,test,"bucket2$23,:3,:6001",
222,"bucket0$178,:3,:6001",2014-03-16T06:18:43.109900,MQ,BAM,14.8171,-61.1445,670.0,2923.0,,2923,100.0,ZNE,train,"bucket1$178,:3,:6001",
223,"bucket3$24,:3,:6001",2014-03-16T06:19:32.160000,MQ,LAM,14.81292,-61.16314,1240.0,4648.0,4785.0,4648,100.0,ZNE,test,"bucket2$24,:3,:6001",
224,"bucket0$179,:3,:6001",2014-03-16T06:19:30.499900,MQ,GBM,14.799451,-61.159276,800.0,4853.0,,4853,100.0,ZNE,train,"bucket1$179,:3,:6001",
225,"bucket0$180,:3,:6001",2014-03-16T06:19:34.789900,MQ,MLM,14.7846,-61.1786,370.0,4502.0,,4502,100.0,ZNE,train,"bucket1$180,:3,:6001",
226,"bucket0$181,:3,:6001",2014-03-16T06:19:58.019900,MQ,BAM,14.8171,-61.1445,670.0,2184.0,,2184,100.0,ZNE,train,"bucket1$181,:3,:6001",
227,"bucket0$182,:3,:6001",2014-03-16T06:19:49.650000,MQ,IA2,14.80307,-61.20515,289.0,3034.0,3110.0,3034,100.0,ZNE,train,"bucket1$182,:3,:6001",
228,"bucket0$183,:3,:6001",2014-03-16T06:41:53.340000,MQ,LAM,14.81292,-61.16314,1240.0,1658.0,1940.0,1658,100.0,ZNE,train,"bucket1$183,:3,:6001",
229,"bucket0$184,:3,:6001",2014-03-16T06:41:34.619900,MQ,GBM,14.799451,-61.159276,800.0,3567.0,,3567,100.0,ZNE,train,"bucket1$184,:3,:6001",
230,"bucket0$185,:3,:6001",2014-03-16T06:41:38.169900,MQ,BAM,14.8171,-61.1445,670.0,3215.0,,3215,100.0,ZNE,train,"bucket1$185,:3,:6001",
231,"bucket0$186,:3,:6001",2014-03-16T06:52:50.310000,MQ,LAM,14.81292,-61.16314,1240.0,5228.0,5342.0,5228,100.0,ZNE,train,"bucket1$186,:3,:6001",
232,"bucket0$187,:3,:6001",2014-03-16T06:53:34.599900,MQ,GBM,14.799451,-61.159276,800.0,828.0,,828,100.0,ZNE,train,"bucket1$187,:3,:6001",
233,"bucket1$20,:3,:6001",2014-03-16T06:53:29.890000,MQ,IA2,14.80307,-61.20515,289.0,1301.0,1466.0,1301,100.0,ZNE,dev,"bucket0$20,:3,:6001",
234,"bucket0$188,:3,:6001",2014-03-16T06:53:37.589900,MQ,BAM,14.8171,-61.1445,670.0,566.0,,566,100.0,ZNE,train,"bucket1$188,:3,:6001",
235,"bucket1$21,:3,:6001",2014-03-16T06:53:01.470000,WI,SAM,14.84108,-61.1638,485.0,,4308.0,4308,100.0,ZNE,dev,"bucket0$21,:3,:6001",
236,"bucket0$189,:3,:6001",2014-03-16T07:33:06.530000,MQ,LAM,14.81292,-61.16314,1240.0,905.0,972.0,905,100.0,ZNE,train,"bucket1$189,:3,:6001",
237,"bucket0$190,:3,:6001",2014-03-16T07:32:47.829900,MQ,GBM,14.799451,-61.159276,800.0,2790.0,,2790,100.0,ZNE,train,"bucket1$190,:3,:6001",
238,"bucket0$191,:3,:6001",2014-03-16T07:32:37.319900,MQ,BAM,14.8171,-61.1445,670.0,3859.0,,3859,100.0,ZNE,train,"bucket1$191,:3,:6001",
239,"bucket0$192,:3,:6001",2014-03-16T07:32:57.240000,MQ,IA2,14.80307,-61.20515,289.0,1923.0,2005.0,1923,100.0,ZNE,train,"bucket1$192,:3,:6001",
240,"bucket0$193,:3,:6001",2014-03-16T07:37:34.950000,MQ,LAM,14.81292,-61.16314,1240.0,701.0,832.0,701,100.0,ZNE,train,"bucket1$193,:3,:6001",
241,"bucket0$194,:3,:6001",2014-03-16T07:37:23.359900,MQ,BAM,14.8171,-61.1445,670.0,1956.0,,1956,100.0,ZNE,train,"bucket1$194,:3,:6001",
242,"bucket0$195,:3,:6001",2014-03-16T07:37:18.029900,MQ,GBM,14.799451,-61.159276,800.0,2494.0,,2494,100.0,ZNE,train,"bucket1$195,:3,:6001",
243,"bucket0$196,:3,:6001",2014-03-16T07:37:15.089900,MQ,MLM,14.7846,-61.1786,370.0,2802.0,,2802,100.0,ZNE,train,"bucket1$196,:3,:6001",
244,"bucket0$197,:3,:6001",2014-03-16T07:37:36.640000,MQ,IA2,14.80307,-61.20515,289.0,660.0,752.0,660,100.0,ZNE,train,"bucket1$197,:3,:6001",
245,"bucket0$198,:3,:6001",2014-03-16T07:37:09.530000,WI,SAM,14.84108,-61.1638,485.0,3396.0,3493.0,3396,100.0,ZNE,train,"bucket1$198,:3,:6001",
246,"bucket0$199,:3,:6001",2014-03-16T07:37:26.619900,MQ,CPM,14.8168,-61.2074,242.0,1697.0,,1697,100.0,ZNE,train,"bucket1$199,:3,:6001",
247,"bucket1$22,:3,:6001",2014-03-16T09:21:54.819900,MQ,BAM,14.8171,-61.1445,670.0,3034.0,,3034,100.0,ZNE,dev,"bucket0$22,:3,:6001",
248,"bucket1$23,:3,:6001",2014-03-16T09:22:06.820000,MQ,LAM,14.81292,-61.16314,1240.0,1834.0,1898.0,1834,100.0,ZNE,dev,"bucket0$23,:3,:6001",
249,"bucket0$200,:3,:6001",2014-03-16T09:22:14.789900,MQ,GBM,14.799451,-61.159276,800.0,1047.0,,1047,100.0,ZNE,train,"bucket1$200,:3,:6001",
250,"bucket0$201,:3,:6001",2014-03-16T09:22:15.160000,MQ,IA2,14.80307,-61.20515,289.0,1031.0,1169.0,1031,100.0,ZNE,train,"bucket1$201,:3,:6001",
251,"bucket0$202,:3,:6001",2014-03-16T10:27:05.910000,MQ,IA2,14.80307,-61.20515,289.0,3791.0,3988.0,3791,100.0,ZNE,train,"bucket1$202,:3,:6001",
252,"bucket0$203,:3,:6001",2014-03-16T10:27:02.629900,MQ,GBM,14.799451,-61.159276,800.0,4163.0,,4163,100.0,ZNE,train,"bucket1$203,:3,:6001",
253,"bucket1$24,:3,:6001",2014-03-16T10:27:18.690000,MQ,LAM,14.81292,-61.16314,1240.0,2561.0,2711.0,2561,100.0,ZNE,dev,"bucket0$24,:3,:6001",
254,"bucket0$204,:3,:6001",2014-03-16T10:27:33.659900,MQ,BAM,14.8171,-61.1445,670.0,1094.0,,1094,100.0,ZNE,train,"bucket1$204,:3,:6001",
255,"bucket0$205,:3,:6001",2014-03-16T19:37:43.219900,MQ,MLM,14.7846,-61.1786,370.0,1630.0,,1630,100.0,ZNE,train,"bucket1$205,:3,:6001",
256,"bucket0$206,:3,:6001",2014-03-16T19:37:06.339900,MQ,GBM,14.799451,-61.159276,800.0,5342.0,,5342,100.0,ZNE,train,"bucket1$206,:3,:6001",
257,"bucket1$25,:3,:6001",2014-03-16T19:37:32.759900,MQ,BAM,14.8171,-61.1445,670.0,2758.0,,2758,100.0,ZNE,dev,"bucket0$25,:3,:6001",
258,"bucket0$207,:3,:6001",2014-03-16T19:37:21.430000,MQ,IA2,14.80307,-61.20515,289.0,3901.0,4261.0,3901,100.0,ZNE,train,"bucket1$207,:3,:6001",
259,"bucket0$208,:3,:6001",2014-03-16T19:37:51.480000,MQ,LAM,14.81292,-61.16314,1240.0,1098.0,1175.0,1098,100.0,ZNE,train,"bucket1$208,:3,:6001",
260,"bucket3$25,:3,:6001",2014-03-16T23:39:34.689900,MQ,GBM,14.799451,-61.159276,800.0,3939.0,,3939,100.0,ZNE,test,"bucket2$25,:3,:6001",
261,"bucket1$26,:3,:6001",2014-03-16T23:39:48.170000,MQ,LAM,14.81292,-61.16314,1240.0,2596.0,2752.0,2596,100.0,ZNE,dev,"bucket0$26,:3,:6001",
262,"bucket0$209,:3,:6001",2014-03-16T23:40:07.369900,MQ,BAM,14.8171,-61.1445,670.0,696.0,,696,100.0,ZNE,train,"bucket1$209,:3,:6001",
263,"bucket0$210,:3,:6001",2014-03-16T23:39:26.920000,MQ,IA2,14.80307,-61.20515,289.0,4742.0,4883.0,4742,100.0,ZNE,train,"bucket1$210,:3,:6001",
264,"bucket0$211,:3,:6001",2014-03-17T17:30:31.469900,MQ,GBM,14.799451,-61.159276,800.0,1623.0,,1623,100.0,ZNE,train,"bucket1$211,:3,:6001",
265,"bucket0$212,:3,:6001",2014-03-17T17:30:24.210000,MQ,LAM,14.81292,-61.16314,1240.0,2349.0,3017.0,2349,100.0,ZNE,train,"bucket1$212,:3,:6001",
266,"bucket0$213,:3,:6001",2014-03-17T17:30:11.680000,MQ,IA2,14.80307,-61.20515,289.0,3661.0,4378.0,3661,100.0,ZNE,train,"bucket1$213,:3,:6001",
267,"bucket0$214,:3,:6001",2014-03-17T17:30:19.629900,MQ,BAM,14.8171,-61.1445,670.0,2871.0,,2871,100.0,ZNE,train,"bucket1$214,:3,:6001",
268,"bucket0$215,:3,:6001",2014-03-17T17:32:13.060000,MQ,LAM,14.81292,-61.16314,1240.0,2872.0,3127.0,2872,100.0,ZNE,train,"bucket1$215,:3,:6001",
269,"bucket0$216,:3,:6001",2014-03-17T17:32:13.139900,MQ,GBM,14.799451,-61.159276,800.0,2898.0,,2898,100.0,ZNE,train,"bucket1$216,:3,:6001",
270,"bucket0$217,:3,:6001",2014-03-17T17:32:03.689900,MQ,MLM,14.7846,-61.1786,370.0,3844.0,,3844,100.0,ZNE,train,"bucket1$217,:3,:6001",
271,"bucket0$218,:3,:6001",2014-03-17T17:31:56.750000,WI,SAM,14.84108,-61.1638,485.0,4564.0,4913.0,4564,100.0,ZNE,train,"bucket1$218,:3,:6001",
272,"bucket0$219,:3,:6001",2014-03-17T17:32:12.350000,MQ,IA2,14.80307,-61.20515,289.0,3057.0,3244.0,3057,100.0,ZNE,train,"bucket1$219,:3,:6001",
273,"bucket1$27,:3,:6001",2014-03-17T17:32:10.579900,MQ,BAM,14.8171,-61.1445,670.0,3272.0,,3272,100.0,ZNE,dev,"bucket0$27,:3,:6001",
274,"bucket0$220,:3,:6001",2014-03-17T17:32:18.110000,MQ,LAM,14.81292,-61.16314,1240.0,4926.0,5323.0,4926,100.0,ZNE,train,"bucket1$220,:3,:6001",
275,"bucket0$221,:3,:6001",2014-03-17T17:33:01.839900,MQ,BAM,14.8171,-61.1445,670.0,558.0,,558,100.0,ZNE,train,"bucket1$221,:3,:6001",
276,"bucket0$222,:3,:6001",2014-03-17T17:32:57.319900,MQ,GBM,14.799451,-61.159276,800.0,1044.0,,1044,100.0,ZNE,train,"bucket1$222,:3,:6001",
277,"bucket0$223,:3,:6001",2014-03-17T17:33:01.660000,MQ,IA2,14.80307,-61.20515,289.0,633.0,1072.0,633,100.0,ZNE,train,"bucket1$223,:3,:6001",
278,"bucket0$224,:3,:6001",2014-03-17T20:12:54.790000,MQ,LAM,14.81292,-61.16314,1240.0,651.0,797.0,651,100.0,ZNE,train,"bucket1$224,:3,:6001",
279,"bucket0$225,:3,:6001",2014-03-17T20:12:29.199900,MQ,GBM,14.799451,-61.159276,800.0,3226.0,,3226,100.0,ZNE,train,"bucket1$225,:3,:6001",
280,"bucket0$226,:3,:6001",2014-03-17T20:12:10.269900,MQ,BAM,14.8171,-61.1445,670.0,5204.0,,5204,100.0,ZNE,train,"bucket1$226,:3,:6001",
281,"bucket0$227,:3,:6001",2014-03-17T23:53:15.920000,MQ,LAM,14.81292,-61.16314,1240.0,4008.0,4796.0,4008,100.0,ZNE,train,"bucket1$227,:3,:6001",
282,"bucket0$228,:3,:6001",2014-03-17T23:53:42.459900,MQ,GBM,14.799451,-61.159276,800.0,1422.0,,1422,100.0,ZNE,train,"bucket1$228,:3,:6001",
283,"bucket0$229,:3,:6001",2014-03-17T23:53:09.369900,MQ,MLM,14.7846,-61.1786,370.0,4777.0,,4777,100.0,ZNE,train,"bucket1$229,:3,:6001",
284,"bucket0$230,:3,:6001",2014-03-17T23:53:08.779900,MQ,BAM,14.8171,-61.1445,670.0,4864.0,,4864,100.0,ZNE,train,"bucket1$230,:3,:6001",
285,"bucket0$231,:3,:6001",2014-03-17T23:53:36.920000,MQ,IA2,14.80307,-61.20515,289.0,2179.0,2930.0,2179,100.0,ZNE,train,"bucket1$231,:3,:6001",
286,"bucket0$232,:3,:6001",2014-03-18T00:23:53.040000,MQ,LAM,14.81292,-61.16314,1240.0,2143.0,2399.0,2143,100.0,ZNE,train,"bucket1$232,:3,:6001",
287,"bucket0$233,:3,:6001",2014-03-18T00:23:24.209900,MQ,GBM,14.799451,-61.159276,800.0,5101.0,,5101,100.0,ZNE,train,"bucket1$233,:3,:6001",
288,"bucket1$28,:3,:6001",2014-03-18T00:24:02.829900,MQ,BAM,14.8171,-61.1445,670.0,1266.0,,1266,100.0,ZNE,dev,"bucket0$28,:3,:6001",
289,"bucket1$29,:3,:6001",2014-03-18T05:13:15.090000,MQ,LAM,14.81292,-61.16314,1240.0,5117.0,5294.0,5117,100.0,ZNE,dev,"bucket0$29,:3,:6001",
290,"bucket0$234,:3,:6001",2014-03-18T05:13:38.539900,MQ,GBM,14.799451,-61.159276,800.0,2791.0,,2791,100.0,ZNE,train,"bucket1$234,:3,:6001",
291,"bucket3$26,:3,:6001",2014-03-18T05:13:16.659900,MQ,BAM,14.8171,-61.1445,670.0,4996.0,,4996,100.0,ZNE,test,"bucket2$26,:3,:6001",
292,"bucket0$235,:3,:6001",2014-03-18T05:13:57.100000,MQ,IA2,14.80307,-61.20515,289.0,956.0,1078.0,956,100.0,ZNE,train,"bucket1$235,:3,:6001",
293,"bucket0$236,:3,:6001",2014-03-19T15:54:52.830000,MQ,LAM,14.81292,-61.16314,1240.0,3958.0,4338.0,3958,100.0,ZNE,train,"bucket1$236,:3,:6001",
294,"bucket0$237,:3,:6001",2014-03-19T15:54:51.209900,MQ,GBM,14.799451,-61.159276,800.0,4136.0,,4136,100.0,ZNE,train,"bucket1$237,:3,:6001",
295,"bucket0$238,:3,:6001",2014-03-19T15:55:07.289900,MQ,BAM,14.8171,-61.1445,670.0,2574.0,,2574,100.0,ZNE,train,"bucket1$238,:3,:6001",
296,"bucket0$239,:3,:6001",2014-03-22T15:44:49.559900,MQ,BAM,14.8171,-61.1445,670.0,1133.0,,1133,100.0,ZNE,train,"bucket1$239,:3,:6001",
297,"bucket0$240,:3,:6001",2014-03-22T15:44:35.119900,MQ,GBM,14.799451,-61.159276,800.0,2597.0,,2597,100.0,ZNE,train,"bucket1$240,:3,:6001",
298,"bucket0$241,:3,:6001",2014-03-22T15:44:08.420000,MQ,LAM,14.81292,-61.16314,1240.0,5280.0,5418.0,5280,100.0,ZNE,train,"bucket1$241,:3,:6001",
299,"bucket0$242,:3,:6001",2014-03-22T15:44:47.060000,MQ,IA2,14.80307,-61.20515,289.0,1455.0,1576.0,1455,100.0,ZNE,train,"bucket1$242,:3,:6001",
300,"bucket3$27,:3,:6001",2014-03-22T21:47:39.440000,MQ,LAM,14.81292,-61.16314,1240.0,3632.0,3672.0,3632,100.0,ZNE,test,"bucket2$27,:3,:6001",
301,"bucket1$30,:3,:6001",2014-03-22T21:48:04.299900,MQ,GBM,14.799451,-61.159276,800.0,1193.0,,1193,100.0,ZNE,dev,"bucket0$30,:3,:6001",
302,"bucket0$243,:3,:6001",2014-03-22T21:47:54.689900,MQ,BAM,14.8171,-61.1445,670.0,2158.0,,2158,100.0,ZNE,train,"bucket1$243,:3,:6001",
303,"bucket0$244,:3,:6001",2014-03-28T08:30:18.579900,MQ,GBM,14.799451,-61.159276,800.0,1387.0,,1387,100.0,ZNE,train,"bucket1$244,:3,:6001",
304,"bucket3$28,:3,:6001",2014-03-28T08:30:01.680000,MQ,LAM,14.81292,-61.16314,1240.0,3081.0,3235.0,3081,100.0,ZNE,test,"bucket2$28,:3,:6001",
305,"bucket0$245,:3,:6001",2014-03-28T08:29:56.889900,MQ,BAM,14.8171,-61.1445,670.0,3591.0,,3591,100.0,ZNE,train,"bucket1$245,:3,:6001",
306,"bucket0$246,:3,:6001",2014-03-28T08:29:43.340000,MQ,IA2,14.80307,-61.20515,289.0,,5054.0,5054,100.0,ZNE,train,"bucket1$246,:3,:6001",
307,"bucket0$247,:3,:6001",2014-03-28T08:48:03.740000,WI,SAM,14.84108,-61.1638,485.0,4270.0,4491.0,4270,100.0,ZNE,train,"bucket1$247,:3,:6001",
308,"bucket0$248,:3,:6001",2014-03-28T08:48:26.750000,MQ,IA2,14.80307,-61.20515,289.0,1996.0,2176.0,1996,100.0,ZNE,train,"bucket1$248,:3,:6001",
309,"bucket0$249,:3,:6001",2014-03-28T08:48:35.079900,MQ,GBM,14.799451,-61.159276,800.0,1168.0,,1168,100.0,ZNE,train,"bucket1$249,:3,:6001",
310,"bucket0$250,:3,:6001",2014-03-28T08:47:57.830000,MQ,LAM,14.81292,-61.16314,1240.0,4914.0,5066.0,4914,100.0,ZNE,train,"bucket1$250,:3,:6001",
311,"bucket0$251,:3,:6001",2014-03-28T08:48:33.579900,MQ,BAM,14.8171,-61.1445,670.0,1376.0,,1376,100.0,ZNE,train,"bucket1$251,:3,:6001",
312,"bucket0$252,:3,:6001",2014-03-28T09:14:27.589900,MQ,GBM,14.799451,-61.159276,800.0,4943.0,,4943,100.0,ZNE,train,"bucket1$252,:3,:6001",
313,"bucket3$29,:3,:6001",2014-03-28T09:14:34.230000,MQ,LAM,14.81292,-61.16314,1240.0,4280.0,4445.0,4280,100.0,ZNE,test,"bucket2$29,:3,:6001",
314,"bucket0$253,:3,:6001",2014-03-28T09:15:02.609900,MQ,BAM,14.8171,-61.1445,670.0,1483.0,,1483,100.0,ZNE,train,"bucket1$253,:3,:6001",
315,"bucket0$254,:3,:6001",2014-03-28T09:15:07.780000,MQ,IA2,14.80307,-61.20515,289.0,984.0,1074.0,984,100.0,ZNE,train,"bucket1$254,:3,:6001",
316,"bucket0$255,:3,:6001",2014-03-28T09:14:49.339900,MQ,CPM,14.8168,-61.2074,242.0,2854.0,,2854,100.0,ZNE,train,"bucket1$255,:3,:6001",
317,"bucket0$256,:3,:6001",2014-03-28T09:25:35.350000,MQ,LAM,14.81292,-61.16314,1240.0,2854.0,2904.0,2854,100.0,ZNE,train,"bucket1$256,:3,:6001",
318,"bucket0$257,:3,:6001",2014-03-28T09:25:54.279900,MQ,GBM,14.799451,-61.159276,800.0,990.0,,990,100.0,ZNE,train,"bucket1$257,:3,:6001",
319,"bucket0$258,:3,:6001",2014-03-28T09:25:16.589900,MQ,BAM,14.8171,-61.1445,670.0,4771.0,,4771,100.0,ZNE,train,"bucket1$258,:3,:6001",
320,"bucket0$259,:3,:6001",2014-03-28T09:25:59.110000,MQ,IA2,14.80307,-61.20515,289.0,538.0,715.0,538,100.0,ZNE,train,"bucket1$259,:3,:6001",
321,"bucket0$260,:3,:6001",2014-03-30T09:24:26.820000,MQ,LAM,14.81292,-61.16314,1240.0,1757.0,1845.0,1757,100.0,ZNE,train,"bucket1$260,:3,:6001",
322,"bucket0$261,:3,:6001",2014-03-30T09:24:07.059900,MQ,GBM,14.799451,-61.159276,800.0,3774.0,,3774,100.0,ZNE,train,"bucket1$261,:3,:6001",
323,"bucket0$262,:3,:6001",2014-03-30T09:24:37.349900,MQ,BAM,14.8171,-61.1445,670.0,791.0,,791,100.0,ZNE,train,"bucket1$262,:3,:6001",
324,"bucket0$263,:3,:6001",2014-03-30T09:24:07.510000,MQ,IA2,14.80307,-61.20515,289.0,3786.0,3865.0,3786,100.0,ZNE,train,"bucket1$263,:3,:6001",
325,"bucket1$31,:3,:6001",2014-04-01T19:23:27.540000,MQ,LAM,14.81292,-61.16314,1240.0,5203.0,5299.0,5203,100.0,ZNE,dev,"bucket0$31,:3,:6001",
326,"bucket0$264,:3,:6001",2014-04-01T19:23:39.519900,MQ,GBM,14.799451,-61.159276,800.0,3988.0,,3988,100.0,ZNE,train,"bucket1$264,:3,:6001",
327,"bucket1$32,:3,:6001",2014-04-01T21:23:12.169900,MQ,GBM,14.799451,-61.159276,800.0,605.0,,605,100.0,ZNE,dev,"bucket0$32,:3,:6001",
328,"bucket3$30,:3,:6001",2014-04-01T21:23:00.090000,MQ,LAM,14.81292,-61.16314,1240.0,1832.0,1896.0,1832,100.0,ZNE,test,"bucket2$30,:3,:6001",
329,"bucket0$265,:3,:6001",2014-04-01T21:22:38.849900,MQ,BAM,14.8171,-61.1445,670.0,3971.0,,3971,100.0,ZNE,train,"bucket1$265,:3,:6001",
330,"bucket0$266,:3,:6001",2014-04-01T23:07:37.039900,MQ,BAM,14.8171,-61.1445,670.0,1002.0,,1002,100.0,ZNE,train,"bucket1$266,:3,:6001",
331,"bucket1$33,:3,:6001",2014-04-01T23:07:15.189900,MQ,GBM,14.799451,-61.159276,800.0,3195.0,,3195,100.0,ZNE,dev,"bucket0$33,:3,:6001",
332,"bucket3$31,:3,:6001",2014-04-01T23:06:56.200000,MQ,IA2,14.80307,-61.20515,289.0,5153.0,5314.0,5153,100.0,ZNE,test,"bucket2$31,:3,:6001",
333,"bucket0$267,:3,:6001",2014-04-01T23:07:23.389900,MQ,CPM,14.8168,-61.2074,242.0,2468.0,,2468,100.0,ZNE,train,"bucket1$267,:3,:6001",
334,"bucket0$268,:3,:6001",2014-04-01T23:07:00.860000,MQ,LAM,14.81292,-61.16314,1240.0,4861.0,,4861,100.0,ZNE,train,"bucket1$268,:3,:6001",
335,"bucket0$269,:3,:6001",2014-04-01T23:11:00.939900,MQ,BAM,14.8171,-61.1445,670.0,3224.0,,3224,100.0,ZNE,train,"bucket1$269,:3,:6001",
336,"bucket0$270,:3,:6001",2014-04-01T23:11:05.679900,MQ,GBM,14.799451,-61.159276,800.0,2766.0,,2766,100.0,ZNE,train,"bucket1$270,:3,:6001",
337,"bucket0$271,:3,:6001",2014-04-01T23:11:11.230000,MQ,IA2,14.80307,-61.20515,289.0,2213.0,2372.0,2213,100.0,ZNE,train,"bucket1$271,:3,:6001",
338,"bucket0$272,:3,:6001",2014-04-01T23:10:47.649900,MQ,CPM,14.8168,-61.2074,242.0,4598.0,,4598,100.0,ZNE,train,"bucket1$272,:3,:6001",
339,"bucket0$273,:3,:6001",2014-04-01T23:11:20.100000,MQ,LAM,14.81292,-61.16314,1240.0,,1563.0,1563,100.0,ZNE,train,"bucket1$273,:3,:6001",
340,"bucket0$274,:3,:6001",2014-04-02T01:44:39.130000,MQ,LAM,14.81292,-61.16314,1240.0,3470.0,3545.0,3470,100.0,ZNE,train,"bucket1$274,:3,:6001",
341,"bucket0$275,:3,:6001",2014-04-02T01:45:02.989900,MQ,GBM,14.799451,-61.159276,800.0,1115.0,,1115,100.0,ZNE,train,"bucket1$275,:3,:6001",
342,"bucket0$276,:3,:6001",2014-04-02T01:45:04.449900,MQ,BAM,14.8171,-61.1445,670.0,1037.0,,1037,100.0,ZNE,train,"bucket1$276,:3,:6001",
343,"bucket0$277,:3,:6001",2014-04-02T01:44:50.260000,MQ,IA2,14.80307,-61.20515,289.0,,2521.0,2521,100.0,ZNE,train,"bucket1$277,:3,:6001",
344,"bucket3$32,:3,:6001",2014-04-02T03:28:46.289900,MQ,GBM,14.799451,-61.159276,800.0,3786.0,,3786,100.0,ZNE,test,"bucket2$32,:3,:6001",
345,"bucket0$278,:3,:6001",2014-04-02T03:29:16.580000,MQ,LAM,14.81292,-61.16314,1240.0,758.0,812.0,758,100.0,ZNE,train,"bucket1$278,:3,:6001",
346,"bucket0$279,:3,:6001",2014-04-02T03:29:07.629900,MQ,BAM,14.8171,-61.1445,670.0,1696.0,,1696,100.0,ZNE,train,"bucket1$279,:3,:6001",
347,"bucket0$280,:3,:6001",2014-04-02T04:42:35.839900,MQ,BAM,14.8171,-61.1445,670.0,4796.0,,4796,100.0,ZNE,train,"bucket1$280,:3,:6001",
348,"bucket0$281,:3,:6001",2014-04-02T04:42:54.740000,MQ,LAM,14.81292,-61.16314,1240.0,2930.0,2979.0,2930,100.0,ZNE,train,"bucket1$281,:3,:6001",
349,"bucket0$282,:3,:6001",2014-04-02T04:43:16.219900,MQ,GBM,14.799451,-61.159276,800.0,782.0,,782,100.0,ZNE,train,"bucket1$282,:3,:6001",
350,"bucket3$33,:3,:6001",2014-04-02T06:45:57.110000,MQ,LAM,14.81292,-61.16314,1240.0,1336.0,2010.0,1336,100.0,ZNE,test,"bucket2$33,:3,:6001",
351,"bucket0$283,:3,:6001",2014-04-02T06:45:57.519900,MQ,GBM,14.799451,-61.159276,800.0,1297.0,,1297,100.0,ZNE,train,"bucket1$283,:3,:6001",
352,"bucket0$284,:3,:6001",2014-04-02T06:45:43.769900,MQ,BAM,14.8171,-61.1445,670.0,2706.0,,2706,100.0,ZNE,train,"bucket1$284,:3,:6001",
353,"bucket1$34,:3,:6001",2014-04-02T06:45:38.359900,MQ,MLM,14.7846,-61.1786,370.0,3262.0,,3262,100.0,ZNE,dev,"bucket0$34,:3,:6001",
354,"bucket3$34,:3,:6001",2014-04-02T06:45:48.649900,MQ,CPM,14.8168,-61.2074,242.0,2237.0,,2237,100.0,ZNE,test,"bucket2$34,:3,:6001",
355,"bucket0$285,:3,:6001",2014-04-02T06:45:34.060000,MQ,IA2,14.80307,-61.20515,289.0,3740.0,4285.0,3740,100.0,ZNE,train,"bucket1$285,:3,:6001",
356,"bucket0$286,:3,:6001",2014-04-02T07:06:14.319900,MQ,GBM,14.799451,-61.159276,800.0,2817.0,,2817,100.0,ZNE,train,"bucket1$286,:3,:6001",
357,"bucket0$287,:3,:6001",2014-04-02T07:05:49.790000,MQ,LAM,14.81292,-61.16314,1240.0,5289.0,5485.0,5289,100.0,ZNE,train,"bucket1$287,:3,:6001",
358,"bucket0$288,:3,:6001",2014-04-02T07:06:08.199900,MQ,BAM,14.8171,-61.1445,670.0,3520.0,,3520,100.0,ZNE,train,"bucket1$288,:3,:6001",
359,"bucket0$289,:3,:6001",2014-04-02T07:20:20.169900,MQ,GBM,14.799451,-61.159276,800.0,4317.0,,4317,100.0,ZNE,train,"bucket1$289,:3,:6001",
360,"bucket3$35,:3,:6001",2014-04-02T07:20:56.280000,MQ,LAM,14.81292,-61.16314,1240.0,707.0,788.0,707,100.0,ZNE,test,"bucket2$35,:3,:6001",
361,"bucket0$290,:3,:6001",2014-04-02T07:20:08.939900,MQ,BAM,14.8171,-61.1445,670.0,5478.0,,5478,100.0,ZNE,train,"bucket1$290,:3,:6001",
362,"bucket3$36,:3,:6001",2014-04-02T07:20:39.590000,MQ,IA2,14.80307,-61.20515,289.0,2429.0,2536.0,2429,100.0,ZNE,test,"bucket2$36,:3,:6001",
363,"bucket1$35,:3,:6001",2014-04-02T07:27:10.870000,MQ,LAM,14.81292,-61.16314,1240.0,2797.0,2880.0,2797,100.0,ZNE,dev,"bucket0$35,:3,:6001",
364,"bucket0$291,:3,:6001",2014-04-02T07:27:07.199900,MQ,GBM,14.799451,-61.159276,800.0,3174.0,,3174,100.0,ZNE,train,"bucket1$291,:3,:6001",
365,"bucket0$292,:3,:6001",2014-04-02T07:26:57.519900,MQ,BAM,14.8171,-61.1445,670.0,4143.0,,4143,100.0,ZNE,train,"bucket1$292,:3,:6001",
366,"bucket0$293,:3,:6001",2014-04-02T08:25:32.780000,MQ,LAM,14.81292,-61.16314,1240.0,3173.0,3242.0,3173,100.0,ZNE,train,"bucket1$293,:3,:6001",
367,"bucket0$294,:3,:6001",2014-04-02T08:25:52.759900,MQ,GBM,14.799451,-61.159276,800.0,1184.0,,1184,100.0,ZNE,train,"bucket1$294,:3,:6001",
368,"bucket0$295,:3,:6001",2014-04-02T08:25:34.159900,MQ,BAM,14.8171,-61.1445,670.0,3063.0,,3063,100.0,ZNE,train,"bucket1$295,:3,:6001",
369,"bucket0$296,:3,:6001",2014-04-02T08:53:52.010000,MQ,LAM,14.81292,-61.16314,1240.0,2135.0,2297.0,2135,100.0,ZNE,train,"bucket1$296,:3,:6001",
370,"bucket0$297,:3,:6001",2014-04-02T08:53:50.089900,MQ,GBM,14.799451,-61.159276,800.0,2329.0,,2329,100.0,ZNE,train,"bucket1$297,:3,:6001",
371,"bucket0$298,:3,:6001",2014-04-02T08:53:41.509900,MQ,BAM,14.8171,-61.1445,670.0,3225.0,,3225,100.0,ZNE,train,"bucket1$298,:3,:6001",
372,"bucket0$299,:3,:6001",2014-04-02T08:53:33.720000,MQ,IA2,14.80307,-61.20515,289.0,4061.0,4142.0,4061,100.0,ZNE,train,"bucket1$299,:3,:6001",
373,"bucket1$36,:3,:6001",2014-04-02T08:53:30.240000,WI,SAM,14.84108,-61.1638,485.0,4459.0,4550.0,4459,100.0,ZNE,dev,"bucket0$36,:3,:6001",
374,"bucket1$37,:3,:6001",2014-04-02T10:35:28.640000,MQ,LAM,14.81292,-61.16314,1240.0,1164.0,1247.0,1164,100.0,ZNE,dev,"bucket0$37,:3,:6001",
375,"bucket0$300,:3,:6001",2014-04-02T10:34:47.670000,MQ,IA2,14.80307,-61.20515,289.0,5281.0,5401.0,5281,100.0,ZNE,train,"bucket1$300,:3,:6001",
376,"bucket0$301,:3,:6001",2014-04-02T10:34:53.990000,WI,SAM,14.84108,-61.1638,485.0,4651.0,4751.0,4651,100.0,ZNE,train,"bucket1$301,:3,:6001",
377,"bucket0$302,:3,:6001",2014-04-02T10:35:07.729900,MQ,GBM,14.799451,-61.159276,800.0,3282.0,,3282,100.0,ZNE,train,"bucket1$302,:3,:6001",
378,"bucket1$38,:3,:6001",2014-04-02T10:34:53.639900,MQ,BAM,14.8171,-61.1445,670.0,4695.0,,4695,100.0,ZNE,dev,"bucket0$38,:3,:6001",
379,"bucket0$303,:3,:6001",2014-04-02T10:34:48.599900,MQ,CPM,14.8168,-61.2074,242.0,5206.0,,5206,100.0,ZNE,train,"bucket1$303,:3,:6001",
380,"bucket0$304,:3,:6001",2014-04-02T11:21:26.049900,MQ,GBM,14.799451,-61.159276,800.0,1301.0,,1301,100.0,ZNE,train,"bucket1$304,:3,:6001",
381,"bucket0$305,:3,:6001",2014-04-02T11:21:23.340000,MQ,LAM,14.81292,-61.16314,1240.0,1614.0,,1614,100.0,ZNE,train,"bucket1$305,:3,:6001",
382,"bucket0$306,:3,:6001",2014-04-02T11:21:16.989900,MQ,BAM,14.8171,-61.1445,670.0,2333.0,,2333,100.0,ZNE,train,"bucket1$306,:3,:6001",
383,"bucket0$307,:3,:6001",2014-04-02T12:17:51.130000,MQ,LAM,14.81292,-61.16314,1240.0,4748.0,5145.0,4748,100.0,ZNE,train,"bucket1$307,:3,:6001",
384,"bucket0$308,:3,:6001",2014-04-02T12:18:25.109900,MQ,GBM,14.799451,-61.159276,800.0,1404.0,,1404,100.0,ZNE,train,"bucket1$308,:3,:6001",
385,"bucket0$309,:3,:6001",2014-04-02T12:18:32.089900,MQ,BAM,14.8171,-61.1445,670.0,764.0,,764,100.0,ZNE,train,"bucket1$309,:3,:6001",
386,"bucket0$310,:3,:6001",2014-04-02T12:17:49.280000,MQ,IA2,14.80307,-61.20515,289.0,,5259.0,5259,100.0,ZNE,train,"bucket1$310,:3,:6001",
387,"bucket3$37,:3,:6001",2014-04-02T12:18:15.350000,WI,SAM,14.84108,-61.1638,485.0,,2676.0,2676,100.0,ZNE,test,"bucket2$37,:3,:6001",
388,"bucket0$311,:3,:6001",2014-04-02T12:18:32.389900,MQ,MLM,14.7846,-61.1786,370.0,978.0,,978,100.0,ZNE,train,"bucket1$311,:3,:6001",
389,"bucket0$312,:3,:6001",2014-04-02T12:18:16.569900,MQ,CPM,14.8168,-61.2074,242.0,2643.0,,2643,100.0,ZNE,train,"bucket1$312,:3,:6001",
390,"bucket0$313,:3,:6001",2014-04-02T12:46:45.230000,MQ,LAM,14.81292,-61.16314,1240.0,1695.0,1761.0,1695,100.0,ZNE,train,"bucket1$313,:3,:6001",
391,"bucket0$314,:3,:6001",2014-04-02T12:46:31.649900,MQ,GBM,14.799451,-61.159276,800.0,3065.0,,3065,100.0,ZNE,train,"bucket1$314,:3,:6001",
392,"bucket1$39,:3,:6001",2014-04-02T12:46:19.599900,MQ,BAM,14.8171,-61.1445,670.0,4273.0,,4273,100.0,ZNE,dev,"bucket0$39,:3,:6001",
393,"bucket1$40,:3,:6001",2014-04-02T13:22:11.900000,MQ,LAM,14.81292,-61.16314,1240.0,2480.0,2948.0,2480,100.0,ZNE,dev,"bucket0$40,:3,:6001",
394,"bucket1$41,:3,:6001",2014-04-02T13:22:13.479900,MQ,GBM,14.799451,-61.159276,800.0,2372.0,,2372,100.0,ZNE,dev,"bucket0$41,:3,:6001",
395,"bucket0$315,:3,:6001",2014-04-02T13:22:25.639900,MQ,BAM,14.8171,-61.1445,670.0,1273.0,,1273,100.0,ZNE,train,"bucket1$315,:3,:6001",
396,"bucket0$316,:3,:6001",2014-04-02T13:22:21.340000,WI,SAM,14.84108,-61.1638,485.0,1748.0,2170.0,1748,100.0,ZNE,train,"bucket1$316,:3,:6001",
397,"bucket0$317,:3,:6001",2014-04-02T13:22:36.520000,MQ,IA2,14.80307,-61.20515,289.0,,597.0,597,100.0,ZNE,train,"bucket1$317,:3,:6001",
398,"bucket0$318,:3,:6001",2014-04-02T13:42:47.900000,MQ,LAM,14.81292,-61.16314,1240.0,1451.0,1786.0,1451,100.0,ZNE,train,"bucket1$318,:3,:6001",
399,"bucket0$319,:3,:6001",2014-04-02T13:42:35.969900,MQ,GBM,14.799451,-61.159276,800.0,2645.0,,2645,100.0,ZNE,train,"bucket1$319,:3,:6001",
400,"bucket0$320,:3,:6001",2014-04-02T13:42:32.799900,MQ,BAM,14.8171,-61.1445,670.0,2995.0,,2995,100.0,ZNE,train,"bucket1$320,:3,:6001",
401,"bucket0$321,:3,:6001",2014-04-02T13:42:25.010000,WI,SAM,14.84108,-61.1638,485.0,3886.0,4158.0,3886,100.0,ZNE,train,"bucket1$321,:3,:6001",
402,"bucket0$322,:3,:6001",2014-04-02T13:42:58.759900,MQ,CPM,14.8168,-61.2074,242.0,988.0,,988,100.0,ZNE,train,"bucket1$322,:3,:6001",
403,"bucket0$323,:3,:6001",2014-04-02T15:28:38.210000,MQ,LAM,14.81292,-61.16314,1240.0,3813.0,4039.0,3813,100.0,ZNE,train,"bucket1$323,:3,:6001",
404,"bucket0$324,:3,:6001",2014-04-02T15:29:06.249900,MQ,GBM,14.799451,-61.159276,800.0,1052.0,,1052,100.0,ZNE,train,"bucket1$324,:3,:6001",
405,"bucket0$325,:3,:6001",2014-04-02T15:28:39.809900,MQ,BAM,14.8171,-61.1445,670.0,3759.0,,3759,100.0,ZNE,train,"bucket1$325,:3,:6001",
406,"bucket0$326,:3,:6001",2014-04-02T15:36:51.949900,MQ,BAM,14.8171,-61.1445,670.0,3023.0,,3023,100.0,ZNE,train,"bucket1$326,:3,:6001",
407,"bucket0$327,:3,:6001",2014-04-02T15:37:16.100000,MQ,LAM,14.81292,-61.16314,1240.0,618.0,667.0,618,100.0,ZNE,train,"bucket1$327,:3,:6001",
408,"bucket0$328,:3,:6001",2014-04-02T15:37:06.819900,MQ,GBM,14.799451,-61.159276,800.0,1605.0,,1605,100.0,ZNE,train,"bucket1$328,:3,:6001",
409,"bucket0$329,:3,:6001",2014-04-02T15:41:50.340000,MQ,LAM,14.81292,-61.16314,1240.0,4459.0,,4459,100.0,ZNE,train,"bucket1$329,:3,:6001",
410,"bucket0$330,:3,:6001",2014-04-02T15:42:29.529900,MQ,GBM,14.799451,-61.159276,800.0,582.0,,582,100.0,ZNE,train,"bucket1$330,:3,:6001",
411,"bucket0$331,:3,:6001",2014-04-02T15:42:07.039900,MQ,BAM,14.8171,-61.1445,670.0,2862.0,,2862,100.0,ZNE,train,"bucket1$331,:3,:6001",
412,"bucket0$332,:3,:6001",2014-04-02T16:57:44,MQ,LAM,14.81292,-61.16314,1240.0,2459.0,3026.0,2459,100.0,ZNE,train,"bucket1$332,:3,:6001",
413,"bucket0$333,:3,:6001",2014-04-02T16:58:03.039900,MQ,GBM,14.799451,-61.159276,800.0,570.0,,570,100.0,ZNE,train,"bucket1$333,:3,:6001",
414,"bucket1$42,:3,:6001",2014-04-02T16:57:52.400000,WI,SAM,14.84108,-61.1638,485.0,1662.0,2344.0,1662,100.0,ZNE,dev,"bucket0$42,:3,:6001",
415,"bucket0$334,:3,:6001",2014-04-02T16:57:46.219900,MQ,BAM,14.8171,-61.1445,670.0,2290.0,,2290,100.0,ZNE,train,"bucket1$334,:3,:6001",
416,"bucket0$335,:3,:6001",2014-04-02T16:57:59.630000,MQ,IA2,14.80307,-61.20515,289.0,,1588.0,1588,100.0,ZNE,train,"bucket1$335,:3,:6001",
417,"bucket0$336,:3,:6001",2014-04-02T18:32:22.929900,MQ,GBM,14.799451,-61.159276,800.0,4713.0,,4713,100.0,ZNE,train,"bucket1$336,:3,:6001",
418,"bucket0$337,:3,:6001",2014-04-02T18:32:44,MQ,LAM,14.81292,-61.16314,1240.0,2610.0,2842.0,2610,100.0,ZNE,train,"bucket1$337,:3,:6001",
419,"bucket0$338,:3,:6001",2014-04-02T18:32:40.779900,MQ,BAM,14.8171,-61.1445,670.0,2945.0,,2945,100.0,ZNE,train,"bucket1$338,:3,:6001",
420,"bucket3$38,:3,:6001",2014-04-02T18:32:31.710000,MQ,IA2,14.80307,-61.20515,289.0,,4162.0,4162,100.0,ZNE,test,"bucket2$38,:3,:6001",
421,"bucket3$39,:3,:6001",2014-04-03T04:22:56.780000,MQ,IA2,14.80307,-61.20515,289.0,1827.0,2001.0,1827,100.0,ZNE,test,"bucket2$39,:3,:6001",
422,"bucket0$339,:3,:6001",2014-04-03T04:23:07.669900,MQ,GBM,14.799451,-61.159276,800.0,743.0,,743,100.0,ZNE,train,"bucket1$339,:3,:6001",
423,"bucket3$40,:3,:6001",2014-04-03T04:22:46.270000,MQ,LAM,14.81292,-61.16314,1240.0,2901.0,3040.0,2901,100.0,ZNE,test,"bucket2$40,:3,:6001",
424,"bucket3$41,:3,:6001",2014-04-03T04:22:26.099900,MQ,MLM,14.7846,-61.1786,370.0,4925.0,,4925,100.0,ZNE,test,"bucket2$41,:3,:6001",
425,"bucket0$340,:3,:6001",2014-04-03T04:23:09.799900,MQ,BAM,14.8171,-61.1445,670.0,586.0,,586,100.0,ZNE,train,"bucket1$340,:3,:6001",
426,"bucket0$341,:3,:6001",2014-04-04T00:37:53.910000,MQ,IA2,14.80307,-61.20515,289.0,4584.0,4852.0,4584,100.0,ZNE,train,"bucket1$341,:3,:6001",
427,"bucket0$342,:3,:6001",2014-04-04T00:38:16.130000,MQ,LAM,14.81292,-61.16314,1240.0,2466.0,2595.0,2466,100.0,ZNE,train,"bucket1$342,:3,:6001",
428,"bucket0$343,:3,:6001",2014-04-04T00:38:10.209900,MQ,GBM,14.799451,-61.159276,800.0,3065.0,,3065,100.0,ZNE,train,"bucket1$343,:3,:6001",
429,"bucket0$344,:3,:6001",2014-04-04T00:38:16.999900,MQ,MLM,14.7846,-61.1786,370.0,2388.0,,2388,100.0,ZNE,train,"bucket1$344,:3,:6001",
430,"bucket0$345,:3,:6001",2014-04-04T00:37:50.469900,MQ,BAM,14.8171,-61.1445,670.0,5098.0,,5098,100.0,ZNE,train,"bucket1$345,:3,:6001",
431,"bucket0$346,:3,:6001",2014-04-04T13:47:41.030000,MQ,LAM,14.81292,-61.16314,1240.0,2056.0,2539.0,2056,100.0,ZNE,train,"bucket1$346,:3,:6001",
432,"bucket0$347,:3,:6001",2014-04-04T13:47:28.929900,MQ,BAM,14.8171,-61.1445,670.0,3274.0,,3274,100.0,ZNE,train,"bucket1$347,:3,:6001",
433,"bucket0$348,:3,:6001",2014-04-04T13:47:15.529900,MQ,GBM,14.799451,-61.159276,800.0,4625.0,,4625,100.0,ZNE,train,"bucket1$348,:3,:6001",
434,"bucket0$349,:3,:6001",2014-04-05T03:59:08.250000,MQ,LAM,14.81292,-61.16314,1240.0,860.0,1379.0,860,100.0,ZNE,train,"bucket1$349,:3,:6001",
435,"bucket0$350,:3,:6001",2014-04-05T03:58:53.999900,MQ,BAM,14.8171,-61.1445,670.0,2307.0,,2307,100.0,ZNE,train,"bucket1$350,:3,:6001",
436,"bucket0$351,:3,:6001",2014-04-05T03:58:59.119900,MQ,GBM,14.799451,-61.159276,800.0,1801.0,,1801,100.0,ZNE,train,"bucket1$351,:3,:6001",
437,"bucket0$352,:3,:6001",2014-04-05T03:58:41.940000,MQ,IA2,14.80307,-61.20515,289.0,3526.0,4049.0,3526,100.0,ZNE,train,"bucket1$352,:3,:6001",
438,"bucket1$43,:3,:6001",2014-04-05T03:58:54.889900,MQ,MLM,14.7846,-61.1786,370.0,2284.0,,2284,100.0,ZNE,dev,"bucket0$43,:3,:6001",
439,"bucket1$44,:3,:6001",2014-04-05T03:58:55.559900,MQ,CPM,14.8168,-61.2074,242.0,2268.0,,2268,100.0,ZNE,dev,"bucket0$44,:3,:6001",
440,"bucket0$353,:3,:6001",2014-04-05T05:40:57.280000,MQ,LAM,14.81292,-61.16314,1240.0,2501.0,2631.0,2501,100.0,ZNE,train,"bucket1$353,:3,:6001",
441,"bucket0$354,:3,:6001",2014-04-05T05:40:49.509900,MQ,GBM,14.799451,-61.159276,800.0,3298.0,,3298,100.0,ZNE,train,"bucket1$354,:3,:6001",
442,"bucket1$45,:3,:6001",2014-04-05T05:40:53.230000,MQ,IA2,14.80307,-61.20515,289.0,2957.0,3062.0,2957,100.0,ZNE,dev,"bucket0$45,:3,:6001",
443,"bucket0$355,:3,:6001",2014-04-05T05:41:13.489900,MQ,BAM,14.8171,-61.1445,670.0,954.0,,954,100.0,ZNE,train,"bucket1$355,:3,:6001",
444,"bucket0$356,:3,:6001",2014-04-06T09:14:15.580000,MQ,LAM,14.81292,-61.16314,1240.0,776.0,,776,100.0,ZNE,train,"bucket1$356,:3,:6001",
445,"bucket1$46,:3,:6001",2014-04-06T09:14:00.099900,MQ,GBM,14.799451,-61.159276,800.0,2350.0,,2350,100.0,ZNE,dev,"bucket0$46,:3,:6001",
446,"bucket0$357,:3,:6001",2014-04-09T03:29:35.550000,MQ,LAM,14.81292,-61.16314,1240.0,2796.0,,2796,100.0,ZNE,train,"bucket1$357,:3,:6001",
447,"bucket0$358,:3,:6001",2014-04-09T03:29:38.790000,MQ,IA2,14.80307,-61.20515,289.0,2491.0,2630.0,2491,100.0,ZNE,train,"bucket1$358,:3,:6001",
448,"bucket0$359,:3,:6001",2014-04-09T03:29:53.759900,MQ,GBM,14.799451,-61.159276,800.0,1022.0,,1022,100.0,ZNE,train,"bucket1$359,:3,:6001",
449,"bucket0$360,:3,:6001",2014-04-09T03:46:49.830000,MQ,IA2,14.80307,-61.20515,289.0,5234.0,5458.0,5234,100.0,ZNE,train,"bucket1$360,:3,:6001",
450,"bucket0$361,:3,:6001",2014-04-09T03:47:11.509900,MQ,BAM,14.8171,-61.1445,670.0,3099.0,,3099,100.0,ZNE,train,"bucket1$361,:3,:6001",
451,"bucket0$362,:3,:6001",2014-04-09T03:47:19.959900,MQ,GBM,14.799451,-61.159276,800.0,2273.0,,2273,100.0,ZNE,train,"bucket1$362,:3,:6001",
452,"bucket0$363,:3,:6001",2014-04-13T14:04:32.199900,MQ,GBM,14.799451,-61.159276,800.0,4211.0,,4211,100.0,ZNE,train,"bucket1$363,:3,:6001",
453,"bucket0$364,:3,:6001",2014-04-13T14:05:03.330000,MQ,LAM,14.81292,-61.16314,1240.0,1105.0,,1105,100.0,ZNE,train,"bucket1$364,:3,:6001",
454,"bucket0$365,:3,:6001",2014-04-13T14:04:57.730000,MQ,IA2,14.80307,-61.20515,289.0,1670.0,2040.0,1670,100.0,ZNE,train,"bucket1$365,:3,:6001",
455,"bucket0$366,:3,:6001",2014-04-13T14:04:50.769900,MQ,BAM,14.8171,-61.1445,670.0,2369.0,,2369,100.0,ZNE,train,"bucket1$366,:3,:6001",
456,"bucket0$367,:3,:6001",2014-04-13T15:10:37.670000,MQ,LAM,14.81292,-61.16314,1240.0,2064.0,2142.0,2064,100.0,ZNE,train,"bucket1$367,:3,:6001",
457,"bucket0$368,:3,:6001",2014-04-13T15:10:26.609900,MQ,GBM,14.799451,-61.159276,800.0,3198.0,,3198,100.0,ZNE,train,"bucket1$368,:3,:6001",
458,"bucket0$369,:3,:6001",2014-04-13T15:10:05.489900,MQ,BAM,14.8171,-61.1445,670.0,5352.0,,5352,100.0,ZNE,train,"bucket1$369,:3,:6001",
459,"bucket1$47,:3,:6001",2014-04-13T15:10:39.349900,MQ,MLM,14.7846,-61.1786,370.0,1991.0,,1991,100.0,ZNE,dev,"bucket0$47,:3,:6001",
460,"bucket3$42,:3,:6001",2014-04-13T15:10:05.900000,MQ,IA2,14.80307,-61.20515,289.0,5348.0,5431.0,5348,100.0,ZNE,test,"bucket2$42,:3,:6001",
461,"bucket0$370,:3,:6001",2014-04-13T17:20:55.939900,MQ,GBM,14.799451,-61.159276,800.0,2854.0,,2854,100.0,ZNE,train,"bucket1$370,:3,:6001",
462,"bucket0$371,:3,:6001",2014-04-13T17:20:56.690000,MQ,LAM,14.81292,-61.16314,1240.0,2878.0,2894.0,2878,100.0,ZNE,train,"bucket1$371,:3,:6001",
463,"bucket3$43,:3,:6001",2014-04-13T17:20:44.079900,MQ,BAM,14.8171,-61.1445,670.0,4172.0,,4172,100.0,ZNE,test,"bucket2$43,:3,:6001",
464,"bucket0$372,:3,:6001",2014-04-13T17:21:18.980000,MQ,IA2,14.80307,-61.20515,289.0,693.0,738.0,693,100.0,ZNE,train,"bucket1$372,:3,:6001",
465,"bucket0$373,:3,:6001",2014-04-13T17:20:47.349900,MQ,MLM,14.7846,-61.1786,370.0,3926.0,,3926,100.0,ZNE,train,"bucket1$373,:3,:6001",
466,"bucket0$374,:3,:6001",2014-04-13T18:59:32.590000,MQ,LAM,14.81292,-61.16314,1240.0,3273.0,3369.0,3273,100.0,ZNE,train,"bucket1$374,:3,:6001",
467,"bucket0$375,:3,:6001",2014-04-13T18:59:56.799900,MQ,GBM,14.799451,-61.159276,800.0,877.0,,877,100.0,ZNE,train,"bucket1$375,:3,:6001",
468,"bucket0$376,:3,:6001",2014-04-13T18:59:15.129900,MQ,BAM,14.8171,-61.1445,670.0,5085.0,,5085,100.0,ZNE,train,"bucket1$376,:3,:6001",
469,"bucket0$377,:3,:6001",2014-04-13T18:59:26.260000,MQ,IA2,14.80307,-61.20515,289.0,3993.0,4079.0,3993,100.0,ZNE,train,"bucket1$377,:3,:6001",
470,"bucket3$44,:3,:6001",2014-04-13T18:59:52.769900,MQ,MLM,14.7846,-61.1786,370.0,1342.0,,1342,100.0,ZNE,test,"bucket2$44,:3,:6001",
471,"bucket0$378,:3,:6001",2014-04-13T19:44:06.910000,MQ,LAM,14.81292,-61.16314,1240.0,1627.0,1723.0,1627,100.0,ZNE,train,"bucket1$378,:3,:6001",
472,"bucket0$379,:3,:6001",2014-04-13T19:43:37.859900,MQ,BAM,14.8171,-61.1445,670.0,4573.0,,4573,100.0,ZNE,train,"bucket1$379,:3,:6001",
473,"bucket0$380,:3,:6001",2014-04-13T19:43:52.409900,MQ,GBM,14.799451,-61.159276,800.0,3125.0,,3125,100.0,ZNE,train,"bucket1$380,:3,:6001",
474,"bucket0$381,:3,:6001",2014-04-13T19:44:14.190000,MQ,IA2,14.80307,-61.20515,289.0,953.0,1066.0,953,100.0,ZNE,train,"bucket1$381,:3,:6001",
475,"bucket0$382,:3,:6001",2014-04-13T19:53:18.550000,MQ,LAM,14.81292,-61.16314,1240.0,1432.0,1650.0,1432,100.0,ZNE,train,"bucket1$382,:3,:6001",
476,"bucket0$383,:3,:6001",2014-04-13T19:53:01.620000,MQ,IA2,14.80307,-61.20515,289.0,3125.0,3295.0,3125,100.0,ZNE,train,"bucket1$383,:3,:6001",
477,"bucket0$384,:3,:6001",2014-04-13T19:52:43.209900,MQ,BAM,14.8171,-61.1445,670.0,5003.0,,5003,100.0,ZNE,train,"bucket1$384,:3,:6001",
478,"bucket0$385,:3,:6001",2014-04-13T19:52:39.059900,MQ,GBM,14.799451,-61.159276,800.0,5424.0,,5424,100.0,ZNE,train,"bucket1$385,:3,:6001",
479,"bucket0$386,:3,:6001",2014-04-13T19:52:48.330000,WI,SAM,14.84108,-61.1638,485.0,4518.0,4706.0,4518,100.0,ZNE,train,"bucket1$386,:3,:6001",
480,"bucket0$387,:3,:6001",2014-04-13T20:21:24.909900,MQ,GBM,14.799451,-61.159276,800.0,2236.0,,2236,100.0,ZNE,train,"bucket1$387,:3,:6001",
481,"bucket0$388,:3,:6001",2014-04-13T20:21:07.560000,MQ,LAM,14.81292,-61.16314,1240.0,3972.0,4079.0,3972,100.0,ZNE,train,"bucket1$388,:3,:6001",
482,"bucket1$48,:3,:6001",2014-04-13T20:21:27.520000,MQ,IA2,14.80307,-61.20515,289.0,1995.0,2140.0,1995,100.0,ZNE,dev,"bucket0$48,:3,:6001",
483,"bucket0$389,:3,:6001",2014-04-13T20:21:25.529900,MQ,BAM,14.8171,-61.1445,670.0,2201.0,,2201,100.0,ZNE,train,"bucket1$389,:3,:6001",
484,"bucket0$390,:3,:6001",2014-04-14T08:56:59.839900,MQ,BAM,14.8171,-61.1445,670.0,5168.0,,5168,100.0,ZNE,train,"bucket1$390,:3,:6001",
485,"bucket0$391,:3,:6001",2014-04-14T08:57:31.530000,MQ,IA2,14.80307,-61.20515,289.0,2028.0,2053.0,2028,100.0,ZNE,train,"bucket1$391,:3,:6001",
486,"bucket0$392,:3,:6001",2014-04-14T08:57:20.979900,MQ,GBM,14.799451,-61.159276,800.0,3086.0,,3086,100.0,ZNE,train,"bucket1$392,:3,:6001",
487,"bucket3$45,:3,:6001",2014-04-14T08:57:38.600000,MQ,LAM,14.81292,-61.16314,1240.0,1361.0,1425.0,1361,100.0,ZNE,test,"bucket2$45,:3,:6001",
488,"bucket0$393,:3,:6001",2014-04-16T02:16:04.689900,MQ,GBM,14.799451,-61.159276,800.0,5107.0,,5107,100.0,ZNE,train,"bucket1$393,:3,:6001",
489,"bucket0$394,:3,:6001",2014-04-16T02:16:39.560000,MQ,LAM,14.81292,-61.16314,1240.0,1620.0,1673.0,1620,100.0,ZNE,train,"bucket1$394,:3,:6001",
490,"bucket3$46,:3,:6001",2014-04-16T02:16:18.639900,MQ,BAM,14.8171,-61.1445,670.0,3750.0,,3750,100.0,ZNE,test,"bucket2$46,:3,:6001",
491,"bucket0$395,:3,:6001",2014-04-16T02:16:39.129900,MQ,MLM,14.7846,-61.1786,370.0,1714.0,,1714,100.0,ZNE,train,"bucket1$395,:3,:6001",
492,"bucket0$396,:3,:6001",2014-04-16T02:16:07.710000,MQ,IA2,14.80307,-61.20515,289.0,4865.0,4964.0,4865,100.0,ZNE,train,"bucket1$396,:3,:6001",
493,"bucket0$397,:3,:6001",2014-04-16T07:46:45.639900,MQ,GBM,14.799451,-61.159276,800.0,5408.0,,5408,100.0,ZNE,train,"bucket1$397,:3,:6001",
494,"bucket0$398,:3,:6001",2014-04-16T07:46:57.930000,MQ,LAM,14.81292,-61.16314,1240.0,4183.0,4285.0,4183,100.0,ZNE,train,"bucket1$398,:3,:6001",
495,"bucket0$399,:3,:6001",2014-04-16T07:46:51.829900,MQ,BAM,14.8171,-61.1445,670.0,4824.0,,4824,100.0,ZNE,train,"bucket1$399,:3,:6001",
496,"bucket0$400,:3,:6001",2014-04-16T07:47:10.910000,MQ,IA2,14.80307,-61.20515,289.0,2933.0,3037.0,2933,100.0,ZNE,train,"bucket1$400,:3,:6001",
497,"bucket0$401,:3,:6001",2014-04-21T00:45:21.010000,MQ,LAM,14.81292,-61.16314,1240.0,1917.0,,1917,100.0,ZNE,train,"bucket1$401,:3,:6001",
498,"bucket0$402,:3,:6001",2014-04-21T00:45:28.819900,MQ,GBM,14.799451,-61.159276,800.0,1136.0,,1136,100.0,ZNE,train,"bucket1$402,:3,:6001",
499,"bucket0$403,:3,:6001",2014-04-21T00:45:18.710000,MQ,IA2,14.80307,-61.20515,289.0,2166.0,2303.0,2166,100.0,ZNE,train,"bucket1$403,:3,:6001",
500,"bucket0$404,:3,:6001",2014-04-21T00:58:33.899900,MQ,GBM,14.799451,-61.159276,800.0,761.0,,761,100.0,ZNE,train,"bucket1$404,:3,:6001",
501,"bucket0$405,:3,:6001",2014-04-21T00:57:50.870000,MQ,LAM,14.81292,-61.16314,1240.0,5075.0,5136.0,5075,100.0,ZNE,train,"bucket1$405,:3,:6001",
502,"bucket1$49,:3,:6001",2014-04-21T00:57:48.059900,MQ,BAM,14.8171,-61.1445,670.0,5385.0,,5385,100.0,ZNE,dev,"bucket0$49,:3,:6001",
503,"bucket0$406,:3,:6001",2014-04-21T00:58:04.860000,MQ,IA2,14.80307,-61.20515,289.0,3732.0,3836.0,3732,100.0,ZNE,train,"bucket1$406,:3,:6001",
504,"bucket0$407,:3,:6001",2014-04-21T08:15:49.849900,MQ,BAM,14.8171,-61.1445,670.0,2435.0,,2435,100.0,ZNE,train,"bucket1$407,:3,:6001",
505,"bucket0$408,:3,:6001",2014-04-21T08:15:55.200000,MQ,LAM,14.81292,-61.16314,1240.0,1961.0,2046.0,1961,100.0,ZNE,train,"bucket1$408,:3,:6001",
506,"bucket1$50,:3,:6001",2014-04-21T08:15:36.769900,MQ,GBM,14.799451,-61.159276,800.0,3812.0,,3812,100.0,ZNE,dev,"bucket0$50,:3,:6001",
507,"bucket0$409,:3,:6001",2014-04-22T13:29:00.289900,MQ,GBM,14.799451,-61.159276,800.0,3786.0,,3786,100.0,ZNE,train,"bucket1$409,:3,:6001",
508,"bucket0$410,:3,:6001",2014-04-22T13:28:52.640000,MQ,LAM,14.81292,-61.16314,1240.0,4553.0,4578.0,4553,100.0,ZNE,train,"bucket1$410,:3,:6001",
509,"bucket0$411,:3,:6001",2014-04-22T13:28:46.929900,MQ,BAM,14.8171,-61.1445,670.0,5163.0,,5163,100.0,ZNE,train,"bucket1$411,:3,:6001",
510,"bucket3$47,:3,:6001",2014-04-22T13:29:07.459900,MQ,CPM,14.8168,-61.2074,242.0,3161.0,,3161,100.0,ZNE,test,"bucket2$47,:3,:6001",
511,"bucket0$412,:3,:6001",2014-04-22T13:29:15.860000,WI,SAM,14.84108,-61.1638,485.0,2335.0,2386.0,2335,100.0,ZNE,train,"bucket1$412,:3,:6001",
512,"bucket0$413,:3,:6001",2014-04-22T13:31:22.330000,MQ,LAM,14.81292,-61.16314,1240.0,4856.0,4943.0,4856,100.0,ZNE,train,"bucket1$413,:3,:6001",
513,"bucket0$414,:3,:6001",2014-04-22T13:31:20.749900,MQ,GBM,14.799451,-61.159276,800.0,5041.0,,5041,100.0,ZNE,train,"bucket1$414,:3,:6001",
514,"bucket0$415,:3,:6001",2014-04-22T13:31:37.299900,MQ,BAM,14.8171,-61.1445,670.0,3453.0,,3453,100.0,ZNE,train,"bucket1$415,:3,:6001",
515,"bucket0$416,:3,:6001",2014-04-22T13:49:37.829900,MQ,GBM,14.799451,-61.159276,800.0,1560.0,,1560,100.0,ZNE,train,"bucket1$416,:3,:6001",
516,"bucket0$417,:3,:6001",2014-04-22T13:49:47.220000,MQ,LAM,14.81292,-61.16314,1240.0,627.0,690.0,627,100.0,ZNE,train,"bucket1$417,:3,:6001",
517,"bucket0$418,:3,:6001",2014-04-22T13:49:32.209900,MQ,BAM,14.8171,-61.1445,670.0,2162.0,,2162,100.0,ZNE,train,"bucket1$418,:3,:6001",
518,"bucket0$419,:3,:6001",2014-04-22T18:03:53.310000,MQ,LAM,14.81292,-61.16314,1240.0,4231.0,4300.0,4231,100.0,ZNE,train,"bucket1$419,:3,:6001",
519,"bucket0$420,:3,:6001",2014-04-22T18:04:03.939900,MQ,GBM,14.799451,-61.159276,800.0,3168.0,,3168,100.0,ZNE,train,"bucket1$420,:3,:6001",
520,"bucket0$421,:3,:6001",2014-04-22T18:04:13.219900,MQ,BAM,14.8171,-61.1445,670.0,2274.0,,2274,100.0,ZNE,train,"bucket1$421,:3,:6001",
521,"bucket0$422,:3,:6001",2014-04-22T18:04:04.970000,MQ,IA2,14.80307,-61.20515,289.0,3117.0,3207.0,3117,100.0,ZNE,train,"bucket1$422,:3,:6001",
522,"bucket0$423,:3,:6001",2014-04-22T21:30:25.109900,MQ,GBM,14.799451,-61.159276,800.0,2340.0,,2340,100.0,ZNE,train,"bucket1$423,:3,:6001",
523,"bucket0$424,:3,:6001",2014-04-22T21:30:14.609900,MQ,BAM,14.8171,-61.1445,670.0,3418.0,,3418,100.0,ZNE,train,"bucket1$424,:3,:6001",
524,"bucket3$48,:3,:6001",2014-04-22T21:29:57.610000,MQ,LAM,14.81292,-61.16314,1240.0,5163.0,5223.0,5163,100.0,ZNE,test,"bucket2$48,:3,:6001",
525,"bucket3$49,:3,:6001",2014-04-22T21:30:01.319900,MQ,MLM,14.7846,-61.1786,370.0,4842.0,,4842,100.0,ZNE,test,"bucket2$49,:3,:6001",
526,"bucket0$425,:3,:6001",2014-04-22T22:35:59.179900,MQ,GBM,14.799451,-61.159276,800.0,2142.0,,2142,100.0,ZNE,train,"bucket1$425,:3,:6001",
527,"bucket0$426,:3,:6001",2014-04-22T22:36:07.850000,MQ,LAM,14.81292,-61.16314,1240.0,1293.0,1370.0,1293,100.0,ZNE,train,"bucket1$426,:3,:6001",
528,"bucket0$427,:3,:6001",2014-04-22T22:36:11.929900,MQ,BAM,14.8171,-61.1445,670.0,903.0,,903,100.0,ZNE,train,"bucket1$427,:3,:6001",
529,"bucket0$428,:3,:6001",2014-04-22T22:36:01.920000,MQ,IA2,14.80307,-61.20515,289.0,1932.0,2047.0,1932,100.0,ZNE,train,"bucket1$428,:3,:6001",
530,"bucket0$429,:3,:6001",2014-04-22T22:35:59.859900,MQ,CPM,14.8168,-61.2074,242.0,2167.0,,2167,100.0,ZNE,train,"bucket1$429,:3,:6001",
531,"bucket0$430,:3,:6001",2014-04-22T23:16:28.939900,MQ,GBM,14.799451,-61.159276,800.0,800.0,,800,100.0,ZNE,train,"bucket1$430,:3,:6001",
532,"bucket1$51,:3,:6001",2014-04-22T23:15:58.660000,MQ,LAM,14.81292,-61.16314,1240.0,3834.0,3889.0,3834,100.0,ZNE,dev,"bucket0$51,:3,:6001",
533,"bucket0$431,:3,:6001",2014-04-22T23:16:05.410000,MQ,IA2,14.80307,-61.20515,289.0,3181.0,3315.0,3181,100.0,ZNE,train,"bucket1$431,:3,:6001",
534,"bucket0$432,:3,:6001",2014-04-22T23:15:58.999900,MQ,BAM,14.8171,-61.1445,670.0,3834.0,,3834,100.0,ZNE,train,"bucket1$432,:3,:6001",
535,"bucket1$52,:3,:6001",2014-04-22T23:15:52.179900,MQ,CPM,14.8168,-61.2074,242.0,4568.0,,4568,100.0,ZNE,dev,"bucket0$52,:3,:6001",
536,"bucket0$433,:3,:6001",2014-04-23T18:09:10.780000,MQ,LAM,14.81292,-61.16314,1240.0,4433.0,4527.0,4433,100.0,ZNE,train,"bucket1$433,:3,:6001",
537,"bucket0$434,:3,:6001",2014-04-23T18:09:22.929900,MQ,GBM,14.799451,-61.159276,800.0,3230.0,,3230,100.0,ZNE,train,"bucket1$434,:3,:6001",
538,"bucket0$435,:3,:6001",2014-04-23T18:09:17.839900,MQ,BAM,14.8171,-61.1445,670.0,3776.0,,3776,100.0,ZNE,train,"bucket1$435,:3,:6001",
539,"bucket0$436,:3,:6001",2014-04-23T21:00:39.090000,MQ,LAM,14.81292,-61.16314,1240.0,4852.0,4888.0,4852,100.0,ZNE,train,"bucket1$436,:3,:6001",
540,"bucket0$437,:3,:6001",2014-04-23T21:01:20.379900,MQ,GBM,14.799451,-61.159276,800.0,726.0,,726,100.0,ZNE,train,"bucket1$437,:3,:6001",
541,"bucket0$438,:3,:6001",2014-04-23T21:01:16.849900,MQ,BAM,14.8171,-61.1445,670.0,1111.0,,1111,100.0,ZNE,train,"bucket1$438,:3,:6001",
542,"bucket0$439,:3,:6001",2014-04-23T21:00:59.249900,MQ,MLM,14.7846,-61.1786,370.0,2933.0,,2933,100.0,ZNE,train,"bucket1$439,:3,:6001",
543,"bucket0$440,:3,:6001",2014-04-23T21:01:17.940000,MQ,IA2,14.80307,-61.20515,289.0,,1111.0,1111,100.0,ZNE,train,"bucket1$440,:3,:6001",
544,"bucket0$441,:3,:6001",2014-04-23T23:12:39.090000,MQ,LAM,14.81292,-61.16314,1240.0,3729.0,,3729,100.0,ZNE,train,"bucket1$441,:3,:6001",
545,"bucket1$53,:3,:6001",2014-04-23T23:13:08.349900,MQ,GBM,14.799451,-61.159276,800.0,827.0,,827,100.0,ZNE,dev,"bucket0$53,:3,:6001",
546,"bucket1$54,:3,:6001",2014-04-23T23:12:24.360000,MQ,IA2,14.80307,-61.20515,289.0,5226.0,5384.0,5226,100.0,ZNE,dev,"bucket0$54,:3,:6001",
547,"bucket0$442,:3,:6001",2014-04-23T23:12:38.499900,MQ,BAM,14.8171,-61.1445,670.0,3838.0,,3838,100.0,ZNE,train,"bucket1$442,:3,:6001",
548,"bucket0$443,:3,:6001",2014-04-23T23:13:02.249900,MQ,MLM,14.7846,-61.1786,370.0,1551.0,,1551,100.0,ZNE,train,"bucket1$443,:3,:6001",
549,"bucket0$444,:3,:6001",2014-04-23T23:36:43.369900,MQ,GBM,14.799451,-61.159276,800.0,3715.0,,3715,100.0,ZNE,train,"bucket1$444,:3,:6001",
550,"bucket0$445,:3,:6001",2014-04-23T23:36:53.229900,MQ,BAM,14.8171,-61.1445,670.0,2751.0,,2751,100.0,ZNE,train,"bucket1$445,:3,:6001",
551,"bucket0$446,:3,:6001",2014-04-23T23:37:13.620000,MQ,IA2,14.80307,-61.20515,289.0,751.0,845.0,751,100.0,ZNE,train,"bucket1$446,:3,:6001",
552,"bucket0$447,:3,:6001",2014-04-23T23:48:11.870000,MQ,LAM,14.81292,-61.16314,1240.0,2243.0,2375.0,2243,100.0,ZNE,train,"bucket1$447,:3,:6001",
553,"bucket3$50,:3,:6001",2014-04-23T23:47:39.689900,MQ,GBM,14.799451,-61.159276,800.0,5462.0,,5462,100.0,ZNE,test,"bucket2$50,:3,:6001",
554,"bucket0$448,:3,:6001",2014-04-23T23:47:55.109900,MQ,MLM,14.7846,-61.1786,370.0,3982.0,,3982,100.0,ZNE,train,"bucket1$448,:3,:6001",
555,"bucket3$51,:3,:6001",2014-04-23T23:48:15.559900,MQ,CPM,14.8168,-61.2074,242.0,1986.0,,1986,100.0,ZNE,test,"bucket2$51,:3,:6001",
556,"bucket0$449,:3,:6001",2014-04-23T23:47:52.610000,MQ,IA2,14.80307,-61.20515,289.0,4311.0,4340.0,4311,100.0,ZNE,train,"bucket1$449,:3,:6001",
557,"bucket3$52,:3,:6001",2014-04-23T23:48:06.499900,MQ,BAM,14.8171,-61.1445,670.0,2923.0,,2923,100.0,ZNE,test,"bucket2$52,:3,:6001",
558,"bucket0$450,:3,:6001",2014-04-24T02:05:54.609900,MQ,GBM,14.799451,-61.159276,800.0,2474.0,,2474,100.0,ZNE,train,"bucket1$450,:3,:6001",
559,"bucket0$451,:3,:6001",2014-04-24T02:06:11.260000,MQ,LAM,14.81292,-61.16314,1240.0,823.0,954.0,823,100.0,ZNE,train,"bucket1$451,:3,:6001",
560,"bucket0$452,:3,:6001",2014-04-24T02:05:26.980000,MQ,IA2,14.80307,-61.20515,289.0,5292.0,5404.0,5292,100.0,ZNE,train,"bucket1$452,:3,:6001",
561,"bucket0$453,:3,:6001",2014-04-24T02:05:44.919900,MQ,BAM,14.8171,-61.1445,670.0,3498.0,,3498,100.0,ZNE,train,"bucket1$453,:3,:6001",
562,"bucket0$454,:3,:6001",2014-04-24T06:38:09.569900,MQ,GBM,14.799451,-61.159276,800.0,5032.0,,5032,100.0,ZNE,train,"bucket1$454,:3,:6001",
563,"bucket1$55,:3,:6001",2014-04-24T06:38:35.360000,MQ,LAM,14.81292,-61.16314,1240.0,2457.0,2551.0,2457,100.0,ZNE,dev,"bucket0$55,:3,:6001",
564,"bucket0$455,:3,:6001",2014-04-24T06:38:12.989900,MQ,MLM,14.7846,-61.1786,370.0,4716.0,,4716,100.0,ZNE,train,"bucket1$455,:3,:6001",
565,"bucket3$53,:3,:6001",2014-04-24T06:38:05.729900,MQ,BAM,14.8171,-61.1445,670.0,5452.0,,5452,100.0,ZNE,test,"bucket2$53,:3,:6001",
566,"bucket3$54,:3,:6001",2014-04-24T06:38:35.650000,MQ,IA2,14.80307,-61.20515,289.0,2485.0,2579.0,2485,100.0,ZNE,test,"bucket2$54,:3,:6001",
567,"bucket0$456,:3,:6001",2014-04-24T06:42:41.789900,MQ,GBM,14.799451,-61.159276,800.0,709.0,,709,100.0,ZNE,train,"bucket1$456,:3,:6001",
568,"bucket0$457,:3,:6001",2014-04-24T06:42:40.220000,MQ,LAM,14.81292,-61.16314,1240.0,869.0,,869,100.0,ZNE,train,"bucket1$457,:3,:6001",
569,"bucket0$458,:3,:6001",2014-04-24T06:41:58.260000,WI,SAM,14.84108,-61.1638,485.0,5085.0,,5085,100.0,ZNE,train,"bucket1$458,:3,:6001",
570,"bucket0$459,:3,:6001",2014-04-24T06:42:42.449900,MQ,BAM,14.8171,-61.1445,670.0,681.0,,681,100.0,ZNE,train,"bucket1$459,:3,:6001",
571,"bucket0$460,:3,:6001",2014-04-24T17:59:41.389900,MQ,GBM,14.799451,-61.159276,800.0,933.0,,933,100.0,ZNE,train,"bucket1$460,:3,:6001",
572,"bucket0$461,:3,:6001",2014-04-24T17:59:01.180000,MQ,LAM,14.81292,-61.16314,1240.0,4967.0,5005.0,4967,100.0,ZNE,train,"bucket1$461,:3,:6001",
573,"bucket0$462,:3,:6001",2014-04-24T17:59:04.799900,MQ,CPM,14.8168,-61.2074,242.0,4610.0,,4610,100.0,ZNE,train,"bucket1$462,:3,:6001",
574,"bucket0$463,:3,:6001",2014-04-24T17:58:56.319900,MQ,BAM,14.8171,-61.1445,670.0,5470.0,,5470,100.0,ZNE,train,"bucket1$463,:3,:6001",
575,"bucket0$464,:3,:6001",2014-04-25T12:09:02.290000,MQ,LAM,14.81292,-61.16314,1240.0,5033.0,5243.0,5033,100.0,ZNE,train,"bucket1$464,:3,:6001",
576,"bucket0$465,:3,:6001",2014-04-25T12:09:19.479900,MQ,GBM,14.799451,-61.159276,800.0,3354.0,,3354,100.0,ZNE,train,"bucket1$465,:3,:6001",
577,"bucket0$466,:3,:6001",2014-04-25T12:09:18.419900,MQ,BAM,14.8171,-61.1445,670.0,,3476.0,3476,100.0,ZNE,train,"bucket1$466,:3,:6001",
578,"bucket0$467,:3,:6001",2014-04-25T12:09:46.560000,MQ,IA2,14.80307,-61.20515,289.0,771.0,937.0,771,100.0,ZNE,train,"bucket1$467,:3,:6001",
579,"bucket1$56,:3,:6001",2014-04-25T12:09:00.169900,MQ,CPM,14.8168,-61.2074,242.0,5490.0,,5490,100.0,ZNE,dev,"bucket0$56,:3,:6001",
580,"bucket3$55,:3,:6001",2014-04-28T07:07:41.159900,MQ,BAM,14.8171,-61.1445,670.0,3046.0,,3046,100.0,ZNE,test,"bucket2$55,:3,:6001",
581,"bucket0$468,:3,:6001",2014-04-28T07:08:06.199900,MQ,GBM,14.799451,-61.159276,800.0,581.0,,581,100.0,ZNE,train,"bucket1$468,:3,:6001",
582,"bucket0$469,:3,:6001",2014-04-28T07:07:20.270000,MQ,IA2,14.80307,-61.20515,289.0,5187.0,5278.0,5187,100.0,ZNE,train,"bucket1$469,:3,:6001",
583,"bucket3$56,:3,:6001",2014-04-28T07:07:55.360000,MQ,LAM,14.81292,-61.16314,1240.0,1684.0,1765.0,1684,100.0,ZNE,test,"bucket2$56,:3,:6001",
584,"bucket0$470,:3,:6001",2014-04-28T21:28:48.430000,MQ,LAM,14.81292,-61.16314,1240.0,887.0,935.0,887,100.0,ZNE,train,"bucket1$470,:3,:6001",
585,"bucket1$57,:3,:6001",2014-04-28T21:28:06.209900,MQ,GBM,14.799451,-61.159276,800.0,5133.0,,5133,100.0,ZNE,dev,"bucket0$57,:3,:6001",
586,"bucket0$471,:3,:6001",2014-04-28T21:28:13.039900,MQ,BAM,14.8171,-61.1445,670.0,4468.0,,4468,100.0,ZNE,train,"bucket1$471,:3,:6001",
587,"bucket0$472,:3,:6001",2014-04-28T23:09:45.600000,MQ,LAM,14.81292,-61.16314,1240.0,4070.0,4130.0,4070,100.0,ZNE,train,"bucket1$472,:3,:6001",
588,"bucket0$473,:3,:6001",2014-04-28T23:09:35.279900,MQ,GBM,14.799451,-61.159276,800.0,5107.0,,5107,100.0,ZNE,train,"bucket1$473,:3,:6001",
589,"bucket0$474,:3,:6001",2014-04-28T23:09:52.109900,MQ,BAM,14.8171,-61.1445,670.0,3458.0,,3458,100.0,ZNE,train,"bucket1$474,:3,:6001",
590,"bucket0$475,:3,:6001",2014-04-28T23:09:50.449900,MQ,MLM,14.7846,-61.1786,370.0,3638.0,,3638,100.0,ZNE,train,"bucket1$475,:3,:6001",
591,"bucket0$476,:3,:6001",2014-04-28T23:09:37.870000,MQ,IA2,14.80307,-61.20515,289.0,4906.0,4999.0,4906,100.0,ZNE,train,"bucket1$476,:3,:6001",
592,"bucket0$477,:3,:6001",2014-04-28T23:10:12.979900,MQ,CPM,14.8168,-61.2074,242.0,1410.0,,1410,100.0,ZNE,train,"bucket1$477,:3,:6001",
593,"bucket3$57,:3,:6001",2014-05-02T13:53:54.660000,MQ,LAM,14.81292,-61.16314,1240.0,1695.0,1778.0,1695,100.0,ZNE,test,"bucket2$57,:3,:6001",
594,"bucket0$478,:3,:6001",2014-05-02T13:53:55.909900,MQ,GBM,14.799451,-61.159276,800.0,1612.0,,1612,100.0,ZNE,train,"bucket1$478,:3,:6001",
595,"bucket0$479,:3,:6001",2014-05-02T13:54:00.980000,MQ,IA2,14.80307,-61.20515,289.0,1144.0,1247.0,1144,100.0,ZNE,train,"bucket1$479,:3,:6001",
596,"bucket0$480,:3,:6001",2014-05-02T13:54:04.439900,MQ,CPM,14.8168,-61.2074,242.0,829.0,,829,100.0,ZNE,train,"bucket1$480,:3,:6001",
597,"bucket3$58,:3,:6001",2014-05-02T13:53:20.809900,MQ,MLM,14.7846,-61.1786,370.0,5199.0,,5199,100.0,ZNE,test,"bucket2$58,:3,:6001",
598,"bucket0$481,:3,:6001",2014-05-02T13:53:36.259900,MQ,BAM,14.8171,-61.1445,670.0,3662.0,,3662,100.0,ZNE,train,"bucket1$481,:3,:6001",
599,"bucket0$482,:3,:6001",2014-05-02T14:53:57.979900,MQ,GBM,14.799451,-61.159276,800.0,4309.0,,4309,100.0,ZNE,train,"bucket1$482,:3,:6001",
600,"bucket0$483,:3,:6001",2014-05-02T14:54:33.580000,MQ,LAM,14.81292,-61.16314,1240.0,751.0,811.0,751,100.0,ZNE,train,"bucket1$483,:3,:6001",
601,"bucket1$58,:3,:6001",2014-05-02T14:54:32.339900,MQ,BAM,14.8171,-61.1445,670.0,919.0,,919,100.0,ZNE,dev,"bucket0$58,:3,:6001",
602,"bucket0$484,:3,:6001",2014-05-02T14:54:27.120000,MQ,IA2,14.80307,-61.20515,289.0,1462.0,1545.0,1462,100.0,ZNE,train,"bucket1$484,:3,:6001",
603,"bucket1$59,:3,:6001",2014-05-02T14:53:51.849900,MQ,CPM,14.8168,-61.2074,242.0,5036.0,,5036,100.0,ZNE,dev,"bucket0$59,:3,:6001",
604,"bucket0$485,:3,:6001",2014-05-02T14:54:21.200000,MQ,LAM,14.81292,-61.16314,1240.0,4863.0,5151.0,4863,100.0,ZNE,train,"bucket1$485,:3,:6001",
605,"bucket0$486,:3,:6001",2014-05-02T14:54:39.730000,MQ,IA2,14.80307,-61.20515,289.0,3036.0,3386.0,3036,100.0,ZNE,train,"bucket1$486,:3,:6001",
606,"bucket0$487,:3,:6001",2014-05-02T14:54:44.049900,MQ,BAM,14.8171,-61.1445,670.0,2636.0,,2636,100.0,ZNE,train,"bucket1$487,:3,:6001",
607,"bucket0$488,:3,:6001",2014-05-02T14:54:28.369900,MQ,GBM,14.799451,-61.159276,800.0,4233.0,,4233,100.0,ZNE,train,"bucket1$488,:3,:6001",
608,"bucket0$489,:3,:6001",2014-05-02T16:10:43.809900,MQ,GBM,14.799451,-61.159276,800.0,4718.0,,4718,100.0,ZNE,train,"bucket1$489,:3,:6001",
609,"bucket0$490,:3,:6001",2014-05-02T16:11:07.170000,MQ,LAM,14.81292,-61.16314,1240.0,2386.0,2457.0,2386,100.0,ZNE,train,"bucket1$490,:3,:6001",
610,"bucket1$60,:3,:6001",2014-05-02T16:10:48.969900,MQ,BAM,14.8171,-61.1445,670.0,4248.0,,4248,100.0,ZNE,dev,"bucket0$60,:3,:6001",
611,"bucket0$491,:3,:6001",2014-05-02T16:10:41.180000,MQ,IA2,14.80307,-61.20515,289.0,5044.0,5130.0,5044,100.0,ZNE,train,"bucket1$491,:3,:6001",
612,"bucket3$59,:3,:6001",2014-05-02T16:11:18.889900,MQ,CPM,14.8168,-61.2074,242.0,1287.0,,1287,100.0,ZNE,test,"bucket2$59,:3,:6001",
613,"bucket0$492,:3,:6001",2014-05-02T16:12:09.989900,MQ,GBM,14.799451,-61.159276,800.0,2679.0,,2679,100.0,ZNE,train,"bucket1$492,:3,:6001",
614,"bucket0$493,:3,:6001",2014-05-02T16:11:54.399900,MQ,BAM,14.8171,-61.1445,670.0,4246.0,,4246,100.0,ZNE,train,"bucket1$493,:3,:6001",
615,"bucket0$494,:3,:6001",2014-05-02T16:11:55.120000,MQ,IA2,14.80307,-61.20515,289.0,4191.0,4287.0,4191,100.0,ZNE,train,"bucket1$494,:3,:6001",
616,"bucket0$495,:3,:6001",2014-05-02T16:12:04.930000,MQ,LAM,14.81292,-61.16314,1240.0,3233.0,3278.0,3233,100.0,ZNE,train,"bucket1$495,:3,:6001",
617,"bucket0$496,:3,:6001",2014-05-02T19:13:12.240000,MQ,LAM,14.81292,-61.16314,1240.0,2323.0,2409.0,2323,100.0,ZNE,train,"bucket1$496,:3,:6001",
618,"bucket0$497,:3,:6001",2014-05-02T19:13:12.519900,MQ,GBM,14.799451,-61.159276,800.0,2310.0,,2310,100.0,ZNE,train,"bucket1$497,:3,:6001",
619,"bucket3$60,:3,:6001",2014-05-02T19:12:55.600000,MQ,IA2,14.80307,-61.20515,289.0,4085.0,4199.0,4085,100.0,ZNE,test,"bucket2$60,:3,:6001",
620,"bucket0$498,:3,:6001",2014-05-02T19:12:52.639900,MQ,BAM,14.8171,-61.1445,670.0,4383.0,,4383,100.0,ZNE,train,"bucket1$498,:3,:6001",
621,"bucket0$499,:3,:6001",2014-05-02T19:12:49.749900,MQ,MLM,14.7846,-61.1786,370.0,4677.0,,4677,100.0,ZNE,train,"bucket1$499,:3,:6001",
622,"bucket1$61,:3,:6001",2014-05-02T19:44:29.550000,MQ,LAM,14.81292,-61.16314,1240.0,5302.0,5478.0,5302,100.0,ZNE,dev,"bucket0$61,:3,:6001",
623,"bucket0$500,:3,:6001",2014-05-02T19:45:02.389900,MQ,BAM,14.8171,-61.1445,670.0,2075.0,,2075,100.0,ZNE,train,"bucket1$500,:3,:6001",
624,"bucket0$501,:3,:6001",2014-05-02T19:44:59.609900,MQ,MLM,14.7846,-61.1786,370.0,2379.0,,2379,100.0,ZNE,train,"bucket1$501,:3,:6001",
625,"bucket0$502,:3,:6001",2014-05-02T19:44:37.229900,MQ,GBM,14.799451,-61.159276,800.0,4630.0,,4630,100.0,ZNE,train,"bucket1$502,:3,:6001",
626,"bucket0$503,:3,:6001",2014-05-02T19:44:31.170000,MQ,IA2,14.80307,-61.20515,289.0,5238.0,5360.0,5238,100.0,ZNE,train,"bucket1$503,:3,:6001",
627,"bucket0$504,:3,:6001",2014-05-02T19:44:56.799900,MQ,CPM,14.8168,-61.2074,242.0,2763.0,,2763,100.0,ZNE,train,"bucket1$504,:3,:6001",
628,"bucket0$505,:3,:6001",2014-05-02T19:46:22.110000,MQ,LAM,14.81292,-61.16314,1240.0,1138.0,1196.0,1138,100.0,ZNE,train,"bucket1$505,:3,:6001",
629,"bucket0$506,:3,:6001",2014-05-02T19:46:24.919900,MQ,BAM,14.8171,-61.1445,670.0,895.0,,895,100.0,ZNE,train,"bucket1$506,:3,:6001",
630,"bucket0$507,:3,:6001",2014-05-02T19:45:55.679900,MQ,GBM,14.799451,-61.159276,800.0,3825.0,,3825,100.0,ZNE,train,"bucket1$507,:3,:6001",
631,"bucket0$508,:3,:6001",2014-05-02T19:45:58.059900,MQ,MLM,14.7846,-61.1786,370.0,3593.0,,3593,100.0,ZNE,train,"bucket1$508,:3,:6001",
632,"bucket1$62,:3,:6001",2014-05-02T19:46:24.120000,MQ,IA2,14.80307,-61.20515,289.0,993.0,1102.0,993,100.0,ZNE,dev,"bucket0$62,:3,:6001",
633,"bucket0$509,:3,:6001",2014-05-02T19:46:02.219900,MQ,CPM,14.8168,-61.2074,242.0,3276.0,,3276,100.0,ZNE,train,"bucket1$509,:3,:6001",
634,"bucket0$510,:3,:6001",2014-05-02T22:36:59.379900,MQ,CPM,14.8168,-61.2074,242.0,1951.0,,1951,100.0,ZNE,train,"bucket1$510,:3,:6001",
635,"bucket0$511,:3,:6001",2014-05-02T22:36:32.819900,MQ,BAM,14.8171,-61.1445,670.0,4616.0,,4616,100.0,ZNE,train,"bucket1$511,:3,:6001",
636,"bucket1$63,:3,:6001",2014-05-02T22:36:59.429900,MQ,GBM,14.799451,-61.159276,800.0,1998.0,,1998,100.0,ZNE,dev,"bucket0$63,:3,:6001",
637,"bucket1$64,:3,:6001",2014-05-02T22:36:59.240000,MQ,LAM,14.81292,-61.16314,1240.0,2019.0,2104.0,2019,100.0,ZNE,dev,"bucket0$64,:3,:6001",
638,"bucket0$512,:3,:6001",2014-05-02T22:36:36.180000,MQ,IA2,14.80307,-61.20515,289.0,4381.0,4477.0,4381,100.0,ZNE,train,"bucket1$512,:3,:6001",
639,"bucket0$513,:3,:6001",2014-05-03T00:44:31.100000,MQ,LAM,14.81292,-61.16314,1240.0,3631.0,3719.0,3631,100.0,ZNE,train,"bucket1$513,:3,:6001",
640,"bucket1$65,:3,:6001",2014-05-03T00:44:42.099900,MQ,MLM,14.7846,-61.1786,370.0,2577.0,,2577,100.0,ZNE,dev,"bucket0$65,:3,:6001",
641,"bucket0$514,:3,:6001",2014-05-03T00:44:34.929900,MQ,GBM,14.799451,-61.159276,800.0,3297.0,,3297,100.0,ZNE,train,"bucket1$514,:3,:6001",
642,"bucket0$515,:3,:6001",2014-05-03T00:44:58.430000,MQ,IA2,14.80307,-61.20515,289.0,972.0,1072.0,972,100.0,ZNE,train,"bucket1$515,:3,:6001",
643,"bucket1$66,:3,:6001",2014-05-03T01:04:03.070000,MQ,LAM,14.81292,-61.16314,1240.0,5272.0,5403.0,5272,100.0,ZNE,dev,"bucket0$66,:3,:6001",
644,"bucket0$516,:3,:6001",2014-05-03T01:04:47.519900,MQ,GBM,14.799451,-61.159276,800.0,850.0,,850,100.0,ZNE,train,"bucket1$516,:3,:6001",
645,"bucket0$517,:3,:6001",2014-05-03T01:04:21.619900,MQ,CPM,14.8168,-61.2074,242.0,3472.0,,3472,100.0,ZNE,train,"bucket1$517,:3,:6001",
646,"bucket0$518,:3,:6001",2014-05-03T01:04:18.309900,MQ,BAM,14.8171,-61.1445,670.0,3804.0,,3804,100.0,ZNE,train,"bucket1$518,:3,:6001",
647,"bucket0$519,:3,:6001",2014-05-03T01:04:40.890000,MQ,IA2,14.80307,-61.20515,289.0,1548.0,1650.0,1548,100.0,ZNE,train,"bucket1$519,:3,:6001",
648,"bucket0$520,:3,:6001",2014-05-03T04:38:37.989900,MQ,GBM,14.799451,-61.159276,800.0,708.0,,708,100.0,ZNE,train,"bucket1$520,:3,:6001",
649,"bucket1$67,:3,:6001",2014-05-03T04:38:16.320000,MQ,LAM,14.81292,-61.16314,1240.0,2877.0,2944.0,2877,100.0,ZNE,dev,"bucket0$67,:3,:6001",
650,"bucket0$521,:3,:6001",2014-05-03T04:38:02.129900,MQ,BAM,14.8171,-61.1445,670.0,4336.0,,4336,100.0,ZNE,train,"bucket1$521,:3,:6001",
651,"bucket0$522,:3,:6001",2014-05-03T04:38:03.009900,MQ,MLM,14.7846,-61.1786,370.0,4253.0,,4253,100.0,ZNE,train,"bucket1$522,:3,:6001",
652,"bucket0$523,:3,:6001",2014-05-03T04:37:57.280000,MQ,IA2,14.80307,-61.20515,289.0,4850.0,4938.0,4850,100.0,ZNE,train,"bucket1$523,:3,:6001",
653,"bucket3$61,:3,:6001",2014-05-03T04:38:25.590000,WI,SAM,14.84108,-61.1638,485.0,2037.0,,2037,100.0,ZNE,test,"bucket2$61,:3,:6001",
654,"bucket0$524,:3,:6001",2014-05-03T04:38:29.309900,MQ,CPM,14.8168,-61.2074,242.0,1698.0,,1698,100.0,ZNE,train,"bucket1$524,:3,:6001",
655,"bucket1$68,:3,:6001",2014-05-04T04:37:02.479900,MQ,BAM,14.8171,-61.1445,670.0,562.0,,562,100.0,ZNE,dev,"bucket0$68,:3,:6001",
656,"bucket0$525,:3,:6001",2014-05-04T04:37:00.329900,MQ,GBM,14.799451,-61.159276,800.0,798.0,,798,100.0,ZNE,train,"bucket1$525,:3,:6001",
657,"bucket0$526,:3,:6001",2014-05-04T04:36:37.780000,MQ,IA2,14.80307,-61.20515,289.0,3103.0,3390.0,3103,100.0,ZNE,train,"bucket1$526,:3,:6001",
658,"bucket0$527,:3,:6001",2014-05-04T04:36:59.060000,MQ,LAM,14.81292,-61.16314,1240.0,1186.0,1263.0,1186,100.0,ZNE,train,"bucket1$527,:3,:6001",
659,"bucket0$528,:3,:6001",2014-05-04T07:26:25.019900,MQ,MLM,14.7846,-61.1786,370.0,1560.0,,1560,100.0,ZNE,train,"bucket1$528,:3,:6001",
660,"bucket0$529,:3,:6001",2014-05-04T07:26:23.799900,MQ,BAM,14.8171,-61.1445,670.0,1760.0,,1760,100.0,ZNE,train,"bucket1$529,:3,:6001",
661,"bucket0$530,:3,:6001",2014-05-04T07:25:56.820000,MQ,LAM,14.81292,-61.16314,1240.0,4464.0,4561.0,4464,100.0,ZNE,train,"bucket1$530,:3,:6001",
662,"bucket0$531,:3,:6001",2014-05-04T07:25:55.289900,MQ,GBM,14.799451,-61.159276,800.0,4618.0,,4618,100.0,ZNE,train,"bucket1$531,:3,:6001",
663,"bucket3$62,:3,:6001",2014-05-04T07:26:17.710000,MQ,IA2,14.80307,-61.20515,289.0,2378.0,2483.0,2378,100.0,ZNE,test,"bucket2$62,:3,:6001",
664,"bucket0$532,:3,:6001",2014-05-04T13:21:39.489900,MQ,CPM,14.8168,-61.2074,242.0,2846.0,,2846,100.0,ZNE,train,"bucket1$532,:3,:6001",
665,"bucket0$533,:3,:6001",2014-05-04T13:21:54.949900,MQ,BAM,14.8171,-61.1445,670.0,1432.0,,1432,100.0,ZNE,train,"bucket1$533,:3,:6001",
666,"bucket3$63,:3,:6001",2014-05-04T13:22:03.690000,MQ,IA2,14.80307,-61.20515,289.0,595.0,746.0,595,100.0,ZNE,test,"bucket2$63,:3,:6001",
667,"bucket0$534,:3,:6001",2014-05-04T13:21:16.119900,MQ,GBM,14.799451,-61.159276,800.0,5352.0,,5352,100.0,ZNE,train,"bucket1$534,:3,:6001",
668,"bucket0$535,:3,:6001",2014-05-04T13:21:53.220000,MQ,LAM,14.81292,-61.16314,1240.0,1647.0,1784.0,1647,100.0,ZNE,train,"bucket1$535,:3,:6001",
669,"bucket0$536,:3,:6001",2014-05-04T13:21:17.119900,MQ,MLM,14.7846,-61.1786,370.0,5302.0,,5302,100.0,ZNE,train,"bucket1$536,:3,:6001",
670,"bucket0$537,:3,:6001",2014-05-05T01:07:31.719900,MQ,GBM,14.799451,-61.159276,800.0,4708.0,,4708,100.0,ZNE,train,"bucket1$537,:3,:6001",
671,"bucket0$538,:3,:6001",2014-05-05T01:07:53.210000,MQ,LAM,14.81292,-61.16314,1240.0,2562.0,2656.0,2562,100.0,ZNE,train,"bucket1$538,:3,:6001",
672,"bucket0$539,:3,:6001",2014-05-05T01:07:33.530000,MQ,IA2,14.80307,-61.20515,289.0,4608.0,4758.0,4608,100.0,ZNE,train,"bucket1$539,:3,:6001",
673,"bucket0$540,:3,:6001",2014-05-05T01:08:03.909900,MQ,BAM,14.8171,-61.1445,670.0,1600.0,,1600,100.0,ZNE,train,"bucket1$540,:3,:6001",
674,"bucket3$64,:3,:6001",2014-05-05T15:03:16.199900,MQ,BAM,14.8171,-61.1445,670.0,4232.0,,4232,100.0,ZNE,test,"bucket2$64,:3,:6001",
675,"bucket3$65,:3,:6001",2014-05-05T15:03:17.519900,MQ,GBM,14.799451,-61.159276,800.0,4119.0,,4119,100.0,ZNE,test,"bucket2$65,:3,:6001",
676,"bucket0$541,:3,:6001",2014-05-05T15:03:50.140000,MQ,LAM,14.81292,-61.16314,1240.0,864.0,894.0,864,100.0,ZNE,train,"bucket1$541,:3,:6001",
677,"bucket0$542,:3,:6001",2014-05-05T15:03:46.600000,MQ,IA2,14.80307,-61.20515,289.0,1275.0,1375.0,1275,100.0,ZNE,train,"bucket1$542,:3,:6001",
678,"bucket0$543,:3,:6001",2014-05-05T15:03:16.859900,MQ,CPM,14.8168,-61.2074,242.0,4269.0,,4269,100.0,ZNE,train,"bucket1$543,:3,:6001",
679,"bucket0$544,:3,:6001",2014-05-05T15:03:53.360000,WI,SAM,14.84108,-61.1638,485.0,675.0,742.0,675,100.0,ZNE,train,"bucket1$544,:3,:6001",
680,"bucket0$545,:3,:6001",2014-05-05T15:38:18.439900,MQ,GBM,14.799451,-61.159276,800.0,917.0,,917,100.0,ZNE,train,"bucket1$545,:3,:6001",
681,"bucket0$546,:3,:6001",2014-05-05T15:37:37.520000,MQ,LAM,14.81292,-61.16314,1240.0,5013.0,5072.0,5013,100.0,ZNE,train,"bucket1$546,:3,:6001",
682,"bucket0$547,:3,:6001",2014-05-05T15:37:46.349900,MQ,BAM,14.8171,-61.1445,670.0,4170.0,,4170,100.0,ZNE,train,"bucket1$547,:3,:6001",
683,"bucket0$548,:3,:6001",2014-05-05T17:06:02.449900,MQ,GBM,14.799451,-61.159276,800.0,2879.0,,2879,100.0,ZNE,train,"bucket1$548,:3,:6001",
684,"bucket1$69,:3,:6001",2014-05-05T17:05:57.680000,MQ,LAM,14.81292,-61.16314,1240.0,3361.0,3401.0,3361,100.0,ZNE,dev,"bucket0$69,:3,:6001",
685,"bucket3$66,:3,:6001",2014-05-05T17:05:50.829900,MQ,BAM,14.8171,-61.1445,670.0,4086.0,,4086,100.0,ZNE,test,"bucket2$66,:3,:6001",
686,"bucket0$549,:3,:6001",2014-05-05T17:13:23.869900,MQ,GBM,14.799451,-61.159276,800.0,1743.0,,1743,100.0,ZNE,train,"bucket1$549,:3,:6001",
687,"bucket0$550,:3,:6001",2014-05-05T17:13:05.280000,MQ,LAM,14.81292,-61.16314,1240.0,3607.0,3694.0,3607,100.0,ZNE,train,"bucket1$550,:3,:6001",
688,"bucket0$551,:3,:6001",2014-05-05T17:13:28.079900,MQ,BAM,14.8171,-61.1445,670.0,1362.0,,1362,100.0,ZNE,train,"bucket1$551,:3,:6001",
689,"bucket0$552,:3,:6001",2014-05-05T18:00:53.489900,MQ,GBM,14.799451,-61.159276,800.0,4425.0,,4425,100.0,ZNE,train,"bucket1$552,:3,:6001",
690,"bucket0$553,:3,:6001",2014-05-05T18:00:45.009900,MQ,MLM,14.7846,-61.1786,370.0,5277.0,,5277,100.0,ZNE,train,"bucket1$553,:3,:6001",
691,"bucket0$554,:3,:6001",2014-05-05T18:01:18.119900,MQ,BAM,14.8171,-61.1445,670.0,1967.0,,1967,100.0,ZNE,train,"bucket1$554,:3,:6001",
692,"bucket0$555,:3,:6001",2014-05-05T18:01:31.470000,MQ,IA2,14.80307,-61.20515,289.0,634.0,667.0,634,100.0,ZNE,train,"bucket1$555,:3,:6001",
693,"bucket0$556,:3,:6001",2014-05-05T18:01:04.570000,MQ,LAM,14.81292,-61.16314,1240.0,3342.0,3449.0,3342,100.0,ZNE,train,"bucket1$556,:3,:6001",
694,"bucket0$557,:3,:6001",2014-05-05T18:02:18.950000,MQ,LAM,14.81292,-61.16314,1240.0,2365.0,,2365,100.0,ZNE,train,"bucket1$557,:3,:6001",
695,"bucket0$558,:3,:6001",2014-05-05T18:02:29.229900,MQ,MLM,14.7846,-61.1786,370.0,1359.0,,1359,100.0,ZNE,train,"bucket1$558,:3,:6001",
696,"bucket1$70,:3,:6001",2014-05-05T18:02:08.239900,MQ,CPM,14.8168,-61.2074,242.0,3516.0,,3516,100.0,ZNE,dev,"bucket0$70,:3,:6001",
697,"bucket0$559,:3,:6001",2014-05-05T18:01:54.859900,MQ,GBM,14.799451,-61.159276,800.0,4862.0,,4862,100.0,ZNE,train,"bucket1$559,:3,:6001",
698,"bucket1$71,:3,:6001",2014-05-05T18:02:14.139900,MQ,BAM,14.8171,-61.1445,670.0,2949.0,,2949,100.0,ZNE,dev,"bucket0$71,:3,:6001",
699,"bucket0$560,:3,:6001",2014-05-05T18:02:36.680000,MQ,IA2,14.80307,-61.20515,289.0,,766.0,766,100.0,ZNE,train,"bucket1$560,:3,:6001",
700,"bucket0$561,:3,:6001",2014-05-06T00:02:20.919900,MQ,GBM,14.799451,-61.159276,800.0,5449.0,,5449,100.0,ZNE,train,"bucket1$561,:3,:6001",
701,"bucket0$562,:3,:6001",2014-05-06T00:02:29.600000,MQ,LAM,14.81292,-61.16314,1240.0,4587.0,4651.0,4587,100.0,ZNE,train,"bucket1$562,:3,:6001",
702,"bucket0$563,:3,:6001",2014-05-06T00:02:43.399900,MQ,CPM,14.8168,-61.2074,242.0,3236.0,,3236,100.0,ZNE,train,"bucket1$563,:3,:6001",
703,"bucket1$72,:3,:6001",2014-05-06T00:02:21.349900,MQ,BAM,14.8171,-61.1445,670.0,5444.0,,5444,100.0,ZNE,dev,"bucket0$72,:3,:6001",
704,"bucket0$564,:3,:6001",2014-05-06T00:02:28.919900,MQ,MLM,14.7846,-61.1786,370.0,4698.0,,4698,100.0,ZNE,train,"bucket1$564,:3,:6001",
705,"bucket0$565,:3,:6001",2014-05-06T00:02:40.690000,MQ,IA2,14.80307,-61.20515,289.0,3531.0,3625.0,3531,100.0,ZNE,train,"bucket1$565,:3,:6001",
706,"bucket3$67,:3,:6001",2014-05-06T00:03:05.280000,WI,SAM,14.84108,-61.1638,485.0,1136.0,1184.0,1136,100.0,ZNE,test,"bucket2$67,:3,:6001",
707,"bucket1$73,:3,:6001",2014-05-06T12:12:57.869900,MQ,GBM,14.799451,-61.159276,800.0,3600.0,,3600,100.0,ZNE,dev,"bucket0$73,:3,:6001",
708,"bucket1$74,:3,:6001",2014-05-06T12:13:00.260000,MQ,IA2,14.80307,-61.20515,289.0,3364.0,3540.0,3364,100.0,ZNE,dev,"bucket0$74,:3,:6001",
709,"bucket0$566,:3,:6001",2014-05-06T12:12:47.100000,MQ,LAM,14.81292,-61.16314,1240.0,4701.0,4836.0,4701,100.0,ZNE,train,"bucket1$566,:3,:6001",
710,"bucket0$567,:3,:6001",2014-05-06T12:12:59.189900,MQ,BAM,14.8171,-61.1445,670.0,3501.0,,3501,100.0,ZNE,train,"bucket1$567,:3,:6001",
711,"bucket0$568,:3,:6001",2014-05-06T12:28:35.590000,MQ,LAM,14.81292,-61.16314,1240.0,1705.0,1768.0,1705,100.0,ZNE,train,"bucket1$568,:3,:6001",
712,"bucket0$569,:3,:6001",2014-05-06T12:28:21.129900,MQ,GBM,14.799451,-61.159276,800.0,3164.0,,3164,100.0,ZNE,train,"bucket1$569,:3,:6001",
713,"bucket0$570,:3,:6001",2014-05-06T12:28:31.419900,MQ,BAM,14.8171,-61.1445,670.0,2172.0,,2172,100.0,ZNE,train,"bucket1$570,:3,:6001",
714,"bucket0$571,:3,:6001",2014-05-06T12:32:20.190000,MQ,LAM,14.81292,-61.16314,1240.0,3407.0,3462.0,3407,100.0,ZNE,train,"bucket1$571,:3,:6001",
715,"bucket0$572,:3,:6001",2014-05-06T12:32:14.369900,MQ,BAM,14.8171,-61.1445,670.0,4026.0,,4026,100.0,ZNE,train,"bucket1$572,:3,:6001",
716,"bucket1$75,:3,:6001",2014-05-06T12:32:03.319900,MQ,GBM,14.799451,-61.159276,800.0,5138.0,,5138,100.0,ZNE,dev,"bucket0$75,:3,:6001",
717,"bucket0$573,:3,:6001",2014-05-06T12:32:50.250000,MQ,IA2,14.80307,-61.20515,289.0,,557.0,557,100.0,ZNE,train,"bucket1$573,:3,:6001",
718,"bucket1$76,:3,:6001",2014-05-06T20:21:29.649900,MQ,GBM,14.799451,-61.159276,800.0,5155.0,,5155,100.0,ZNE,dev,"bucket0$76,:3,:6001",
719,"bucket0$574,:3,:6001",2014-05-06T20:21:28.900000,MQ,LAM,14.81292,-61.16314,1240.0,5235.0,5259.0,5235,100.0,ZNE,train,"bucket1$574,:3,:6001",
720,"bucket0$575,:3,:6001",2014-05-06T20:21:42.889900,MQ,BAM,14.8171,-61.1445,670.0,3865.0,,3865,100.0,ZNE,train,"bucket1$575,:3,:6001",
721,"bucket0$576,:3,:6001",2014-05-06T20:21:48.260000,MQ,IA2,14.80307,-61.20515,289.0,3357.0,3454.0,3357,100.0,ZNE,train,"bucket1$576,:3,:6001",
722,"bucket0$577,:3,:6001",2014-05-06T21:01:29.089900,MQ,GBM,14.799451,-61.159276,800.0,2053.0,,2053,100.0,ZNE,train,"bucket1$577,:3,:6001",
723,"bucket0$578,:3,:6001",2014-05-06T21:01:35.650000,MQ,LAM,14.81292,-61.16314,1240.0,1405.0,1464.0,1405,100.0,ZNE,train,"bucket1$578,:3,:6001",
724,"bucket3$68,:3,:6001",2014-05-06T21:00:59.339900,MQ,BAM,14.8171,-61.1445,670.0,5062.0,,5062,100.0,ZNE,test,"bucket2$68,:3,:6001",
725,"bucket0$579,:3,:6001",2014-05-06T21:01:29.460000,MQ,IA2,14.80307,-61.20515,289.0,2076.0,2176.0,2076,100.0,ZNE,train,"bucket1$579,:3,:6001",
726,"bucket0$580,:3,:6001",2014-05-06T21:01:36.890000,WI,SAM,14.84108,-61.1638,485.0,1382.0,1409.0,1382,100.0,ZNE,train,"bucket1$580,:3,:6001",
727,"bucket0$581,:3,:6001",2014-05-07T10:02:58.669900,MQ,GBM,14.799451,-61.159276,800.0,3666.0,,3666,100.0,ZNE,train,"bucket1$581,:3,:6001",
728,"bucket0$582,:3,:6001",2014-05-07T10:03:14.190000,MQ,LAM,14.81292,-61.16314,1240.0,2216.0,2313.0,2216,100.0,ZNE,train,"bucket1$582,:3,:6001",
729,"bucket0$583,:3,:6001",2014-05-07T10:03:25.820000,MQ,IA2,14.80307,-61.20515,289.0,999.0,1263.0,999,100.0,ZNE,train,"bucket1$583,:3,:6001",
730,"bucket0$584,:3,:6001",2014-05-07T10:02:59.569900,MQ,BAM,14.8171,-61.1445,670.0,3707.0,,3707,100.0,ZNE,train,"bucket1$584,:3,:6001",
731,"bucket0$585,:3,:6001",2014-05-07T16:59:43.489900,MQ,BAM,14.8171,-61.1445,670.0,2874.0,,2874,100.0,ZNE,train,"bucket1$585,:3,:6001",
732,"bucket0$586,:3,:6001",2014-05-07T16:59:20.959900,MQ,GBM,14.799451,-61.159276,800.0,5152.0,,5152,100.0,ZNE,train,"bucket1$586,:3,:6001",
733,"bucket0$587,:3,:6001",2014-05-07T16:59:41.760000,MQ,LAM,14.81292,-61.16314,1240.0,3121.0,3156.0,3121,100.0,ZNE,train,"bucket1$587,:3,:6001",
734,"bucket0$588,:3,:6001",2014-05-07T16:59:23.610000,MQ,IA2,14.80307,-61.20515,289.0,,5101.0,5101,100.0,ZNE,train,"bucket1$588,:3,:6001",
735,"bucket0$589,:3,:6001",2014-05-09T07:03:01.789900,MQ,BAM,14.8171,-61.1445,670.0,2904.0,,2904,100.0,ZNE,train,"bucket1$589,:3,:6001",
736,"bucket3$69,:3,:6001",2014-05-09T07:03:22.709900,MQ,GBM,14.799451,-61.159276,800.0,814.0,,814,100.0,ZNE,test,"bucket2$69,:3,:6001",
737,"bucket3$70,:3,:6001",2014-05-09T07:03:20.780000,MQ,LAM,14.81292,-61.16314,1240.0,1036.0,1121.0,1036,100.0,ZNE,test,"bucket2$70,:3,:6001",
738,"bucket0$590,:3,:6001",2014-05-09T07:03:13.930000,MQ,IA2,14.80307,-61.20515,289.0,1739.0,1859.0,1739,100.0,ZNE,train,"bucket1$590,:3,:6001",
739,"bucket1$77,:3,:6001",2014-05-10T02:03:16.090000,MQ,LAM,14.81292,-61.16314,1240.0,3752.0,3935.0,3752,100.0,ZNE,dev,"bucket0$77,:3,:6001",
740,"bucket0$591,:3,:6001",2014-05-10T02:03:40.919900,MQ,GBM,14.799451,-61.159276,800.0,1270.0,,1270,100.0,ZNE,train,"bucket1$591,:3,:6001",
741,"bucket0$592,:3,:6001",2014-05-10T02:03:41.029900,MQ,BAM,14.8171,-61.1445,670.0,1290.0,,1290,100.0,ZNE,train,"bucket1$592,:3,:6001",
742,"bucket0$593,:3,:6001",2014-05-10T02:03:49.090000,MQ,IA2,14.80307,-61.20515,289.0,510.0,627.0,510,100.0,ZNE,train,"bucket1$593,:3,:6001",
743,"bucket0$594,:3,:6001",2014-05-10T02:03:19.410000,WI,SAM,14.84108,-61.1638,485.0,3497.0,3674.0,3497,100.0,ZNE,train,"bucket1$594,:3,:6001",
744,"bucket0$595,:3,:6001",2014-05-10T05:55:47.699900,MQ,GBM,14.799451,-61.159276,800.0,4642.0,,4642,100.0,ZNE,train,"bucket1$595,:3,:6001",
745,"bucket1$78,:3,:6001",2014-05-10T05:56:07.220000,MQ,LAM,14.81292,-61.16314,1240.0,2692.0,2748.0,2692,100.0,ZNE,dev,"bucket0$78,:3,:6001",
746,"bucket0$596,:3,:6001",2014-05-10T05:56:20.479900,MQ,BAM,14.8171,-61.1445,670.0,1407.0,,1407,100.0,ZNE,train,"bucket1$596,:3,:6001",
747,"bucket0$597,:3,:6001",2014-05-10T05:55:48.570000,MQ,IA2,14.80307,-61.20515,289.0,,4718.0,4718,100.0,ZNE,train,"bucket1$597,:3,:6001",
748,"bucket0$598,:3,:6001",2014-05-13T01:29:26.250000,MQ,IA2,14.80307,-61.20515,289.0,4722.0,4853.0,4722,100.0,ZNE,train,"bucket1$598,:3,:6001",
749,"bucket0$599,:3,:6001",2014-05-13T01:29:41.900000,MQ,LAM,14.81292,-61.16314,1240.0,3170.0,3206.0,3170,100.0,ZNE,train,"bucket1$599,:3,:6001",
750,"bucket0$600,:3,:6001",2014-05-13T01:29:23.819900,MQ,GBM,14.799451,-61.159276,800.0,4982.0,,4982,100.0,ZNE,train,"bucket1$600,:3,:6001",
751,"bucket0$601,:3,:6001",2014-05-13T01:29:19.369900,MQ,BAM,14.8171,-61.1445,670.0,5456.0,,5456,100.0,ZNE,train,"bucket1$601,:3,:6001",
752,"bucket3$71,:3,:6001",2014-05-15T02:02:36.679900,MQ,GBM,14.799451,-61.159276,800.0,2589.0,,2589,100.0,ZNE,test,"bucket2$71,:3,:6001",
753,"bucket0$602,:3,:6001",2014-05-15T02:02:24.760000,MQ,IA2,14.80307,-61.20515,289.0,3825.0,3934.0,3825,100.0,ZNE,train,"bucket1$602,:3,:6001",
754,"bucket0$603,:3,:6001",2014-05-15T02:02:35.769900,MQ,BAM,14.8171,-61.1445,670.0,2753.0,,2753,100.0,ZNE,train,"bucket1$603,:3,:6001",
755,"bucket0$604,:3,:6001",2014-05-15T08:04:35.629900,MQ,GBM,14.799451,-61.159276,800.0,2892.0,,2892,100.0,ZNE,train,"bucket1$604,:3,:6001",
756,"bucket0$605,:3,:6001",2014-05-15T08:04:36.010000,MQ,IA2,14.80307,-61.20515,289.0,2862.0,2963.0,2862,100.0,ZNE,train,"bucket1$605,:3,:6001",
757,"bucket0$606,:3,:6001",2014-05-15T08:04:14.039900,MQ,CPM,14.8168,-61.2074,242.0,5093.0,,5093,100.0,ZNE,train,"bucket1$606,:3,:6001",
758,"bucket1$79,:3,:6001",2014-05-15T08:04:54.069900,MQ,BAM,14.8171,-61.1445,670.0,1091.0,,1091,100.0,ZNE,dev,"bucket0$79,:3,:6001",
759,"bucket3$72,:3,:6001",2014-05-17T00:56:36.109900,MQ,GBM,14.799451,-61.159276,800.0,4557.0,,4557,100.0,ZNE,test,"bucket2$72,:3,:6001",
760,"bucket0$607,:3,:6001",2014-05-17T00:57:10.890000,MQ,LAM,14.81292,-61.16314,1240.0,1093.0,1278.0,1093,100.0,ZNE,train,"bucket1$607,:3,:6001",
761,"bucket0$608,:3,:6001",2014-05-17T00:56:54.379900,MQ,BAM,14.8171,-61.1445,670.0,2747.0,,2747,100.0,ZNE,train,"bucket1$608,:3,:6001",
762,"bucket0$609,:3,:6001",2014-05-17T00:56:38.210000,MQ,IA2,14.80307,-61.20515,289.0,,4622.0,4622,100.0,ZNE,train,"bucket1$609,:3,:6001",
763,"bucket3$73,:3,:6001",2014-05-17T06:01:37.660000,MQ,LAM,14.81292,-61.16314,1240.0,975.0,1227.0,975,100.0,ZNE,test,"bucket2$73,:3,:6001",
764,"bucket1$80,:3,:6001",2014-05-17T06:01:16.689900,MQ,GBM,14.799451,-61.159276,800.0,3092.0,,3092,100.0,ZNE,dev,"bucket0$80,:3,:6001",
765,"bucket0$610,:3,:6001",2014-05-17T06:01:25.579900,MQ,BAM,14.8171,-61.1445,670.0,2275.0,,2275,100.0,ZNE,train,"bucket1$610,:3,:6001",
766,"bucket0$611,:3,:6001",2014-05-17T06:01:12.830000,MQ,IA2,14.80307,-61.20515,289.0,,3848.0,3848,100.0,ZNE,train,"bucket1$611,:3,:6001",
767,"bucket0$612,:3,:6001",2014-05-17T22:08:20.070000,MQ,LAM,14.81292,-61.16314,1240.0,3478.0,3533.0,3478,100.0,ZNE,train,"bucket1$612,:3,:6001",
768,"bucket0$613,:3,:6001",2014-05-17T22:08:35.569900,MQ,GBM,14.799451,-61.159276,800.0,1952.0,,1952,100.0,ZNE,train,"bucket1$613,:3,:6001",
769,"bucket3$74,:3,:6001",2014-05-17T22:08:21.489900,MQ,BAM,14.8171,-61.1445,670.0,3366.0,,3366,100.0,ZNE,test,"bucket2$74,:3,:6001",
770,"bucket0$614,:3,:6001",2014-05-18T05:28:11.139900,MQ,GBM,14.799451,-61.159276,800.0,2867.0,,2867,100.0,ZNE,train,"bucket1$614,:3,:6001",
771,"bucket0$615,:3,:6001",2014-05-18T05:28:18.100000,MQ,LAM,14.81292,-61.16314,1240.0,2176.0,2216.0,2176,100.0,ZNE,train,"bucket1$615,:3,:6001",
772,"bucket0$616,:3,:6001",2014-05-18T05:28:26.539900,MQ,BAM,14.8171,-61.1445,670.0,1382.0,,1382,100.0,ZNE,train,"bucket1$616,:3,:6001",
773,"bucket0$617,:3,:6001",2014-05-18T05:28:33.420000,MQ,IA2,14.80307,-61.20515,289.0,,804.0,804,100.0,ZNE,train,"bucket1$617,:3,:6001",
774,"bucket0$618,:3,:6001",2014-05-19T21:12:05.400000,MQ,LAM,14.81292,-61.16314,1240.0,3933.0,4086.0,3933,100.0,ZNE,train,"bucket1$618,:3,:6001",
775,"bucket0$619,:3,:6001",2014-05-19T21:11:54.109900,MQ,GBM,14.799451,-61.159276,800.0,5085.0,,5085,100.0,ZNE,train,"bucket1$619,:3,:6001",
776,"bucket3$75,:3,:6001",2014-05-19T21:12:05.159900,MQ,BAM,14.8171,-61.1445,670.0,4001.0,,4001,100.0,ZNE,test,"bucket2$75,:3,:6001",
777,"bucket0$620,:3,:6001",2014-05-19T21:12:07.740000,MQ,IA2,14.80307,-61.20515,289.0,3749.0,3864.0,3749,100.0,ZNE,train,"bucket1$620,:3,:6001",
778,"bucket0$621,:3,:6001",2014-05-19T21:12:31.699900,MQ,CPM,14.8168,-61.2074,242.0,1462.0,,1462,100.0,ZNE,train,"bucket1$621,:3,:6001",
779,"bucket0$622,:3,:6001",2014-05-19T22:15:27.780000,MQ,LAM,14.81292,-61.16314,1240.0,5366.0,,5366,100.0,ZNE,train,"bucket1$622,:3,:6001",
780,"bucket1$81,:3,:6001",2014-05-19T22:15:53.529900,MQ,GBM,14.799451,-61.159276,800.0,2826.0,,2826,100.0,ZNE,dev,"bucket0$81,:3,:6001",
781,"bucket0$623,:3,:6001",2014-05-19T22:16:02.539900,MQ,BAM,14.8171,-61.1445,670.0,1938.0,,1938,100.0,ZNE,train,"bucket1$623,:3,:6001",
782,"bucket0$624,:3,:6001",2014-05-19T22:16:06.630000,MQ,IA2,14.80307,-61.20515,289.0,1539.0,1644.0,1539,100.0,ZNE,train,"bucket1$624,:3,:6001",
783,"bucket0$625,:3,:6001",2014-05-19T22:15:37.020000,WI,SAM,14.84108,-61.1638,485.0,,4605.0,4605,100.0,ZNE,train,"bucket1$625,:3,:6001",
784,"bucket0$626,:3,:6001",2014-05-19T23:26:21.379900,MQ,GBM,14.799451,-61.159276,800.0,2003.0,,2003,100.0,ZNE,train,"bucket1$626,:3,:6001",
785,"bucket0$627,:3,:6001",2014-05-19T23:25:50.640000,MQ,LAM,14.81292,-61.16314,1240.0,5081.0,5147.0,5081,100.0,ZNE,train,"bucket1$627,:3,:6001",
786,"bucket0$628,:3,:6001",2014-05-19T23:26:03.420000,WI,SAM,14.84108,-61.1638,485.0,3847.0,3975.0,3847,100.0,ZNE,train,"bucket1$628,:3,:6001",
787,"bucket0$629,:3,:6001",2014-05-19T23:26:22.519900,MQ,MLM,14.7846,-61.1786,370.0,1943.0,,1943,100.0,ZNE,train,"bucket1$629,:3,:6001",
788,"bucket1$82,:3,:6001",2014-05-19T23:25:52.229900,MQ,BAM,14.8171,-61.1445,670.0,4975.0,,4975,100.0,ZNE,dev,"bucket0$82,:3,:6001",
789,"bucket0$630,:3,:6001",2014-05-19T23:26:09.550000,MQ,IA2,14.80307,-61.20515,289.0,3261.0,3354.0,3261,100.0,ZNE,train,"bucket1$630,:3,:6001",
790,"bucket3$76,:3,:6001",2014-05-19T23:26:32.609900,MQ,CPM,14.8168,-61.2074,242.0,956.0,,956,100.0,ZNE,test,"bucket2$76,:3,:6001",
791,"bucket0$631,:3,:6001",2014-05-19T23:34:45.739900,MQ,GBM,14.799451,-61.159276,800.0,4922.0,,4922,100.0,ZNE,train,"bucket1$631,:3,:6001",
792,"bucket0$632,:3,:6001",2014-05-19T23:35:07.619900,MQ,BAM,14.8171,-61.1445,670.0,2851.0,,2851,100.0,ZNE,train,"bucket1$632,:3,:6001",
793,"bucket0$633,:3,:6001",2014-05-19T23:34:55.630000,MQ,LAM,14.81292,-61.16314,1240.0,4057.0,4125.0,4057,100.0,ZNE,train,"bucket1$633,:3,:6001",
794,"bucket0$634,:3,:6001",2014-05-19T23:35:28.880000,MQ,IA2,14.80307,-61.20515,289.0,,894.0,894,100.0,ZNE,train,"bucket1$634,:3,:6001",
795,"bucket3$77,:3,:6001",2014-05-20T03:14:51.830000,MQ,LAM,14.81292,-61.16314,1240.0,4180.0,4253.0,4180,100.0,ZNE,test,"bucket2$77,:3,:6001",
796,"bucket0$635,:3,:6001",2014-05-20T03:15:20.359900,MQ,GBM,14.799451,-61.159276,800.0,1352.0,,1352,100.0,ZNE,train,"bucket1$635,:3,:6001",
797,"bucket1$83,:3,:6001",2014-05-20T03:14:52.989900,MQ,BAM,14.8171,-61.1445,670.0,4133.0,,4133,100.0,ZNE,dev,"bucket0$83,:3,:6001",
798,"bucket1$84,:3,:6001",2014-05-20T03:14:52.279900,MQ,MLM,14.7846,-61.1786,370.0,4214.0,,4214,100.0,ZNE,dev,"bucket0$84,:3,:6001",
799,"bucket0$636,:3,:6001",2014-05-20T03:14:48.990000,MQ,IA2,14.80307,-61.20515,289.0,4558.0,4629.0,4558,100.0,ZNE,train,"bucket1$636,:3,:6001",
800,"bucket3$78,:3,:6001",2014-05-20T03:15:01.859900,MQ,CPM,14.8168,-61.2074,242.0,3277.0,,3277,100.0,ZNE,test,"bucket2$78,:3,:6001",
801,"bucket0$637,:3,:6001",2014-05-20T03:44:36.600000,MQ,IA2,14.80307,-61.20515,289.0,789.0,950.0,789,100.0,ZNE,train,"bucket1$637,:3,:6001",
802,"bucket0$638,:3,:6001",2014-05-20T03:44:24.320000,MQ,LAM,14.81292,-61.16314,1240.0,2039.0,2120.0,2039,100.0,ZNE,train,"bucket1$638,:3,:6001",
803,"bucket0$639,:3,:6001",2014-05-20T05:46:09.529900,MQ,GBM,14.799451,-61.159276,800.0,1332.0,,1332,100.0,ZNE,train,"bucket1$639,:3,:6001",
804,"bucket0$640,:3,:6001",2014-05-20T05:45:39.159900,MQ,CPM,14.8168,-61.2074,242.0,4407.0,,4407,100.0,ZNE,train,"bucket1$640,:3,:6001",
805,"bucket3$79,:3,:6001",2014-05-20T05:45:47.330000,MQ,LAM,14.81292,-61.16314,1240.0,3660.0,3785.0,3660,100.0,ZNE,test,"bucket2$79,:3,:6001",
806,"bucket0$641,:3,:6001",2014-05-20T05:45:52.889900,MQ,MLM,14.7846,-61.1786,370.0,3109.0,,3109,100.0,ZNE,train,"bucket1$641,:3,:6001",
807,"bucket0$642,:3,:6001",2014-05-20T05:46:04.210000,MQ,IA2,14.80307,-61.20515,289.0,1993.0,2197.0,1993,100.0,ZNE,train,"bucket1$642,:3,:6001",
808,"bucket3$80,:3,:6001",2014-05-20T15:10:30.340000,MQ,LAM,14.81292,-61.16314,1240.0,2580.0,2638.0,2580,100.0,ZNE,test,"bucket2$80,:3,:6001",
809,"bucket0$643,:3,:6001",2014-05-20T15:10:13.039900,MQ,GBM,14.799451,-61.159276,800.0,4333.0,,4333,100.0,ZNE,train,"bucket1$643,:3,:6001",
810,"bucket0$644,:3,:6001",2014-05-20T15:10:32.639900,MQ,BAM,14.8171,-61.1445,670.0,2393.0,,2393,100.0,ZNE,train,"bucket1$644,:3,:6001",
811,"bucket0$645,:3,:6001",2014-05-20T15:10:49.860000,MQ,IA2,14.80307,-61.20515,289.0,,782.0,782,100.0,ZNE,train,"bucket1$645,:3,:6001",
812,"bucket0$646,:3,:6001",2014-05-20T22:25:54.589900,MQ,MLM,14.7846,-61.1786,370.0,4810.0,,4810,100.0,ZNE,train,"bucket1$646,:3,:6001",
813,"bucket0$647,:3,:6001",2014-05-20T22:26:14.769900,MQ,GBM,14.799451,-61.159276,800.0,2810.0,,2810,100.0,ZNE,train,"bucket1$647,:3,:6001",
814,"bucket0$648,:3,:6001",2014-05-20T22:26:07.190000,MQ,LAM,14.81292,-61.16314,1240.0,3572.0,3639.0,3572,100.0,ZNE,train,"bucket1$648,:3,:6001",
815,"bucket0$649,:3,:6001",2014-05-20T22:25:55.959900,MQ,BAM,14.8171,-61.1445,670.0,4735.0,,4735,100.0,ZNE,train,"bucket1$649,:3,:6001",
816,"bucket0$650,:3,:6001",2014-05-20T22:26:37.770000,MQ,IA2,14.80307,-61.20515,289.0,572.0,670.0,572,100.0,ZNE,train,"bucket1$650,:3,:6001",
817,"bucket0$651,:3,:6001",2014-05-21T16:56:09.940000,MQ,LAM,14.81292,-61.16314,1240.0,2374.0,2433.0,2374,100.0,ZNE,train,"bucket1$651,:3,:6001",
818,"bucket0$652,:3,:6001",2014-05-21T16:56:14.899900,MQ,BAM,14.8171,-61.1445,670.0,1901.0,,1901,100.0,ZNE,train,"bucket1$652,:3,:6001",
819,"bucket0$653,:3,:6001",2014-05-21T16:55:43.269900,MQ,GBM,14.799451,-61.159276,800.0,5086.0,,5086,100.0,ZNE,train,"bucket1$653,:3,:6001",
820,"bucket0$654,:3,:6001",2014-05-21T16:56:10.690000,MQ,IA2,14.80307,-61.20515,289.0,,2457.0,2457,100.0,ZNE,train,"bucket1$654,:3,:6001",
821,"bucket0$655,:3,:6001",2014-05-23T04:11:33.260000,MQ,LAM,14.81292,-61.16314,1240.0,4441.0,,4441,100.0,ZNE,train,"bucket1$655,:3,:6001",
822,"bucket1$85,:3,:6001",2014-05-23T04:12:11.429900,MQ,GBM,14.799451,-61.159276,800.0,662.0,,662,100.0,ZNE,dev,"bucket0$85,:3,:6001",
823,"bucket0$656,:3,:6001",2014-05-23T04:12:06.129900,MQ,BAM,14.8171,-61.1445,670.0,1196.0,,1196,100.0,ZNE,train,"bucket1$656,:3,:6001",
824,"bucket0$657,:3,:6001",2014-05-23T04:11:52.290000,MQ,IA2,14.80307,-61.20515,289.0,2597.0,2694.0,2597,100.0,ZNE,train,"bucket1$657,:3,:6001",
825,"bucket0$658,:3,:6001",2014-05-24T23:39:40.589900,MQ,GBM,14.799451,-61.159276,800.0,3342.0,,3342,100.0,ZNE,train,"bucket1$658,:3,:6001",
826,"bucket0$659,:3,:6001",2014-05-24T23:39:30.040000,MQ,LAM,14.81292,-61.16314,1240.0,4401.0,4471.0,4401,100.0,ZNE,train,"bucket1$659,:3,:6001",
827,"bucket0$660,:3,:6001",2014-05-24T23:39:36.799900,MQ,BAM,14.8171,-61.1445,670.0,3760.0,,3760,100.0,ZNE,train,"bucket1$660,:3,:6001",
828,"bucket0$661,:3,:6001",2014-05-24T23:39:31.090000,MQ,IA2,14.80307,-61.20515,289.0,4358.0,4375.0,4358,100.0,ZNE,train,"bucket1$661,:3,:6001",
829,"bucket0$662,:3,:6001",2014-05-24T23:39:58.589900,MQ,MLM,14.7846,-61.1786,370.0,1643.0,,1643,100.0,ZNE,train,"bucket1$662,:3,:6001",
830,"bucket0$663,:3,:6001",2014-05-25T13:19:07.250000,MQ,LAM,14.81292,-61.16314,1240.0,2427.0,2477.0,2427,100.0,ZNE,train,"bucket1$663,:3,:6001",
831,"bucket0$664,:3,:6001",2014-05-25T13:18:40.579900,MQ,GBM,14.799451,-61.159276,800.0,5096.0,,5096,100.0,ZNE,train,"bucket1$664,:3,:6001",
832,"bucket0$665,:3,:6001",2014-05-25T13:19:09.589900,MQ,MLM,14.7846,-61.1786,370.0,2260.0,,2260,100.0,ZNE,train,"bucket1$665,:3,:6001",
833,"bucket0$666,:3,:6001",2014-05-25T13:18:42.499900,MQ,BAM,14.8171,-61.1445,670.0,4972.0,,4972,100.0,ZNE,train,"bucket1$666,:3,:6001",
834,"bucket0$667,:3,:6001",2014-05-28T04:06:44.839900,MQ,GBM,14.799451,-61.159276,800.0,1708.0,,1708,100.0,ZNE,train,"bucket1$667,:3,:6001",
835,"bucket0$668,:3,:6001",2014-05-28T04:06:10.070000,MQ,LAM,14.81292,-61.16314,1240.0,5189.0,5236.0,5189,100.0,ZNE,train,"bucket1$668,:3,:6001",
836,"bucket0$669,:3,:6001",2014-05-28T04:06:12.589900,MQ,BAM,14.8171,-61.1445,670.0,4979.0,,4979,100.0,ZNE,train,"bucket1$669,:3,:6001",
837,"bucket0$670,:3,:6001",2014-05-28T04:06:13.189900,MQ,MLM,14.7846,-61.1786,370.0,4921.0,,4921,100.0,ZNE,train,"bucket1$670,:3,:6001",
838,"bucket0$671,:3,:6001",2014-05-28T04:06:24.479900,MQ,CPM,14.8168,-61.2074,242.0,3861.0,,3861,100.0,ZNE,train,"bucket1$671,:3,:6001",
839,"bucket0$672,:3,:6001",2014-05-28T04:06:41.780000,WI,SAM,14.84108,-61.1638,485.0,,2217.0,2217,100.0,ZNE,train,"bucket1$672,:3,:6001",
840,"bucket0$673,:3,:6001",2014-05-28T05:54:51.130000,MQ,LAM,14.81292,-61.16314,1240.0,1058.0,1203.0,1058,100.0,ZNE,train,"bucket1$673,:3,:6001",
841,"bucket0$674,:3,:6001",2014-05-28T05:54:47.349900,MQ,GBM,14.799451,-61.159276,800.0,1475.0,,1475,100.0,ZNE,train,"bucket1$674,:3,:6001",
842,"bucket0$675,:3,:6001",2014-05-28T05:54:28.319900,MQ,BAM,14.8171,-61.1445,670.0,3442.0,,3442,100.0,ZNE,train,"bucket1$675,:3,:6001",
843,"bucket0$676,:3,:6001",2014-05-28T06:16:23.740000,WI,SAM,14.84108,-61.1638,485.0,2814.0,,2814,100.0,ZNE,train,"bucket1$676,:3,:6001",
844,"bucket3$81,:3,:6001",2014-05-28T06:16:45.620000,MQ,LAM,14.81292,-61.16314,1240.0,655.0,711.0,655,100.0,ZNE,test,"bucket2$81,:3,:6001",
845,"bucket0$677,:3,:6001",2014-05-28T06:23:47.849900,MQ,GBM,14.799451,-61.159276,800.0,1609.0,,1609,100.0,ZNE,train,"bucket1$677,:3,:6001",
846,"bucket0$678,:3,:6001",2014-05-28T06:23:24.509900,MQ,BAM,14.8171,-61.1445,670.0,4016.0,,4016,100.0,ZNE,train,"bucket1$678,:3,:6001",
847,"bucket3$82,:3,:6001",2014-05-28T06:23:43.220000,MQ,LAM,14.81292,-61.16314,1240.0,2222.0,2268.0,2222,100.0,ZNE,test,"bucket2$82,:3,:6001",
848,"bucket0$679,:3,:6001",2014-05-30T07:56:24.270000,MQ,BAM,14.8171,-61.1445,670.0,1115.0,,1115,100.0,ZNE,train,"bucket1$679,:3,:6001",
849,"bucket0$680,:3,:6001",2014-05-30T07:56:13.540000,MQ,GBM,14.799451,-61.159276,800.0,2202.0,,2202,100.0,ZNE,train,"bucket1$680,:3,:6001",
850,"bucket0$681,:3,:6001",2014-05-30T07:56:17.890000,MQ,LAM,14.81292,-61.16314,1240.0,1787.0,1836.0,1787,100.0,ZNE,train,"bucket1$681,:3,:6001",
851,"bucket0$682,:3,:6001",2014-05-30T12:23:40.330000,MQ,BAM,14.8171,-61.1445,670.0,1347.0,,1347,100.0,ZNE,train,"bucket1$682,:3,:6001",
852,"bucket1$86,:3,:6001",2014-05-30T12:23:49.630000,MQ,LAM,14.81292,-61.16314,1240.0,639.0,659.0,639,100.0,ZNE,dev,"bucket0$86,:3,:6001",
853,"bucket0$683,:3,:6001",2014-05-30T12:23:23.360000,MQ,GBM,14.799451,-61.159276,800.0,3267.0,,3267,100.0,ZNE,train,"bucket1$683,:3,:6001",
854,"bucket0$684,:3,:6001",2014-05-30T15:09:14.350000,MQ,GBM,14.799451,-61.159276,800.0,1205.0,,1205,100.0,ZNE,train,"bucket1$684,:3,:6001",
855,"bucket0$685,:3,:6001",2014-05-30T15:09:17.610000,MQ,LAM,14.81292,-61.16314,1240.0,989.0,1075.0,989,100.0,ZNE,train,"bucket1$685,:3,:6001",
856,"bucket0$686,:3,:6001",2014-05-30T17:50:11.130000,MQ,GBM,14.799451,-61.159276,800.0,972.0,,972,100.0,ZNE,train,"bucket1$686,:3,:6001",
857,"bucket0$687,:3,:6001",2014-05-30T17:49:31.070000,MQ,LAM,14.81292,-61.16314,1240.0,4986.0,5033.0,4986,100.0,ZNE,train,"bucket1$687,:3,:6001",
858,"bucket0$688,:3,:6001",2014-05-30T17:49:38.350000,MQ,BAM,14.8171,-61.1445,670.0,4294.0,,4294,100.0,ZNE,train,"bucket1$688,:3,:6001",
859,"bucket3$83,:3,:6001",2014-05-30T18:01:34.400000,MQ,BAM,14.8171,-61.1445,670.0,3057.0,,3057,100.0,ZNE,test,"bucket2$83,:3,:6001",
860,"bucket0$689,:3,:6001",2014-05-30T18:01:18.210000,MQ,LAM,14.81292,-61.16314,1240.0,4783.0,4817.0,4783,100.0,ZNE,train,"bucket1$689,:3,:6001",
861,"bucket0$690,:3,:6001",2014-05-30T18:01:53.150000,MQ,GBM,14.799451,-61.159276,800.0,1300.0,,1300,100.0,ZNE,train,"bucket1$690,:3,:6001",
862,"bucket3$84,:3,:6001",2014-05-30T18:05:47.440000,MQ,LAM,14.81292,-61.16314,1240.0,2215.0,2280.0,2215,100.0,ZNE,test,"bucket2$84,:3,:6001",
863,"bucket1$87,:3,:6001",2014-05-30T18:05:57.670000,MQ,GBM,14.799451,-61.159276,800.0,1192.0,,1192,100.0,ZNE,dev,"bucket0$87,:3,:6001",
864,"bucket0$691,:3,:6001",2014-05-30T18:05:55.990000,MQ,BAM,14.8171,-61.1445,670.0,1403.0,,1403,100.0,ZNE,train,"bucket1$691,:3,:6001",
0,"bucket0$692,:3,:6001",,MQ,IA2,14.80307,-61.20515,289.0,,,3000,100.0,ZNE,train,"bucket0$0,:3,:6001",
1,"bucket0$693,:3,:6001",,MQ,IA2,14.80307,-61.20515,289.0,,,3000,100.0,ZNE,train,"bucket0$1,:3,:6001",
2,"bucket1$88,:3,:6001",,MQ,IA2,14.80307,-61.20515,289.0,,,3000,100.0,ZNE,dev,"bucket1$0,:3,:6001",
3,"bucket0$694,:3,:6001",,MQ,IA2,14.80307,-61.20515,289.0,,,3000,100.0,ZNE,train,"bucket0$2,:3,:6001",
4,"bucket0$695,:3,:6001",,MQ,IA2,14.80307,-61.20515,289.0,,,3000,100.0,ZNE,train,"bucket0$3,:3,:6001",
5,"bucket0$696,:3,:6001",,MQ,IA2,14.80307,-61.20515,289.0,,,3000,100.0,ZNE,train,"bucket0$4,:3,:6001",
6,"bucket0$697,:3,:6001",,MQ,IA2,14.80307,-61.20515,289.0,,,3000,100.0,ZNE,train,"bucket0$5,:3,:6001",
7,"bucket1$89,:3,:6001",,MQ,IA2,14.80307,-61.20515,289.0,,,3000,100.0,ZNE,dev,"bucket1$1,:3,:6001",
8,"bucket0$698,:3,:6001",,MQ,IA2,14.80307,-61.20515,289.0,,,3000,100.0,ZNE,train,"bucket0$6,:3,:6001",
9,"bucket0$699,:3,:6001",,MQ,IA2,14.80307,-61.20515,289.0,,,3000,100.0,ZNE,train,"bucket0$7,:3,:6001",
10,"bucket0$700,:3,:6001",,MQ,IA2,14.80307,-61.20515,289.0,,,3000,100.0,ZNE,train,"bucket0$8,:3,:6001",
11,"bucket0$701,:3,:6001",,MQ,IA2,14.80307,-61.20515,289.0,,,3000,100.0,ZNE,train,"bucket0$9,:3,:6001",
12,"bucket0$702,:3,:6001",,MQ,IA2,14.80307,-61.20515,289.0,,,3000,100.0,ZNE,train,"bucket0$10,:3,:6001",
13,"bucket0$703,:3,:6001",,MQ,IA2,14.80307,-61.20515,289.0,,,3000,100.0,ZNE,train,"bucket0$11,:3,:6001",
14,"bucket0$704,:3,:6001",,MQ,IA2,14.80307,-61.20515,289.0,,,3000,100.0,ZNE,train,"bucket0$12,:3,:6001",
15,"bucket0$705,:3,:6001",,MQ,IA2,14.80307,-61.20515,289.0,,,3000,100.0,ZNE,train,"bucket0$13,:3,:6001",
16,"bucket0$706,:3,:6001",,MQ,IA2,14.80307,-61.20515,289.0,,,3000,100.0,ZNE,train,"bucket0$14,:3,:6001",
17,"bucket1$90,:3,:6001",,MQ,IA2,14.80307,-61.20515,289.0,,,3000,100.0,ZNE,dev,"bucket1$2,:3,:6001",
18,"bucket0$707,:3,:6001",,MQ,IA2,14.80307,-61.20515,289.0,,,3000,100.0,ZNE,train,"bucket0$15,:3,:6001",
19,"bucket0$708,:3,:6001",,MQ,IA2,14.80307,-61.20515,289.0,,,3000,100.0,ZNE,train,"bucket0$16,:3,:6001",
20,"bucket0$709,:3,:6001",,MQ,IA2,14.80307,-61.20515,289.0,,,3000,100.0,ZNE,train,"bucket0$17,:3,:6001",
21,"bucket3$85,:3,:6001",,MQ,IA2,14.80307,-61.20515,289.0,,,3000,100.0,ZNE,test,"bucket2$0,:3,:6001",
22,"bucket0$710,:3,:6001",,MQ,IA2,14.80307,-61.20515,289.0,,,3000,100.0,ZNE,train,"bucket0$18,:3,:6001",
23,"bucket0$711,:3,:6001",,MQ,IA2,14.80307,-61.20515,289.0,,,3000,100.0,ZNE,train,"bucket0$19,:3,:6001",
24,"bucket0$712,:3,:6001",,MQ,IA2,14.80307,-61.20515,289.0,,,3000,100.0,ZNE,train,"bucket0$20,:3,:6001",
25,"bucket0$713,:3,:6001",,MQ,IA2,14.80307,-61.20515,289.0,,,3000,100.0,ZNE,train,"bucket0$21,:3,:6001",
26,"bucket0$714,:3,:6001",,MQ,IA2,14.80307,-61.20515,289.0,,,3000,100.0,ZNE,train,"bucket0$22,:3,:6001",
27,"bucket0$715,:3,:6001",,MQ,IA2,14.80307,-61.20515,289.0,,,3000,100.0,ZNE,train,"bucket0$23,:3,:6001",
28,"bucket1$91,:3,:6001",,MQ,IA2,14.80307,-61.20515,289.0,,,3000,100.0,ZNE,dev,"bucket1$3,:3,:6001",
29,"bucket0$716,:3,:6001",,MQ,IA2,14.80307,-61.20515,289.0,,,3000,100.0,ZNE,train,"bucket0$24,:3,:6001",
30,"bucket0$717,:3,:6001",,MQ,IA2,14.80307,-61.20515,289.0,,,3000,100.0,ZNE,train,"bucket0$25,:3,:6001",
31,"bucket3$86,:3,:6001",,MQ,IA2,14.80307,-61.20515,289.0,,,3000,100.0,ZNE,test,"bucket2$1,:3,:6001",
32,"bucket1$92,:3,:6001",,MQ,IA2,14.80307,-61.20515,289.0,,,3000,100.0,ZNE,dev,"bucket1$4,:3,:6001",
33,"bucket0$718,:3,:6001",,MQ,IA2,14.80307,-61.20515,289.0,,,3000,100.0,ZNE,train,"bucket0$26,:3,:6001",
34,"bucket0$719,:3,:6001",,MQ,IA2,14.80307,-61.20515,289.0,,,3000,100.0,ZNE,train,"bucket0$27,:3,:6001",
35,"bucket1$93,:3,:6001",,MQ,IA2,14.80307,-61.20515,289.0,,,3000,100.0,ZNE,dev,"bucket1$5,:3,:6001",
36,"bucket0$720,:3,:6001",,MQ,IA2,14.80307,-61.20515,289.0,,,3000,100.0,ZNE,train,"bucket0$28,:3,:6001",
37,"bucket0$721,:3,:6001",,MQ,IA2,14.80307,-61.20515,289.0,,,3000,100.0,ZNE,train,"bucket0$29,:3,:6001",
38,"bucket0$722,:3,:6001",,MQ,IA2,14.80307,-61.20515,289.0,,,3000,100.0,ZNE,train,"bucket0$30,:3,:6001",
39,"bucket0$723,:3,:6001",,MQ,IA2,14.80307,-61.20515,289.0,,,3000,100.0,ZNE,train,"bucket0$31,:3,:6001",
40,"bucket0$724,:3,:6001",,MQ,IA2,14.80307,-61.20515,289.0,,,3000,100.0,ZNE,train,"bucket0$32,:3,:6001",
41,"bucket0$725,:3,:6001",,MQ,IA2,14.80307,-61.20515,289.0,,,3000,100.0,ZNE,train,"bucket0$33,:3,:6001",
42,"bucket0$726,:3,:6001",,MQ,IA2,14.80307,-61.20515,289.0,,,3000,100.0,ZNE,train,"bucket0$34,:3,:6001",
43,"bucket1$94,:3,:6001",,MQ,IA2,14.80307,-61.20515,289.0,,,3000,100.0,ZNE,dev,"bucket1$6,:3,:6001",
44,"bucket0$727,:3,:6001",,MQ,IA2,14.80307,-61.20515,289.0,,,3000,100.0,ZNE,train,"bucket0$35,:3,:6001",
45,"bucket0$728,:3,:6001",,MQ,IA2,14.80307,-61.20515,289.0,,,3000,100.0,ZNE,train,"bucket0$36,:3,:6001",
46,"bucket0$729,:3,:6001",,MQ,IA2,14.80307,-61.20515,289.0,,,3000,100.0,ZNE,train,"bucket0$37,:3,:6001",
47,"bucket0$730,:3,:6001",,MQ,IA2,14.80307,-61.20515,289.0,,,3000,100.0,ZNE,train,"bucket0$38,:3,:6001",
48,"bucket0$731,:3,:6001",,MQ,IA2,14.80307,-61.20515,289.0,,,3000,100.0,ZNE,train,"bucket0$39,:3,:6001",
49,"bucket3$87,:3,:6001",,MQ,IA2,14.80307,-61.20515,289.0,,,3000,100.0,ZNE,test,"bucket2$2,:3,:6001",
50,"bucket0$732,:3,:6001",,MQ,IA2,14.80307,-61.20515,289.0,,,3000,100.0,ZNE,train,"bucket0$40,:3,:6001",
51,"bucket0$733,:3,:6001",,MQ,IA2,14.80307,-61.20515,289.0,,,3000,100.0,ZNE,train,"bucket0$41,:3,:6001",
52,"bucket0$734,:3,:6001",,MQ,IA2,14.80307,-61.20515,289.0,,,3000,100.0,ZNE,train,"bucket0$42,:3,:6001",
53,"bucket1$95,:3,:6001",,MQ,IA2,14.80307,-61.20515,289.0,,,3000,100.0,ZNE,dev,"bucket1$7,:3,:6001",
54,"bucket3$88,:3,:6001",,MQ,IA2,14.80307,-61.20515,289.0,,,3000,100.0,ZNE,test,"bucket2$3,:3,:6001",
55,"bucket0$735,:3,:6001",,MQ,IA2,14.80307,-61.20515,289.0,,,3000,100.0,ZNE,train,"bucket0$43,:3,:6001",
56,"bucket0$736,:3,:6001",,MQ,IA2,14.80307,-61.20515,289.0,,,3000,100.0,ZNE,train,"bucket0$44,:3,:6001",
57,"bucket0$737,:3,:6001",,MQ,IA2,14.80307,-61.20515,289.0,,,3000,100.0,ZNE,train,"bucket0$45,:3,:6001",
58,"bucket1$96,:3,:6001",,MQ,IA2,14.80307,-61.20515,289.0,,,3000,100.0,ZNE,dev,"bucket1$8,:3,:6001",
59,"bucket0$738,:3,:6001",,MQ,IA2,14.80307,-61.20515,289.0,,,3000,100.0,ZNE,train,"bucket0$46,:3,:6001",
60,"bucket0$739,:3,:6001",,MQ,IA2,14.80307,-61.20515,289.0,,,3000,100.0,ZNE,train,"bucket0$47,:3,:6001",
61,"bucket0$740,:3,:6001",,MQ,IA2,14.80307,-61.20515,289.0,,,3000,100.0,ZNE,train,"bucket0$48,:3,:6001",
62,"bucket0$741,:3,:6001",,MQ,IA2,14.80307,-61.20515,289.0,,,3000,100.0,ZNE,train,"bucket0$49,:3,:6001",
63,"bucket0$742,:3,:6001",,MQ,IA2,14.80307,-61.20515,289.0,,,3000,100.0,ZNE,train,"bucket0$50,:3,:6001",
64,"bucket1$97,:3,:6001",,MQ,IA2,14.80307,-61.20515,289.0,,,3000,100.0,ZNE,dev,"bucket1$9,:3,:6001",
65,"bucket0$743,:3,:6001",,MQ,IA2,14.80307,-61.20515,289.0,,,3000,100.0,ZNE,train,"bucket0$51,:3,:6001",
66,"bucket0$744,:3,:6001",,MQ,IA2,14.80307,-61.20515,289.0,,,3000,100.0,ZNE,train,"bucket0$52,:3,:6001",
67,"bucket0$745,:3,:6001",,MQ,IA2,14.80307,-61.20515,289.0,,,3000,100.0,ZNE,train,"bucket0$53,:3,:6001",
68,"bucket0$746,:3,:6001",,MQ,IA2,14.80307,-61.20515,289.0,,,3000,100.0,ZNE,train,"bucket0$54,:3,:6001",
69,"bucket1$98,:3,:6001",,MQ,IA2,14.80307,-61.20515,289.0,,,3000,100.0,ZNE,dev,"bucket1$10,:3,:6001",
70,"bucket3$89,:3,:6001",,MQ,IA2,14.80307,-61.20515,289.0,,,3000,100.0,ZNE,test,"bucket2$4,:3,:6001",
71,"bucket0$747,:3,:6001",,MQ,IA2,14.80307,-61.20515,289.0,,,3000,100.0,ZNE,train,"bucket0$55,:3,:6001",
72,"bucket0$748,:3,:6001",,MQ,IA2,14.80307,-61.20515,289.0,,,3000,100.0,ZNE,train,"bucket0$56,:3,:6001",
73,"bucket0$749,:3,:6001",,MQ,IA2,14.80307,-61.20515,289.0,,,3000,100.0,ZNE,train,"bucket0$57,:3,:6001",
74,"bucket0$750,:3,:6001",,MQ,IA2,14.80307,-61.20515,289.0,,,3000,100.0,ZNE,train,"bucket0$58,:3,:6001",
75,"bucket3$90,:3,:6001",,MQ,IA2,14.80307,-61.20515,289.0,,,3000,100.0,ZNE,test,"bucket2$5,:3,:6001",
76,"bucket0$751,:3,:6001",,MQ,IA2,14.80307,-61.20515,289.0,,,3000,100.0,ZNE,train,"bucket0$59,:3,:6001",
77,"bucket3$91,:3,:6001",,MQ,IA2,14.80307,-61.20515,289.0,,,3000,100.0,ZNE,test,"bucket2$6,:3,:6001",
78,"bucket0$752,:3,:6001",,MQ,IA2,14.80307,-61.20515,289.0,,,3000,100.0,ZNE,train,"bucket0$60,:3,:6001",
79,"bucket0$753,:3,:6001",,MQ,IA2,14.80307,-61.20515,289.0,,,3000,100.0,ZNE,train,"bucket0$61,:3,:6001",
80,"bucket0$754,:3,:6001",,MQ,IA2,14.80307,-61.20515,289.0,,,3000,100.0,ZNE,train,"bucket0$62,:3,:6001",
81,"bucket0$755,:3,:6001",,MQ,IA2,14.80307,-61.20515,289.0,,,3000,100.0,ZNE,train,"bucket0$63,:3,:6001",
82,"bucket0$756,:3,:6001",,MQ,IA2,14.80307,-61.20515,289.0,,,3000,100.0,ZNE,train,"bucket0$64,:3,:6001",
83,"bucket0$757,:3,:6001",,MQ,IA2,14.80307,-61.20515,289.0,,,3000,100.0,ZNE,train,"bucket0$65,:3,:6001",
84,"bucket1$99,:3,:6001",,MQ,IA2,14.80307,-61.20515,289.0,,,3000,100.0,ZNE,dev,"bucket1$11,:3,:6001",
85,"bucket0$758,:3,:6001",,MQ,IA2,14.80307,-61.20515,289.0,,,3000,100.0,ZNE,train,"bucket0$66,:3,:6001",
86,"bucket0$759,:3,:6001",,MQ,IA2,14.80307,-61.20515,289.0,,,3000,100.0,ZNE,train,"bucket0$67,:3,:6001",
87,"bucket0$760,:3,:6001",,MQ,IA2,14.80307,-61.20515,289.0,,,3000,100.0,ZNE,train,"bucket0$68,:3,:6001",
88,"bucket0$761,:3,:6001",,MQ,IA2,14.80307,-61.20515,289.0,,,3000,100.0,ZNE,train,"bucket0$69,:3,:6001",
89,"bucket0$762,:3,:6001",,MQ,IA2,14.80307,-61.20515,289.0,,,3000,100.0,ZNE,train,"bucket0$70,:3,:6001",
90,"bucket0$763,:3,:6001",,MQ,IA2,14.80307,-61.20515,289.0,,,3000,100.0,ZNE,train,"bucket0$71,:3,:6001",
91,"bucket0$764,:3,:6001",,MQ,IA2,14.80307,-61.20515,289.0,,,3000,100.0,ZNE,train,"bucket0$72,:3,:6001",
92,"bucket1$100,:3,:6001",,MQ,IA2,14.80307,-61.20515,289.0,,,3000,100.0,ZNE,dev,"bucket1$12,:3,:6001",
93,"bucket3$92,:3,:6001",,MQ,IA2,14.80307,-61.20515,289.0,,,3000,100.0,ZNE,test,"bucket2$7,:3,:6001",
94,"bucket3$93,:3,:6001",,MQ,IA2,14.80307,-61.20515,289.0,,,3000,100.0,ZNE,test,"bucket2$8,:3,:6001",
95,"bucket0$765,:3,:6001",,MQ,IA2,14.80307,-61.20515,289.0,,,3000,100.0,ZNE,train,"bucket0$73,:3,:6001",
96,"bucket0$766,:3,:6001",,MQ,IA2,14.80307,-61.20515,289.0,,,3000,100.0,ZNE,train,"bucket0$74,:3,:6001",
97,"bucket0$767,:3,:6001",,MQ,IA2,14.80307,-61.20515,289.0,,,3000,100.0,ZNE,train,"bucket0$75,:3,:6001",
98,"bucket0$768,:3,:6001",,MQ,IA2,14.80307,-61.20515,289.0,,,3000,100.0,ZNE,train,"bucket0$76,:3,:6001",
99,"bucket0$769,:3,:6001",,MQ,IA2,14.80307,-61.20515,289.0,,,3000,100.0,ZNE,train,"bucket0$77,:3,:6001",
100,"bucket0$770,:3,:6001",,WI,SAM,14.84108,-61.1638,485.0,,,3000,100.0,ZNE,train,"bucket0$78,:3,:6001",
101,"bucket0$771,:3,:6001",,WI,SAM,14.84108,-61.1638,485.0,,,3000,100.0,ZNE,train,"bucket0$79,:3,:6001",
102,"bucket0$772,:3,:6001",,WI,SAM,14.84108,-61.1638,485.0,,,3000,100.0,ZNE,train,"bucket0$80,:3,:6001",
103,"bucket0$773,:3,:6001",,WI,SAM,14.84108,-61.1638,485.0,,,3000,100.0,ZNE,train,"bucket0$81,:3,:6001",
104,"bucket3$94,:3,:6001",,WI,SAM,14.84108,-61.1638,485.0,,,3000,100.0,ZNE,test,"bucket2$9,:3,:6001",
105,"bucket0$774,:3,:6001",,WI,SAM,14.84108,-61.1638,485.0,,,3000,100.0,ZNE,train,"bucket0$82,:3,:6001",
106,"bucket0$775,:3,:6001",,WI,SAM,14.84108,-61.1638,485.0,,,3000,100.0,ZNE,train,"bucket0$83,:3,:6001",
107,"bucket0$776,:3,:6001",,WI,SAM,14.84108,-61.1638,485.0,,,3000,100.0,ZNE,train,"bucket0$84,:3,:6001",
108,"bucket0$777,:3,:6001",,WI,SAM,14.84108,-61.1638,485.0,,,3000,100.0,ZNE,train,"bucket0$85,:3,:6001",
109,"bucket0$778,:3,:6001",,WI,SAM,14.84108,-61.1638,485.0,,,3000,100.0,ZNE,train,"bucket0$86,:3,:6001",
110,"bucket0$779,:3,:6001",,WI,SAM,14.84108,-61.1638,485.0,,,3000,100.0,ZNE,train,"bucket0$87,:3,:6001",
111,"bucket0$780,:3,:6001",,WI,SAM,14.84108,-61.1638,485.0,,,3000,100.0,ZNE,train,"bucket0$88,:3,:6001",
112,"bucket0$781,:3,:6001",,WI,SAM,14.84108,-61.1638,485.0,,,3000,100.0,ZNE,train,"bucket0$89,:3,:6001",
113,"bucket0$782,:3,:6001",,WI,SAM,14.84108,-61.1638,485.0,,,3000,100.0,ZNE,train,"bucket0$90,:3,:6001",
114,"bucket0$783,:3,:6001",,WI,SAM,14.84108,-61.1638,485.0,,,3000,100.0,ZNE,train,"bucket0$91,:3,:6001",
115,"bucket0$784,:3,:6001",,WI,SAM,14.84108,-61.1638,485.0,,,3000,100.0,ZNE,train,"bucket0$92,:3,:6001",
116,"bucket0$785,:3,:6001",,WI,SAM,14.84108,-61.1638,485.0,,,3000,100.0,ZNE,train,"bucket0$93,:3,:6001",
117,"bucket0$786,:3,:6001",,WI,SAM,14.84108,-61.1638,485.0,,,3000,100.0,ZNE,train,"bucket0$94,:3,:6001",
118,"bucket0$787,:3,:6001",,WI,SAM,14.84108,-61.1638,485.0,,,3000,100.0,ZNE,train,"bucket0$95,:3,:6001",
119,"bucket0$788,:3,:6001",,WI,SAM,14.84108,-61.1638,485.0,,,3000,100.0,ZNE,train,"bucket0$96,:3,:6001",
120,"bucket0$789,:3,:6001",,WI,SAM,14.84108,-61.1638,485.0,,,3000,100.0,ZNE,train,"bucket0$97,:3,:6001",
121,"bucket0$790,:3,:6001",,WI,SAM,14.84108,-61.1638,485.0,,,3000,100.0,ZNE,train,"bucket0$98,:3,:6001",
122,"bucket0$791,:3,:6001",,WI,SAM,14.84108,-61.1638,485.0,,,3000,100.0,ZNE,train,"bucket0$99,:3,:6001",
123,"bucket0$792,:3,:6001",,WI,SAM,14.84108,-61.1638,485.0,,,3000,100.0,ZNE,train,"bucket0$100,:3,:6001",
124,"bucket0$793,:3,:6001",,WI,SAM,14.84108,-61.1638,485.0,,,3000,100.0,ZNE,train,"bucket0$101,:3,:6001",
125,"bucket0$794,:3,:6001",,WI,SAM,14.84108,-61.1638,485.0,,,3000,100.0,ZNE,train,"bucket0$102,:3,:6001",
126,"bucket0$795,:3,:6001",,WI,SAM,14.84108,-61.1638,485.0,,,3000,100.0,ZNE,train,"bucket0$103,:3,:6001",
127,"bucket0$796,:3,:6001",,WI,SAM,14.84108,-61.1638,485.0,,,3000,100.0,ZNE,train,"bucket0$104,:3,:6001",
128,"bucket0$797,:3,:6001",,WI,SAM,14.84108,-61.1638,485.0,,,3000,100.0,ZNE,train,"bucket0$105,:3,:6001",
129,"bucket0$798,:3,:6001",,WI,SAM,14.84108,-61.1638,485.0,,,3000,100.0,ZNE,train,"bucket0$106,:3,:6001",
130,"bucket0$799,:3,:6001",,WI,SAM,14.84108,-61.1638,485.0,,,3000,100.0,ZNE,train,"bucket0$107,:3,:6001",
131,"bucket1$101,:3,:6001",,WI,SAM,14.84108,-61.1638,485.0,,,3000,100.0,ZNE,dev,"bucket1$13,:3,:6001",
132,"bucket0$800,:3,:6001",,WI,SAM,14.84108,-61.1638,485.0,,,3000,100.0,ZNE,train,"bucket0$108,:3,:6001",
133,"bucket0$801,:3,:6001",,WI,SAM,14.84108,-61.1638,485.0,,,3000,100.0,ZNE,train,"bucket0$109,:3,:6001",
134,"bucket3$95,:3,:6001",,WI,SAM,14.84108,-61.1638,485.0,,,3000,100.0,ZNE,test,"bucket2$10,:3,:6001",
135,"bucket0$802,:3,:6001",,WI,SAM,14.84108,-61.1638,485.0,,,3000,100.0,ZNE,train,"bucket0$110,:3,:6001",
136,"bucket0$803,:3,:6001",,WI,SAM,14.84108,-61.1638,485.0,,,3000,100.0,ZNE,train,"bucket0$111,:3,:6001",
137,"bucket0$804,:3,:6001",,WI,SAM,14.84108,-61.1638,485.0,,,3000,100.0,ZNE,train,"bucket0$112,:3,:6001",
138,"bucket1$102,:3,:6001",,WI,SAM,14.84108,-61.1638,485.0,,,3000,100.0,ZNE,dev,"bucket1$14,:3,:6001",
139,"bucket0$805,:3,:6001",,WI,SAM,14.84108,-61.1638,485.0,,,3000,100.0,ZNE,train,"bucket0$113,:3,:6001",
140,"bucket0$806,:3,:6001",,WI,SAM,14.84108,-61.1638,485.0,,,3000,100.0,ZNE,train,"bucket0$114,:3,:6001",
141,"bucket0$807,:3,:6001",,WI,SAM,14.84108,-61.1638,485.0,,,3000,100.0,ZNE,train,"bucket0$115,:3,:6001",
142,"bucket0$808,:3,:6001",,WI,SAM,14.84108,-61.1638,485.0,,,3000,100.0,ZNE,train,"bucket0$116,:3,:6001",
143,"bucket0$809,:3,:6001",,WI,SAM,14.84108,-61.1638,485.0,,,3000,100.0,ZNE,train,"bucket0$117,:3,:6001",
144,"bucket0$810,:3,:6001",,WI,SAM,14.84108,-61.1638,485.0,,,3000,100.0,ZNE,train,"bucket0$118,:3,:6001",
145,"bucket1$103,:3,:6001",,WI,SAM,14.84108,-61.1638,485.0,,,3000,100.0,ZNE,dev,"bucket1$15,:3,:6001",
146,"bucket3$96,:3,:6001",,WI,SAM,14.84108,-61.1638,485.0,,,3000,100.0,ZNE,test,"bucket2$11,:3,:6001",
147,"bucket0$811,:3,:6001",,WI,SAM,14.84108,-61.1638,485.0,,,3000,100.0,ZNE,train,"bucket0$119,:3,:6001",
148,"bucket3$97,:3,:6001",,WI,SAM,14.84108,-61.1638,485.0,,,3000,100.0,ZNE,test,"bucket2$12,:3,:6001",
149,"bucket0$812,:3,:6001",,WI,SAM,14.84108,-61.1638,485.0,,,3000,100.0,ZNE,train,"bucket0$120,:3,:6001",
150,"bucket0$813,:3,:6001",,WI,SAM,14.84108,-61.1638,485.0,,,3000,100.0,ZNE,train,"bucket0$121,:3,:6001",
151,"bucket1$104,:3,:6001",,WI,SAM,14.84108,-61.1638,485.0,,,3000,100.0,ZNE,dev,"bucket1$16,:3,:6001",
152,"bucket0$814,:3,:6001",,WI,SAM,14.84108,-61.1638,485.0,,,3000,100.0,ZNE,train,"bucket0$122,:3,:6001",
153,"bucket0$815,:3,:6001",,WI,SAM,14.84108,-61.1638,485.0,,,3000,100.0,ZNE,train,"bucket0$123,:3,:6001",
154,"bucket0$816,:3,:6001",,WI,SAM,14.84108,-61.1638,485.0,,,3000,100.0,ZNE,train,"bucket0$124,:3,:6001",
155,"bucket0$817,:3,:6001",,WI,SAM,14.84108,-61.1638,485.0,,,3000,100.0,ZNE,train,"bucket0$125,:3,:6001",
156,"bucket0$818,:3,:6001",,WI,SAM,14.84108,-61.1638,485.0,,,3000,100.0,ZNE,train,"bucket0$126,:3,:6001",
157,"bucket0$819,:3,:6001",,WI,SAM,14.84108,-61.1638,485.0,,,3000,100.0,ZNE,train,"bucket0$127,:3,:6001",
158,"bucket0$820,:3,:6001",,WI,SAM,14.84108,-61.1638,485.0,,,3000,100.0,ZNE,train,"bucket0$128,:3,:6001",
159,"bucket1$105,:3,:6001",,WI,SAM,14.84108,-61.1638,485.0,,,3000,100.0,ZNE,dev,"bucket1$17,:3,:6001",
160,"bucket0$821,:3,:6001",,WI,SAM,14.84108,-61.1638,485.0,,,3000,100.0,ZNE,train,"bucket0$129,:3,:6001",
161,"bucket0$822,:3,:6001",,WI,SAM,14.84108,-61.1638,485.0,,,3000,100.0,ZNE,train,"bucket0$130,:3,:6001",
162,"bucket0$823,:3,:6001",,WI,SAM,14.84108,-61.1638,485.0,,,3000,100.0,ZNE,train,"bucket0$131,:3,:6001",
163,"bucket0$824,:3,:6001",,WI,SAM,14.84108,-61.1638,485.0,,,3000,100.0,ZNE,train,"bucket0$132,:3,:6001",
164,"bucket0$825,:3,:6001",,WI,SAM,14.84108,-61.1638,485.0,,,3000,100.0,ZNE,train,"bucket0$133,:3,:6001",
165,"bucket0$826,:3,:6001",,WI,SAM,14.84108,-61.1638,485.0,,,3000,100.0,ZNE,train,"bucket0$134,:3,:6001",
166,"bucket0$827,:3,:6001",,WI,SAM,14.84108,-61.1638,485.0,,,3000,100.0,ZNE,train,"bucket0$135,:3,:6001",
167,"bucket0$828,:3,:6001",,WI,SAM,14.84108,-61.1638,485.0,,,3000,100.0,ZNE,train,"bucket0$136,:3,:6001",
168,"bucket3$98,:3,:6001",,WI,SAM,14.84108,-61.1638,485.0,,,3000,100.0,ZNE,test,"bucket2$13,:3,:6001",
169,"bucket0$829,:3,:6001",,WI,SAM,14.84108,-61.1638,485.0,,,3000,100.0,ZNE,train,"bucket0$137,:3,:6001",
170,"bucket0$830,:3,:6001",,WI,SAM,14.84108,-61.1638,485.0,,,3000,100.0,ZNE,train,"bucket0$138,:3,:6001",
171,"bucket0$831,:3,:6001",,WI,SAM,14.84108,-61.1638,485.0,,,3000,100.0,ZNE,train,"bucket0$139,:3,:6001",
172,"bucket1$106,:3,:6001",,WI,SAM,14.84108,-61.1638,485.0,,,3000,100.0,ZNE,dev,"bucket1$18,:3,:6001",
173,"bucket0$832,:3,:6001",,WI,SAM,14.84108,-61.1638,485.0,,,3000,100.0,ZNE,train,"bucket0$140,:3,:6001",
174,"bucket0$833,:3,:6001",,WI,SAM,14.84108,-61.1638,485.0,,,3000,100.0,ZNE,train,"bucket0$141,:3,:6001",
175,"bucket0$834,:3,:6001",,WI,SAM,14.84108,-61.1638,485.0,,,3000,100.0,ZNE,train,"bucket0$142,:3,:6001",
176,"bucket0$835,:3,:6001",,WI,SAM,14.84108,-61.1638,485.0,,,3000,100.0,ZNE,train,"bucket0$143,:3,:6001",
177,"bucket0$836,:3,:6001",,WI,SAM,14.84108,-61.1638,485.0,,,3000,100.0,ZNE,train,"bucket0$144,:3,:6001",
178,"bucket0$837,:3,:6001",,WI,SAM,14.84108,-61.1638,485.0,,,3000,100.0,ZNE,train,"bucket0$145,:3,:6001",
179,"bucket0$838,:3,:6001",,WI,SAM,14.84108,-61.1638,485.0,,,3000,100.0,ZNE,train,"bucket0$146,:3,:6001",
180,"bucket0$839,:3,:6001",,WI,SAM,14.84108,-61.1638,485.0,,,3000,100.0,ZNE,train,"bucket0$147,:3,:6001",
181,"bucket0$840,:3,:6001",,WI,SAM,14.84108,-61.1638,485.0,,,3000,100.0,ZNE,train,"bucket0$148,:3,:6001",
182,"bucket1$107,:3,:6001",,WI,SAM,14.84108,-61.1638,485.0,,,3000,100.0,ZNE,dev,"bucket1$19,:3,:6001",
183,"bucket3$99,:3,:6001",,WI,SAM,14.84108,-61.1638,485.0,,,3000,100.0,ZNE,test,"bucket2$14,:3,:6001",
184,"bucket0$841,:3,:6001",,WI,SAM,14.84108,-61.1638,485.0,,,3000,100.0,ZNE,train,"bucket0$149,:3,:6001",
185,"bucket0$842,:3,:6001",,WI,SAM,14.84108,-61.1638,485.0,,,3000,100.0,ZNE,train,"bucket0$150,:3,:6001",
186,"bucket0$843,:3,:6001",,WI,SAM,14.84108,-61.1638,485.0,,,3000,100.0,ZNE,train,"bucket0$151,:3,:6001",
187,"bucket0$844,:3,:6001",,WI,SAM,14.84108,-61.1638,485.0,,,3000,100.0,ZNE,train,"bucket0$152,:3,:6001",
188,"bucket0$845,:3,:6001",,WI,SAM,14.84108,-61.1638,485.0,,,3000,100.0,ZNE,train,"bucket0$153,:3,:6001",
189,"bucket0$846,:3,:6001",,WI,SAM,14.84108,-61.1638,485.0,,,3000,100.0,ZNE,train,"bucket0$154,:3,:6001",
190,"bucket3$100,:3,:6001",,WI,SAM,14.84108,-61.1638,485.0,,,3000,100.0,ZNE,test,"bucket2$15,:3,:6001",
191,"bucket0$847,:3,:6001",,WI,SAM,14.84108,-61.1638,485.0,,,3000,100.0,ZNE,train,"bucket0$155,:3,:6001",
192,"bucket0$848,:3,:6001",,WI,SAM,14.84108,-61.1638,485.0,,,3000,100.0,ZNE,train,"bucket0$156,:3,:6001",
193,"bucket0$849,:3,:6001",,WI,SAM,14.84108,-61.1638,485.0,,,3000,100.0,ZNE,train,"bucket0$157,:3,:6001",
194,"bucket0$850,:3,:6001",,WI,SAM,14.84108,-61.1638,485.0,,,3000,100.0,ZNE,train,"bucket0$158,:3,:6001",
195,"bucket0$851,:3,:6001",,WI,SAM,14.84108,-61.1638,485.0,,,3000,100.0,ZNE,train,"bucket0$159,:3,:6001",
196,"bucket0$852,:3,:6001",,WI,SAM,14.84108,-61.1638,485.0,,,3000,100.0,ZNE,train,"bucket0$160,:3,:6001",
197,"bucket0$853,:3,:6001",,WI,SAM,14.84108,-61.1638,485.0,,,3000,100.0,ZNE,train,"bucket0$161,:3,:6001",
198,"bucket0$854,:3,:6001",,WI,SAM,14.84108,-61.1638,485.0,,,3000,100.0,ZNE,train,"bucket0$162,:3,:6001",
199,"bucket0$855,:3,:6001",,WI,SAM,14.84108,-61.1638,485.0,,,3000,100.0,ZNE,train,"bucket0$163,:3,:6001",
200,"bucket0$856,:3,:6001",,MQ,MLM,14.7846,-61.1786,370.0,,,3000,100.0,ZNE,train,"bucket0$164,:3,:6001",
201,"bucket1$108,:3,:6001",,MQ,MLM,14.7846,-61.1786,370.0,,,3000,100.0,ZNE,dev,"bucket1$20,:3,:6001",
202,"bucket3$101,:3,:6001",,MQ,MLM,14.7846,-61.1786,370.0,,,3000,100.0,ZNE,test,"bucket2$16,:3,:6001",
203,"bucket0$857,:3,:6001",,MQ,MLM,14.7846,-61.1786,370.0,,,3000,100.0,ZNE,train,"bucket0$165,:3,:6001",
204,"bucket1$109,:3,:6001",,MQ,MLM,14.7846,-61.1786,370.0,,,3000,100.0,ZNE,dev,"bucket1$21,:3,:6001",
205,"bucket0$858,:3,:6001",,MQ,MLM,14.7846,-61.1786,370.0,,,3000,100.0,ZNE,train,"bucket0$166,:3,:6001",
206,"bucket0$859,:3,:6001",,MQ,MLM,14.7846,-61.1786,370.0,,,3000,100.0,ZNE,train,"bucket0$167,:3,:6001",
207,"bucket0$860,:3,:6001",,MQ,MLM,14.7846,-61.1786,370.0,,,3000,100.0,ZNE,train,"bucket0$168,:3,:6001",
208,"bucket0$861,:3,:6001",,MQ,MLM,14.7846,-61.1786,370.0,,,3000,100.0,ZNE,train,"bucket0$169,:3,:6001",
209,"bucket0$862,:3,:6001",,MQ,MLM,14.7846,-61.1786,370.0,,,3000,100.0,ZNE,train,"bucket0$170,:3,:6001",
210,"bucket1$110,:3,:6001",,MQ,MLM,14.7846,-61.1786,370.0,,,3000,100.0,ZNE,dev,"bucket1$22,:3,:6001",
211,"bucket0$863,:3,:6001",,MQ,MLM,14.7846,-61.1786,370.0,,,3000,100.0,ZNE,train,"bucket0$171,:3,:6001",
212,"bucket0$864,:3,:6001",,MQ,MLM,14.7846,-61.1786,370.0,,,3000,100.0,ZNE,train,"bucket0$172,:3,:6001",
213,"bucket0$865,:3,:6001",,MQ,MLM,14.7846,-61.1786,370.0,,,3000,100.0,ZNE,train,"bucket0$173,:3,:6001",
214,"bucket3$102,:3,:6001",,MQ,MLM,14.7846,-61.1786,370.0,,,3000,100.0,ZNE,test,"bucket2$17,:3,:6001",
215,"bucket0$866,:3,:6001",,MQ,MLM,14.7846,-61.1786,370.0,,,3000,100.0,ZNE,train,"bucket0$174,:3,:6001",
216,"bucket0$867,:3,:6001",,MQ,MLM,14.7846,-61.1786,370.0,,,3000,100.0,ZNE,train,"bucket0$175,:3,:6001",
217,"bucket1$111,:3,:6001",,MQ,MLM,14.7846,-61.1786,370.0,,,3000,100.0,ZNE,dev,"bucket1$23,:3,:6001",
218,"bucket0$868,:3,:6001",,MQ,MLM,14.7846,-61.1786,370.0,,,3000,100.0,ZNE,train,"bucket0$176,:3,:6001",
219,"bucket0$869,:3,:6001",,MQ,MLM,14.7846,-61.1786,370.0,,,3000,100.0,ZNE,train,"bucket0$177,:3,:6001",
220,"bucket0$870,:3,:6001",,MQ,MLM,14.7846,-61.1786,370.0,,,3000,100.0,ZNE,train,"bucket0$178,:3,:6001",
221,"bucket0$871,:3,:6001",,MQ,MLM,14.7846,-61.1786,370.0,,,3000,100.0,ZNE,train,"bucket0$179,:3,:6001",
222,"bucket0$872,:3,:6001",,MQ,MLM,14.7846,-61.1786,370.0,,,3000,100.0,ZNE,train,"bucket0$180,:3,:6001",
223,"bucket0$873,:3,:6001",,MQ,MLM,14.7846,-61.1786,370.0,,,3000,100.0,ZNE,train,"bucket0$181,:3,:6001",
224,"bucket0$874,:3,:6001",,MQ,MLM,14.7846,-61.1786,370.0,,,3000,100.0,ZNE,train,"bucket0$182,:3,:6001",
225,"bucket0$875,:3,:6001",,MQ,MLM,14.7846,-61.1786,370.0,,,3000,100.0,ZNE,train,"bucket0$183,:3,:6001",
226,"bucket0$876,:3,:6001",,MQ,MLM,14.7846,-61.1786,370.0,,,3000,100.0,ZNE,train,"bucket0$184,:3,:6001",
227,"bucket3$103,:3,:6001",,MQ,MLM,14.7846,-61.1786,370.0,,,3000,100.0,ZNE,test,"bucket2$18,:3,:6001",
228,"bucket0$877,:3,:6001",,MQ,MLM,14.7846,-61.1786,370.0,,,3000,100.0,ZNE,train,"bucket0$185,:3,:6001",
229,"bucket0$878,:3,:6001",,MQ,MLM,14.7846,-61.1786,370.0,,,3000,100.0,ZNE,train,"bucket0$186,:3,:6001",
230,"bucket0$879,:3,:6001",,MQ,MLM,14.7846,-61.1786,370.0,,,3000,100.0,ZNE,train,"bucket0$187,:3,:6001",
231,"bucket0$880,:3,:6001",,MQ,MLM,14.7846,-61.1786,370.0,,,3000,100.0,ZNE,train,"bucket0$188,:3,:6001",
232,"bucket0$881,:3,:6001",,MQ,MLM,14.7846,-61.1786,370.0,,,3000,100.0,ZNE,train,"bucket0$189,:3,:6001",
233,"bucket3$104,:3,:6001",,MQ,MLM,14.7846,-61.1786,370.0,,,3000,100.0,ZNE,test,"bucket2$19,:3,:6001",
234,"bucket0$882,:3,:6001",,MQ,MLM,14.7846,-61.1786,370.0,,,3000,100.0,ZNE,train,"bucket0$190,:3,:6001",
235,"bucket1$112,:3,:6001",,MQ,MLM,14.7846,-61.1786,370.0,,,3000,100.0,ZNE,dev,"bucket1$24,:3,:6001",
236,"bucket0$883,:3,:6001",,MQ,MLM,14.7846,-61.1786,370.0,,,3000,100.0,ZNE,train,"bucket0$191,:3,:6001",
237,"bucket0$884,:3,:6001",,MQ,MLM,14.7846,-61.1786,370.0,,,3000,100.0,ZNE,train,"bucket0$192,:3,:6001",
238,"bucket0$885,:3,:6001",,MQ,MLM,14.7846,-61.1786,370.0,,,3000,100.0,ZNE,train,"bucket0$193,:3,:6001",
239,"bucket0$886,:3,:6001",,MQ,MLM,14.7846,-61.1786,370.0,,,3000,100.0,ZNE,train,"bucket0$194,:3,:6001",
240,"bucket1$113,:3,:6001",,MQ,MLM,14.7846,-61.1786,370.0,,,3000,100.0,ZNE,dev,"bucket1$25,:3,:6001",
241,"bucket0$887,:3,:6001",,MQ,MLM,14.7846,-61.1786,370.0,,,3000,100.0,ZNE,train,"bucket0$195,:3,:6001",
242,"bucket0$888,:3,:6001",,MQ,MLM,14.7846,-61.1786,370.0,,,3000,100.0,ZNE,train,"bucket0$196,:3,:6001",
243,"bucket0$889,:3,:6001",,MQ,MLM,14.7846,-61.1786,370.0,,,3000,100.0,ZNE,train,"bucket0$197,:3,:6001",
244,"bucket1$114,:3,:6001",,MQ,MLM,14.7846,-61.1786,370.0,,,3000,100.0,ZNE,dev,"bucket1$26,:3,:6001",
245,"bucket1$115,:3,:6001",,MQ,MLM,14.7846,-61.1786,370.0,,,3000,100.0,ZNE,dev,"bucket1$27,:3,:6001",
246,"bucket0$890,:3,:6001",,MQ,MLM,14.7846,-61.1786,370.0,,,3000,100.0,ZNE,train,"bucket0$198,:3,:6001",
247,"bucket0$891,:3,:6001",,MQ,MLM,14.7846,-61.1786,370.0,,,3000,100.0,ZNE,train,"bucket0$199,:3,:6001",
248,"bucket0$892,:3,:6001",,MQ,MLM,14.7846,-61.1786,370.0,,,3000,100.0,ZNE,train,"bucket0$200,:3,:6001",
249,"bucket0$893,:3,:6001",,MQ,MLM,14.7846,-61.1786,370.0,,,3000,100.0,ZNE,train,"bucket0$201,:3,:6001",
250,"bucket0$894,:3,:6001",,MQ,MLM,14.7846,-61.1786,370.0,,,3000,100.0,ZNE,train,"bucket0$202,:3,:6001",
251,"bucket1$116,:3,:6001",,MQ,MLM,14.7846,-61.1786,370.0,,,3000,100.0,ZNE,dev,"bucket1$28,:3,:6001",
252,"bucket0$895,:3,:6001",,MQ,MLM,14.7846,-61.1786,370.0,,,3000,100.0,ZNE,train,"bucket0$203,:3,:6001",
253,"bucket0$896,:3,:6001",,MQ,MLM,14.7846,-61.1786,370.0,,,3000,100.0,ZNE,train,"bucket0$204,:3,:6001",
254,"bucket0$897,:3,:6001",,MQ,MLM,14.7846,-61.1786,370.0,,,3000,100.0,ZNE,train,"bucket0$205,:3,:6001",
255,"bucket0$898,:3,:6001",,MQ,MLM,14.7846,-61.1786,370.0,,,3000,100.0,ZNE,train,"bucket0$206,:3,:6001",
256,"bucket3$105,:3,:6001",,MQ,MLM,14.7846,-61.1786,370.0,,,3000,100.0,ZNE,test,"bucket2$20,:3,:6001",
257,"bucket0$899,:3,:6001",,MQ,MLM,14.7846,-61.1786,370.0,,,3000,100.0,ZNE,train,"bucket0$207,:3,:6001",
258,"bucket0$900,:3,:6001",,MQ,MLM,14.7846,-61.1786,370.0,,,3000,100.0,ZNE,train,"bucket0$208,:3,:6001",
259,"bucket0$901,:3,:6001",,MQ,MLM,14.7846,-61.1786,370.0,,,3000,100.0,ZNE,train,"bucket0$209,:3,:6001",
260,"bucket0$902,:3,:6001",,MQ,MLM,14.7846,-61.1786,370.0,,,3000,100.0,ZNE,train,"bucket0$210,:3,:6001",
261,"bucket0$903,:3,:6001",,MQ,MLM,14.7846,-61.1786,370.0,,,3000,100.0,ZNE,train,"bucket0$211,:3,:6001",
262,"bucket0$904,:3,:6001",,MQ,MLM,14.7846,-61.1786,370.0,,,3000,100.0,ZNE,train,"bucket0$212,:3,:6001",
263,"bucket0$905,:3,:6001",,MQ,MLM,14.7846,-61.1786,370.0,,,3000,100.0,ZNE,train,"bucket0$213,:3,:6001",
264,"bucket0$906,:3,:6001",,MQ,MLM,14.7846,-61.1786,370.0,,,3000,100.0,ZNE,train,"bucket0$214,:3,:6001",
265,"bucket0$907,:3,:6001",,MQ,MLM,14.7846,-61.1786,370.0,,,3000,100.0,ZNE,train,"bucket0$215,:3,:6001",
266,"bucket0$908,:3,:6001",,MQ,MLM,14.7846,-61.1786,370.0,,,3000,100.0,ZNE,train,"bucket0$216,:3,:6001",
267,"bucket0$909,:3,:6001",,MQ,MLM,14.7846,-61.1786,370.0,,,3000,100.0,ZNE,train,"bucket0$217,:3,:6001",
268,"bucket3$106,:3,:6001",,MQ,MLM,14.7846,-61.1786,370.0,,,3000,100.0,ZNE,test,"bucket2$21,:3,:6001",
269,"bucket1$117,:3,:6001",,MQ,MLM,14.7846,-61.1786,370.0,,,3000,100.0,ZNE,dev,"bucket1$29,:3,:6001",
270,"bucket0$910,:3,:6001",,MQ,MLM,14.7846,-61.1786,370.0,,,3000,100.0,ZNE,train,"bucket0$218,:3,:6001",
271,"bucket3$107,:3,:6001",,MQ,MLM,14.7846,-61.1786,370.0,,,3000,100.0,ZNE,test,"bucket2$22,:3,:6001",
272,"bucket0$911,:3,:6001",,MQ,MLM,14.7846,-61.1786,370.0,,,3000,100.0,ZNE,train,"bucket0$219,:3,:6001",
273,"bucket0$912,:3,:6001",,MQ,MLM,14.7846,-61.1786,370.0,,,3000,100.0,ZNE,train,"bucket0$220,:3,:6001",
274,"bucket0$913,:3,:6001",,MQ,MLM,14.7846,-61.1786,370.0,,,3000,100.0,ZNE,train,"bucket0$221,:3,:6001",
275,"bucket0$914,:3,:6001",,MQ,MLM,14.7846,-61.1786,370.0,,,3000,100.0,ZNE,train,"bucket0$222,:3,:6001",
276,"bucket0$915,:3,:6001",,MQ,MLM,14.7846,-61.1786,370.0,,,3000,100.0,ZNE,train,"bucket0$223,:3,:6001",
277,"bucket3$108,:3,:6001",,MQ,MLM,14.7846,-61.1786,370.0,,,3000,100.0,ZNE,test,"bucket2$23,:3,:6001",
278,"bucket0$916,:3,:6001",,MQ,MLM,14.7846,-61.1786,370.0,,,3000,100.0,ZNE,train,"bucket0$224,:3,:6001",
279,"bucket0$917,:3,:6001",,MQ,MLM,14.7846,-61.1786,370.0,,,3000,100.0,ZNE,train,"bucket0$225,:3,:6001",
280,"bucket0$918,:3,:6001",,MQ,MLM,14.7846,-61.1786,370.0,,,3000,100.0,ZNE,train,"bucket0$226,:3,:6001",
281,"bucket0$919,:3,:6001",,MQ,MLM,14.7846,-61.1786,370.0,,,3000,100.0,ZNE,train,"bucket0$227,:3,:6001",
282,"bucket0$920,:3,:6001",,MQ,MLM,14.7846,-61.1786,370.0,,,3000,100.0,ZNE,train,"bucket0$228,:3,:6001",
283,"bucket3$109,:3,:6001",,MQ,MLM,14.7846,-61.1786,370.0,,,3000,100.0,ZNE,test,"bucket2$24,:3,:6001",
284,"bucket3$110,:3,:6001",,MQ,MLM,14.7846,-61.1786,370.0,,,3000,100.0,ZNE,test,"bucket2$25,:3,:6001",
285,"bucket0$921,:3,:6001",,MQ,MLM,14.7846,-61.1786,370.0,,,3000,100.0,ZNE,train,"bucket0$229,:3,:6001",
286,"bucket0$922,:3,:6001",,MQ,MLM,14.7846,-61.1786,370.0,,,3000,100.0,ZNE,train,"bucket0$230,:3,:6001",
287,"bucket0$923,:3,:6001",,MQ,MLM,14.7846,-61.1786,370.0,,,3000,100.0,ZNE,train,"bucket0$231,:3,:6001",
288,"bucket0$924,:3,:6001",,MQ,MLM,14.7846,-61.1786,370.0,,,3000,100.0,ZNE,train,"bucket0$232,:3,:6001",
289,"bucket0$925,:3,:6001",,MQ,MLM,14.7846,-61.1786,370.0,,,3000,100.0,ZNE,train,"bucket0$233,:3,:6001",
290,"bucket3$111,:3,:6001",,MQ,MLM,14.7846,-61.1786,370.0,,,3000,100.0,ZNE,test,"bucket2$26,:3,:6001",
291,"bucket0$926,:3,:6001",,MQ,MLM,14.7846,-61.1786,370.0,,,3000,100.0,ZNE,train,"bucket0$234,:3,:6001",
292,"bucket0$927,:3,:6001",,MQ,MLM,14.7846,-61.1786,370.0,,,3000,100.0,ZNE,train,"bucket0$235,:3,:6001",
293,"bucket0$928,:3,:6001",,MQ,MLM,14.7846,-61.1786,370.0,,,3000,100.0,ZNE,train,"bucket0$236,:3,:6001",
294,"bucket0$929,:3,:6001",,MQ,MLM,14.7846,-61.1786,370.0,,,3000,100.0,ZNE,train,"bucket0$237,:3,:6001",
295,"bucket0$930,:3,:6001",,MQ,MLM,14.7846,-61.1786,370.0,,,3000,100.0,ZNE,train,"bucket0$238,:3,:6001",
296,"bucket0$931,:3,:6001",,MQ,MLM,14.7846,-61.1786,370.0,,,3000,100.0,ZNE,train,"bucket0$239,:3,:6001",
297,"bucket0$932,:3,:6001",,MQ,MLM,14.7846,-61.1786,370.0,,,3000,100.0,ZNE,train,"bucket0$240,:3,:6001",
298,"bucket0$933,:3,:6001",,MQ,MLM,14.7846,-61.1786,370.0,,,3000,100.0,ZNE,train,"bucket0$241,:3,:6001",
299,"bucket0$934,:3,:6001",,MQ,MLM,14.7846,-61.1786,370.0,,,3000,100.0,ZNE,train,"bucket0$242,:3,:6001",
300,"bucket0$935,:3,:6001",,MQ,GBM,14.799451,-61.159276,800.0,,,3000,100.0,ZNE,train,"bucket0$243,:3,:6001",
301,"bucket0$936,:3,:6001",,MQ,GBM,14.799451,-61.159276,800.0,,,3000,100.0,ZNE,train,"bucket0$244,:3,:6001",
302,"bucket0$937,:3,:6001",,MQ,GBM,14.799451,-61.159276,800.0,,,3000,100.0,ZNE,train,"bucket0$245,:3,:6001",
303,"bucket0$938,:3,:6001",,MQ,GBM,14.799451,-61.159276,800.0,,,3000,100.0,ZNE,train,"bucket0$246,:3,:6001",
304,"bucket0$939,:3,:6001",,MQ,GBM,14.799451,-61.159276,800.0,,,3000,100.0,ZNE,train,"bucket0$247,:3,:6001",
305,"bucket0$940,:3,:6001",,MQ,GBM,14.799451,-61.159276,800.0,,,3000,100.0,ZNE,train,"bucket0$248,:3,:6001",
306,"bucket0$941,:3,:6001",,MQ,GBM,14.799451,-61.159276,800.0,,,3000,100.0,ZNE,train,"bucket0$249,:3,:6001",
307,"bucket0$942,:3,:6001",,MQ,GBM,14.799451,-61.159276,800.0,,,3000,100.0,ZNE,train,"bucket0$250,:3,:6001",
308,"bucket0$943,:3,:6001",,MQ,GBM,14.799451,-61.159276,800.0,,,3000,100.0,ZNE,train,"bucket0$251,:3,:6001",
309,"bucket0$944,:3,:6001",,MQ,GBM,14.799451,-61.159276,800.0,,,3000,100.0,ZNE,train,"bucket0$252,:3,:6001",
310,"bucket0$945,:3,:6001",,MQ,GBM,14.799451,-61.159276,800.0,,,3000,100.0,ZNE,train,"bucket0$253,:3,:6001",
311,"bucket1$118,:3,:6001",,MQ,GBM,14.799451,-61.159276,800.0,,,3000,100.0,ZNE,dev,"bucket1$30,:3,:6001",
312,"bucket0$946,:3,:6001",,MQ,GBM,14.799451,-61.159276,800.0,,,3000,100.0,ZNE,train,"bucket0$254,:3,:6001",
313,"bucket0$947,:3,:6001",,MQ,GBM,14.799451,-61.159276,800.0,,,3000,100.0,ZNE,train,"bucket0$255,:3,:6001",
314,"bucket3$112,:3,:6001",,MQ,GBM,14.799451,-61.159276,800.0,,,3000,100.0,ZNE,test,"bucket2$27,:3,:6001",
315,"bucket1$119,:3,:6001",,MQ,GBM,14.799451,-61.159276,800.0,,,3000,100.0,ZNE,dev,"bucket1$31,:3,:6001",
316,"bucket0$948,:3,:6001",,MQ,GBM,14.799451,-61.159276,800.0,,,3000,100.0,ZNE,train,"bucket0$256,:3,:6001",
317,"bucket0$949,:3,:6001",,MQ,GBM,14.799451,-61.159276,800.0,,,3000,100.0,ZNE,train,"bucket0$257,:3,:6001",
318,"bucket0$950,:3,:6001",,MQ,GBM,14.799451,-61.159276,800.0,,,3000,100.0,ZNE,train,"bucket0$258,:3,:6001",
319,"bucket0$951,:3,:6001",,MQ,GBM,14.799451,-61.159276,800.0,,,3000,100.0,ZNE,train,"bucket0$259,:3,:6001",
320,"bucket0$952,:3,:6001",,MQ,GBM,14.799451,-61.159276,800.0,,,3000,100.0,ZNE,train,"bucket0$260,:3,:6001",
321,"bucket0$953,:3,:6001",,MQ,GBM,14.799451,-61.159276,800.0,,,3000,100.0,ZNE,train,"bucket0$261,:3,:6001",
322,"bucket3$113,:3,:6001",,MQ,GBM,14.799451,-61.159276,800.0,,,3000,100.0,ZNE,test,"bucket2$28,:3,:6001",
323,"bucket0$954,:3,:6001",,MQ,GBM,14.799451,-61.159276,800.0,,,3000,100.0,ZNE,train,"bucket0$262,:3,:6001",
324,"bucket0$955,:3,:6001",,MQ,GBM,14.799451,-61.159276,800.0,,,3000,100.0,ZNE,train,"bucket0$263,:3,:6001",
325,"bucket0$956,:3,:6001",,MQ,GBM,14.799451,-61.159276,800.0,,,3000,100.0,ZNE,train,"bucket0$264,:3,:6001",
326,"bucket0$957,:3,:6001",,MQ,GBM,14.799451,-61.159276,800.0,,,3000,100.0,ZNE,train,"bucket0$265,:3,:6001",
327,"bucket0$958,:3,:6001",,MQ,GBM,14.799451,-61.159276,800.0,,,3000,100.0,ZNE,train,"bucket0$266,:3,:6001",
328,"bucket0$959,:3,:6001",,MQ,GBM,14.799451,-61.159276,800.0,,,3000,100.0,ZNE,train,"bucket0$267,:3,:6001",
329,"bucket1$120,:3,:6001",,MQ,GBM,14.799451,-61.159276,800.0,,,3000,100.0,ZNE,dev,"bucket1$32,:3,:6001",
330,"bucket1$121,:3,:6001",,MQ,GBM,14.799451,-61.159276,800.0,,,3000,100.0,ZNE,dev,"bucket1$33,:3,:6001",
331,"bucket0$960,:3,:6001",,MQ,GBM,14.799451,-61.159276,800.0,,,3000,100.0,ZNE,train,"bucket0$268,:3,:6001",
332,"bucket0$961,:3,:6001",,MQ,GBM,14.799451,-61.159276,800.0,,,3000,100.0,ZNE,train,"bucket0$269,:3,:6001",
333,"bucket1$122,:3,:6001",,MQ,GBM,14.799451,-61.159276,800.0,,,3000,100.0,ZNE,dev,"bucket1$34,:3,:6001",
334,"bucket0$962,:3,:6001",,MQ,GBM,14.799451,-61.159276,800.0,,,3000,100.0,ZNE,train,"bucket0$270,:3,:6001",
335,"bucket1$123,:3,:6001",,MQ,GBM,14.799451,-61.159276,800.0,,,3000,100.0,ZNE,dev,"bucket1$35,:3,:6001",
336,"bucket0$963,:3,:6001",,MQ,GBM,14.799451,-61.159276,800.0,,,3000,100.0,ZNE,train,"bucket0$271,:3,:6001",
337,"bucket1$124,:3,:6001",,MQ,GBM,14.799451,-61.159276,800.0,,,3000,100.0,ZNE,dev,"bucket1$36,:3,:6001",
338,"bucket0$964,:3,:6001",,MQ,GBM,14.799451,-61.159276,800.0,,,3000,100.0,ZNE,train,"bucket0$272,:3,:6001",
339,"bucket0$965,:3,:6001",,MQ,GBM,14.799451,-61.159276,800.0,,,3000,100.0,ZNE,train,"bucket0$273,:3,:6001",
340,"bucket0$966,:3,:6001",,MQ,GBM,14.799451,-61.159276,800.0,,,3000,100.0,ZNE,train,"bucket0$274,:3,:6001",
341,"bucket0$967,:3,:6001",,MQ,GBM,14.799451,-61.159276,800.0,,,3000,100.0,ZNE,train,"bucket0$275,:3,:6001",
342,"bucket0$968,:3,:6001",,MQ,GBM,14.799451,-61.159276,800.0,,,3000,100.0,ZNE,train,"bucket0$276,:3,:6001",
343,"bucket0$969,:3,:6001",,MQ,GBM,14.799451,-61.159276,800.0,,,3000,100.0,ZNE,train,"bucket0$277,:3,:6001",
344,"bucket0$970,:3,:6001",,MQ,GBM,14.799451,-61.159276,800.0,,,3000,100.0,ZNE,train,"bucket0$278,:3,:6001",
345,"bucket0$971,:3,:6001",,MQ,GBM,14.799451,-61.159276,800.0,,,3000,100.0,ZNE,train,"bucket0$279,:3,:6001",
346,"bucket0$972,:3,:6001",,MQ,GBM,14.799451,-61.159276,800.0,,,3000,100.0,ZNE,train,"bucket0$280,:3,:6001",
347,"bucket0$973,:3,:6001",,MQ,GBM,14.799451,-61.159276,800.0,,,3000,100.0,ZNE,train,"bucket0$281,:3,:6001",
348,"bucket0$974,:3,:6001",,MQ,GBM,14.799451,-61.159276,800.0,,,3000,100.0,ZNE,train,"bucket0$282,:3,:6001",
349,"bucket0$975,:3,:6001",,MQ,GBM,14.799451,-61.159276,800.0,,,3000,100.0,ZNE,train,"bucket0$283,:3,:6001",
350,"bucket0$976,:3,:6001",,MQ,GBM,14.799451,-61.159276,800.0,,,3000,100.0,ZNE,train,"bucket0$284,:3,:6001",
351,"bucket0$977,:3,:6001",,MQ,GBM,14.799451,-61.159276,800.0,,,3000,100.0,ZNE,train,"bucket0$285,:3,:6001",
352,"bucket0$978,:3,:6001",,MQ,GBM,14.799451,-61.159276,800.0,,,3000,100.0,ZNE,train,"bucket0$286,:3,:6001",
353,"bucket0$979,:3,:6001",,MQ,GBM,14.799451,-61.159276,800.0,,,3000,100.0,ZNE,train,"bucket0$287,:3,:6001",
354,"bucket0$980,:3,:6001",,MQ,GBM,14.799451,-61.159276,800.0,,,3000,100.0,ZNE,train,"bucket0$288,:3,:6001",
355,"bucket0$981,:3,:6001",,MQ,GBM,14.799451,-61.159276,800.0,,,3000,100.0,ZNE,train,"bucket0$289,:3,:6001",
356,"bucket0$982,:3,:6001",,MQ,GBM,14.799451,-61.159276,800.0,,,3000,100.0,ZNE,train,"bucket0$290,:3,:6001",
357,"bucket0$983,:3,:6001",,MQ,GBM,14.799451,-61.159276,800.0,,,3000,100.0,ZNE,train,"bucket0$291,:3,:6001",
358,"bucket0$984,:3,:6001",,MQ,GBM,14.799451,-61.159276,800.0,,,3000,100.0,ZNE,train,"bucket0$292,:3,:6001",
359,"bucket0$985,:3,:6001",,MQ,GBM,14.799451,-61.159276,800.0,,,3000,100.0,ZNE,train,"bucket0$293,:3,:6001",
360,"bucket0$986,:3,:6001",,MQ,GBM,14.799451,-61.159276,800.0,,,3000,100.0,ZNE,train,"bucket0$294,:3,:6001",
361,"bucket0$987,:3,:6001",,MQ,GBM,14.799451,-61.159276,800.0,,,3000,100.0,ZNE,train,"bucket0$295,:3,:6001",
362,"bucket0$988,:3,:6001",,MQ,GBM,14.799451,-61.159276,800.0,,,3000,100.0,ZNE,train,"bucket0$296,:3,:6001",
363,"bucket1$125,:3,:6001",,MQ,GBM,14.799451,-61.159276,800.0,,,3000,100.0,ZNE,dev,"bucket1$37,:3,:6001",
364,"bucket0$989,:3,:6001",,MQ,GBM,14.799451,-61.159276,800.0,,,3000,100.0,ZNE,train,"bucket0$297,:3,:6001",
365,"bucket0$990,:3,:6001",,MQ,GBM,14.799451,-61.159276,800.0,,,3000,100.0,ZNE,train,"bucket0$298,:3,:6001",
366,"bucket0$991,:3,:6001",,MQ,GBM,14.799451,-61.159276,800.0,,,3000,100.0,ZNE,train,"bucket0$299,:3,:6001",
367,"bucket0$992,:3,:6001",,MQ,GBM,14.799451,-61.159276,800.0,,,3000,100.0,ZNE,train,"bucket0$300,:3,:6001",
368,"bucket0$993,:3,:6001",,MQ,GBM,14.799451,-61.159276,800.0,,,3000,100.0,ZNE,train,"bucket0$301,:3,:6001",
369,"bucket0$994,:3,:6001",,MQ,GBM,14.799451,-61.159276,800.0,,,3000,100.0,ZNE,train,"bucket0$302,:3,:6001",
370,"bucket0$995,:3,:6001",,MQ,GBM,14.799451,-61.159276,800.0,,,3000,100.0,ZNE,train,"bucket0$303,:3,:6001",
371,"bucket0$996,:3,:6001",,MQ,GBM,14.799451,-61.159276,800.0,,,3000,100.0,ZNE,train,"bucket0$304,:3,:6001",
372,"bucket0$997,:3,:6001",,MQ,GBM,14.799451,-61.159276,800.0,,,3000,100.0,ZNE,train,"bucket0$305,:3,:6001",
373,"bucket3$114,:3,:6001",,MQ,GBM,14.799451,-61.159276,800.0,,,3000,100.0,ZNE,test,"bucket2$29,:3,:6001",
374,"bucket0$998,:3,:6001",,MQ,GBM,14.799451,-61.159276,800.0,,,3000,100.0,ZNE,train,"bucket0$306,:3,:6001",
375,"bucket0$999,:3,:6001",,MQ,GBM,14.799451,-61.159276,800.0,,,3000,100.0,ZNE,train,"bucket0$307,:3,:6001",
376,"bucket0$1000,:3,:6001",,MQ,GBM,14.799451,-61.159276,800.0,,,3000,100.0,ZNE,train,"bucket0$308,:3,:6001",
377,"bucket3$115,:3,:6001",,MQ,GBM,14.799451,-61.159276,800.0,,,3000,100.0,ZNE,test,"bucket2$30,:3,:6001",
378,"bucket0$1001,:3,:6001",,MQ,GBM,14.799451,-61.159276,800.0,,,3000,100.0,ZNE,train,"bucket0$309,:3,:6001",
379,"bucket1$126,:3,:6001",,MQ,GBM,14.799451,-61.159276,800.0,,,3000,100.0,ZNE,dev,"bucket1$38,:3,:6001",
380,"bucket3$116,:3,:6001",,MQ,GBM,14.799451,-61.159276,800.0,,,3000,100.0,ZNE,test,"bucket2$31,:3,:6001",
381,"bucket0$1002,:3,:6001",,MQ,GBM,14.799451,-61.159276,800.0,,,3000,100.0,ZNE,train,"bucket0$310,:3,:6001",
382,"bucket0$1003,:3,:6001",,MQ,GBM,14.799451,-61.159276,800.0,,,3000,100.0,ZNE,train,"bucket0$311,:3,:6001",
383,"bucket0$1004,:3,:6001",,MQ,GBM,14.799451,-61.159276,800.0,,,3000,100.0,ZNE,train,"bucket0$312,:3,:6001",
384,"bucket0$1005,:3,:6001",,MQ,GBM,14.799451,-61.159276,800.0,,,3000,100.0,ZNE,train,"bucket0$313,:3,:6001",
385,"bucket0$1006,:3,:6001",,MQ,GBM,14.799451,-61.159276,800.0,,,3000,100.0,ZNE,train,"bucket0$314,:3,:6001",
386,"bucket0$1007,:3,:6001",,MQ,GBM,14.799451,-61.159276,800.0,,,3000,100.0,ZNE,train,"bucket0$315,:3,:6001",
387,"bucket0$1008,:3,:6001",,MQ,GBM,14.799451,-61.159276,800.0,,,3000,100.0,ZNE,train,"bucket0$316,:3,:6001",
388,"bucket0$1009,:3,:6001",,MQ,GBM,14.799451,-61.159276,800.0,,,3000,100.0,ZNE,train,"bucket0$317,:3,:6001",
389,"bucket0$1010,:3,:6001",,MQ,GBM,14.799451,-61.159276,800.0,,,3000,100.0,ZNE,train,"bucket0$318,:3,:6001",
390,"bucket0$1011,:3,:6001",,MQ,GBM,14.799451,-61.159276,800.0,,,3000,100.0,ZNE,train,"bucket0$319,:3,:6001",
391,"bucket0$1012,:3,:6001",,MQ,GBM,14.799451,-61.159276,800.0,,,3000,100.0,ZNE,train,"bucket0$320,:3,:6001",
392,"bucket1$127,:3,:6001",,MQ,GBM,14.799451,-61.159276,800.0,,,3000,100.0,ZNE,dev,"bucket1$39,:3,:6001",
393,"bucket1$128,:3,:6001",,MQ,GBM,14.799451,-61.159276,800.0,,,3000,100.0,ZNE,dev,"bucket1$40,:3,:6001",
394,"bucket0$1013,:3,:6001",,MQ,GBM,14.799451,-61.159276,800.0,,,3000,100.0,ZNE,train,"bucket0$321,:3,:6001",
395,"bucket0$1014,:3,:6001",,MQ,GBM,14.799451,-61.159276,800.0,,,3000,100.0,ZNE,train,"bucket0$322,:3,:6001",
396,"bucket0$1015,:3,:6001",,MQ,GBM,14.799451,-61.159276,800.0,,,3000,100.0,ZNE,train,"bucket0$323,:3,:6001",
397,"bucket0$1016,:3,:6001",,MQ,GBM,14.799451,-61.159276,800.0,,,3000,100.0,ZNE,train,"bucket0$324,:3,:6001",
398,"bucket0$1017,:3,:6001",,MQ,GBM,14.799451,-61.159276,800.0,,,3000,100.0,ZNE,train,"bucket0$325,:3,:6001",
399,"bucket1$129,:3,:6001",,MQ,GBM,14.799451,-61.159276,800.0,,,3000,100.0,ZNE,dev,"bucket1$41,:3,:6001",
400,"bucket0$1018,:3,:6001",,MQ,CPM,14.8168,-61.2074,242.0,,,3000,100.0,ZNE,train,"bucket0$326,:3,:6001",
401,"bucket0$1019,:3,:6001",,MQ,CPM,14.8168,-61.2074,242.0,,,3000,100.0,ZNE,train,"bucket0$327,:3,:6001",
402,"bucket0$1020,:3,:6001",,MQ,CPM,14.8168,-61.2074,242.0,,,3000,100.0,ZNE,train,"bucket0$328,:3,:6001",
403,"bucket0$1021,:3,:6001",,MQ,CPM,14.8168,-61.2074,242.0,,,3000,100.0,ZNE,train,"bucket0$329,:3,:6001",
404,"bucket0$1022,:3,:6001",,MQ,CPM,14.8168,-61.2074,242.0,,,3000,100.0,ZNE,train,"bucket0$330,:3,:6001",
405,"bucket0$1023,:3,:6001",,MQ,CPM,14.8168,-61.2074,242.0,,,3000,100.0,ZNE,train,"bucket0$331,:3,:6001",
406,"bucket1$130,:3,:6001",,MQ,CPM,14.8168,-61.2074,242.0,,,3000,100.0,ZNE,dev,"bucket1$42,:3,:6001",
407,"bucket2$0,:3,:6001",,MQ,CPM,14.8168,-61.2074,242.0,,,3000,100.0,ZNE,train,"bucket0$332,:3,:6001",
408,"bucket2$1,:3,:6001",,MQ,CPM,14.8168,-61.2074,242.0,,,3000,100.0,ZNE,train,"bucket0$333,:3,:6001",
409,"bucket2$2,:3,:6001",,MQ,CPM,14.8168,-61.2074,242.0,,,3000,100.0,ZNE,train,"bucket0$334,:3,:6001",
410,"bucket2$3,:3,:6001",,MQ,CPM,14.8168,-61.2074,242.0,,,3000,100.0,ZNE,train,"bucket0$335,:3,:6001",
411,"bucket2$4,:3,:6001",,MQ,CPM,14.8168,-61.2074,242.0,,,3000,100.0,ZNE,train,"bucket0$336,:3,:6001",
412,"bucket2$5,:3,:6001",,MQ,CPM,14.8168,-61.2074,242.0,,,3000,100.0,ZNE,train,"bucket0$337,:3,:6001",
413,"bucket2$6,:3,:6001",,MQ,CPM,14.8168,-61.2074,242.0,,,3000,100.0,ZNE,train,"bucket0$338,:3,:6001",
414,"bucket2$7,:3,:6001",,MQ,CPM,14.8168,-61.2074,242.0,,,3000,100.0,ZNE,train,"bucket0$339,:3,:6001",
415,"bucket3$117,:3,:6001",,MQ,CPM,14.8168,-61.2074,242.0,,,3000,100.0,ZNE,test,"bucket2$32,:3,:6001",
416,"bucket3$118,:3,:6001",,MQ,CPM,14.8168,-61.2074,242.0,,,3000,100.0,ZNE,test,"bucket2$33,:3,:6001",
417,"bucket2$8,:3,:6001",,MQ,CPM,14.8168,-61.2074,242.0,,,3000,100.0,ZNE,train,"bucket0$340,:3,:6001",
418,"bucket2$9,:3,:6001",,MQ,CPM,14.8168,-61.2074,242.0,,,3000,100.0,ZNE,train,"bucket0$341,:3,:6001",
419,"bucket2$10,:3,:6001",,MQ,CPM,14.8168,-61.2074,242.0,,,3000,100.0,ZNE,train,"bucket0$342,:3,:6001",
420,"bucket2$11,:3,:6001",,MQ,CPM,14.8168,-61.2074,242.0,,,3000,100.0,ZNE,train,"bucket0$343,:3,:6001",
421,"bucket2$12,:3,:6001",,MQ,CPM,14.8168,-61.2074,242.0,,,3000,100.0,ZNE,train,"bucket0$344,:3,:6001",
422,"bucket2$13,:3,:6001",,MQ,CPM,14.8168,-61.2074,242.0,,,3000,100.0,ZNE,train,"bucket0$345,:3,:6001",
423,"bucket2$14,:3,:6001",,MQ,CPM,14.8168,-61.2074,242.0,,,3000,100.0,ZNE,train,"bucket0$346,:3,:6001",
424,"bucket3$119,:3,:6001",,MQ,CPM,14.8168,-61.2074,242.0,,,3000,100.0,ZNE,test,"bucket2$34,:3,:6001",
425,"bucket2$15,:3,:6001",,MQ,CPM,14.8168,-61.2074,242.0,,,3000,100.0,ZNE,train,"bucket0$347,:3,:6001",
426,"bucket2$16,:3,:6001",,MQ,CPM,14.8168,-61.2074,242.0,,,3000,100.0,ZNE,train,"bucket0$348,:3,:6001",
427,"bucket1$131,:3,:6001",,MQ,CPM,14.8168,-61.2074,242.0,,,3000,100.0,ZNE,dev,"bucket1$43,:3,:6001",
428,"bucket1$132,:3,:6001",,MQ,CPM,14.8168,-61.2074,242.0,,,3000,100.0,ZNE,dev,"bucket1$44,:3,:6001",
429,"bucket3$120,:3,:6001",,MQ,CPM,14.8168,-61.2074,242.0,,,3000,100.0,ZNE,test,"bucket2$35,:3,:6001",
430,"bucket2$17,:3,:6001",,MQ,CPM,14.8168,-61.2074,242.0,,,3000,100.0,ZNE,train,"bucket0$349,:3,:6001",
431,"bucket3$121,:3,:6001",,MQ,CPM,14.8168,-61.2074,242.0,,,3000,100.0,ZNE,test,"bucket2$36,:3,:6001",
432,"bucket3$122,:3,:6001",,MQ,CPM,14.8168,-61.2074,242.0,,,3000,100.0,ZNE,test,"bucket2$37,:3,:6001",
433,"bucket2$18,:3,:6001",,MQ,CPM,14.8168,-61.2074,242.0,,,3000,100.0,ZNE,train,"bucket0$350,:3,:6001",
434,"bucket2$19,:3,:6001",,MQ,CPM,14.8168,-61.2074,242.0,,,3000,100.0,ZNE,train,"bucket0$351,:3,:6001",
435,"bucket3$123,:3,:6001",,MQ,CPM,14.8168,-61.2074,242.0,,,3000,100.0,ZNE,test,"bucket2$38,:3,:6001",
436,"bucket3$124,:3,:6001",,MQ,CPM,14.8168,-61.2074,242.0,,,3000,100.0,ZNE,test,"bucket2$39,:3,:6001",
437,"bucket2$20,:3,:6001",,MQ,CPM,14.8168,-61.2074,242.0,,,3000,100.0,ZNE,train,"bucket0$352,:3,:6001",
438,"bucket2$21,:3,:6001",,MQ,CPM,14.8168,-61.2074,242.0,,,3000,100.0,ZNE,train,"bucket0$353,:3,:6001",
439,"bucket2$22,:3,:6001",,MQ,CPM,14.8168,-61.2074,242.0,,,3000,100.0,ZNE,train,"bucket0$354,:3,:6001",
440,"bucket3$125,:3,:6001",,MQ,CPM,14.8168,-61.2074,242.0,,,3000,100.0,ZNE,test,"bucket2$40,:3,:6001",
441,"bucket2$23,:3,:6001",,MQ,CPM,14.8168,-61.2074,242.0,,,3000,100.0,ZNE,train,"bucket0$355,:3,:6001",
442,"bucket2$24,:3,:6001",,MQ,CPM,14.8168,-61.2074,242.0,,,3000,100.0,ZNE,train,"bucket0$356,:3,:6001",
443,"bucket2$25,:3,:6001",,MQ,CPM,14.8168,-61.2074,242.0,,,3000,100.0,ZNE,train,"bucket0$357,:3,:6001",
444,"bucket2$26,:3,:6001",,MQ,CPM,14.8168,-61.2074,242.0,,,3000,100.0,ZNE,train,"bucket0$358,:3,:6001",
445,"bucket2$27,:3,:6001",,MQ,CPM,14.8168,-61.2074,242.0,,,3000,100.0,ZNE,train,"bucket0$359,:3,:6001",
446,"bucket2$28,:3,:6001",,MQ,CPM,14.8168,-61.2074,242.0,,,3000,100.0,ZNE,train,"bucket0$360,:3,:6001",
447,"bucket2$29,:3,:6001",,MQ,CPM,14.8168,-61.2074,242.0,,,3000,100.0,ZNE,train,"bucket0$361,:3,:6001",
448,"bucket1$133,:3,:6001",,MQ,CPM,14.8168,-61.2074,242.0,,,3000,100.0,ZNE,dev,"bucket1$45,:3,:6001",
449,"bucket2$30,:3,:6001",,MQ,CPM,14.8168,-61.2074,242.0,,,3000,100.0,ZNE,train,"bucket0$362,:3,:6001",
450,"bucket2$31,:3,:6001",,MQ,CPM,14.8168,-61.2074,242.0,,,3000,100.0,ZNE,train,"bucket0$363,:3,:6001",
451,"bucket1$134,:3,:6001",,MQ,CPM,14.8168,-61.2074,242.0,,,3000,100.0,ZNE,dev,"bucket1$46,:3,:6001",
452,"bucket2$32,:3,:6001",,MQ,CPM,14.8168,-61.2074,242.0,,,3000,100.0,ZNE,train,"bucket0$364,:3,:6001",
453,"bucket3$126,:3,:6001",,MQ,CPM,14.8168,-61.2074,242.0,,,3000,100.0,ZNE,test,"bucket2$41,:3,:6001",
454,"bucket2$33,:3,:6001",,MQ,CPM,14.8168,-61.2074,242.0,,,3000,100.0,ZNE,train,"bucket0$365,:3,:6001",
455,"bucket2$34,:3,:6001",,MQ,CPM,14.8168,-61.2074,242.0,,,3000,100.0,ZNE,train,"bucket0$366,:3,:6001",
456,"bucket2$35,:3,:6001",,MQ,CPM,14.8168,-61.2074,242.0,,,3000,100.0,ZNE,train,"bucket0$367,:3,:6001",
457,"bucket2$36,:3,:6001",,MQ,CPM,14.8168,-61.2074,242.0,,,3000,100.0,ZNE,train,"bucket0$368,:3,:6001",
458,"bucket2$37,:3,:6001",,MQ,CPM,14.8168,-61.2074,242.0,,,3000,100.0,ZNE,train,"bucket0$369,:3,:6001",
459,"bucket2$38,:3,:6001",,MQ,CPM,14.8168,-61.2074,242.0,,,3000,100.0,ZNE,train,"bucket0$370,:3,:6001",
460,"bucket1$135,:3,:6001",,MQ,CPM,14.8168,-61.2074,242.0,,,3000,100.0,ZNE,dev,"bucket1$47,:3,:6001",
461,"bucket2$39,:3,:6001",,MQ,CPM,14.8168,-61.2074,242.0,,,3000,100.0,ZNE,train,"bucket0$371,:3,:6001",
462,"bucket3$127,:3,:6001",,MQ,CPM,14.8168,-61.2074,242.0,,,3000,100.0,ZNE,test,"bucket2$42,:3,:6001",
463,"bucket2$40,:3,:6001",,MQ,CPM,14.8168,-61.2074,242.0,,,3000,100.0,ZNE,train,"bucket0$372,:3,:6001",
464,"bucket2$41,:3,:6001",,MQ,CPM,14.8168,-61.2074,242.0,,,3000,100.0,ZNE,train,"bucket0$373,:3,:6001",
465,"bucket2$42,:3,:6001",,MQ,CPM,14.8168,-61.2074,242.0,,,3000,100.0,ZNE,train,"bucket0$374,:3,:6001",
466,"bucket2$43,:3,:6001",,MQ,CPM,14.8168,-61.2074,242.0,,,3000,100.0,ZNE,train,"bucket0$375,:3,:6001",
467,"bucket2$44,:3,:6001",,MQ,CPM,14.8168,-61.2074,242.0,,,3000,100.0,ZNE,train,"bucket0$376,:3,:6001",
468,"bucket1$136,:3,:6001",,MQ,CPM,14.8168,-61.2074,242.0,,,3000,100.0,ZNE,dev,"bucket1$48,:3,:6001",
469,"bucket2$45,:3,:6001",,MQ,CPM,14.8168,-61.2074,242.0,,,3000,100.0,ZNE,train,"bucket0$377,:3,:6001",
470,"bucket2$46,:3,:6001",,MQ,CPM,14.8168,-61.2074,242.0,,,3000,100.0,ZNE,train,"bucket0$378,:3,:6001",
471,"bucket2$47,:3,:6001",,MQ,CPM,14.8168,-61.2074,242.0,,,3000,100.0,ZNE,train,"bucket0$379,:3,:6001",
472,"bucket2$48,:3,:6001",,MQ,CPM,14.8168,-61.2074,242.0,,,3000,100.0,ZNE,train,"bucket0$380,:3,:6001",
473,"bucket2$49,:3,:6001",,MQ,CPM,14.8168,-61.2074,242.0,,,3000,100.0,ZNE,train,"bucket0$381,:3,:6001",
474,"bucket2$50,:3,:6001",,MQ,CPM,14.8168,-61.2074,242.0,,,3000,100.0,ZNE,train,"bucket0$382,:3,:6001",
475,"bucket3$128,:3,:6001",,MQ,CPM,14.8168,-61.2074,242.0,,,3000,100.0,ZNE,test,"bucket2$43,:3,:6001",
476,"bucket2$51,:3,:6001",,MQ,CPM,14.8168,-61.2074,242.0,,,3000,100.0,ZNE,train,"bucket0$383,:3,:6001",
477,"bucket2$52,:3,:6001",,MQ,CPM,14.8168,-61.2074,242.0,,,3000,100.0,ZNE,train,"bucket0$384,:3,:6001",
478,"bucket2$53,:3,:6001",,MQ,CPM,14.8168,-61.2074,242.0,,,3000,100.0,ZNE,train,"bucket0$385,:3,:6001",
479,"bucket2$54,:3,:6001",,MQ,CPM,14.8168,-61.2074,242.0,,,3000,100.0,ZNE,train,"bucket0$386,:3,:6001",
480,"bucket2$55,:3,:6001",,MQ,CPM,14.8168,-61.2074,242.0,,,3000,100.0,ZNE,train,"bucket0$387,:3,:6001",
481,"bucket2$56,:3,:6001",,MQ,CPM,14.8168,-61.2074,242.0,,,3000,100.0,ZNE,train,"bucket0$388,:3,:6001",
482,"bucket3$129,:3,:6001",,MQ,CPM,14.8168,-61.2074,242.0,,,3000,100.0,ZNE,test,"bucket2$44,:3,:6001",
483,"bucket2$57,:3,:6001",,MQ,CPM,14.8168,-61.2074,242.0,,,3000,100.0,ZNE,train,"bucket0$389,:3,:6001",
484,"bucket3$130,:3,:6001",,MQ,CPM,14.8168,-61.2074,242.0,,,3000,100.0,ZNE,test,"bucket2$45,:3,:6001",
485,"bucket2$58,:3,:6001",,MQ,CPM,14.8168,-61.2074,242.0,,,3000,100.0,ZNE,train,"bucket0$390,:3,:6001",
486,"bucket2$59,:3,:6001",,MQ,CPM,14.8168,-61.2074,242.0,,,3000,100.0,ZNE,train,"bucket0$391,:3,:6001",
487,"bucket2$60,:3,:6001",,MQ,CPM,14.8168,-61.2074,242.0,,,3000,100.0,ZNE,train,"bucket0$392,:3,:6001",
488,"bucket2$61,:3,:6001",,MQ,CPM,14.8168,-61.2074,242.0,,,3000,100.0,ZNE,train,"bucket0$393,:3,:6001",
489,"bucket2$62,:3,:6001",,MQ,CPM,14.8168,-61.2074,242.0,,,3000,100.0,ZNE,train,"bucket0$394,:3,:6001",
490,"bucket2$63,:3,:6001",,MQ,CPM,14.8168,-61.2074,242.0,,,3000,100.0,ZNE,train,"bucket0$395,:3,:6001",
491,"bucket2$64,:3,:6001",,MQ,CPM,14.8168,-61.2074,242.0,,,3000,100.0,ZNE,train,"bucket0$396,:3,:6001",
492,"bucket2$65,:3,:6001",,MQ,CPM,14.8168,-61.2074,242.0,,,3000,100.0,ZNE,train,"bucket0$397,:3,:6001",
493,"bucket1$137,:3,:6001",,MQ,CPM,14.8168,-61.2074,242.0,,,3000,100.0,ZNE,dev,"bucket1$49,:3,:6001",
494,"bucket1$138,:3,:6001",,MQ,CPM,14.8168,-61.2074,242.0,,,3000,100.0,ZNE,dev,"bucket1$50,:3,:6001",
495,"bucket2$66,:3,:6001",,MQ,CPM,14.8168,-61.2074,242.0,,,3000,100.0,ZNE,train,"bucket0$398,:3,:6001",
496,"bucket2$67,:3,:6001",,MQ,CPM,14.8168,-61.2074,242.0,,,3000,100.0,ZNE,train,"bucket0$399,:3,:6001",
497,"bucket2$68,:3,:6001",,MQ,CPM,14.8168,-61.2074,242.0,,,3000,100.0,ZNE,train,"bucket0$400,:3,:6001",
498,"bucket2$69,:3,:6001",,MQ,CPM,14.8168,-61.2074,242.0,,,3000,100.0,ZNE,train,"bucket0$401,:3,:6001",
499,"bucket2$70,:3,:6001",,MQ,CPM,14.8168,-61.2074,242.0,,,3000,100.0,ZNE,train,"bucket0$402,:3,:6001",
500,"bucket2$71,:3,:6001",,MQ,LAM,14.81292,-61.16314,1240.0,,,3000,100.0,ZNE,train,"bucket0$403,:3,:6001",
501,"bucket2$72,:3,:6001",,MQ,LAM,14.81292,-61.16314,1240.0,,,3000,100.0,ZNE,train,"bucket0$404,:3,:6001",
502,"bucket2$73,:3,:6001",,MQ,LAM,14.81292,-61.16314,1240.0,,,3000,100.0,ZNE,train,"bucket0$405,:3,:6001",
503,"bucket2$74,:3,:6001",,MQ,LAM,14.81292,-61.16314,1240.0,,,3000,100.0,ZNE,train,"bucket0$406,:3,:6001",
504,"bucket2$75,:3,:6001",,MQ,LAM,14.81292,-61.16314,1240.0,,,3000,100.0,ZNE,train,"bucket0$407,:3,:6001",
505,"bucket2$76,:3,:6001",,MQ,LAM,14.81292,-61.16314,1240.0,,,3000,100.0,ZNE,train,"bucket0$408,:3,:6001",
506,"bucket2$77,:3,:6001",,MQ,LAM,14.81292,-61.16314,1240.0,,,3000,100.0,ZNE,train,"bucket0$409,:3,:6001",
507,"bucket2$78,:3,:6001",,MQ,LAM,14.81292,-61.16314,1240.0,,,3000,100.0,ZNE,train,"bucket0$410,:3,:6001",
508,"bucket2$79,:3,:6001",,MQ,LAM,14.81292,-61.16314,1240.0,,,3000,100.0,ZNE,train,"bucket0$411,:3,:6001",
509,"bucket1$139,:3,:6001",,MQ,LAM,14.81292,-61.16314,1240.0,,,3000,100.0,ZNE,dev,"bucket1$51,:3,:6001",
510,"bucket2$80,:3,:6001",,MQ,LAM,14.81292,-61.16314,1240.0,,,3000,100.0,ZNE,train,"bucket0$412,:3,:6001",
511,"bucket2$81,:3,:6001",,MQ,LAM,14.81292,-61.16314,1240.0,,,3000,100.0,ZNE,train,"bucket0$413,:3,:6001",
512,"bucket2$82,:3,:6001",,MQ,LAM,14.81292,-61.16314,1240.0,,,3000,100.0,ZNE,train,"bucket0$414,:3,:6001",
513,"bucket2$83,:3,:6001",,MQ,LAM,14.81292,-61.16314,1240.0,,,3000,100.0,ZNE,train,"bucket0$415,:3,:6001",
514,"bucket1$140,:3,:6001",,MQ,LAM,14.81292,-61.16314,1240.0,,,3000,100.0,ZNE,dev,"bucket1$52,:3,:6001",
515,"bucket2$84,:3,:6001",,MQ,LAM,14.81292,-61.16314,1240.0,,,3000,100.0,ZNE,train,"bucket0$416,:3,:6001",
516,"bucket1$141,:3,:6001",,MQ,LAM,14.81292,-61.16314,1240.0,,,3000,100.0,ZNE,dev,"bucket1$53,:3,:6001",
517,"bucket2$85,:3,:6001",,MQ,LAM,14.81292,-61.16314,1240.0,,,3000,100.0,ZNE,train,"bucket0$417,:3,:6001",
518,"bucket2$86,:3,:6001",,MQ,LAM,14.81292,-61.16314,1240.0,,,3000,100.0,ZNE,train,"bucket0$418,:3,:6001",
519,"bucket2$87,:3,:6001",,MQ,LAM,14.81292,-61.16314,1240.0,,,3000,100.0,ZNE,train,"bucket0$419,:3,:6001",
520,"bucket2$88,:3,:6001",,MQ,LAM,14.81292,-61.16314,1240.0,,,3000,100.0,ZNE,train,"bucket0$420,:3,:6001",
521,"bucket2$89,:3,:6001",,MQ,LAM,14.81292,-61.16314,1240.0,,,3000,100.0,ZNE,train,"bucket0$421,:3,:6001",
522,"bucket2$90,:3,:6001",,MQ,LAM,14.81292,-61.16314,1240.0,,,3000,100.0,ZNE,train,"bucket0$422,:3,:6001",
523,"bucket2$91,:3,:6001",,MQ,LAM,14.81292,-61.16314,1240.0,,,3000,100.0,ZNE,train,"bucket0$423,:3,:6001",
524,"bucket2$92,:3,:6001",,MQ,LAM,14.81292,-61.16314,1240.0,,,3000,100.0,ZNE,train,"bucket0$424,:3,:6001",
525,"bucket2$93,:3,:6001",,MQ,LAM,14.81292,-61.16314,1240.0,,,3000,100.0,ZNE,train,"bucket0$425,:3,:6001",
526,"bucket2$94,:3,:6001",,MQ,LAM,14.81292,-61.16314,1240.0,,,3000,100.0,ZNE,train,"bucket0$426,:3,:6001",
527,"bucket1$142,:3,:6001",,MQ,LAM,14.81292,-61.16314,1240.0,,,3000,100.0,ZNE,dev,"bucket1$54,:3,:6001",
528,"bucket2$95,:3,:6001",,MQ,LAM,14.81292,-61.16314,1240.0,,,3000,100.0,ZNE,train,"bucket0$427,:3,:6001",
529,"bucket2$96,:3,:6001",,MQ,LAM,14.81292,-61.16314,1240.0,,,3000,100.0,ZNE,train,"bucket0$428,:3,:6001",
530,"bucket2$97,:3,:6001",,MQ,LAM,14.81292,-61.16314,1240.0,,,3000,100.0,ZNE,train,"bucket0$429,:3,:6001",
531,"bucket2$98,:3,:6001",,MQ,LAM,14.81292,-61.16314,1240.0,,,3000,100.0,ZNE,train,"bucket0$430,:3,:6001",
532,"bucket2$99,:3,:6001",,MQ,LAM,14.81292,-61.16314,1240.0,,,3000,100.0,ZNE,train,"bucket0$431,:3,:6001",
533,"bucket2$100,:3,:6001",,MQ,LAM,14.81292,-61.16314,1240.0,,,3000,100.0,ZNE,train,"bucket0$432,:3,:6001",
534,"bucket3$131,:3,:6001",,MQ,LAM,14.81292,-61.16314,1240.0,,,3000,100.0,ZNE,test,"bucket2$46,:3,:6001",
535,"bucket2$101,:3,:6001",,MQ,LAM,14.81292,-61.16314,1240.0,,,3000,100.0,ZNE,train,"bucket0$433,:3,:6001",
536,"bucket2$102,:3,:6001",,MQ,LAM,14.81292,-61.16314,1240.0,,,3000,100.0,ZNE,train,"bucket0$434,:3,:6001",
537,"bucket2$103,:3,:6001",,MQ,LAM,14.81292,-61.16314,1240.0,,,3000,100.0,ZNE,train,"bucket0$435,:3,:6001",
538,"bucket2$104,:3,:6001",,MQ,LAM,14.81292,-61.16314,1240.0,,,3000,100.0,ZNE,train,"bucket0$436,:3,:6001",
539,"bucket2$105,:3,:6001",,MQ,LAM,14.81292,-61.16314,1240.0,,,3000,100.0,ZNE,train,"bucket0$437,:3,:6001",
540,"bucket1$143,:3,:6001",,MQ,LAM,14.81292,-61.16314,1240.0,,,3000,100.0,ZNE,dev,"bucket1$55,:3,:6001",
541,"bucket2$106,:3,:6001",,MQ,LAM,14.81292,-61.16314,1240.0,,,3000,100.0,ZNE,train,"bucket0$438,:3,:6001",
542,"bucket2$107,:3,:6001",,MQ,LAM,14.81292,-61.16314,1240.0,,,3000,100.0,ZNE,train,"bucket0$439,:3,:6001",
543,"bucket2$108,:3,:6001",,MQ,LAM,14.81292,-61.16314,1240.0,,,3000,100.0,ZNE,train,"bucket0$440,:3,:6001",
544,"bucket2$109,:3,:6001",,MQ,LAM,14.81292,-61.16314,1240.0,,,3000,100.0,ZNE,train,"bucket0$441,:3,:6001",
545,"bucket2$110,:3,:6001",,MQ,LAM,14.81292,-61.16314,1240.0,,,3000,100.0,ZNE,train,"bucket0$442,:3,:6001",
546,"bucket2$111,:3,:6001",,MQ,LAM,14.81292,-61.16314,1240.0,,,3000,100.0,ZNE,train,"bucket0$443,:3,:6001",
547,"bucket2$112,:3,:6001",,MQ,LAM,14.81292,-61.16314,1240.0,,,3000,100.0,ZNE,train,"bucket0$444,:3,:6001",
548,"bucket2$113,:3,:6001",,MQ,LAM,14.81292,-61.16314,1240.0,,,3000,100.0,ZNE,train,"bucket0$445,:3,:6001",
549,"bucket2$114,:3,:6001",,MQ,LAM,14.81292,-61.16314,1240.0,,,3000,100.0,ZNE,train,"bucket0$446,:3,:6001",
550,"bucket1$144,:3,:6001",,MQ,LAM,14.81292,-61.16314,1240.0,,,3000,100.0,ZNE,dev,"bucket1$56,:3,:6001",
551,"bucket2$115,:3,:6001",,MQ,LAM,14.81292,-61.16314,1240.0,,,3000,100.0,ZNE,train,"bucket0$447,:3,:6001",
552,"bucket2$116,:3,:6001",,MQ,LAM,14.81292,-61.16314,1240.0,,,3000,100.0,ZNE,train,"bucket0$448,:3,:6001",
553,"bucket3$132,:3,:6001",,MQ,LAM,14.81292,-61.16314,1240.0,,,3000,100.0,ZNE,test,"bucket2$47,:3,:6001",
554,"bucket2$117,:3,:6001",,MQ,LAM,14.81292,-61.16314,1240.0,,,3000,100.0,ZNE,train,"bucket0$449,:3,:6001",
555,"bucket2$118,:3,:6001",,MQ,LAM,14.81292,-61.16314,1240.0,,,3000,100.0,ZNE,train,"bucket0$450,:3,:6001",
556,"bucket2$119,:3,:6001",,MQ,LAM,14.81292,-61.16314,1240.0,,,3000,100.0,ZNE,train,"bucket0$451,:3,:6001",
557,"bucket2$120,:3,:6001",,MQ,LAM,14.81292,-61.16314,1240.0,,,3000,100.0,ZNE,train,"bucket0$452,:3,:6001",
558,"bucket2$121,:3,:6001",,MQ,LAM,14.81292,-61.16314,1240.0,,,3000,100.0,ZNE,train,"bucket0$453,:3,:6001",
559,"bucket2$122,:3,:6001",,MQ,LAM,14.81292,-61.16314,1240.0,,,3000,100.0,ZNE,train,"bucket0$454,:3,:6001",
560,"bucket2$123,:3,:6001",,MQ,LAM,14.81292,-61.16314,1240.0,,,3000,100.0,ZNE,train,"bucket0$455,:3,:6001",
561,"bucket2$124,:3,:6001",,MQ,LAM,14.81292,-61.16314,1240.0,,,3000,100.0,ZNE,train,"bucket0$456,:3,:6001",
562,"bucket2$125,:3,:6001",,MQ,LAM,14.81292,-61.16314,1240.0,,,3000,100.0,ZNE,train,"bucket0$457,:3,:6001",
563,"bucket2$126,:3,:6001",,MQ,LAM,14.81292,-61.16314,1240.0,,,3000,100.0,ZNE,train,"bucket0$458,:3,:6001",
564,"bucket2$127,:3,:6001",,MQ,LAM,14.81292,-61.16314,1240.0,,,3000,100.0,ZNE,train,"bucket0$459,:3,:6001",
565,"bucket3$133,:3,:6001",,MQ,LAM,14.81292,-61.16314,1240.0,,,3000,100.0,ZNE,test,"bucket2$48,:3,:6001",
566,"bucket2$128,:3,:6001",,MQ,LAM,14.81292,-61.16314,1240.0,,,3000,100.0,ZNE,train,"bucket0$460,:3,:6001",
567,"bucket2$129,:3,:6001",,MQ,LAM,14.81292,-61.16314,1240.0,,,3000,100.0,ZNE,train,"bucket0$461,:3,:6001",
568,"bucket2$130,:3,:6001",,MQ,LAM,14.81292,-61.16314,1240.0,,,3000,100.0,ZNE,train,"bucket0$462,:3,:6001",
569,"bucket2$131,:3,:6001",,MQ,LAM,14.81292,-61.16314,1240.0,,,3000,100.0,ZNE,train,"bucket0$463,:3,:6001",
570,"bucket1$145,:3,:6001",,MQ,LAM,14.81292,-61.16314,1240.0,,,3000,100.0,ZNE,dev,"bucket1$57,:3,:6001",
571,"bucket2$132,:3,:6001",,MQ,LAM,14.81292,-61.16314,1240.0,,,3000,100.0,ZNE,train,"bucket0$464,:3,:6001",
572,"bucket3$134,:3,:6001",,MQ,LAM,14.81292,-61.16314,1240.0,,,3000,100.0,ZNE,test,"bucket2$49,:3,:6001",
573,"bucket2$133,:3,:6001",,MQ,LAM,14.81292,-61.16314,1240.0,,,3000,100.0,ZNE,train,"bucket0$465,:3,:6001",
574,"bucket2$134,:3,:6001",,MQ,LAM,14.81292,-61.16314,1240.0,,,3000,100.0,ZNE,train,"bucket0$466,:3,:6001",
575,"bucket3$135,:3,:6001",,MQ,LAM,14.81292,-61.16314,1240.0,,,3000,100.0,ZNE,test,"bucket2$50,:3,:6001",
576,"bucket3$136,:3,:6001",,MQ,LAM,14.81292,-61.16314,1240.0,,,3000,100.0,ZNE,test,"bucket2$51,:3,:6001",
577,"bucket2$135,:3,:6001",,MQ,LAM,14.81292,-61.16314,1240.0,,,3000,100.0,ZNE,train,"bucket0$467,:3,:6001",
578,"bucket3$137,:3,:6001",,MQ,LAM,14.81292,-61.16314,1240.0,,,3000,100.0,ZNE,test,"bucket2$52,:3,:6001",
579,"bucket2$136,:3,:6001",,MQ,LAM,14.81292,-61.16314,1240.0,,,3000,100.0,ZNE,train,"bucket0$468,:3,:6001",
580,"bucket2$137,:3,:6001",,MQ,LAM,14.81292,-61.16314,1240.0,,,3000,100.0,ZNE,train,"bucket0$469,:3,:6001",
581,"bucket2$138,:3,:6001",,MQ,LAM,14.81292,-61.16314,1240.0,,,3000,100.0,ZNE,train,"bucket0$470,:3,:6001",
582,"bucket2$139,:3,:6001",,MQ,LAM,14.81292,-61.16314,1240.0,,,3000,100.0,ZNE,train,"bucket0$471,:3,:6001",
583,"bucket2$140,:3,:6001",,MQ,LAM,14.81292,-61.16314,1240.0,,,3000,100.0,ZNE,train,"bucket0$472,:3,:6001",
584,"bucket3$138,:3,:6001",,MQ,LAM,14.81292,-61.16314,1240.0,,,3000,100.0,ZNE,test,"bucket2$53,:3,:6001",
585,"bucket2$141,:3,:6001",,MQ,LAM,14.81292,-61.16314,1240.0,,,3000,100.0,ZNE,train,"bucket0$473,:3,:6001",
586,"bucket2$142,:3,:6001",,MQ,LAM,14.81292,-61.16314,1240.0,,,3000,100.0,ZNE,train,"bucket0$474,:3,:6001",
587,"bucket2$143,:3,:6001",,MQ,LAM,14.81292,-61.16314,1240.0,,,3000,100.0,ZNE,train,"bucket0$475,:3,:6001",
588,"bucket2$144,:3,:6001",,MQ,LAM,14.81292,-61.16314,1240.0,,,3000,100.0,ZNE,train,"bucket0$476,:3,:6001",
589,"bucket1$146,:3,:6001",,MQ,LAM,14.81292,-61.16314,1240.0,,,3000,100.0,ZNE,dev,"bucket1$58,:3,:6001",
590,"bucket2$145,:3,:6001",,MQ,LAM,14.81292,-61.16314,1240.0,,,3000,100.0,ZNE,train,"bucket0$477,:3,:6001",
591,"bucket3$139,:3,:6001",,MQ,LAM,14.81292,-61.16314,1240.0,,,3000,100.0,ZNE,test,"bucket2$54,:3,:6001",
592,"bucket2$146,:3,:6001",,MQ,LAM,14.81292,-61.16314,1240.0,,,3000,100.0,ZNE,train,"bucket0$478,:3,:6001",
593,"bucket2$147,:3,:6001",,MQ,LAM,14.81292,-61.16314,1240.0,,,3000,100.0,ZNE,train,"bucket0$479,:3,:6001",
594,"bucket2$148,:3,:6001",,MQ,LAM,14.81292,-61.16314,1240.0,,,3000,100.0,ZNE,train,"bucket0$480,:3,:6001",
595,"bucket2$149,:3,:6001",,MQ,LAM,14.81292,-61.16314,1240.0,,,3000,100.0,ZNE,train,"bucket0$481,:3,:6001",
596,"bucket2$150,:3,:6001",,MQ,LAM,14.81292,-61.16314,1240.0,,,3000,100.0,ZNE,train,"bucket0$482,:3,:6001",
597,"bucket1$147,:3,:6001",,MQ,LAM,14.81292,-61.16314,1240.0,,,3000,100.0,ZNE,dev,"bucket1$59,:3,:6001",
598,"bucket2$151,:3,:6001",,MQ,LAM,14.81292,-61.16314,1240.0,,,3000,100.0,ZNE,train,"bucket0$483,:3,:6001",
599,"bucket2$152,:3,:6001",,MQ,LAM,14.81292,-61.16314,1240.0,,,3000,100.0,ZNE,train,"bucket0$484,:3,:6001",
600,"bucket2$153,:3,:6001",,MQ,BAM,14.8171,-61.1445,670.0,,,3000,100.0,ZNE,train,"bucket0$485,:3,:6001",
601,"bucket2$154,:3,:6001",,MQ,BAM,14.8171,-61.1445,670.0,,,3000,100.0,ZNE,train,"bucket0$486,:3,:6001",
602,"bucket2$155,:3,:6001",,MQ,BAM,14.8171,-61.1445,670.0,,,3000,100.0,ZNE,train,"bucket0$487,:3,:6001",
603,"bucket2$156,:3,:6001",,MQ,BAM,14.8171,-61.1445,670.0,,,3000,100.0,ZNE,train,"bucket0$488,:3,:6001",
604,"bucket1$148,:3,:6001",,MQ,BAM,14.8171,-61.1445,670.0,,,3000,100.0,ZNE,dev,"bucket1$60,:3,:6001",
605,"bucket2$157,:3,:6001",,MQ,BAM,14.8171,-61.1445,670.0,,,3000,100.0,ZNE,train,"bucket0$489,:3,:6001",
606,"bucket2$158,:3,:6001",,MQ,BAM,14.8171,-61.1445,670.0,,,3000,100.0,ZNE,train,"bucket0$490,:3,:6001",
607,"bucket2$159,:3,:6001",,MQ,BAM,14.8171,-61.1445,670.0,,,3000,100.0,ZNE,train,"bucket0$491,:3,:6001",
608,"bucket1$149,:3,:6001",,MQ,BAM,14.8171,-61.1445,670.0,,,3000,100.0,ZNE,dev,"bucket1$61,:3,:6001",
609,"bucket2$160,:3,:6001",,MQ,BAM,14.8171,-61.1445,670.0,,,3000,100.0,ZNE,train,"bucket0$492,:3,:6001",
610,"bucket2$161,:3,:6001",,MQ,BAM,14.8171,-61.1445,670.0,,,3000,100.0,ZNE,train,"bucket0$493,:3,:6001",
611,"bucket2$162,:3,:6001",,MQ,BAM,14.8171,-61.1445,670.0,,,3000,100.0,ZNE,train,"bucket0$494,:3,:6001",
612,"bucket2$163,:3,:6001",,MQ,BAM,14.8171,-61.1445,670.0,,,3000,100.0,ZNE,train,"bucket0$495,:3,:6001",
613,"bucket3$140,:3,:6001",,MQ,BAM,14.8171,-61.1445,670.0,,,3000,100.0,ZNE,test,"bucket2$55,:3,:6001",
614,"bucket2$164,:3,:6001",,MQ,BAM,14.8171,-61.1445,670.0,,,3000,100.0,ZNE,train,"bucket0$496,:3,:6001",
615,"bucket1$150,:3,:6001",,MQ,BAM,14.8171,-61.1445,670.0,,,3000,100.0,ZNE,dev,"bucket1$62,:3,:6001",
616,"bucket3$141,:3,:6001",,MQ,BAM,14.8171,-61.1445,670.0,,,3000,100.0,ZNE,test,"bucket2$56,:3,:6001",
617,"bucket3$142,:3,:6001",,MQ,BAM,14.8171,-61.1445,670.0,,,3000,100.0,ZNE,test,"bucket2$57,:3,:6001",
618,"bucket2$165,:3,:6001",,MQ,BAM,14.8171,-61.1445,670.0,,,3000,100.0,ZNE,train,"bucket0$497,:3,:6001",
619,"bucket2$166,:3,:6001",,MQ,BAM,14.8171,-61.1445,670.0,,,3000,100.0,ZNE,train,"bucket0$498,:3,:6001",
620,"bucket2$167,:3,:6001",,MQ,BAM,14.8171,-61.1445,670.0,,,3000,100.0,ZNE,train,"bucket0$499,:3,:6001",
621,"bucket2$168,:3,:6001",,MQ,BAM,14.8171,-61.1445,670.0,,,3000,100.0,ZNE,train,"bucket0$500,:3,:6001",
622,"bucket2$169,:3,:6001",,MQ,BAM,14.8171,-61.1445,670.0,,,3000,100.0,ZNE,train,"bucket0$501,:3,:6001",
623,"bucket2$170,:3,:6001",,MQ,BAM,14.8171,-61.1445,670.0,,,3000,100.0,ZNE,train,"bucket0$502,:3,:6001",
624,"bucket2$171,:3,:6001",,MQ,BAM,14.8171,-61.1445,670.0,,,3000,100.0,ZNE,train,"bucket0$503,:3,:6001",
625,"bucket2$172,:3,:6001",,MQ,BAM,14.8171,-61.1445,670.0,,,3000,100.0,ZNE,train,"bucket0$504,:3,:6001",
626,"bucket3$143,:3,:6001",,MQ,BAM,14.8171,-61.1445,670.0,,,3000,100.0,ZNE,test,"bucket2$58,:3,:6001",
627,"bucket2$173,:3,:6001",,MQ,BAM,14.8171,-61.1445,670.0,,,3000,100.0,ZNE,train,"bucket0$505,:3,:6001",
628,"bucket1$151,:3,:6001",,MQ,BAM,14.8171,-61.1445,670.0,,,3000,100.0,ZNE,dev,"bucket1$63,:3,:6001",
629,"bucket3$144,:3,:6001",,MQ,BAM,14.8171,-61.1445,670.0,,,3000,100.0,ZNE,test,"bucket2$59,:3,:6001",
630,"bucket2$174,:3,:6001",,MQ,BAM,14.8171,-61.1445,670.0,,,3000,100.0,ZNE,train,"bucket0$506,:3,:6001",
631,"bucket2$175,:3,:6001",,MQ,BAM,14.8171,-61.1445,670.0,,,3000,100.0,ZNE,train,"bucket0$507,:3,:6001",
632,"bucket1$152,:3,:6001",,MQ,BAM,14.8171,-61.1445,670.0,,,3000,100.0,ZNE,dev,"bucket1$64,:3,:6001",
633,"bucket2$176,:3,:6001",,MQ,BAM,14.8171,-61.1445,670.0,,,3000,100.0,ZNE,train,"bucket0$508,:3,:6001",
634,"bucket1$153,:3,:6001",,MQ,BAM,14.8171,-61.1445,670.0,,,3000,100.0,ZNE,dev,"bucket1$65,:3,:6001",
635,"bucket2$177,:3,:6001",,MQ,BAM,14.8171,-61.1445,670.0,,,3000,100.0,ZNE,train,"bucket0$509,:3,:6001",
636,"bucket2$178,:3,:6001",,MQ,BAM,14.8171,-61.1445,670.0,,,3000,100.0,ZNE,train,"bucket0$510,:3,:6001",
637,"bucket2$179,:3,:6001",,MQ,BAM,14.8171,-61.1445,670.0,,,3000,100.0,ZNE,train,"bucket0$511,:3,:6001",
638,"bucket2$180,:3,:6001",,MQ,BAM,14.8171,-61.1445,670.0,,,3000,100.0,ZNE,train,"bucket0$512,:3,:6001",
639,"bucket2$181,:3,:6001",,MQ,BAM,14.8171,-61.1445,670.0,,,3000,100.0,ZNE,train,"bucket0$513,:3,:6001",
640,"bucket2$182,:3,:6001",,MQ,BAM,14.8171,-61.1445,670.0,,,3000,100.0,ZNE,train,"bucket0$514,:3,:6001",
641,"bucket2$183,:3,:6001",,MQ,BAM,14.8171,-61.1445,670.0,,,3000,100.0,ZNE,train,"bucket0$515,:3,:6001",
642,"bucket1$154,:3,:6001",,MQ,BAM,14.8171,-61.1445,670.0,,,3000,100.0,ZNE,dev,"bucket1$66,:3,:6001",
643,"bucket2$184,:3,:6001",,MQ,BAM,14.8171,-61.1445,670.0,,,3000,100.0,ZNE,train,"bucket0$516,:3,:6001",
644,"bucket3$145,:3,:6001",,MQ,BAM,14.8171,-61.1445,670.0,,,3000,100.0,ZNE,test,"bucket2$60,:3,:6001",
645,"bucket2$185,:3,:6001",,MQ,BAM,14.8171,-61.1445,670.0,,,3000,100.0,ZNE,train,"bucket0$517,:3,:6001",
646,"bucket1$155,:3,:6001",,MQ,BAM,14.8171,-61.1445,670.0,,,3000,100.0,ZNE,dev,"bucket1$67,:3,:6001",
647,"bucket2$186,:3,:6001",,MQ,BAM,14.8171,-61.1445,670.0,,,3000,100.0,ZNE,train,"bucket0$518,:3,:6001",
648,"bucket2$187,:3,:6001",,MQ,BAM,14.8171,-61.1445,670.0,,,3000,100.0,ZNE,train,"bucket0$519,:3,:6001",
649,"bucket2$188,:3,:6001",,MQ,BAM,14.8171,-61.1445,670.0,,,3000,100.0,ZNE,train,"bucket0$520,:3,:6001",
650,"bucket2$189,:3,:6001",,MQ,BAM,14.8171,-61.1445,670.0,,,3000,100.0,ZNE,train,"bucket0$521,:3,:6001",
651,"bucket2$190,:3,:6001",,MQ,BAM,14.8171,-61.1445,670.0,,,3000,100.0,ZNE,train,"bucket0$522,:3,:6001",
652,"bucket2$191,:3,:6001",,MQ,BAM,14.8171,-61.1445,670.0,,,3000,100.0,ZNE,train,"bucket0$523,:3,:6001",
653,"bucket1$156,:3,:6001",,MQ,BAM,14.8171,-61.1445,670.0,,,3000,100.0,ZNE,dev,"bucket1$68,:3,:6001",
654,"bucket2$192,:3,:6001",,MQ,BAM,14.8171,-61.1445,670.0,,,3000,100.0,ZNE,train,"bucket0$524,:3,:6001",
655,"bucket2$193,:3,:6001",,MQ,BAM,14.8171,-61.1445,670.0,,,3000,100.0,ZNE,train,"bucket0$525,:3,:6001",
656,"bucket2$194,:3,:6001",,MQ,BAM,14.8171,-61.1445,670.0,,,3000,100.0,ZNE,train,"bucket0$526,:3,:6001",
657,"bucket2$195,:3,:6001",,MQ,BAM,14.8171,-61.1445,670.0,,,3000,100.0,ZNE,train,"bucket0$527,:3,:6001",
658,"bucket2$196,:3,:6001",,MQ,BAM,14.8171,-61.1445,670.0,,,3000,100.0,ZNE,train,"bucket0$528,:3,:6001",
659,"bucket2$197,:3,:6001",,MQ,BAM,14.8171,-61.1445,670.0,,,3000,100.0,ZNE,train,"bucket0$529,:3,:6001",
660,"bucket2$198,:3,:6001",,MQ,BAM,14.8171,-61.1445,670.0,,,3000,100.0,ZNE,train,"bucket0$530,:3,:6001",
661,"bucket2$199,:3,:6001",,MQ,BAM,14.8171,-61.1445,670.0,,,3000,100.0,ZNE,train,"bucket0$531,:3,:6001",
662,"bucket2$200,:3,:6001",,MQ,BAM,14.8171,-61.1445,670.0,,,3000,100.0,ZNE,train,"bucket0$532,:3,:6001",
663,"bucket1$157,:3,:6001",,MQ,BAM,14.8171,-61.1445,670.0,,,3000,100.0,ZNE,dev,"bucket1$69,:3,:6001",
664,"bucket2$201,:3,:6001",,MQ,BAM,14.8171,-61.1445,670.0,,,3000,100.0,ZNE,train,"bucket0$533,:3,:6001",
665,"bucket2$202,:3,:6001",,MQ,BAM,14.8171,-61.1445,670.0,,,3000,100.0,ZNE,train,"bucket0$534,:3,:6001",
666,"bucket2$203,:3,:6001",,MQ,BAM,14.8171,-61.1445,670.0,,,3000,100.0,ZNE,train,"bucket0$535,:3,:6001",
667,"bucket2$204,:3,:6001",,MQ,BAM,14.8171,-61.1445,670.0,,,3000,100.0,ZNE,train,"bucket0$536,:3,:6001",
668,"bucket2$205,:3,:6001",,MQ,BAM,14.8171,-61.1445,670.0,,,3000,100.0,ZNE,train,"bucket0$537,:3,:6001",
669,"bucket2$206,:3,:6001",,MQ,BAM,14.8171,-61.1445,670.0,,,3000,100.0,ZNE,train,"bucket0$538,:3,:6001",
670,"bucket2$207,:3,:6001",,MQ,BAM,14.8171,-61.1445,670.0,,,3000,100.0,ZNE,train,"bucket0$539,:3,:6001",
671,"bucket2$208,:3,:6001",,MQ,BAM,14.8171,-61.1445,670.0,,,3000,100.0,ZNE,train,"bucket0$540,:3,:6001",
672,"bucket2$209,:3,:6001",,MQ,BAM,14.8171,-61.1445,670.0,,,3000,100.0,ZNE,train,"bucket0$541,:3,:6001",
673,"bucket2$210,:3,:6001",,MQ,BAM,14.8171,-61.1445,670.0,,,3000,100.0,ZNE,train,"bucket0$542,:3,:6001",
674,"bucket2$211,:3,:6001",,MQ,BAM,14.8171,-61.1445,670.0,,,3000,100.0,ZNE,train,"bucket0$543,:3,:6001",
675,"bucket2$212,:3,:6001",,MQ,BAM,14.8171,-61.1445,670.0,,,3000,100.0,ZNE,train,"bucket0$544,:3,:6001",
676,"bucket3$146,:3,:6001",,MQ,BAM,14.8171,-61.1445,670.0,,,3000,100.0,ZNE,test,"bucket2$61,:3,:6001",
677,"bucket2$213,:3,:6001",,MQ,BAM,14.8171,-61.1445,670.0,,,3000,100.0,ZNE,train,"bucket0$545,:3,:6001",
678,"bucket2$214,:3,:6001",,MQ,BAM,14.8171,-61.1445,670.0,,,3000,100.0,ZNE,train,"bucket0$546,:3,:6001",
679,"bucket2$215,:3,:6001",,MQ,BAM,14.8171,-61.1445,670.0,,,3000,100.0,ZNE,train,"bucket0$547,:3,:6001",
680,"bucket2$216,:3,:6001",,MQ,BAM,14.8171,-61.1445,670.0,,,3000,100.0,ZNE,train,"bucket0$548,:3,:6001",
681,"bucket2$217,:3,:6001",,MQ,BAM,14.8171,-61.1445,670.0,,,3000,100.0,ZNE,train,"bucket0$549,:3,:6001",
682,"bucket2$218,:3,:6001",,MQ,BAM,14.8171,-61.1445,670.0,,,3000,100.0,ZNE,train,"bucket0$550,:3,:6001",
683,"bucket1$158,:3,:6001",,MQ,BAM,14.8171,-61.1445,670.0,,,3000,100.0,ZNE,dev,"bucket1$70,:3,:6001",
684,"bucket2$219,:3,:6001",,MQ,BAM,14.8171,-61.1445,670.0,,,3000,100.0,ZNE,train,"bucket0$551,:3,:6001",
685,"bucket3$147,:3,:6001",,MQ,BAM,14.8171,-61.1445,670.0,,,3000,100.0,ZNE,test,"bucket2$62,:3,:6001",
686,"bucket2$220,:3,:6001",,MQ,BAM,14.8171,-61.1445,670.0,,,3000,100.0,ZNE,train,"bucket0$552,:3,:6001",
687,"bucket2$221,:3,:6001",,MQ,BAM,14.8171,-61.1445,670.0,,,3000,100.0,ZNE,train,"bucket0$553,:3,:6001",
688,"bucket2$222,:3,:6001",,MQ,BAM,14.8171,-61.1445,670.0,,,3000,100.0,ZNE,train,"bucket0$554,:3,:6001",
689,"bucket1$159,:3,:6001",,MQ,BAM,14.8171,-61.1445,670.0,,,3000,100.0,ZNE,dev,"bucket1$71,:3,:6001",
690,"bucket2$223,:3,:6001",,MQ,BAM,14.8171,-61.1445,670.0,,,3000,100.0,ZNE,train,"bucket0$555,:3,:6001",
691,"bucket2$224,:3,:6001",,MQ,BAM,14.8171,-61.1445,670.0,,,3000,100.0,ZNE,train,"bucket0$556,:3,:6001",
692,"bucket1$160,:3,:6001",,MQ,BAM,14.8171,-61.1445,670.0,,,3000,100.0,ZNE,dev,"bucket1$72,:3,:6001",
693,"bucket2$225,:3,:6001",,MQ,BAM,14.8171,-61.1445,670.0,,,3000,100.0,ZNE,train,"bucket0$557,:3,:6001",
694,"bucket2$226,:3,:6001",,MQ,BAM,14.8171,-61.1445,670.0,,,3000,100.0,ZNE,train,"bucket0$558,:3,:6001",
695,"bucket2$227,:3,:6001",,MQ,BAM,14.8171,-61.1445,670.0,,,3000,100.0,ZNE,train,"bucket0$559,:3,:6001",
696,"bucket2$228,:3,:6001",,MQ,BAM,14.8171,-61.1445,670.0,,,3000,100.0,ZNE,train,"bucket0$560,:3,:6001",
697,"bucket2$229,:3,:6001",,MQ,BAM,14.8171,-61.1445,670.0,,,3000,100.0,ZNE,train,"bucket0$561,:3,:6001",
698,"bucket2$230,:3,:6001",,MQ,BAM,14.8171,-61.1445,670.0,,,3000,100.0,ZNE,train,"bucket0$562,:3,:6001",
699,"bucket2$231,:3,:6001",,MQ,BAM,14.8171,-61.1445,670.0,,,3000,100.0,ZNE,train,"bucket0$563,:3,:6001",
