index,trace_name,trace_start_time,station_network_code,station_code,station_latitude_deg,station_longitude_deg,station_elevation_m,trace_p_arrival_sample,trace_s_arrival_sample,center_sample,trace_sampling_rate_hz,trace_component_order,split,name,trace_name_original,trace_chunk
0,"bucket0$0,:3,:6001",2014-03-03T08:29:03,MQ,IA2,14.80307,-61.20515,289.0,1342.0,1434.0,1342,100.0,ZNE,train,manuel,"bucket0$0,:3,:6001",
1,"bucket0$1,:3,:6001",2014-03-03T08:29:10.979900,MQ,GBM,14.799451,-61.159276,800.0,567.0,,567,100.0,ZNE,train,manuel,"bucket0$1,:3,:6001",
2,"bucket0$2,:3,:6001",2014-03-03T08:28:39.980000,MQ,LAM,14.81292,-61.16314,1240.0,3670.0,3706.0,3670,100.0,ZNE,train,manuel,"bucket0$2,:3,:6001",
3,"bucket0$3,:3,:6001",2014-03-03T08:28:40.969900,MQ,BAM,14.8171,-61.1445,670.0,3609.0,,3609,100.0,ZNE,train,manuel,"bucket0$3,:3,:6001",
4,"bucket4$0,:3,:6001",2014-03-03T08:28:52.169900,MQ,MLM,14.7846,-61.1786,370.0,2493.0,,2493,100.0,ZNE,test,manuel,"bucket1$0,:3,:6001",
5,"bucket0$4,:3,:6001",2014-03-04T02:19:36.100000,MQ,LAM,14.81292,-61.16314,1240.0,2814.0,2857.0,2814,100.0,ZNE,train,manuel,"bucket0$4,:3,:6001",
6,"bucket0$5,:3,:6001",2014-03-04T02:19:39.109900,MQ,BAM,14.8171,-61.1445,670.0,2545.0,,2545,100.0,ZNE,train,manuel,"bucket0$5,:3,:6001",
7,"bucket0$6,:3,:6001",2014-03-04T02:19:42.789900,MQ,GBM,14.799451,-61.159276,800.0,2183.0,,2183,100.0,ZNE,train,manuel,"bucket0$6,:3,:6001",
8,"bucket5$0,:3,:6001",2014-03-04T22:25:20.789900,MQ,GBM,14.799451,-61.159276,800.0,1876.0,,1876,100.0,ZNE,dev,manuel,"bucket2$0,:3,:6001",
9,"bucket0$7,:3,:6001",2014-03-04T22:25:23.620000,MQ,LAM,14.81292,-61.16314,1240.0,1598.0,,1598,100.0,ZNE,train,manuel,"bucket0$7,:3,:6001",
10,"bucket0$8,:3,:6001",2014-03-04T22:25:13.799900,MQ,BAM,14.8171,-61.1445,670.0,,2620.0,2620,100.0,ZNE,train,manuel,"bucket0$8,:3,:6001",
11,"bucket0$9,:3,:6001",2014-03-05T04:32:06.569900,MQ,GBM,14.799451,-61.159276,800.0,1539.0,,1539,100.0,ZNE,train,manuel,"bucket0$9,:3,:6001",
12,"bucket0$10,:3,:6001",2014-03-05T04:32:09.650000,MQ,LAM,14.81292,-61.16314,1240.0,1245.0,,1245,100.0,ZNE,train,manuel,"bucket0$10,:3,:6001",
13,"bucket0$11,:3,:6001",2014-03-05T04:31:28.989900,MQ,BAM,14.8171,-61.1445,670.0,5325.0,,5325,100.0,ZNE,train,manuel,"bucket0$11,:3,:6001",
14,"bucket0$12,:3,:6001",2014-03-05T04:31:39.730000,MQ,IA2,14.80307,-61.20515,289.0,4266.0,4438.0,4266,100.0,ZNE,train,manuel,"bucket0$12,:3,:6001",
15,"bucket0$13,:3,:6001",2014-03-05T05:12:08.160000,MQ,LAM,14.81292,-61.16314,1240.0,1632.0,1695.0,1632,100.0,ZNE,train,manuel,"bucket0$13,:3,:6001",
16,"bucket0$14,:3,:6001",2014-03-05T05:12:07.359900,MQ,GBM,14.799451,-61.159276,800.0,1735.0,,1735,100.0,ZNE,train,manuel,"bucket0$14,:3,:6001",
17,"bucket4$1,:3,:6001",2014-03-11T19:52:41.380000,MQ,LAM,14.81292,-61.16314,1240.0,823.0,866.0,823,100.0,ZNE,test,manuel,"bucket1$1,:3,:6001",
18,"bucket0$15,:3,:6001",2014-03-11T19:52:02.899900,MQ,GBM,14.799451,-61.159276,800.0,4672.0,,4672,100.0,ZNE,train,manuel,"bucket0$15,:3,:6001",
19,"bucket0$16,:3,:6001",2014-03-11T19:51:59.749900,MQ,BAM,14.8171,-61.1445,670.0,5022.0,,5022,100.0,ZNE,train,manuel,"bucket0$16,:3,:6001",
20,"bucket0$17,:3,:6001",2014-03-11T19:52:14.389900,MQ,MLM,14.7846,-61.1786,370.0,3570.0,,3570,100.0,ZNE,train,manuel,"bucket0$17,:3,:6001",
21,"bucket0$18,:3,:6001",2014-03-11T19:52:30.370000,WI,SAM,14.84108,-61.1638,485.0,1980.0,,1980,100.0,ZNE,train,manuel,"bucket0$18,:3,:6001",
22,"bucket0$19,:3,:6001",2014-03-11T19:51:55.760000,MQ,IA2,14.80307,-61.20515,289.0,5443.0,,5443,100.0,ZNE,train,manuel,"bucket0$19,:3,:6001",
23,"bucket0$20,:3,:6001",2014-03-11T19:52:10.109900,MQ,CPM,14.8168,-61.2074,242.0,4018.0,,4018,100.0,ZNE,train,manuel,"bucket0$20,:3,:6001",
24,"bucket0$21,:3,:6001",2014-03-13T13:43:55.309900,MQ,GBM,14.799451,-61.159276,800.0,2880.0,,2880,100.0,ZNE,train,manuel,"bucket0$21,:3,:6001",
25,"bucket5$1,:3,:6001",2014-03-13T13:43:36.900000,MQ,LAM,14.81292,-61.16314,1240.0,4729.0,4793.0,4729,100.0,ZNE,dev,manuel,"bucket2$1,:3,:6001",
26,"bucket0$22,:3,:6001",2014-03-13T13:44:05.719900,MQ,BAM,14.8171,-61.1445,670.0,1878.0,,1878,100.0,ZNE,train,manuel,"bucket0$22,:3,:6001",
27,"bucket0$23,:3,:6001",2014-03-13T13:44:10.470000,MQ,IA2,14.80307,-61.20515,289.0,1429.0,,1429,100.0,ZNE,train,manuel,"bucket0$23,:3,:6001",
28,"bucket0$24,:3,:6001",2014-03-13T13:43:59.919900,MQ,MLM,14.7846,-61.1786,370.0,2501.0,,2501,100.0,ZNE,train,manuel,"bucket0$24,:3,:6001",
29,"bucket0$25,:3,:6001",2014-03-13T13:43:44.889900,MQ,CPM,14.8168,-61.2074,242.0,4005.0,,4005,100.0,ZNE,train,manuel,"bucket0$25,:3,:6001",
30,"bucket0$26,:3,:6001",2014-03-13T22:37:55.079900,MQ,GBM,14.799451,-61.159276,800.0,518.0,,518,100.0,ZNE,train,manuel,"bucket0$26,:3,:6001",
31,"bucket0$27,:3,:6001",2014-03-13T22:37:29.529900,MQ,BAM,14.8171,-61.1445,670.0,3100.0,,3100,100.0,ZNE,train,manuel,"bucket0$27,:3,:6001",
32,"bucket0$28,:3,:6001",2014-03-13T22:37:36.740000,MQ,LAM,14.81292,-61.16314,1240.0,,2403.0,2403,100.0,ZNE,train,manuel,"bucket0$28,:3,:6001",
33,"bucket0$29,:3,:6001",2014-03-13T23:04:22.499900,MQ,GBM,14.799451,-61.159276,800.0,3501.0,,3501,100.0,ZNE,train,manuel,"bucket0$29,:3,:6001",
34,"bucket0$30,:3,:6001",2014-03-13T23:04:35.900000,MQ,LAM,14.81292,-61.16314,1240.0,2162.0,2201.0,2162,100.0,ZNE,train,manuel,"bucket0$30,:3,:6001",
35,"bucket0$31,:3,:6001",2014-03-14T00:15:54.199900,MQ,BAM,14.8171,-61.1445,670.0,501.0,,501,100.0,ZNE,train,manuel,"bucket0$31,:3,:6001",
36,"bucket0$32,:3,:6001",2014-03-14T00:15:14.940000,MQ,LAM,14.81292,-61.16314,1240.0,4485.0,4538.0,4485,100.0,ZNE,train,manuel,"bucket0$32,:3,:6001",
37,"bucket0$33,:3,:6001",2014-03-14T00:15:21.579900,MQ,GBM,14.799451,-61.159276,800.0,3831.0,,3831,100.0,ZNE,train,manuel,"bucket0$33,:3,:6001",
38,"bucket0$34,:3,:6001",2014-03-14T00:15:39.370000,MQ,IA2,14.80307,-61.20515,289.0,2108.0,2164.0,2108,100.0,ZNE,train,manuel,"bucket0$34,:3,:6001",
39,"bucket4$2,:3,:6001",2014-03-14T09:38:12.729900,MQ,GBM,14.799451,-61.159276,800.0,3518.0,,3518,100.0,ZNE,test,manuel,"bucket1$2,:3,:6001",
40,"bucket5$2,:3,:6001",2014-03-14T09:38:18.830000,MQ,LAM,14.81292,-61.16314,1240.0,2911.0,2950.0,2911,100.0,ZNE,dev,manuel,"bucket2$2,:3,:6001",
41,"bucket0$35,:3,:6001",2014-03-14T09:38:32.649900,MQ,BAM,14.8171,-61.1445,670.0,1562.0,,1562,100.0,ZNE,train,manuel,"bucket0$35,:3,:6001",
42,"bucket0$36,:3,:6001",2014-03-15T01:20:28.080000,MQ,LAM,14.81292,-61.16314,1240.0,2963.0,3028.0,2963,100.0,ZNE,train,manuel,"bucket0$36,:3,:6001",
43,"bucket0$37,:3,:6001",2014-03-15T01:20:04.869900,MQ,GBM,14.799451,-61.159276,800.0,5302.0,,5302,100.0,ZNE,train,manuel,"bucket0$37,:3,:6001",
44,"bucket0$38,:3,:6001",2014-03-15T01:20:28.949900,MQ,BAM,14.8171,-61.1445,670.0,2932.0,,2932,100.0,ZNE,train,manuel,"bucket0$38,:3,:6001",
45,"bucket5$3,:3,:6001",2014-03-15T02:41:00.619900,MQ,GBM,14.799451,-61.159276,800.0,645.0,,645,100.0,ZNE,dev,manuel,"bucket2$3,:3,:6001",
46,"bucket0$39,:3,:6001",2014-03-15T02:40:20.230000,MQ,LAM,14.81292,-61.16314,1240.0,4689.0,,4689,100.0,ZNE,train,manuel,"bucket0$39,:3,:6001",
47,"bucket0$40,:3,:6001",2014-03-15T02:40:48.259900,MQ,BAM,14.8171,-61.1445,670.0,1916.0,,1916,100.0,ZNE,train,manuel,"bucket0$40,:3,:6001",
48,"bucket0$41,:3,:6001",2014-03-15T02:40:54.260000,MQ,IA2,14.80307,-61.20515,289.0,1336.0,1432.0,1336,100.0,ZNE,train,manuel,"bucket0$41,:3,:6001",
49,"bucket0$42,:3,:6001",2014-03-15T21:53:41.970000,MQ,LAM,14.81292,-61.16314,1240.0,1973.0,2023.0,1973,100.0,ZNE,train,manuel,"bucket0$42,:3,:6001",
50,"bucket0$43,:3,:6001",2014-03-15T21:53:08.129900,MQ,GBM,14.799451,-61.159276,800.0,5363.0,,5363,100.0,ZNE,train,manuel,"bucket0$43,:3,:6001",
51,"bucket0$44,:3,:6001",2014-03-15T21:53:54.739900,MQ,BAM,14.8171,-61.1445,670.0,822.0,,822,100.0,ZNE,train,manuel,"bucket0$44,:3,:6001",
52,"bucket5$4,:3,:6001",2014-03-15T22:47:54.160000,MQ,LAM,14.81292,-61.16314,1240.0,3037.0,3107.0,3037,100.0,ZNE,dev,manuel,"bucket2$4,:3,:6001",
53,"bucket0$45,:3,:6001",2014-03-15T22:47:51.249900,MQ,BAM,14.8171,-61.1445,670.0,3357.0,,3357,100.0,ZNE,train,manuel,"bucket0$45,:3,:6001",
54,"bucket0$46,:3,:6001",2014-03-15T22:48:01.839900,MQ,GBM,14.799451,-61.159276,800.0,2322.0,,2322,100.0,ZNE,train,manuel,"bucket0$46,:3,:6001",
55,"bucket0$47,:3,:6001",2014-03-15T22:48:10.570000,MQ,IA2,14.80307,-61.20515,289.0,,1553.0,1553,100.0,ZNE,train,manuel,"bucket0$47,:3,:6001",
56,"bucket4$3,:3,:6001",2014-03-15T22:56:41.509900,MQ,GBM,14.799451,-61.159276,800.0,2164.0,,2164,100.0,ZNE,test,manuel,"bucket1$3,:3,:6001",
57,"bucket4$4,:3,:6001",2014-03-15T22:56:17.510000,MQ,LAM,14.81292,-61.16314,1240.0,4571.0,4620.0,4571,100.0,ZNE,test,manuel,"bucket1$4,:3,:6001",
58,"bucket5$5,:3,:6001",2014-03-15T22:56:11.089900,MQ,BAM,14.8171,-61.1445,670.0,5245.0,,5245,100.0,ZNE,dev,manuel,"bucket2$5,:3,:6001",
59,"bucket0$48,:3,:6001",2014-03-15T22:56:54.390000,MQ,IA2,14.80307,-61.20515,289.0,939.0,1033.0,939,100.0,ZNE,train,manuel,"bucket0$48,:3,:6001",
60,"bucket5$6,:3,:6001",2014-03-15T22:56:45.630000,WI,SAM,14.84108,-61.1638,485.0,,1921.0,1921,100.0,ZNE,dev,manuel,"bucket2$6,:3,:6001",
61,"bucket0$49,:3,:6001",2014-03-15T23:13:37.930000,MQ,LAM,14.81292,-61.16314,1240.0,843.0,890.0,843,100.0,ZNE,train,manuel,"bucket0$49,:3,:6001",
62,"bucket0$50,:3,:6001",2014-03-15T23:13:18.059900,MQ,GBM,14.799451,-61.159276,800.0,2867.0,,2867,100.0,ZNE,train,manuel,"bucket0$50,:3,:6001",
63,"bucket0$51,:3,:6001",2014-03-15T23:13:00.359900,MQ,BAM,14.8171,-61.1445,670.0,4642.0,,4642,100.0,ZNE,train,manuel,"bucket0$51,:3,:6001",
64,"bucket0$52,:3,:6001",2014-03-15T23:55:06.140000,MQ,LAM,14.81292,-61.16314,1240.0,2955.0,2986.0,2955,100.0,ZNE,train,manuel,"bucket0$52,:3,:6001",
65,"bucket0$53,:3,:6001",2014-03-15T23:55:23.989900,MQ,GBM,14.799451,-61.159276,800.0,1218.0,,1218,100.0,ZNE,train,manuel,"bucket0$53,:3,:6001",
66,"bucket4$5,:3,:6001",2014-03-15T23:54:55.119900,MQ,BAM,14.8171,-61.1445,670.0,4155.0,,4155,100.0,ZNE,test,manuel,"bucket1$5,:3,:6001",
67,"bucket0$54,:3,:6001",2014-03-16T01:03:47.539900,MQ,GBM,14.799451,-61.159276,800.0,2277.0,,2277,100.0,ZNE,train,manuel,"bucket0$54,:3,:6001",
68,"bucket0$55,:3,:6001",2014-03-16T01:03:30.080000,MQ,LAM,14.81292,-61.16314,1240.0,4035.0,4076.0,4035,100.0,ZNE,train,manuel,"bucket0$55,:3,:6001",
69,"bucket0$56,:3,:6001",2014-03-16T01:18:04.549900,MQ,GBM,14.799451,-61.159276,800.0,1734.0,,1734,100.0,ZNE,train,manuel,"bucket0$56,:3,:6001",
70,"bucket0$57,:3,:6001",2014-03-16T01:17:57.970000,MQ,LAM,14.81292,-61.16314,1240.0,2397.0,2453.0,2397,100.0,ZNE,train,manuel,"bucket0$57,:3,:6001",
71,"bucket0$58,:3,:6001",2014-03-16T01:18:17.289900,MQ,BAM,14.8171,-61.1445,670.0,500.0,6497.0,500,100.0,ZNE,train,manuel,"bucket0$58,:3,:6001",
72,"bucket0$59,:3,:6001",2014-03-16T01:17:54.619900,MQ,MLM,14.7846,-61.1786,370.0,2775.0,2780.0,2775,100.0,ZNE,train,manuel,"bucket0$59,:3,:6001",
73,"bucket0$60,:3,:6001",2014-03-16T01:17:28.810000,MQ,IA2,14.80307,-61.20515,289.0,5370.0,5460.0,5370,100.0,ZNE,train,manuel,"bucket0$60,:3,:6001",
74,"bucket0$61,:3,:6001",2014-03-16T01:18:08.229900,MQ,CPM,14.8168,-61.2074,242.0,1440.0,,1440,100.0,ZNE,train,manuel,"bucket0$61,:3,:6001",
75,"bucket5$7,:3,:6001",2014-03-16T01:17:47.910000,WI,SAM,14.84108,-61.1638,485.0,3504.0,3583.0,3504,100.0,ZNE,dev,manuel,"bucket2$7,:3,:6001",
76,"bucket0$62,:3,:6001",2014-03-16T01:41:24.480000,MQ,LAM,14.81292,-61.16314,1240.0,3919.0,3971.0,3919,100.0,ZNE,train,manuel,"bucket0$62,:3,:6001",
77,"bucket4$6,:3,:6001",2014-03-16T01:41:39.289900,MQ,GBM,14.799451,-61.159276,800.0,2481.0,,2481,100.0,ZNE,test,manuel,"bucket1$6,:3,:6001",
78,"bucket0$63,:3,:6001",2014-03-16T01:41:16.310000,WI,SAM,14.84108,-61.1638,485.0,4784.0,4878.0,4784,100.0,ZNE,train,manuel,"bucket0$63,:3,:6001",
79,"bucket0$64,:3,:6001",2014-03-16T01:41:12.099900,MQ,MLM,14.7846,-61.1786,370.0,5215.0,,5215,100.0,ZNE,train,manuel,"bucket0$64,:3,:6001",
80,"bucket0$65,:3,:6001",2014-03-16T01:41:43.370000,MQ,IA2,14.80307,-61.20515,289.0,2088.0,2180.0,2088,100.0,ZNE,train,manuel,"bucket0$65,:3,:6001",
81,"bucket0$66,:3,:6001",2014-03-16T01:41:50.139900,MQ,BAM,14.8171,-61.1445,670.0,1457.0,,1457,100.0,ZNE,train,manuel,"bucket0$66,:3,:6001",
82,"bucket0$67,:3,:6001",2014-03-16T02:20:33.590000,MQ,LAM,14.81292,-61.16314,1240.0,3392.0,,3392,100.0,ZNE,train,manuel,"bucket0$67,:3,:6001",
83,"bucket0$68,:3,:6001",2014-03-16T02:20:58.939900,MQ,BAM,14.8171,-61.1445,670.0,871.0,,871,100.0,ZNE,train,manuel,"bucket0$68,:3,:6001",
84,"bucket0$69,:3,:6001",2014-03-16T02:20:19.460000,MQ,IA2,14.80307,-61.20515,289.0,4821.0,4951.0,4821,100.0,ZNE,train,manuel,"bucket0$69,:3,:6001",
85,"bucket0$70,:3,:6001",2014-03-16T03:05:02.579900,MQ,GBM,14.799451,-61.159276,800.0,2461.0,,2461,100.0,ZNE,train,manuel,"bucket0$70,:3,:6001",
86,"bucket0$71,:3,:6001",2014-03-16T03:05:08.870000,MQ,LAM,14.81292,-61.16314,1240.0,1832.0,1861.0,1832,100.0,ZNE,train,manuel,"bucket0$71,:3,:6001",
87,"bucket0$72,:3,:6001",2014-03-16T03:05:00.299900,MQ,BAM,14.8171,-61.1445,670.0,2730.0,,2730,100.0,ZNE,train,manuel,"bucket0$72,:3,:6001",
88,"bucket0$73,:3,:6001",2014-03-16T03:05:16.999900,MQ,MLM,14.7846,-61.1786,370.0,1060.0,,1060,100.0,ZNE,train,manuel,"bucket0$73,:3,:6001",
89,"bucket4$7,:3,:6001",2014-03-16T03:05:13.450000,WI,SAM,14.84108,-61.1638,485.0,1436.0,1534.0,1436,100.0,ZNE,test,manuel,"bucket1$7,:3,:6001",
90,"bucket4$8,:3,:6001",2014-03-16T03:05:13.660000,MQ,IA2,14.80307,-61.20515,289.0,1419.0,1515.0,1419,100.0,ZNE,test,manuel,"bucket1$8,:3,:6001",
91,"bucket0$74,:3,:6001",2014-03-16T03:04:39.549900,MQ,CPM,14.8168,-61.2074,242.0,4840.0,,4840,100.0,ZNE,train,manuel,"bucket0$74,:3,:6001",
92,"bucket0$75,:3,:6001",2014-03-16T03:18:47.970000,MQ,LAM,14.81292,-61.16314,1240.0,1015.0,1095.0,1015,100.0,ZNE,train,manuel,"bucket0$75,:3,:6001",
93,"bucket5$8,:3,:6001",2014-03-16T03:18:20.209900,MQ,GBM,14.799451,-61.159276,800.0,3833.0,,3833,100.0,ZNE,dev,manuel,"bucket2$8,:3,:6001",
94,"bucket0$76,:3,:6001",2014-03-16T03:18:46.130000,MQ,IA2,14.80307,-61.20515,289.0,1259.0,1391.0,1259,100.0,ZNE,train,manuel,"bucket0$76,:3,:6001",
95,"bucket0$77,:3,:6001",2014-03-16T03:18:37.299900,MQ,BAM,14.8171,-61.1445,670.0,2161.0,,2161,100.0,ZNE,train,manuel,"bucket0$77,:3,:6001",
96,"bucket5$9,:3,:6001",2014-03-16T03:18:11.959900,MQ,MLM,14.7846,-61.1786,370.0,4704.0,,4704,100.0,ZNE,dev,manuel,"bucket2$9,:3,:6001",
97,"bucket0$78,:3,:6001",2014-03-16T03:18:24.260000,WI,SAM,14.84108,-61.1638,485.0,3505.0,3590.0,3505,100.0,ZNE,train,manuel,"bucket0$78,:3,:6001",
98,"bucket0$79,:3,:6001",2014-03-16T03:20:13.479900,MQ,GBM,14.799451,-61.159276,800.0,4257.0,,4257,100.0,ZNE,train,manuel,"bucket0$79,:3,:6001",
99,"bucket0$80,:3,:6001",2014-03-16T03:20:03.589900,MQ,BAM,14.8171,-61.1445,670.0,5246.0,,5246,100.0,ZNE,train,manuel,"bucket0$80,:3,:6001",
100,"bucket0$81,:3,:6001",2014-03-16T03:20:22.570000,MQ,LAM,14.81292,-61.16314,1240.0,3379.0,,3379,100.0,ZNE,train,manuel,"bucket0$81,:3,:6001",
101,"bucket0$82,:3,:6001",2014-03-16T04:28:07.950000,MQ,LAM,14.81292,-61.16314,1240.0,2710.0,2772.0,2710,100.0,ZNE,train,manuel,"bucket0$82,:3,:6001",
102,"bucket0$83,:3,:6001",2014-03-16T04:27:51.319900,MQ,GBM,14.799451,-61.159276,800.0,4400.0,,4400,100.0,ZNE,train,manuel,"bucket0$83,:3,:6001",
103,"bucket0$84,:3,:6001",2014-03-16T04:28:10.050000,MQ,IA2,14.80307,-61.20515,289.0,2544.0,2648.0,2544,100.0,ZNE,train,manuel,"bucket0$84,:3,:6001",
104,"bucket0$85,:3,:6001",2014-03-16T04:27:53.699900,MQ,BAM,14.8171,-61.1445,670.0,4215.0,,4215,100.0,ZNE,train,manuel,"bucket0$85,:3,:6001",
105,"bucket0$86,:3,:6001",2014-03-16T04:27:42.579900,MQ,MLM,14.7846,-61.1786,370.0,5394.0,,5394,100.0,ZNE,train,manuel,"bucket0$86,:3,:6001",
106,"bucket0$87,:3,:6001",2014-03-16T04:28:46.200000,MQ,LAM,14.81292,-61.16314,1240.0,2132.0,2220.0,2132,100.0,ZNE,train,manuel,"bucket0$87,:3,:6001",
107,"bucket0$88,:3,:6001",2014-03-16T04:28:45.649900,MQ,GBM,14.799451,-61.159276,800.0,2242.0,,2242,100.0,ZNE,train,manuel,"bucket0$88,:3,:6001",
108,"bucket0$89,:3,:6001",2014-03-16T04:28:26.410000,MQ,IA2,14.80307,-61.20515,289.0,4181.0,4332.0,4181,100.0,ZNE,train,manuel,"bucket0$89,:3,:6001",
109,"bucket0$90,:3,:6001",2014-03-16T04:28:26.149900,MQ,BAM,14.8171,-61.1445,670.0,4239.0,,4239,100.0,ZNE,train,manuel,"bucket0$90,:3,:6001",
110,"bucket0$91,:3,:6001",2014-03-16T04:28:54.820000,WI,SAM,14.84108,-61.1638,485.0,1440.0,1497.0,1440,100.0,ZNE,train,manuel,"bucket0$91,:3,:6001",
111,"bucket0$92,:3,:6001",2014-03-16T05:21:50.099900,MQ,GBM,14.799451,-61.159276,800.0,4083.0,,4083,100.0,ZNE,train,manuel,"bucket0$92,:3,:6001",
112,"bucket0$93,:3,:6001",2014-03-16T05:22:17.930000,MQ,IA2,14.80307,-61.20515,289.0,1316.0,1489.0,1316,100.0,ZNE,train,manuel,"bucket0$93,:3,:6001",
113,"bucket0$94,:3,:6001",2014-03-16T05:22:05.650000,MQ,LAM,14.81292,-61.16314,1240.0,2573.0,2654.0,2573,100.0,ZNE,train,manuel,"bucket0$94,:3,:6001",
114,"bucket0$95,:3,:6001",2014-03-16T06:18:58.770000,MQ,LAM,14.81292,-61.16314,1240.0,1326.0,1380.0,1326,100.0,ZNE,train,manuel,"bucket0$95,:3,:6001",
115,"bucket0$96,:3,:6001",2014-03-16T06:18:18.759900,MQ,BAM,14.8171,-61.1445,670.0,5355.0,,5355,100.0,ZNE,train,manuel,"bucket0$96,:3,:6001",
116,"bucket0$97,:3,:6001",2014-03-16T06:18:38.770000,MQ,IA2,14.80307,-61.20515,289.0,3434.0,3475.0,3434,100.0,ZNE,train,manuel,"bucket0$97,:3,:6001",
117,"bucket0$98,:3,:6001",2014-03-16T07:37:07.069900,MQ,GBM,14.799451,-61.159276,800.0,3504.0,,3504,100.0,ZNE,train,manuel,"bucket0$98,:3,:6001",
118,"bucket0$99,:3,:6001",2014-03-16T07:36:48.729900,MQ,BAM,14.8171,-61.1445,670.0,5361.0,,5361,100.0,ZNE,train,manuel,"bucket0$99,:3,:6001",
119,"bucket0$100,:3,:6001",2014-03-16T07:37:12.680000,MQ,LAM,14.81292,-61.16314,1240.0,2997.0,3057.0,2997,100.0,ZNE,train,manuel,"bucket0$100,:3,:6001",
120,"bucket4$9,:3,:6001",2014-03-16T07:37:16.810000,MQ,IA2,14.80307,-61.20515,289.0,2608.0,2700.0,2608,100.0,ZNE,test,manuel,"bucket1$9,:3,:6001",
121,"bucket0$101,:3,:6001",2014-03-16T19:37:23.980000,MQ,LAM,14.81292,-61.16314,1240.0,3847.0,3922.0,3847,100.0,ZNE,train,manuel,"bucket0$101,:3,:6001",
122,"bucket0$102,:3,:6001",2014-03-16T19:37:13.859900,MQ,MLM,14.7846,-61.1786,370.0,4912.0,,4912,100.0,ZNE,train,manuel,"bucket0$102,:3,:6001",
123,"bucket0$103,:3,:6001",2014-03-16T19:37:49.189900,MQ,GBM,14.799451,-61.159276,800.0,1384.0,,1384,100.0,ZNE,train,manuel,"bucket0$103,:3,:6001",
124,"bucket0$104,:3,:6001",2014-03-16T19:37:19.720000,MQ,IA2,14.80307,-61.20515,289.0,4335.0,4431.0,4335,100.0,ZNE,train,manuel,"bucket0$104,:3,:6001",
125,"bucket4$10,:3,:6001",2014-03-16T19:37:11.019900,MQ,CPM,14.8168,-61.2074,242.0,5236.0,,5236,100.0,ZNE,test,manuel,"bucket1$10,:3,:6001",
126,"bucket4$11,:3,:6001",2014-03-16T19:37:22.249900,MQ,BAM,14.8171,-61.1445,670.0,4144.0,,4144,100.0,ZNE,test,manuel,"bucket1$11,:3,:6001",
127,"bucket0$105,:3,:6001",2014-03-17T17:31:58.820000,WI,SAM,14.84108,-61.1638,485.0,4357.0,4706.0,4357,100.0,ZNE,train,manuel,"bucket0$105,:3,:6001",
128,"bucket0$106,:3,:6001",2014-03-17T17:32:23.750000,MQ,IA2,14.80307,-61.20515,289.0,1917.0,2092.0,1917,100.0,ZNE,train,manuel,"bucket0$106,:3,:6001",
129,"bucket0$107,:3,:6001",2014-03-17T17:32:20.350000,MQ,LAM,14.81292,-61.16314,1240.0,2272.0,2393.0,2272,100.0,ZNE,train,manuel,"bucket0$107,:3,:6001",
130,"bucket0$108,:3,:6001",2014-03-17T17:32:31.369900,MQ,MLM,14.7846,-61.1786,370.0,1218.0,,1218,100.0,ZNE,train,manuel,"bucket0$108,:3,:6001",
131,"bucket0$109,:3,:6001",2014-03-17T17:32:33.999900,MQ,BAM,14.8171,-61.1445,670.0,972.0,,972,100.0,ZNE,train,manuel,"bucket0$109,:3,:6001",
132,"bucket0$110,:3,:6001",2014-03-17T17:31:53.339900,MQ,GBM,14.799451,-61.159276,800.0,5069.0,,5069,100.0,ZNE,train,manuel,"bucket0$110,:3,:6001",
133,"bucket0$111,:3,:6001",2014-03-22T15:44:33.469900,MQ,BAM,14.8171,-61.1445,670.0,2742.0,,2742,100.0,ZNE,train,manuel,"bucket0$111,:3,:6001",
134,"bucket0$112,:3,:6001",2014-03-22T15:44:53.089900,MQ,GBM,14.799451,-61.159276,800.0,807.0,,807,100.0,ZNE,train,manuel,"bucket0$112,:3,:6001",
135,"bucket0$113,:3,:6001",2014-03-22T15:44:34.650000,MQ,LAM,14.81292,-61.16314,1240.0,2657.0,,2657,100.0,ZNE,train,manuel,"bucket0$113,:3,:6001",
136,"bucket0$114,:3,:6001",2014-03-22T15:44:49.140000,MQ,IA2,14.80307,-61.20515,289.0,1263.0,1364.0,1263,100.0,ZNE,train,manuel,"bucket0$114,:3,:6001",
137,"bucket5$10,:3,:6001",2014-03-22T21:47:53.370000,MQ,LAM,14.81292,-61.16314,1240.0,2239.0,2279.0,2239,100.0,ZNE,dev,manuel,"bucket2$10,:3,:6001",
138,"bucket5$11,:3,:6001",2014-03-22T21:47:25.079900,MQ,GBM,14.799451,-61.159276,800.0,5077.0,,5077,100.0,ZNE,dev,manuel,"bucket2$11,:3,:6001",
139,"bucket0$115,:3,:6001",2014-03-22T21:47:40.919900,MQ,CPM,14.8168,-61.2074,242.0,3520.0,,3520,100.0,ZNE,train,manuel,"bucket0$115,:3,:6001",
140,"bucket0$116,:3,:6001",2014-03-22T21:47:33.229900,MQ,BAM,14.8171,-61.1445,670.0,4302.0,,4302,100.0,ZNE,train,manuel,"bucket0$116,:3,:6001",
141,"bucket4$12,:3,:6001",2014-03-28T08:48:01.960000,MQ,IA2,14.80307,-61.20515,289.0,4474.0,4655.0,4474,100.0,ZNE,test,manuel,"bucket1$12,:3,:6001",
142,"bucket0$117,:3,:6001",2014-03-28T08:48:26.509900,MQ,GBM,14.799451,-61.159276,800.0,2037.0,,2037,100.0,ZNE,train,manuel,"bucket0$117,:3,:6001",
143,"bucket0$118,:3,:6001",2014-03-28T08:48:38.790000,MQ,LAM,14.81292,-61.16314,1240.0,818.0,869.0,818,100.0,ZNE,train,manuel,"bucket0$118,:3,:6001",
144,"bucket0$119,:3,:6001",2014-03-28T08:48:16.219900,MQ,BAM,14.8171,-61.1445,670.0,3113.0,,3113,100.0,ZNE,train,manuel,"bucket0$119,:3,:6001",
145,"bucket0$120,:3,:6001",2014-03-28T08:48:10.150000,WI,SAM,14.84108,-61.1638,485.0,,3850.0,3850,100.0,ZNE,train,manuel,"bucket0$120,:3,:6001",
146,"bucket0$121,:3,:6001",2014-03-28T09:14:43.459900,MQ,GBM,14.799451,-61.159276,800.0,3353.0,,3353,100.0,ZNE,train,manuel,"bucket0$121,:3,:6001",
147,"bucket0$122,:3,:6001",2014-03-28T09:14:43.620000,MQ,LAM,14.81292,-61.16314,1240.0,3340.0,3405.0,3340,100.0,ZNE,train,manuel,"bucket0$122,:3,:6001",
148,"bucket0$123,:3,:6001",2014-03-28T09:15:05.979900,MQ,BAM,14.8171,-61.1445,670.0,1146.0,,1146,100.0,ZNE,train,manuel,"bucket0$123,:3,:6001",
149,"bucket0$124,:3,:6001",2014-03-28T09:14:56.670000,MQ,IA2,14.80307,-61.20515,289.0,2095.0,2185.0,2095,100.0,ZNE,train,manuel,"bucket0$124,:3,:6001",
150,"bucket4$13,:3,:6001",2014-03-28T09:25:22.330000,MQ,LAM,14.81292,-61.16314,1240.0,4156.0,4206.0,4156,100.0,ZNE,test,manuel,"bucket1$13,:3,:6001",
151,"bucket0$125,:3,:6001",2014-03-28T09:25:13.789900,MQ,GBM,14.799451,-61.159276,800.0,5039.0,,5039,100.0,ZNE,train,manuel,"bucket0$125,:3,:6001",
152,"bucket0$126,:3,:6001",2014-03-28T09:25:49.469900,MQ,BAM,14.8171,-61.1445,670.0,1483.0,,1483,100.0,ZNE,train,manuel,"bucket0$126,:3,:6001",
153,"bucket0$127,:3,:6001",2014-03-28T09:25:33.780000,MQ,IA2,14.80307,-61.20515,289.0,3071.0,3248.0,3071,100.0,ZNE,train,manuel,"bucket0$127,:3,:6001",
154,"bucket0$128,:3,:6001",2014-03-30T09:23:52.200000,MQ,LAM,14.81292,-61.16314,1240.0,5219.0,5307.0,5219,100.0,ZNE,train,manuel,"bucket0$128,:3,:6001",
155,"bucket0$129,:3,:6001",2014-03-30T09:24:05.599900,MQ,GBM,14.799451,-61.159276,800.0,3920.0,,3920,100.0,ZNE,train,manuel,"bucket0$129,:3,:6001",
156,"bucket0$130,:3,:6001",2014-03-30T09:24:01.069900,MQ,BAM,14.8171,-61.1445,670.0,4419.0,,4419,100.0,ZNE,train,manuel,"bucket0$130,:3,:6001",
157,"bucket0$131,:3,:6001",2014-03-30T09:23:51.230000,MQ,IA2,14.80307,-61.20515,289.0,5414.0,5494.0,5414,100.0,ZNE,train,manuel,"bucket0$131,:3,:6001",
158,"bucket0$132,:3,:6001",2014-04-01T23:07:05.219900,MQ,BAM,14.8171,-61.1445,670.0,4184.0,,4184,100.0,ZNE,train,manuel,"bucket0$132,:3,:6001",
159,"bucket0$133,:3,:6001",2014-04-01T23:07:05.309900,MQ,GBM,14.799451,-61.159276,800.0,4183.0,,4183,100.0,ZNE,train,manuel,"bucket0$133,:3,:6001",
160,"bucket0$134,:3,:6001",2014-04-01T23:07:30.190000,MQ,IA2,14.80307,-61.20515,289.0,1754.0,1914.0,1754,100.0,ZNE,train,manuel,"bucket0$134,:3,:6001",
161,"bucket4$14,:3,:6001",2014-04-01T23:06:54.029900,MQ,CPM,14.8168,-61.2074,242.0,5404.0,,5404,100.0,ZNE,test,manuel,"bucket1$14,:3,:6001",
162,"bucket0$135,:3,:6001",2014-04-01T23:07:22.990000,MQ,LAM,14.81292,-61.16314,1240.0,2648.0,,2648,100.0,ZNE,train,manuel,"bucket0$135,:3,:6001",
163,"bucket5$12,:3,:6001",2014-04-01T23:11:21.419900,MQ,BAM,14.8171,-61.1445,670.0,1176.0,,1176,100.0,ZNE,dev,manuel,"bucket2$12,:3,:6001",
164,"bucket0$136,:3,:6001",2014-04-01T23:10:49.529900,MQ,GBM,14.799451,-61.159276,800.0,4381.0,,4381,100.0,ZNE,train,manuel,"bucket0$136,:3,:6001",
165,"bucket0$137,:3,:6001",2014-04-01T23:10:40.420000,MQ,IA2,14.80307,-61.20515,289.0,5294.0,5453.0,5294,100.0,ZNE,train,manuel,"bucket0$137,:3,:6001",
166,"bucket0$138,:3,:6001",2014-04-01T23:10:53.659900,MQ,CPM,14.8168,-61.2074,242.0,3997.0,,3997,100.0,ZNE,train,manuel,"bucket0$138,:3,:6001",
167,"bucket0$139,:3,:6001",2014-04-01T23:10:43.570000,MQ,LAM,14.81292,-61.16314,1240.0,,5216.0,5216,100.0,ZNE,train,manuel,"bucket0$139,:3,:6001",
168,"bucket0$140,:3,:6001",2014-04-02T03:29:07.100000,MQ,LAM,14.81292,-61.16314,1240.0,1705.0,1760.0,1705,100.0,ZNE,train,manuel,"bucket0$140,:3,:6001",
169,"bucket0$141,:3,:6001",2014-04-02T03:28:47.539900,MQ,BAM,14.8171,-61.1445,670.0,3770.0,,3770,100.0,ZNE,train,manuel,"bucket0$141,:3,:6001",
170,"bucket4$15,:3,:6001",2014-04-02T04:43:07.390000,MQ,LAM,14.81292,-61.16314,1240.0,1664.0,1714.0,1664,100.0,ZNE,test,manuel,"bucket1$15,:3,:6001",
171,"bucket0$142,:3,:6001",2014-04-02T04:42:52.899900,MQ,BAM,14.8171,-61.1445,670.0,3141.0,,3141,100.0,ZNE,train,manuel,"bucket0$142,:3,:6001",
172,"bucket0$143,:3,:6001",2014-04-02T04:42:30.409900,MQ,GBM,14.799451,-61.159276,800.0,5399.0,,5399,100.0,ZNE,train,manuel,"bucket0$143,:3,:6001",
173,"bucket0$144,:3,:6001",2014-04-02T07:20:47.590000,MQ,LAM,14.81292,-61.16314,1240.0,1576.0,1621.0,1576,100.0,ZNE,train,manuel,"bucket0$144,:3,:6001",
174,"bucket0$145,:3,:6001",2014-04-02T07:20:15.049900,MQ,GBM,14.799451,-61.159276,800.0,4879.0,,4879,100.0,ZNE,train,manuel,"bucket0$145,:3,:6001",
175,"bucket0$146,:3,:6001",2014-04-02T07:20:23.420000,MQ,IA2,14.80307,-61.20515,289.0,4046.0,4153.0,4046,100.0,ZNE,train,manuel,"bucket0$146,:3,:6001",
176,"bucket0$147,:3,:6001",2014-04-02T08:53:44.739900,MQ,GBM,14.799451,-61.159276,800.0,2864.0,,2864,100.0,ZNE,train,manuel,"bucket0$147,:3,:6001",
177,"bucket0$148,:3,:6001",2014-04-02T08:53:52.930000,MQ,LAM,14.81292,-61.16314,1240.0,2054.0,2121.0,2054,100.0,ZNE,train,manuel,"bucket0$148,:3,:6001",
178,"bucket4$16,:3,:6001",2014-04-02T08:54:03.429900,MQ,BAM,14.8171,-61.1445,670.0,1033.0,,1033,100.0,ZNE,test,manuel,"bucket1$16,:3,:6001",
179,"bucket0$149,:3,:6001",2014-04-02T08:53:36.610000,MQ,IA2,14.80307,-61.20515,289.0,3772.0,3838.0,3772,100.0,ZNE,train,manuel,"bucket0$149,:3,:6001",
180,"bucket0$150,:3,:6001",2014-04-02T10:34:51.600000,MQ,LAM,14.81292,-61.16314,1240.0,4905.0,,4905,100.0,ZNE,train,manuel,"bucket0$150,:3,:6001",
181,"bucket0$151,:3,:6001",2014-04-02T10:34:57.340000,MQ,IA2,14.80307,-61.20515,289.0,4358.0,4434.0,4358,100.0,ZNE,train,manuel,"bucket0$151,:3,:6001",
182,"bucket0$152,:3,:6001",2014-04-02T10:35:29.629900,MQ,BAM,14.8171,-61.1445,670.0,1184.0,,1184,100.0,ZNE,train,manuel,"bucket0$152,:3,:6001",
183,"bucket5$13,:3,:6001",2014-04-02T15:37:12.299900,MQ,BAM,14.8171,-61.1445,670.0,988.0,,988,100.0,ZNE,dev,manuel,"bucket2$13,:3,:6001",
184,"bucket4$17,:3,:6001",2014-04-02T15:36:32.640000,MQ,LAM,14.81292,-61.16314,1240.0,4964.0,5013.0,4964,100.0,ZNE,test,manuel,"bucket1$17,:3,:6001",
185,"bucket0$153,:3,:6001",2014-04-02T15:36:57.909900,MQ,GBM,14.799451,-61.159276,800.0,2517.0,,2517,100.0,ZNE,train,manuel,"bucket0$153,:3,:6001",
186,"bucket0$154,:3,:6001",2014-04-02T18:32:48.390000,MQ,LAM,14.81292,-61.16314,1240.0,2343.0,2403.0,2343,100.0,ZNE,train,manuel,"bucket0$154,:3,:6001",
187,"bucket0$155,:3,:6001",2014-04-02T18:32:50.729900,MQ,GBM,14.799451,-61.159276,800.0,2146.0,,2146,100.0,ZNE,train,manuel,"bucket0$155,:3,:6001",
188,"bucket0$156,:3,:6001",2014-04-02T18:32:19.650000,MQ,IA2,14.80307,-61.20515,289.0,,5388.0,5388,100.0,ZNE,train,manuel,"bucket0$156,:3,:6001",
189,"bucket5$14,:3,:6001",2014-04-03T04:22:24.690000,MQ,IA2,14.80307,-61.20515,289.0,5036.0,5210.0,5036,100.0,ZNE,dev,manuel,"bucket2$14,:3,:6001",
190,"bucket0$157,:3,:6001",2014-04-03T04:22:55.869900,MQ,GBM,14.799451,-61.159276,800.0,1923.0,,1923,100.0,ZNE,train,manuel,"bucket0$157,:3,:6001",
191,"bucket0$158,:3,:6001",2014-04-03T04:23:08.370000,MQ,LAM,14.81292,-61.16314,1240.0,691.0,830.0,691,100.0,ZNE,train,manuel,"bucket0$158,:3,:6001",
192,"bucket0$159,:3,:6001",2014-04-03T04:22:57.439900,MQ,MLM,14.7846,-61.1786,370.0,1791.0,,1791,100.0,ZNE,train,manuel,"bucket0$159,:3,:6001",
193,"bucket0$160,:3,:6001",2014-04-03T04:22:34.789900,MQ,BAM,14.8171,-61.1445,670.0,4087.0,,4087,100.0,ZNE,train,manuel,"bucket0$160,:3,:6001",
194,"bucket0$161,:3,:6001",2014-04-04T00:37:52.160000,MQ,IA2,14.80307,-61.20515,289.0,4759.0,5027.0,4759,100.0,ZNE,train,manuel,"bucket0$161,:3,:6001",
195,"bucket4$18,:3,:6001",2014-04-04T00:38:12.550000,MQ,LAM,14.81292,-61.16314,1240.0,2824.0,2953.0,2824,100.0,ZNE,test,manuel,"bucket1$18,:3,:6001",
196,"bucket0$162,:3,:6001",2014-04-04T00:38:20.529900,MQ,GBM,14.799451,-61.159276,800.0,2033.0,,2033,100.0,ZNE,train,manuel,"bucket0$162,:3,:6001",
197,"bucket0$163,:3,:6001",2014-04-04T00:38:28.919900,MQ,MLM,14.7846,-61.1786,370.0,1196.0,,1196,100.0,ZNE,train,manuel,"bucket0$163,:3,:6001",
198,"bucket0$164,:3,:6001",2014-04-04T00:37:52.619900,MQ,BAM,14.8171,-61.1445,670.0,4883.0,,4883,100.0,ZNE,train,manuel,"bucket0$164,:3,:6001",
199,"bucket0$165,:3,:6001",2014-04-04T13:47:51.850000,MQ,LAM,14.81292,-61.16314,1240.0,974.0,1457.0,974,100.0,ZNE,train,manuel,"bucket0$165,:3,:6001",
200,"bucket0$166,:3,:6001",2014-04-04T13:47:28.339900,MQ,BAM,14.8171,-61.1445,670.0,3333.0,,3333,100.0,ZNE,train,manuel,"bucket0$166,:3,:6001",
201,"bucket4$19,:3,:6001",2014-04-04T13:47:52.109900,MQ,GBM,14.799451,-61.159276,800.0,967.0,,967,100.0,ZNE,test,manuel,"bucket1$19,:3,:6001",
202,"bucket0$167,:3,:6001",2014-04-05T03:58:57.640000,MQ,LAM,14.81292,-61.16314,1240.0,1921.0,2440.0,1921,100.0,ZNE,train,manuel,"bucket0$167,:3,:6001",
203,"bucket0$168,:3,:6001",2014-04-05T03:58:31.379900,MQ,BAM,14.8171,-61.1445,670.0,4569.0,,4569,100.0,ZNE,train,manuel,"bucket0$168,:3,:6001",
204,"bucket0$169,:3,:6001",2014-04-05T03:59:07.569900,MQ,GBM,14.799451,-61.159276,800.0,956.0,,956,100.0,ZNE,train,manuel,"bucket0$169,:3,:6001",
205,"bucket0$170,:3,:6001",2014-04-05T03:58:42.460000,MQ,IA2,14.80307,-61.20515,289.0,3474.0,3997.0,3474,100.0,ZNE,train,manuel,"bucket0$170,:3,:6001",
206,"bucket0$171,:3,:6001",2014-04-05T03:58:27.729900,MQ,MLM,14.7846,-61.1786,370.0,5000.0,,5000,100.0,ZNE,train,manuel,"bucket0$171,:3,:6001",
207,"bucket0$172,:3,:6001",2014-04-05T03:58:48.799900,MQ,CPM,14.8168,-61.2074,242.0,2944.0,,2944,100.0,ZNE,train,manuel,"bucket0$172,:3,:6001",
208,"bucket0$173,:3,:6001",2014-04-05T05:41:00.190000,MQ,LAM,14.81292,-61.16314,1240.0,2210.0,2340.0,2210,100.0,ZNE,train,manuel,"bucket0$173,:3,:6001",
209,"bucket5$15,:3,:6001",2014-04-05T05:40:37.829900,MQ,GBM,14.799451,-61.159276,800.0,4466.0,,4466,100.0,ZNE,dev,manuel,"bucket2$15,:3,:6001",
210,"bucket0$174,:3,:6001",2014-04-05T05:40:51.310000,MQ,IA2,14.80307,-61.20515,289.0,3149.0,3254.0,3149,100.0,ZNE,train,manuel,"bucket0$174,:3,:6001",
211,"bucket5$16,:3,:6001",2014-04-05T05:40:30.789900,MQ,BAM,14.8171,-61.1445,670.0,5224.0,,5224,100.0,ZNE,dev,manuel,"bucket2$16,:3,:6001",
212,"bucket0$175,:3,:6001",2014-04-13T15:10:29.910000,MQ,LAM,14.81292,-61.16314,1240.0,2840.0,2918.0,2840,100.0,ZNE,train,manuel,"bucket0$175,:3,:6001",
213,"bucket0$176,:3,:6001",2014-04-13T15:10:21.369900,MQ,GBM,14.799451,-61.159276,800.0,3722.0,,3722,100.0,ZNE,train,manuel,"bucket0$176,:3,:6001",
214,"bucket4$20,:3,:6001",2014-04-13T15:10:49.869900,MQ,BAM,14.8171,-61.1445,670.0,914.0,,914,100.0,ZNE,test,manuel,"bucket1$20,:3,:6001",
215,"bucket0$177,:3,:6001",2014-04-13T15:10:34.139900,MQ,MLM,14.7846,-61.1786,370.0,2512.0,,2512,100.0,ZNE,train,manuel,"bucket0$177,:3,:6001",
216,"bucket0$178,:3,:6001",2014-04-13T15:10:51.540000,MQ,IA2,14.80307,-61.20515,289.0,784.0,867.0,784,100.0,ZNE,train,manuel,"bucket0$178,:3,:6001",
217,"bucket0$179,:3,:6001",2014-04-13T18:59:27.330000,MQ,LAM,14.81292,-61.16314,1240.0,3799.0,3895.0,3799,100.0,ZNE,train,manuel,"bucket0$179,:3,:6001",
218,"bucket0$180,:3,:6001",2014-04-13T18:59:24.189900,MQ,GBM,14.799451,-61.159276,800.0,4138.0,,4138,100.0,ZNE,train,manuel,"bucket0$180,:3,:6001",
219,"bucket4$21,:3,:6001",2014-04-13T18:59:19.879900,MQ,BAM,14.8171,-61.1445,670.0,4610.0,,4610,100.0,ZNE,test,manuel,"bucket1$21,:3,:6001",
220,"bucket0$181,:3,:6001",2014-04-13T18:59:48.550000,MQ,IA2,14.80307,-61.20515,289.0,1764.0,1851.0,1764,100.0,ZNE,train,manuel,"bucket0$181,:3,:6001",
221,"bucket5$17,:3,:6001",2014-04-13T18:59:29.909900,MQ,MLM,14.7846,-61.1786,370.0,3628.0,,3628,100.0,ZNE,dev,manuel,"bucket2$17,:3,:6001",
222,"bucket4$22,:3,:6001",2014-04-13T19:43:58.240000,MQ,LAM,14.81292,-61.16314,1240.0,2503.0,2555.0,2503,100.0,ZNE,test,manuel,"bucket1$22,:3,:6001",
223,"bucket0$182,:3,:6001",2014-04-13T19:43:53.789900,MQ,BAM,14.8171,-61.1445,670.0,2980.0,,2980,100.0,ZNE,train,manuel,"bucket0$182,:3,:6001",
224,"bucket0$183,:3,:6001",2014-04-13T19:43:33.939900,MQ,GBM,14.799451,-61.159276,800.0,4972.0,,4972,100.0,ZNE,train,manuel,"bucket0$183,:3,:6001",
225,"bucket0$184,:3,:6001",2014-04-13T19:44:02.280000,MQ,IA2,14.80307,-61.20515,289.0,2154.0,2257.0,2154,100.0,ZNE,train,manuel,"bucket0$184,:3,:6001",
226,"bucket0$185,:3,:6001",2014-04-13T19:53:00.980000,MQ,LAM,14.81292,-61.16314,1240.0,3189.0,3407.0,3189,100.0,ZNE,train,manuel,"bucket0$185,:3,:6001",
227,"bucket0$186,:3,:6001",2014-04-13T19:52:49.050000,MQ,IA2,14.80307,-61.20515,289.0,4382.0,4552.0,4382,100.0,ZNE,train,manuel,"bucket0$186,:3,:6001",
228,"bucket5$18,:3,:6001",2014-04-13T19:53:09.279900,MQ,BAM,14.8171,-61.1445,670.0,2396.0,,2396,100.0,ZNE,dev,manuel,"bucket2$18,:3,:6001",
229,"bucket4$23,:3,:6001",2014-04-13T19:53:01.649900,MQ,GBM,14.799451,-61.159276,800.0,3165.0,,3165,100.0,ZNE,test,manuel,"bucket1$23,:3,:6001",
230,"bucket0$187,:3,:6001",2014-04-13T19:53:05.120000,WI,SAM,14.84108,-61.1638,485.0,2839.0,3027.0,2839,100.0,ZNE,train,manuel,"bucket0$187,:3,:6001",
231,"bucket0$188,:3,:6001",2014-04-13T20:20:55.010000,MQ,LAM,14.81292,-61.16314,1240.0,5222.0,5335.0,5222,100.0,ZNE,train,manuel,"bucket0$188,:3,:6001",
232,"bucket0$189,:3,:6001",2014-04-13T20:20:54.779900,MQ,GBM,14.799451,-61.159276,800.0,5249.0,,5249,100.0,ZNE,train,manuel,"bucket0$189,:3,:6001",
233,"bucket0$190,:3,:6001",2014-04-13T20:21:05.400000,MQ,IA2,14.80307,-61.20515,289.0,4207.0,4305.0,4207,100.0,ZNE,train,manuel,"bucket0$190,:3,:6001",
234,"bucket0$191,:3,:6001",2014-04-13T20:21:12.979900,MQ,BAM,14.8171,-61.1445,670.0,3470.0,,3470,100.0,ZNE,train,manuel,"bucket0$191,:3,:6001",
235,"bucket0$192,:3,:6001",2014-04-14T08:57:03.389900,MQ,BAM,14.8171,-61.1445,670.0,4813.0,,4813,100.0,ZNE,train,manuel,"bucket0$192,:3,:6001",
236,"bucket0$193,:3,:6001",2014-04-14T08:57:34.060000,MQ,IA2,14.80307,-61.20515,289.0,1775.0,1800.0,1775,100.0,ZNE,train,manuel,"bucket0$193,:3,:6001",
237,"bucket0$194,:3,:6001",2014-04-14T08:57:16.219900,MQ,GBM,14.799451,-61.159276,800.0,3562.0,,3562,100.0,ZNE,train,manuel,"bucket0$194,:3,:6001",
238,"bucket0$195,:3,:6001",2014-04-14T08:57:43.330000,MQ,LAM,14.81292,-61.16314,1240.0,888.0,952.0,888,100.0,ZNE,train,manuel,"bucket0$195,:3,:6001",
239,"bucket0$196,:3,:6001",2014-04-16T02:16:30.749900,MQ,GBM,14.799451,-61.159276,800.0,2501.0,,2501,100.0,ZNE,train,manuel,"bucket0$196,:3,:6001",
240,"bucket4$24,:3,:6001",2014-04-16T02:16:30.120000,MQ,LAM,14.81292,-61.16314,1240.0,2564.0,2617.0,2564,100.0,ZNE,test,manuel,"bucket1$24,:3,:6001",
241,"bucket0$197,:3,:6001",2014-04-16T02:16:04.979900,MQ,BAM,14.8171,-61.1445,670.0,5116.0,,5116,100.0,ZNE,train,manuel,"bucket0$197,:3,:6001",
242,"bucket0$198,:3,:6001",2014-04-16T02:16:39.239900,MQ,MLM,14.7846,-61.1786,370.0,1703.0,,1703,100.0,ZNE,train,manuel,"bucket0$198,:3,:6001",
243,"bucket0$199,:3,:6001",2014-04-16T02:16:48.140000,MQ,IA2,14.80307,-61.20515,289.0,822.0,921.0,822,100.0,ZNE,train,manuel,"bucket0$199,:3,:6001",
244,"bucket0$200,:3,:6001",2014-04-16T07:47:28.559900,MQ,GBM,14.799451,-61.159276,800.0,1116.0,,1116,100.0,ZNE,train,manuel,"bucket0$200,:3,:6001",
245,"bucket5$19,:3,:6001",2014-04-16T07:47:00.380000,MQ,LAM,14.81292,-61.16314,1240.0,3938.0,4040.0,3938,100.0,ZNE,dev,manuel,"bucket2$19,:3,:6001",
246,"bucket0$201,:3,:6001",2014-04-16T07:47:23.199900,MQ,BAM,14.8171,-61.1445,670.0,1687.0,,1687,100.0,ZNE,train,manuel,"bucket0$201,:3,:6001",
247,"bucket4$25,:3,:6001",2014-04-16T07:47:17.260000,MQ,IA2,14.80307,-61.20515,289.0,2298.0,2402.0,2298,100.0,ZNE,test,manuel,"bucket1$25,:3,:6001",
248,"bucket0$202,:3,:6001",2014-04-22T13:28:58.029900,MQ,GBM,14.799451,-61.159276,800.0,4012.0,,4012,100.0,ZNE,train,manuel,"bucket0$202,:3,:6001",
249,"bucket0$203,:3,:6001",2014-04-22T13:29:24.210000,MQ,LAM,14.81292,-61.16314,1240.0,1396.0,1421.0,1396,100.0,ZNE,train,manuel,"bucket0$203,:3,:6001",
250,"bucket0$204,:3,:6001",2014-04-22T13:28:53.219900,MQ,BAM,14.8171,-61.1445,670.0,4534.0,,4534,100.0,ZNE,train,manuel,"bucket0$204,:3,:6001",
251,"bucket5$20,:3,:6001",2014-04-22T13:29:31.979900,MQ,CPM,14.8168,-61.2074,242.0,709.0,,709,100.0,ZNE,dev,manuel,"bucket2$20,:3,:6001",
252,"bucket0$205,:3,:6001",2014-04-22T13:29:21.430000,WI,SAM,14.84108,-61.1638,485.0,1778.0,1829.0,1778,100.0,ZNE,train,manuel,"bucket0$205,:3,:6001",
253,"bucket0$206,:3,:6001",2014-04-22T18:04:13.850000,MQ,LAM,14.81292,-61.16314,1240.0,2177.0,2246.0,2177,100.0,ZNE,train,manuel,"bucket0$206,:3,:6001",
254,"bucket4$26,:3,:6001",2014-04-22T18:04:13.479900,MQ,GBM,14.799451,-61.159276,800.0,2214.0,,2214,100.0,ZNE,test,manuel,"bucket1$26,:3,:6001",
255,"bucket0$207,:3,:6001",2014-04-22T18:03:43.419900,MQ,BAM,14.8171,-61.1445,670.0,5254.0,,5254,100.0,ZNE,train,manuel,"bucket0$207,:3,:6001",
256,"bucket0$208,:3,:6001",2014-04-22T18:03:48.220000,MQ,IA2,14.80307,-61.20515,289.0,4792.0,4882.0,4792,100.0,ZNE,train,manuel,"bucket0$208,:3,:6001",
257,"bucket0$209,:3,:6001",2014-04-22T21:30:36.949900,MQ,GBM,14.799451,-61.159276,800.0,1156.0,,1156,100.0,ZNE,train,manuel,"bucket0$209,:3,:6001",
258,"bucket0$210,:3,:6001",2014-04-22T21:30:34.679900,MQ,BAM,14.8171,-61.1445,670.0,1411.0,,1411,100.0,ZNE,train,manuel,"bucket0$210,:3,:6001",
259,"bucket0$211,:3,:6001",2014-04-22T21:30:13.160000,MQ,LAM,14.81292,-61.16314,1240.0,3608.0,3668.0,3608,100.0,ZNE,train,manuel,"bucket0$211,:3,:6001",
260,"bucket0$212,:3,:6001",2014-04-22T21:30:22.429900,MQ,MLM,14.7846,-61.1786,370.0,2731.0,,2731,100.0,ZNE,train,manuel,"bucket0$212,:3,:6001",
261,"bucket5$21,:3,:6001",2014-04-22T22:35:33.569900,MQ,GBM,14.799451,-61.159276,800.0,4703.0,,4703,100.0,ZNE,dev,manuel,"bucket2$21,:3,:6001",
262,"bucket0$213,:3,:6001",2014-04-22T22:35:38.690000,MQ,LAM,14.81292,-61.16314,1240.0,4209.0,4286.0,4209,100.0,ZNE,train,manuel,"bucket0$213,:3,:6001",
263,"bucket0$214,:3,:6001",2014-04-22T22:35:53.909900,MQ,BAM,14.8171,-61.1445,670.0,2705.0,,2705,100.0,ZNE,train,manuel,"bucket0$214,:3,:6001",
264,"bucket0$215,:3,:6001",2014-04-22T22:35:41.530000,MQ,IA2,14.80307,-61.20515,289.0,3972.0,4086.0,3972,100.0,ZNE,train,manuel,"bucket0$215,:3,:6001",
265,"bucket4$27,:3,:6001",2014-04-22T22:35:28.379900,MQ,CPM,14.8168,-61.2074,242.0,5315.0,,5315,100.0,ZNE,test,manuel,"bucket1$27,:3,:6001",
266,"bucket5$22,:3,:6001",2014-04-23T18:09:35.830000,MQ,LAM,14.81292,-61.16314,1240.0,1928.0,2022.0,1928,100.0,ZNE,dev,manuel,"bucket2$22,:3,:6001",
267,"bucket5$23,:3,:6001",2014-04-23T18:09:01.889900,MQ,GBM,14.799451,-61.159276,800.0,5334.0,,5334,100.0,ZNE,dev,manuel,"bucket2$23,:3,:6001",
268,"bucket0$216,:3,:6001",2014-04-23T18:09:22.999900,MQ,BAM,14.8171,-61.1445,670.0,3260.0,,3260,100.0,ZNE,train,manuel,"bucket0$216,:3,:6001",
269,"bucket0$217,:3,:6001",2014-04-23T21:01:12.210000,MQ,LAM,14.81292,-61.16314,1240.0,1540.0,1576.0,1540,100.0,ZNE,train,manuel,"bucket0$217,:3,:6001",
270,"bucket0$218,:3,:6001",2014-04-23T21:01:13.709900,MQ,GBM,14.799451,-61.159276,800.0,1393.0,,1393,100.0,ZNE,train,manuel,"bucket0$218,:3,:6001",
271,"bucket0$219,:3,:6001",2014-04-23T21:01:19.329900,MQ,BAM,14.8171,-61.1445,670.0,863.0,,863,100.0,ZNE,train,manuel,"bucket0$219,:3,:6001",
272,"bucket0$220,:3,:6001",2014-04-23T21:01:13.339900,MQ,MLM,14.7846,-61.1786,370.0,1524.0,,1524,100.0,ZNE,train,manuel,"bucket0$220,:3,:6001",
273,"bucket4$28,:3,:6001",2014-04-23T21:00:51.370000,MQ,IA2,14.80307,-61.20515,289.0,,3768.0,3768,100.0,ZNE,test,manuel,"bucket1$28,:3,:6001",
274,"bucket0$221,:3,:6001",2014-04-23T23:47:54.730000,MQ,LAM,14.81292,-61.16314,1240.0,3957.0,4089.0,3957,100.0,ZNE,train,manuel,"bucket0$221,:3,:6001",
275,"bucket0$222,:3,:6001",2014-04-23T23:48:17.229900,MQ,GBM,14.799451,-61.159276,800.0,1708.0,,1708,100.0,ZNE,train,manuel,"bucket0$222,:3,:6001",
276,"bucket0$223,:3,:6001",2014-04-23T23:48:11.399900,MQ,MLM,14.7846,-61.1786,370.0,2353.0,,2353,100.0,ZNE,train,manuel,"bucket0$223,:3,:6001",
277,"bucket0$224,:3,:6001",2014-04-23T23:48:18.069900,MQ,CPM,14.8168,-61.2074,242.0,1735.0,,1735,100.0,ZNE,train,manuel,"bucket0$224,:3,:6001",
278,"bucket0$225,:3,:6001",2014-04-23T23:48:19.980000,MQ,IA2,14.80307,-61.20515,289.0,1574.0,1603.0,1574,100.0,ZNE,train,manuel,"bucket0$225,:3,:6001",
279,"bucket5$24,:3,:6001",2014-04-23T23:47:54.139900,MQ,BAM,14.8171,-61.1445,670.0,4159.0,,4159,100.0,ZNE,dev,manuel,"bucket2$24,:3,:6001",
280,"bucket0$226,:3,:6001",2014-04-24T02:06:04.639900,MQ,GBM,14.799451,-61.159276,800.0,1471.0,,1471,100.0,ZNE,train,manuel,"bucket0$226,:3,:6001",
281,"bucket0$227,:3,:6001",2014-04-24T02:05:58.500000,MQ,LAM,14.81292,-61.16314,1240.0,2099.0,2230.0,2099,100.0,ZNE,train,manuel,"bucket0$227,:3,:6001",
282,"bucket0$228,:3,:6001",2014-04-24T02:05:49.740000,MQ,IA2,14.80307,-61.20515,289.0,3016.0,3128.0,3016,100.0,ZNE,train,manuel,"bucket0$228,:3,:6001",
283,"bucket0$229,:3,:6001",2014-04-24T02:05:32.899900,MQ,BAM,14.8171,-61.1445,670.0,4700.0,,4700,100.0,ZNE,train,manuel,"bucket0$229,:3,:6001",
284,"bucket4$29,:3,:6001",2014-04-24T06:38:38.359900,MQ,GBM,14.799451,-61.159276,800.0,2153.0,,2153,100.0,ZNE,test,manuel,"bucket1$29,:3,:6001",
285,"bucket0$230,:3,:6001",2014-04-24T06:38:39.930000,MQ,LAM,14.81292,-61.16314,1240.0,2000.0,2094.0,2000,100.0,ZNE,train,manuel,"bucket0$230,:3,:6001",
286,"bucket0$231,:3,:6001",2014-04-24T06:38:36.289900,MQ,MLM,14.7846,-61.1786,370.0,2386.0,,2386,100.0,ZNE,train,manuel,"bucket0$231,:3,:6001",
287,"bucket0$232,:3,:6001",2014-04-24T06:38:53.049900,MQ,BAM,14.8171,-61.1445,670.0,720.0,,720,100.0,ZNE,train,manuel,"bucket0$232,:3,:6001",
288,"bucket0$233,:3,:6001",2014-04-24T06:38:48.150000,MQ,IA2,14.80307,-61.20515,289.0,1235.0,1329.0,1235,100.0,ZNE,train,manuel,"bucket0$233,:3,:6001",
289,"bucket0$234,:3,:6001",2014-04-25T12:09:31.280000,MQ,LAM,14.81292,-61.16314,1240.0,2133.0,2314.0,2133,100.0,ZNE,train,manuel,"bucket0$234,:3,:6001",
290,"bucket0$235,:3,:6001",2014-04-25T12:09:35.209900,MQ,GBM,14.799451,-61.159276,800.0,1780.0,,1780,100.0,ZNE,train,manuel,"bucket0$235,:3,:6001",
291,"bucket5$25,:3,:6001",2014-04-25T12:09:47.870000,MQ,IA2,14.80307,-61.20515,289.0,573.0,802.0,573,100.0,ZNE,dev,manuel,"bucket2$25,:3,:6001",
292,"bucket0$236,:3,:6001",2014-04-28T23:10:08.710000,MQ,LAM,14.81292,-61.16314,1240.0,1759.0,1819.0,1759,100.0,ZNE,train,manuel,"bucket0$236,:3,:6001",
293,"bucket0$237,:3,:6001",2014-04-28T23:09:46.789900,MQ,GBM,14.799451,-61.159276,800.0,3956.0,,3956,100.0,ZNE,train,manuel,"bucket0$237,:3,:6001",
294,"bucket4$30,:3,:6001",2014-04-28T23:09:41.289900,MQ,BAM,14.8171,-61.1445,670.0,4540.0,,4540,100.0,ZNE,test,manuel,"bucket1$30,:3,:6001",
295,"bucket4$31,:3,:6001",2014-04-28T23:10:09.299900,MQ,MLM,14.7846,-61.1786,370.0,1753.0,,1753,100.0,ZNE,test,manuel,"bucket1$31,:3,:6001",
296,"bucket0$238,:3,:6001",2014-04-28T23:09:59.550000,MQ,IA2,14.80307,-61.20515,289.0,2738.0,2831.0,2738,100.0,ZNE,train,manuel,"bucket0$238,:3,:6001",
297,"bucket4$32,:3,:6001",2014-04-28T23:09:46.339900,MQ,CPM,14.8168,-61.2074,242.0,4074.0,,4074,100.0,ZNE,test,manuel,"bucket1$32,:3,:6001",
298,"bucket4$33,:3,:6001",2014-05-02T13:53:54.670000,MQ,LAM,14.81292,-61.16314,1240.0,1714.0,1777.0,1714,100.0,ZNE,test,manuel,"bucket1$33,:3,:6001",
299,"bucket5$26,:3,:6001",2014-05-02T13:54:03.359900,MQ,GBM,14.799451,-61.159276,800.0,852.0,,852,100.0,ZNE,dev,manuel,"bucket2$26,:3,:6001",
300,"bucket0$239,:3,:6001",2014-05-02T13:53:31.830000,MQ,IA2,14.80307,-61.20515,289.0,4051.0,4153.0,4051,100.0,ZNE,train,manuel,"bucket0$239,:3,:6001",
301,"bucket0$240,:3,:6001",2014-05-02T14:54:17.579900,MQ,GBM,14.799451,-61.159276,800.0,2349.0,,2349,100.0,ZNE,train,manuel,"bucket0$240,:3,:6001",
302,"bucket0$241,:3,:6001",2014-05-02T14:53:48.290000,MQ,LAM,14.81292,-61.16314,1240.0,5280.0,5340.0,5280,100.0,ZNE,train,manuel,"bucket0$241,:3,:6001",
303,"bucket5$27,:3,:6001",2014-05-02T14:54:32.239900,MQ,BAM,14.8171,-61.1445,670.0,929.0,,929,100.0,ZNE,dev,manuel,"bucket2$27,:3,:6001",
304,"bucket0$242,:3,:6001",2014-05-02T14:53:56.750000,MQ,IA2,14.80307,-61.20515,289.0,4499.0,4582.0,4499,100.0,ZNE,train,manuel,"bucket0$242,:3,:6001",
305,"bucket0$243,:3,:6001",2014-05-02T14:54:22.449900,MQ,CPM,14.8168,-61.2074,242.0,1976.0,,1976,100.0,ZNE,train,manuel,"bucket0$243,:3,:6001",
306,"bucket0$244,:3,:6001",2014-05-02T16:11:09.769900,MQ,GBM,14.799451,-61.159276,800.0,2122.0,,2122,100.0,ZNE,train,manuel,"bucket0$244,:3,:6001",
307,"bucket0$245,:3,:6001",2014-05-02T16:11:22.680000,MQ,LAM,14.81292,-61.16314,1240.0,835.0,906.0,835,100.0,ZNE,train,manuel,"bucket0$245,:3,:6001",
308,"bucket0$246,:3,:6001",2014-05-02T16:11:05.819900,MQ,BAM,14.8171,-61.1445,670.0,2563.0,,2563,100.0,ZNE,train,manuel,"bucket0$246,:3,:6001",
309,"bucket0$247,:3,:6001",2014-05-02T16:11:08.130000,MQ,IA2,14.80307,-61.20515,289.0,2349.0,2435.0,2349,100.0,ZNE,train,manuel,"bucket0$247,:3,:6001",
310,"bucket0$248,:3,:6001",2014-05-02T16:10:50.409900,MQ,CPM,14.8168,-61.2074,242.0,4135.0,,4135,100.0,ZNE,train,manuel,"bucket0$248,:3,:6001",
311,"bucket0$249,:3,:6001",2014-05-02T16:11:41.859900,MQ,GBM,14.799451,-61.159276,800.0,5492.0,,5492,100.0,ZNE,train,manuel,"bucket0$249,:3,:6001",
312,"bucket0$250,:3,:6001",2014-05-02T16:12:18.769900,MQ,BAM,14.8171,-61.1445,670.0,1809.0,,1809,100.0,ZNE,train,manuel,"bucket0$250,:3,:6001",
313,"bucket0$251,:3,:6001",2014-05-02T16:11:57.070000,MQ,IA2,14.80307,-61.20515,289.0,3996.0,4092.0,3996,100.0,ZNE,train,manuel,"bucket0$251,:3,:6001",
314,"bucket0$252,:3,:6001",2014-05-02T16:12:03.880000,MQ,LAM,14.81292,-61.16314,1240.0,3338.0,3383.0,3338,100.0,ZNE,train,manuel,"bucket0$252,:3,:6001",
315,"bucket0$253,:3,:6001",2014-05-02T19:13:17.600000,MQ,LAM,14.81292,-61.16314,1240.0,1811.0,1873.0,1811,100.0,ZNE,train,manuel,"bucket0$253,:3,:6001",
316,"bucket0$254,:3,:6001",2014-05-02T19:13:16.329900,MQ,GBM,14.799451,-61.159276,800.0,1983.0,,1983,100.0,ZNE,train,manuel,"bucket0$254,:3,:6001",
317,"bucket0$255,:3,:6001",2014-05-02T19:13:24.080000,MQ,IA2,14.80307,-61.20515,289.0,1237.0,1305.0,1237,100.0,ZNE,train,manuel,"bucket0$255,:3,:6001",
318,"bucket0$256,:3,:6001",2014-05-02T19:12:52.909900,MQ,BAM,14.8171,-61.1445,670.0,4356.0,,4356,100.0,ZNE,train,manuel,"bucket0$256,:3,:6001",
319,"bucket0$257,:3,:6001",2014-05-02T19:13:26.439900,MQ,MLM,14.7846,-61.1786,370.0,1014.0,,1014,100.0,ZNE,train,manuel,"bucket0$257,:3,:6001",
320,"bucket0$258,:3,:6001",2014-05-02T19:44:53.980000,MQ,LAM,14.81292,-61.16314,1240.0,2859.0,3035.0,2859,100.0,ZNE,train,manuel,"bucket0$258,:3,:6001",
321,"bucket0$259,:3,:6001",2014-05-02T19:44:50.619900,MQ,BAM,14.8171,-61.1445,670.0,3252.0,,3252,100.0,ZNE,train,manuel,"bucket0$259,:3,:6001",
322,"bucket0$260,:3,:6001",2014-05-02T19:44:50.849900,MQ,MLM,14.7846,-61.1786,370.0,3255.0,,3255,100.0,ZNE,train,manuel,"bucket0$260,:3,:6001",
323,"bucket0$261,:3,:6001",2014-05-02T19:44:59.449900,MQ,GBM,14.799451,-61.159276,800.0,2408.0,,2408,100.0,ZNE,train,manuel,"bucket0$261,:3,:6001",
324,"bucket0$262,:3,:6001",2014-05-02T19:45:02.310000,MQ,IA2,14.80307,-61.20515,289.0,2124.0,2246.0,2124,100.0,ZNE,train,manuel,"bucket0$262,:3,:6001",
325,"bucket0$263,:3,:6001",2014-05-02T19:44:56.959900,MQ,CPM,14.8168,-61.2074,242.0,2747.0,,2747,100.0,ZNE,train,manuel,"bucket0$263,:3,:6001",
326,"bucket0$264,:3,:6001",2014-05-02T19:46:21.600000,MQ,LAM,14.81292,-61.16314,1240.0,1189.0,1247.0,1189,100.0,ZNE,train,manuel,"bucket0$264,:3,:6001",
327,"bucket0$265,:3,:6001",2014-05-02T19:46:16.239900,MQ,BAM,14.8171,-61.1445,670.0,1763.0,,1763,100.0,ZNE,train,manuel,"bucket0$265,:3,:6001",
328,"bucket0$266,:3,:6001",2014-05-02T19:45:40.379900,MQ,GBM,14.799451,-61.159276,800.0,5355.0,,5355,100.0,ZNE,train,manuel,"bucket0$266,:3,:6001",
329,"bucket0$267,:3,:6001",2014-05-02T19:45:51.469900,MQ,MLM,14.7846,-61.1786,370.0,4252.0,,4252,100.0,ZNE,train,manuel,"bucket0$267,:3,:6001",
330,"bucket4$34,:3,:6001",2014-05-02T19:46:20.520000,MQ,IA2,14.80307,-61.20515,289.0,1353.0,1462.0,1353,100.0,ZNE,test,manuel,"bucket1$34,:3,:6001",
331,"bucket0$268,:3,:6001",2014-05-02T19:45:49.699900,MQ,CPM,14.8168,-61.2074,242.0,4528.0,,4528,100.0,ZNE,train,manuel,"bucket0$268,:3,:6001",
332,"bucket5$28,:3,:6001",2014-05-02T22:37:12.839900,MQ,CPM,14.8168,-61.2074,242.0,605.0,,605,100.0,ZNE,dev,manuel,"bucket2$28,:3,:6001",
333,"bucket0$269,:3,:6001",2014-05-02T22:37:10.239900,MQ,BAM,14.8171,-61.1445,670.0,874.0,,874,100.0,ZNE,train,manuel,"bucket0$269,:3,:6001",
334,"bucket0$270,:3,:6001",2014-05-02T22:36:38.139900,MQ,GBM,14.799451,-61.159276,800.0,4127.0,,4127,100.0,ZNE,train,manuel,"bucket0$270,:3,:6001",
335,"bucket5$29,:3,:6001",2014-05-02T22:37:05.200000,MQ,LAM,14.81292,-61.16314,1240.0,1423.0,1508.0,1423,100.0,ZNE,dev,manuel,"bucket2$29,:3,:6001",
336,"bucket0$271,:3,:6001",2014-05-02T22:37:08.490000,MQ,IA2,14.80307,-61.20515,289.0,1150.0,1246.0,1150,100.0,ZNE,train,manuel,"bucket0$271,:3,:6001",
337,"bucket0$272,:3,:6001",2014-05-04T13:21:36.569900,MQ,CPM,14.8168,-61.2074,242.0,3138.0,,3138,100.0,ZNE,train,manuel,"bucket0$272,:3,:6001",
338,"bucket0$273,:3,:6001",2014-05-04T13:21:55.339900,MQ,BAM,14.8171,-61.1445,670.0,1393.0,,1393,100.0,ZNE,train,manuel,"bucket0$273,:3,:6001",
339,"bucket0$274,:3,:6001",2014-05-04T13:22:03.420000,MQ,IA2,14.80307,-61.20515,289.0,622.0,773.0,622,100.0,ZNE,train,manuel,"bucket0$274,:3,:6001",
340,"bucket0$275,:3,:6001",2014-05-04T13:21:31.949900,MQ,GBM,14.799451,-61.159276,800.0,3769.0,,3769,100.0,ZNE,train,manuel,"bucket0$275,:3,:6001",
341,"bucket0$276,:3,:6001",2014-05-04T13:21:17.700000,MQ,LAM,14.81292,-61.16314,1240.0,5199.0,5336.0,5199,100.0,ZNE,train,manuel,"bucket0$276,:3,:6001",
342,"bucket0$277,:3,:6001",2014-05-04T13:21:21.319900,MQ,MLM,14.7846,-61.1786,370.0,4882.0,,4882,100.0,ZNE,train,manuel,"bucket0$277,:3,:6001",
343,"bucket0$278,:3,:6001",2014-05-05T15:03:22.420000,MQ,LAM,14.81292,-61.16314,1240.0,3636.0,3697.0,3636,100.0,ZNE,train,manuel,"bucket0$278,:3,:6001",
344,"bucket5$30,:3,:6001",2014-05-05T15:03:05.329900,MQ,GBM,14.799451,-61.159276,800.0,5349.0,,5349,100.0,ZNE,dev,manuel,"bucket2$30,:3,:6001",
345,"bucket0$279,:3,:6001",2014-05-05T15:03:06.269900,MQ,BAM,14.8171,-61.1445,670.0,5292.0,,5292,100.0,ZNE,train,manuel,"bucket0$279,:3,:6001",
346,"bucket0$280,:3,:6001",2014-05-05T15:03:46.820000,MQ,IA2,14.80307,-61.20515,289.0,1253.0,1353.0,1253,100.0,ZNE,train,manuel,"bucket0$280,:3,:6001",
347,"bucket4$35,:3,:6001",2014-05-05T15:03:05.299900,MQ,CPM,14.8168,-61.2074,242.0,5425.0,,5425,100.0,ZNE,test,manuel,"bucket1$35,:3,:6001",
348,"bucket0$281,:3,:6001",2014-05-05T15:03:52.420000,WI,SAM,14.84108,-61.1638,485.0,,803.0,803,100.0,ZNE,train,manuel,"bucket0$281,:3,:6001",
349,"bucket0$282,:3,:6001",2014-05-05T15:38:21.239900,MQ,GBM,14.799451,-61.159276,800.0,637.0,,637,100.0,ZNE,train,manuel,"bucket0$282,:3,:6001",
350,"bucket4$36,:3,:6001",2014-05-05T15:38:11.870000,MQ,LAM,14.81292,-61.16314,1240.0,1578.0,1637.0,1578,100.0,ZNE,test,manuel,"bucket1$36,:3,:6001",
351,"bucket0$283,:3,:6001",2014-05-05T15:38:01.079900,MQ,BAM,14.8171,-61.1445,670.0,2697.0,,2697,100.0,ZNE,train,manuel,"bucket0$283,:3,:6001",
352,"bucket0$284,:3,:6001",2014-05-05T17:05:50.219900,MQ,GBM,14.799451,-61.159276,800.0,4102.0,,4102,100.0,ZNE,train,manuel,"bucket0$284,:3,:6001",
353,"bucket4$37,:3,:6001",2014-05-05T17:06:11.350000,MQ,LAM,14.81292,-61.16314,1240.0,1994.0,2034.0,1994,100.0,ZNE,test,manuel,"bucket1$37,:3,:6001",
354,"bucket0$285,:3,:6001",2014-05-05T17:06:11.549900,MQ,BAM,14.8171,-61.1445,670.0,2014.0,,2014,100.0,ZNE,train,manuel,"bucket0$285,:3,:6001",
355,"bucket5$31,:3,:6001",2014-05-05T18:01:30.619900,MQ,GBM,14.799451,-61.159276,800.0,712.0,,712,100.0,ZNE,dev,manuel,"bucket2$31,:3,:6001",
356,"bucket0$286,:3,:6001",2014-05-05T18:00:48.719900,MQ,MLM,14.7846,-61.1786,370.0,4906.0,,4906,100.0,ZNE,train,manuel,"bucket0$286,:3,:6001",
357,"bucket0$287,:3,:6001",2014-05-05T18:01:09.469900,MQ,BAM,14.8171,-61.1445,670.0,2832.0,,2832,100.0,ZNE,train,manuel,"bucket0$287,:3,:6001",
358,"bucket0$288,:3,:6001",2014-05-05T18:00:52.890000,MQ,IA2,14.80307,-61.20515,289.0,4492.0,4525.0,4492,100.0,ZNE,train,manuel,"bucket0$288,:3,:6001",
359,"bucket5$32,:3,:6001",2014-05-05T18:01:22.880000,MQ,LAM,14.81292,-61.16314,1240.0,1511.0,1618.0,1511,100.0,ZNE,dev,manuel,"bucket2$32,:3,:6001",
360,"bucket0$289,:3,:6001",2014-05-05T18:02:12.610000,MQ,LAM,14.81292,-61.16314,1240.0,2999.0,,2999,100.0,ZNE,train,manuel,"bucket0$289,:3,:6001",
361,"bucket0$290,:3,:6001",2014-05-05T18:02:26.549900,MQ,MLM,14.7846,-61.1786,370.0,1627.0,,1627,100.0,ZNE,train,manuel,"bucket0$290,:3,:6001",
362,"bucket0$291,:3,:6001",2014-05-05T18:02:18.599900,MQ,CPM,14.8168,-61.2074,242.0,2480.0,,2480,100.0,ZNE,train,manuel,"bucket0$291,:3,:6001",
363,"bucket0$292,:3,:6001",2014-05-05T18:02:31.219900,MQ,GBM,14.799451,-61.159276,800.0,1226.0,,1226,100.0,ZNE,train,manuel,"bucket0$292,:3,:6001",
364,"bucket0$293,:3,:6001",2014-05-05T18:02:31.079900,MQ,BAM,14.8171,-61.1445,670.0,1255.0,,1255,100.0,ZNE,train,manuel,"bucket0$293,:3,:6001",
365,"bucket4$38,:3,:6001",2014-05-05T18:02:32.360000,MQ,IA2,14.80307,-61.20515,289.0,,1198.0,1198,100.0,ZNE,test,manuel,"bucket1$38,:3,:6001",
366,"bucket0$294,:3,:6001",2014-05-06T00:02:40.400000,MQ,LAM,14.81292,-61.16314,1240.0,3507.0,3571.0,3507,100.0,ZNE,train,manuel,"bucket0$294,:3,:6001",
367,"bucket0$295,:3,:6001",2014-05-06T00:02:40.429900,MQ,GBM,14.799451,-61.159276,800.0,3506.0,,3506,100.0,ZNE,train,manuel,"bucket0$295,:3,:6001",
368,"bucket0$296,:3,:6001",2014-05-06T00:03:08.099900,MQ,BAM,14.8171,-61.1445,670.0,769.0,,769,100.0,ZNE,train,manuel,"bucket0$296,:3,:6001",
369,"bucket0$297,:3,:6001",2014-05-06T00:02:37.619900,MQ,CPM,14.8168,-61.2074,242.0,3826.0,,3826,100.0,ZNE,train,manuel,"bucket0$297,:3,:6001",
370,"bucket0$298,:3,:6001",2014-05-06T00:03:07.149900,MQ,MLM,14.7846,-61.1786,370.0,875.0,,875,100.0,ZNE,train,manuel,"bucket0$298,:3,:6001",
371,"bucket4$39,:3,:6001",2014-05-06T00:02:45.320000,MQ,IA2,14.80307,-61.20515,289.0,3068.0,3162.0,3068,100.0,ZNE,test,manuel,"bucket1$39,:3,:6001",
372,"bucket0$299,:3,:6001",2014-05-06T00:02:56.840000,WI,SAM,14.84108,-61.1638,485.0,1980.0,2019.0,1980,100.0,ZNE,train,manuel,"bucket0$299,:3,:6001",
373,"bucket0$300,:3,:6001",2014-05-06T12:13:19.689900,MQ,GBM,14.799451,-61.159276,800.0,1418.0,,1418,100.0,ZNE,train,manuel,"bucket0$300,:3,:6001",
374,"bucket0$301,:3,:6001",2014-05-06T12:13:16.430000,MQ,LAM,14.81292,-61.16314,1240.0,1768.0,1837.0,1768,100.0,ZNE,train,manuel,"bucket0$301,:3,:6001",
375,"bucket0$302,:3,:6001",2014-05-06T12:12:41.979900,MQ,BAM,14.8171,-61.1445,670.0,5248.0,,5248,100.0,ZNE,train,manuel,"bucket0$302,:3,:6001",
376,"bucket0$303,:3,:6001",2014-05-06T12:32:48.680000,MQ,LAM,14.81292,-61.16314,1240.0,558.0,613.0,558,100.0,ZNE,train,manuel,"bucket0$303,:3,:6001",
377,"bucket0$304,:3,:6001",2014-05-06T12:32:07.579900,MQ,BAM,14.8171,-61.1445,670.0,4705.0,,4705,100.0,ZNE,train,manuel,"bucket0$304,:3,:6001",
378,"bucket0$305,:3,:6001",2014-05-06T12:32:48.799900,MQ,GBM,14.799451,-61.159276,800.0,590.0,,590,100.0,ZNE,train,manuel,"bucket0$305,:3,:6001",
379,"bucket0$306,:3,:6001",2014-05-06T12:32:05.750000,MQ,IA2,14.80307,-61.20515,289.0,,5007.0,5007,100.0,ZNE,train,manuel,"bucket0$306,:3,:6001",
380,"bucket0$307,:3,:6001",2014-05-06T20:21:32.699900,MQ,GBM,14.799451,-61.159276,800.0,4850.0,,4850,100.0,ZNE,train,manuel,"bucket0$307,:3,:6001",
381,"bucket0$308,:3,:6001",2014-05-06T20:21:26.980000,MQ,LAM,14.81292,-61.16314,1240.0,5427.0,5451.0,5427,100.0,ZNE,train,manuel,"bucket0$308,:3,:6001",
382,"bucket0$309,:3,:6001",2014-05-06T20:21:54.409900,MQ,BAM,14.8171,-61.1445,670.0,2713.0,,2713,100.0,ZNE,train,manuel,"bucket0$309,:3,:6001",
383,"bucket0$310,:3,:6001",2014-05-06T20:21:33.770000,MQ,IA2,14.80307,-61.20515,289.0,4806.0,4904.0,4806,100.0,ZNE,train,manuel,"bucket0$310,:3,:6001",
384,"bucket0$311,:3,:6001",2014-05-06T21:01:26.639900,MQ,GBM,14.799451,-61.159276,800.0,2298.0,,2298,100.0,ZNE,train,manuel,"bucket0$311,:3,:6001",
385,"bucket0$312,:3,:6001",2014-05-06T21:01:14.270000,MQ,LAM,14.81292,-61.16314,1240.0,3543.0,3622.0,3543,100.0,ZNE,train,manuel,"bucket0$312,:3,:6001",
386,"bucket0$313,:3,:6001",2014-05-06T21:01:17.959900,MQ,BAM,14.8171,-61.1445,670.0,3204.0,,3204,100.0,ZNE,train,manuel,"bucket0$313,:3,:6001",
387,"bucket0$314,:3,:6001",2014-05-06T21:01:32.080000,MQ,IA2,14.80307,-61.20515,289.0,1814.0,1914.0,1814,100.0,ZNE,train,manuel,"bucket0$314,:3,:6001",
388,"bucket0$315,:3,:6001",2014-05-06T21:01:25.740000,WI,SAM,14.84108,-61.1638,485.0,,2523.0,2523,100.0,ZNE,train,manuel,"bucket0$315,:3,:6001",
389,"bucket0$316,:3,:6001",2014-05-09T07:03:12.759900,MQ,BAM,14.8171,-61.1445,670.0,1807.0,,1807,100.0,ZNE,train,manuel,"bucket0$316,:3,:6001",
390,"bucket5$33,:3,:6001",2014-05-09T07:02:52.959900,MQ,GBM,14.799451,-61.159276,800.0,3789.0,,3789,100.0,ZNE,dev,manuel,"bucket2$33,:3,:6001",
391,"bucket0$317,:3,:6001",2014-05-09T07:02:58.510000,MQ,LAM,14.81292,-61.16314,1240.0,3263.0,3348.0,3263,100.0,ZNE,train,manuel,"bucket0$317,:3,:6001",
392,"bucket5$34,:3,:6001",2014-05-09T07:03:05.580000,MQ,IA2,14.80307,-61.20515,289.0,2574.0,2694.0,2574,100.0,ZNE,dev,manuel,"bucket2$34,:3,:6001",
393,"bucket4$40,:3,:6001",2014-05-10T05:56:08.379900,MQ,GBM,14.799451,-61.159276,800.0,2574.0,,2574,100.0,ZNE,test,manuel,"bucket1$40,:3,:6001",
394,"bucket0$318,:3,:6001",2014-05-10T05:56:17.010000,MQ,LAM,14.81292,-61.16314,1240.0,1717.0,1769.0,1717,100.0,ZNE,train,manuel,"bucket0$318,:3,:6001",
395,"bucket0$319,:3,:6001",2014-05-10T05:55:52.579900,MQ,BAM,14.8171,-61.1445,670.0,4197.0,,4197,100.0,ZNE,train,manuel,"bucket0$319,:3,:6001",
396,"bucket0$320,:3,:6001",2014-05-13T01:30:07.880000,MQ,IA2,14.80307,-61.20515,289.0,559.0,630.0,559,100.0,ZNE,train,manuel,"bucket0$320,:3,:6001",
397,"bucket0$321,:3,:6001",2014-05-13T01:29:39.420000,MQ,LAM,14.81292,-61.16314,1240.0,3418.0,3454.0,3418,100.0,ZNE,train,manuel,"bucket0$321,:3,:6001",
398,"bucket0$322,:3,:6001",2014-05-13T01:29:40.509900,MQ,GBM,14.799451,-61.159276,800.0,3313.0,,3313,100.0,ZNE,train,manuel,"bucket0$322,:3,:6001",
399,"bucket0$323,:3,:6001",2014-05-13T01:29:38.599900,MQ,BAM,14.8171,-61.1445,670.0,3533.0,,3533,100.0,ZNE,train,manuel,"bucket0$323,:3,:6001",
400,"bucket0$324,:3,:6001",2014-05-15T02:02:09.299900,MQ,GBM,14.799451,-61.159276,800.0,5327.0,,5327,100.0,ZNE,train,manuel,"bucket0$324,:3,:6001",
401,"bucket0$325,:3,:6001",2014-05-15T02:02:43.260000,MQ,IA2,14.80307,-61.20515,289.0,1975.0,2084.0,1975,100.0,ZNE,train,manuel,"bucket0$325,:3,:6001",
402,"bucket0$326,:3,:6001",2014-05-15T02:02:49.299900,MQ,BAM,14.8171,-61.1445,670.0,1400.0,,1400,100.0,ZNE,train,manuel,"bucket0$326,:3,:6001",
403,"bucket4$41,:3,:6001",2014-05-17T00:56:51.679900,MQ,GBM,14.799451,-61.159276,800.0,3010.0,,3010,100.0,ZNE,test,manuel,"bucket1$41,:3,:6001",
404,"bucket0$327,:3,:6001",2014-05-17T00:56:48.170000,MQ,LAM,14.81292,-61.16314,1240.0,3365.0,3523.0,3365,100.0,ZNE,train,manuel,"bucket0$327,:3,:6001",
405,"bucket0$328,:3,:6001",2014-05-17T00:56:58.469900,MQ,BAM,14.8171,-61.1445,670.0,2337.0,,2337,100.0,ZNE,train,manuel,"bucket0$328,:3,:6001",
406,"bucket0$329,:3,:6001",2014-05-17T06:01:31.910000,MQ,LAM,14.81292,-61.16314,1240.0,1550.0,1802.0,1550,100.0,ZNE,train,manuel,"bucket0$329,:3,:6001",
407,"bucket5$35,:3,:6001",2014-05-17T06:01:28.389900,MQ,GBM,14.799451,-61.159276,800.0,1922.0,,1922,100.0,ZNE,dev,manuel,"bucket2$35,:3,:6001",
408,"bucket0$330,:3,:6001",2014-05-17T06:00:56.559900,MQ,BAM,14.8171,-61.1445,670.0,5177.0,,5177,100.0,ZNE,train,manuel,"bucket0$330,:3,:6001",
409,"bucket5$36,:3,:6001",2014-05-17T06:01:37.520000,MQ,IA2,14.80307,-61.20515,289.0,,1379.0,1379,100.0,ZNE,dev,manuel,"bucket2$36,:3,:6001",
410,"bucket0$331,:3,:6001",2014-05-17T22:08:36.730000,MQ,LAM,14.81292,-61.16314,1240.0,1812.0,1867.0,1812,100.0,ZNE,train,manuel,"bucket0$331,:3,:6001",
411,"bucket0$332,:3,:6001",2014-05-17T22:08:25.499900,MQ,GBM,14.799451,-61.159276,800.0,2959.0,,2959,100.0,ZNE,train,manuel,"bucket0$332,:3,:6001",
412,"bucket0$333,:3,:6001",2014-05-17T22:08:11.509900,MQ,BAM,14.8171,-61.1445,670.0,4364.0,,4364,100.0,ZNE,train,manuel,"bucket0$333,:3,:6001",
413,"bucket0$334,:3,:6001",2014-05-18T05:28:34.069900,MQ,GBM,14.799451,-61.159276,800.0,574.0,,574,100.0,ZNE,train,manuel,"bucket0$334,:3,:6001",
414,"bucket5$37,:3,:6001",2014-05-18T05:28:08.020000,MQ,LAM,14.81292,-61.16314,1240.0,3184.0,3224.0,3184,100.0,ZNE,dev,manuel,"bucket2$37,:3,:6001",
415,"bucket0$335,:3,:6001",2014-05-18T05:27:53.039900,MQ,BAM,14.8171,-61.1445,670.0,4732.0,,4732,100.0,ZNE,train,manuel,"bucket0$335,:3,:6001",
416,"bucket0$336,:3,:6001",2014-05-18T05:28:15.380000,MQ,IA2,14.80307,-61.20515,289.0,,2608.0,2608,100.0,ZNE,train,manuel,"bucket0$336,:3,:6001",
417,"bucket0$337,:3,:6001",2014-05-19T23:25:51.629900,MQ,GBM,14.799451,-61.159276,800.0,4978.0,,4978,100.0,ZNE,train,manuel,"bucket0$337,:3,:6001",
418,"bucket0$338,:3,:6001",2014-05-19T23:26:15.780000,MQ,LAM,14.81292,-61.16314,1240.0,2567.0,2633.0,2567,100.0,ZNE,train,manuel,"bucket0$338,:3,:6001",
419,"bucket5$38,:3,:6001",2014-05-19T23:25:57.300000,WI,SAM,14.84108,-61.1638,485.0,4460.0,4587.0,4460,100.0,ZNE,dev,manuel,"bucket2$38,:3,:6001",
420,"bucket0$339,:3,:6001",2014-05-19T23:26:30.119900,MQ,MLM,14.7846,-61.1786,370.0,1183.0,,1183,100.0,ZNE,train,manuel,"bucket0$339,:3,:6001",
421,"bucket0$340,:3,:6001",2014-05-19T23:26:06.999900,MQ,BAM,14.8171,-61.1445,670.0,3498.0,,3498,100.0,ZNE,train,manuel,"bucket0$340,:3,:6001",
422,"bucket0$341,:3,:6001",2014-05-19T23:26:12.090000,MQ,IA2,14.80307,-61.20515,289.0,3007.0,3100.0,3007,100.0,ZNE,train,manuel,"bucket0$341,:3,:6001",
423,"bucket0$342,:3,:6001",2014-05-19T23:25:54.409900,MQ,CPM,14.8168,-61.2074,242.0,4776.0,,4776,100.0,ZNE,train,manuel,"bucket0$342,:3,:6001",
424,"bucket0$343,:3,:6001",2014-05-20T03:15:03.610000,MQ,LAM,14.81292,-61.16314,1240.0,3002.0,3075.0,3002,100.0,ZNE,train,manuel,"bucket0$343,:3,:6001",
425,"bucket0$344,:3,:6001",2014-05-20T03:14:51.019900,MQ,GBM,14.799451,-61.159276,800.0,4286.0,,4286,100.0,ZNE,train,manuel,"bucket0$344,:3,:6001",
426,"bucket0$345,:3,:6001",2014-05-20T03:14:52.629900,MQ,BAM,14.8171,-61.1445,670.0,4169.0,,4169,100.0,ZNE,train,manuel,"bucket0$345,:3,:6001",
427,"bucket0$346,:3,:6001",2014-05-20T03:14:55.389900,MQ,MLM,14.7846,-61.1786,370.0,3903.0,,3903,100.0,ZNE,train,manuel,"bucket0$346,:3,:6001",
428,"bucket5$39,:3,:6001",2014-05-20T03:15:08.360000,MQ,IA2,14.80307,-61.20515,289.0,2621.0,2692.0,2621,100.0,ZNE,dev,manuel,"bucket2$39,:3,:6001",
429,"bucket0$347,:3,:6001",2014-05-20T03:15:01.289900,MQ,CPM,14.8168,-61.2074,242.0,3334.0,,3334,100.0,ZNE,train,manuel,"bucket0$347,:3,:6001",
430,"bucket0$348,:3,:6001",2014-05-23T04:11:26.390000,MQ,LAM,14.81292,-61.16314,1240.0,5128.0,,5128,100.0,ZNE,train,manuel,"bucket0$348,:3,:6001",
431,"bucket4$42,:3,:6001",2014-05-23T04:11:56.049900,MQ,GBM,14.799451,-61.159276,800.0,2200.0,,2200,100.0,ZNE,test,manuel,"bucket1$42,:3,:6001",
432,"bucket0$349,:3,:6001",2014-05-23T04:11:29.279900,MQ,BAM,14.8171,-61.1445,670.0,4881.0,,4881,100.0,ZNE,train,manuel,"bucket0$349,:3,:6001",
433,"bucket0$350,:3,:6001",2014-05-23T04:11:43.860000,MQ,IA2,14.80307,-61.20515,289.0,3440.0,3537.0,3440,100.0,ZNE,train,manuel,"bucket0$350,:3,:6001",
434,"bucket4$43,:3,:6001",2014-05-24T23:39:39.539900,MQ,GBM,14.799451,-61.159276,800.0,3447.0,,3447,100.0,ZNE,test,manuel,"bucket1$43,:3,:6001",
435,"bucket5$40,:3,:6001",2014-05-24T23:39:25.550000,MQ,LAM,14.81292,-61.16314,1240.0,4850.0,4891.0,4850,100.0,ZNE,dev,manuel,"bucket2$40,:3,:6001",
436,"bucket0$351,:3,:6001",2014-05-24T23:39:20.689900,MQ,BAM,14.8171,-61.1445,670.0,5371.0,,5371,100.0,ZNE,train,manuel,"bucket0$351,:3,:6001",
437,"bucket0$352,:3,:6001",2014-05-24T23:39:42.520000,MQ,IA2,14.80307,-61.20515,289.0,3215.0,3232.0,3215,100.0,ZNE,train,manuel,"bucket0$352,:3,:6001",
438,"bucket0$353,:3,:6001",2014-05-24T23:40:05.950000,WI,SAM,14.84108,-61.1638,485.0,903.0,917.0,903,100.0,ZNE,train,manuel,"bucket0$353,:3,:6001",
439,"bucket0$354,:3,:6001",2014-05-24T23:39:29.169900,MQ,MLM,14.7846,-61.1786,370.0,4585.0,,4585,100.0,ZNE,train,manuel,"bucket0$354,:3,:6001",
440,"bucket5$41,:3,:6001",2014-05-25T13:19:20.970000,MQ,LAM,14.81292,-61.16314,1240.0,1055.0,1105.0,1055,100.0,ZNE,dev,manuel,"bucket2$41,:3,:6001",
441,"bucket4$44,:3,:6001",2014-05-25T13:19:15.969900,MQ,GBM,14.799451,-61.159276,800.0,1557.0,,1557,100.0,ZNE,test,manuel,"bucket1$44,:3,:6001",
442,"bucket0$355,:3,:6001",2014-05-25T13:18:52.969900,MQ,MLM,14.7846,-61.1786,370.0,3922.0,,3922,100.0,ZNE,train,manuel,"bucket0$355,:3,:6001",
443,"bucket0$356,:3,:6001",2014-05-25T13:18:38.319900,MQ,BAM,14.8171,-61.1445,670.0,5390.0,,5390,100.0,ZNE,train,manuel,"bucket0$356,:3,:6001",
444,"bucket0$357,:3,:6001",2014-05-28T04:06:16.979900,MQ,GBM,14.799451,-61.159276,800.0,4494.0,,4494,100.0,ZNE,train,manuel,"bucket0$357,:3,:6001",
445,"bucket0$358,:3,:6001",2014-05-28T04:06:24.120000,MQ,LAM,14.81292,-61.16314,1240.0,3784.0,3831.0,3784,100.0,ZNE,train,manuel,"bucket0$358,:3,:6001",
446,"bucket0$359,:3,:6001",2014-05-28T04:06:49.519900,MQ,BAM,14.8171,-61.1445,670.0,1286.0,,1286,100.0,ZNE,train,manuel,"bucket0$359,:3,:6001",
447,"bucket5$42,:3,:6001",2014-05-28T04:06:37.949900,MQ,MLM,14.7846,-61.1786,370.0,2445.0,,2445,100.0,ZNE,dev,manuel,"bucket2$42,:3,:6001",
448,"bucket0$360,:3,:6001",2014-05-28T04:06:56.519900,MQ,CPM,14.8168,-61.2074,242.0,657.0,,657,100.0,ZNE,train,manuel,"bucket0$360,:3,:6001",
449,"bucket0$361,:3,:6001",2014-05-28T04:06:32.900000,WI,SAM,14.84108,-61.1638,485.0,,3105.0,3105,100.0,ZNE,train,manuel,"bucket0$361,:3,:6001",
450,"bucket0$362,:3,:6001",2014-05-30T07:56:07.510000,MQ,BAM,14.8171,-61.1445,670.0,2791.0,,2791,100.0,ZNE,train,manuel,"bucket0$362,:3,:6001",
451,"bucket0$363,:3,:6001",2014-05-30T07:56:19.690000,MQ,GBM,14.799451,-61.159276,800.0,1587.0,,1587,100.0,ZNE,train,manuel,"bucket0$363,:3,:6001",
452,"bucket0$364,:3,:6001",2014-05-30T07:56:28.630000,MQ,LAM,14.81292,-61.16314,1240.0,713.0,762.0,713,100.0,ZNE,train,manuel,"bucket0$364,:3,:6001",
453,"bucket5$43,:3,:6001",2014-05-30T18:01:18.840000,MQ,BAM,14.8171,-61.1445,670.0,4613.0,,4613,100.0,ZNE,dev,manuel,"bucket2$43,:3,:6001",
454,"bucket5$44,:3,:6001",2014-05-30T18:01:24.840000,MQ,LAM,14.81292,-61.16314,1240.0,4120.0,4154.0,4120,100.0,ZNE,dev,manuel,"bucket2$44,:3,:6001",
455,"bucket0$365,:3,:6001",2014-05-30T18:01:12.610000,MQ,GBM,14.799451,-61.159276,800.0,5354.0,,5354,100.0,ZNE,train,manuel,"bucket0$365,:3,:6001",
456,"bucket0$366,:3,:6001",2014-05-30T18:05:48.370000,MQ,LAM,14.81292,-61.16314,1240.0,2122.0,2187.0,2122,100.0,ZNE,train,manuel,"bucket0$366,:3,:6001",
457,"bucket0$367,:3,:6001",2014-05-30T18:05:18.090000,MQ,GBM,14.799451,-61.159276,800.0,5150.0,,5150,100.0,ZNE,train,manuel,"bucket0$367,:3,:6001",
458,"bucket5$45,:3,:6001",2014-05-30T18:05:59.250000,MQ,BAM,14.8171,-61.1445,670.0,1077.0,,1077,100.0,ZNE,dev,manuel,"bucket2$45,:3,:6001",
0,"bucket0$368,:3,:6001",,MQ,IA2,14.80307,-61.20515,289.0,,,3000,100.0,ZNE,train,noise,"bucket0$0,:3,:6001",
1,"bucket0$369,:3,:6001",,MQ,IA2,14.80307,-61.20515,289.0,,,3000,100.0,ZNE,train,noise,"bucket0$1,:3,:6001",
2,"bucket0$370,:3,:6001",,MQ,IA2,14.80307,-61.20515,289.0,,,3000,100.0,ZNE,train,noise,"bucket0$2,:3,:6001",
3,"bucket0$371,:3,:6001",,MQ,IA2,14.80307,-61.20515,289.0,,,3000,100.0,ZNE,train,noise,"bucket0$3,:3,:6001",
4,"bucket0$372,:3,:6001",,MQ,IA2,14.80307,-61.20515,289.0,,,3000,100.0,ZNE,train,noise,"bucket0$4,:3,:6001",
5,"bucket0$373,:3,:6001",,MQ,IA2,14.80307,-61.20515,289.0,,,3000,100.0,ZNE,train,noise,"bucket0$5,:3,:6001",
6,"bucket5$46,:3,:6001",,MQ,IA2,14.80307,-61.20515,289.0,,,3000,100.0,ZNE,dev,noise,"bucket1$0,:3,:6001",
7,"bucket0$374,:3,:6001",,MQ,IA2,14.80307,-61.20515,289.0,,,3000,100.0,ZNE,train,noise,"bucket0$6,:3,:6001",
8,"bucket0$375,:3,:6001",,MQ,IA2,14.80307,-61.20515,289.0,,,3000,100.0,ZNE,train,noise,"bucket0$7,:3,:6001",
9,"bucket0$376,:3,:6001",,MQ,IA2,14.80307,-61.20515,289.0,,,3000,100.0,ZNE,train,noise,"bucket0$8,:3,:6001",
10,"bucket0$377,:3,:6001",,MQ,IA2,14.80307,-61.20515,289.0,,,3000,100.0,ZNE,train,noise,"bucket0$9,:3,:6001",
11,"bucket0$378,:3,:6001",,MQ,IA2,14.80307,-61.20515,289.0,,,3000,100.0,ZNE,train,noise,"bucket0$10,:3,:6001",
12,"bucket0$379,:3,:6001",,MQ,IA2,14.80307,-61.20515,289.0,,,3000,100.0,ZNE,train,noise,"bucket0$11,:3,:6001",
13,"bucket0$380,:3,:6001",,MQ,IA2,14.80307,-61.20515,289.0,,,3000,100.0,ZNE,train,noise,"bucket0$12,:3,:6001",
14,"bucket5$47,:3,:6001",,MQ,IA2,14.80307,-61.20515,289.0,,,3000,100.0,ZNE,dev,noise,"bucket1$1,:3,:6001",
15,"bucket0$381,:3,:6001",,MQ,IA2,14.80307,-61.20515,289.0,,,3000,100.0,ZNE,train,noise,"bucket0$13,:3,:6001",
16,"bucket0$382,:3,:6001",,MQ,IA2,14.80307,-61.20515,289.0,,,3000,100.0,ZNE,train,noise,"bucket0$14,:3,:6001",
17,"bucket5$48,:3,:6001",,MQ,IA2,14.80307,-61.20515,289.0,,,3000,100.0,ZNE,dev,noise,"bucket1$2,:3,:6001",
18,"bucket0$383,:3,:6001",,MQ,IA2,14.80307,-61.20515,289.0,,,3000,100.0,ZNE,train,noise,"bucket0$15,:3,:6001",
19,"bucket0$384,:3,:6001",,MQ,IA2,14.80307,-61.20515,289.0,,,3000,100.0,ZNE,train,noise,"bucket0$16,:3,:6001",
20,"bucket0$385,:3,:6001",,MQ,IA2,14.80307,-61.20515,289.0,,,3000,100.0,ZNE,train,noise,"bucket0$17,:3,:6001",
21,"bucket0$386,:3,:6001",,MQ,IA2,14.80307,-61.20515,289.0,,,3000,100.0,ZNE,train,noise,"bucket0$18,:3,:6001",
22,"bucket0$387,:3,:6001",,MQ,IA2,14.80307,-61.20515,289.0,,,3000,100.0,ZNE,train,noise,"bucket0$19,:3,:6001",
23,"bucket5$49,:3,:6001",,MQ,IA2,14.80307,-61.20515,289.0,,,3000,100.0,ZNE,dev,noise,"bucket1$3,:3,:6001",
24,"bucket0$388,:3,:6001",,MQ,IA2,14.80307,-61.20515,289.0,,,3000,100.0,ZNE,train,noise,"bucket0$20,:3,:6001",
25,"bucket0$389,:3,:6001",,MQ,IA2,14.80307,-61.20515,289.0,,,3000,100.0,ZNE,train,noise,"bucket0$21,:3,:6001",
26,"bucket0$390,:3,:6001",,MQ,IA2,14.80307,-61.20515,289.0,,,3000,100.0,ZNE,train,noise,"bucket0$22,:3,:6001",
27,"bucket0$391,:3,:6001",,MQ,IA2,14.80307,-61.20515,289.0,,,3000,100.0,ZNE,train,noise,"bucket0$23,:3,:6001",
28,"bucket0$392,:3,:6001",,MQ,IA2,14.80307,-61.20515,289.0,,,3000,100.0,ZNE,train,noise,"bucket0$24,:3,:6001",
29,"bucket0$393,:3,:6001",,MQ,IA2,14.80307,-61.20515,289.0,,,3000,100.0,ZNE,train,noise,"bucket0$25,:3,:6001",
30,"bucket0$394,:3,:6001",,MQ,IA2,14.80307,-61.20515,289.0,,,3000,100.0,ZNE,train,noise,"bucket0$26,:3,:6001",
31,"bucket5$50,:3,:6001",,MQ,IA2,14.80307,-61.20515,289.0,,,3000,100.0,ZNE,dev,noise,"bucket1$4,:3,:6001",
32,"bucket0$395,:3,:6001",,MQ,IA2,14.80307,-61.20515,289.0,,,3000,100.0,ZNE,train,noise,"bucket0$27,:3,:6001",
33,"bucket0$396,:3,:6001",,MQ,IA2,14.80307,-61.20515,289.0,,,3000,100.0,ZNE,train,noise,"bucket0$28,:3,:6001",
34,"bucket4$45,:3,:6001",,MQ,IA2,14.80307,-61.20515,289.0,,,3000,100.0,ZNE,test,noise,"bucket2$0,:3,:6001",
35,"bucket0$397,:3,:6001",,MQ,IA2,14.80307,-61.20515,289.0,,,3000,100.0,ZNE,train,noise,"bucket0$29,:3,:6001",
36,"bucket0$398,:3,:6001",,MQ,IA2,14.80307,-61.20515,289.0,,,3000,100.0,ZNE,train,noise,"bucket0$30,:3,:6001",
37,"bucket0$399,:3,:6001",,MQ,IA2,14.80307,-61.20515,289.0,,,3000,100.0,ZNE,train,noise,"bucket0$31,:3,:6001",
38,"bucket0$400,:3,:6001",,MQ,IA2,14.80307,-61.20515,289.0,,,3000,100.0,ZNE,train,noise,"bucket0$32,:3,:6001",
39,"bucket0$401,:3,:6001",,MQ,IA2,14.80307,-61.20515,289.0,,,3000,100.0,ZNE,train,noise,"bucket0$33,:3,:6001",
40,"bucket0$402,:3,:6001",,MQ,IA2,14.80307,-61.20515,289.0,,,3000,100.0,ZNE,train,noise,"bucket0$34,:3,:6001",
41,"bucket0$403,:3,:6001",,MQ,IA2,14.80307,-61.20515,289.0,,,3000,100.0,ZNE,train,noise,"bucket0$35,:3,:6001",
42,"bucket0$404,:3,:6001",,MQ,IA2,14.80307,-61.20515,289.0,,,3000,100.0,ZNE,train,noise,"bucket0$36,:3,:6001",
43,"bucket0$405,:3,:6001",,MQ,IA2,14.80307,-61.20515,289.0,,,3000,100.0,ZNE,train,noise,"bucket0$37,:3,:6001",
44,"bucket0$406,:3,:6001",,MQ,IA2,14.80307,-61.20515,289.0,,,3000,100.0,ZNE,train,noise,"bucket0$38,:3,:6001",
45,"bucket0$407,:3,:6001",,MQ,IA2,14.80307,-61.20515,289.0,,,3000,100.0,ZNE,train,noise,"bucket0$39,:3,:6001",
46,"bucket5$51,:3,:6001",,MQ,IA2,14.80307,-61.20515,289.0,,,3000,100.0,ZNE,dev,noise,"bucket1$5,:3,:6001",
47,"bucket4$46,:3,:6001",,MQ,IA2,14.80307,-61.20515,289.0,,,3000,100.0,ZNE,test,noise,"bucket2$1,:3,:6001",
48,"bucket0$408,:3,:6001",,MQ,IA2,14.80307,-61.20515,289.0,,,3000,100.0,ZNE,train,noise,"bucket0$40,:3,:6001",
49,"bucket0$409,:3,:6001",,MQ,IA2,14.80307,-61.20515,289.0,,,3000,100.0,ZNE,train,noise,"bucket0$41,:3,:6001",
50,"bucket5$52,:3,:6001",,MQ,IA2,14.80307,-61.20515,289.0,,,3000,100.0,ZNE,dev,noise,"bucket1$6,:3,:6001",
51,"bucket0$410,:3,:6001",,MQ,IA2,14.80307,-61.20515,289.0,,,3000,100.0,ZNE,train,noise,"bucket0$42,:3,:6001",
52,"bucket0$411,:3,:6001",,MQ,IA2,14.80307,-61.20515,289.0,,,3000,100.0,ZNE,train,noise,"bucket0$43,:3,:6001",
53,"bucket0$412,:3,:6001",,MQ,IA2,14.80307,-61.20515,289.0,,,3000,100.0,ZNE,train,noise,"bucket0$44,:3,:6001",
54,"bucket0$413,:3,:6001",,MQ,IA2,14.80307,-61.20515,289.0,,,3000,100.0,ZNE,train,noise,"bucket0$45,:3,:6001",
55,"bucket0$414,:3,:6001",,MQ,IA2,14.80307,-61.20515,289.0,,,3000,100.0,ZNE,train,noise,"bucket0$46,:3,:6001",
56,"bucket0$415,:3,:6001",,MQ,IA2,14.80307,-61.20515,289.0,,,3000,100.0,ZNE,train,noise,"bucket0$47,:3,:6001",
57,"bucket0$416,:3,:6001",,MQ,IA2,14.80307,-61.20515,289.0,,,3000,100.0,ZNE,train,noise,"bucket0$48,:3,:6001",
58,"bucket0$417,:3,:6001",,MQ,IA2,14.80307,-61.20515,289.0,,,3000,100.0,ZNE,train,noise,"bucket0$49,:3,:6001",
59,"bucket0$418,:3,:6001",,MQ,IA2,14.80307,-61.20515,289.0,,,3000,100.0,ZNE,train,noise,"bucket0$50,:3,:6001",
60,"bucket0$419,:3,:6001",,MQ,IA2,14.80307,-61.20515,289.0,,,3000,100.0,ZNE,train,noise,"bucket0$51,:3,:6001",
61,"bucket0$420,:3,:6001",,MQ,IA2,14.80307,-61.20515,289.0,,,3000,100.0,ZNE,train,noise,"bucket0$52,:3,:6001",
62,"bucket0$421,:3,:6001",,MQ,IA2,14.80307,-61.20515,289.0,,,3000,100.0,ZNE,train,noise,"bucket0$53,:3,:6001",
63,"bucket0$422,:3,:6001",,MQ,IA2,14.80307,-61.20515,289.0,,,3000,100.0,ZNE,train,noise,"bucket0$54,:3,:6001",
64,"bucket0$423,:3,:6001",,MQ,IA2,14.80307,-61.20515,289.0,,,3000,100.0,ZNE,train,noise,"bucket0$55,:3,:6001",
65,"bucket5$53,:3,:6001",,MQ,IA2,14.80307,-61.20515,289.0,,,3000,100.0,ZNE,dev,noise,"bucket1$7,:3,:6001",
66,"bucket0$424,:3,:6001",,MQ,IA2,14.80307,-61.20515,289.0,,,3000,100.0,ZNE,train,noise,"bucket0$56,:3,:6001",
67,"bucket0$425,:3,:6001",,MQ,IA2,14.80307,-61.20515,289.0,,,3000,100.0,ZNE,train,noise,"bucket0$57,:3,:6001",
68,"bucket0$426,:3,:6001",,MQ,IA2,14.80307,-61.20515,289.0,,,3000,100.0,ZNE,train,noise,"bucket0$58,:3,:6001",
69,"bucket0$427,:3,:6001",,MQ,IA2,14.80307,-61.20515,289.0,,,3000,100.0,ZNE,train,noise,"bucket0$59,:3,:6001",
70,"bucket4$47,:3,:6001",,MQ,IA2,14.80307,-61.20515,289.0,,,3000,100.0,ZNE,test,noise,"bucket2$2,:3,:6001",
71,"bucket0$428,:3,:6001",,MQ,IA2,14.80307,-61.20515,289.0,,,3000,100.0,ZNE,train,noise,"bucket0$60,:3,:6001",
72,"bucket0$429,:3,:6001",,MQ,IA2,14.80307,-61.20515,289.0,,,3000,100.0,ZNE,train,noise,"bucket0$61,:3,:6001",
73,"bucket0$430,:3,:6001",,MQ,IA2,14.80307,-61.20515,289.0,,,3000,100.0,ZNE,train,noise,"bucket0$62,:3,:6001",
74,"bucket4$48,:3,:6001",,MQ,IA2,14.80307,-61.20515,289.0,,,3000,100.0,ZNE,test,noise,"bucket2$3,:3,:6001",
75,"bucket0$431,:3,:6001",,MQ,IA2,14.80307,-61.20515,289.0,,,3000,100.0,ZNE,train,noise,"bucket0$63,:3,:6001",
76,"bucket0$432,:3,:6001",,MQ,IA2,14.80307,-61.20515,289.0,,,3000,100.0,ZNE,train,noise,"bucket0$64,:3,:6001",
77,"bucket0$433,:3,:6001",,MQ,IA2,14.80307,-61.20515,289.0,,,3000,100.0,ZNE,train,noise,"bucket0$65,:3,:6001",
78,"bucket5$54,:3,:6001",,MQ,IA2,14.80307,-61.20515,289.0,,,3000,100.0,ZNE,dev,noise,"bucket1$8,:3,:6001",
79,"bucket0$434,:3,:6001",,MQ,IA2,14.80307,-61.20515,289.0,,,3000,100.0,ZNE,train,noise,"bucket0$66,:3,:6001",
80,"bucket0$435,:3,:6001",,MQ,IA2,14.80307,-61.20515,289.0,,,3000,100.0,ZNE,train,noise,"bucket0$67,:3,:6001",
81,"bucket4$49,:3,:6001",,MQ,IA2,14.80307,-61.20515,289.0,,,3000,100.0,ZNE,test,noise,"bucket2$4,:3,:6001",
82,"bucket0$436,:3,:6001",,MQ,IA2,14.80307,-61.20515,289.0,,,3000,100.0,ZNE,train,noise,"bucket0$68,:3,:6001",
83,"bucket0$437,:3,:6001",,MQ,IA2,14.80307,-61.20515,289.0,,,3000,100.0,ZNE,train,noise,"bucket0$69,:3,:6001",
84,"bucket0$438,:3,:6001",,MQ,IA2,14.80307,-61.20515,289.0,,,3000,100.0,ZNE,train,noise,"bucket0$70,:3,:6001",
85,"bucket0$439,:3,:6001",,MQ,IA2,14.80307,-61.20515,289.0,,,3000,100.0,ZNE,train,noise,"bucket0$71,:3,:6001",
86,"bucket0$440,:3,:6001",,MQ,IA2,14.80307,-61.20515,289.0,,,3000,100.0,ZNE,train,noise,"bucket0$72,:3,:6001",
87,"bucket0$441,:3,:6001",,MQ,IA2,14.80307,-61.20515,289.0,,,3000,100.0,ZNE,train,noise,"bucket0$73,:3,:6001",
88,"bucket0$442,:3,:6001",,MQ,IA2,14.80307,-61.20515,289.0,,,3000,100.0,ZNE,train,noise,"bucket0$74,:3,:6001",
89,"bucket0$443,:3,:6001",,MQ,IA2,14.80307,-61.20515,289.0,,,3000,100.0,ZNE,train,noise,"bucket0$75,:3,:6001",
90,"bucket0$444,:3,:6001",,MQ,IA2,14.80307,-61.20515,289.0,,,3000,100.0,ZNE,train,noise,"bucket0$76,:3,:6001",
91,"bucket0$445,:3,:6001",,MQ,IA2,14.80307,-61.20515,289.0,,,3000,100.0,ZNE,train,noise,"bucket0$77,:3,:6001",
92,"bucket4$50,:3,:6001",,MQ,IA2,14.80307,-61.20515,289.0,,,3000,100.0,ZNE,test,noise,"bucket2$5,:3,:6001",
93,"bucket0$446,:3,:6001",,MQ,IA2,14.80307,-61.20515,289.0,,,3000,100.0,ZNE,train,noise,"bucket0$78,:3,:6001",
94,"bucket0$447,:3,:6001",,MQ,IA2,14.80307,-61.20515,289.0,,,3000,100.0,ZNE,train,noise,"bucket0$79,:3,:6001",
95,"bucket0$448,:3,:6001",,MQ,IA2,14.80307,-61.20515,289.0,,,3000,100.0,ZNE,train,noise,"bucket0$80,:3,:6001",
96,"bucket0$449,:3,:6001",,MQ,IA2,14.80307,-61.20515,289.0,,,3000,100.0,ZNE,train,noise,"bucket0$81,:3,:6001",
97,"bucket5$55,:3,:6001",,MQ,IA2,14.80307,-61.20515,289.0,,,3000,100.0,ZNE,dev,noise,"bucket1$9,:3,:6001",
98,"bucket0$450,:3,:6001",,MQ,IA2,14.80307,-61.20515,289.0,,,3000,100.0,ZNE,train,noise,"bucket0$82,:3,:6001",
99,"bucket0$451,:3,:6001",,MQ,IA2,14.80307,-61.20515,289.0,,,3000,100.0,ZNE,train,noise,"bucket0$83,:3,:6001",
100,"bucket0$452,:3,:6001",,WI,SAM,14.84108,-61.1638,485.0,,,3000,100.0,ZNE,train,noise,"bucket0$84,:3,:6001",
101,"bucket0$453,:3,:6001",,WI,SAM,14.84108,-61.1638,485.0,,,3000,100.0,ZNE,train,noise,"bucket0$85,:3,:6001",
102,"bucket4$51,:3,:6001",,WI,SAM,14.84108,-61.1638,485.0,,,3000,100.0,ZNE,test,noise,"bucket2$6,:3,:6001",
103,"bucket0$454,:3,:6001",,WI,SAM,14.84108,-61.1638,485.0,,,3000,100.0,ZNE,train,noise,"bucket0$86,:3,:6001",
104,"bucket0$455,:3,:6001",,WI,SAM,14.84108,-61.1638,485.0,,,3000,100.0,ZNE,train,noise,"bucket0$87,:3,:6001",
105,"bucket0$456,:3,:6001",,WI,SAM,14.84108,-61.1638,485.0,,,3000,100.0,ZNE,train,noise,"bucket0$88,:3,:6001",
106,"bucket0$457,:3,:6001",,WI,SAM,14.84108,-61.1638,485.0,,,3000,100.0,ZNE,train,noise,"bucket0$89,:3,:6001",
107,"bucket5$56,:3,:6001",,WI,SAM,14.84108,-61.1638,485.0,,,3000,100.0,ZNE,dev,noise,"bucket1$10,:3,:6001",
108,"bucket5$57,:3,:6001",,WI,SAM,14.84108,-61.1638,485.0,,,3000,100.0,ZNE,dev,noise,"bucket1$11,:3,:6001",
109,"bucket0$458,:3,:6001",,WI,SAM,14.84108,-61.1638,485.0,,,3000,100.0,ZNE,train,noise,"bucket0$90,:3,:6001",
110,"bucket0$459,:3,:6001",,WI,SAM,14.84108,-61.1638,485.0,,,3000,100.0,ZNE,train,noise,"bucket0$91,:3,:6001",
111,"bucket0$460,:3,:6001",,WI,SAM,14.84108,-61.1638,485.0,,,3000,100.0,ZNE,train,noise,"bucket0$92,:3,:6001",
112,"bucket0$461,:3,:6001",,WI,SAM,14.84108,-61.1638,485.0,,,3000,100.0,ZNE,train,noise,"bucket0$93,:3,:6001",
113,"bucket0$462,:3,:6001",,WI,SAM,14.84108,-61.1638,485.0,,,3000,100.0,ZNE,train,noise,"bucket0$94,:3,:6001",
114,"bucket0$463,:3,:6001",,WI,SAM,14.84108,-61.1638,485.0,,,3000,100.0,ZNE,train,noise,"bucket0$95,:3,:6001",
115,"bucket0$464,:3,:6001",,WI,SAM,14.84108,-61.1638,485.0,,,3000,100.0,ZNE,train,noise,"bucket0$96,:3,:6001",
116,"bucket0$465,:3,:6001",,WI,SAM,14.84108,-61.1638,485.0,,,3000,100.0,ZNE,train,noise,"bucket0$97,:3,:6001",
117,"bucket0$466,:3,:6001",,WI,SAM,14.84108,-61.1638,485.0,,,3000,100.0,ZNE,train,noise,"bucket0$98,:3,:6001",
118,"bucket4$52,:3,:6001",,WI,SAM,14.84108,-61.1638,485.0,,,3000,100.0,ZNE,test,noise,"bucket2$7,:3,:6001",
119,"bucket0$467,:3,:6001",,WI,SAM,14.84108,-61.1638,485.0,,,3000,100.0,ZNE,train,noise,"bucket0$99,:3,:6001",
120,"bucket0$468,:3,:6001",,WI,SAM,14.84108,-61.1638,485.0,,,3000,100.0,ZNE,train,noise,"bucket0$100,:3,:6001",
121,"bucket5$58,:3,:6001",,WI,SAM,14.84108,-61.1638,485.0,,,3000,100.0,ZNE,dev,noise,"bucket1$12,:3,:6001",
122,"bucket0$469,:3,:6001",,WI,SAM,14.84108,-61.1638,485.0,,,3000,100.0,ZNE,train,noise,"bucket0$101,:3,:6001",
123,"bucket0$470,:3,:6001",,WI,SAM,14.84108,-61.1638,485.0,,,3000,100.0,ZNE,train,noise,"bucket0$102,:3,:6001",
124,"bucket0$471,:3,:6001",,WI,SAM,14.84108,-61.1638,485.0,,,3000,100.0,ZNE,train,noise,"bucket0$103,:3,:6001",
125,"bucket0$472,:3,:6001",,WI,SAM,14.84108,-61.1638,485.0,,,3000,100.0,ZNE,train,noise,"bucket0$104,:3,:6001",
126,"bucket0$473,:3,:6001",,WI,SAM,14.84108,-61.1638,485.0,,,3000,100.0,ZNE,train,noise,"bucket0$105,:3,:6001",
127,"bucket0$474,:3,:6001",,WI,SAM,14.84108,-61.1638,485.0,,,3000,100.0,ZNE,train,noise,"bucket0$106,:3,:6001",
128,"bucket0$475,:3,:6001",,WI,SAM,14.84108,-61.1638,485.0,,,3000,100.0,ZNE,train,noise,"bucket0$107,:3,:6001",
129,"bucket0$476,:3,:6001",,WI,SAM,14.84108,-61.1638,485.0,,,3000,100.0,ZNE,train,noise,"bucket0$108,:3,:6001",
130,"bucket0$477,:3,:6001",,WI,SAM,14.84108,-61.1638,485.0,,,3000,100.0,ZNE,train,noise,"bucket0$109,:3,:6001",
131,"bucket0$478,:3,:6001",,WI,SAM,14.84108,-61.1638,485.0,,,3000,100.0,ZNE,train,noise,"bucket0$110,:3,:6001",
132,"bucket0$479,:3,:6001",,WI,SAM,14.84108,-61.1638,485.0,,,3000,100.0,ZNE,train,noise,"bucket0$111,:3,:6001",
133,"bucket5$59,:3,:6001",,WI,SAM,14.84108,-61.1638,485.0,,,3000,100.0,ZNE,dev,noise,"bucket1$13,:3,:6001",
134,"bucket0$480,:3,:6001",,WI,SAM,14.84108,-61.1638,485.0,,,3000,100.0,ZNE,train,noise,"bucket0$112,:3,:6001",
135,"bucket0$481,:3,:6001",,WI,SAM,14.84108,-61.1638,485.0,,,3000,100.0,ZNE,train,noise,"bucket0$113,:3,:6001",
136,"bucket0$482,:3,:6001",,WI,SAM,14.84108,-61.1638,485.0,,,3000,100.0,ZNE,train,noise,"bucket0$114,:3,:6001",
137,"bucket4$53,:3,:6001",,WI,SAM,14.84108,-61.1638,485.0,,,3000,100.0,ZNE,test,noise,"bucket2$8,:3,:6001",
138,"bucket0$483,:3,:6001",,WI,SAM,14.84108,-61.1638,485.0,,,3000,100.0,ZNE,train,noise,"bucket0$115,:3,:6001",
139,"bucket0$484,:3,:6001",,WI,SAM,14.84108,-61.1638,485.0,,,3000,100.0,ZNE,train,noise,"bucket0$116,:3,:6001",
140,"bucket4$54,:3,:6001",,WI,SAM,14.84108,-61.1638,485.0,,,3000,100.0,ZNE,test,noise,"bucket2$9,:3,:6001",
141,"bucket0$485,:3,:6001",,WI,SAM,14.84108,-61.1638,485.0,,,3000,100.0,ZNE,train,noise,"bucket0$117,:3,:6001",
142,"bucket4$55,:3,:6001",,WI,SAM,14.84108,-61.1638,485.0,,,3000,100.0,ZNE,test,noise,"bucket2$10,:3,:6001",
143,"bucket0$486,:3,:6001",,WI,SAM,14.84108,-61.1638,485.0,,,3000,100.0,ZNE,train,noise,"bucket0$118,:3,:6001",
144,"bucket0$487,:3,:6001",,WI,SAM,14.84108,-61.1638,485.0,,,3000,100.0,ZNE,train,noise,"bucket0$119,:3,:6001",
145,"bucket0$488,:3,:6001",,WI,SAM,14.84108,-61.1638,485.0,,,3000,100.0,ZNE,train,noise,"bucket0$120,:3,:6001",
146,"bucket0$489,:3,:6001",,WI,SAM,14.84108,-61.1638,485.0,,,3000,100.0,ZNE,train,noise,"bucket0$121,:3,:6001",
147,"bucket0$490,:3,:6001",,WI,SAM,14.84108,-61.1638,485.0,,,3000,100.0,ZNE,train,noise,"bucket0$122,:3,:6001",
148,"bucket0$491,:3,:6001",,WI,SAM,14.84108,-61.1638,485.0,,,3000,100.0,ZNE,train,noise,"bucket0$123,:3,:6001",
149,"bucket4$56,:3,:6001",,WI,SAM,14.84108,-61.1638,485.0,,,3000,100.0,ZNE,test,noise,"bucket2$11,:3,:6001",
150,"bucket0$492,:3,:6001",,WI,SAM,14.84108,-61.1638,485.0,,,3000,100.0,ZNE,train,noise,"bucket0$124,:3,:6001",
151,"bucket0$493,:3,:6001",,WI,SAM,14.84108,-61.1638,485.0,,,3000,100.0,ZNE,train,noise,"bucket0$125,:3,:6001",
152,"bucket0$494,:3,:6001",,WI,SAM,14.84108,-61.1638,485.0,,,3000,100.0,ZNE,train,noise,"bucket0$126,:3,:6001",
153,"bucket0$495,:3,:6001",,WI,SAM,14.84108,-61.1638,485.0,,,3000,100.0,ZNE,train,noise,"bucket0$127,:3,:6001",
154,"bucket0$496,:3,:6001",,WI,SAM,14.84108,-61.1638,485.0,,,3000,100.0,ZNE,train,noise,"bucket0$128,:3,:6001",
155,"bucket0$497,:3,:6001",,WI,SAM,14.84108,-61.1638,485.0,,,3000,100.0,ZNE,train,noise,"bucket0$129,:3,:6001",
156,"bucket0$498,:3,:6001",,WI,SAM,14.84108,-61.1638,485.0,,,3000,100.0,ZNE,train,noise,"bucket0$130,:3,:6001",
157,"bucket0$499,:3,:6001",,WI,SAM,14.84108,-61.1638,485.0,,,3000,100.0,ZNE,train,noise,"bucket0$131,:3,:6001",
158,"bucket0$500,:3,:6001",,WI,SAM,14.84108,-61.1638,485.0,,,3000,100.0,ZNE,train,noise,"bucket0$132,:3,:6001",
159,"bucket4$57,:3,:6001",,WI,SAM,14.84108,-61.1638,485.0,,,3000,100.0,ZNE,test,noise,"bucket2$12,:3,:6001",
160,"bucket0$501,:3,:6001",,WI,SAM,14.84108,-61.1638,485.0,,,3000,100.0,ZNE,train,noise,"bucket0$133,:3,:6001",
161,"bucket0$502,:3,:6001",,WI,SAM,14.84108,-61.1638,485.0,,,3000,100.0,ZNE,train,noise,"bucket0$134,:3,:6001",
162,"bucket4$58,:3,:6001",,WI,SAM,14.84108,-61.1638,485.0,,,3000,100.0,ZNE,test,noise,"bucket2$13,:3,:6001",
163,"bucket0$503,:3,:6001",,WI,SAM,14.84108,-61.1638,485.0,,,3000,100.0,ZNE,train,noise,"bucket0$135,:3,:6001",
164,"bucket0$504,:3,:6001",,WI,SAM,14.84108,-61.1638,485.0,,,3000,100.0,ZNE,train,noise,"bucket0$136,:3,:6001",
165,"bucket4$59,:3,:6001",,WI,SAM,14.84108,-61.1638,485.0,,,3000,100.0,ZNE,test,noise,"bucket2$14,:3,:6001",
166,"bucket4$60,:3,:6001",,WI,SAM,14.84108,-61.1638,485.0,,,3000,100.0,ZNE,test,noise,"bucket2$15,:3,:6001",
167,"bucket5$60,:3,:6001",,WI,SAM,14.84108,-61.1638,485.0,,,3000,100.0,ZNE,dev,noise,"bucket1$14,:3,:6001",
168,"bucket0$505,:3,:6001",,WI,SAM,14.84108,-61.1638,485.0,,,3000,100.0,ZNE,train,noise,"bucket0$137,:3,:6001",
169,"bucket0$506,:3,:6001",,WI,SAM,14.84108,-61.1638,485.0,,,3000,100.0,ZNE,train,noise,"bucket0$138,:3,:6001",
170,"bucket5$61,:3,:6001",,WI,SAM,14.84108,-61.1638,485.0,,,3000,100.0,ZNE,dev,noise,"bucket1$15,:3,:6001",
171,"bucket4$61,:3,:6001",,WI,SAM,14.84108,-61.1638,485.0,,,3000,100.0,ZNE,test,noise,"bucket2$16,:3,:6001",
172,"bucket0$507,:3,:6001",,WI,SAM,14.84108,-61.1638,485.0,,,3000,100.0,ZNE,train,noise,"bucket0$139,:3,:6001",
173,"bucket5$62,:3,:6001",,WI,SAM,14.84108,-61.1638,485.0,,,3000,100.0,ZNE,dev,noise,"bucket1$16,:3,:6001",
174,"bucket0$508,:3,:6001",,WI,SAM,14.84108,-61.1638,485.0,,,3000,100.0,ZNE,train,noise,"bucket0$140,:3,:6001",
175,"bucket5$63,:3,:6001",,WI,SAM,14.84108,-61.1638,485.0,,,3000,100.0,ZNE,dev,noise,"bucket1$17,:3,:6001",
176,"bucket5$64,:3,:6001",,WI,SAM,14.84108,-61.1638,485.0,,,3000,100.0,ZNE,dev,noise,"bucket1$18,:3,:6001",
177,"bucket0$509,:3,:6001",,WI,SAM,14.84108,-61.1638,485.0,,,3000,100.0,ZNE,train,noise,"bucket0$141,:3,:6001",
178,"bucket0$510,:3,:6001",,WI,SAM,14.84108,-61.1638,485.0,,,3000,100.0,ZNE,train,noise,"bucket0$142,:3,:6001",
179,"bucket0$511,:3,:6001",,WI,SAM,14.84108,-61.1638,485.0,,,3000,100.0,ZNE,train,noise,"bucket0$143,:3,:6001",
180,"bucket5$65,:3,:6001",,WI,SAM,14.84108,-61.1638,485.0,,,3000,100.0,ZNE,dev,noise,"bucket1$19,:3,:6001",
181,"bucket0$512,:3,:6001",,WI,SAM,14.84108,-61.1638,485.0,,,3000,100.0,ZNE,train,noise,"bucket0$144,:3,:6001",
182,"bucket0$513,:3,:6001",,WI,SAM,14.84108,-61.1638,485.0,,,3000,100.0,ZNE,train,noise,"bucket0$145,:3,:6001",
183,"bucket0$514,:3,:6001",,WI,SAM,14.84108,-61.1638,485.0,,,3000,100.0,ZNE,train,noise,"bucket0$146,:3,:6001",
184,"bucket0$515,:3,:6001",,WI,SAM,14.84108,-61.1638,485.0,,,3000,100.0,ZNE,train,noise,"bucket0$147,:3,:6001",
185,"bucket0$516,:3,:6001",,WI,SAM,14.84108,-61.1638,485.0,,,3000,100.0,ZNE,train,noise,"bucket0$148,:3,:6001",
186,"bucket5$66,:3,:6001",,WI,SAM,14.84108,-61.1638,485.0,,,3000,100.0,ZNE,dev,noise,"bucket1$20,:3,:6001",
187,"bucket0$517,:3,:6001",,WI,SAM,14.84108,-61.1638,485.0,,,3000,100.0,ZNE,train,noise,"bucket0$149,:3,:6001",
188,"bucket0$518,:3,:6001",,WI,SAM,14.84108,-61.1638,485.0,,,3000,100.0,ZNE,train,noise,"bucket0$150,:3,:6001",
189,"bucket0$519,:3,:6001",,WI,SAM,14.84108,-61.1638,485.0,,,3000,100.0,ZNE,train,noise,"bucket0$151,:3,:6001",
190,"bucket0$520,:3,:6001",,WI,SAM,14.84108,-61.1638,485.0,,,3000,100.0,ZNE,train,noise,"bucket0$152,:3,:6001",
191,"bucket0$521,:3,:6001",,WI,SAM,14.84108,-61.1638,485.0,,,3000,100.0,ZNE,train,noise,"bucket0$153,:3,:6001",
192,"bucket0$522,:3,:6001",,WI,SAM,14.84108,-61.1638,485.0,,,3000,100.0,ZNE,train,noise,"bucket0$154,:3,:6001",
193,"bucket0$523,:3,:6001",,WI,SAM,14.84108,-61.1638,485.0,,,3000,100.0,ZNE,train,noise,"bucket0$155,:3,:6001",
194,"bucket5$67,:3,:6001",,WI,SAM,14.84108,-61.1638,485.0,,,3000,100.0,ZNE,dev,noise,"bucket1$21,:3,:6001",
195,"bucket5$68,:3,:6001",,WI,SAM,14.84108,-61.1638,485.0,,,3000,100.0,ZNE,dev,noise,"bucket1$22,:3,:6001",
196,"bucket0$524,:3,:6001",,WI,SAM,14.84108,-61.1638,485.0,,,3000,100.0,ZNE,train,noise,"bucket0$156,:3,:6001",
197,"bucket0$525,:3,:6001",,WI,SAM,14.84108,-61.1638,485.0,,,3000,100.0,ZNE,train,noise,"bucket0$157,:3,:6001",
198,"bucket0$526,:3,:6001",,WI,SAM,14.84108,-61.1638,485.0,,,3000,100.0,ZNE,train,noise,"bucket0$158,:3,:6001",
199,"bucket4$62,:3,:6001",,WI,SAM,14.84108,-61.1638,485.0,,,3000,100.0,ZNE,test,noise,"bucket2$17,:3,:6001",
200,"bucket4$63,:3,:6001",,MQ,MLM,14.7846,-61.1786,370.0,,,3000,100.0,ZNE,test,noise,"bucket2$18,:3,:6001",
201,"bucket0$527,:3,:6001",,MQ,MLM,14.7846,-61.1786,370.0,,,3000,100.0,ZNE,train,noise,"bucket0$159,:3,:6001",
202,"bucket0$528,:3,:6001",,MQ,MLM,14.7846,-61.1786,370.0,,,3000,100.0,ZNE,train,noise,"bucket0$160,:3,:6001",
203,"bucket0$529,:3,:6001",,MQ,MLM,14.7846,-61.1786,370.0,,,3000,100.0,ZNE,train,noise,"bucket0$161,:3,:6001",
204,"bucket0$530,:3,:6001",,MQ,MLM,14.7846,-61.1786,370.0,,,3000,100.0,ZNE,train,noise,"bucket0$162,:3,:6001",
205,"bucket0$531,:3,:6001",,MQ,MLM,14.7846,-61.1786,370.0,,,3000,100.0,ZNE,train,noise,"bucket0$163,:3,:6001",
206,"bucket5$69,:3,:6001",,MQ,MLM,14.7846,-61.1786,370.0,,,3000,100.0,ZNE,dev,noise,"bucket1$23,:3,:6001",
207,"bucket0$532,:3,:6001",,MQ,MLM,14.7846,-61.1786,370.0,,,3000,100.0,ZNE,train,noise,"bucket0$164,:3,:6001",
208,"bucket0$533,:3,:6001",,MQ,MLM,14.7846,-61.1786,370.0,,,3000,100.0,ZNE,train,noise,"bucket0$165,:3,:6001",
209,"bucket0$534,:3,:6001",,MQ,MLM,14.7846,-61.1786,370.0,,,3000,100.0,ZNE,train,noise,"bucket0$166,:3,:6001",
210,"bucket0$535,:3,:6001",,MQ,MLM,14.7846,-61.1786,370.0,,,3000,100.0,ZNE,train,noise,"bucket0$167,:3,:6001",
211,"bucket0$536,:3,:6001",,MQ,MLM,14.7846,-61.1786,370.0,,,3000,100.0,ZNE,train,noise,"bucket0$168,:3,:6001",
212,"bucket0$537,:3,:6001",,MQ,MLM,14.7846,-61.1786,370.0,,,3000,100.0,ZNE,train,noise,"bucket0$169,:3,:6001",
213,"bucket4$64,:3,:6001",,MQ,MLM,14.7846,-61.1786,370.0,,,3000,100.0,ZNE,test,noise,"bucket2$19,:3,:6001",
214,"bucket0$538,:3,:6001",,MQ,MLM,14.7846,-61.1786,370.0,,,3000,100.0,ZNE,train,noise,"bucket0$170,:3,:6001",
215,"bucket0$539,:3,:6001",,MQ,MLM,14.7846,-61.1786,370.0,,,3000,100.0,ZNE,train,noise,"bucket0$171,:3,:6001",
216,"bucket0$540,:3,:6001",,MQ,MLM,14.7846,-61.1786,370.0,,,3000,100.0,ZNE,train,noise,"bucket0$172,:3,:6001",
217,"bucket0$541,:3,:6001",,MQ,MLM,14.7846,-61.1786,370.0,,,3000,100.0,ZNE,train,noise,"bucket0$173,:3,:6001",
218,"bucket0$542,:3,:6001",,MQ,MLM,14.7846,-61.1786,370.0,,,3000,100.0,ZNE,train,noise,"bucket0$174,:3,:6001",
219,"bucket0$543,:3,:6001",,MQ,MLM,14.7846,-61.1786,370.0,,,3000,100.0,ZNE,train,noise,"bucket0$175,:3,:6001",
220,"bucket4$65,:3,:6001",,MQ,MLM,14.7846,-61.1786,370.0,,,3000,100.0,ZNE,test,noise,"bucket2$20,:3,:6001",
221,"bucket0$544,:3,:6001",,MQ,MLM,14.7846,-61.1786,370.0,,,3000,100.0,ZNE,train,noise,"bucket0$176,:3,:6001",
222,"bucket0$545,:3,:6001",,MQ,MLM,14.7846,-61.1786,370.0,,,3000,100.0,ZNE,train,noise,"bucket0$177,:3,:6001",
223,"bucket0$546,:3,:6001",,MQ,MLM,14.7846,-61.1786,370.0,,,3000,100.0,ZNE,train,noise,"bucket0$178,:3,:6001",
224,"bucket5$70,:3,:6001",,MQ,MLM,14.7846,-61.1786,370.0,,,3000,100.0,ZNE,dev,noise,"bucket1$24,:3,:6001",
225,"bucket0$547,:3,:6001",,MQ,MLM,14.7846,-61.1786,370.0,,,3000,100.0,ZNE,train,noise,"bucket0$179,:3,:6001",
226,"bucket0$548,:3,:6001",,MQ,MLM,14.7846,-61.1786,370.0,,,3000,100.0,ZNE,train,noise,"bucket0$180,:3,:6001",
227,"bucket0$549,:3,:6001",,MQ,MLM,14.7846,-61.1786,370.0,,,3000,100.0,ZNE,train,noise,"bucket0$181,:3,:6001",
228,"bucket0$550,:3,:6001",,MQ,MLM,14.7846,-61.1786,370.0,,,3000,100.0,ZNE,train,noise,"bucket0$182,:3,:6001",
229,"bucket0$551,:3,:6001",,MQ,MLM,14.7846,-61.1786,370.0,,,3000,100.0,ZNE,train,noise,"bucket0$183,:3,:6001",
230,"bucket0$552,:3,:6001",,MQ,MLM,14.7846,-61.1786,370.0,,,3000,100.0,ZNE,train,noise,"bucket0$184,:3,:6001",
231,"bucket0$553,:3,:6001",,MQ,MLM,14.7846,-61.1786,370.0,,,3000,100.0,ZNE,train,noise,"bucket0$185,:3,:6001",
232,"bucket0$554,:3,:6001",,MQ,MLM,14.7846,-61.1786,370.0,,,3000,100.0,ZNE,train,noise,"bucket0$186,:3,:6001",
233,"bucket0$555,:3,:6001",,MQ,MLM,14.7846,-61.1786,370.0,,,3000,100.0,ZNE,train,noise,"bucket0$187,:3,:6001",
234,"bucket0$556,:3,:6001",,MQ,MLM,14.7846,-61.1786,370.0,,,3000,100.0,ZNE,train,noise,"bucket0$188,:3,:6001",
235,"bucket0$557,:3,:6001",,MQ,MLM,14.7846,-61.1786,370.0,,,3000,100.0,ZNE,train,noise,"bucket0$189,:3,:6001",
236,"bucket0$558,:3,:6001",,MQ,MLM,14.7846,-61.1786,370.0,,,3000,100.0,ZNE,train,noise,"bucket0$190,:3,:6001",
237,"bucket0$559,:3,:6001",,MQ,MLM,14.7846,-61.1786,370.0,,,3000,100.0,ZNE,train,noise,"bucket0$191,:3,:6001",
238,"bucket0$560,:3,:6001",,MQ,MLM,14.7846,-61.1786,370.0,,,3000,100.0,ZNE,train,noise,"bucket0$192,:3,:6001",
239,"bucket5$71,:3,:6001",,MQ,MLM,14.7846,-61.1786,370.0,,,3000,100.0,ZNE,dev,noise,"bucket1$25,:3,:6001",
240,"bucket0$561,:3,:6001",,MQ,MLM,14.7846,-61.1786,370.0,,,3000,100.0,ZNE,train,noise,"bucket0$193,:3,:6001",
241,"bucket0$562,:3,:6001",,MQ,MLM,14.7846,-61.1786,370.0,,,3000,100.0,ZNE,train,noise,"bucket0$194,:3,:6001",
242,"bucket5$72,:3,:6001",,MQ,MLM,14.7846,-61.1786,370.0,,,3000,100.0,ZNE,dev,noise,"bucket1$26,:3,:6001",
243,"bucket0$563,:3,:6001",,MQ,MLM,14.7846,-61.1786,370.0,,,3000,100.0,ZNE,train,noise,"bucket0$195,:3,:6001",
244,"bucket0$564,:3,:6001",,MQ,MLM,14.7846,-61.1786,370.0,,,3000,100.0,ZNE,train,noise,"bucket0$196,:3,:6001",
245,"bucket0$565,:3,:6001",,MQ,MLM,14.7846,-61.1786,370.0,,,3000,100.0,ZNE,train,noise,"bucket0$197,:3,:6001",
246,"bucket0$566,:3,:6001",,MQ,MLM,14.7846,-61.1786,370.0,,,3000,100.0,ZNE,train,noise,"bucket0$198,:3,:6001",
247,"bucket0$567,:3,:6001",,MQ,MLM,14.7846,-61.1786,370.0,,,3000,100.0,ZNE,train,noise,"bucket0$199,:3,:6001",
248,"bucket0$568,:3,:6001",,MQ,MLM,14.7846,-61.1786,370.0,,,3000,100.0,ZNE,train,noise,"bucket0$200,:3,:6001",
249,"bucket0$569,:3,:6001",,MQ,MLM,14.7846,-61.1786,370.0,,,3000,100.0,ZNE,train,noise,"bucket0$201,:3,:6001",
250,"bucket0$570,:3,:6001",,MQ,MLM,14.7846,-61.1786,370.0,,,3000,100.0,ZNE,train,noise,"bucket0$202,:3,:6001",
251,"bucket0$571,:3,:6001",,MQ,MLM,14.7846,-61.1786,370.0,,,3000,100.0,ZNE,train,noise,"bucket0$203,:3,:6001",
252,"bucket0$572,:3,:6001",,MQ,MLM,14.7846,-61.1786,370.0,,,3000,100.0,ZNE,train,noise,"bucket0$204,:3,:6001",
253,"bucket0$573,:3,:6001",,MQ,MLM,14.7846,-61.1786,370.0,,,3000,100.0,ZNE,train,noise,"bucket0$205,:3,:6001",
254,"bucket0$574,:3,:6001",,MQ,MLM,14.7846,-61.1786,370.0,,,3000,100.0,ZNE,train,noise,"bucket0$206,:3,:6001",
255,"bucket5$73,:3,:6001",,MQ,MLM,14.7846,-61.1786,370.0,,,3000,100.0,ZNE,dev,noise,"bucket1$27,:3,:6001",
256,"bucket0$575,:3,:6001",,MQ,MLM,14.7846,-61.1786,370.0,,,3000,100.0,ZNE,train,noise,"bucket0$207,:3,:6001",
257,"bucket0$576,:3,:6001",,MQ,MLM,14.7846,-61.1786,370.0,,,3000,100.0,ZNE,train,noise,"bucket0$208,:3,:6001",
258,"bucket0$577,:3,:6001",,MQ,MLM,14.7846,-61.1786,370.0,,,3000,100.0,ZNE,train,noise,"bucket0$209,:3,:6001",
259,"bucket5$74,:3,:6001",,MQ,MLM,14.7846,-61.1786,370.0,,,3000,100.0,ZNE,dev,noise,"bucket1$28,:3,:6001",
260,"bucket0$578,:3,:6001",,MQ,MLM,14.7846,-61.1786,370.0,,,3000,100.0,ZNE,train,noise,"bucket0$210,:3,:6001",
261,"bucket4$66,:3,:6001",,MQ,MLM,14.7846,-61.1786,370.0,,,3000,100.0,ZNE,test,noise,"bucket2$21,:3,:6001",
262,"bucket0$579,:3,:6001",,MQ,MLM,14.7846,-61.1786,370.0,,,3000,100.0,ZNE,train,noise,"bucket0$211,:3,:6001",
263,"bucket0$580,:3,:6001",,MQ,MLM,14.7846,-61.1786,370.0,,,3000,100.0,ZNE,train,noise,"bucket0$212,:3,:6001",
264,"bucket0$581,:3,:6001",,MQ,MLM,14.7846,-61.1786,370.0,,,3000,100.0,ZNE,train,noise,"bucket0$213,:3,:6001",
265,"bucket4$67,:3,:6001",,MQ,MLM,14.7846,-61.1786,370.0,,,3000,100.0,ZNE,test,noise,"bucket2$22,:3,:6001",
266,"bucket0$582,:3,:6001",,MQ,MLM,14.7846,-61.1786,370.0,,,3000,100.0,ZNE,train,noise,"bucket0$214,:3,:6001",
267,"bucket5$75,:3,:6001",,MQ,MLM,14.7846,-61.1786,370.0,,,3000,100.0,ZNE,dev,noise,"bucket1$29,:3,:6001",
268,"bucket5$76,:3,:6001",,MQ,MLM,14.7846,-61.1786,370.0,,,3000,100.0,ZNE,dev,noise,"bucket1$30,:3,:6001",
269,"bucket0$583,:3,:6001",,MQ,MLM,14.7846,-61.1786,370.0,,,3000,100.0,ZNE,train,noise,"bucket0$215,:3,:6001",
270,"bucket0$584,:3,:6001",,MQ,MLM,14.7846,-61.1786,370.0,,,3000,100.0,ZNE,train,noise,"bucket0$216,:3,:6001",
271,"bucket0$585,:3,:6001",,MQ,MLM,14.7846,-61.1786,370.0,,,3000,100.0,ZNE,train,noise,"bucket0$217,:3,:6001",
272,"bucket0$586,:3,:6001",,MQ,MLM,14.7846,-61.1786,370.0,,,3000,100.0,ZNE,train,noise,"bucket0$218,:3,:6001",
273,"bucket5$77,:3,:6001",,MQ,MLM,14.7846,-61.1786,370.0,,,3000,100.0,ZNE,dev,noise,"bucket1$31,:3,:6001",
274,"bucket0$587,:3,:6001",,MQ,MLM,14.7846,-61.1786,370.0,,,3000,100.0,ZNE,train,noise,"bucket0$219,:3,:6001",
275,"bucket0$588,:3,:6001",,MQ,MLM,14.7846,-61.1786,370.0,,,3000,100.0,ZNE,train,noise,"bucket0$220,:3,:6001",
276,"bucket0$589,:3,:6001",,MQ,MLM,14.7846,-61.1786,370.0,,,3000,100.0,ZNE,train,noise,"bucket0$221,:3,:6001",
277,"bucket0$590,:3,:6001",,MQ,MLM,14.7846,-61.1786,370.0,,,3000,100.0,ZNE,train,noise,"bucket0$222,:3,:6001",
278,"bucket4$68,:3,:6001",,MQ,MLM,14.7846,-61.1786,370.0,,,3000,100.0,ZNE,test,noise,"bucket2$23,:3,:6001",
279,"bucket0$591,:3,:6001",,MQ,MLM,14.7846,-61.1786,370.0,,,3000,100.0,ZNE,train,noise,"bucket0$223,:3,:6001",
280,"bucket0$592,:3,:6001",,MQ,MLM,14.7846,-61.1786,370.0,,,3000,100.0,ZNE,train,noise,"bucket0$224,:3,:6001",
281,"bucket0$593,:3,:6001",,MQ,MLM,14.7846,-61.1786,370.0,,,3000,100.0,ZNE,train,noise,"bucket0$225,:3,:6001",
282,"bucket0$594,:3,:6001",,MQ,MLM,14.7846,-61.1786,370.0,,,3000,100.0,ZNE,train,noise,"bucket0$226,:3,:6001",
283,"bucket0$595,:3,:6001",,MQ,MLM,14.7846,-61.1786,370.0,,,3000,100.0,ZNE,train,noise,"bucket0$227,:3,:6001",
284,"bucket0$596,:3,:6001",,MQ,MLM,14.7846,-61.1786,370.0,,,3000,100.0,ZNE,train,noise,"bucket0$228,:3,:6001",
285,"bucket0$597,:3,:6001",,MQ,MLM,14.7846,-61.1786,370.0,,,3000,100.0,ZNE,train,noise,"bucket0$229,:3,:6001",
286,"bucket0$598,:3,:6001",,MQ,MLM,14.7846,-61.1786,370.0,,,3000,100.0,ZNE,train,noise,"bucket0$230,:3,:6001",
287,"bucket0$599,:3,:6001",,MQ,MLM,14.7846,-61.1786,370.0,,,3000,100.0,ZNE,train,noise,"bucket0$231,:3,:6001",
288,"bucket0$600,:3,:6001",,MQ,MLM,14.7846,-61.1786,370.0,,,3000,100.0,ZNE,train,noise,"bucket0$232,:3,:6001",
289,"bucket0$601,:3,:6001",,MQ,MLM,14.7846,-61.1786,370.0,,,3000,100.0,ZNE,train,noise,"bucket0$233,:3,:6001",
290,"bucket0$602,:3,:6001",,MQ,MLM,14.7846,-61.1786,370.0,,,3000,100.0,ZNE,train,noise,"bucket0$234,:3,:6001",
291,"bucket5$78,:3,:6001",,MQ,MLM,14.7846,-61.1786,370.0,,,3000,100.0,ZNE,dev,noise,"bucket1$32,:3,:6001",
292,"bucket0$603,:3,:6001",,MQ,MLM,14.7846,-61.1786,370.0,,,3000,100.0,ZNE,train,noise,"bucket0$235,:3,:6001",
293,"bucket4$69,:3,:6001",,MQ,MLM,14.7846,-61.1786,370.0,,,3000,100.0,ZNE,test,noise,"bucket2$24,:3,:6001",
294,"bucket0$604,:3,:6001",,MQ,MLM,14.7846,-61.1786,370.0,,,3000,100.0,ZNE,train,noise,"bucket0$236,:3,:6001",
295,"bucket0$605,:3,:6001",,MQ,MLM,14.7846,-61.1786,370.0,,,3000,100.0,ZNE,train,noise,"bucket0$237,:3,:6001",
296,"bucket0$606,:3,:6001",,MQ,MLM,14.7846,-61.1786,370.0,,,3000,100.0,ZNE,train,noise,"bucket0$238,:3,:6001",
297,"bucket5$79,:3,:6001",,MQ,MLM,14.7846,-61.1786,370.0,,,3000,100.0,ZNE,dev,noise,"bucket1$33,:3,:6001",
298,"bucket0$607,:3,:6001",,MQ,MLM,14.7846,-61.1786,370.0,,,3000,100.0,ZNE,train,noise,"bucket0$239,:3,:6001",
299,"bucket4$70,:3,:6001",,MQ,MLM,14.7846,-61.1786,370.0,,,3000,100.0,ZNE,test,noise,"bucket2$25,:3,:6001",
300,"bucket0$608,:3,:6001",,MQ,GBM,14.799451,-61.159276,800.0,,,3000,100.0,ZNE,train,noise,"bucket0$240,:3,:6001",
301,"bucket0$609,:3,:6001",,MQ,GBM,14.799451,-61.159276,800.0,,,3000,100.0,ZNE,train,noise,"bucket0$241,:3,:6001",
302,"bucket5$80,:3,:6001",,MQ,GBM,14.799451,-61.159276,800.0,,,3000,100.0,ZNE,dev,noise,"bucket1$34,:3,:6001",
303,"bucket0$610,:3,:6001",,MQ,GBM,14.799451,-61.159276,800.0,,,3000,100.0,ZNE,train,noise,"bucket0$242,:3,:6001",
304,"bucket0$611,:3,:6001",,MQ,GBM,14.799451,-61.159276,800.0,,,3000,100.0,ZNE,train,noise,"bucket0$243,:3,:6001",
305,"bucket0$612,:3,:6001",,MQ,GBM,14.799451,-61.159276,800.0,,,3000,100.0,ZNE,train,noise,"bucket0$244,:3,:6001",
306,"bucket4$71,:3,:6001",,MQ,GBM,14.799451,-61.159276,800.0,,,3000,100.0,ZNE,test,noise,"bucket2$26,:3,:6001",
307,"bucket0$613,:3,:6001",,MQ,GBM,14.799451,-61.159276,800.0,,,3000,100.0,ZNE,train,noise,"bucket0$245,:3,:6001",
308,"bucket0$614,:3,:6001",,MQ,GBM,14.799451,-61.159276,800.0,,,3000,100.0,ZNE,train,noise,"bucket0$246,:3,:6001",
309,"bucket0$615,:3,:6001",,MQ,GBM,14.799451,-61.159276,800.0,,,3000,100.0,ZNE,train,noise,"bucket0$247,:3,:6001",
310,"bucket0$616,:3,:6001",,MQ,GBM,14.799451,-61.159276,800.0,,,3000,100.0,ZNE,train,noise,"bucket0$248,:3,:6001",
311,"bucket0$617,:3,:6001",,MQ,GBM,14.799451,-61.159276,800.0,,,3000,100.0,ZNE,train,noise,"bucket0$249,:3,:6001",
312,"bucket0$618,:3,:6001",,MQ,GBM,14.799451,-61.159276,800.0,,,3000,100.0,ZNE,train,noise,"bucket0$250,:3,:6001",
313,"bucket0$619,:3,:6001",,MQ,GBM,14.799451,-61.159276,800.0,,,3000,100.0,ZNE,train,noise,"bucket0$251,:3,:6001",
314,"bucket5$81,:3,:6001",,MQ,GBM,14.799451,-61.159276,800.0,,,3000,100.0,ZNE,dev,noise,"bucket1$35,:3,:6001",
315,"bucket0$620,:3,:6001",,MQ,GBM,14.799451,-61.159276,800.0,,,3000,100.0,ZNE,train,noise,"bucket0$252,:3,:6001",
316,"bucket0$621,:3,:6001",,MQ,GBM,14.799451,-61.159276,800.0,,,3000,100.0,ZNE,train,noise,"bucket0$253,:3,:6001",
317,"bucket0$622,:3,:6001",,MQ,GBM,14.799451,-61.159276,800.0,,,3000,100.0,ZNE,train,noise,"bucket0$254,:3,:6001",
318,"bucket0$623,:3,:6001",,MQ,GBM,14.799451,-61.159276,800.0,,,3000,100.0,ZNE,train,noise,"bucket0$255,:3,:6001",
319,"bucket4$72,:3,:6001",,MQ,GBM,14.799451,-61.159276,800.0,,,3000,100.0,ZNE,test,noise,"bucket2$27,:3,:6001",
320,"bucket0$624,:3,:6001",,MQ,GBM,14.799451,-61.159276,800.0,,,3000,100.0,ZNE,train,noise,"bucket0$256,:3,:6001",
321,"bucket4$73,:3,:6001",,MQ,GBM,14.799451,-61.159276,800.0,,,3000,100.0,ZNE,test,noise,"bucket2$28,:3,:6001",
322,"bucket0$625,:3,:6001",,MQ,GBM,14.799451,-61.159276,800.0,,,3000,100.0,ZNE,train,noise,"bucket0$257,:3,:6001",
323,"bucket0$626,:3,:6001",,MQ,GBM,14.799451,-61.159276,800.0,,,3000,100.0,ZNE,train,noise,"bucket0$258,:3,:6001",
324,"bucket4$74,:3,:6001",,MQ,GBM,14.799451,-61.159276,800.0,,,3000,100.0,ZNE,test,noise,"bucket2$29,:3,:6001",
325,"bucket0$627,:3,:6001",,MQ,GBM,14.799451,-61.159276,800.0,,,3000,100.0,ZNE,train,noise,"bucket0$259,:3,:6001",
326,"bucket0$628,:3,:6001",,MQ,GBM,14.799451,-61.159276,800.0,,,3000,100.0,ZNE,train,noise,"bucket0$260,:3,:6001",
327,"bucket0$629,:3,:6001",,MQ,GBM,14.799451,-61.159276,800.0,,,3000,100.0,ZNE,train,noise,"bucket0$261,:3,:6001",
328,"bucket0$630,:3,:6001",,MQ,GBM,14.799451,-61.159276,800.0,,,3000,100.0,ZNE,train,noise,"bucket0$262,:3,:6001",
329,"bucket0$631,:3,:6001",,MQ,GBM,14.799451,-61.159276,800.0,,,3000,100.0,ZNE,train,noise,"bucket0$263,:3,:6001",
330,"bucket0$632,:3,:6001",,MQ,GBM,14.799451,-61.159276,800.0,,,3000,100.0,ZNE,train,noise,"bucket0$264,:3,:6001",
331,"bucket0$633,:3,:6001",,MQ,GBM,14.799451,-61.159276,800.0,,,3000,100.0,ZNE,train,noise,"bucket0$265,:3,:6001",
332,"bucket0$634,:3,:6001",,MQ,GBM,14.799451,-61.159276,800.0,,,3000,100.0,ZNE,train,noise,"bucket0$266,:3,:6001",
333,"bucket0$635,:3,:6001",,MQ,GBM,14.799451,-61.159276,800.0,,,3000,100.0,ZNE,train,noise,"bucket0$267,:3,:6001",
334,"bucket0$636,:3,:6001",,MQ,GBM,14.799451,-61.159276,800.0,,,3000,100.0,ZNE,train,noise,"bucket0$268,:3,:6001",
335,"bucket0$637,:3,:6001",,MQ,GBM,14.799451,-61.159276,800.0,,,3000,100.0,ZNE,train,noise,"bucket0$269,:3,:6001",
336,"bucket0$638,:3,:6001",,MQ,GBM,14.799451,-61.159276,800.0,,,3000,100.0,ZNE,train,noise,"bucket0$270,:3,:6001",
337,"bucket5$82,:3,:6001",,MQ,GBM,14.799451,-61.159276,800.0,,,3000,100.0,ZNE,dev,noise,"bucket1$36,:3,:6001",
338,"bucket0$639,:3,:6001",,MQ,GBM,14.799451,-61.159276,800.0,,,3000,100.0,ZNE,train,noise,"bucket0$271,:3,:6001",
339,"bucket5$83,:3,:6001",,MQ,GBM,14.799451,-61.159276,800.0,,,3000,100.0,ZNE,dev,noise,"bucket1$37,:3,:6001",
340,"bucket4$75,:3,:6001",,MQ,GBM,14.799451,-61.159276,800.0,,,3000,100.0,ZNE,test,noise,"bucket2$30,:3,:6001",
341,"bucket0$640,:3,:6001",,MQ,GBM,14.799451,-61.159276,800.0,,,3000,100.0,ZNE,train,noise,"bucket0$272,:3,:6001",
342,"bucket4$76,:3,:6001",,MQ,GBM,14.799451,-61.159276,800.0,,,3000,100.0,ZNE,test,noise,"bucket2$31,:3,:6001",
343,"bucket0$641,:3,:6001",,MQ,GBM,14.799451,-61.159276,800.0,,,3000,100.0,ZNE,train,noise,"bucket0$273,:3,:6001",
344,"bucket0$642,:3,:6001",,MQ,GBM,14.799451,-61.159276,800.0,,,3000,100.0,ZNE,train,noise,"bucket0$274,:3,:6001",
345,"bucket0$643,:3,:6001",,MQ,GBM,14.799451,-61.159276,800.0,,,3000,100.0,ZNE,train,noise,"bucket0$275,:3,:6001",
346,"bucket0$644,:3,:6001",,MQ,GBM,14.799451,-61.159276,800.0,,,3000,100.0,ZNE,train,noise,"bucket0$276,:3,:6001",
347,"bucket0$645,:3,:6001",,MQ,GBM,14.799451,-61.159276,800.0,,,3000,100.0,ZNE,train,noise,"bucket0$277,:3,:6001",
348,"bucket5$84,:3,:6001",,MQ,GBM,14.799451,-61.159276,800.0,,,3000,100.0,ZNE,dev,noise,"bucket1$38,:3,:6001",
349,"bucket4$77,:3,:6001",,MQ,GBM,14.799451,-61.159276,800.0,,,3000,100.0,ZNE,test,noise,"bucket2$32,:3,:6001",
350,"bucket0$646,:3,:6001",,MQ,GBM,14.799451,-61.159276,800.0,,,3000,100.0,ZNE,train,noise,"bucket0$278,:3,:6001",
351,"bucket0$647,:3,:6001",,MQ,GBM,14.799451,-61.159276,800.0,,,3000,100.0,ZNE,train,noise,"bucket0$279,:3,:6001",
352,"bucket0$648,:3,:6001",,MQ,GBM,14.799451,-61.159276,800.0,,,3000,100.0,ZNE,train,noise,"bucket0$280,:3,:6001",
353,"bucket0$649,:3,:6001",,MQ,GBM,14.799451,-61.159276,800.0,,,3000,100.0,ZNE,train,noise,"bucket0$281,:3,:6001",
354,"bucket0$650,:3,:6001",,MQ,GBM,14.799451,-61.159276,800.0,,,3000,100.0,ZNE,train,noise,"bucket0$282,:3,:6001",
355,"bucket0$651,:3,:6001",,MQ,GBM,14.799451,-61.159276,800.0,,,3000,100.0,ZNE,train,noise,"bucket0$283,:3,:6001",
356,"bucket0$652,:3,:6001",,MQ,GBM,14.799451,-61.159276,800.0,,,3000,100.0,ZNE,train,noise,"bucket0$284,:3,:6001",
357,"bucket0$653,:3,:6001",,MQ,GBM,14.799451,-61.159276,800.0,,,3000,100.0,ZNE,train,noise,"bucket0$285,:3,:6001",
358,"bucket5$85,:3,:6001",,MQ,GBM,14.799451,-61.159276,800.0,,,3000,100.0,ZNE,dev,noise,"bucket1$39,:3,:6001",
359,"bucket0$654,:3,:6001",,MQ,GBM,14.799451,-61.159276,800.0,,,3000,100.0,ZNE,train,noise,"bucket0$286,:3,:6001",
360,"bucket0$655,:3,:6001",,MQ,GBM,14.799451,-61.159276,800.0,,,3000,100.0,ZNE,train,noise,"bucket0$287,:3,:6001",
361,"bucket0$656,:3,:6001",,MQ,GBM,14.799451,-61.159276,800.0,,,3000,100.0,ZNE,train,noise,"bucket0$288,:3,:6001",
362,"bucket0$657,:3,:6001",,MQ,GBM,14.799451,-61.159276,800.0,,,3000,100.0,ZNE,train,noise,"bucket0$289,:3,:6001",
363,"bucket0$658,:3,:6001",,MQ,GBM,14.799451,-61.159276,800.0,,,3000,100.0,ZNE,train,noise,"bucket0$290,:3,:6001",
364,"bucket5$86,:3,:6001",,MQ,GBM,14.799451,-61.159276,800.0,,,3000,100.0,ZNE,dev,noise,"bucket1$40,:3,:6001",
365,"bucket5$87,:3,:6001",,MQ,GBM,14.799451,-61.159276,800.0,,,3000,100.0,ZNE,dev,noise,"bucket1$41,:3,:6001",
366,"bucket0$659,:3,:6001",,MQ,GBM,14.799451,-61.159276,800.0,,,3000,100.0,ZNE,train,noise,"bucket0$291,:3,:6001",
367,"bucket4$78,:3,:6001",,MQ,GBM,14.799451,-61.159276,800.0,,,3000,100.0,ZNE,test,noise,"bucket2$33,:3,:6001",
368,"bucket0$660,:3,:6001",,MQ,GBM,14.799451,-61.159276,800.0,,,3000,100.0,ZNE,train,noise,"bucket0$292,:3,:6001",
369,"bucket0$661,:3,:6001",,MQ,GBM,14.799451,-61.159276,800.0,,,3000,100.0,ZNE,train,noise,"bucket0$293,:3,:6001",
370,"bucket0$662,:3,:6001",,MQ,GBM,14.799451,-61.159276,800.0,,,3000,100.0,ZNE,train,noise,"bucket0$294,:3,:6001",
371,"bucket0$663,:3,:6001",,MQ,GBM,14.799451,-61.159276,800.0,,,3000,100.0,ZNE,train,noise,"bucket0$295,:3,:6001",
372,"bucket0$664,:3,:6001",,MQ,GBM,14.799451,-61.159276,800.0,,,3000,100.0,ZNE,train,noise,"bucket0$296,:3,:6001",
373,"bucket0$665,:3,:6001",,MQ,GBM,14.799451,-61.159276,800.0,,,3000,100.0,ZNE,train,noise,"bucket0$297,:3,:6001",
374,"bucket0$666,:3,:6001",,MQ,GBM,14.799451,-61.159276,800.0,,,3000,100.0,ZNE,train,noise,"bucket0$298,:3,:6001",
375,"bucket0$667,:3,:6001",,MQ,GBM,14.799451,-61.159276,800.0,,,3000,100.0,ZNE,train,noise,"bucket0$299,:3,:6001",
376,"bucket0$668,:3,:6001",,MQ,GBM,14.799451,-61.159276,800.0,,,3000,100.0,ZNE,train,noise,"bucket0$300,:3,:6001",
377,"bucket0$669,:3,:6001",,MQ,GBM,14.799451,-61.159276,800.0,,,3000,100.0,ZNE,train,noise,"bucket0$301,:3,:6001",
378,"bucket0$670,:3,:6001",,MQ,GBM,14.799451,-61.159276,800.0,,,3000,100.0,ZNE,train,noise,"bucket0$302,:3,:6001",
379,"bucket0$671,:3,:6001",,MQ,GBM,14.799451,-61.159276,800.0,,,3000,100.0,ZNE,train,noise,"bucket0$303,:3,:6001",
380,"bucket0$672,:3,:6001",,MQ,GBM,14.799451,-61.159276,800.0,,,3000,100.0,ZNE,train,noise,"bucket0$304,:3,:6001",
381,"bucket0$673,:3,:6001",,MQ,GBM,14.799451,-61.159276,800.0,,,3000,100.0,ZNE,train,noise,"bucket0$305,:3,:6001",
382,"bucket0$674,:3,:6001",,MQ,GBM,14.799451,-61.159276,800.0,,,3000,100.0,ZNE,train,noise,"bucket0$306,:3,:6001",
383,"bucket0$675,:3,:6001",,MQ,GBM,14.799451,-61.159276,800.0,,,3000,100.0,ZNE,train,noise,"bucket0$307,:3,:6001",
384,"bucket0$676,:3,:6001",,MQ,GBM,14.799451,-61.159276,800.0,,,3000,100.0,ZNE,train,noise,"bucket0$308,:3,:6001",
385,"bucket4$79,:3,:6001",,MQ,GBM,14.799451,-61.159276,800.0,,,3000,100.0,ZNE,test,noise,"bucket2$34,:3,:6001",
386,"bucket4$80,:3,:6001",,MQ,GBM,14.799451,-61.159276,800.0,,,3000,100.0,ZNE,test,noise,"bucket2$35,:3,:6001",
387,"bucket4$81,:3,:6001",,MQ,GBM,14.799451,-61.159276,800.0,,,3000,100.0,ZNE,test,noise,"bucket2$36,:3,:6001",
388,"bucket0$677,:3,:6001",,MQ,GBM,14.799451,-61.159276,800.0,,,3000,100.0,ZNE,train,noise,"bucket0$309,:3,:6001",
389,"bucket0$678,:3,:6001",,MQ,GBM,14.799451,-61.159276,800.0,,,3000,100.0,ZNE,train,noise,"bucket0$310,:3,:6001",
390,"bucket0$679,:3,:6001",,MQ,GBM,14.799451,-61.159276,800.0,,,3000,100.0,ZNE,train,noise,"bucket0$311,:3,:6001",
391,"bucket0$680,:3,:6001",,MQ,GBM,14.799451,-61.159276,800.0,,,3000,100.0,ZNE,train,noise,"bucket0$312,:3,:6001",
392,"bucket0$681,:3,:6001",,MQ,GBM,14.799451,-61.159276,800.0,,,3000,100.0,ZNE,train,noise,"bucket0$313,:3,:6001",
393,"bucket0$682,:3,:6001",,MQ,GBM,14.799451,-61.159276,800.0,,,3000,100.0,ZNE,train,noise,"bucket0$314,:3,:6001",
394,"bucket0$683,:3,:6001",,MQ,GBM,14.799451,-61.159276,800.0,,,3000,100.0,ZNE,train,noise,"bucket0$315,:3,:6001",
395,"bucket0$684,:3,:6001",,MQ,GBM,14.799451,-61.159276,800.0,,,3000,100.0,ZNE,train,noise,"bucket0$316,:3,:6001",
396,"bucket5$88,:3,:6001",,MQ,GBM,14.799451,-61.159276,800.0,,,3000,100.0,ZNE,dev,noise,"bucket1$42,:3,:6001",
397,"bucket0$685,:3,:6001",,MQ,GBM,14.799451,-61.159276,800.0,,,3000,100.0,ZNE,train,noise,"bucket0$317,:3,:6001",
398,"bucket5$89,:3,:6001",,MQ,GBM,14.799451,-61.159276,800.0,,,3000,100.0,ZNE,dev,noise,"bucket1$43,:3,:6001",
399,"bucket0$686,:3,:6001",,MQ,GBM,14.799451,-61.159276,800.0,,,3000,100.0,ZNE,train,noise,"bucket0$318,:3,:6001",
400,"bucket5$90,:3,:6001",,MQ,CPM,14.8168,-61.2074,242.0,,,3000,100.0,ZNE,dev,noise,"bucket1$44,:3,:6001",
401,"bucket0$687,:3,:6001",,MQ,CPM,14.8168,-61.2074,242.0,,,3000,100.0,ZNE,train,noise,"bucket0$319,:3,:6001",
402,"bucket0$688,:3,:6001",,MQ,CPM,14.8168,-61.2074,242.0,,,3000,100.0,ZNE,train,noise,"bucket0$320,:3,:6001",
403,"bucket0$689,:3,:6001",,MQ,CPM,14.8168,-61.2074,242.0,,,3000,100.0,ZNE,train,noise,"bucket0$321,:3,:6001",
404,"bucket0$690,:3,:6001",,MQ,CPM,14.8168,-61.2074,242.0,,,3000,100.0,ZNE,train,noise,"bucket0$322,:3,:6001",
405,"bucket0$691,:3,:6001",,MQ,CPM,14.8168,-61.2074,242.0,,,3000,100.0,ZNE,train,noise,"bucket0$323,:3,:6001",
406,"bucket0$692,:3,:6001",,MQ,CPM,14.8168,-61.2074,242.0,,,3000,100.0,ZNE,train,noise,"bucket0$324,:3,:6001",
407,"bucket0$693,:3,:6001",,MQ,CPM,14.8168,-61.2074,242.0,,,3000,100.0,ZNE,train,noise,"bucket0$325,:3,:6001",
408,"bucket0$694,:3,:6001",,MQ,CPM,14.8168,-61.2074,242.0,,,3000,100.0,ZNE,train,noise,"bucket0$326,:3,:6001",
409,"bucket0$695,:3,:6001",,MQ,CPM,14.8168,-61.2074,242.0,,,3000,100.0,ZNE,train,noise,"bucket0$327,:3,:6001",
410,"bucket0$696,:3,:6001",,MQ,CPM,14.8168,-61.2074,242.0,,,3000,100.0,ZNE,train,noise,"bucket0$328,:3,:6001",
411,"bucket0$697,:3,:6001",,MQ,CPM,14.8168,-61.2074,242.0,,,3000,100.0,ZNE,train,noise,"bucket0$329,:3,:6001",
412,"bucket0$698,:3,:6001",,MQ,CPM,14.8168,-61.2074,242.0,,,3000,100.0,ZNE,train,noise,"bucket0$330,:3,:6001",
413,"bucket0$699,:3,:6001",,MQ,CPM,14.8168,-61.2074,242.0,,,3000,100.0,ZNE,train,noise,"bucket0$331,:3,:6001",
414,"bucket0$700,:3,:6001",,MQ,CPM,14.8168,-61.2074,242.0,,,3000,100.0,ZNE,train,noise,"bucket0$332,:3,:6001",
415,"bucket0$701,:3,:6001",,MQ,CPM,14.8168,-61.2074,242.0,,,3000,100.0,ZNE,train,noise,"bucket0$333,:3,:6001",
416,"bucket0$702,:3,:6001",,MQ,CPM,14.8168,-61.2074,242.0,,,3000,100.0,ZNE,train,noise,"bucket0$334,:3,:6001",
417,"bucket0$703,:3,:6001",,MQ,CPM,14.8168,-61.2074,242.0,,,3000,100.0,ZNE,train,noise,"bucket0$335,:3,:6001",
418,"bucket0$704,:3,:6001",,MQ,CPM,14.8168,-61.2074,242.0,,,3000,100.0,ZNE,train,noise,"bucket0$336,:3,:6001",
419,"bucket0$705,:3,:6001",,MQ,CPM,14.8168,-61.2074,242.0,,,3000,100.0,ZNE,train,noise,"bucket0$337,:3,:6001",
420,"bucket0$706,:3,:6001",,MQ,CPM,14.8168,-61.2074,242.0,,,3000,100.0,ZNE,train,noise,"bucket0$338,:3,:6001",
421,"bucket0$707,:3,:6001",,MQ,CPM,14.8168,-61.2074,242.0,,,3000,100.0,ZNE,train,noise,"bucket0$339,:3,:6001",
422,"bucket0$708,:3,:6001",,MQ,CPM,14.8168,-61.2074,242.0,,,3000,100.0,ZNE,train,noise,"bucket0$340,:3,:6001",
423,"bucket0$709,:3,:6001",,MQ,CPM,14.8168,-61.2074,242.0,,,3000,100.0,ZNE,train,noise,"bucket0$341,:3,:6001",
424,"bucket0$710,:3,:6001",,MQ,CPM,14.8168,-61.2074,242.0,,,3000,100.0,ZNE,train,noise,"bucket0$342,:3,:6001",
425,"bucket0$711,:3,:6001",,MQ,CPM,14.8168,-61.2074,242.0,,,3000,100.0,ZNE,train,noise,"bucket0$343,:3,:6001",
426,"bucket0$712,:3,:6001",,MQ,CPM,14.8168,-61.2074,242.0,,,3000,100.0,ZNE,train,noise,"bucket0$344,:3,:6001",
427,"bucket0$713,:3,:6001",,MQ,CPM,14.8168,-61.2074,242.0,,,3000,100.0,ZNE,train,noise,"bucket0$345,:3,:6001",
428,"bucket0$714,:3,:6001",,MQ,CPM,14.8168,-61.2074,242.0,,,3000,100.0,ZNE,train,noise,"bucket0$346,:3,:6001",
429,"bucket0$715,:3,:6001",,MQ,CPM,14.8168,-61.2074,242.0,,,3000,100.0,ZNE,train,noise,"bucket0$347,:3,:6001",
430,"bucket0$716,:3,:6001",,MQ,CPM,14.8168,-61.2074,242.0,,,3000,100.0,ZNE,train,noise,"bucket0$348,:3,:6001",
431,"bucket5$91,:3,:6001",,MQ,CPM,14.8168,-61.2074,242.0,,,3000,100.0,ZNE,dev,noise,"bucket1$45,:3,:6001",
432,"bucket0$717,:3,:6001",,MQ,CPM,14.8168,-61.2074,242.0,,,3000,100.0,ZNE,train,noise,"bucket0$349,:3,:6001",
433,"bucket0$718,:3,:6001",,MQ,CPM,14.8168,-61.2074,242.0,,,3000,100.0,ZNE,train,noise,"bucket0$350,:3,:6001",
434,"bucket0$719,:3,:6001",,MQ,CPM,14.8168,-61.2074,242.0,,,3000,100.0,ZNE,train,noise,"bucket0$351,:3,:6001",
435,"bucket0$720,:3,:6001",,MQ,CPM,14.8168,-61.2074,242.0,,,3000,100.0,ZNE,train,noise,"bucket0$352,:3,:6001",
436,"bucket5$92,:3,:6001",,MQ,CPM,14.8168,-61.2074,242.0,,,3000,100.0,ZNE,dev,noise,"bucket1$46,:3,:6001",
437,"bucket0$721,:3,:6001",,MQ,CPM,14.8168,-61.2074,242.0,,,3000,100.0,ZNE,train,noise,"bucket0$353,:3,:6001",
438,"bucket0$722,:3,:6001",,MQ,CPM,14.8168,-61.2074,242.0,,,3000,100.0,ZNE,train,noise,"bucket0$354,:3,:6001",
439,"bucket4$82,:3,:6001",,MQ,CPM,14.8168,-61.2074,242.0,,,3000,100.0,ZNE,test,noise,"bucket2$37,:3,:6001",
440,"bucket0$723,:3,:6001",,MQ,CPM,14.8168,-61.2074,242.0,,,3000,100.0,ZNE,train,noise,"bucket0$355,:3,:6001",
441,"bucket0$724,:3,:6001",,MQ,CPM,14.8168,-61.2074,242.0,,,3000,100.0,ZNE,train,noise,"bucket0$356,:3,:6001",
442,"bucket0$725,:3,:6001",,MQ,CPM,14.8168,-61.2074,242.0,,,3000,100.0,ZNE,train,noise,"bucket0$357,:3,:6001",
443,"bucket4$83,:3,:6001",,MQ,CPM,14.8168,-61.2074,242.0,,,3000,100.0,ZNE,test,noise,"bucket2$38,:3,:6001",
444,"bucket0$726,:3,:6001",,MQ,CPM,14.8168,-61.2074,242.0,,,3000,100.0,ZNE,train,noise,"bucket0$358,:3,:6001",
445,"bucket0$727,:3,:6001",,MQ,CPM,14.8168,-61.2074,242.0,,,3000,100.0,ZNE,train,noise,"bucket0$359,:3,:6001",
446,"bucket5$93,:3,:6001",,MQ,CPM,14.8168,-61.2074,242.0,,,3000,100.0,ZNE,dev,noise,"bucket1$47,:3,:6001",
447,"bucket4$84,:3,:6001",,MQ,CPM,14.8168,-61.2074,242.0,,,3000,100.0,ZNE,test,noise,"bucket2$39,:3,:6001",
448,"bucket4$85,:3,:6001",,MQ,CPM,14.8168,-61.2074,242.0,,,3000,100.0,ZNE,test,noise,"bucket2$40,:3,:6001",
449,"bucket0$728,:3,:6001",,MQ,CPM,14.8168,-61.2074,242.0,,,3000,100.0,ZNE,train,noise,"bucket0$360,:3,:6001",
450,"bucket0$729,:3,:6001",,MQ,CPM,14.8168,-61.2074,242.0,,,3000,100.0,ZNE,train,noise,"bucket0$361,:3,:6001",
451,"bucket4$86,:3,:6001",,MQ,CPM,14.8168,-61.2074,242.0,,,3000,100.0,ZNE,test,noise,"bucket2$41,:3,:6001",
452,"bucket0$730,:3,:6001",,MQ,CPM,14.8168,-61.2074,242.0,,,3000,100.0,ZNE,train,noise,"bucket0$362,:3,:6001",
453,"bucket0$731,:3,:6001",,MQ,CPM,14.8168,-61.2074,242.0,,,3000,100.0,ZNE,train,noise,"bucket0$363,:3,:6001",
454,"bucket0$732,:3,:6001",,MQ,CPM,14.8168,-61.2074,242.0,,,3000,100.0,ZNE,train,noise,"bucket0$364,:3,:6001",
455,"bucket0$733,:3,:6001",,MQ,CPM,14.8168,-61.2074,242.0,,,3000,100.0,ZNE,train,noise,"bucket0$365,:3,:6001",
456,"bucket0$734,:3,:6001",,MQ,CPM,14.8168,-61.2074,242.0,,,3000,100.0,ZNE,train,noise,"bucket0$366,:3,:6001",
457,"bucket4$87,:3,:6001",,MQ,CPM,14.8168,-61.2074,242.0,,,3000,100.0,ZNE,test,noise,"bucket2$42,:3,:6001",
458,"bucket0$735,:3,:6001",,MQ,CPM,14.8168,-61.2074,242.0,,,3000,100.0,ZNE,train,noise,"bucket0$367,:3,:6001",
459,"bucket0$736,:3,:6001",,MQ,CPM,14.8168,-61.2074,242.0,,,3000,100.0,ZNE,train,noise,"bucket0$368,:3,:6001",
460,"bucket0$737,:3,:6001",,MQ,CPM,14.8168,-61.2074,242.0,,,3000,100.0,ZNE,train,noise,"bucket0$369,:3,:6001",
461,"bucket4$88,:3,:6001",,MQ,CPM,14.8168,-61.2074,242.0,,,3000,100.0,ZNE,test,noise,"bucket2$43,:3,:6001",
462,"bucket0$738,:3,:6001",,MQ,CPM,14.8168,-61.2074,242.0,,,3000,100.0,ZNE,train,noise,"bucket0$370,:3,:6001",
463,"bucket5$94,:3,:6001",,MQ,CPM,14.8168,-61.2074,242.0,,,3000,100.0,ZNE,dev,noise,"bucket1$48,:3,:6001",
464,"bucket0$739,:3,:6001",,MQ,CPM,14.8168,-61.2074,242.0,,,3000,100.0,ZNE,train,noise,"bucket0$371,:3,:6001",
465,"bucket0$740,:3,:6001",,MQ,CPM,14.8168,-61.2074,242.0,,,3000,100.0,ZNE,train,noise,"bucket0$372,:3,:6001",
466,"bucket0$741,:3,:6001",,MQ,CPM,14.8168,-61.2074,242.0,,,3000,100.0,ZNE,train,noise,"bucket0$373,:3,:6001",
467,"bucket0$742,:3,:6001",,MQ,CPM,14.8168,-61.2074,242.0,,,3000,100.0,ZNE,train,noise,"bucket0$374,:3,:6001",
468,"bucket0$743,:3,:6001",,MQ,CPM,14.8168,-61.2074,242.0,,,3000,100.0,ZNE,train,noise,"bucket0$375,:3,:6001",
469,"bucket0$744,:3,:6001",,MQ,CPM,14.8168,-61.2074,242.0,,,3000,100.0,ZNE,train,noise,"bucket0$376,:3,:6001",
470,"bucket0$745,:3,:6001",,MQ,CPM,14.8168,-61.2074,242.0,,,3000,100.0,ZNE,train,noise,"bucket0$377,:3,:6001",
471,"bucket0$746,:3,:6001",,MQ,CPM,14.8168,-61.2074,242.0,,,3000,100.0,ZNE,train,noise,"bucket0$378,:3,:6001",
472,"bucket0$747,:3,:6001",,MQ,CPM,14.8168,-61.2074,242.0,,,3000,100.0,ZNE,train,noise,"bucket0$379,:3,:6001",
473,"bucket4$89,:3,:6001",,MQ,CPM,14.8168,-61.2074,242.0,,,3000,100.0,ZNE,test,noise,"bucket2$44,:3,:6001",
474,"bucket0$748,:3,:6001",,MQ,CPM,14.8168,-61.2074,242.0,,,3000,100.0,ZNE,train,noise,"bucket0$380,:3,:6001",
475,"bucket0$749,:3,:6001",,MQ,CPM,14.8168,-61.2074,242.0,,,3000,100.0,ZNE,train,noise,"bucket0$381,:3,:6001",
476,"bucket0$750,:3,:6001",,MQ,CPM,14.8168,-61.2074,242.0,,,3000,100.0,ZNE,train,noise,"bucket0$382,:3,:6001",
477,"bucket0$751,:3,:6001",,MQ,CPM,14.8168,-61.2074,242.0,,,3000,100.0,ZNE,train,noise,"bucket0$383,:3,:6001",
478,"bucket5$95,:3,:6001",,MQ,CPM,14.8168,-61.2074,242.0,,,3000,100.0,ZNE,dev,noise,"bucket1$49,:3,:6001",
479,"bucket0$752,:3,:6001",,MQ,CPM,14.8168,-61.2074,242.0,,,3000,100.0,ZNE,train,noise,"bucket0$384,:3,:6001",
480,"bucket0$753,:3,:6001",,MQ,CPM,14.8168,-61.2074,242.0,,,3000,100.0,ZNE,train,noise,"bucket0$385,:3,:6001",
481,"bucket4$90,:3,:6001",,MQ,CPM,14.8168,-61.2074,242.0,,,3000,100.0,ZNE,test,noise,"bucket2$45,:3,:6001",
482,"bucket0$754,:3,:6001",,MQ,CPM,14.8168,-61.2074,242.0,,,3000,100.0,ZNE,train,noise,"bucket0$386,:3,:6001",
483,"bucket0$755,:3,:6001",,MQ,CPM,14.8168,-61.2074,242.0,,,3000,100.0,ZNE,train,noise,"bucket0$387,:3,:6001",
484,"bucket0$756,:3,:6001",,MQ,CPM,14.8168,-61.2074,242.0,,,3000,100.0,ZNE,train,noise,"bucket0$388,:3,:6001",
485,"bucket0$757,:3,:6001",,MQ,CPM,14.8168,-61.2074,242.0,,,3000,100.0,ZNE,train,noise,"bucket0$389,:3,:6001",
486,"bucket4$91,:3,:6001",,MQ,CPM,14.8168,-61.2074,242.0,,,3000,100.0,ZNE,test,noise,"bucket2$46,:3,:6001",
487,"bucket5$96,:3,:6001",,MQ,CPM,14.8168,-61.2074,242.0,,,3000,100.0,ZNE,dev,noise,"bucket1$50,:3,:6001",
488,"bucket0$758,:3,:6001",,MQ,CPM,14.8168,-61.2074,242.0,,,3000,100.0,ZNE,train,noise,"bucket0$390,:3,:6001",
489,"bucket0$759,:3,:6001",,MQ,CPM,14.8168,-61.2074,242.0,,,3000,100.0,ZNE,train,noise,"bucket0$391,:3,:6001",
490,"bucket0$760,:3,:6001",,MQ,CPM,14.8168,-61.2074,242.0,,,3000,100.0,ZNE,train,noise,"bucket0$392,:3,:6001",
491,"bucket0$761,:3,:6001",,MQ,CPM,14.8168,-61.2074,242.0,,,3000,100.0,ZNE,train,noise,"bucket0$393,:3,:6001",
492,"bucket0$762,:3,:6001",,MQ,CPM,14.8168,-61.2074,242.0,,,3000,100.0,ZNE,train,noise,"bucket0$394,:3,:6001",
493,"bucket0$763,:3,:6001",,MQ,CPM,14.8168,-61.2074,242.0,,,3000,100.0,ZNE,train,noise,"bucket0$395,:3,:6001",
494,"bucket4$92,:3,:6001",,MQ,CPM,14.8168,-61.2074,242.0,,,3000,100.0,ZNE,test,noise,"bucket2$47,:3,:6001",
495,"bucket0$764,:3,:6001",,MQ,CPM,14.8168,-61.2074,242.0,,,3000,100.0,ZNE,train,noise,"bucket0$396,:3,:6001",
496,"bucket0$765,:3,:6001",,MQ,CPM,14.8168,-61.2074,242.0,,,3000,100.0,ZNE,train,noise,"bucket0$397,:3,:6001",
497,"bucket0$766,:3,:6001",,MQ,CPM,14.8168,-61.2074,242.0,,,3000,100.0,ZNE,train,noise,"bucket0$398,:3,:6001",
498,"bucket0$767,:3,:6001",,MQ,CPM,14.8168,-61.2074,242.0,,,3000,100.0,ZNE,train,noise,"bucket0$399,:3,:6001",
499,"bucket0$768,:3,:6001",,MQ,CPM,14.8168,-61.2074,242.0,,,3000,100.0,ZNE,train,noise,"bucket0$400,:3,:6001",
500,"bucket0$769,:3,:6001",,MQ,LAM,14.81292,-61.16314,1240.0,,,3000,100.0,ZNE,train,noise,"bucket0$401,:3,:6001",
501,"bucket0$770,:3,:6001",,MQ,LAM,14.81292,-61.16314,1240.0,,,3000,100.0,ZNE,train,noise,"bucket0$402,:3,:6001",
502,"bucket0$771,:3,:6001",,MQ,LAM,14.81292,-61.16314,1240.0,,,3000,100.0,ZNE,train,noise,"bucket0$403,:3,:6001",
503,"bucket0$772,:3,:6001",,MQ,LAM,14.81292,-61.16314,1240.0,,,3000,100.0,ZNE,train,noise,"bucket0$404,:3,:6001",
504,"bucket0$773,:3,:6001",,MQ,LAM,14.81292,-61.16314,1240.0,,,3000,100.0,ZNE,train,noise,"bucket0$405,:3,:6001",
505,"bucket0$774,:3,:6001",,MQ,LAM,14.81292,-61.16314,1240.0,,,3000,100.0,ZNE,train,noise,"bucket0$406,:3,:6001",
506,"bucket0$775,:3,:6001",,MQ,LAM,14.81292,-61.16314,1240.0,,,3000,100.0,ZNE,train,noise,"bucket0$407,:3,:6001",
507,"bucket0$776,:3,:6001",,MQ,LAM,14.81292,-61.16314,1240.0,,,3000,100.0,ZNE,train,noise,"bucket0$408,:3,:6001",
508,"bucket0$777,:3,:6001",,MQ,LAM,14.81292,-61.16314,1240.0,,,3000,100.0,ZNE,train,noise,"bucket0$409,:3,:6001",
509,"bucket0$778,:3,:6001",,MQ,LAM,14.81292,-61.16314,1240.0,,,3000,100.0,ZNE,train,noise,"bucket0$410,:3,:6001",
510,"bucket0$779,:3,:6001",,MQ,LAM,14.81292,-61.16314,1240.0,,,3000,100.0,ZNE,train,noise,"bucket0$411,:3,:6001",
511,"bucket0$780,:3,:6001",,MQ,LAM,14.81292,-61.16314,1240.0,,,3000,100.0,ZNE,train,noise,"bucket0$412,:3,:6001",
512,"bucket5$97,:3,:6001",,MQ,LAM,14.81292,-61.16314,1240.0,,,3000,100.0,ZNE,dev,noise,"bucket1$51,:3,:6001",
513,"bucket0$781,:3,:6001",,MQ,LAM,14.81292,-61.16314,1240.0,,,3000,100.0,ZNE,train,noise,"bucket0$413,:3,:6001",
514,"bucket0$782,:3,:6001",,MQ,LAM,14.81292,-61.16314,1240.0,,,3000,100.0,ZNE,train,noise,"bucket0$414,:3,:6001",
515,"bucket0$783,:3,:6001",,MQ,LAM,14.81292,-61.16314,1240.0,,,3000,100.0,ZNE,train,noise,"bucket0$415,:3,:6001",
516,"bucket0$784,:3,:6001",,MQ,LAM,14.81292,-61.16314,1240.0,,,3000,100.0,ZNE,train,noise,"bucket0$416,:3,:6001",
517,"bucket0$785,:3,:6001",,MQ,LAM,14.81292,-61.16314,1240.0,,,3000,100.0,ZNE,train,noise,"bucket0$417,:3,:6001",
518,"bucket0$786,:3,:6001",,MQ,LAM,14.81292,-61.16314,1240.0,,,3000,100.0,ZNE,train,noise,"bucket0$418,:3,:6001",
519,"bucket4$93,:3,:6001",,MQ,LAM,14.81292,-61.16314,1240.0,,,3000,100.0,ZNE,test,noise,"bucket2$48,:3,:6001",
520,"bucket0$787,:3,:6001",,MQ,LAM,14.81292,-61.16314,1240.0,,,3000,100.0,ZNE,train,noise,"bucket0$419,:3,:6001",
521,"bucket0$788,:3,:6001",,MQ,LAM,14.81292,-61.16314,1240.0,,,3000,100.0,ZNE,train,noise,"bucket0$420,:3,:6001",
522,"bucket5$98,:3,:6001",,MQ,LAM,14.81292,-61.16314,1240.0,,,3000,100.0,ZNE,dev,noise,"bucket1$52,:3,:6001",
523,"bucket0$789,:3,:6001",,MQ,LAM,14.81292,-61.16314,1240.0,,,3000,100.0,ZNE,train,noise,"bucket0$421,:3,:6001",
524,"bucket0$790,:3,:6001",,MQ,LAM,14.81292,-61.16314,1240.0,,,3000,100.0,ZNE,train,noise,"bucket0$422,:3,:6001",
525,"bucket0$791,:3,:6001",,MQ,LAM,14.81292,-61.16314,1240.0,,,3000,100.0,ZNE,train,noise,"bucket0$423,:3,:6001",
526,"bucket0$792,:3,:6001",,MQ,LAM,14.81292,-61.16314,1240.0,,,3000,100.0,ZNE,train,noise,"bucket0$424,:3,:6001",
527,"bucket0$793,:3,:6001",,MQ,LAM,14.81292,-61.16314,1240.0,,,3000,100.0,ZNE,train,noise,"bucket0$425,:3,:6001",
528,"bucket0$794,:3,:6001",,MQ,LAM,14.81292,-61.16314,1240.0,,,3000,100.0,ZNE,train,noise,"bucket0$426,:3,:6001",
529,"bucket0$795,:3,:6001",,MQ,LAM,14.81292,-61.16314,1240.0,,,3000,100.0,ZNE,train,noise,"bucket0$427,:3,:6001",
530,"bucket0$796,:3,:6001",,MQ,LAM,14.81292,-61.16314,1240.0,,,3000,100.0,ZNE,train,noise,"bucket0$428,:3,:6001",
531,"bucket0$797,:3,:6001",,MQ,LAM,14.81292,-61.16314,1240.0,,,3000,100.0,ZNE,train,noise,"bucket0$429,:3,:6001",
532,"bucket5$99,:3,:6001",,MQ,LAM,14.81292,-61.16314,1240.0,,,3000,100.0,ZNE,dev,noise,"bucket1$53,:3,:6001",
533,"bucket0$798,:3,:6001",,MQ,LAM,14.81292,-61.16314,1240.0,,,3000,100.0,ZNE,train,noise,"bucket0$430,:3,:6001",
534,"bucket4$94,:3,:6001",,MQ,LAM,14.81292,-61.16314,1240.0,,,3000,100.0,ZNE,test,noise,"bucket2$49,:3,:6001",
535,"bucket0$799,:3,:6001",,MQ,LAM,14.81292,-61.16314,1240.0,,,3000,100.0,ZNE,train,noise,"bucket0$431,:3,:6001",
536,"bucket0$800,:3,:6001",,MQ,LAM,14.81292,-61.16314,1240.0,,,3000,100.0,ZNE,train,noise,"bucket0$432,:3,:6001",
537,"bucket0$801,:3,:6001",,MQ,LAM,14.81292,-61.16314,1240.0,,,3000,100.0,ZNE,train,noise,"bucket0$433,:3,:6001",
538,"bucket0$802,:3,:6001",,MQ,LAM,14.81292,-61.16314,1240.0,,,3000,100.0,ZNE,train,noise,"bucket0$434,:3,:6001",
539,"bucket0$803,:3,:6001",,MQ,LAM,14.81292,-61.16314,1240.0,,,3000,100.0,ZNE,train,noise,"bucket0$435,:3,:6001",
540,"bucket0$804,:3,:6001",,MQ,LAM,14.81292,-61.16314,1240.0,,,3000,100.0,ZNE,train,noise,"bucket0$436,:3,:6001",
541,"bucket0$805,:3,:6001",,MQ,LAM,14.81292,-61.16314,1240.0,,,3000,100.0,ZNE,train,noise,"bucket0$437,:3,:6001",
542,"bucket4$95,:3,:6001",,MQ,LAM,14.81292,-61.16314,1240.0,,,3000,100.0,ZNE,test,noise,"bucket2$50,:3,:6001",
543,"bucket0$806,:3,:6001",,MQ,LAM,14.81292,-61.16314,1240.0,,,3000,100.0,ZNE,train,noise,"bucket0$438,:3,:6001",
544,"bucket0$807,:3,:6001",,MQ,LAM,14.81292,-61.16314,1240.0,,,3000,100.0,ZNE,train,noise,"bucket0$439,:3,:6001",
545,"bucket5$100,:3,:6001",,MQ,LAM,14.81292,-61.16314,1240.0,,,3000,100.0,ZNE,dev,noise,"bucket1$54,:3,:6001",
546,"bucket0$808,:3,:6001",,MQ,LAM,14.81292,-61.16314,1240.0,,,3000,100.0,ZNE,train,noise,"bucket0$440,:3,:6001",
547,"bucket0$809,:3,:6001",,MQ,LAM,14.81292,-61.16314,1240.0,,,3000,100.0,ZNE,train,noise,"bucket0$441,:3,:6001",
548,"bucket0$810,:3,:6001",,MQ,LAM,14.81292,-61.16314,1240.0,,,3000,100.0,ZNE,train,noise,"bucket0$442,:3,:6001",
549,"bucket0$811,:3,:6001",,MQ,LAM,14.81292,-61.16314,1240.0,,,3000,100.0,ZNE,train,noise,"bucket0$443,:3,:6001",
550,"bucket0$812,:3,:6001",,MQ,LAM,14.81292,-61.16314,1240.0,,,3000,100.0,ZNE,train,noise,"bucket0$444,:3,:6001",
551,"bucket0$813,:3,:6001",,MQ,LAM,14.81292,-61.16314,1240.0,,,3000,100.0,ZNE,train,noise,"bucket0$445,:3,:6001",
552,"bucket0$814,:3,:6001",,MQ,LAM,14.81292,-61.16314,1240.0,,,3000,100.0,ZNE,train,noise,"bucket0$446,:3,:6001",
553,"bucket0$815,:3,:6001",,MQ,LAM,14.81292,-61.16314,1240.0,,,3000,100.0,ZNE,train,noise,"bucket0$447,:3,:6001",
554,"bucket0$816,:3,:6001",,MQ,LAM,14.81292,-61.16314,1240.0,,,3000,100.0,ZNE,train,noise,"bucket0$448,:3,:6001",
555,"bucket0$817,:3,:6001",,MQ,LAM,14.81292,-61.16314,1240.0,,,3000,100.0,ZNE,train,noise,"bucket0$449,:3,:6001",
556,"bucket0$818,:3,:6001",,MQ,LAM,14.81292,-61.16314,1240.0,,,3000,100.0,ZNE,train,noise,"bucket0$450,:3,:6001",
557,"bucket0$819,:3,:6001",,MQ,LAM,14.81292,-61.16314,1240.0,,,3000,100.0,ZNE,train,noise,"bucket0$451,:3,:6001",
558,"bucket4$96,:3,:6001",,MQ,LAM,14.81292,-61.16314,1240.0,,,3000,100.0,ZNE,test,noise,"bucket2$51,:3,:6001",
559,"bucket5$101,:3,:6001",,MQ,LAM,14.81292,-61.16314,1240.0,,,3000,100.0,ZNE,dev,noise,"bucket1$55,:3,:6001",
560,"bucket0$820,:3,:6001",,MQ,LAM,14.81292,-61.16314,1240.0,,,3000,100.0,ZNE,train,noise,"bucket0$452,:3,:6001",
561,"bucket0$821,:3,:6001",,MQ,LAM,14.81292,-61.16314,1240.0,,,3000,100.0,ZNE,train,noise,"bucket0$453,:3,:6001",
562,"bucket0$822,:3,:6001",,MQ,LAM,14.81292,-61.16314,1240.0,,,3000,100.0,ZNE,train,noise,"bucket0$454,:3,:6001",
563,"bucket0$823,:3,:6001",,MQ,LAM,14.81292,-61.16314,1240.0,,,3000,100.0,ZNE,train,noise,"bucket0$455,:3,:6001",
564,"bucket0$824,:3,:6001",,MQ,LAM,14.81292,-61.16314,1240.0,,,3000,100.0,ZNE,train,noise,"bucket0$456,:3,:6001",
565,"bucket4$97,:3,:6001",,MQ,LAM,14.81292,-61.16314,1240.0,,,3000,100.0,ZNE,test,noise,"bucket2$52,:3,:6001",
566,"bucket0$825,:3,:6001",,MQ,LAM,14.81292,-61.16314,1240.0,,,3000,100.0,ZNE,train,noise,"bucket0$457,:3,:6001",
567,"bucket0$826,:3,:6001",,MQ,LAM,14.81292,-61.16314,1240.0,,,3000,100.0,ZNE,train,noise,"bucket0$458,:3,:6001",
568,"bucket0$827,:3,:6001",,MQ,LAM,14.81292,-61.16314,1240.0,,,3000,100.0,ZNE,train,noise,"bucket0$459,:3,:6001",
569,"bucket0$828,:3,:6001",,MQ,LAM,14.81292,-61.16314,1240.0,,,3000,100.0,ZNE,train,noise,"bucket0$460,:3,:6001",
570,"bucket0$829,:3,:6001",,MQ,LAM,14.81292,-61.16314,1240.0,,,3000,100.0,ZNE,train,noise,"bucket0$461,:3,:6001",
571,"bucket5$102,:3,:6001",,MQ,LAM,14.81292,-61.16314,1240.0,,,3000,100.0,ZNE,dev,noise,"bucket1$56,:3,:6001",
572,"bucket0$830,:3,:6001",,MQ,LAM,14.81292,-61.16314,1240.0,,,3000,100.0,ZNE,train,noise,"bucket0$462,:3,:6001",
573,"bucket0$831,:3,:6001",,MQ,LAM,14.81292,-61.16314,1240.0,,,3000,100.0,ZNE,train,noise,"bucket0$463,:3,:6001",
574,"bucket0$832,:3,:6001",,MQ,LAM,14.81292,-61.16314,1240.0,,,3000,100.0,ZNE,train,noise,"bucket0$464,:3,:6001",
575,"bucket0$833,:3,:6001",,MQ,LAM,14.81292,-61.16314,1240.0,,,3000,100.0,ZNE,train,noise,"bucket0$465,:3,:6001",
576,"bucket0$834,:3,:6001",,MQ,LAM,14.81292,-61.16314,1240.0,,,3000,100.0,ZNE,train,noise,"bucket0$466,:3,:6001",
577,"bucket0$835,:3,:6001",,MQ,LAM,14.81292,-61.16314,1240.0,,,3000,100.0,ZNE,train,noise,"bucket0$467,:3,:6001",
578,"bucket0$836,:3,:6001",,MQ,LAM,14.81292,-61.16314,1240.0,,,3000,100.0,ZNE,train,noise,"bucket0$468,:3,:6001",
579,"bucket0$837,:3,:6001",,MQ,LAM,14.81292,-61.16314,1240.0,,,3000,100.0,ZNE,train,noise,"bucket0$469,:3,:6001",
580,"bucket0$838,:3,:6001",,MQ,LAM,14.81292,-61.16314,1240.0,,,3000,100.0,ZNE,train,noise,"bucket0$470,:3,:6001",
581,"bucket0$839,:3,:6001",,MQ,LAM,14.81292,-61.16314,1240.0,,,3000,100.0,ZNE,train,noise,"bucket0$471,:3,:6001",
582,"bucket0$840,:3,:6001",,MQ,LAM,14.81292,-61.16314,1240.0,,,3000,100.0,ZNE,train,noise,"bucket0$472,:3,:6001",
583,"bucket0$841,:3,:6001",,MQ,LAM,14.81292,-61.16314,1240.0,,,3000,100.0,ZNE,train,noise,"bucket0$473,:3,:6001",
584,"bucket4$98,:3,:6001",,MQ,LAM,14.81292,-61.16314,1240.0,,,3000,100.0,ZNE,test,noise,"bucket2$53,:3,:6001",
585,"bucket0$842,:3,:6001",,MQ,LAM,14.81292,-61.16314,1240.0,,,3000,100.0,ZNE,train,noise,"bucket0$474,:3,:6001",
586,"bucket4$99,:3,:6001",,MQ,LAM,14.81292,-61.16314,1240.0,,,3000,100.0,ZNE,test,noise,"bucket2$54,:3,:6001",
587,"bucket4$100,:3,:6001",,MQ,LAM,14.81292,-61.16314,1240.0,,,3000,100.0,ZNE,test,noise,"bucket2$55,:3,:6001",
588,"bucket5$103,:3,:6001",,MQ,LAM,14.81292,-61.16314,1240.0,,,3000,100.0,ZNE,dev,noise,"bucket1$57,:3,:6001",
589,"bucket0$843,:3,:6001",,MQ,LAM,14.81292,-61.16314,1240.0,,,3000,100.0,ZNE,train,noise,"bucket0$475,:3,:6001",
590,"bucket0$844,:3,:6001",,MQ,LAM,14.81292,-61.16314,1240.0,,,3000,100.0,ZNE,train,noise,"bucket0$476,:3,:6001",
591,"bucket0$845,:3,:6001",,MQ,LAM,14.81292,-61.16314,1240.0,,,3000,100.0,ZNE,train,noise,"bucket0$477,:3,:6001",
592,"bucket0$846,:3,:6001",,MQ,LAM,14.81292,-61.16314,1240.0,,,3000,100.0,ZNE,train,noise,"bucket0$478,:3,:6001",
593,"bucket0$847,:3,:6001",,MQ,LAM,14.81292,-61.16314,1240.0,,,3000,100.0,ZNE,train,noise,"bucket0$479,:3,:6001",
594,"bucket5$104,:3,:6001",,MQ,LAM,14.81292,-61.16314,1240.0,,,3000,100.0,ZNE,dev,noise,"bucket1$58,:3,:6001",
595,"bucket5$105,:3,:6001",,MQ,LAM,14.81292,-61.16314,1240.0,,,3000,100.0,ZNE,dev,noise,"bucket1$59,:3,:6001",
596,"bucket0$848,:3,:6001",,MQ,LAM,14.81292,-61.16314,1240.0,,,3000,100.0,ZNE,train,noise,"bucket0$480,:3,:6001",
597,"bucket0$849,:3,:6001",,MQ,LAM,14.81292,-61.16314,1240.0,,,3000,100.0,ZNE,train,noise,"bucket0$481,:3,:6001",
598,"bucket0$850,:3,:6001",,MQ,LAM,14.81292,-61.16314,1240.0,,,3000,100.0,ZNE,train,noise,"bucket0$482,:3,:6001",
599,"bucket0$851,:3,:6001",,MQ,LAM,14.81292,-61.16314,1240.0,,,3000,100.0,ZNE,train,noise,"bucket0$483,:3,:6001",
600,"bucket0$852,:3,:6001",,MQ,BAM,14.8171,-61.1445,670.0,,,3000,100.0,ZNE,train,noise,"bucket0$484,:3,:6001",
601,"bucket0$853,:3,:6001",,MQ,BAM,14.8171,-61.1445,670.0,,,3000,100.0,ZNE,train,noise,"bucket0$485,:3,:6001",
602,"bucket0$854,:3,:6001",,MQ,BAM,14.8171,-61.1445,670.0,,,3000,100.0,ZNE,train,noise,"bucket0$486,:3,:6001",
603,"bucket0$855,:3,:6001",,MQ,BAM,14.8171,-61.1445,670.0,,,3000,100.0,ZNE,train,noise,"bucket0$487,:3,:6001",
604,"bucket0$856,:3,:6001",,MQ,BAM,14.8171,-61.1445,670.0,,,3000,100.0,ZNE,train,noise,"bucket0$488,:3,:6001",
605,"bucket0$857,:3,:6001",,MQ,BAM,14.8171,-61.1445,670.0,,,3000,100.0,ZNE,train,noise,"bucket0$489,:3,:6001",
606,"bucket4$101,:3,:6001",,MQ,BAM,14.8171,-61.1445,670.0,,,3000,100.0,ZNE,test,noise,"bucket2$56,:3,:6001",
607,"bucket5$106,:3,:6001",,MQ,BAM,14.8171,-61.1445,670.0,,,3000,100.0,ZNE,dev,noise,"bucket1$60,:3,:6001",
608,"bucket0$858,:3,:6001",,MQ,BAM,14.8171,-61.1445,670.0,,,3000,100.0,ZNE,train,noise,"bucket0$490,:3,:6001",
609,"bucket0$859,:3,:6001",,MQ,BAM,14.8171,-61.1445,670.0,,,3000,100.0,ZNE,train,noise,"bucket0$491,:3,:6001",
610,"bucket0$860,:3,:6001",,MQ,BAM,14.8171,-61.1445,670.0,,,3000,100.0,ZNE,train,noise,"bucket0$492,:3,:6001",
611,"bucket0$861,:3,:6001",,MQ,BAM,14.8171,-61.1445,670.0,,,3000,100.0,ZNE,train,noise,"bucket0$493,:3,:6001",
612,"bucket0$862,:3,:6001",,MQ,BAM,14.8171,-61.1445,670.0,,,3000,100.0,ZNE,train,noise,"bucket0$494,:3,:6001",
613,"bucket5$107,:3,:6001",,MQ,BAM,14.8171,-61.1445,670.0,,,3000,100.0,ZNE,dev,noise,"bucket1$61,:3,:6001",
614,"bucket0$863,:3,:6001",,MQ,BAM,14.8171,-61.1445,670.0,,,3000,100.0,ZNE,train,noise,"bucket0$495,:3,:6001",
615,"bucket0$864,:3,:6001",,MQ,BAM,14.8171,-61.1445,670.0,,,3000,100.0,ZNE,train,noise,"bucket0$496,:3,:6001",
616,"bucket0$865,:3,:6001",,MQ,BAM,14.8171,-61.1445,670.0,,,3000,100.0,ZNE,train,noise,"bucket0$497,:3,:6001",
617,"bucket0$866,:3,:6001",,MQ,BAM,14.8171,-61.1445,670.0,,,3000,100.0,ZNE,train,noise,"bucket0$498,:3,:6001",
618,"bucket0$867,:3,:6001",,MQ,BAM,14.8171,-61.1445,670.0,,,3000,100.0,ZNE,train,noise,"bucket0$499,:3,:6001",
619,"bucket0$868,:3,:6001",,MQ,BAM,14.8171,-61.1445,670.0,,,3000,100.0,ZNE,train,noise,"bucket0$500,:3,:6001",
620,"bucket0$869,:3,:6001",,MQ,BAM,14.8171,-61.1445,670.0,,,3000,100.0,ZNE,train,noise,"bucket0$501,:3,:6001",
621,"bucket0$870,:3,:6001",,MQ,BAM,14.8171,-61.1445,670.0,,,3000,100.0,ZNE,train,noise,"bucket0$502,:3,:6001",
622,"bucket0$871,:3,:6001",,MQ,BAM,14.8171,-61.1445,670.0,,,3000,100.0,ZNE,train,noise,"bucket0$503,:3,:6001",
623,"bucket4$102,:3,:6001",,MQ,BAM,14.8171,-61.1445,670.0,,,3000,100.0,ZNE,test,noise,"bucket2$57,:3,:6001",
624,"bucket5$108,:3,:6001",,MQ,BAM,14.8171,-61.1445,670.0,,,3000,100.0,ZNE,dev,noise,"bucket1$62,:3,:6001",
625,"bucket0$872,:3,:6001",,MQ,BAM,14.8171,-61.1445,670.0,,,3000,100.0,ZNE,train,noise,"bucket0$504,:3,:6001",
626,"bucket0$873,:3,:6001",,MQ,BAM,14.8171,-61.1445,670.0,,,3000,100.0,ZNE,train,noise,"bucket0$505,:3,:6001",
627,"bucket0$874,:3,:6001",,MQ,BAM,14.8171,-61.1445,670.0,,,3000,100.0,ZNE,train,noise,"bucket0$506,:3,:6001",
628,"bucket4$103,:3,:6001",,MQ,BAM,14.8171,-61.1445,670.0,,,3000,100.0,ZNE,test,noise,"bucket2$58,:3,:6001",
629,"bucket0$875,:3,:6001",,MQ,BAM,14.8171,-61.1445,670.0,,,3000,100.0,ZNE,train,noise,"bucket0$507,:3,:6001",
630,"bucket0$876,:3,:6001",,MQ,BAM,14.8171,-61.1445,670.0,,,3000,100.0,ZNE,train,noise,"bucket0$508,:3,:6001",
631,"bucket0$877,:3,:6001",,MQ,BAM,14.8171,-61.1445,670.0,,,3000,100.0,ZNE,train,noise,"bucket0$509,:3,:6001",
632,"bucket5$109,:3,:6001",,MQ,BAM,14.8171,-61.1445,670.0,,,3000,100.0,ZNE,dev,noise,"bucket1$63,:3,:6001",
633,"bucket0$878,:3,:6001",,MQ,BAM,14.8171,-61.1445,670.0,,,3000,100.0,ZNE,train,noise,"bucket0$510,:3,:6001",
634,"bucket0$879,:3,:6001",,MQ,BAM,14.8171,-61.1445,670.0,,,3000,100.0,ZNE,train,noise,"bucket0$511,:3,:6001",
635,"bucket4$104,:3,:6001",,MQ,BAM,14.8171,-61.1445,670.0,,,3000,100.0,ZNE,test,noise,"bucket2$59,:3,:6001",
636,"bucket0$880,:3,:6001",,MQ,BAM,14.8171,-61.1445,670.0,,,3000,100.0,ZNE,train,noise,"bucket0$512,:3,:6001",
637,"bucket0$881,:3,:6001",,MQ,BAM,14.8171,-61.1445,670.0,,,3000,100.0,ZNE,train,noise,"bucket0$513,:3,:6001",
638,"bucket4$105,:3,:6001",,MQ,BAM,14.8171,-61.1445,670.0,,,3000,100.0,ZNE,test,noise,"bucket2$60,:3,:6001",
639,"bucket0$882,:3,:6001",,MQ,BAM,14.8171,-61.1445,670.0,,,3000,100.0,ZNE,train,noise,"bucket0$514,:3,:6001",
640,"bucket0$883,:3,:6001",,MQ,BAM,14.8171,-61.1445,670.0,,,3000,100.0,ZNE,train,noise,"bucket0$515,:3,:6001",
641,"bucket0$884,:3,:6001",,MQ,BAM,14.8171,-61.1445,670.0,,,3000,100.0,ZNE,train,noise,"bucket0$516,:3,:6001",
642,"bucket0$885,:3,:6001",,MQ,BAM,14.8171,-61.1445,670.0,,,3000,100.0,ZNE,train,noise,"bucket0$517,:3,:6001",
643,"bucket0$886,:3,:6001",,MQ,BAM,14.8171,-61.1445,670.0,,,3000,100.0,ZNE,train,noise,"bucket0$518,:3,:6001",
644,"bucket0$887,:3,:6001",,MQ,BAM,14.8171,-61.1445,670.0,,,3000,100.0,ZNE,train,noise,"bucket0$519,:3,:6001",
645,"bucket0$888,:3,:6001",,MQ,BAM,14.8171,-61.1445,670.0,,,3000,100.0,ZNE,train,noise,"bucket0$520,:3,:6001",
646,"bucket0$889,:3,:6001",,MQ,BAM,14.8171,-61.1445,670.0,,,3000,100.0,ZNE,train,noise,"bucket0$521,:3,:6001",
647,"bucket0$890,:3,:6001",,MQ,BAM,14.8171,-61.1445,670.0,,,3000,100.0,ZNE,train,noise,"bucket0$522,:3,:6001",
648,"bucket0$891,:3,:6001",,MQ,BAM,14.8171,-61.1445,670.0,,,3000,100.0,ZNE,train,noise,"bucket0$523,:3,:6001",
649,"bucket0$892,:3,:6001",,MQ,BAM,14.8171,-61.1445,670.0,,,3000,100.0,ZNE,train,noise,"bucket0$524,:3,:6001",
650,"bucket0$893,:3,:6001",,MQ,BAM,14.8171,-61.1445,670.0,,,3000,100.0,ZNE,train,noise,"bucket0$525,:3,:6001",
651,"bucket0$894,:3,:6001",,MQ,BAM,14.8171,-61.1445,670.0,,,3000,100.0,ZNE,train,noise,"bucket0$526,:3,:6001",
652,"bucket0$895,:3,:6001",,MQ,BAM,14.8171,-61.1445,670.0,,,3000,100.0,ZNE,train,noise,"bucket0$527,:3,:6001",
653,"bucket0$896,:3,:6001",,MQ,BAM,14.8171,-61.1445,670.0,,,3000,100.0,ZNE,train,noise,"bucket0$528,:3,:6001",
654,"bucket0$897,:3,:6001",,MQ,BAM,14.8171,-61.1445,670.0,,,3000,100.0,ZNE,train,noise,"bucket0$529,:3,:6001",
655,"bucket0$898,:3,:6001",,MQ,BAM,14.8171,-61.1445,670.0,,,3000,100.0,ZNE,train,noise,"bucket0$530,:3,:6001",
656,"bucket5$110,:3,:6001",,MQ,BAM,14.8171,-61.1445,670.0,,,3000,100.0,ZNE,dev,noise,"bucket1$64,:3,:6001",
0,"bucket5$111,:3,:6001",2014-02-20T08:26:36.129900,MQ,CPM,,,,3000.0,,3000,100.0,ZNE,dev,gold,"bucket2$0,:3,:6001",
1,MQ_IA2_GOLD_20140220_082710,2014-02-20T08:27:35.750000,MQ,IA2,,,,-2482.0,-2479.0,-2482,100.0,ZNE,test,gold,,
2,"bucket5$112,:3,:6001",2014-02-20T08:26:45.259900,MQ,MLM,,,,3000.0,,3000,100.0,ZNE,dev,gold,"bucket2$1,:3,:6001",
3,"bucket0$899,:3,:6001",2014-02-20T08:26:35.510000,MQ,SAM,,,,3000.0,3050.0,3000,100.0,ZNE,train,gold,"bucket0$0,:3,:6001",
4,"bucket0$900,:3,:6001",2014-02-20T21:18:49.879900,MQ,BAM,,,,3000.0,,3000,100.0,ZNE,train,gold,"bucket0$1,:3,:6001",
5,"bucket0$901,:3,:6001",2014-02-20T21:18:49.079900,MQ,CPM,,,,3000.0,,3000,100.0,ZNE,train,gold,"bucket0$2,:3,:6001",
6,"bucket0$902,:3,:6001",2014-02-20T21:18:49.379900,MQ,GBM,,,,3000.0,,3000,100.0,ZNE,train,gold,"bucket0$3,:3,:6001",
7,"bucket0$903,:3,:6001",2014-02-20T21:18:50.050000,MQ,IA2,,,,3000.0,3101.0,3000,100.0,ZNE,train,gold,"bucket0$4,:3,:6001",
8,"bucket0$904,:3,:6001",2014-02-20T21:18:50.930000,MQ,LAM,,,,3000.0,3164.0,3000,100.0,ZNE,train,gold,"bucket0$5,:3,:6001",
9,"bucket0$905,:3,:6001",2014-02-20T21:18:50.049900,MQ,MLM,,,,3000.0,,3000,100.0,ZNE,train,gold,"bucket0$6,:3,:6001",
10,"bucket0$906,:3,:6001",2014-02-20T21:19:05.049900,MQ,BAM,,,,3000.0,,3000,100.0,ZNE,train,gold,"bucket0$7,:3,:6001",
11,"bucket0$907,:3,:6001",2014-02-20T21:19:05.699900,MQ,GBM,,,,3000.0,,3000,100.0,ZNE,train,gold,"bucket0$8,:3,:6001",
12,"bucket0$908,:3,:6001",2014-02-20T21:19:05.550000,MQ,IA2,,,,3000.0,3190.0,3000,100.0,ZNE,train,gold,"bucket0$9,:3,:6001",
13,"bucket0$909,:3,:6001",2014-02-20T21:19:04.740000,MQ,LAM,,,,3000.0,3125.0,3000,100.0,ZNE,train,gold,"bucket0$10,:3,:6001",
14,"bucket4$106,:3,:6001",2014-02-21T06:59:55.609900,MQ,BAM,,,,3000.0,,3000,100.0,ZNE,test,gold,"bucket4$0,:3,:6001",
15,"bucket0$910,:3,:6001",2014-02-21T06:59:55.749900,MQ,CPM,,,,3000.0,,3000,100.0,ZNE,train,gold,"bucket0$11,:3,:6001",
16,"bucket0$911,:3,:6001",2014-02-21T06:59:56.429900,MQ,GBM,,,,3000.0,,3000,100.0,ZNE,train,gold,"bucket0$12,:3,:6001",
17,"bucket0$912,:3,:6001",2014-02-21T06:59:55.759900,MQ,MLM,,,,3000.0,,3000,100.0,ZNE,train,gold,"bucket0$13,:3,:6001",
18,"bucket0$913,:3,:6001",2014-02-21T07:00:08.559900,MQ,BAM,,,,3000.0,,3000,100.0,ZNE,train,gold,"bucket0$14,:3,:6001",
19,"bucket0$914,:3,:6001",2014-02-21T07:00:09.169900,MQ,CPM,,,,3000.0,,3000,100.0,ZNE,train,gold,"bucket0$15,:3,:6001",
20,"bucket0$915,:3,:6001",2014-02-21T07:00:09.039900,MQ,GBM,,,,3000.0,,3000,100.0,ZNE,train,gold,"bucket0$16,:3,:6001",
21,"bucket0$916,:3,:6001",2014-02-21T07:00:08.690000,MQ,LAM,,,,3000.0,,3000,100.0,ZNE,train,gold,"bucket0$17,:3,:6001",
22,"bucket0$917,:3,:6001",2014-02-21T07:00:09.609900,MQ,MLM,,,,3000.0,,3000,100.0,ZNE,train,gold,"bucket0$18,:3,:6001",
23,"bucket0$918,:3,:6001",2014-02-21T07:00:09.410000,MQ,SAM,,,,3000.0,3120.0,3000,100.0,ZNE,train,gold,"bucket0$19,:3,:6001",
24,"bucket0$919,:3,:6001",2014-02-21T08:35:06.889900,MQ,BAM,,,,3000.0,,3000,100.0,ZNE,train,gold,"bucket0$20,:3,:6001",
25,"bucket5$113,:3,:6001",2014-02-21T08:35:06.299900,MQ,GBM,,,,3000.0,,3000,100.0,ZNE,dev,gold,"bucket2$2,:3,:6001",
26,"bucket0$920,:3,:6001",2014-02-21T08:35:07.050000,MQ,IA2,,,,3000.0,3063.0,3000,100.0,ZNE,train,gold,"bucket0$21,:3,:6001",
27,"bucket0$921,:3,:6001",2014-02-21T08:35:07.330000,MQ,LAM,,,,3000.0,3036.0,3000,100.0,ZNE,train,gold,"bucket0$22,:3,:6001",
28,"bucket0$922,:3,:6001",2014-02-21T18:51:27.409900,MQ,BAM,,,,3000.0,,3000,100.0,ZNE,train,gold,"bucket0$23,:3,:6001",
29,"bucket0$923,:3,:6001",2014-02-21T18:51:27.909900,MQ,CPM,,,,3000.0,,3000,100.0,ZNE,train,gold,"bucket0$24,:3,:6001",
30,"bucket0$924,:3,:6001",2014-02-21T18:51:28.339900,MQ,GBM,,,,3000.0,,3000,100.0,ZNE,train,gold,"bucket0$25,:3,:6001",
31,"bucket0$925,:3,:6001",2014-02-21T18:51:28.230000,MQ,IA2,,,,3000.0,2945.0,3000,100.0,ZNE,train,gold,"bucket0$26,:3,:6001",
32,"bucket0$926,:3,:6001",2014-02-22T19:11:44.249900,MQ,CPM,,,,3000.0,,3000,100.0,ZNE,train,gold,"bucket0$27,:3,:6001",
33,"bucket0$927,:3,:6001",2014-02-22T19:11:48.169900,MQ,GBM,,,,3000.0,,3000,100.0,ZNE,train,gold,"bucket0$28,:3,:6001",
34,"bucket0$928,:3,:6001",2014-02-22T19:11:47.800000,MQ,IA2,,,,3000.0,,3000,100.0,ZNE,train,gold,"bucket0$29,:3,:6001",
35,"bucket0$929,:3,:6001",2014-02-22T19:11:44.069900,MQ,MLM,,,,3000.0,,3000,100.0,ZNE,train,gold,"bucket0$30,:3,:6001",
36,"bucket0$930,:3,:6001",2014-02-23T00:09:35.719900,MQ,BAM,,,,3000.0,,3000,100.0,ZNE,train,gold,"bucket0$31,:3,:6001",
37,"bucket0$931,:3,:6001",2014-02-23T00:09:34.949900,MQ,CPM,,,,3000.0,,3000,100.0,ZNE,train,gold,"bucket0$32,:3,:6001",
38,"bucket0$932,:3,:6001",2014-02-23T00:09:35.189900,MQ,GBM,,,,3000.0,,3000,100.0,ZNE,train,gold,"bucket0$33,:3,:6001",
39,"bucket0$933,:3,:6001",2014-02-23T00:09:35.310000,MQ,IA2,,,,3000.0,3220.0,3000,100.0,ZNE,train,gold,"bucket0$34,:3,:6001",
40,"bucket0$934,:3,:6001",2014-02-23T00:09:35.920000,MQ,LAM,,,,3000.0,3047.0,3000,100.0,ZNE,train,gold,"bucket0$35,:3,:6001",
41,"bucket5$114,:3,:6001",2014-02-23T00:09:35.629900,MQ,MLM,,,,3000.0,,3000,100.0,ZNE,dev,gold,"bucket2$3,:3,:6001",
42,"bucket0$935,:3,:6001",2014-02-23T00:09:35.490000,MQ,SAM,,,,3000.0,3095.0,3000,100.0,ZNE,train,gold,"bucket0$36,:3,:6001",
43,"bucket0$936,:3,:6001",2014-02-23T01:34:06.939900,MQ,BAM,,,,3000.0,,3000,100.0,ZNE,train,gold,"bucket0$37,:3,:6001",
44,"bucket0$937,:3,:6001",2014-02-23T01:34:08.819900,MQ,CPM,,,,3000.0,,3000,100.0,ZNE,train,gold,"bucket0$38,:3,:6001",
45,"bucket0$938,:3,:6001",2014-02-23T01:34:05.720000,MQ,SAM,,,,3000.0,3074.0,3000,100.0,ZNE,train,gold,"bucket0$39,:3,:6001",
46,"bucket0$939,:3,:6001",2014-02-23T03:59:10.979900,MQ,CPM,,,,3000.0,,3000,100.0,ZNE,train,gold,"bucket0$40,:3,:6001",
47,"bucket0$940,:3,:6001",2014-02-23T03:59:12.009900,MQ,GBM,,,,3000.0,,3000,100.0,ZNE,train,gold,"bucket0$41,:3,:6001",
48,"bucket5$115,:3,:6001",2014-02-23T03:59:10.680000,MQ,IA2,,,,3000.0,3039.0,3000,100.0,ZNE,dev,gold,"bucket2$4,:3,:6001",
49,"bucket0$941,:3,:6001",2014-02-23T03:59:12.699900,MQ,MLM,,,,3000.0,,3000,100.0,ZNE,train,gold,"bucket0$42,:3,:6001",
50,"bucket4$107,:3,:6001",2014-02-23T07:45:42.460000,MQ,IA2,,,,3000.0,3022.0,3000,100.0,ZNE,test,gold,"bucket4$1,:3,:6001",
51,"bucket0$942,:3,:6001",2014-02-23T07:45:42.320000,MQ,LAM,,,,3000.0,3029.0,3000,100.0,ZNE,train,gold,"bucket0$43,:3,:6001",
52,"bucket6$0,:3,:3046",2014-02-23T07:46:59.729900,MQ,BAM,,,,45.0,,45,100.0,ZNE,train,gold,"bucket5$0,:3,:3046",
53,"bucket6$1,:3,:3064",2014-02-23T07:46:59.729900,MQ,CPM,,,,63.0,,63,100.0,ZNE,train,gold,"bucket5$1,:3,:3064",
54,"bucket6$2,:3,:3079",2014-02-23T07:46:59.729900,MQ,GBM,,,,78.0,,78,100.0,ZNE,train,gold,"bucket5$2,:3,:3079",
55,"bucket6$3,:3,:3094",2014-02-23T07:46:59.729900,MQ,MLM,,,,93.0,,93,100.0,ZNE,train,gold,"bucket5$3,:3,:3094",
56,"bucket6$4,:3,:3080",2014-02-23T09:41:28.729900,MQ,BAM,,,,79.0,,79,100.0,ZNE,train,gold,"bucket5$4,:3,:3080",
57,"bucket6$5,:3,:3046",2014-02-23T09:41:29.729900,MQ,CPM,,,,45.0,,45,100.0,ZNE,train,gold,"bucket5$5,:3,:3046",
58,"bucket6$6,:3,:3079",2014-02-23T09:41:28.729900,MQ,GBM,,,,78.0,,78,100.0,ZNE,train,gold,"bucket5$6,:3,:3079",
59,"bucket6$7,:3,:3045",2014-02-23T09:41:29.729900,MQ,MLM,,,,44.0,,44,100.0,ZNE,train,gold,"bucket5$7,:3,:3045",
60,"bucket0$943,:3,:6001",2014-02-23T16:30:27.369900,MQ,BAM,,,,3000.0,,3000,100.0,ZNE,train,gold,"bucket0$44,:3,:6001",
61,"bucket4$108,:3,:6001",2014-02-23T16:30:28.649900,MQ,CPM,,,,3000.0,,3000,100.0,ZNE,test,gold,"bucket4$2,:3,:6001",
62,"bucket0$944,:3,:6001",2014-02-23T16:30:27.959900,MQ,GBM,,,,3000.0,,3000,100.0,ZNE,train,gold,"bucket0$45,:3,:6001",
63,"bucket0$945,:3,:6001",2014-02-23T16:30:27.280000,MQ,IA2,,,,3000.0,3158.0,3000,100.0,ZNE,train,gold,"bucket0$46,:3,:6001",
64,"bucket0$946,:3,:6001",2014-02-24T01:00:02.199900,MQ,BAM,,,,3000.0,,3000,100.0,ZNE,train,gold,"bucket0$47,:3,:6001",
65,"bucket0$947,:3,:6001",2014-02-24T01:00:03.869900,MQ,CPM,,,,3000.0,,3000,100.0,ZNE,train,gold,"bucket0$48,:3,:6001",
66,"bucket0$948,:3,:6001",2014-02-24T01:00:01.829900,MQ,GBM,,,,3000.0,,3000,100.0,ZNE,train,gold,"bucket0$49,:3,:6001",
67,"bucket0$949,:3,:6001",2014-02-24T01:00:02.200000,MQ,IA2,,,,3000.0,3143.0,3000,100.0,ZNE,train,gold,"bucket0$50,:3,:6001",
68,"bucket0$950,:3,:6001",2014-02-24T12:47:47.229900,MQ,BAM,,,,3000.0,,3000,100.0,ZNE,train,gold,"bucket0$51,:3,:6001",
69,"bucket5$116,:3,:6001",2014-02-24T12:47:48.419900,MQ,CPM,,,,3000.0,,3000,100.0,ZNE,dev,gold,"bucket2$5,:3,:6001",
70,"bucket0$951,:3,:6001",2014-02-24T12:47:47.709900,MQ,GBM,,,,3000.0,,3000,100.0,ZNE,train,gold,"bucket0$52,:3,:6001",
71,"bucket0$952,:3,:6001",2014-02-24T12:47:48.310000,MQ,IA2,,,,3000.0,3100.0,3000,100.0,ZNE,train,gold,"bucket0$53,:3,:6001",
72,"bucket0$953,:3,:6001",2014-02-24T12:47:47.990000,MQ,LAM,,,,3000.0,3157.0,3000,100.0,ZNE,train,gold,"bucket0$54,:3,:6001",
73,"bucket0$954,:3,:6001",2014-02-24T12:47:48.109900,MQ,MLM,,,,3000.0,,3000,100.0,ZNE,train,gold,"bucket0$55,:3,:6001",
74,"bucket0$955,:3,:6001",2014-02-24T12:47:47.630000,MQ,SAM,,,,3000.0,3102.0,3000,100.0,ZNE,train,gold,"bucket0$56,:3,:6001",
75,"bucket0$956,:3,:6001",2014-02-24T13:15:16.470000,MQ,SAM,,,,3000.0,3034.0,3000,100.0,ZNE,train,gold,"bucket0$57,:3,:6001",
76,"bucket4$109,:3,:6001",2014-02-24T13:20:35.120000,MQ,SAM,,,,3000.0,3007.0,3000,100.0,ZNE,test,gold,"bucket4$3,:3,:6001",
77,"bucket0$957,:3,:6001",2014-02-24T13:30:34.290000,MQ,SAM,,,,3000.0,3042.0,3000,100.0,ZNE,train,gold,"bucket0$58,:3,:6001",
78,"bucket0$958,:3,:6001",2014-02-24T13:34:44.950000,MQ,SAM,,,,3000.0,3045.0,3000,100.0,ZNE,train,gold,"bucket0$59,:3,:6001",
79,"bucket5$117,:3,:6001",2014-02-24T13:37:56.280000,MQ,SAM,,,,3000.0,3107.0,3000,100.0,ZNE,dev,gold,"bucket2$6,:3,:6001",
80,"bucket0$959,:3,:6001",2014-02-24T13:41:49.180000,MQ,SAM,,,,3000.0,,3000,100.0,ZNE,train,gold,"bucket0$60,:3,:6001",
81,"bucket0$960,:3,:6001",2014-02-24T13:44:42.050000,MQ,SAM,,,,3000.0,3080.0,3000,100.0,ZNE,train,gold,"bucket0$61,:3,:6001",
82,"bucket0$961,:3,:6001",2014-02-24T13:46:03.410000,MQ,SAM,,,,3000.0,3069.0,3000,100.0,ZNE,train,gold,"bucket0$62,:3,:6001",
83,"bucket0$962,:3,:6001",2014-02-24T13:57:05.830000,MQ,SAM,,,,3000.0,3272.0,3000,100.0,ZNE,train,gold,"bucket0$63,:3,:6001",
84,"bucket5$118,:3,:6001",2014-02-24T14:00:06.080000,MQ,SAM,,,,3000.0,3007.0,3000,100.0,ZNE,dev,gold,"bucket2$7,:3,:6001",
85,"bucket0$963,:3,:6001",2014-02-24T14:01:53.630000,MQ,SAM,,,,3000.0,3055.0,3000,100.0,ZNE,train,gold,"bucket0$64,:3,:6001",
86,"bucket0$964,:3,:6001",2014-02-24T14:12:52.980000,MQ,SAM,,,,3000.0,3018.0,3000,100.0,ZNE,train,gold,"bucket0$65,:3,:6001",
87,MQ_BAM_GOLD_20140224_141603,2014-02-24T14:16:00.709900,MQ,BAM,,,,229.0,,229,100.0,ZNE,test,gold,,
88,"bucket6$8,:3,:3012",2014-02-24T14:15:57.709900,MQ,CPM,,,,11.0,,11,100.0,ZNE,train,gold,"bucket5$8,:3,:3012",
89,"bucket6$9,:3,:3064",2014-02-24T14:16:00.289900,MQ,GBM,,,,63.0,,63,100.0,ZNE,train,gold,"bucket5$9,:3,:3064",
90,"bucket6$10,:3,:3031",2014-02-24T14:15:59.150000,MQ,IA2,,,,30.0,468.0,30,100.0,ZNE,train,gold,"bucket5$10,:3,:3031",
91,"bucket6$11,:3,:3078",2014-02-24T14:16:00.190000,MQ,LAM,,,,77.0,112.0,77,100.0,ZNE,train,gold,"bucket5$11,:3,:3078",
92,MQ_MLM_GOLD_20140224_141559,2014-02-24T14:15:59.189900,MQ,MLM,,,,39.0,,39,100.0,ZNE,test,gold,,
93,"bucket0$965,:3,:6001",2014-02-24T18:37:06.579900,MQ,BAM,,,,3000.0,,3000,100.0,ZNE,train,gold,"bucket0$66,:3,:6001",
94,"bucket0$966,:3,:6001",2014-02-24T18:37:00.849900,MQ,CPM,,,,3000.0,,3000,100.0,ZNE,train,gold,"bucket0$67,:3,:6001",
95,"bucket0$967,:3,:6001",2014-02-24T18:37:03.569900,MQ,GBM,,,,3000.0,,3000,100.0,ZNE,train,gold,"bucket0$68,:3,:6001",
96,"bucket0$968,:3,:6001",2014-02-24T18:37:00.770000,MQ,IA2,,,,3000.0,3015.0,3000,100.0,ZNE,train,gold,"bucket0$69,:3,:6001",
97,"bucket0$969,:3,:6001",2014-02-24T18:37:01.169900,MQ,MLM,,,,3000.0,,3000,100.0,ZNE,train,gold,"bucket0$70,:3,:6001",
98,"bucket0$970,:3,:6001",2014-02-24T19:40:50.979900,MQ,BAM,,,,3000.0,,3000,100.0,ZNE,train,gold,"bucket0$71,:3,:6001",
99,"bucket0$971,:3,:6001",2014-02-24T19:40:49.700000,MQ,IA2,,,,3000.0,3001.0,3000,100.0,ZNE,train,gold,"bucket0$72,:3,:6001",
100,"bucket0$972,:3,:6001",2014-02-24T19:40:48.589900,MQ,MLM,,,,3000.0,,3000,100.0,ZNE,train,gold,"bucket0$73,:3,:6001",
101,"bucket0$973,:3,:6001",2014-02-24T19:40:54.900000,MQ,SAM,,,,3000.0,2989.0,3000,100.0,ZNE,train,gold,"bucket0$74,:3,:6001",
102,"bucket0$974,:3,:6001",2014-02-24T20:10:23.389900,MQ,BAM,,,,3000.0,,3000,100.0,ZNE,train,gold,"bucket0$75,:3,:6001",
103,"bucket4$110,:3,:6001",2014-02-24T20:10:22.559900,MQ,CPM,,,,3000.0,,3000,100.0,ZNE,test,gold,"bucket4$4,:3,:6001",
104,"bucket0$975,:3,:6001",2014-02-24T20:10:24.559900,MQ,MLM,,,,3000.0,,3000,100.0,ZNE,train,gold,"bucket0$76,:3,:6001",
105,"bucket0$976,:3,:6001",2014-02-24T20:10:17.640000,MQ,SAM,,,,3000.0,3004.0,3000,100.0,ZNE,train,gold,"bucket0$77,:3,:6001",
106,"bucket0$977,:3,:6001",2014-02-25T01:59:02.899900,MQ,CPM,,,,3000.0,,3000,100.0,ZNE,train,gold,"bucket0$78,:3,:6001",
107,"bucket5$119,:3,:6001",2014-02-25T01:59:02.009900,MQ,GBM,,,,3000.0,,3000,100.0,ZNE,dev,gold,"bucket2$8,:3,:6001",
108,"bucket0$978,:3,:6001",2014-02-25T01:59:01.940000,MQ,IA2,,,,3000.0,3127.0,3000,100.0,ZNE,train,gold,"bucket0$79,:3,:6001",
109,"bucket0$979,:3,:6001",2014-02-25T01:59:01.510000,MQ,SAM,,,,3000.0,3275.0,3000,100.0,ZNE,train,gold,"bucket0$80,:3,:6001",
110,"bucket0$980,:3,:6001",2014-02-25T03:00:04.189900,MQ,BAM,,,,3000.0,,3000,100.0,ZNE,train,gold,"bucket0$81,:3,:6001",
111,"bucket0$981,:3,:6001",2014-02-25T03:00:03.519900,MQ,CPM,,,,3000.0,,3000,100.0,ZNE,train,gold,"bucket0$82,:3,:6001",
112,"bucket0$982,:3,:6001",2014-02-25T03:00:04.409900,MQ,GBM,,,,3000.0,,3000,100.0,ZNE,train,gold,"bucket0$83,:3,:6001",
113,"bucket0$983,:3,:6001",2014-02-25T03:00:03.720000,MQ,IA2,,,,3000.0,3250.0,3000,100.0,ZNE,train,gold,"bucket0$84,:3,:6001",
114,"bucket0$984,:3,:6001",2014-02-25T03:00:04.389900,MQ,MLM,,,,3000.0,,3000,100.0,ZNE,train,gold,"bucket0$85,:3,:6001",
115,"bucket0$985,:3,:6001",2014-02-25T03:00:03.920000,MQ,SAM,,,,3000.0,3073.0,3000,100.0,ZNE,train,gold,"bucket0$86,:3,:6001",
116,"bucket0$986,:3,:6001",2014-02-25T05:35:51.359900,MQ,BAM,,,,3000.0,,3000,100.0,ZNE,train,gold,"bucket0$87,:3,:6001",
117,"bucket0$987,:3,:6001",2014-02-25T05:35:51.799900,MQ,CPM,,,,3000.0,,3000,100.0,ZNE,train,gold,"bucket0$88,:3,:6001",
118,"bucket0$988,:3,:6001",2014-02-25T05:35:51.599900,MQ,GBM,,,,3000.0,,3000,100.0,ZNE,train,gold,"bucket0$89,:3,:6001",
119,"bucket0$989,:3,:6001",2014-02-25T05:35:50.950000,MQ,IA2,,,,3000.0,3187.0,3000,100.0,ZNE,train,gold,"bucket0$90,:3,:6001",
120,"bucket0$990,:3,:6001",2014-02-25T05:35:51.320000,MQ,LAM,,,,3000.0,3064.0,3000,100.0,ZNE,train,gold,"bucket0$91,:3,:6001",
121,"bucket0$991,:3,:6001",2014-02-25T05:35:53.499900,MQ,MLM,,,,3000.0,,3000,100.0,ZNE,train,gold,"bucket0$92,:3,:6001",
122,"bucket0$992,:3,:6001",2014-02-25T09:58:08.869900,MQ,BAM,,,,3000.0,,3000,100.0,ZNE,train,gold,"bucket0$93,:3,:6001",
123,"bucket0$993,:3,:6001",2014-02-25T09:58:08.909900,MQ,CPM,,,,3000.0,,3000,100.0,ZNE,train,gold,"bucket0$94,:3,:6001",
124,"bucket0$994,:3,:6001",2014-02-25T09:58:08.789900,MQ,GBM,,,,3000.0,,3000,100.0,ZNE,train,gold,"bucket0$95,:3,:6001",
125,"bucket0$995,:3,:6001",2014-02-25T09:58:08.870000,MQ,IA2,,,,3000.0,3109.0,3000,100.0,ZNE,train,gold,"bucket0$96,:3,:6001",
126,"bucket5$120,:3,:6001",2014-02-25T09:58:08.800000,MQ,LAM,,,,3000.0,,3000,100.0,ZNE,dev,gold,"bucket2$9,:3,:6001",
127,"bucket0$996,:3,:6001",2014-02-25T09:58:10.199900,MQ,MLM,,,,3000.0,,3000,100.0,ZNE,train,gold,"bucket0$97,:3,:6001",
128,"bucket0$997,:3,:6001",2014-02-25T09:58:08.790000,MQ,SAM,,,,3000.0,3042.0,3000,100.0,ZNE,train,gold,"bucket0$98,:3,:6001",
129,"bucket0$998,:3,:6001",2014-02-25T12:01:00.039900,MQ,CPM,,,,3000.0,,3000,100.0,ZNE,train,gold,"bucket0$99,:3,:6001",
130,"bucket5$121,:3,:6001",2014-02-25T12:00:58.699900,MQ,GBM,,,,3000.0,,3000,100.0,ZNE,dev,gold,"bucket2$10,:3,:6001",
131,"bucket0$999,:3,:6001",2014-02-25T12:00:59.560000,MQ,IA2,,,,3000.0,3174.0,3000,100.0,ZNE,train,gold,"bucket0$100,:3,:6001",
132,"bucket0$1000,:3,:6001",2014-02-25T12:01:00.310000,MQ,LAM,,,,3000.0,3040.0,3000,100.0,ZNE,train,gold,"bucket0$101,:3,:6001",
133,"bucket4$111,:3,:6001",2014-02-25T12:01:00.760000,MQ,SAM,,,,3000.0,3061.0,3000,100.0,ZNE,test,gold,"bucket4$5,:3,:6001",
134,"bucket0$1001,:3,:6001",2014-02-25T19:58:38.239900,MQ,CPM,,,,3000.0,,3000,100.0,ZNE,train,gold,"bucket0$102,:3,:6001",
135,"bucket0$1002,:3,:6001",2014-02-25T19:58:34.639900,MQ,GBM,,,,3000.0,,3000,100.0,ZNE,train,gold,"bucket0$103,:3,:6001",
136,"bucket0$1003,:3,:6001",2014-02-25T19:58:35.350000,MQ,IA2,,,,3000.0,3306.0,3000,100.0,ZNE,train,gold,"bucket0$104,:3,:6001",
137,"bucket0$1004,:3,:6001",2014-02-25T19:58:34.109900,MQ,MLM,,,,3000.0,,3000,100.0,ZNE,train,gold,"bucket0$105,:3,:6001",
138,"bucket5$122,:3,:6001",2014-02-25T21:06:08.989900,MQ,BAM,,,,3000.0,,3000,100.0,ZNE,dev,gold,"bucket2$11,:3,:6001",
139,"bucket4$112,:3,:6001",2014-02-25T21:06:10.829900,MQ,CPM,,,,3000.0,,3000,100.0,ZNE,test,gold,"bucket4$6,:3,:6001",
140,"bucket0$1005,:3,:6001",2014-02-25T21:06:09.659900,MQ,GBM,,,,3000.0,,3000,100.0,ZNE,train,gold,"bucket0$106,:3,:6001",
141,"bucket0$1006,:3,:6001",2014-02-25T21:06:10.450000,MQ,IA2,,,,3000.0,3136.0,3000,100.0,ZNE,train,gold,"bucket0$107,:3,:6001",
142,"bucket0$1007,:3,:6001",2014-02-25T21:06:09.630000,MQ,LAM,,,,3000.0,,3000,100.0,ZNE,train,gold,"bucket0$108,:3,:6001",
143,"bucket0$1008,:3,:6001",2014-02-25T21:06:10.619900,MQ,MLM,,,,3000.0,,3000,100.0,ZNE,train,gold,"bucket0$109,:3,:6001",
144,"bucket0$1009,:3,:6001",2014-02-25T21:06:11.210000,MQ,SAM,,,,3000.0,3004.0,3000,100.0,ZNE,train,gold,"bucket0$110,:3,:6001",
145,"bucket0$1010,:3,:6001",2014-02-26T03:43:03.719900,MQ,BAM,,,,3000.0,,3000,100.0,ZNE,train,gold,"bucket0$111,:3,:6001",
146,"bucket5$123,:3,:6001",2014-02-26T03:43:03.049900,MQ,CPM,,,,3000.0,,3000,100.0,ZNE,dev,gold,"bucket2$12,:3,:6001",
147,"bucket0$1011,:3,:6001",2014-02-26T03:43:02.069900,MQ,GBM,,,,3000.0,,3000,100.0,ZNE,train,gold,"bucket0$112,:3,:6001",
148,"bucket0$1012,:3,:6001",2014-02-26T03:43:02.410000,MQ,IA2,,,,3000.0,3057.0,3000,100.0,ZNE,train,gold,"bucket0$113,:3,:6001",
149,"bucket0$1013,:3,:6001",2014-02-26T07:56:43.359900,MQ,BAM,,,,3000.0,,3000,100.0,ZNE,train,gold,"bucket0$114,:3,:6001",
150,"bucket5$124,:3,:6001",2014-02-26T07:56:43.479900,MQ,CPM,,,,3000.0,,3000,100.0,ZNE,dev,gold,"bucket2$13,:3,:6001",
151,"bucket0$1014,:3,:6001",2014-02-26T07:56:43.709900,MQ,GBM,,,,3000.0,,3000,100.0,ZNE,train,gold,"bucket0$115,:3,:6001",
152,"bucket5$125,:3,:6001",2014-02-26T07:56:43.500000,MQ,IA2,,,,3000.0,3215.0,3000,100.0,ZNE,dev,gold,"bucket2$14,:3,:6001",
153,"bucket5$126,:3,:6001",2014-02-26T07:56:43.520000,MQ,LAM,,,,3000.0,3040.0,3000,100.0,ZNE,dev,gold,"bucket2$15,:3,:6001",
154,"bucket0$1015,:3,:6001",2014-02-26T07:56:43.909900,MQ,MLM,,,,3000.0,,3000,100.0,ZNE,train,gold,"bucket0$116,:3,:6001",
155,"bucket4$113,:3,:6001",2014-02-26T07:56:58.229900,MQ,CPM,,,,3000.0,,3000,100.0,ZNE,test,gold,"bucket4$7,:3,:6001",
156,"bucket0$1016,:3,:6001",2014-02-26T07:56:57.909900,MQ,GBM,,,,3000.0,,3000,100.0,ZNE,train,gold,"bucket0$117,:3,:6001",
157,"bucket4$114,:3,:6001",2014-02-26T07:56:58.410000,MQ,IA2,,,,3000.0,3107.0,3000,100.0,ZNE,test,gold,"bucket4$8,:3,:6001",
158,"bucket0$1017,:3,:6001",2014-02-26T07:56:57.910000,MQ,LAM,,,,3000.0,3069.0,3000,100.0,ZNE,train,gold,"bucket0$118,:3,:6001",
159,"bucket0$1018,:3,:6001",2014-02-26T07:56:58.869900,MQ,MLM,,,,3000.0,,3000,100.0,ZNE,train,gold,"bucket0$119,:3,:6001",
160,"bucket0$1019,:3,:6001",2014-02-26T07:56:58.850000,MQ,SAM,,,,3000.0,3040.0,3000,100.0,ZNE,train,gold,"bucket0$120,:3,:6001",
161,"bucket0$1020,:3,:6001",2014-02-26T21:25:39.959900,MQ,BAM,,,,3000.0,,3000,100.0,ZNE,train,gold,"bucket0$121,:3,:6001",
162,"bucket0$1021,:3,:6001",2014-02-26T21:25:40.919900,MQ,GBM,,,,3000.0,,3000,100.0,ZNE,train,gold,"bucket0$122,:3,:6001",
163,"bucket0$1022,:3,:6001",2014-02-26T21:25:40.890000,MQ,LAM,,,,3000.0,3038.0,3000,100.0,ZNE,train,gold,"bucket0$123,:3,:6001",
164,"bucket0$1023,:3,:6001",2014-02-26T21:25:40.909900,MQ,MLM,,,,3000.0,,3000,100.0,ZNE,train,gold,"bucket0$124,:3,:6001",
165,"bucket5$127,:3,:6001",2014-02-26T21:25:42.360000,MQ,SAM,,,,3000.0,3070.0,3000,100.0,ZNE,dev,gold,"bucket2$16,:3,:6001",
166,"bucket1$0,:3,:6001",2014-02-28T08:09:13.399900,MQ,BAM,,,,3000.0,,3000,100.0,ZNE,train,gold,"bucket0$125,:3,:6001",
167,"bucket1$1,:3,:6001",2014-02-28T08:09:13.339900,MQ,CPM,,,,3000.0,,3000,100.0,ZNE,train,gold,"bucket0$126,:3,:6001",
168,"bucket4$115,:3,:6001",2014-02-28T08:09:13.209900,MQ,GBM,,,,3000.0,,3000,100.0,ZNE,test,gold,"bucket4$9,:3,:6001",
169,"bucket1$2,:3,:6001",2014-02-28T08:09:13.700000,MQ,IA2,,,,3000.0,3070.0,3000,100.0,ZNE,train,gold,"bucket0$127,:3,:6001",
170,"bucket1$3,:3,:6001",2014-02-28T08:09:26.789900,MQ,BAM,,,,3000.0,,3000,100.0,ZNE,train,gold,"bucket0$128,:3,:6001",
171,"bucket1$4,:3,:6001",2014-02-28T08:09:26.489900,MQ,CPM,,,,3000.0,,3000,100.0,ZNE,train,gold,"bucket0$129,:3,:6001",
172,"bucket5$128,:3,:6001",2014-02-28T08:09:26.339900,MQ,GBM,,,,3000.0,,3000,100.0,ZNE,dev,gold,"bucket2$17,:3,:6001",
173,"bucket1$5,:3,:6001",2014-02-28T08:09:26.170000,MQ,IA2,,,,3000.0,3208.0,3000,100.0,ZNE,train,gold,"bucket0$130,:3,:6001",
174,"bucket1$6,:3,:6001",2014-02-28T08:09:26.770000,MQ,LAM,,,,3000.0,,3000,100.0,ZNE,train,gold,"bucket0$131,:3,:6001",
175,"bucket1$7,:3,:6001",2014-02-28T08:09:26.490000,MQ,SAM,,,,3000.0,3069.0,3000,100.0,ZNE,train,gold,"bucket0$132,:3,:6001",
176,"bucket1$8,:3,:6001",2014-02-28T12:52:01.729900,MQ,BAM,,,,3000.0,,3000,100.0,ZNE,train,gold,"bucket0$133,:3,:6001",
177,"bucket1$9,:3,:6001",2014-02-28T12:52:00.739900,MQ,CPM,,,,3000.0,,3000,100.0,ZNE,train,gold,"bucket0$134,:3,:6001",
178,"bucket1$10,:3,:6001",2014-02-28T12:52:01.689900,MQ,GBM,,,,3000.0,,3000,100.0,ZNE,train,gold,"bucket0$135,:3,:6001",
179,"bucket1$11,:3,:6001",2014-02-28T12:52:00.870000,MQ,IA2,,,,3000.0,3263.0,3000,100.0,ZNE,train,gold,"bucket0$136,:3,:6001",
180,"bucket1$12,:3,:6001",2014-02-28T12:52:01.690000,MQ,LAM,,,,3000.0,3078.0,3000,100.0,ZNE,train,gold,"bucket0$137,:3,:6001",
181,"bucket1$13,:3,:6001",2014-02-28T12:52:01.419900,MQ,MLM,,,,3000.0,,3000,100.0,ZNE,train,gold,"bucket0$138,:3,:6001",
182,"bucket5$129,:3,:6001",2014-02-28T12:52:01.910000,MQ,SAM,,,,3000.0,3145.0,3000,100.0,ZNE,dev,gold,"bucket2$18,:3,:6001",
183,"bucket1$14,:3,:6001",2014-02-28T12:52:16.749900,MQ,BAM,,,,3000.0,,3000,100.0,ZNE,train,gold,"bucket0$139,:3,:6001",
184,"bucket1$15,:3,:6001",2014-02-28T12:52:16.719900,MQ,CPM,,,,3000.0,,3000,100.0,ZNE,train,gold,"bucket0$140,:3,:6001",
185,"bucket1$16,:3,:6001",2014-02-28T12:52:16.640000,MQ,IA2,,,,3000.0,3028.0,3000,100.0,ZNE,train,gold,"bucket0$141,:3,:6001",
186,"bucket1$17,:3,:6001",2014-02-28T12:52:17.610000,MQ,LAM,,,,3000.0,3061.0,3000,100.0,ZNE,train,gold,"bucket0$142,:3,:6001",
187,"bucket4$116,:3,:6001",2014-02-28T12:52:17.280000,MQ,SAM,,,,3000.0,3045.0,3000,100.0,ZNE,test,gold,"bucket4$10,:3,:6001",
188,"bucket1$18,:3,:6001",2014-02-28T20:24:10.189900,MQ,CPM,,,,3000.0,,3000,100.0,ZNE,train,gold,"bucket0$143,:3,:6001",
189,"bucket4$117,:3,:6001",2014-02-28T20:24:09.629900,MQ,GBM,,,,3000.0,,3000,100.0,ZNE,test,gold,"bucket4$11,:3,:6001",
190,"bucket1$19,:3,:6001",2014-02-28T20:24:09.880000,MQ,IA2,,,,3000.0,3167.0,3000,100.0,ZNE,train,gold,"bucket0$144,:3,:6001",
191,"bucket1$20,:3,:6001",2014-02-28T20:24:10.750000,MQ,LAM,,,,3000.0,3034.0,3000,100.0,ZNE,train,gold,"bucket0$145,:3,:6001",
192,"bucket1$21,:3,:6001",2014-02-28T20:54:56.129900,MQ,CPM,,,,3000.0,,3000,100.0,ZNE,train,gold,"bucket0$146,:3,:6001",
193,"bucket4$118,:3,:6001",2014-02-28T20:54:56.189900,MQ,GBM,,,,3000.0,,3000,100.0,ZNE,test,gold,"bucket4$12,:3,:6001",
194,"bucket1$22,:3,:6001",2014-02-28T20:54:55.810000,MQ,IA2,,,,3000.0,3149.0,3000,100.0,ZNE,train,gold,"bucket0$147,:3,:6001",
195,"bucket4$119,:3,:6001",2014-02-28T20:54:56.870000,MQ,LAM,,,,3000.0,2932.0,3000,100.0,ZNE,test,gold,"bucket4$13,:3,:6001",
196,"bucket1$23,:3,:6001",2014-02-28T20:54:54.660000,MQ,SAM,,,,3000.0,3281.0,3000,100.0,ZNE,train,gold,"bucket0$148,:3,:6001",
197,"bucket4$120,:3,:6001",2014-02-28T23:57:41.239900,MQ,CPM,,,,3000.0,,3000,100.0,ZNE,test,gold,"bucket4$14,:3,:6001",
198,"bucket1$24,:3,:6001",2014-02-28T23:57:41.859900,MQ,GBM,,,,3000.0,,3000,100.0,ZNE,train,gold,"bucket0$149,:3,:6001",
199,"bucket1$25,:3,:6001",2014-02-28T23:57:41.430000,MQ,IA2,,,,3000.0,3035.0,3000,100.0,ZNE,train,gold,"bucket0$150,:3,:6001",
200,"bucket1$26,:3,:6001",2014-02-28T23:57:41.709900,MQ,MLM,,,,3000.0,,3000,100.0,ZNE,train,gold,"bucket0$151,:3,:6001",
201,"bucket1$27,:3,:6001",2014-02-28T23:57:55.039900,MQ,BAM,,,,3000.0,,3000,100.0,ZNE,train,gold,"bucket0$152,:3,:6001",
202,"bucket1$28,:3,:6001",2014-02-28T23:57:55.289900,MQ,GBM,,,,3000.0,,3000,100.0,ZNE,train,gold,"bucket0$153,:3,:6001",
203,"bucket1$29,:3,:6001",2014-02-28T23:57:55.280000,MQ,IA2,,,,3000.0,3040.0,3000,100.0,ZNE,train,gold,"bucket0$154,:3,:6001",
204,"bucket1$30,:3,:6001",2014-02-28T23:57:54.810000,MQ,LAM,,,,3000.0,3170.0,3000,100.0,ZNE,train,gold,"bucket0$155,:3,:6001",
205,"bucket1$31,:3,:6001",2014-02-28T23:57:55.739900,MQ,MLM,,,,3000.0,,3000,100.0,ZNE,train,gold,"bucket0$156,:3,:6001",
206,"bucket1$32,:3,:6001",2014-03-01T08:22:11.679900,MQ,BAM,,,,3000.0,,3000,100.0,ZNE,train,gold,"bucket0$157,:3,:6001",
207,"bucket1$33,:3,:6001",2014-03-01T08:22:11.329900,MQ,GBM,,,,3000.0,,3000,100.0,ZNE,train,gold,"bucket0$158,:3,:6001",
208,"bucket5$130,:3,:6001",2014-03-01T08:22:12,MQ,IA2,,,,3000.0,3232.0,3000,100.0,ZNE,dev,gold,"bucket2$19,:3,:6001",
209,"bucket1$34,:3,:6001",2014-03-01T08:22:13.879900,MQ,MLM,,,,3000.0,,3000,100.0,ZNE,train,gold,"bucket0$159,:3,:6001",
210,"bucket1$35,:3,:6001",2014-03-02T01:39:05.419900,MQ,CPM,,,,3000.0,,3000,100.0,ZNE,train,gold,"bucket0$160,:3,:6001",
211,"bucket1$36,:3,:6001",2014-03-02T01:39:05.409900,MQ,GBM,,,,3000.0,,3000,100.0,ZNE,train,gold,"bucket0$161,:3,:6001",
212,"bucket1$37,:3,:6001",2014-03-02T01:39:05.650000,MQ,IA2,,,,3000.0,,3000,100.0,ZNE,train,gold,"bucket0$162,:3,:6001",
213,"bucket1$38,:3,:6001",2014-03-02T01:39:05.180000,MQ,LAM,,,,3000.0,3113.0,3000,100.0,ZNE,train,gold,"bucket0$163,:3,:6001",
214,"bucket4$121,:3,:6001",2014-03-02T02:27:10.409900,MQ,BAM,,,,3000.0,,3000,100.0,ZNE,test,gold,"bucket4$15,:3,:6001",
215,"bucket4$122,:3,:6001",2014-03-02T02:27:11.339900,MQ,CPM,,,,3000.0,,3000,100.0,ZNE,test,gold,"bucket4$16,:3,:6001",
216,"bucket1$39,:3,:6001",2014-03-02T02:27:11.039900,MQ,GBM,,,,3000.0,,3000,100.0,ZNE,train,gold,"bucket0$164,:3,:6001",
217,"bucket1$40,:3,:6001",2014-03-02T02:27:10.690000,MQ,IA2,,,,3000.0,3234.0,3000,100.0,ZNE,train,gold,"bucket0$165,:3,:6001",
218,"bucket1$41,:3,:6001",2014-03-02T02:27:10.470000,MQ,LAM,,,,3000.0,3130.0,3000,100.0,ZNE,train,gold,"bucket0$166,:3,:6001",
219,"bucket1$42,:3,:6001",2014-03-02T02:27:11.529900,MQ,MLM,,,,3000.0,,3000,100.0,ZNE,train,gold,"bucket0$167,:3,:6001",
220,"bucket1$43,:3,:6001",2014-03-02T06:02:49.029900,MQ,BAM,,,,3000.0,,3000,100.0,ZNE,train,gold,"bucket0$168,:3,:6001",
221,"bucket1$44,:3,:6001",2014-03-02T06:02:49.509900,MQ,CPM,,,,3000.0,,3000,100.0,ZNE,train,gold,"bucket0$169,:3,:6001",
222,"bucket1$45,:3,:6001",2014-03-02T06:02:49.349900,MQ,GBM,,,,3000.0,,3000,100.0,ZNE,train,gold,"bucket0$170,:3,:6001",
223,"bucket1$46,:3,:6001",2014-03-02T06:02:49.830000,MQ,IA2,,,,3000.0,3051.0,3000,100.0,ZNE,train,gold,"bucket0$171,:3,:6001",
224,"bucket1$47,:3,:6001",2014-03-02T08:18:50.179900,MQ,BAM,,,,3000.0,,3000,100.0,ZNE,train,gold,"bucket0$172,:3,:6001",
225,"bucket1$48,:3,:6001",2014-03-02T08:18:49.199900,MQ,CPM,,,,3000.0,,3000,100.0,ZNE,train,gold,"bucket0$173,:3,:6001",
226,"bucket1$49,:3,:6001",2014-03-02T08:18:52.069900,MQ,GBM,,,,3000.0,,3000,100.0,ZNE,train,gold,"bucket0$174,:3,:6001",
227,"bucket1$50,:3,:6001",2014-03-02T08:18:49.160000,MQ,IA2,,,,3000.0,3079.0,3000,100.0,ZNE,train,gold,"bucket0$175,:3,:6001",
228,"bucket1$51,:3,:6001",2014-03-02T08:18:48.550000,MQ,LAM,,,,3000.0,3053.0,3000,100.0,ZNE,train,gold,"bucket0$176,:3,:6001",
229,"bucket1$52,:3,:6001",2014-03-02T09:42:56.269900,MQ,BAM,,,,3000.0,,3000,100.0,ZNE,train,gold,"bucket0$177,:3,:6001",
230,"bucket1$53,:3,:6001",2014-03-02T09:42:54.599900,MQ,CPM,,,,3000.0,,3000,100.0,ZNE,train,gold,"bucket0$178,:3,:6001",
231,"bucket4$123,:3,:6001",2014-03-02T09:42:56.069900,MQ,GBM,,,,3000.0,,3000,100.0,ZNE,test,gold,"bucket4$17,:3,:6001",
232,"bucket1$54,:3,:6001",2014-03-02T09:42:57.230000,MQ,LAM,,,,3000.0,3043.0,3000,100.0,ZNE,train,gold,"bucket0$179,:3,:6001",
233,"bucket5$131,:3,:6001",2014-03-02T09:42:54.600000,MQ,SAM,,,,3000.0,3021.0,3000,100.0,ZNE,dev,gold,"bucket2$20,:3,:6001",
234,"bucket1$55,:3,:6001",2014-03-02T18:27:38.109900,MQ,BAM,,,,3000.0,,3000,100.0,ZNE,train,gold,"bucket0$180,:3,:6001",
235,"bucket5$132,:3,:6001",2014-03-02T18:27:38.029900,MQ,CPM,,,,3000.0,,3000,100.0,ZNE,dev,gold,"bucket2$21,:3,:6001",
236,"bucket1$56,:3,:6001",2014-03-02T18:27:38.119900,MQ,GBM,,,,3000.0,,3000,100.0,ZNE,train,gold,"bucket0$181,:3,:6001",
237,"bucket1$57,:3,:6001",2014-03-02T18:27:38.440000,MQ,IA2,,,,3000.0,3037.0,3000,100.0,ZNE,train,gold,"bucket0$182,:3,:6001",
238,"bucket4$124,:3,:6001",2014-03-02T18:27:39.050000,MQ,LAM,,,,3000.0,3083.0,3000,100.0,ZNE,test,gold,"bucket4$18,:3,:6001",
239,"bucket1$58,:3,:6001",2014-03-02T18:27:38.109900,MQ,MLM,,,,3000.0,,3000,100.0,ZNE,train,gold,"bucket0$183,:3,:6001",
240,"bucket1$59,:3,:6001",2014-03-02T18:27:38.580000,MQ,SAM,,,,3000.0,3142.0,3000,100.0,ZNE,train,gold,"bucket0$184,:3,:6001",
241,"bucket1$60,:3,:6001",2014-03-02T18:28:03.849900,MQ,BAM,,,,3000.0,,3000,100.0,ZNE,train,gold,"bucket0$185,:3,:6001",
242,"bucket5$133,:3,:6001",2014-03-02T18:28:04.189900,MQ,CPM,,,,3000.0,,3000,100.0,ZNE,dev,gold,"bucket2$22,:3,:6001",
243,"bucket1$61,:3,:6001",2014-03-02T18:28:04.139900,MQ,GBM,,,,3000.0,,3000,100.0,ZNE,train,gold,"bucket0$186,:3,:6001",
244,"bucket1$62,:3,:6001",2014-03-02T18:28:03.870000,MQ,IA2,,,,3000.0,3132.0,3000,100.0,ZNE,train,gold,"bucket0$187,:3,:6001",
245,"bucket1$63,:3,:6001",2014-03-02T18:28:04.890000,MQ,LAM,,,,3000.0,,3000,100.0,ZNE,train,gold,"bucket0$188,:3,:6001",
246,"bucket1$64,:3,:6001",2014-03-02T19:13:33.129900,MQ,BAM,,,,3000.0,,3000,100.0,ZNE,train,gold,"bucket0$189,:3,:6001",
247,"bucket4$125,:3,:6001",2014-03-02T19:13:24.200000,MQ,LAM,,,,3000.0,3050.0,3000,100.0,ZNE,test,gold,"bucket4$19,:3,:6001",
248,"bucket1$65,:3,:6001",2014-03-02T19:13:33.590000,MQ,SAM,,,,3000.0,,3000,100.0,ZNE,train,gold,"bucket0$190,:3,:6001",
249,"bucket1$66,:3,:6001",2014-03-02T19:53:30.359900,MQ,BAM,,,,3000.0,,3000,100.0,ZNE,train,gold,"bucket0$191,:3,:6001",
250,"bucket1$67,:3,:6001",2014-03-02T19:53:35.719900,MQ,CPM,,,,3000.0,,3000,100.0,ZNE,train,gold,"bucket0$192,:3,:6001",
251,"bucket1$68,:3,:6001",2014-03-02T19:53:34.660000,MQ,LAM,,,,3000.0,3020.0,3000,100.0,ZNE,train,gold,"bucket0$193,:3,:6001",
252,"bucket4$126,:3,:6001",2014-03-02T19:53:27.510000,MQ,SAM,,,,3000.0,3079.0,3000,100.0,ZNE,test,gold,"bucket4$20,:3,:6001",
253,"bucket1$69,:3,:6001",2014-03-02T19:57:58.409900,MQ,BAM,,,,3000.0,,3000,100.0,ZNE,train,gold,"bucket0$194,:3,:6001",
254,"bucket1$70,:3,:6001",2014-03-02T19:57:59.349900,MQ,CPM,,,,3000.0,,3000,100.0,ZNE,train,gold,"bucket0$195,:3,:6001",
255,"bucket1$71,:3,:6001",2014-03-02T19:57:59.719900,MQ,GBM,,,,3000.0,,3000,100.0,ZNE,train,gold,"bucket0$196,:3,:6001",
256,"bucket4$127,:3,:6001",2014-03-02T19:57:53.790000,MQ,SAM,,,,3000.0,3044.0,3000,100.0,ZNE,test,gold,"bucket4$21,:3,:6001",
257,"bucket1$72,:3,:6001",2014-03-03T01:25:16.389900,MQ,BAM,,,,3000.0,,3000,100.0,ZNE,train,gold,"bucket0$197,:3,:6001",
258,"bucket1$73,:3,:6001",2014-03-03T01:25:16.669900,MQ,CPM,,,,3000.0,,3000,100.0,ZNE,train,gold,"bucket0$198,:3,:6001",
259,"bucket1$74,:3,:6001",2014-03-03T01:25:17.049900,MQ,GBM,,,,3000.0,,3000,100.0,ZNE,train,gold,"bucket0$199,:3,:6001",
260,"bucket1$75,:3,:6001",2014-03-03T01:25:17.330000,MQ,IA2,,,,3000.0,3037.0,3000,100.0,ZNE,train,gold,"bucket0$200,:3,:6001",
261,"bucket1$76,:3,:6001",2014-03-03T06:42:31.709900,MQ,CPM,,,,3000.0,,3000,100.0,ZNE,train,gold,"bucket0$201,:3,:6001",
262,"bucket1$77,:3,:6001",2014-03-03T06:42:30.659900,MQ,GBM,,,,3000.0,,3000,100.0,ZNE,train,gold,"bucket0$202,:3,:6001",
263,"bucket1$78,:3,:6001",2014-03-03T06:42:30.890000,MQ,IA2,,,,3000.0,3084.0,3000,100.0,ZNE,train,gold,"bucket0$203,:3,:6001",
264,"bucket1$79,:3,:6001",2014-03-03T06:42:31.750000,MQ,LAM,,,,3000.0,3037.0,3000,100.0,ZNE,train,gold,"bucket0$204,:3,:6001",
265,"bucket1$80,:3,:6001",2014-03-03T08:28:48.319900,MQ,CPM,,,,3000.0,,3000,100.0,ZNE,train,gold,"bucket0$205,:3,:6001",
266,"bucket1$81,:3,:6001",2014-03-03T11:35:11.429900,MQ,BAM,,,,3000.0,,3000,100.0,ZNE,train,gold,"bucket0$206,:3,:6001",
267,"bucket4$128,:3,:6001",2014-03-03T11:35:12.209900,MQ,CPM,,,,3000.0,,3000,100.0,ZNE,test,gold,"bucket4$22,:3,:6001",
268,"bucket1$82,:3,:6001",2014-03-03T11:35:11.429900,MQ,GBM,,,,3000.0,,3000,100.0,ZNE,train,gold,"bucket0$207,:3,:6001",
269,"bucket4$129,:3,:6001",2014-03-03T11:35:12.200000,MQ,IA2,,,,3000.0,3042.0,3000,100.0,ZNE,test,gold,"bucket4$23,:3,:6001",
270,"bucket1$83,:3,:6001",2014-03-03T11:35:11.720000,MQ,LAM,,,,3000.0,3087.0,3000,100.0,ZNE,train,gold,"bucket0$208,:3,:6001",
271,"bucket1$84,:3,:6001",2014-03-03T11:35:12.390000,MQ,SAM,,,,3000.0,3009.0,3000,100.0,ZNE,train,gold,"bucket0$209,:3,:6001",
272,"bucket1$85,:3,:6001",2014-03-03T11:35:23.209900,MQ,BAM,,,,3000.0,,3000,100.0,ZNE,train,gold,"bucket0$210,:3,:6001",
273,"bucket1$86,:3,:6001",2014-03-03T11:35:24.259900,MQ,GBM,,,,3000.0,,3000,100.0,ZNE,train,gold,"bucket0$211,:3,:6001",
274,"bucket5$134,:3,:6001",2014-03-03T11:35:24.330000,MQ,IA2,,,,3000.0,3189.0,3000,100.0,ZNE,dev,gold,"bucket2$23,:3,:6001",
275,"bucket1$87,:3,:6001",2014-03-03T11:35:23.850000,MQ,SAM,,,,3000.0,,3000,100.0,ZNE,train,gold,"bucket0$212,:3,:6001",
276,"bucket1$88,:3,:6001",2014-03-03T12:28:53.749900,MQ,BAM,,,,3000.0,,3000,100.0,ZNE,train,gold,"bucket0$213,:3,:6001",
277,"bucket5$135,:3,:6001",2014-03-03T12:28:54.499900,MQ,CPM,,,,3000.0,,3000,100.0,ZNE,dev,gold,"bucket2$24,:3,:6001",
278,"bucket1$89,:3,:6001",2014-03-03T12:28:54.239900,MQ,GBM,,,,3000.0,,3000,100.0,ZNE,train,gold,"bucket0$214,:3,:6001",
279,"bucket4$130,:3,:6001",2014-03-03T12:28:54.400000,MQ,IA2,,,,3000.0,3268.0,3000,100.0,ZNE,test,gold,"bucket4$24,:3,:6001",
280,"bucket1$90,:3,:6001",2014-03-03T12:28:55.940000,MQ,LAM,,,,3000.0,3282.0,3000,100.0,ZNE,train,gold,"bucket0$215,:3,:6001",
281,"bucket5$136,:3,:6001",2014-03-03T12:28:54.149900,MQ,MLM,,,,3000.0,,3000,100.0,ZNE,dev,gold,"bucket2$25,:3,:6001",
282,"bucket1$91,:3,:6001",2014-03-03T12:29:19.189900,MQ,BAM,,,,3000.0,,3000,100.0,ZNE,train,gold,"bucket0$216,:3,:6001",
283,"bucket1$92,:3,:6001",2014-03-03T12:29:20.729900,MQ,CPM,,,,3000.0,,3000,100.0,ZNE,train,gold,"bucket0$217,:3,:6001",
284,"bucket1$93,:3,:6001",2014-03-03T12:29:20.489900,MQ,GBM,,,,3000.0,,3000,100.0,ZNE,train,gold,"bucket0$218,:3,:6001",
285,"bucket1$94,:3,:6001",2014-03-03T12:29:20.250000,MQ,IA2,,,,3000.0,3039.0,3000,100.0,ZNE,train,gold,"bucket0$219,:3,:6001",
286,"bucket5$137,:3,:6001",2014-03-03T12:29:21.110000,MQ,LAM,,,,3000.0,3026.0,3000,100.0,ZNE,dev,gold,"bucket2$26,:3,:6001",
287,"bucket1$95,:3,:6001",2014-03-03T18:42:44.369900,MQ,BAM,,,,3000.0,,3000,100.0,ZNE,train,gold,"bucket0$220,:3,:6001",
288,"bucket1$96,:3,:6001",2014-03-03T18:42:45.439900,MQ,CPM,,,,3000.0,,3000,100.0,ZNE,train,gold,"bucket0$221,:3,:6001",
289,"bucket1$97,:3,:6001",2014-03-03T18:42:44.579900,MQ,GBM,,,,3000.0,,3000,100.0,ZNE,train,gold,"bucket0$222,:3,:6001",
290,"bucket1$98,:3,:6001",2014-03-03T18:42:44.820000,MQ,IA2,,,,3000.0,3259.0,3000,100.0,ZNE,train,gold,"bucket0$223,:3,:6001",
291,"bucket1$99,:3,:6001",2014-03-03T18:42:46,MQ,LAM,,,,3000.0,3008.0,3000,100.0,ZNE,train,gold,"bucket0$224,:3,:6001",
292,"bucket4$131,:3,:6001",2014-03-03T19:05:06.739900,MQ,BAM,,,,3000.0,,3000,100.0,ZNE,test,gold,"bucket4$25,:3,:6001",
293,"bucket1$100,:3,:6001",2014-03-03T19:05:11.999900,MQ,CPM,,,,3000.0,,3000,100.0,ZNE,train,gold,"bucket0$225,:3,:6001",
294,"bucket1$101,:3,:6001",2014-03-03T19:05:12.149900,MQ,GBM,,,,3000.0,,3000,100.0,ZNE,train,gold,"bucket0$226,:3,:6001",
295,"bucket1$102,:3,:6001",2014-03-03T19:05:11.580000,MQ,IA2,,,,3000.0,3175.0,3000,100.0,ZNE,train,gold,"bucket0$227,:3,:6001",
296,"bucket5$138,:3,:6001",2014-03-03T19:05:37.559900,MQ,BAM,,,,3000.0,,3000,100.0,ZNE,dev,gold,"bucket2$27,:3,:6001",
297,"bucket4$132,:3,:6001",2014-03-03T19:05:37.719900,MQ,CPM,,,,3000.0,,3000,100.0,ZNE,test,gold,"bucket4$26,:3,:6001",
298,"bucket1$103,:3,:6001",2014-03-03T19:05:39.169900,MQ,GBM,,,,3000.0,,3000,100.0,ZNE,train,gold,"bucket0$228,:3,:6001",
299,"bucket4$133,:3,:6001",2014-03-03T19:05:37.440000,MQ,IA2,,,,3000.0,3132.0,3000,100.0,ZNE,test,gold,"bucket4$27,:3,:6001",
300,"bucket1$104,:3,:6001",2014-03-03T19:05:38.660000,MQ,LAM,,,,3000.0,3076.0,3000,100.0,ZNE,train,gold,"bucket0$229,:3,:6001",
301,"bucket1$105,:3,:6001",2014-03-03T22:16:07.509900,MQ,BAM,,,,3000.0,,3000,100.0,ZNE,train,gold,"bucket0$230,:3,:6001",
302,"bucket1$106,:3,:6001",2014-03-03T22:16:07.009900,MQ,GBM,,,,3000.0,,3000,100.0,ZNE,train,gold,"bucket0$231,:3,:6001",
303,"bucket4$134,:3,:6001",2014-03-03T22:16:09.530000,MQ,IA2,,,,3000.0,3115.0,3000,100.0,ZNE,test,gold,"bucket4$28,:3,:6001",
304,"bucket1$107,:3,:6001",2014-03-03T22:16:07.150000,MQ,LAM,,,,3000.0,3103.0,3000,100.0,ZNE,train,gold,"bucket0$232,:3,:6001",
305,"bucket1$108,:3,:6001",2014-03-03T23:49:26.069900,MQ,BAM,,,,3000.0,,3000,100.0,ZNE,train,gold,"bucket0$233,:3,:6001",
306,"bucket1$109,:3,:6001",2014-03-03T23:49:25.269900,MQ,GBM,,,,3000.0,,3000,100.0,ZNE,train,gold,"bucket0$234,:3,:6001",
307,"bucket1$110,:3,:6001",2014-03-03T23:49:26.340000,MQ,IA2,,,,3000.0,3002.0,3000,100.0,ZNE,train,gold,"bucket0$235,:3,:6001",
308,"bucket1$111,:3,:6001",2014-03-03T23:49:25.220000,MQ,LAM,,,,3000.0,3160.0,3000,100.0,ZNE,train,gold,"bucket0$236,:3,:6001",
309,"bucket1$112,:3,:6001",2014-03-04T02:19:35.870000,MQ,IA2,,,,3000.0,,3000,100.0,ZNE,train,gold,"bucket0$237,:3,:6001",
310,"bucket1$113,:3,:6001",2014-03-04T02:28:23.219900,MQ,BAM,,,,3000.0,,3000,100.0,ZNE,train,gold,"bucket0$238,:3,:6001",
311,"bucket1$114,:3,:6001",2014-03-04T02:28:24.509900,MQ,CPM,,,,3000.0,,3000,100.0,ZNE,train,gold,"bucket0$239,:3,:6001",
312,"bucket1$115,:3,:6001",2014-03-04T02:28:23.989900,MQ,GBM,,,,3000.0,,3000,100.0,ZNE,train,gold,"bucket0$240,:3,:6001",
313,"bucket1$116,:3,:6001",2014-03-04T02:28:23.980000,MQ,IA2,,,,3000.0,3029.0,3000,100.0,ZNE,train,gold,"bucket0$241,:3,:6001",
314,"bucket1$117,:3,:6001",2014-03-04T02:28:23.590000,MQ,LAM,,,,3000.0,3061.0,3000,100.0,ZNE,train,gold,"bucket0$242,:3,:6001",
315,"bucket5$139,:3,:6001",2014-03-04T03:21:49.389900,MQ,CPM,,,,3000.0,,3000,100.0,ZNE,dev,gold,"bucket2$28,:3,:6001",
316,"bucket1$118,:3,:6001",2014-03-04T03:21:49.679900,MQ,MLM,,,,3000.0,,3000,100.0,ZNE,train,gold,"bucket0$243,:3,:6001",
317,"bucket1$119,:3,:6001",2014-03-04T04:11:40.890000,MQ,SAM,,,,3000.0,3012.0,3000,100.0,ZNE,train,gold,"bucket0$244,:3,:6001",
318,"bucket1$120,:3,:6001",2014-03-04T04:20:24.080000,MQ,IA2,,,,3000.0,3064.0,3000,100.0,ZNE,train,gold,"bucket0$245,:3,:6001",
319,"bucket1$121,:3,:6001",2014-03-04T05:48:07.329900,MQ,BAM,,,,3000.0,,3000,100.0,ZNE,train,gold,"bucket0$246,:3,:6001",
320,"bucket1$122,:3,:6001",2014-03-04T05:48:06.059900,MQ,CPM,,,,3000.0,,3000,100.0,ZNE,train,gold,"bucket0$247,:3,:6001",
321,"bucket1$123,:3,:6001",2014-03-04T05:48:06.400000,MQ,IA2,,,,3000.0,3213.0,3000,100.0,ZNE,train,gold,"bucket0$248,:3,:6001",
322,"bucket1$124,:3,:6001",2014-03-04T05:48:06.860000,MQ,LAM,,,,3000.0,3177.0,3000,100.0,ZNE,train,gold,"bucket0$249,:3,:6001",
323,"bucket1$125,:3,:6001",2014-03-04T06:22:43.909900,MQ,BAM,,,,3000.0,,3000,100.0,ZNE,train,gold,"bucket0$250,:3,:6001",
324,"bucket1$126,:3,:6001",2014-03-04T06:22:43.989900,MQ,CPM,,,,3000.0,,3000,100.0,ZNE,train,gold,"bucket0$251,:3,:6001",
325,"bucket1$127,:3,:6001",2014-03-04T07:16:22.930000,MQ,SAM,,,,3000.0,3020.0,3000,100.0,ZNE,train,gold,"bucket0$252,:3,:6001",
326,"bucket1$128,:3,:6001",2014-03-04T08:16:52.710000,MQ,SAM,,,,3000.0,3047.0,3000,100.0,ZNE,train,gold,"bucket0$253,:3,:6001",
327,"bucket1$129,:3,:6001",2014-03-04T08:19:07.239900,MQ,BAM,,,,3000.0,,3000,100.0,ZNE,train,gold,"bucket0$254,:3,:6001",
328,"bucket1$130,:3,:6001",2014-03-04T08:19:06.679900,MQ,GBM,,,,3000.0,,3000,100.0,ZNE,train,gold,"bucket0$255,:3,:6001",
329,"bucket4$135,:3,:6001",2014-03-04T08:19:07.280000,MQ,IA2,,,,3000.0,3046.0,3000,100.0,ZNE,test,gold,"bucket4$29,:3,:6001",
330,"bucket5$140,:3,:6001",2014-03-04T08:19:06.680000,MQ,LAM,,,,3000.0,3078.0,3000,100.0,ZNE,dev,gold,"bucket2$29,:3,:6001",
331,"bucket1$131,:3,:6001",2014-03-04T08:40:37.519900,MQ,BAM,,,,3000.0,,3000,100.0,ZNE,train,gold,"bucket0$256,:3,:6001",
332,"bucket1$132,:3,:6001",2014-03-04T08:40:35.729900,MQ,GBM,,,,3000.0,,3000,100.0,ZNE,train,gold,"bucket0$257,:3,:6001",
333,"bucket1$133,:3,:6001",2014-03-04T08:40:36.580000,MQ,IA2,,,,3000.0,3183.0,3000,100.0,ZNE,train,gold,"bucket0$258,:3,:6001",
334,"bucket1$134,:3,:6001",2014-03-04T08:40:37.130000,MQ,LAM,,,,3000.0,,3000,100.0,ZNE,train,gold,"bucket0$259,:3,:6001",
335,"bucket1$135,:3,:6001",2014-03-04T08:40:36.470000,MQ,SAM,,,,3000.0,3057.0,3000,100.0,ZNE,train,gold,"bucket0$260,:3,:6001",
336,"bucket1$136,:3,:6001",2014-03-04T15:05:51.499900,MQ,BAM,,,,3000.0,,3000,100.0,ZNE,train,gold,"bucket0$261,:3,:6001",
337,"bucket1$137,:3,:6001",2014-03-04T15:05:50.569900,MQ,GBM,,,,3000.0,,3000,100.0,ZNE,train,gold,"bucket0$262,:3,:6001",
338,"bucket1$138,:3,:6001",2014-03-04T15:05:51.500000,MQ,IA2,,,,3000.0,3040.0,3000,100.0,ZNE,train,gold,"bucket0$263,:3,:6001",
339,"bucket1$139,:3,:6001",2014-03-04T15:05:50.570000,MQ,LAM,,,,3000.0,3027.0,3000,100.0,ZNE,train,gold,"bucket0$264,:3,:6001",
340,"bucket1$140,:3,:6001",2014-03-04T15:23:21.719900,MQ,BAM,,,,3000.0,,3000,100.0,ZNE,train,gold,"bucket0$265,:3,:6001",
341,"bucket1$141,:3,:6001",2014-03-04T15:23:22.949900,MQ,CPM,,,,3000.0,,3000,100.0,ZNE,train,gold,"bucket0$266,:3,:6001",
342,"bucket1$142,:3,:6001",2014-03-04T15:23:22.589900,MQ,GBM,,,,3000.0,,3000,100.0,ZNE,train,gold,"bucket0$267,:3,:6001",
343,"bucket1$143,:3,:6001",2014-03-04T15:23:22.580000,MQ,IA2,,,,3000.0,3071.0,3000,100.0,ZNE,train,gold,"bucket0$268,:3,:6001",
344,"bucket1$144,:3,:6001",2014-03-04T15:23:23.210000,MQ,SAM,,,,3000.0,3074.0,3000,100.0,ZNE,train,gold,"bucket0$269,:3,:6001",
345,"bucket1$145,:3,:6001",2014-03-04T17:20:30.929900,MQ,CPM,,,,3000.0,,3000,100.0,ZNE,train,gold,"bucket0$270,:3,:6001",
346,"bucket1$146,:3,:6001",2014-03-04T17:20:29.619900,MQ,GBM,,,,3000.0,,3000,100.0,ZNE,train,gold,"bucket0$271,:3,:6001",
347,"bucket1$147,:3,:6001",2014-03-04T17:20:29.850000,MQ,IA2,,,,3000.0,3166.0,3000,100.0,ZNE,train,gold,"bucket0$272,:3,:6001",
348,"bucket1$148,:3,:6001",2014-03-04T17:20:32.370000,MQ,SAM,,,,3000.0,3044.0,3000,100.0,ZNE,train,gold,"bucket0$273,:3,:6001",
349,"bucket1$149,:3,:6001",2014-03-04T18:32:49.999900,MQ,BAM,,,,3000.0,,3000,100.0,ZNE,train,gold,"bucket0$274,:3,:6001",
350,"bucket1$150,:3,:6001",2014-03-04T18:32:51.409900,MQ,GBM,,,,3000.0,,3000,100.0,ZNE,train,gold,"bucket0$275,:3,:6001",
351,"bucket1$151,:3,:6001",2014-03-04T18:32:51.390000,MQ,IA2,,,,3000.0,3007.0,3000,100.0,ZNE,train,gold,"bucket0$276,:3,:6001",
352,"bucket5$141,:3,:6001",2014-03-04T18:32:52.570000,MQ,SAM,,,,3000.0,3070.0,3000,100.0,ZNE,dev,gold,"bucket2$30,:3,:6001",
353,"bucket1$152,:3,:6001",2014-03-04T19:44:11.759900,MQ,BAM,,,,3000.0,,3000,100.0,ZNE,train,gold,"bucket0$277,:3,:6001",
354,"bucket4$136,:3,:6001",2014-03-04T19:44:11.879900,MQ,GBM,,,,3000.0,,3000,100.0,ZNE,test,gold,"bucket4$30,:3,:6001",
355,"bucket1$153,:3,:6001",2014-03-04T19:44:12.670000,MQ,IA2,,,,3000.0,3031.0,3000,100.0,ZNE,train,gold,"bucket0$278,:3,:6001",
356,"bucket1$154,:3,:6001",2014-03-04T19:44:11.820000,MQ,LAM,,,,3000.0,3047.0,3000,100.0,ZNE,train,gold,"bucket0$279,:3,:6001",
357,"bucket1$155,:3,:6001",2014-03-04T21:51:46.809900,MQ,BAM,,,,3000.0,,3000,100.0,ZNE,train,gold,"bucket0$280,:3,:6001",
358,"bucket1$156,:3,:6001",2014-03-04T21:51:46.859900,MQ,CPM,,,,3000.0,,3000,100.0,ZNE,train,gold,"bucket0$281,:3,:6001",
359,"bucket1$157,:3,:6001",2014-03-04T21:51:46.799900,MQ,GBM,,,,3000.0,,3000,100.0,ZNE,train,gold,"bucket0$282,:3,:6001",
360,"bucket5$142,:3,:6001",2014-03-04T21:51:47.380000,MQ,IA2,,,,3000.0,3190.0,3000,100.0,ZNE,dev,gold,"bucket2$31,:3,:6001",
361,"bucket4$137,:3,:6001",2014-03-04T21:51:46.890000,MQ,LAM,,,,3000.0,3054.0,3000,100.0,ZNE,test,gold,"bucket4$31,:3,:6001",
362,"bucket1$158,:3,:6001",2014-03-04T21:51:44.360000,MQ,SAM,,,,3000.0,,3000,100.0,ZNE,train,gold,"bucket0$283,:3,:6001",
363,"bucket1$159,:3,:6001",2014-03-04T22:25:11.369900,MQ,BAM,,,,3000.0,,3000,100.0,ZNE,train,gold,"bucket0$284,:3,:6001",
364,"bucket1$160,:3,:6001",2014-03-04T22:25:11.270000,MQ,IA2,,,,3000.0,3176.0,3000,100.0,ZNE,train,gold,"bucket0$285,:3,:6001",
365,"bucket1$161,:3,:6001",2014-03-04T23:49:30.509900,MQ,BAM,,,,3000.0,,3000,100.0,ZNE,train,gold,"bucket0$286,:3,:6001",
366,"bucket1$162,:3,:6001",2014-03-04T23:49:29.539900,MQ,GBM,,,,3000.0,,3000,100.0,ZNE,train,gold,"bucket0$287,:3,:6001",
367,"bucket5$143,:3,:6001",2014-03-04T23:49:30.280000,MQ,IA2,,,,3000.0,3033.0,3000,100.0,ZNE,dev,gold,"bucket2$32,:3,:6001",
368,"bucket1$163,:3,:6001",2014-03-04T23:49:29.450000,MQ,LAM,,,,3000.0,3261.0,3000,100.0,ZNE,train,gold,"bucket0$288,:3,:6001",
369,"bucket1$164,:3,:6001",2014-03-04T23:54:39.229900,MQ,BAM,,,,3000.0,,3000,100.0,ZNE,train,gold,"bucket0$289,:3,:6001",
370,"bucket1$165,:3,:6001",2014-03-04T23:54:40.479900,MQ,CPM,,,,3000.0,,3000,100.0,ZNE,train,gold,"bucket0$290,:3,:6001",
371,"bucket4$138,:3,:6001",2014-03-04T23:54:38.399900,MQ,GBM,,,,3000.0,,3000,100.0,ZNE,test,gold,"bucket4$32,:3,:6001",
372,"bucket1$166,:3,:6001",2014-03-04T23:54:40.040000,MQ,IA2,,,,3000.0,3008.0,3000,100.0,ZNE,train,gold,"bucket0$291,:3,:6001",
373,"bucket1$167,:3,:6001",2014-03-05T00:34:02.589900,MQ,CPM,,,,3000.0,,3000,100.0,ZNE,train,gold,"bucket0$292,:3,:6001",
374,"bucket1$168,:3,:6001",2014-03-05T00:34:02.180000,MQ,SAM,,,,3000.0,3063.0,3000,100.0,ZNE,train,gold,"bucket0$293,:3,:6001",
375,"bucket1$169,:3,:6001",2014-03-05T00:40:22.549900,MQ,BAM,,,,3000.0,,3000,100.0,ZNE,train,gold,"bucket0$294,:3,:6001",
376,"bucket1$170,:3,:6001",2014-03-05T00:40:21.909900,MQ,GBM,,,,3000.0,,3000,100.0,ZNE,train,gold,"bucket0$295,:3,:6001",
377,"bucket1$171,:3,:6001",2014-03-05T00:40:23.180000,MQ,IA2,,,,3000.0,3071.0,3000,100.0,ZNE,train,gold,"bucket0$296,:3,:6001",
378,"bucket1$172,:3,:6001",2014-03-05T00:40:21.940000,MQ,LAM,,,,3000.0,3271.0,3000,100.0,ZNE,train,gold,"bucket0$297,:3,:6001",
379,"bucket1$173,:3,:6001",2014-03-05T00:59:20.119900,MQ,BAM,,,,3000.0,,3000,100.0,ZNE,train,gold,"bucket0$298,:3,:6001",
380,"bucket1$174,:3,:6001",2014-03-05T00:59:18.669900,MQ,GBM,,,,3000.0,,3000,100.0,ZNE,train,gold,"bucket0$299,:3,:6001",
381,"bucket1$175,:3,:6001",2014-03-05T00:59:19.580000,MQ,IA2,,,,3000.0,3046.0,3000,100.0,ZNE,train,gold,"bucket0$300,:3,:6001",
382,"bucket1$176,:3,:6001",2014-03-05T00:59:18.570000,MQ,LAM,,,,3000.0,3046.0,3000,100.0,ZNE,train,gold,"bucket0$301,:3,:6001",
383,"bucket1$177,:3,:6001",2014-03-05T01:10:22.019900,MQ,BAM,,,,3000.0,,3000,100.0,ZNE,train,gold,"bucket0$302,:3,:6001",
384,"bucket1$178,:3,:6001",2014-03-05T01:10:22.129900,MQ,CPM,,,,3000.0,,3000,100.0,ZNE,train,gold,"bucket0$303,:3,:6001",
385,"bucket1$179,:3,:6001",2014-03-05T01:10:20.869900,MQ,GBM,,,,3000.0,,3000,100.0,ZNE,train,gold,"bucket0$304,:3,:6001",
386,"bucket1$180,:3,:6001",2014-03-05T01:10:21.540000,MQ,IA2,,,,3000.0,3053.0,3000,100.0,ZNE,train,gold,"bucket0$305,:3,:6001",
387,"bucket4$139,:3,:6001",2014-03-05T02:09:08.739900,MQ,BAM,,,,3000.0,,3000,100.0,ZNE,test,gold,"bucket4$33,:3,:6001",
388,"bucket1$181,:3,:6001",2014-03-05T02:09:07.739900,MQ,GBM,,,,3000.0,,3000,100.0,ZNE,train,gold,"bucket0$306,:3,:6001",
389,"bucket1$182,:3,:6001",2014-03-05T02:09:10.700000,MQ,IA2,,,,3000.0,3071.0,3000,100.0,ZNE,train,gold,"bucket0$307,:3,:6001",
390,"bucket1$183,:3,:6001",2014-03-05T02:09:09.530000,MQ,LAM,,,,3000.0,3069.0,3000,100.0,ZNE,train,gold,"bucket0$308,:3,:6001",
391,"bucket1$184,:3,:6001",2014-03-05T03:06:21.619900,MQ,BAM,,,,3000.0,,3000,100.0,ZNE,train,gold,"bucket0$309,:3,:6001",
392,"bucket1$185,:3,:6001",2014-03-05T03:06:20.429900,MQ,GBM,,,,3000.0,,3000,100.0,ZNE,train,gold,"bucket0$310,:3,:6001",
393,"bucket1$186,:3,:6001",2014-03-05T03:06:21.300000,MQ,IA2,,,,3000.0,3084.0,3000,100.0,ZNE,train,gold,"bucket0$311,:3,:6001",
394,"bucket1$187,:3,:6001",2014-03-05T03:06:19.860000,MQ,LAM,,,,3000.0,3047.0,3000,100.0,ZNE,train,gold,"bucket0$312,:3,:6001",
395,"bucket1$188,:3,:6001",2014-03-05T04:02:51.929900,MQ,BAM,,,,3000.0,,3000,100.0,ZNE,train,gold,"bucket0$313,:3,:6001",
396,"bucket4$140,:3,:6001",2014-03-05T04:02:52.969900,MQ,CPM,,,,3000.0,,3000,100.0,ZNE,test,gold,"bucket4$34,:3,:6001",
397,"bucket1$189,:3,:6001",2014-03-05T04:02:52.849900,MQ,GBM,,,,3000.0,,3000,100.0,ZNE,train,gold,"bucket0$314,:3,:6001",
398,"bucket1$190,:3,:6001",2014-03-05T04:02:52.830000,MQ,IA2,,,,3000.0,3343.0,3000,100.0,ZNE,train,gold,"bucket0$315,:3,:6001",
399,"bucket4$141,:3,:6001",2014-03-05T04:02:52.600000,MQ,LAM,,,,3000.0,3204.0,3000,100.0,ZNE,test,gold,"bucket4$35,:3,:6001",
400,"bucket1$191,:3,:6001",2014-03-05T04:02:55.379900,MQ,MLM,,,,3000.0,,3000,100.0,ZNE,train,gold,"bucket0$316,:3,:6001",
401,"bucket1$192,:3,:6001",2014-03-05T04:31:55.199900,MQ,CPM,,,,3000.0,,3000,100.0,ZNE,train,gold,"bucket0$317,:3,:6001",
402,"bucket1$193,:3,:6001",2014-03-05T04:31:55.179900,MQ,MLM,,,,3000.0,,3000,100.0,ZNE,train,gold,"bucket0$318,:3,:6001",
403,"bucket1$194,:3,:6001",2014-03-05T04:31:54.410000,MQ,SAM,,,,3000.0,3015.0,3000,100.0,ZNE,train,gold,"bucket0$319,:3,:6001",
404,"bucket1$195,:3,:6001",2014-03-05T04:32:18.019900,MQ,BAM,,,,3000.0,,3000,100.0,ZNE,train,gold,"bucket0$320,:3,:6001",
405,"bucket1$196,:3,:6001",2014-03-05T04:32:17.809900,MQ,GBM,,,,3000.0,,3000,100.0,ZNE,train,gold,"bucket0$321,:3,:6001",
406,"bucket1$197,:3,:6001",2014-03-05T04:32:18.450000,MQ,IA2,,,,3000.0,3052.0,3000,100.0,ZNE,train,gold,"bucket0$322,:3,:6001",
407,"bucket1$198,:3,:6001",2014-03-05T04:32:17.140000,MQ,LAM,,,,3000.0,3028.0,3000,100.0,ZNE,train,gold,"bucket0$323,:3,:6001",
408,"bucket1$199,:3,:6001",2014-03-05T04:40:14.320000,MQ,SAM,,,,3000.0,3004.0,3000,100.0,ZNE,train,gold,"bucket0$324,:3,:6001",
409,"bucket4$142,:3,:6001",2014-03-05T05:11:56.269900,MQ,BAM,,,,3000.0,,3000,100.0,ZNE,test,gold,"bucket4$36,:3,:6001",
410,"bucket4$143,:3,:6001",2014-03-05T05:11:56.479900,MQ,CPM,,,,3000.0,,3000,100.0,ZNE,test,gold,"bucket4$37,:3,:6001",
411,"bucket1$200,:3,:6001",2014-03-05T05:11:55.910000,MQ,IA2,,,,3000.0,3086.0,3000,100.0,ZNE,train,gold,"bucket0$325,:3,:6001",
412,"bucket1$201,:3,:6001",2014-03-05T05:11:56.480000,MQ,SAM,,,,3000.0,3055.0,3000,100.0,ZNE,train,gold,"bucket0$326,:3,:6001",
413,"bucket1$202,:3,:6001",2014-03-05T11:51:57.859900,MQ,BAM,,,,3000.0,,3000,100.0,ZNE,train,gold,"bucket0$327,:3,:6001",
414,"bucket1$203,:3,:6001",2014-03-05T11:51:57.379900,MQ,GBM,,,,3000.0,,3000,100.0,ZNE,train,gold,"bucket0$328,:3,:6001",
415,"bucket4$144,:3,:6001",2014-03-05T11:51:58.260000,MQ,IA2,,,,3000.0,3021.0,3000,100.0,ZNE,test,gold,"bucket4$38,:3,:6001",
416,"bucket1$204,:3,:6001",2014-03-05T11:51:57.180000,MQ,LAM,,,,3000.0,3046.0,3000,100.0,ZNE,train,gold,"bucket0$329,:3,:6001",
417,"bucket1$205,:3,:6001",2014-03-05T13:02:50.469900,MQ,BAM,,,,3000.0,,3000,100.0,ZNE,train,gold,"bucket0$330,:3,:6001",
418,"bucket1$206,:3,:6001",2014-03-05T13:02:45.249900,MQ,GBM,,,,3000.0,,3000,100.0,ZNE,train,gold,"bucket0$331,:3,:6001",
419,"bucket5$144,:3,:6001",2014-03-05T13:02:50.550000,MQ,IA2,,,,3000.0,3053.0,3000,100.0,ZNE,dev,gold,"bucket2$33,:3,:6001",
420,"bucket4$145,:3,:6001",2014-03-05T13:02:49.180000,MQ,LAM,,,,3000.0,3069.0,3000,100.0,ZNE,test,gold,"bucket4$39,:3,:6001",
421,"bucket1$207,:3,:6001",2014-03-05T20:03:05.189900,MQ,BAM,,,,3000.0,,3000,100.0,ZNE,train,gold,"bucket0$332,:3,:6001",
422,"bucket1$208,:3,:6001",2014-03-05T20:03:05.209900,MQ,CPM,,,,3000.0,,3000,100.0,ZNE,train,gold,"bucket0$333,:3,:6001",
423,"bucket4$146,:3,:6001",2014-03-05T20:03:04.899900,MQ,GBM,,,,3000.0,,3000,100.0,ZNE,test,gold,"bucket4$40,:3,:6001",
424,"bucket5$145,:3,:6001",2014-03-05T20:03:05.740000,MQ,LAM,,,,3000.0,3031.0,3000,100.0,ZNE,dev,gold,"bucket2$34,:3,:6001",
425,"bucket1$209,:3,:6001",2014-03-05T20:03:05.410000,MQ,SAM,,,,3000.0,3233.0,3000,100.0,ZNE,train,gold,"bucket0$334,:3,:6001",
426,"bucket1$210,:3,:6001",2014-03-06T00:03:47.249900,MQ,BAM,,,,3000.0,,3000,100.0,ZNE,train,gold,"bucket0$335,:3,:6001",
427,"bucket1$211,:3,:6001",2014-03-06T00:03:47.799900,MQ,CPM,,,,3000.0,,3000,100.0,ZNE,train,gold,"bucket0$336,:3,:6001",
428,"bucket1$212,:3,:6001",2014-03-06T00:03:48.059900,MQ,GBM,,,,3000.0,,3000,100.0,ZNE,train,gold,"bucket0$337,:3,:6001",
429,"bucket1$213,:3,:6001",2014-03-06T00:03:47.640000,MQ,IA2,,,,3000.0,3075.0,3000,100.0,ZNE,train,gold,"bucket0$338,:3,:6001",
430,"bucket1$214,:3,:6001",2014-03-06T00:47:43.809900,MQ,BAM,,,,3000.0,,3000,100.0,ZNE,train,gold,"bucket0$339,:3,:6001",
431,"bucket1$215,:3,:6001",2014-03-06T00:47:43.279900,MQ,GBM,,,,3000.0,,3000,100.0,ZNE,train,gold,"bucket0$340,:3,:6001",
432,"bucket1$216,:3,:6001",2014-03-06T00:47:44.320000,MQ,IA2,,,,3000.0,3007.0,3000,100.0,ZNE,train,gold,"bucket0$341,:3,:6001",
433,"bucket1$217,:3,:6001",2014-03-06T00:47:42.860000,MQ,LAM,,,,3000.0,3080.0,3000,100.0,ZNE,train,gold,"bucket0$342,:3,:6001",
434,"bucket5$146,:3,:6001",2014-03-07T00:00:53.889900,MQ,BAM,,,,3000.0,,3000,100.0,ZNE,dev,gold,"bucket2$35,:3,:6001",
435,"bucket5$147,:3,:6001",2014-03-07T00:00:54.839900,MQ,CPM,,,,3000.0,,3000,100.0,ZNE,dev,gold,"bucket2$36,:3,:6001",
436,"bucket1$218,:3,:6001",2014-03-07T00:00:54.699900,MQ,GBM,,,,3000.0,,3000,100.0,ZNE,train,gold,"bucket0$343,:3,:6001",
437,"bucket1$219,:3,:6001",2014-03-07T00:00:54.810000,MQ,IA2,,,,3000.0,3061.0,3000,100.0,ZNE,train,gold,"bucket0$344,:3,:6001",
438,"bucket1$220,:3,:6001",2014-03-07T19:06:17.479900,MQ,BAM,,,,3000.0,,3000,100.0,ZNE,train,gold,"bucket0$345,:3,:6001",
439,"bucket5$148,:3,:6001",2014-03-07T19:06:18.589900,MQ,CPM,,,,3000.0,,3000,100.0,ZNE,dev,gold,"bucket2$37,:3,:6001",
440,"bucket1$221,:3,:6001",2014-03-07T19:06:19.209900,MQ,GBM,,,,3000.0,,3000,100.0,ZNE,train,gold,"bucket0$346,:3,:6001",
441,"bucket1$222,:3,:6001",2014-03-07T19:06:18.190000,MQ,IA2,,,,3000.0,3116.0,3000,100.0,ZNE,train,gold,"bucket0$347,:3,:6001",
442,"bucket4$147,:3,:6001",2014-03-07T19:06:44.119900,MQ,BAM,,,,3000.0,,3000,100.0,ZNE,test,gold,"bucket4$41,:3,:6001",
443,"bucket1$223,:3,:6001",2014-03-07T19:06:45.229900,MQ,CPM,,,,3000.0,,3000,100.0,ZNE,train,gold,"bucket0$348,:3,:6001",
444,"bucket5$149,:3,:6001",2014-03-07T19:06:43.759900,MQ,GBM,,,,3000.0,,3000,100.0,ZNE,dev,gold,"bucket2$38,:3,:6001",
445,"bucket1$224,:3,:6001",2014-03-07T19:06:46.059900,MQ,MLM,,,,3000.0,,3000,100.0,ZNE,train,gold,"bucket0$349,:3,:6001",
446,"bucket1$225,:3,:6001",2014-03-09T14:42:45.269900,MQ,BAM,,,,3000.0,,3000,100.0,ZNE,train,gold,"bucket0$350,:3,:6001",
447,"bucket1$226,:3,:6001",2014-03-09T14:42:46.629900,MQ,CPM,,,,3000.0,,3000,100.0,ZNE,train,gold,"bucket0$351,:3,:6001",
448,"bucket1$227,:3,:6001",2014-03-09T14:42:45.559900,MQ,GBM,,,,3000.0,,3000,100.0,ZNE,train,gold,"bucket0$352,:3,:6001",
449,"bucket1$228,:3,:6001",2014-03-09T14:42:45.380000,MQ,IA2,,,,3000.0,3318.0,3000,100.0,ZNE,train,gold,"bucket0$353,:3,:6001",
450,"bucket1$229,:3,:6001",2014-03-09T14:42:46.350000,MQ,LAM,,,,3000.0,3074.0,3000,100.0,ZNE,train,gold,"bucket0$354,:3,:6001",
451,"bucket5$150,:3,:6001",2014-03-09T14:42:47.059900,MQ,MLM,,,,3000.0,,3000,100.0,ZNE,dev,gold,"bucket2$39,:3,:6001",
452,"bucket1$230,:3,:6001",2014-03-09T14:42:45.860000,MQ,SAM,,,,3000.0,3277.0,3000,100.0,ZNE,train,gold,"bucket0$355,:3,:6001",
453,"bucket5$151,:3,:6001",2014-03-09T19:12:06.199900,MQ,BAM,,,,3000.0,,3000,100.0,ZNE,dev,gold,"bucket2$40,:3,:6001",
454,"bucket4$148,:3,:6001",2014-03-09T19:12:06.509900,MQ,CPM,,,,3000.0,,3000,100.0,ZNE,test,gold,"bucket4$42,:3,:6001",
455,"bucket1$231,:3,:6001",2014-03-09T19:12:06.519900,MQ,GBM,,,,3000.0,,3000,100.0,ZNE,train,gold,"bucket0$356,:3,:6001",
456,"bucket4$149,:3,:6001",2014-03-09T19:12:06.350000,MQ,IA2,,,,3000.0,3189.0,3000,100.0,ZNE,test,gold,"bucket4$43,:3,:6001",
457,"bucket4$150,:3,:6001",2014-03-09T19:12:06.219900,MQ,MLM,,,,3000.0,,3000,100.0,ZNE,test,gold,"bucket4$44,:3,:6001",
458,"bucket1$232,:3,:6001",2014-03-09T19:12:08.460000,MQ,SAM,,,,3000.0,,3000,100.0,ZNE,train,gold,"bucket0$357,:3,:6001",
459,"bucket1$233,:3,:6001",2014-03-10T04:32:15.209900,MQ,BAM,,,,3000.0,,3000,100.0,ZNE,train,gold,"bucket0$358,:3,:6001",
460,"bucket1$234,:3,:6001",2014-03-10T04:32:16.339900,MQ,CPM,,,,3000.0,,3000,100.0,ZNE,train,gold,"bucket0$359,:3,:6001",
461,"bucket4$151,:3,:6001",2014-03-10T04:32:16.010000,MQ,IA2,,,,3000.0,3160.0,3000,100.0,ZNE,test,gold,"bucket4$45,:3,:6001",
462,"bucket1$235,:3,:6001",2014-03-10T04:32:16.210000,MQ,LAM,,,,3000.0,,3000,100.0,ZNE,train,gold,"bucket0$360,:3,:6001",
463,"bucket1$236,:3,:6001",2014-03-10T04:32:16.169900,MQ,MLM,,,,3000.0,,3000,100.0,ZNE,train,gold,"bucket0$361,:3,:6001",
464,"bucket1$237,:3,:6001",2014-03-10T04:32:27.869900,MQ,BAM,,,,3000.0,,3000,100.0,ZNE,train,gold,"bucket0$362,:3,:6001",
465,"bucket1$238,:3,:6001",2014-03-10T04:32:28.829900,MQ,CPM,,,,3000.0,,3000,100.0,ZNE,train,gold,"bucket0$363,:3,:6001",
466,"bucket5$152,:3,:6001",2014-03-10T04:32:28.509900,MQ,GBM,,,,3000.0,,3000,100.0,ZNE,dev,gold,"bucket2$41,:3,:6001",
467,"bucket1$239,:3,:6001",2014-03-10T04:32:28.930000,MQ,IA2,,,,3000.0,3138.0,3000,100.0,ZNE,train,gold,"bucket0$364,:3,:6001",
468,"bucket1$240,:3,:6001",2014-03-10T04:32:28.340000,MQ,LAM,,,,3000.0,3178.0,3000,100.0,ZNE,train,gold,"bucket0$365,:3,:6001",
469,"bucket1$241,:3,:6001",2014-03-10T04:32:28.979900,MQ,MLM,,,,3000.0,,3000,100.0,ZNE,train,gold,"bucket0$366,:3,:6001",
470,"bucket1$242,:3,:6001",2014-03-10T04:32:29.260000,MQ,SAM,,,,3000.0,3006.0,3000,100.0,ZNE,train,gold,"bucket0$367,:3,:6001",
471,"bucket1$243,:3,:6001",2014-03-10T05:28:01.199900,MQ,BAM,,,,3000.0,,3000,100.0,ZNE,train,gold,"bucket0$368,:3,:6001",
472,"bucket4$152,:3,:6001",2014-03-10T05:27:59.739900,MQ,CPM,,,,3000.0,,3000,100.0,ZNE,test,gold,"bucket4$46,:3,:6001",
473,"bucket1$244,:3,:6001",2014-03-10T05:28:04.699900,MQ,GBM,,,,3000.0,,3000,100.0,ZNE,train,gold,"bucket0$369,:3,:6001",
474,"bucket1$245,:3,:6001",2014-03-10T05:28:02.440000,MQ,IA2,,,,3000.0,3151.0,3000,100.0,ZNE,train,gold,"bucket0$370,:3,:6001",
475,"bucket1$246,:3,:6001",2014-03-10T05:28:02.990000,MQ,SAM,,,,3000.0,3031.0,3000,100.0,ZNE,train,gold,"bucket0$371,:3,:6001",
476,"bucket1$247,:3,:6001",2014-03-10T09:09:38.259900,MQ,BAM,,,,3000.0,,3000,100.0,ZNE,train,gold,"bucket0$372,:3,:6001",
477,"bucket4$153,:3,:6001",2014-03-10T09:09:38.809900,MQ,CPM,,,,3000.0,,3000,100.0,ZNE,test,gold,"bucket4$47,:3,:6001",
478,"bucket1$248,:3,:6001",2014-03-10T09:09:37.199900,MQ,GBM,,,,3000.0,,3000,100.0,ZNE,train,gold,"bucket0$373,:3,:6001",
479,"bucket1$249,:3,:6001",2014-03-10T09:09:38.110000,MQ,IA2,,,,3000.0,3075.0,3000,100.0,ZNE,train,gold,"bucket0$374,:3,:6001",
480,"bucket5$153,:3,:6001",2014-03-10T09:09:36.980000,MQ,LAM,,,,3000.0,,3000,100.0,ZNE,dev,gold,"bucket2$42,:3,:6001",
481,"bucket1$250,:3,:6001",2014-03-10T09:09:38.470000,MQ,SAM,,,,3000.0,3075.0,3000,100.0,ZNE,train,gold,"bucket0$375,:3,:6001",
482,"bucket1$251,:3,:6001",2014-03-10T09:38:40.259900,MQ,BAM,,,,3000.0,,3000,100.0,ZNE,train,gold,"bucket0$376,:3,:6001",
483,"bucket5$154,:3,:6001",2014-03-10T09:38:39.189900,MQ,GBM,,,,3000.0,,3000,100.0,ZNE,dev,gold,"bucket2$43,:3,:6001",
484,"bucket1$252,:3,:6001",2014-03-10T09:38:40.110000,MQ,IA2,,,,3000.0,3017.0,3000,100.0,ZNE,train,gold,"bucket0$377,:3,:6001",
485,"bucket1$253,:3,:6001",2014-03-10T09:38:39,MQ,LAM,,,,3000.0,3050.0,3000,100.0,ZNE,train,gold,"bucket0$378,:3,:6001",
486,"bucket5$155,:3,:6001",2014-03-10T14:33:35.809900,MQ,BAM,,,,3000.0,,3000,100.0,ZNE,dev,gold,"bucket2$44,:3,:6001",
487,"bucket1$254,:3,:6001",2014-03-10T14:33:36.299900,MQ,CPM,,,,3000.0,,3000,100.0,ZNE,train,gold,"bucket0$379,:3,:6001",
488,"bucket5$156,:3,:6001",2014-03-10T14:33:36.889900,MQ,GBM,,,,3000.0,,3000,100.0,ZNE,dev,gold,"bucket2$45,:3,:6001",
489,"bucket1$255,:3,:6001",2014-03-10T14:33:35.980000,MQ,IA2,,,,3000.0,3116.0,3000,100.0,ZNE,train,gold,"bucket0$380,:3,:6001",
490,"bucket1$256,:3,:6001",2014-03-10T14:33:36.650000,MQ,LAM,,,,3000.0,3100.0,3000,100.0,ZNE,train,gold,"bucket0$381,:3,:6001",
491,"bucket5$157,:3,:6001",2014-03-10T21:55:56.379900,MQ,BAM,,,,3000.0,,3000,100.0,ZNE,dev,gold,"bucket2$46,:3,:6001",
492,"bucket1$257,:3,:6001",2014-03-10T21:55:57.449900,MQ,CPM,,,,3000.0,,3000,100.0,ZNE,train,gold,"bucket0$382,:3,:6001",
493,"bucket1$258,:3,:6001",2014-03-10T21:55:57.259900,MQ,GBM,,,,3000.0,,3000,100.0,ZNE,train,gold,"bucket0$383,:3,:6001",
494,"bucket5$158,:3,:6001",2014-03-10T21:55:57.290000,MQ,IA2,,,,3000.0,,3000,100.0,ZNE,dev,gold,"bucket2$47,:3,:6001",
495,"bucket1$259,:3,:6001",2014-03-10T21:55:57.450000,MQ,LAM,,,,3000.0,,3000,100.0,ZNE,train,gold,"bucket0$384,:3,:6001",
496,"bucket1$260,:3,:6001",2014-03-10T23:16:12.829900,MQ,BAM,,,,3000.0,,3000,100.0,ZNE,train,gold,"bucket0$385,:3,:6001",
497,"bucket5$159,:3,:6001",2014-03-10T23:16:14.359900,MQ,CPM,,,,3000.0,,3000,100.0,ZNE,dev,gold,"bucket2$48,:3,:6001",
498,"bucket1$261,:3,:6001",2014-03-10T23:16:13.249900,MQ,GBM,,,,3000.0,,3000,100.0,ZNE,train,gold,"bucket0$386,:3,:6001",
499,"bucket1$262,:3,:6001",2014-03-10T23:16:13.430000,MQ,IA2,,,,3000.0,3056.0,3000,100.0,ZNE,train,gold,"bucket0$387,:3,:6001",
500,"bucket4$154,:3,:6001",2014-03-10T23:16:14.490000,MQ,LAM,,,,3000.0,2980.0,3000,100.0,ZNE,test,gold,"bucket4$48,:3,:6001",
501,"bucket1$263,:3,:6001",2014-03-11T00:34:27.749900,MQ,BAM,,,,3000.0,,3000,100.0,ZNE,train,gold,"bucket0$388,:3,:6001",
502,"bucket1$264,:3,:6001",2014-03-11T00:34:28.079900,MQ,CPM,,,,3000.0,,3000,100.0,ZNE,train,gold,"bucket0$389,:3,:6001",
503,"bucket1$265,:3,:6001",2014-03-11T00:34:28.379900,MQ,GBM,,,,3000.0,,3000,100.0,ZNE,train,gold,"bucket0$390,:3,:6001",
504,"bucket1$266,:3,:6001",2014-03-11T00:34:28.310000,MQ,IA2,,,,3000.0,3259.0,3000,100.0,ZNE,train,gold,"bucket0$391,:3,:6001",
505,"bucket1$267,:3,:6001",2014-03-11T00:34:29.940000,MQ,LAM,,,,3000.0,3088.0,3000,100.0,ZNE,train,gold,"bucket0$392,:3,:6001",
506,"bucket5$160,:3,:6001",2014-03-11T00:34:53.559900,MQ,BAM,,,,3000.0,,3000,100.0,ZNE,dev,gold,"bucket2$49,:3,:6001",
507,"bucket1$268,:3,:6001",2014-03-11T00:34:53.449900,MQ,CPM,,,,3000.0,,3000,100.0,ZNE,train,gold,"bucket0$393,:3,:6001",
508,"bucket1$269,:3,:6001",2014-03-11T00:34:53.639900,MQ,GBM,,,,3000.0,,3000,100.0,ZNE,train,gold,"bucket0$394,:3,:6001",
509,"bucket1$270,:3,:6001",2014-03-11T00:34:54.120000,MQ,IA2,,,,3000.0,3056.0,3000,100.0,ZNE,train,gold,"bucket0$395,:3,:6001",
510,"bucket1$271,:3,:6001",2014-03-11T04:04:07.809900,MQ,BAM,,,,3000.0,,3000,100.0,ZNE,train,gold,"bucket0$396,:3,:6001",
511,"bucket1$272,:3,:6001",2014-03-11T04:04:07.169900,MQ,CPM,,,,3000.0,,3000,100.0,ZNE,train,gold,"bucket0$397,:3,:6001",
512,"bucket1$273,:3,:6001",2014-03-11T04:04:07.569900,MQ,GBM,,,,3000.0,,3000,100.0,ZNE,train,gold,"bucket0$398,:3,:6001",
513,"bucket1$274,:3,:6001",2014-03-11T04:04:07.330000,MQ,IA2,,,,3000.0,3120.0,3000,100.0,ZNE,train,gold,"bucket0$399,:3,:6001",
514,"bucket1$275,:3,:6001",2014-03-11T04:04:08.130000,MQ,LAM,,,,3000.0,3107.0,3000,100.0,ZNE,train,gold,"bucket0$400,:3,:6001",
515,"bucket4$155,:3,:6001",2014-03-11T04:04:07.520000,MQ,SAM,,,,3000.0,3026.0,3000,100.0,ZNE,test,gold,"bucket4$49,:3,:6001",
516,"bucket1$276,:3,:6001",2014-03-11T05:02:41.959900,MQ,BAM,,,,3000.0,,3000,100.0,ZNE,train,gold,"bucket0$401,:3,:6001",
517,"bucket1$277,:3,:6001",2014-03-11T05:02:41.989900,MQ,CPM,,,,3000.0,,3000,100.0,ZNE,train,gold,"bucket0$402,:3,:6001",
518,"bucket1$278,:3,:6001",2014-03-11T05:02:42.109900,MQ,GBM,,,,3000.0,,3000,100.0,ZNE,train,gold,"bucket0$403,:3,:6001",
519,"bucket4$156,:3,:6001",2014-03-11T05:02:42.510000,MQ,IA2,,,,3000.0,3147.0,3000,100.0,ZNE,test,gold,"bucket4$50,:3,:6001",
520,"bucket1$279,:3,:6001",2014-03-11T05:02:42.760000,MQ,LAM,,,,3000.0,,3000,100.0,ZNE,train,gold,"bucket0$404,:3,:6001",
521,"bucket4$157,:3,:6001",2014-03-11T05:02:53.529900,MQ,BAM,,,,3000.0,,3000,100.0,ZNE,test,gold,"bucket4$51,:3,:6001",
522,"bucket4$158,:3,:6001",2014-03-11T05:02:53.939900,MQ,CPM,,,,3000.0,,3000,100.0,ZNE,test,gold,"bucket4$52,:3,:6001",
523,"bucket1$280,:3,:6001",2014-03-11T05:02:53.939900,MQ,GBM,,,,3000.0,,3000,100.0,ZNE,train,gold,"bucket0$405,:3,:6001",
524,"bucket1$281,:3,:6001",2014-03-11T05:02:53.080000,MQ,IA2,,,,3000.0,3051.0,3000,100.0,ZNE,train,gold,"bucket0$406,:3,:6001",
525,"bucket5$161,:3,:6001",2014-03-11T05:02:53.880000,MQ,SAM,,,,3000.0,3044.0,3000,100.0,ZNE,dev,gold,"bucket2$50,:3,:6001",
526,"bucket1$282,:3,:6001",2014-03-11T06:46:17.009900,MQ,BAM,,,,3000.0,,3000,100.0,ZNE,train,gold,"bucket0$407,:3,:6001",
527,"bucket1$283,:3,:6001",2014-03-11T06:46:16.249900,MQ,CPM,,,,3000.0,,3000,100.0,ZNE,train,gold,"bucket0$408,:3,:6001",
528,"bucket5$162,:3,:6001",2014-03-11T06:46:16.749900,MQ,GBM,,,,3000.0,,3000,100.0,ZNE,dev,gold,"bucket2$51,:3,:6001",
529,"bucket1$284,:3,:6001",2014-03-11T06:46:16.810000,MQ,IA2,,,,3000.0,3191.0,3000,100.0,ZNE,train,gold,"bucket0$409,:3,:6001",
530,"bucket1$285,:3,:6001",2014-03-11T06:46:16.730000,MQ,LAM,,,,3000.0,3022.0,3000,100.0,ZNE,train,gold,"bucket0$410,:3,:6001",
531,"bucket4$159,:3,:6001",2014-03-11T06:46:17.050000,MQ,SAM,,,,3000.0,3066.0,3000,100.0,ZNE,test,gold,"bucket4$53,:3,:6001",
532,"bucket1$286,:3,:6001",2014-03-11T07:33:19.079900,MQ,BAM,,,,3000.0,,3000,100.0,ZNE,train,gold,"bucket0$411,:3,:6001",
533,"bucket1$287,:3,:6001",2014-03-11T07:33:19.029900,MQ,GBM,,,,3000.0,,3000,100.0,ZNE,train,gold,"bucket0$412,:3,:6001",
534,"bucket1$288,:3,:6001",2014-03-11T07:33:18.580000,MQ,LAM,,,,3000.0,3011.0,3000,100.0,ZNE,train,gold,"bucket0$413,:3,:6001",
535,"bucket1$289,:3,:6001",2014-03-11T07:33:19.980000,MQ,SAM,,,,3000.0,2981.0,3000,100.0,ZNE,train,gold,"bucket0$414,:3,:6001",
536,"bucket1$290,:3,:6001",2014-03-11T08:46:25.579900,MQ,BAM,,,,3000.0,,3000,100.0,ZNE,train,gold,"bucket0$415,:3,:6001",
537,"bucket1$291,:3,:6001",2014-03-11T08:46:25.010000,MQ,IA2,,,,3000.0,3007.0,3000,100.0,ZNE,train,gold,"bucket0$416,:3,:6001",
538,"bucket5$163,:3,:6001",2014-03-11T08:46:23.970000,MQ,LAM,,,,3000.0,3024.0,3000,100.0,ZNE,dev,gold,"bucket2$52,:3,:6001",
539,"bucket1$292,:3,:6001",2014-03-11T08:46:25.440000,MQ,SAM,,,,3000.0,3015.0,3000,100.0,ZNE,train,gold,"bucket0$417,:3,:6001",
540,"bucket1$293,:3,:6001",2014-03-11T09:02:05.939900,MQ,BAM,,,,3000.0,,3000,100.0,ZNE,train,gold,"bucket0$418,:3,:6001",
541,"bucket1$294,:3,:6001",2014-03-11T09:02:06.679900,MQ,CPM,,,,3000.0,,3000,100.0,ZNE,train,gold,"bucket0$419,:3,:6001",
542,"bucket1$295,:3,:6001",2014-03-11T09:02:05.959900,MQ,GBM,,,,3000.0,,3000,100.0,ZNE,train,gold,"bucket0$420,:3,:6001",
543,"bucket1$296,:3,:6001",2014-03-11T09:02:06.070000,MQ,IA2,,,,3000.0,3034.0,3000,100.0,ZNE,train,gold,"bucket0$421,:3,:6001",
544,"bucket4$160,:3,:6001",2014-03-11T09:02:06.510000,MQ,SAM,,,,3000.0,3017.0,3000,100.0,ZNE,test,gold,"bucket4$54,:3,:6001",
545,"bucket1$297,:3,:6001",2014-03-11T20:49:53.629900,MQ,BAM,,,,3000.0,,3000,100.0,ZNE,train,gold,"bucket0$422,:3,:6001",
546,"bucket1$298,:3,:6001",2014-03-11T20:49:52.859900,MQ,CPM,,,,3000.0,,3000,100.0,ZNE,train,gold,"bucket0$423,:3,:6001",
547,"bucket1$299,:3,:6001",2014-03-11T20:49:53.030000,MQ,IA2,,,,3000.0,,3000,100.0,ZNE,train,gold,"bucket0$424,:3,:6001",
548,"bucket1$300,:3,:6001",2014-03-11T20:49:52.770000,MQ,LAM,,,,3000.0,3145.0,3000,100.0,ZNE,train,gold,"bucket0$425,:3,:6001",
549,"bucket1$301,:3,:6001",2014-03-11T20:49:53.019900,MQ,MLM,,,,3000.0,,3000,100.0,ZNE,train,gold,"bucket0$426,:3,:6001",
550,"bucket1$302,:3,:6001",2014-03-11T20:50:09.019900,MQ,BAM,,,,3000.0,,3000,100.0,ZNE,train,gold,"bucket0$427,:3,:6001",
551,"bucket1$303,:3,:6001",2014-03-11T20:50:09.049900,MQ,CPM,,,,3000.0,,3000,100.0,ZNE,train,gold,"bucket0$428,:3,:6001",
552,"bucket1$304,:3,:6001",2014-03-11T20:50:08.980000,MQ,IA2,,,,3000.0,3071.0,3000,100.0,ZNE,train,gold,"bucket0$429,:3,:6001",
553,"bucket5$164,:3,:6001",2014-03-11T20:50:09.290000,MQ,LAM,,,,3000.0,2946.0,3000,100.0,ZNE,dev,gold,"bucket2$53,:3,:6001",
554,"bucket4$161,:3,:6001",2014-03-11T20:50:09.930000,MQ,SAM,,,,3000.0,,3000,100.0,ZNE,test,gold,"bucket4$55,:3,:6001",
555,"bucket1$305,:3,:6001",2014-03-11T23:36:03.859900,MQ,BAM,,,,3000.0,,3000,100.0,ZNE,train,gold,"bucket0$430,:3,:6001",
556,"bucket1$306,:3,:6001",2014-03-11T23:36:03.770000,MQ,IA2,,,,3000.0,3219.0,3000,100.0,ZNE,train,gold,"bucket0$431,:3,:6001",
557,"bucket4$162,:3,:6001",2014-03-11T23:36:04.770000,MQ,LAM,,,,3000.0,3163.0,3000,100.0,ZNE,test,gold,"bucket4$56,:3,:6001",
558,"bucket5$165,:3,:6001",2014-03-11T23:36:03.790000,MQ,SAM,,,,3000.0,3031.0,3000,100.0,ZNE,dev,gold,"bucket2$54,:3,:6001",
559,"bucket5$166,:3,:6001",2014-03-12T08:21:40.989900,MQ,BAM,,,,3000.0,,3000,100.0,ZNE,dev,gold,"bucket2$55,:3,:6001",
560,"bucket1$307,:3,:6001",2014-03-12T08:21:41.469900,MQ,CPM,,,,3000.0,,3000,100.0,ZNE,train,gold,"bucket0$432,:3,:6001",
561,"bucket1$308,:3,:6001",2014-03-12T08:21:40.649900,MQ,GBM,,,,3000.0,,3000,100.0,ZNE,train,gold,"bucket0$433,:3,:6001",
562,"bucket1$309,:3,:6001",2014-03-12T08:21:41.120000,MQ,IA2,,,,3000.0,3172.0,3000,100.0,ZNE,train,gold,"bucket0$434,:3,:6001",
563,"bucket1$310,:3,:6001",2014-03-12T08:21:40.990000,MQ,LAM,,,,3000.0,3104.0,3000,100.0,ZNE,train,gold,"bucket0$435,:3,:6001",
564,"bucket1$311,:3,:6001",2014-03-12T08:21:41.610000,MQ,SAM,,,,3000.0,3065.0,3000,100.0,ZNE,train,gold,"bucket0$436,:3,:6001",
565,"bucket1$312,:3,:6001",2014-03-12T19:57:06.149900,MQ,BAM,,,,3000.0,,3000,100.0,ZNE,train,gold,"bucket0$437,:3,:6001",
566,"bucket1$313,:3,:6001",2014-03-12T19:57:00.579900,MQ,CPM,,,,3000.0,,3000,100.0,ZNE,train,gold,"bucket0$438,:3,:6001",
567,"bucket5$167,:3,:6001",2014-03-12T19:57:05.329900,MQ,GBM,,,,3000.0,,3000,100.0,ZNE,dev,gold,"bucket2$56,:3,:6001",
568,"bucket1$314,:3,:6001",2014-03-12T19:57:02.019900,MQ,MLM,,,,3000.0,,3000,100.0,ZNE,train,gold,"bucket0$439,:3,:6001",
569,"bucket1$315,:3,:6001",2014-03-12T20:03:53.979900,MQ,CPM,,,,3000.0,,3000,100.0,ZNE,train,gold,"bucket0$440,:3,:6001",
570,"bucket1$316,:3,:6001",2014-03-12T20:03:53.769900,MQ,GBM,,,,3000.0,,3000,100.0,ZNE,train,gold,"bucket0$441,:3,:6001",
571,"bucket1$317,:3,:6001",2014-03-12T20:03:54.089900,MQ,MLM,,,,3000.0,,3000,100.0,ZNE,train,gold,"bucket0$442,:3,:6001",
572,"bucket1$318,:3,:6001",2014-03-12T20:03:49.180000,MQ,SAM,,,,3000.0,3063.0,3000,100.0,ZNE,train,gold,"bucket0$443,:3,:6001",
573,"bucket1$319,:3,:6001",2014-03-13T06:13:17.039900,MQ,BAM,,,,3000.0,,3000,100.0,ZNE,train,gold,"bucket0$444,:3,:6001",
574,"bucket1$320,:3,:6001",2014-03-13T06:13:17.689900,MQ,CPM,,,,3000.0,,3000,100.0,ZNE,train,gold,"bucket0$445,:3,:6001",
575,"bucket1$321,:3,:6001",2014-03-13T06:13:17.679900,MQ,GBM,,,,3000.0,,3000,100.0,ZNE,train,gold,"bucket0$446,:3,:6001",
576,"bucket4$163,:3,:6001",2014-03-13T06:13:17.810000,MQ,IA2,,,,3000.0,3064.0,3000,100.0,ZNE,test,gold,"bucket4$57,:3,:6001",
577,"bucket5$168,:3,:6001",2014-03-13T06:13:17.050000,MQ,LAM,,,,3000.0,,3000,100.0,ZNE,dev,gold,"bucket2$57,:3,:6001",
578,"bucket1$322,:3,:6001",2014-03-13T06:13:17.500000,MQ,SAM,,,,3000.0,3105.0,3000,100.0,ZNE,train,gold,"bucket0$447,:3,:6001",
579,"bucket1$323,:3,:6001",2014-03-13T11:58:32.019900,MQ,BAM,,,,3000.0,,3000,100.0,ZNE,train,gold,"bucket0$448,:3,:6001",
580,"bucket4$164,:3,:6001",2014-03-13T11:58:32.499900,MQ,CPM,,,,3000.0,,3000,100.0,ZNE,test,gold,"bucket4$58,:3,:6001",
581,"bucket1$324,:3,:6001",2014-03-13T11:58:37.889900,MQ,GBM,,,,3000.0,,3000,100.0,ZNE,train,gold,"bucket0$449,:3,:6001",
582,"bucket1$325,:3,:6001",2014-03-13T11:58:33.219900,MQ,MLM,,,,3000.0,,3000,100.0,ZNE,train,gold,"bucket0$450,:3,:6001",
583,"bucket1$326,:3,:6001",2014-03-13T13:43:55.980000,MQ,SAM,,,,3000.0,3052.0,3000,100.0,ZNE,train,gold,"bucket0$451,:3,:6001",
584,"bucket1$327,:3,:6001",2014-03-13T21:02:29.969900,MQ,BAM,,,,3000.0,,3000,100.0,ZNE,train,gold,"bucket0$452,:3,:6001",
585,"bucket1$328,:3,:6001",2014-03-13T21:02:29.629900,MQ,GBM,,,,3000.0,,3000,100.0,ZNE,train,gold,"bucket0$453,:3,:6001",
586,"bucket5$169,:3,:6001",2014-03-13T21:02:30.250000,MQ,IA2,,,,3000.0,3011.0,3000,100.0,ZNE,dev,gold,"bucket2$58,:3,:6001",
587,"bucket1$329,:3,:6001",2014-03-13T21:02:32.860000,MQ,SAM,,,,3000.0,3048.0,3000,100.0,ZNE,train,gold,"bucket0$454,:3,:6001",
588,"bucket1$330,:3,:6001",2014-03-13T22:05:18.269900,MQ,BAM,,,,3000.0,,3000,100.0,ZNE,train,gold,"bucket0$455,:3,:6001",
589,"bucket4$165,:3,:6001",2014-03-13T22:05:18.069900,MQ,GBM,,,,3000.0,,3000,100.0,ZNE,test,gold,"bucket4$59,:3,:6001",
590,"bucket1$331,:3,:6001",2014-03-13T22:05:18.630000,MQ,IA2,,,,3000.0,3117.0,3000,100.0,ZNE,train,gold,"bucket0$456,:3,:6001",
591,"bucket1$332,:3,:6001",2014-03-13T22:05:16.420000,MQ,SAM,,,,3000.0,3222.0,3000,100.0,ZNE,train,gold,"bucket0$457,:3,:6001",
592,"bucket1$333,:3,:6001",2014-03-13T22:28:32.989900,MQ,BAM,,,,3000.0,,3000,100.0,ZNE,train,gold,"bucket0$458,:3,:6001",
593,"bucket1$334,:3,:6001",2014-03-13T22:28:34.349900,MQ,CPM,,,,3000.0,,3000,100.0,ZNE,train,gold,"bucket0$459,:3,:6001",
594,"bucket1$335,:3,:6001",2014-03-13T22:28:33.489900,MQ,GBM,,,,3000.0,,3000,100.0,ZNE,train,gold,"bucket0$460,:3,:6001",
595,"bucket1$336,:3,:6001",2014-03-13T22:28:33.630000,MQ,IA2,,,,3000.0,3149.0,3000,100.0,ZNE,train,gold,"bucket0$461,:3,:6001",
596,"bucket1$337,:3,:6001",2014-03-13T22:28:33.530000,MQ,LAM,,,,3000.0,3227.0,3000,100.0,ZNE,train,gold,"bucket0$462,:3,:6001",
597,"bucket1$338,:3,:6001",2014-03-13T22:28:33.530000,MQ,SAM,,,,3000.0,3040.0,3000,100.0,ZNE,train,gold,"bucket0$463,:3,:6001",
598,"bucket4$166,:3,:6001",2014-03-13T22:48:07.049900,MQ,BAM,,,,3000.0,,3000,100.0,ZNE,test,gold,"bucket4$60,:3,:6001",
599,"bucket1$339,:3,:6001",2014-03-13T22:48:06.759900,MQ,GBM,,,,3000.0,,3000,100.0,ZNE,train,gold,"bucket0$464,:3,:6001",
600,"bucket1$340,:3,:6001",2014-03-13T22:48:11.100000,MQ,IA2,,,,3000.0,3046.0,3000,100.0,ZNE,train,gold,"bucket0$465,:3,:6001",
601,"bucket1$341,:3,:6001",2014-03-13T22:48:05.960000,MQ,LAM,,,,3000.0,3026.0,3000,100.0,ZNE,train,gold,"bucket0$466,:3,:6001",
602,"bucket1$342,:3,:6001",2014-03-13T23:46:23.899900,MQ,BAM,,,,3000.0,,3000,100.0,ZNE,train,gold,"bucket0$467,:3,:6001",
603,"bucket1$343,:3,:6001",2014-03-13T23:46:29.179900,MQ,CPM,,,,3000.0,,3000,100.0,ZNE,train,gold,"bucket0$468,:3,:6001",
604,"bucket1$344,:3,:6001",2014-03-13T23:46:23.549900,MQ,GBM,,,,3000.0,,3000,100.0,ZNE,train,gold,"bucket0$469,:3,:6001",
605,"bucket1$345,:3,:6001",2014-03-13T23:46:28.430000,MQ,IA2,,,,3000.0,3050.0,3000,100.0,ZNE,train,gold,"bucket0$470,:3,:6001",
606,"bucket1$346,:3,:6001",2014-03-14T00:08:55.400000,MQ,SAM,,,,3000.0,3026.0,3000,100.0,ZNE,train,gold,"bucket0$471,:3,:6001",
607,"bucket1$347,:3,:6001",2014-03-14T00:12:16.099900,MQ,CPM,,,,3000.0,,3000,100.0,ZNE,train,gold,"bucket0$472,:3,:6001",
608,"bucket1$348,:3,:6001",2014-03-14T00:15:32.269900,MQ,CPM,,,,3000.0,,3000,100.0,ZNE,train,gold,"bucket0$473,:3,:6001",
609,"bucket4$167,:3,:6001",2014-03-14T00:15:32.349900,MQ,MLM,,,,3000.0,,3000,100.0,ZNE,test,gold,"bucket4$61,:3,:6001",
610,"bucket4$168,:3,:6001",2014-03-14T02:55:34.979900,MQ,BAM,,,,3000.0,,3000,100.0,ZNE,test,gold,"bucket4$62,:3,:6001",
611,"bucket4$169,:3,:6001",2014-03-14T02:55:34.779900,MQ,CPM,,,,3000.0,,3000,100.0,ZNE,test,gold,"bucket4$63,:3,:6001",
612,"bucket1$349,:3,:6001",2014-03-14T02:55:34.299900,MQ,GBM,,,,3000.0,,3000,100.0,ZNE,train,gold,"bucket0$474,:3,:6001",
613,"bucket1$350,:3,:6001",2014-03-14T02:55:34.780000,MQ,IA2,,,,3000.0,3194.0,3000,100.0,ZNE,train,gold,"bucket0$475,:3,:6001",
614,"bucket1$351,:3,:6001",2014-03-14T02:55:34.189900,MQ,MLM,,,,3000.0,,3000,100.0,ZNE,train,gold,"bucket0$476,:3,:6001",
615,"bucket5$170,:3,:6001",2014-03-14T02:55:36.510000,MQ,SAM,,,,3000.0,3056.0,3000,100.0,ZNE,dev,gold,"bucket2$59,:3,:6001",
616,"bucket1$352,:3,:6001",2014-03-14T02:55:52.849900,MQ,BAM,,,,3000.0,,3000,100.0,ZNE,train,gold,"bucket0$477,:3,:6001",
617,"bucket1$353,:3,:6001",2014-03-14T02:55:53.519900,MQ,CPM,,,,3000.0,,3000,100.0,ZNE,train,gold,"bucket0$478,:3,:6001",
618,"bucket1$354,:3,:6001",2014-03-14T02:55:52.979900,MQ,GBM,,,,3000.0,,3000,100.0,ZNE,train,gold,"bucket0$479,:3,:6001",
619,"bucket4$170,:3,:6001",2014-03-14T02:55:52.860000,MQ,IA2,,,,3000.0,3090.0,3000,100.0,ZNE,test,gold,"bucket4$64,:3,:6001",
620,"bucket4$171,:3,:6001",2014-03-14T02:55:53.550000,MQ,LAM,,,,3000.0,3162.0,3000,100.0,ZNE,test,gold,"bucket4$65,:3,:6001",
621,"bucket1$355,:3,:6001",2014-03-14T02:55:53.829900,MQ,MLM,,,,3000.0,,3000,100.0,ZNE,train,gold,"bucket0$480,:3,:6001",
622,"bucket1$356,:3,:6001",2014-03-14T02:55:53.490000,MQ,SAM,,,,3000.0,,3000,100.0,ZNE,train,gold,"bucket0$481,:3,:6001",
623,"bucket1$357,:3,:6001",2014-03-14T03:25:23.499900,MQ,BAM,,,,3000.0,,3000,100.0,ZNE,train,gold,"bucket0$482,:3,:6001",
624,"bucket1$358,:3,:6001",2014-03-14T03:25:22.699900,MQ,CPM,,,,3000.0,,3000,100.0,ZNE,train,gold,"bucket0$483,:3,:6001",
625,"bucket1$359,:3,:6001",2014-03-14T03:25:22.169900,MQ,GBM,,,,3000.0,,3000,100.0,ZNE,train,gold,"bucket0$484,:3,:6001",
626,"bucket1$360,:3,:6001",2014-03-14T03:25:23.670000,MQ,IA2,,,,3000.0,3025.0,3000,100.0,ZNE,train,gold,"bucket0$485,:3,:6001",
627,"bucket1$361,:3,:6001",2014-03-14T05:28:38.589900,MQ,BAM,,,,3000.0,,3000,100.0,ZNE,train,gold,"bucket0$486,:3,:6001",
628,"bucket1$362,:3,:6001",2014-03-14T05:28:38.839900,MQ,CPM,,,,3000.0,,3000,100.0,ZNE,train,gold,"bucket0$487,:3,:6001",
629,"bucket5$171,:3,:6001",2014-03-14T05:28:38.579900,MQ,GBM,,,,3000.0,,3000,100.0,ZNE,dev,gold,"bucket2$60,:3,:6001",
630,"bucket1$363,:3,:6001",2014-03-14T05:28:39.040000,MQ,IA2,,,,3000.0,3055.0,3000,100.0,ZNE,train,gold,"bucket0$488,:3,:6001",
631,"bucket1$364,:3,:6001",2014-03-14T05:28:38.550000,MQ,LAM,,,,3000.0,3168.0,3000,100.0,ZNE,train,gold,"bucket0$489,:3,:6001",
632,"bucket1$365,:3,:6001",2014-03-14T05:28:39.019900,MQ,MLM,,,,3000.0,,3000,100.0,ZNE,train,gold,"bucket0$490,:3,:6001",
633,"bucket1$366,:3,:6001",2014-03-14T05:28:54.899900,MQ,BAM,,,,3000.0,,3000,100.0,ZNE,train,gold,"bucket0$491,:3,:6001",
634,"bucket1$367,:3,:6001",2014-03-14T05:28:55.109900,MQ,CPM,,,,3000.0,,3000,100.0,ZNE,train,gold,"bucket0$492,:3,:6001",
635,"bucket1$368,:3,:6001",2014-03-14T05:28:55.709900,MQ,GBM,,,,3000.0,,3000,100.0,ZNE,train,gold,"bucket0$493,:3,:6001",
636,"bucket1$369,:3,:6001",2014-03-14T05:28:55.080000,MQ,IA2,,,,3000.0,3193.0,3000,100.0,ZNE,train,gold,"bucket0$494,:3,:6001",
637,"bucket1$370,:3,:6001",2014-03-14T05:28:54.970000,MQ,LAM,,,,3000.0,3125.0,3000,100.0,ZNE,train,gold,"bucket0$495,:3,:6001",
638,"bucket5$172,:3,:6001",2014-03-14T07:19:12.389900,MQ,BAM,,,,3000.0,,3000,100.0,ZNE,dev,gold,"bucket2$61,:3,:6001",
639,"bucket1$371,:3,:6001",2014-03-14T07:19:16.949900,MQ,CPM,,,,3000.0,,3000,100.0,ZNE,train,gold,"bucket0$496,:3,:6001",
640,"bucket1$372,:3,:6001",2014-03-14T07:19:15.449900,MQ,GBM,,,,3000.0,,3000,100.0,ZNE,train,gold,"bucket0$497,:3,:6001",
641,"bucket1$373,:3,:6001",2014-03-14T07:19:16.330000,MQ,IA2,,,,3000.0,3048.0,3000,100.0,ZNE,train,gold,"bucket0$498,:3,:6001",
642,"bucket1$374,:3,:6001",2014-03-14T08:33:46.799900,MQ,BAM,,,,3000.0,,3000,100.0,ZNE,train,gold,"bucket0$499,:3,:6001",
643,"bucket1$375,:3,:6001",2014-03-14T08:33:45.899900,MQ,GBM,,,,3000.0,,3000,100.0,ZNE,train,gold,"bucket0$500,:3,:6001",
644,"bucket1$376,:3,:6001",2014-03-14T08:33:46.510000,MQ,IA2,,,,3000.0,3015.0,3000,100.0,ZNE,train,gold,"bucket0$501,:3,:6001",
645,"bucket4$172,:3,:6001",2014-03-14T08:33:46.060000,MQ,LAM,,,,3000.0,2995.0,3000,100.0,ZNE,test,gold,"bucket4$66,:3,:6001",
646,"bucket1$377,:3,:6001",2014-03-14T08:33:47.260000,MQ,SAM,,,,3000.0,3009.0,3000,100.0,ZNE,train,gold,"bucket0$502,:3,:6001",
647,"bucket5$173,:3,:6001",2014-03-14T10:14:32.499900,MQ,BAM,,,,3000.0,,3000,100.0,ZNE,dev,gold,"bucket2$62,:3,:6001",
648,"bucket1$378,:3,:6001",2014-03-14T10:14:32.339900,MQ,GBM,,,,3000.0,,3000,100.0,ZNE,train,gold,"bucket0$503,:3,:6001",
649,"bucket1$379,:3,:6001",2014-03-14T10:14:33.130000,MQ,IA2,,,,3000.0,3008.0,3000,100.0,ZNE,train,gold,"bucket0$504,:3,:6001",
650,"bucket1$380,:3,:6001",2014-03-14T10:14:31.730000,MQ,LAM,,,,3000.0,3048.0,3000,100.0,ZNE,train,gold,"bucket0$505,:3,:6001",
651,"bucket1$381,:3,:6001",2014-03-14T11:55:30.409900,MQ,BAM,,,,3000.0,,3000,100.0,ZNE,train,gold,"bucket0$506,:3,:6001",
652,"bucket1$382,:3,:6001",2014-03-14T11:55:35.099900,MQ,CPM,,,,3000.0,,3000,100.0,ZNE,train,gold,"bucket0$507,:3,:6001",
653,"bucket1$383,:3,:6001",2014-03-14T11:55:29.959900,MQ,GBM,,,,3000.0,,3000,100.0,ZNE,train,gold,"bucket0$508,:3,:6001",
654,"bucket5$174,:3,:6001",2014-03-14T11:55:33.139900,MQ,MLM,,,,3000.0,,3000,100.0,ZNE,dev,gold,"bucket2$63,:3,:6001",
655,"bucket1$384,:3,:6001",2014-03-14T14:13:39.629900,MQ,BAM,,,,3000.0,,3000,100.0,ZNE,train,gold,"bucket0$509,:3,:6001",
656,"bucket1$385,:3,:6001",2014-03-14T14:13:38.249900,MQ,GBM,,,,3000.0,,3000,100.0,ZNE,train,gold,"bucket0$510,:3,:6001",
657,"bucket1$386,:3,:6001",2014-03-14T14:13:43.180000,MQ,IA2,,,,3000.0,3020.0,3000,100.0,ZNE,train,gold,"bucket0$511,:3,:6001",
658,"bucket1$387,:3,:6001",2014-03-14T14:13:42.220000,MQ,LAM,,,,3000.0,3032.0,3000,100.0,ZNE,train,gold,"bucket0$512,:3,:6001",
659,"bucket1$388,:3,:6001",2014-03-14T16:07:21.809900,MQ,BAM,,,,3000.0,,3000,100.0,ZNE,train,gold,"bucket0$513,:3,:6001",
660,"bucket1$389,:3,:6001",2014-03-14T16:07:22.629900,MQ,CPM,,,,3000.0,,3000,100.0,ZNE,train,gold,"bucket0$514,:3,:6001",
661,"bucket1$390,:3,:6001",2014-03-14T16:07:23.079900,MQ,GBM,,,,3000.0,,3000,100.0,ZNE,train,gold,"bucket0$515,:3,:6001",
662,"bucket1$391,:3,:6001",2014-03-14T16:07:22.250000,MQ,IA2,,,,3000.0,3136.0,3000,100.0,ZNE,train,gold,"bucket0$516,:3,:6001",
663,"bucket1$392,:3,:6001",2014-03-14T16:07:22.590000,MQ,LAM,,,,3000.0,3086.0,3000,100.0,ZNE,train,gold,"bucket0$517,:3,:6001",
664,"bucket1$393,:3,:6001",2014-03-14T16:07:23.679900,MQ,MLM,,,,3000.0,,3000,100.0,ZNE,train,gold,"bucket0$518,:3,:6001",
665,"bucket1$394,:3,:6001",2014-03-14T16:07:22.060000,MQ,SAM,,,,3000.0,3125.0,3000,100.0,ZNE,train,gold,"bucket0$519,:3,:6001",
666,"bucket1$395,:3,:6001",2014-03-14T17:24:53.809900,MQ,BAM,,,,3000.0,,3000,100.0,ZNE,train,gold,"bucket0$520,:3,:6001",
667,"bucket1$396,:3,:6001",2014-03-14T17:24:52.819900,MQ,GBM,,,,3000.0,,3000,100.0,ZNE,train,gold,"bucket0$521,:3,:6001",
668,"bucket1$397,:3,:6001",2014-03-14T17:24:54.060000,MQ,IA2,,,,3000.0,3104.0,3000,100.0,ZNE,train,gold,"bucket0$522,:3,:6001",
669,"bucket1$398,:3,:6001",2014-03-14T17:24:53.160000,MQ,LAM,,,,3000.0,3069.0,3000,100.0,ZNE,train,gold,"bucket0$523,:3,:6001",
670,"bucket1$399,:3,:6001",2014-03-14T17:24:54.290000,MQ,SAM,,,,3000.0,3134.0,3000,100.0,ZNE,train,gold,"bucket0$524,:3,:6001",
671,"bucket1$400,:3,:6001",2014-03-14T17:34:02.929900,MQ,BAM,,,,3000.0,,3000,100.0,ZNE,train,gold,"bucket0$525,:3,:6001",
672,"bucket1$401,:3,:6001",2014-03-14T17:34:02.309900,MQ,GBM,,,,3000.0,,3000,100.0,ZNE,train,gold,"bucket0$526,:3,:6001",
673,"bucket1$402,:3,:6001",2014-03-14T17:34:03.360000,MQ,IA2,,,,3000.0,3046.0,3000,100.0,ZNE,train,gold,"bucket0$527,:3,:6001",
674,"bucket1$403,:3,:6001",2014-03-14T17:34:02.510000,MQ,LAM,,,,3000.0,3168.0,3000,100.0,ZNE,train,gold,"bucket0$528,:3,:6001",
675,"bucket1$404,:3,:6001",2014-03-14T17:37:52.129900,MQ,BAM,,,,3000.0,,3000,100.0,ZNE,train,gold,"bucket0$529,:3,:6001",
676,"bucket4$173,:3,:6001",2014-03-14T17:37:51.489900,MQ,GBM,,,,3000.0,,3000,100.0,ZNE,test,gold,"bucket4$67,:3,:6001",
677,"bucket4$174,:3,:6001",2014-03-14T17:37:52.060000,MQ,IA2,,,,3000.0,3093.0,3000,100.0,ZNE,test,gold,"bucket4$68,:3,:6001",
678,"bucket1$405,:3,:6001",2014-03-14T17:37:51.760000,MQ,LAM,,,,3000.0,3110.0,3000,100.0,ZNE,train,gold,"bucket0$530,:3,:6001",
679,"bucket1$406,:3,:6001",2014-03-14T17:45:53.659900,MQ,BAM,,,,3000.0,,3000,100.0,ZNE,train,gold,"bucket0$531,:3,:6001",
680,"bucket5$175,:3,:6001",2014-03-14T17:45:55.339900,MQ,CPM,,,,3000.0,,3000,100.0,ZNE,dev,gold,"bucket2$64,:3,:6001",
681,"bucket1$407,:3,:6001",2014-03-14T17:45:53.379900,MQ,GBM,,,,3000.0,,3000,100.0,ZNE,train,gold,"bucket0$532,:3,:6001",
682,"bucket1$408,:3,:6001",2014-03-14T17:45:53.980000,MQ,IA2,,,,3000.0,3096.0,3000,100.0,ZNE,train,gold,"bucket0$533,:3,:6001",
683,"bucket1$409,:3,:6001",2014-03-14T17:45:53.370000,MQ,LAM,,,,3000.0,3190.0,3000,100.0,ZNE,train,gold,"bucket0$534,:3,:6001",
684,"bucket1$410,:3,:6001",2014-03-14T17:45:54.380000,MQ,SAM,,,,3000.0,3013.0,3000,100.0,ZNE,train,gold,"bucket0$535,:3,:6001",
685,"bucket1$411,:3,:6001",2014-03-14T17:48:35.139900,MQ,BAM,,,,3000.0,,3000,100.0,ZNE,train,gold,"bucket0$536,:3,:6001",
686,"bucket1$412,:3,:6001",2014-03-14T17:48:36.269900,MQ,CPM,,,,3000.0,,3000,100.0,ZNE,train,gold,"bucket0$537,:3,:6001",
687,"bucket1$413,:3,:6001",2014-03-14T17:48:35.279900,MQ,GBM,,,,3000.0,,3000,100.0,ZNE,train,gold,"bucket0$538,:3,:6001",
688,"bucket1$414,:3,:6001",2014-03-14T17:48:35.690000,MQ,IA2,,,,3000.0,,3000,100.0,ZNE,train,gold,"bucket0$539,:3,:6001",
689,"bucket1$415,:3,:6001",2014-03-14T17:48:36.270000,MQ,SAM,,,,3000.0,3035.0,3000,100.0,ZNE,train,gold,"bucket0$540,:3,:6001",
690,"bucket4$175,:3,:6001",2014-03-14T17:55:11.319900,MQ,BAM,,,,3000.0,,3000,100.0,ZNE,test,gold,"bucket4$69,:3,:6001",
691,"bucket1$416,:3,:6001",2014-03-14T17:55:10.709900,MQ,GBM,,,,3000.0,,3000,100.0,ZNE,train,gold,"bucket0$541,:3,:6001",
692,"bucket1$417,:3,:6001",2014-03-14T17:55:11.510000,MQ,IA2,,,,3000.0,3118.0,3000,100.0,ZNE,train,gold,"bucket0$542,:3,:6001",
693,"bucket1$418,:3,:6001",2014-03-14T17:55:10.380000,MQ,LAM,,,,3000.0,3049.0,3000,100.0,ZNE,train,gold,"bucket0$543,:3,:6001",
694,"bucket4$176,:3,:6001",2014-03-14T17:55:11.670000,MQ,SAM,,,,3000.0,3061.0,3000,100.0,ZNE,test,gold,"bucket4$70,:3,:6001",
695,"bucket1$419,:3,:6001",2014-03-14T17:59:55.659900,MQ,BAM,,,,3000.0,,3000,100.0,ZNE,train,gold,"bucket0$544,:3,:6001",
696,"bucket5$176,:3,:6001",2014-03-14T17:59:56.729900,MQ,CPM,,,,3000.0,,3000,100.0,ZNE,dev,gold,"bucket2$65,:3,:6001",
697,"bucket1$420,:3,:6001",2014-03-14T17:59:55.499900,MQ,GBM,,,,3000.0,,3000,100.0,ZNE,train,gold,"bucket0$545,:3,:6001",
698,"bucket1$421,:3,:6001",2014-03-14T17:59:55.980000,MQ,IA2,,,,3000.0,3185.0,3000,100.0,ZNE,train,gold,"bucket0$546,:3,:6001",
699,"bucket1$422,:3,:6001",2014-03-14T17:59:55.700000,MQ,LAM,,,,3000.0,3217.0,3000,100.0,ZNE,train,gold,"bucket0$547,:3,:6001",
700,"bucket1$423,:3,:6001",2014-03-14T17:59:56.679900,MQ,MLM,,,,3000.0,,3000,100.0,ZNE,train,gold,"bucket0$548,:3,:6001",
701,"bucket1$424,:3,:6001",2014-03-14T19:28:39.249900,MQ,BAM,,,,3000.0,,3000,100.0,ZNE,train,gold,"bucket0$549,:3,:6001",
702,"bucket5$177,:3,:6001",2014-03-14T19:28:38.929900,MQ,GBM,,,,3000.0,,3000,100.0,ZNE,dev,gold,"bucket2$66,:3,:6001",
703,"bucket1$425,:3,:6001",2014-03-14T19:28:39.250000,MQ,IA2,,,,3000.0,,3000,100.0,ZNE,train,gold,"bucket0$550,:3,:6001",
704,"bucket1$426,:3,:6001",2014-03-14T19:28:38.960000,MQ,LAM,,,,3000.0,3040.0,3000,100.0,ZNE,train,gold,"bucket0$551,:3,:6001",
705,"bucket1$427,:3,:6001",2014-03-14T19:28:39.950000,MQ,SAM,,,,3000.0,3067.0,3000,100.0,ZNE,train,gold,"bucket0$552,:3,:6001",
706,"bucket1$428,:3,:6001",2014-03-14T19:47:04.979900,MQ,BAM,,,,3000.0,,3000,100.0,ZNE,train,gold,"bucket0$553,:3,:6001",
707,"bucket1$429,:3,:6001",2014-03-14T19:47:09.089900,MQ,CPM,,,,3000.0,,3000,100.0,ZNE,train,gold,"bucket0$554,:3,:6001",
708,"bucket1$430,:3,:6001",2014-03-14T19:47:09.029900,MQ,GBM,,,,3000.0,,3000,100.0,ZNE,train,gold,"bucket0$555,:3,:6001",
709,"bucket1$431,:3,:6001",2014-03-14T19:47:09.060000,MQ,LAM,,,,3000.0,3002.0,3000,100.0,ZNE,train,gold,"bucket0$556,:3,:6001",
710,"bucket1$432,:3,:6001",2014-03-14T19:54:32.979900,MQ,BAM,,,,3000.0,,3000,100.0,ZNE,train,gold,"bucket0$557,:3,:6001",
711,"bucket1$433,:3,:6001",2014-03-14T19:54:32.089900,MQ,GBM,,,,3000.0,,3000,100.0,ZNE,train,gold,"bucket0$558,:3,:6001",
712,"bucket1$434,:3,:6001",2014-03-14T19:54:32.760000,MQ,IA2,,,,3000.0,3074.0,3000,100.0,ZNE,train,gold,"bucket0$559,:3,:6001",
713,"bucket1$435,:3,:6001",2014-03-14T19:54:32.150000,MQ,LAM,,,,3000.0,3064.0,3000,100.0,ZNE,train,gold,"bucket0$560,:3,:6001",
714,"bucket4$177,:3,:6001",2014-03-14T22:23:54.490000,MQ,IA2,,,,3000.0,3046.0,3000,100.0,ZNE,test,gold,"bucket4$71,:3,:6001",
715,"bucket1$436,:3,:6001",2014-03-14T22:48:11.549900,MQ,BAM,,,,3000.0,,3000,100.0,ZNE,train,gold,"bucket0$561,:3,:6001",
716,"bucket1$437,:3,:6001",2014-03-14T22:48:11.179900,MQ,GBM,,,,3000.0,,3000,100.0,ZNE,train,gold,"bucket0$562,:3,:6001",
717,"bucket1$438,:3,:6001",2014-03-14T22:48:10.890000,MQ,LAM,,,,3000.0,3066.0,3000,100.0,ZNE,train,gold,"bucket0$563,:3,:6001",
718,"bucket1$439,:3,:6001",2014-03-14T22:48:12.090000,MQ,SAM,,,,3000.0,3004.0,3000,100.0,ZNE,train,gold,"bucket0$564,:3,:6001",
719,"bucket1$440,:3,:6001",2014-03-14T23:31:08.479900,MQ,BAM,,,,3000.0,,3000,100.0,ZNE,train,gold,"bucket0$565,:3,:6001",
720,"bucket1$441,:3,:6001",2014-03-14T23:31:06.529900,MQ,GBM,,,,3000.0,,3000,100.0,ZNE,train,gold,"bucket0$566,:3,:6001",
721,"bucket4$178,:3,:6001",2014-03-14T23:31:05.220000,MQ,IA2,,,,3000.0,2990.0,3000,100.0,ZNE,test,gold,"bucket4$72,:3,:6001",
722,"bucket1$442,:3,:6001",2014-03-14T23:31:07.460000,MQ,LAM,,,,3000.0,3053.0,3000,100.0,ZNE,train,gold,"bucket0$567,:3,:6001",
723,"bucket1$443,:3,:6001",2014-03-14T23:31:07.839900,MQ,MLM,,,,3000.0,,3000,100.0,ZNE,train,gold,"bucket0$568,:3,:6001",
724,"bucket1$444,:3,:6001",2014-03-14T23:31:07.490000,MQ,SAM,,,,3000.0,3038.0,3000,100.0,ZNE,train,gold,"bucket0$569,:3,:6001",
725,"bucket1$445,:3,:6001",2014-03-14T23:36:27.839900,MQ,BAM,,,,3000.0,,3000,100.0,ZNE,train,gold,"bucket0$570,:3,:6001",
726,"bucket1$446,:3,:6001",2014-03-14T23:36:27.249900,MQ,CPM,,,,3000.0,,3000,100.0,ZNE,train,gold,"bucket0$571,:3,:6001",
727,"bucket1$447,:3,:6001",2014-03-14T23:36:27.289900,MQ,GBM,,,,3000.0,,3000,100.0,ZNE,train,gold,"bucket0$572,:3,:6001",
728,"bucket1$448,:3,:6001",2014-03-14T23:36:26.100000,MQ,IA2,,,,3000.0,3336.0,3000,100.0,ZNE,train,gold,"bucket0$573,:3,:6001",
729,"bucket1$449,:3,:6001",2014-03-14T23:36:30.230000,MQ,LAM,,,,3000.0,3082.0,3000,100.0,ZNE,train,gold,"bucket0$574,:3,:6001",
730,"bucket1$450,:3,:6001",2014-03-14T23:36:27.489900,MQ,MLM,,,,3000.0,,3000,100.0,ZNE,train,gold,"bucket0$575,:3,:6001",
731,"bucket1$451,:3,:6001",2014-03-14T23:36:29.200000,MQ,SAM,,,,3000.0,3134.0,3000,100.0,ZNE,train,gold,"bucket0$576,:3,:6001",
732,"bucket1$452,:3,:6001",2014-03-14T23:48:58.849900,MQ,BAM,,,,3000.0,,3000,100.0,ZNE,train,gold,"bucket0$577,:3,:6001",
733,"bucket1$453,:3,:6001",2014-03-14T23:48:57.789900,MQ,GBM,,,,3000.0,,3000,100.0,ZNE,train,gold,"bucket0$578,:3,:6001",
734,"bucket1$454,:3,:6001",2014-03-14T23:48:58.340000,MQ,IA2,,,,3000.0,3055.0,3000,100.0,ZNE,train,gold,"bucket0$579,:3,:6001",
735,"bucket1$455,:3,:6001",2014-03-14T23:48:57.590000,MQ,LAM,,,,3000.0,3070.0,3000,100.0,ZNE,train,gold,"bucket0$580,:3,:6001",
736,"bucket1$456,:3,:6001",2014-03-14T23:49:01.380000,MQ,SAM,,,,3000.0,3017.0,3000,100.0,ZNE,train,gold,"bucket0$581,:3,:6001",
737,"bucket1$457,:3,:6001",2014-03-15T01:13:17.989900,MQ,CPM,,,,3000.0,,3000,100.0,ZNE,train,gold,"bucket0$582,:3,:6001",
738,"bucket5$178,:3,:6001",2014-03-15T01:13:16.489900,MQ,MLM,,,,3000.0,,3000,100.0,ZNE,dev,gold,"bucket2$67,:3,:6001",
739,"bucket1$458,:3,:6001",2014-03-15T01:13:16.910000,MQ,SAM,,,,3000.0,3065.0,3000,100.0,ZNE,train,gold,"bucket0$583,:3,:6001",
740,"bucket1$459,:3,:6001",2014-03-15T01:20:29.490000,MQ,IA2,,,,3000.0,2955.0,3000,100.0,ZNE,train,gold,"bucket0$584,:3,:6001",
741,"bucket1$460,:3,:6001",2014-03-15T01:30:47.799900,MQ,CPM,,,,3000.0,,3000,100.0,ZNE,train,gold,"bucket0$585,:3,:6001",
742,"bucket1$461,:3,:6001",2014-03-15T01:30:47.410000,MQ,SAM,,,,3000.0,3023.0,3000,100.0,ZNE,train,gold,"bucket0$586,:3,:6001",
743,"bucket1$462,:3,:6001",2014-03-15T02:13:49.520000,MQ,SAM,,,,3000.0,3049.0,3000,100.0,ZNE,train,gold,"bucket0$587,:3,:6001",
744,"bucket4$179,:3,:6001",2014-03-15T02:40:39.469900,MQ,CPM,,,,3000.0,,3000,100.0,ZNE,test,gold,"bucket4$73,:3,:6001",
745,"bucket1$463,:3,:6001",2014-03-15T02:40:38.760000,MQ,SAM,,,,3000.0,3063.0,3000,100.0,ZNE,train,gold,"bucket0$588,:3,:6001",
746,"bucket1$464,:3,:6001",2014-03-15T02:49:18.129900,MQ,BAM,,,,3000.0,,3000,100.0,ZNE,train,gold,"bucket0$589,:3,:6001",
747,"bucket1$465,:3,:6001",2014-03-15T02:49:16.989900,MQ,GBM,,,,3000.0,,3000,100.0,ZNE,train,gold,"bucket0$590,:3,:6001",
748,"bucket4$180,:3,:6001",2014-03-15T02:49:17.860000,MQ,IA2,,,,3000.0,3059.0,3000,100.0,ZNE,test,gold,"bucket4$74,:3,:6001",
749,"bucket1$466,:3,:6001",2014-03-15T02:49:16.780000,MQ,LAM,,,,3000.0,3033.0,3000,100.0,ZNE,train,gold,"bucket0$591,:3,:6001",
750,"bucket1$467,:3,:6001",2014-03-15T03:04:52.189900,MQ,CPM,,,,3000.0,,3000,100.0,ZNE,train,gold,"bucket0$592,:3,:6001",
751,"bucket1$468,:3,:6001",2014-03-15T03:04:53.029900,MQ,MLM,,,,3000.0,,3000,100.0,ZNE,train,gold,"bucket0$593,:3,:6001",
752,"bucket1$469,:3,:6001",2014-03-15T03:04:52.620000,MQ,SAM,,,,3000.0,,3000,100.0,ZNE,train,gold,"bucket0$594,:3,:6001",
753,"bucket1$470,:3,:6001",2014-03-15T03:05:13.749900,MQ,BAM,,,,3000.0,,3000,100.0,ZNE,train,gold,"bucket0$595,:3,:6001",
754,"bucket1$471,:3,:6001",2014-03-15T03:05:12.729900,MQ,GBM,,,,3000.0,,3000,100.0,ZNE,train,gold,"bucket0$596,:3,:6001",
755,"bucket1$472,:3,:6001",2014-03-15T03:05:13.210000,MQ,IA2,,,,3000.0,3247.0,3000,100.0,ZNE,train,gold,"bucket0$597,:3,:6001",
756,"bucket1$473,:3,:6001",2014-03-15T03:05:12.260000,MQ,LAM,,,,3000.0,3024.0,3000,100.0,ZNE,train,gold,"bucket0$598,:3,:6001",
757,"bucket1$474,:3,:6001",2014-03-15T03:05:13.540000,MQ,SAM,,,,3000.0,3066.0,3000,100.0,ZNE,train,gold,"bucket0$599,:3,:6001",
758,"bucket1$475,:3,:6001",2014-03-15T03:20:08.899900,MQ,BAM,,,,3000.0,,3000,100.0,ZNE,train,gold,"bucket0$600,:3,:6001",
759,"bucket4$181,:3,:6001",2014-03-15T03:20:07.569900,MQ,GBM,,,,3000.0,,3000,100.0,ZNE,test,gold,"bucket4$75,:3,:6001",
760,"bucket1$476,:3,:6001",2014-03-15T03:20:08.620000,MQ,IA2,,,,3000.0,3045.0,3000,100.0,ZNE,train,gold,"bucket0$601,:3,:6001",
761,"bucket4$182,:3,:6001",2014-03-15T03:20:07.450000,MQ,LAM,,,,3000.0,3006.0,3000,100.0,ZNE,test,gold,"bucket4$76,:3,:6001",
762,"bucket1$477,:3,:6001",2014-03-15T03:34:15.779900,MQ,BAM,,,,3000.0,,3000,100.0,ZNE,train,gold,"bucket0$602,:3,:6001",
763,"bucket1$478,:3,:6001",2014-03-15T03:34:16.559900,MQ,CPM,,,,3000.0,,3000,100.0,ZNE,train,gold,"bucket0$603,:3,:6001",
764,"bucket5$179,:3,:6001",2014-03-15T03:34:14.769900,MQ,GBM,,,,3000.0,,3000,100.0,ZNE,dev,gold,"bucket2$68,:3,:6001",
765,"bucket5$180,:3,:6001",2014-03-15T03:34:15.450000,MQ,IA2,,,,3000.0,3117.0,3000,100.0,ZNE,dev,gold,"bucket2$69,:3,:6001",
766,"bucket1$479,:3,:6001",2014-03-15T03:34:14.880000,MQ,LAM,,,,3000.0,3235.0,3000,100.0,ZNE,train,gold,"bucket0$604,:3,:6001",
767,"bucket1$480,:3,:6001",2014-03-15T03:34:16.130000,MQ,SAM,,,,3000.0,3059.0,3000,100.0,ZNE,train,gold,"bucket0$605,:3,:6001",
768,"bucket1$481,:3,:6001",2014-03-15T03:57:11.639900,MQ,BAM,,,,3000.0,,3000,100.0,ZNE,train,gold,"bucket0$606,:3,:6001",
769,"bucket1$482,:3,:6001",2014-03-15T03:57:07.099900,MQ,GBM,,,,3000.0,,3000,100.0,ZNE,train,gold,"bucket0$607,:3,:6001",
770,"bucket1$483,:3,:6001",2014-03-15T03:57:03.530000,MQ,LAM,,,,3000.0,3050.0,3000,100.0,ZNE,train,gold,"bucket0$608,:3,:6001",
771,"bucket1$484,:3,:6001",2014-03-15T03:57:11.300000,MQ,SAM,,,,3000.0,3214.0,3000,100.0,ZNE,train,gold,"bucket0$609,:3,:6001",
772,"bucket1$485,:3,:6001",2014-03-15T04:07:52.949900,MQ,BAM,,,,3000.0,,3000,100.0,ZNE,train,gold,"bucket0$610,:3,:6001",
773,"bucket1$486,:3,:6001",2014-03-15T04:07:53.519900,MQ,GBM,,,,3000.0,,3000,100.0,ZNE,train,gold,"bucket0$611,:3,:6001",
774,"bucket1$487,:3,:6001",2014-03-15T04:07:54.240000,MQ,IA2,,,,3000.0,3033.0,3000,100.0,ZNE,train,gold,"bucket0$612,:3,:6001",
775,"bucket1$488,:3,:6001",2014-03-15T04:07:52.990000,MQ,LAM,,,,3000.0,3127.0,3000,100.0,ZNE,train,gold,"bucket0$613,:3,:6001",
776,"bucket4$183,:3,:6001",2014-03-15T07:20:58.419900,MQ,BAM,,,,3000.0,,3000,100.0,ZNE,test,gold,"bucket4$77,:3,:6001",
777,"bucket1$489,:3,:6001",2014-03-15T07:20:59.639900,MQ,CPM,,,,3000.0,,3000,100.0,ZNE,train,gold,"bucket0$614,:3,:6001",
778,"bucket5$181,:3,:6001",2014-03-15T07:20:59.969900,MQ,GBM,,,,3000.0,,3000,100.0,ZNE,dev,gold,"bucket2$70,:3,:6001",
779,"bucket5$182,:3,:6001",2014-03-15T07:20:59.350000,MQ,IA2,,,,3000.0,,3000,100.0,ZNE,dev,gold,"bucket2$71,:3,:6001",
780,"bucket4$184,:3,:6001",2014-03-15T07:20:59.350000,MQ,LAM,,,,3000.0,3052.0,3000,100.0,ZNE,test,gold,"bucket4$78,:3,:6001",
781,"bucket5$183,:3,:6001",2014-03-15T07:20:59.629900,MQ,MLM,,,,3000.0,,3000,100.0,ZNE,dev,gold,"bucket2$72,:3,:6001",
782,"bucket1$490,:3,:6001",2014-03-15T14:50:42.419900,MQ,BAM,,,,3000.0,,3000,100.0,ZNE,train,gold,"bucket0$615,:3,:6001",
783,"bucket1$491,:3,:6001",2014-03-15T14:50:41.349900,MQ,CPM,,,,3000.0,,3000,100.0,ZNE,train,gold,"bucket0$616,:3,:6001",
784,"bucket1$492,:3,:6001",2014-03-15T14:50:41.689900,MQ,GBM,,,,3000.0,,3000,100.0,ZNE,train,gold,"bucket0$617,:3,:6001",
785,"bucket1$493,:3,:6001",2014-03-15T14:50:41.860000,MQ,IA2,,,,3000.0,3054.0,3000,100.0,ZNE,train,gold,"bucket0$618,:3,:6001",
786,"bucket4$185,:3,:6001",2014-03-15T14:50:41.530000,MQ,LAM,,,,3000.0,3031.0,3000,100.0,ZNE,test,gold,"bucket4$79,:3,:6001",
787,"bucket1$494,:3,:6001",2014-03-15T14:50:42.089900,MQ,MLM,,,,3000.0,,3000,100.0,ZNE,train,gold,"bucket0$619,:3,:6001",
788,"bucket1$495,:3,:6001",2014-03-15T14:50:58.819900,MQ,BAM,,,,3000.0,,3000,100.0,ZNE,train,gold,"bucket0$620,:3,:6001",
789,"bucket1$496,:3,:6001",2014-03-15T14:50:59.679900,MQ,CPM,,,,3000.0,,3000,100.0,ZNE,train,gold,"bucket0$621,:3,:6001",
790,"bucket1$497,:3,:6001",2014-03-15T14:50:59.539900,MQ,GBM,,,,3000.0,,3000,100.0,ZNE,train,gold,"bucket0$622,:3,:6001",
791,"bucket1$498,:3,:6001",2014-03-15T14:50:59.760000,MQ,LAM,,,,3000.0,3024.0,3000,100.0,ZNE,train,gold,"bucket0$623,:3,:6001",
792,"bucket1$499,:3,:6001",2014-03-15T15:47:25.209900,MQ,BAM,,,,3000.0,,3000,100.0,ZNE,train,gold,"bucket0$624,:3,:6001",
793,"bucket1$500,:3,:6001",2014-03-15T15:47:24.359900,MQ,GBM,,,,3000.0,,3000,100.0,ZNE,train,gold,"bucket0$625,:3,:6001",
794,"bucket1$501,:3,:6001",2014-03-15T15:47:26.010000,MQ,IA2,,,,3000.0,3033.0,3000,100.0,ZNE,train,gold,"bucket0$626,:3,:6001",
795,"bucket1$502,:3,:6001",2014-03-15T15:47:24.600000,MQ,LAM,,,,3000.0,3014.0,3000,100.0,ZNE,train,gold,"bucket0$627,:3,:6001",
796,"bucket1$503,:3,:6001",2014-03-15T16:05:10.509900,MQ,BAM,,,,3000.0,,3000,100.0,ZNE,train,gold,"bucket0$628,:3,:6001",
797,"bucket1$504,:3,:6001",2014-03-15T16:05:11.969900,MQ,CPM,,,,3000.0,,3000,100.0,ZNE,train,gold,"bucket0$629,:3,:6001",
798,"bucket1$505,:3,:6001",2014-03-15T16:05:09.939900,MQ,GBM,,,,3000.0,,3000,100.0,ZNE,train,gold,"bucket0$630,:3,:6001",
799,"bucket1$506,:3,:6001",2014-03-15T16:05:10.350000,MQ,IA2,,,,3000.0,3087.0,3000,100.0,ZNE,train,gold,"bucket0$631,:3,:6001",
800,"bucket1$507,:3,:6001",2014-03-15T16:05:09.920000,MQ,LAM,,,,3000.0,3017.0,3000,100.0,ZNE,train,gold,"bucket0$632,:3,:6001",
801,"bucket1$508,:3,:6001",2014-03-15T16:05:10.950000,MQ,SAM,,,,3000.0,3050.0,3000,100.0,ZNE,train,gold,"bucket0$633,:3,:6001",
802,"bucket1$509,:3,:6001",2014-03-15T16:16:43.939900,MQ,BAM,,,,3000.0,,3000,100.0,ZNE,train,gold,"bucket0$634,:3,:6001",
803,"bucket1$510,:3,:6001",2014-03-15T16:16:43.169900,MQ,GBM,,,,3000.0,,3000,100.0,ZNE,train,gold,"bucket0$635,:3,:6001",
804,"bucket1$511,:3,:6001",2014-03-15T16:16:43.940000,MQ,IA2,,,,3000.0,3016.0,3000,100.0,ZNE,train,gold,"bucket0$636,:3,:6001",
805,"bucket1$512,:3,:6001",2014-03-15T16:16:42.770000,MQ,LAM,,,,3000.0,3018.0,3000,100.0,ZNE,train,gold,"bucket0$637,:3,:6001",
806,"bucket1$513,:3,:6001",2014-03-15T16:21:51.739900,MQ,BAM,,,,3000.0,,3000,100.0,ZNE,train,gold,"bucket0$638,:3,:6001",
807,"bucket4$186,:3,:6001",2014-03-15T16:21:52.939900,MQ,CPM,,,,3000.0,,3000,100.0,ZNE,test,gold,"bucket4$80,:3,:6001",
808,"bucket1$514,:3,:6001",2014-03-15T16:21:51.249900,MQ,GBM,,,,3000.0,,3000,100.0,ZNE,train,gold,"bucket0$639,:3,:6001",
809,"bucket1$515,:3,:6001",2014-03-15T16:21:52.060000,MQ,IA2,,,,3000.0,3097.0,3000,100.0,ZNE,train,gold,"bucket0$640,:3,:6001",
810,"bucket5$184,:3,:6001",2014-03-15T17:11:28.999900,MQ,BAM,,,,3000.0,,3000,100.0,ZNE,dev,gold,"bucket2$73,:3,:6001",
811,"bucket4$187,:3,:6001",2014-03-15T17:11:30.279900,MQ,CPM,,,,3000.0,,3000,100.0,ZNE,test,gold,"bucket4$81,:3,:6001",
812,"bucket1$516,:3,:6001",2014-03-15T17:11:28.199900,MQ,GBM,,,,3000.0,,3000,100.0,ZNE,train,gold,"bucket0$641,:3,:6001",
813,"bucket1$517,:3,:6001",2014-03-15T17:11:28.810000,MQ,IA2,,,,3000.0,,3000,100.0,ZNE,train,gold,"bucket0$642,:3,:6001",
814,"bucket1$518,:3,:6001",2014-03-15T17:11:28.010000,MQ,LAM,,,,3000.0,3096.0,3000,100.0,ZNE,train,gold,"bucket0$643,:3,:6001",
815,"bucket1$519,:3,:6001",2014-03-15T17:25:05.029900,MQ,BAM,,,,3000.0,,3000,100.0,ZNE,train,gold,"bucket0$644,:3,:6001",
816,"bucket4$188,:3,:6001",2014-03-15T17:25:00.029900,MQ,CPM,,,,3000.0,,3000,100.0,ZNE,test,gold,"bucket4$82,:3,:6001",
817,"bucket1$520,:3,:6001",2014-03-15T17:24:58.179900,MQ,GBM,,,,3000.0,,3000,100.0,ZNE,train,gold,"bucket0$645,:3,:6001",
818,"bucket1$521,:3,:6001",2014-03-15T17:24:58.920000,MQ,IA2,,,,3000.0,3098.0,3000,100.0,ZNE,train,gold,"bucket0$646,:3,:6001",
819,"bucket1$522,:3,:6001",2014-03-15T17:24:59.410000,MQ,SAM,,,,3000.0,3118.0,3000,100.0,ZNE,train,gold,"bucket0$647,:3,:6001",
820,"bucket1$523,:3,:6001",2014-03-15T17:41:26.039900,MQ,BAM,,,,3000.0,,3000,100.0,ZNE,train,gold,"bucket0$648,:3,:6001",
821,"bucket1$524,:3,:6001",2014-03-15T17:41:21.829900,MQ,CPM,,,,3000.0,,3000,100.0,ZNE,train,gold,"bucket0$649,:3,:6001",
822,"bucket4$189,:3,:6001",2014-03-15T17:41:25.739900,MQ,GBM,,,,3000.0,,3000,100.0,ZNE,test,gold,"bucket4$83,:3,:6001",
823,"bucket1$525,:3,:6001",2014-03-15T17:41:26.840000,MQ,IA2,,,,3000.0,3159.0,3000,100.0,ZNE,train,gold,"bucket0$650,:3,:6001",
824,"bucket1$526,:3,:6001",2014-03-15T18:24:19.919900,MQ,BAM,,,,3000.0,,3000,100.0,ZNE,train,gold,"bucket0$651,:3,:6001",
825,"bucket1$527,:3,:6001",2014-03-15T18:24:18.989900,MQ,GBM,,,,3000.0,,3000,100.0,ZNE,train,gold,"bucket0$652,:3,:6001",
826,"bucket1$528,:3,:6001",2014-03-15T18:24:20.870000,MQ,IA2,,,,3000.0,,3000,100.0,ZNE,train,gold,"bucket0$653,:3,:6001",
827,"bucket1$529,:3,:6001",2014-03-15T18:24:19.120000,MQ,LAM,,,,3000.0,3012.0,3000,100.0,ZNE,train,gold,"bucket0$654,:3,:6001",
828,"bucket1$530,:3,:6001",2014-03-15T18:47:58.509900,MQ,BAM,,,,3000.0,,3000,100.0,ZNE,train,gold,"bucket0$655,:3,:6001",
829,"bucket1$531,:3,:6001",2014-03-15T18:47:59.579900,MQ,CPM,,,,3000.0,,3000,100.0,ZNE,train,gold,"bucket0$656,:3,:6001",
830,"bucket1$532,:3,:6001",2014-03-15T18:47:57.739900,MQ,GBM,,,,3000.0,,3000,100.0,ZNE,train,gold,"bucket0$657,:3,:6001",
831,"bucket1$533,:3,:6001",2014-03-15T18:47:58.330000,MQ,IA2,,,,3000.0,3377.0,3000,100.0,ZNE,train,gold,"bucket0$658,:3,:6001",
832,"bucket1$534,:3,:6001",2014-03-15T18:47:57.690000,MQ,LAM,,,,3000.0,3158.0,3000,100.0,ZNE,train,gold,"bucket0$659,:3,:6001",
833,"bucket4$190,:3,:6001",2014-03-15T18:48:00.769900,MQ,MLM,,,,3000.0,,3000,100.0,ZNE,test,gold,"bucket4$84,:3,:6001",
834,"bucket1$535,:3,:6001",2014-03-15T18:47:58.860000,MQ,SAM,,,,3000.0,3088.0,3000,100.0,ZNE,train,gold,"bucket0$660,:3,:6001",
835,"bucket1$536,:3,:6001",2014-03-15T19:38:00.299900,MQ,BAM,,,,3000.0,,3000,100.0,ZNE,train,gold,"bucket0$661,:3,:6001",
836,"bucket1$537,:3,:6001",2014-03-15T19:37:52.299900,MQ,CPM,,,,3000.0,,3000,100.0,ZNE,train,gold,"bucket0$662,:3,:6001",
837,"bucket1$538,:3,:6001",2014-03-15T19:37:59.129900,MQ,GBM,,,,3000.0,,3000,100.0,ZNE,train,gold,"bucket0$663,:3,:6001",
838,"bucket1$539,:3,:6001",2014-03-15T19:37:56.870000,MQ,SAM,,,,3000.0,3042.0,3000,100.0,ZNE,train,gold,"bucket0$664,:3,:6001",
839,"bucket5$185,:3,:6001",2014-03-15T19:54:12.430000,MQ,IA2,,,,3000.0,3049.0,3000,100.0,ZNE,dev,gold,"bucket2$74,:3,:6001",
840,"bucket1$540,:3,:6001",2014-03-15T20:05:09.969900,MQ,CPM,,,,3000.0,,3000,100.0,ZNE,train,gold,"bucket0$665,:3,:6001",
841,"bucket1$541,:3,:6001",2014-03-15T20:05:09.660000,MQ,SAM,,,,3000.0,3047.0,3000,100.0,ZNE,train,gold,"bucket0$666,:3,:6001",
842,"bucket1$542,:3,:6001",2014-03-15T21:00:18.819900,MQ,BAM,,,,3000.0,,3000,100.0,ZNE,train,gold,"bucket0$667,:3,:6001",
843,"bucket1$543,:3,:6001",2014-03-15T21:00:18.379900,MQ,GBM,,,,3000.0,,3000,100.0,ZNE,train,gold,"bucket0$668,:3,:6001",
844,"bucket1$544,:3,:6001",2014-03-15T21:00:19.480000,MQ,IA2,,,,3000.0,3011.0,3000,100.0,ZNE,train,gold,"bucket0$669,:3,:6001",
845,"bucket1$545,:3,:6001",2014-03-15T21:00:18.060000,MQ,LAM,,,,3000.0,3098.0,3000,100.0,ZNE,train,gold,"bucket0$670,:3,:6001",
846,"bucket1$546,:3,:6001",2014-03-15T21:06:41.520000,MQ,SAM,,,,3000.0,3027.0,3000,100.0,ZNE,train,gold,"bucket0$671,:3,:6001",
847,"bucket4$191,:3,:6001",2014-03-15T21:53:34.120000,MQ,SAM,,,,3000.0,2985.0,3000,100.0,ZNE,test,gold,"bucket4$85,:3,:6001",
848,"bucket1$547,:3,:6001",2014-03-15T22:12:45.529900,MQ,BAM,,,,3000.0,,3000,100.0,ZNE,train,gold,"bucket0$672,:3,:6001",
849,"bucket5$186,:3,:6001",2014-03-15T22:12:45.139900,MQ,GBM,,,,3000.0,,3000,100.0,ZNE,dev,gold,"bucket2$75,:3,:6001",
850,"bucket1$548,:3,:6001",2014-03-15T22:12:45.810000,MQ,IA2,,,,3000.0,3079.0,3000,100.0,ZNE,train,gold,"bucket0$673,:3,:6001",
851,"bucket5$187,:3,:6001",2014-03-15T22:12:45.120000,MQ,LAM,,,,3000.0,3048.0,3000,100.0,ZNE,dev,gold,"bucket2$76,:3,:6001",
852,"bucket1$549,:3,:6001",2014-03-15T22:12:46.280000,MQ,SAM,,,,3000.0,3055.0,3000,100.0,ZNE,train,gold,"bucket0$674,:3,:6001",
853,"bucket1$550,:3,:6001",2014-03-15T22:35:27.629900,MQ,BAM,,,,3000.0,,3000,100.0,ZNE,train,gold,"bucket0$675,:3,:6001",
854,"bucket4$192,:3,:6001",2014-03-15T22:35:26.869900,MQ,GBM,,,,3000.0,,3000,100.0,ZNE,test,gold,"bucket4$86,:3,:6001",
855,"bucket1$551,:3,:6001",2014-03-15T22:35:27.900000,MQ,IA2,,,,3000.0,3265.0,3000,100.0,ZNE,train,gold,"bucket0$676,:3,:6001",
856,"bucket4$193,:3,:6001",2014-03-15T22:35:26.550000,MQ,LAM,,,,3000.0,3374.0,3000,100.0,ZNE,test,gold,"bucket4$87,:3,:6001",
857,"bucket1$552,:3,:6001",2014-03-15T22:35:31.960000,MQ,SAM,,,,3000.0,3158.0,3000,100.0,ZNE,train,gold,"bucket0$677,:3,:6001",
858,"bucket1$553,:3,:6001",2014-03-15T22:37:14.019900,MQ,BAM,,,,3000.0,,3000,100.0,ZNE,train,gold,"bucket0$678,:3,:6001",
859,"bucket1$554,:3,:6001",2014-03-15T22:37:13.009900,MQ,GBM,,,,3000.0,,3000,100.0,ZNE,train,gold,"bucket0$679,:3,:6001",
860,"bucket1$555,:3,:6001",2014-03-15T22:37:14.450000,MQ,IA2,,,,3000.0,3023.0,3000,100.0,ZNE,train,gold,"bucket0$680,:3,:6001",
861,"bucket1$556,:3,:6001",2014-03-15T22:37:13.570000,MQ,LAM,,,,3000.0,3011.0,3000,100.0,ZNE,train,gold,"bucket0$681,:3,:6001",
862,"bucket1$557,:3,:6001",2014-03-15T22:37:14.790000,MQ,SAM,,,,3000.0,3021.0,3000,100.0,ZNE,train,gold,"bucket0$682,:3,:6001",
863,"bucket1$558,:3,:6001",2014-03-15T22:42:19.470000,MQ,IA2,,,,3000.0,3037.0,3000,100.0,ZNE,train,gold,"bucket0$683,:3,:6001",
864,"bucket1$559,:3,:6001",2014-03-15T22:42:19.980000,MQ,SAM,,,,3000.0,2962.0,3000,100.0,ZNE,train,gold,"bucket0$684,:3,:6001",
865,"bucket4$194,:3,:6001",2014-03-15T22:43:55.759900,MQ,BAM,,,,3000.0,,3000,100.0,ZNE,test,gold,"bucket4$88,:3,:6001",
866,"bucket1$560,:3,:6001",2014-03-15T22:43:57.339900,MQ,CPM,,,,3000.0,,3000,100.0,ZNE,train,gold,"bucket0$685,:3,:6001",
867,"bucket1$561,:3,:6001",2014-03-15T22:43:55.349900,MQ,GBM,,,,3000.0,,3000,100.0,ZNE,train,gold,"bucket0$686,:3,:6001",
868,"bucket1$562,:3,:6001",2014-03-15T22:43:56.700000,MQ,IA2,,,,3000.0,,3000,100.0,ZNE,train,gold,"bucket0$687,:3,:6001",
869,"bucket1$563,:3,:6001",2014-03-15T22:43:55.180000,MQ,LAM,,,,3000.0,3202.0,3000,100.0,ZNE,train,gold,"bucket0$688,:3,:6001",
870,"bucket1$564,:3,:6001",2014-03-15T22:43:57.010000,MQ,SAM,,,,3000.0,,3000,100.0,ZNE,train,gold,"bucket0$689,:3,:6001",
871,"bucket1$565,:3,:6001",2014-03-15T22:47:55.970000,MQ,IA2,,,,3000.0,,3000,100.0,ZNE,train,gold,"bucket0$690,:3,:6001",
872,"bucket4$195,:3,:6001",2014-03-15T22:50:44.919900,MQ,BAM,,,,3000.0,,3000,100.0,ZNE,test,gold,"bucket4$89,:3,:6001",
873,"bucket1$566,:3,:6001",2014-03-15T22:50:44.169900,MQ,GBM,,,,3000.0,,3000,100.0,ZNE,train,gold,"bucket0$691,:3,:6001",
874,"bucket1$567,:3,:6001",2014-03-15T22:50:48.370000,MQ,IA2,,,,3000.0,3035.0,3000,100.0,ZNE,train,gold,"bucket0$692,:3,:6001",
875,"bucket1$568,:3,:6001",2014-03-15T22:50:43.970000,MQ,LAM,,,,3000.0,3021.0,3000,100.0,ZNE,train,gold,"bucket0$693,:3,:6001",
876,"bucket1$569,:3,:6001",2014-03-15T22:51:46.179900,MQ,BAM,,,,3000.0,,3000,100.0,ZNE,train,gold,"bucket0$694,:3,:6001",
877,"bucket1$570,:3,:6001",2014-03-15T22:51:45.049900,MQ,GBM,,,,3000.0,,3000,100.0,ZNE,train,gold,"bucket0$695,:3,:6001",
878,"bucket4$196,:3,:6001",2014-03-15T22:51:46.280000,MQ,IA2,,,,3000.0,2954.0,3000,100.0,ZNE,test,gold,"bucket4$90,:3,:6001",
879,"bucket1$571,:3,:6001",2014-03-15T22:51:45.130000,MQ,LAM,,,,3000.0,3150.0,3000,100.0,ZNE,train,gold,"bucket0$696,:3,:6001",
880,"bucket1$572,:3,:6001",2014-03-15T22:53:32.749900,MQ,BAM,,,,3000.0,,3000,100.0,ZNE,train,gold,"bucket0$697,:3,:6001",
881,"bucket1$573,:3,:6001",2014-03-15T22:53:32.229900,MQ,GBM,,,,3000.0,,3000,100.0,ZNE,train,gold,"bucket0$698,:3,:6001",
882,"bucket1$574,:3,:6001",2014-03-15T22:53:32.920000,MQ,IA2,,,,3000.0,3047.0,3000,100.0,ZNE,train,gold,"bucket0$699,:3,:6001",
883,"bucket1$575,:3,:6001",2014-03-15T22:53:32.120000,MQ,LAM,,,,3000.0,3039.0,3000,100.0,ZNE,train,gold,"bucket0$700,:3,:6001",
884,"bucket5$188,:3,:6001",2014-03-15T22:53:33.290000,MQ,SAM,,,,3000.0,3139.0,3000,100.0,ZNE,dev,gold,"bucket2$77,:3,:6001",
885,"bucket1$576,:3,:6001",2014-03-15T22:56:34.700000,MQ,SAM,,,,3000.0,3067.0,3000,100.0,ZNE,train,gold,"bucket0$701,:3,:6001",
886,"bucket1$577,:3,:6001",2014-03-15T23:00:09.069900,MQ,BAM,,,,3000.0,,3000,100.0,ZNE,train,gold,"bucket0$702,:3,:6001",
887,"bucket1$578,:3,:6001",2014-03-15T23:00:09.209900,MQ,GBM,,,,3000.0,,3000,100.0,ZNE,train,gold,"bucket0$703,:3,:6001",
888,"bucket5$189,:3,:6001",2014-03-15T23:00:09.340000,MQ,IA2,,,,3000.0,3005.0,3000,100.0,ZNE,dev,gold,"bucket2$78,:3,:6001",
889,"bucket5$190,:3,:6001",2014-03-15T23:00:08.900000,MQ,LAM,,,,3000.0,3128.0,3000,100.0,ZNE,dev,gold,"bucket2$79,:3,:6001",
890,"bucket1$579,:3,:6001",2014-03-15T23:13:55.339900,MQ,BAM,,,,3000.0,,3000,100.0,ZNE,train,gold,"bucket0$704,:3,:6001",
891,"bucket1$580,:3,:6001",2014-03-15T23:13:54.489900,MQ,GBM,,,,3000.0,,3000,100.0,ZNE,train,gold,"bucket0$705,:3,:6001",
892,"bucket5$191,:3,:6001",2014-03-15T23:13:54.970000,MQ,IA2,,,,3000.0,,3000,100.0,ZNE,dev,gold,"bucket2$80,:3,:6001",
893,"bucket1$581,:3,:6001",2014-03-15T23:13:54.480000,MQ,LAM,,,,3000.0,3044.0,3000,100.0,ZNE,train,gold,"bucket0$706,:3,:6001",
894,"bucket1$582,:3,:6001",2014-03-15T23:13:55.520000,MQ,SAM,,,,3000.0,3063.0,3000,100.0,ZNE,train,gold,"bucket0$707,:3,:6001",
895,"bucket1$583,:3,:6001",2014-03-15T23:26:17.009900,MQ,BAM,,,,3000.0,,3000,100.0,ZNE,train,gold,"bucket0$708,:3,:6001",
896,"bucket1$584,:3,:6001",2014-03-15T23:26:18.029900,MQ,CPM,,,,3000.0,,3000,100.0,ZNE,train,gold,"bucket0$709,:3,:6001",
897,"bucket4$197,:3,:6001",2014-03-15T23:26:17.019900,MQ,GBM,,,,3000.0,,3000,100.0,ZNE,test,gold,"bucket4$91,:3,:6001",
898,"bucket1$585,:3,:6001",2014-03-15T23:26:17.180000,MQ,IA2,,,,3000.0,3179.0,3000,100.0,ZNE,train,gold,"bucket0$710,:3,:6001",
899,"bucket1$586,:3,:6001",2014-03-15T23:26:17.180000,MQ,LAM,,,,3000.0,3098.0,3000,100.0,ZNE,train,gold,"bucket0$711,:3,:6001",
900,"bucket1$587,:3,:6001",2014-03-15T23:26:17.470000,MQ,SAM,,,,3000.0,3071.0,3000,100.0,ZNE,train,gold,"bucket0$712,:3,:6001",
901,"bucket4$198,:3,:6001",2014-03-15T23:39:41.079900,MQ,BAM,,,,3000.0,,3000,100.0,ZNE,test,gold,"bucket4$92,:3,:6001",
902,"bucket1$588,:3,:6001",2014-03-15T23:39:46.999900,MQ,GBM,,,,3000.0,,3000,100.0,ZNE,train,gold,"bucket0$713,:3,:6001",
903,"bucket1$589,:3,:6001",2014-03-15T23:39:47.930000,MQ,IA2,,,,3000.0,2953.0,3000,100.0,ZNE,train,gold,"bucket0$714,:3,:6001",
904,"bucket1$590,:3,:6001",2014-03-15T23:39:43.630000,MQ,LAM,,,,3000.0,3104.0,3000,100.0,ZNE,train,gold,"bucket0$715,:3,:6001",
905,"bucket4$199,:3,:6001",2014-03-15T23:39:48.200000,MQ,SAM,,,,3000.0,3056.0,3000,100.0,ZNE,test,gold,"bucket4$93,:3,:6001",
906,"bucket1$591,:3,:6001",2014-03-15T23:43:14.549900,MQ,BAM,,,,3000.0,,3000,100.0,ZNE,train,gold,"bucket0$716,:3,:6001",
907,"bucket1$592,:3,:6001",2014-03-15T23:43:15.409900,MQ,CPM,,,,3000.0,,3000,100.0,ZNE,train,gold,"bucket0$717,:3,:6001",
908,"bucket1$593,:3,:6001",2014-03-15T23:43:13.909900,MQ,GBM,,,,3000.0,,3000,100.0,ZNE,train,gold,"bucket0$718,:3,:6001",
909,"bucket1$594,:3,:6001",2014-03-15T23:43:13.870000,MQ,LAM,,,,3000.0,3061.0,3000,100.0,ZNE,train,gold,"bucket0$719,:3,:6001",
910,"bucket1$595,:3,:6001",2014-03-15T23:43:15.290000,MQ,SAM,,,,3000.0,3051.0,3000,100.0,ZNE,train,gold,"bucket0$720,:3,:6001",
911,"bucket1$596,:3,:6001",2014-03-15T23:48:10.599900,MQ,BAM,,,,3000.0,,3000,100.0,ZNE,train,gold,"bucket0$721,:3,:6001",
912,"bucket1$597,:3,:6001",2014-03-15T23:48:09.129900,MQ,GBM,,,,3000.0,,3000,100.0,ZNE,train,gold,"bucket0$722,:3,:6001",
913,"bucket1$598,:3,:6001",2014-03-15T23:48:14.220000,MQ,IA2,,,,3000.0,,3000,100.0,ZNE,train,gold,"bucket0$723,:3,:6001",
914,"bucket1$599,:3,:6001",2014-03-15T23:48:13.180000,MQ,LAM,,,,3000.0,3185.0,3000,100.0,ZNE,train,gold,"bucket0$724,:3,:6001",
915,"bucket1$600,:3,:6001",2014-03-15T23:48:13.970000,MQ,SAM,,,,3000.0,3075.0,3000,100.0,ZNE,train,gold,"bucket0$725,:3,:6001",
916,"bucket5$192,:3,:6001",2014-03-15T23:51:52.639900,MQ,BAM,,,,3000.0,,3000,100.0,ZNE,dev,gold,"bucket2$81,:3,:6001",
917,"bucket1$601,:3,:6001",2014-03-15T23:51:53.559900,MQ,CPM,,,,3000.0,,3000,100.0,ZNE,train,gold,"bucket0$726,:3,:6001",
918,"bucket1$602,:3,:6001",2014-03-15T23:51:51.869900,MQ,GBM,,,,3000.0,,3000,100.0,ZNE,train,gold,"bucket0$727,:3,:6001",
919,"bucket1$603,:3,:6001",2014-03-15T23:51:52.960000,MQ,IA2,,,,3000.0,3186.0,3000,100.0,ZNE,train,gold,"bucket0$728,:3,:6001",
920,"bucket1$604,:3,:6001",2014-03-15T23:51:52.390000,MQ,LAM,,,,3000.0,3200.0,3000,100.0,ZNE,train,gold,"bucket0$729,:3,:6001",
921,"bucket1$605,:3,:6001",2014-03-15T23:51:54.199900,MQ,MLM,,,,3000.0,,3000,100.0,ZNE,train,gold,"bucket0$730,:3,:6001",
922,"bucket4$200,:3,:6001",2014-03-15T23:51:53.280000,MQ,SAM,,,,3000.0,,3000,100.0,ZNE,test,gold,"bucket4$94,:3,:6001",
923,"bucket1$606,:3,:6001",2014-03-15T23:55:07.090000,MQ,IA2,,,,3000.0,3001.0,3000,100.0,ZNE,train,gold,"bucket0$731,:3,:6001",
924,"bucket1$607,:3,:6001",2014-03-15T23:55:07.360000,MQ,SAM,,,,3000.0,3032.0,3000,100.0,ZNE,train,gold,"bucket0$732,:3,:6001",
925,"bucket1$608,:3,:6001",2014-03-16T00:01:18.599900,MQ,BAM,,,,3000.0,,3000,100.0,ZNE,train,gold,"bucket0$733,:3,:6001",
926,"bucket1$609,:3,:6001",2014-03-16T00:01:17.809900,MQ,GBM,,,,3000.0,,3000,100.0,ZNE,train,gold,"bucket0$734,:3,:6001",
927,"bucket1$610,:3,:6001",2014-03-16T00:01:18.700000,MQ,IA2,,,,3000.0,3009.0,3000,100.0,ZNE,train,gold,"bucket0$735,:3,:6001",
928,"bucket1$611,:3,:6001",2014-03-16T00:01:17.770000,MQ,LAM,,,,3000.0,3045.0,3000,100.0,ZNE,train,gold,"bucket0$736,:3,:6001",
929,"bucket1$612,:3,:6001",2014-03-16T00:01:19.130000,MQ,SAM,,,,3000.0,3021.0,3000,100.0,ZNE,train,gold,"bucket0$737,:3,:6001",
930,"bucket1$613,:3,:6001",2014-03-16T00:11:34.699900,MQ,BAM,,,,3000.0,,3000,100.0,ZNE,train,gold,"bucket0$738,:3,:6001",
931,"bucket1$614,:3,:6001",2014-03-16T00:11:33.829900,MQ,GBM,,,,3000.0,,3000,100.0,ZNE,train,gold,"bucket0$739,:3,:6001",
932,"bucket1$615,:3,:6001",2014-03-16T00:11:38.510000,MQ,IA2,,,,3000.0,3040.0,3000,100.0,ZNE,train,gold,"bucket0$740,:3,:6001",
933,"bucket1$616,:3,:6001",2014-03-16T00:11:33.050000,MQ,LAM,,,,3000.0,3004.0,3000,100.0,ZNE,train,gold,"bucket0$741,:3,:6001",
934,"bucket1$617,:3,:6001",2014-03-16T00:11:35.150000,MQ,SAM,,,,3000.0,2986.0,3000,100.0,ZNE,train,gold,"bucket0$742,:3,:6001",
935,"bucket1$618,:3,:6001",2014-03-16T00:25:07.769900,MQ,BAM,,,,3000.0,,3000,100.0,ZNE,train,gold,"bucket0$743,:3,:6001",
936,"bucket1$619,:3,:6001",2014-03-16T00:25:08.599900,MQ,CPM,,,,3000.0,,3000,100.0,ZNE,train,gold,"bucket0$744,:3,:6001",
937,"bucket5$193,:3,:6001",2014-03-16T00:25:08.249900,MQ,GBM,,,,3000.0,,3000,100.0,ZNE,dev,gold,"bucket2$82,:3,:6001",
938,"bucket1$620,:3,:6001",2014-03-16T00:25:08.530000,MQ,IA2,,,,3000.0,,3000,100.0,ZNE,train,gold,"bucket0$745,:3,:6001",
939,"bucket1$621,:3,:6001",2014-03-16T00:33:22.219900,MQ,BAM,,,,3000.0,,3000,100.0,ZNE,train,gold,"bucket0$746,:3,:6001",
940,"bucket1$622,:3,:6001",2014-03-16T00:33:26.299900,MQ,CPM,,,,3000.0,,3000,100.0,ZNE,train,gold,"bucket0$747,:3,:6001",
941,"bucket1$623,:3,:6001",2014-03-16T00:33:25.289900,MQ,GBM,,,,3000.0,,3000,100.0,ZNE,train,gold,"bucket0$748,:3,:6001",
942,"bucket1$624,:3,:6001",2014-03-16T00:33:25.620000,MQ,IA2,,,,3000.0,3199.0,3000,100.0,ZNE,train,gold,"bucket0$749,:3,:6001",
943,"bucket1$625,:3,:6001",2014-03-16T00:33:25.120000,MQ,LAM,,,,3000.0,3192.0,3000,100.0,ZNE,train,gold,"bucket0$750,:3,:6001",
944,"bucket1$626,:3,:6001",2014-03-16T00:33:25.990000,MQ,SAM,,,,3000.0,3120.0,3000,100.0,ZNE,train,gold,"bucket0$751,:3,:6001",
945,"bucket1$627,:3,:6001",2014-03-16T00:40:20.629900,MQ,BAM,,,,3000.0,,3000,100.0,ZNE,train,gold,"bucket0$752,:3,:6001",
946,"bucket1$628,:3,:6001",2014-03-16T00:40:20.559900,MQ,GBM,,,,3000.0,,3000,100.0,ZNE,train,gold,"bucket0$753,:3,:6001",
947,"bucket1$629,:3,:6001",2014-03-16T00:40:20.790000,MQ,IA2,,,,3000.0,,3000,100.0,ZNE,train,gold,"bucket0$754,:3,:6001",
948,"bucket1$630,:3,:6001",2014-03-16T00:40:21.220000,MQ,SAM,,,,3000.0,3050.0,3000,100.0,ZNE,train,gold,"bucket0$755,:3,:6001",
949,"bucket1$631,:3,:6001",2014-03-16T01:03:41.709900,MQ,BAM,,,,3000.0,,3000,100.0,ZNE,train,gold,"bucket0$756,:3,:6001",
950,"bucket1$632,:3,:6001",2014-03-16T01:03:41.760000,MQ,IA2,,,,3000.0,3049.0,3000,100.0,ZNE,train,gold,"bucket0$757,:3,:6001",
951,"bucket5$194,:3,:6001",2014-03-16T01:09:35.519900,MQ,BAM,,,,3000.0,,3000,100.0,ZNE,dev,gold,"bucket2$83,:3,:6001",
952,"bucket5$195,:3,:6001",2014-03-16T01:09:34.959900,MQ,GBM,,,,3000.0,,3000,100.0,ZNE,dev,gold,"bucket2$84,:3,:6001",
953,"bucket1$633,:3,:6001",2014-03-16T01:09:35.520000,MQ,IA2,,,,3000.0,,3000,100.0,ZNE,train,gold,"bucket0$758,:3,:6001",
954,"bucket1$634,:3,:6001",2014-03-16T01:09:35.400000,MQ,LAM,,,,3000.0,3029.0,3000,100.0,ZNE,train,gold,"bucket0$759,:3,:6001",
955,"bucket1$635,:3,:6001",2014-03-16T01:11:06.889900,MQ,BAM,,,,3000.0,,3000,100.0,ZNE,train,gold,"bucket0$760,:3,:6001",
956,"bucket1$636,:3,:6001",2014-03-16T01:11:03.099900,MQ,CPM,,,,3000.0,,3000,100.0,ZNE,train,gold,"bucket0$761,:3,:6001",
957,"bucket1$637,:3,:6001",2014-03-16T01:11:06.919900,MQ,GBM,,,,3000.0,,3000,100.0,ZNE,train,gold,"bucket0$762,:3,:6001",
958,"bucket5$196,:3,:6001",2014-03-16T01:11:03.100000,MQ,IA2,,,,3000.0,3431.0,3000,100.0,ZNE,dev,gold,"bucket2$85,:3,:6001",
959,"bucket1$638,:3,:6001",2014-03-16T01:11:07.340000,MQ,SAM,,,,3000.0,2992.0,3000,100.0,ZNE,train,gold,"bucket0$763,:3,:6001",
960,"bucket1$639,:3,:6001",2014-03-16T01:20:12.539900,MQ,BAM,,,,3000.0,,3000,100.0,ZNE,train,gold,"bucket0$764,:3,:6001",
961,"bucket1$640,:3,:6001",2014-03-16T01:20:11.249900,MQ,GBM,,,,3000.0,,3000,100.0,ZNE,train,gold,"bucket0$765,:3,:6001",
962,"bucket5$197,:3,:6001",2014-03-16T01:20:12.350000,MQ,IA2,,,,3000.0,3104.0,3000,100.0,ZNE,dev,gold,"bucket2$86,:3,:6001",
963,"bucket1$641,:3,:6001",2014-03-16T01:20:12.290000,MQ,LAM,,,,3000.0,3009.0,3000,100.0,ZNE,train,gold,"bucket0$766,:3,:6001",
964,"bucket1$642,:3,:6001",2014-03-16T01:38:03.319900,MQ,BAM,,,,3000.0,,3000,100.0,ZNE,train,gold,"bucket0$767,:3,:6001",
965,"bucket1$643,:3,:6001",2014-03-16T01:38:03.089900,MQ,GBM,,,,3000.0,,3000,100.0,ZNE,train,gold,"bucket0$768,:3,:6001",
966,"bucket1$644,:3,:6001",2014-03-16T01:38:03.120000,MQ,LAM,,,,3000.0,3010.0,3000,100.0,ZNE,train,gold,"bucket0$769,:3,:6001",
967,"bucket1$645,:3,:6001",2014-03-16T01:38:04.580000,MQ,SAM,,,,3000.0,,3000,100.0,ZNE,train,gold,"bucket0$770,:3,:6001",
968,"bucket1$646,:3,:6001",2014-03-16T01:41:36.029900,MQ,CPM,,,,3000.0,,3000,100.0,ZNE,train,gold,"bucket0$771,:3,:6001",
969,"bucket1$647,:3,:6001",2014-03-16T01:43:06.409900,MQ,BAM,,,,3000.0,,3000,100.0,ZNE,train,gold,"bucket0$772,:3,:6001",
970,"bucket1$648,:3,:6001",2014-03-16T01:43:07.529900,MQ,GBM,,,,3000.0,,3000,100.0,ZNE,train,gold,"bucket0$773,:3,:6001",
971,"bucket5$198,:3,:6001",2014-03-16T01:43:06.230000,MQ,IA2,,,,3000.0,3331.0,3000,100.0,ZNE,dev,gold,"bucket2$87,:3,:6001",
972,"bucket4$201,:3,:6001",2014-03-16T01:43:08.010000,MQ,LAM,,,,3000.0,3168.0,3000,100.0,ZNE,test,gold,"bucket4$95,:3,:6001",
973,"bucket1$649,:3,:6001",2014-03-16T01:43:09.690000,MQ,SAM,,,,3000.0,3043.0,3000,100.0,ZNE,train,gold,"bucket0$774,:3,:6001",
974,"bucket1$650,:3,:6001",2014-03-16T01:43:29.429900,MQ,BAM,,,,3000.0,,3000,100.0,ZNE,train,gold,"bucket0$775,:3,:6001",
975,"bucket1$651,:3,:6001",2014-03-16T01:43:30.249900,MQ,CPM,,,,3000.0,,3000,100.0,ZNE,train,gold,"bucket0$776,:3,:6001",
976,"bucket1$652,:3,:6001",2014-03-16T01:43:29.209900,MQ,GBM,,,,3000.0,,3000,100.0,ZNE,train,gold,"bucket0$777,:3,:6001",
977,"bucket1$653,:3,:6001",2014-03-16T01:43:29.540000,MQ,IA2,,,,3000.0,3232.0,3000,100.0,ZNE,train,gold,"bucket0$778,:3,:6001",
978,"bucket1$654,:3,:6001",2014-03-16T01:43:29.120000,MQ,LAM,,,,3000.0,3097.0,3000,100.0,ZNE,train,gold,"bucket0$779,:3,:6001",
979,"bucket1$655,:3,:6001",2014-03-16T01:43:30.819900,MQ,MLM,,,,3000.0,,3000,100.0,ZNE,train,gold,"bucket0$780,:3,:6001",
980,"bucket1$656,:3,:6001",2014-03-16T01:43:30.430000,MQ,SAM,,,,3000.0,3112.0,3000,100.0,ZNE,train,gold,"bucket0$781,:3,:6001",
981,"bucket1$657,:3,:6001",2014-03-16T01:49:46.389900,MQ,BAM,,,,3000.0,,3000,100.0,ZNE,train,gold,"bucket0$782,:3,:6001",
982,"bucket1$658,:3,:6001",2014-03-16T01:49:45.269900,MQ,GBM,,,,3000.0,,3000,100.0,ZNE,train,gold,"bucket0$783,:3,:6001",
983,"bucket1$659,:3,:6001",2014-03-16T01:49:46.030000,MQ,IA2,,,,3000.0,,3000,100.0,ZNE,train,gold,"bucket0$784,:3,:6001",
984,"bucket1$660,:3,:6001",2014-03-16T01:49:45.150000,MQ,LAM,,,,3000.0,3054.0,3000,100.0,ZNE,train,gold,"bucket0$785,:3,:6001",
985,"bucket1$661,:3,:6001",2014-03-16T01:49:46.370000,MQ,SAM,,,,3000.0,,3000,100.0,ZNE,train,gold,"bucket0$786,:3,:6001",
986,"bucket1$662,:3,:6001",2014-03-16T01:57:00.539900,MQ,BAM,,,,3000.0,,3000,100.0,ZNE,train,gold,"bucket0$787,:3,:6001",
987,"bucket5$199,:3,:6001",2014-03-16T01:57:00.009900,MQ,GBM,,,,3000.0,,3000,100.0,ZNE,dev,gold,"bucket2$88,:3,:6001",
988,"bucket4$202,:3,:6001",2014-03-16T01:57:00.720000,MQ,IA2,,,,3000.0,,3000,100.0,ZNE,test,gold,"bucket4$96,:3,:6001",
989,"bucket1$663,:3,:6001",2014-03-16T01:56:59.820000,MQ,LAM,,,,3000.0,3189.0,3000,100.0,ZNE,train,gold,"bucket0$788,:3,:6001",
990,"bucket1$664,:3,:6001",2014-03-16T01:57:01.430000,MQ,SAM,,,,3000.0,3073.0,3000,100.0,ZNE,train,gold,"bucket0$789,:3,:6001",
991,"bucket1$665,:3,:6001",2014-03-16T02:03:15.419900,MQ,CPM,,,,3000.0,,3000,100.0,ZNE,train,gold,"bucket0$790,:3,:6001",
992,"bucket1$666,:3,:6001",2014-03-16T02:03:13.259900,MQ,GBM,,,,3000.0,,3000,100.0,ZNE,train,gold,"bucket0$791,:3,:6001",
993,"bucket1$667,:3,:6001",2014-03-16T02:03:13.940000,MQ,IA2,,,,3000.0,3128.0,3000,100.0,ZNE,train,gold,"bucket0$792,:3,:6001",
994,"bucket1$668,:3,:6001",2014-03-16T02:03:13.010000,MQ,LAM,,,,3000.0,2957.0,3000,100.0,ZNE,train,gold,"bucket0$793,:3,:6001",
995,"bucket1$669,:3,:6001",2014-03-16T02:03:14.730000,MQ,SAM,,,,3000.0,3139.0,3000,100.0,ZNE,train,gold,"bucket0$794,:3,:6001",
996,"bucket1$670,:3,:6001",2014-03-16T02:17:52.609900,MQ,BAM,,,,3000.0,,3000,100.0,ZNE,train,gold,"bucket0$795,:3,:6001",
997,"bucket1$671,:3,:6001",2014-03-16T02:17:54.189900,MQ,CPM,,,,3000.0,,3000,100.0,ZNE,train,gold,"bucket0$796,:3,:6001",
998,"bucket1$672,:3,:6001",2014-03-16T02:17:52.239900,MQ,GBM,,,,3000.0,,3000,100.0,ZNE,train,gold,"bucket0$797,:3,:6001",
999,"bucket1$673,:3,:6001",2014-03-16T02:17:52.760000,MQ,IA2,,,,3000.0,3113.0,3000,100.0,ZNE,train,gold,"bucket0$798,:3,:6001",
1000,"bucket4$203,:3,:6001",2014-03-16T02:17:52.070000,MQ,LAM,,,,3000.0,3198.0,3000,100.0,ZNE,test,gold,"bucket4$97,:3,:6001",
1001,"bucket1$674,:3,:6001",2014-03-16T02:17:53.769900,MQ,MLM,,,,3000.0,,3000,100.0,ZNE,train,gold,"bucket0$799,:3,:6001",
1002,"bucket1$675,:3,:6001",2014-03-16T02:17:53.520000,MQ,SAM,,,,3000.0,3065.0,3000,100.0,ZNE,train,gold,"bucket0$800,:3,:6001",
1003,"bucket1$676,:3,:6001",2014-03-16T02:19:55.889900,MQ,BAM,,,,3000.0,,3000,100.0,ZNE,train,gold,"bucket0$801,:3,:6001",
1004,"bucket1$677,:3,:6001",2014-03-16T02:19:55.339900,MQ,GBM,,,,3000.0,,3000,100.0,ZNE,train,gold,"bucket0$802,:3,:6001",
1005,"bucket1$678,:3,:6001",2014-03-16T02:19:55.960000,MQ,IA2,,,,3000.0,3182.0,3000,100.0,ZNE,train,gold,"bucket0$803,:3,:6001",
1006,"bucket1$679,:3,:6001",2014-03-16T02:19:56.130000,MQ,SAM,,,,3000.0,3004.0,3000,100.0,ZNE,train,gold,"bucket0$804,:3,:6001",
1007,"bucket1$680,:3,:6001",2014-03-16T02:20:37.639900,MQ,GBM,,,,3000.0,,3000,100.0,ZNE,train,gold,"bucket0$805,:3,:6001",
1008,"bucket1$681,:3,:6001",2014-03-16T02:25:10.169900,MQ,BAM,,,,3000.0,,3000,100.0,ZNE,train,gold,"bucket0$806,:3,:6001",
1009,"bucket4$204,:3,:6001",2014-03-16T02:25:11.109900,MQ,CPM,,,,3000.0,,3000,100.0,ZNE,test,gold,"bucket4$98,:3,:6001",
1010,"bucket1$682,:3,:6001",2014-03-16T02:25:09.849900,MQ,GBM,,,,3000.0,,3000,100.0,ZNE,train,gold,"bucket0$807,:3,:6001",
1011,"bucket1$683,:3,:6001",2014-03-16T02:25:10.330000,MQ,IA2,,,,3000.0,3067.0,3000,100.0,ZNE,train,gold,"bucket0$808,:3,:6001",
1012,"bucket1$684,:3,:6001",2014-03-16T02:25:09.530000,MQ,LAM,,,,3000.0,3295.0,3000,100.0,ZNE,train,gold,"bucket0$809,:3,:6001",
1013,"bucket1$685,:3,:6001",2014-03-16T02:25:11.449900,MQ,MLM,,,,3000.0,,3000,100.0,ZNE,train,gold,"bucket0$810,:3,:6001",
1014,"bucket1$686,:3,:6001",2014-03-16T02:26:18.209900,MQ,BAM,,,,3000.0,,3000,100.0,ZNE,train,gold,"bucket0$811,:3,:6001",
1015,"bucket1$687,:3,:6001",2014-03-16T02:26:22.099900,MQ,GBM,,,,3000.0,,3000,100.0,ZNE,train,gold,"bucket0$812,:3,:6001",
1016,"bucket4$205,:3,:6001",2014-03-16T02:26:22.580000,MQ,IA2,,,,3000.0,,3000,100.0,ZNE,test,gold,"bucket4$99,:3,:6001",
1017,"bucket1$688,:3,:6001",2014-03-16T02:26:21.330000,MQ,LAM,,,,3000.0,3075.0,3000,100.0,ZNE,train,gold,"bucket0$813,:3,:6001",
1018,"bucket1$689,:3,:6001",2014-03-16T02:36:39.349900,MQ,BAM,,,,3000.0,,3000,100.0,ZNE,train,gold,"bucket0$814,:3,:6001",
1019,"bucket1$690,:3,:6001",2014-03-16T02:36:39.959900,MQ,CPM,,,,3000.0,,3000,100.0,ZNE,train,gold,"bucket0$815,:3,:6001",
1020,"bucket1$691,:3,:6001",2014-03-16T02:36:38.919900,MQ,GBM,,,,3000.0,,3000,100.0,ZNE,train,gold,"bucket0$816,:3,:6001",
1021,"bucket4$206,:3,:6001",2014-03-16T02:36:39.150000,MQ,IA2,,,,3000.0,3261.0,3000,100.0,ZNE,test,gold,"bucket4$100,:3,:6001",
1022,"bucket1$692,:3,:6001",2014-03-16T02:37:58.509900,MQ,BAM,,,,3000.0,,3000,100.0,ZNE,train,gold,"bucket0$817,:3,:6001",
1023,"bucket4$207,:3,:6001",2014-03-16T02:37:59.179900,MQ,CPM,,,,3000.0,,3000,100.0,ZNE,test,gold,"bucket4$101,:3,:6001",
1024,"bucket5$200,:3,:6001",2014-03-16T02:37:57.679900,MQ,GBM,,,,3000.0,,3000,100.0,ZNE,dev,gold,"bucket2$89,:3,:6001",
1025,"bucket1$693,:3,:6001",2014-03-16T02:37:58.240000,MQ,IA2,,,,3000.0,3174.0,3000,100.0,ZNE,train,gold,"bucket0$818,:3,:6001",
1026,"bucket1$694,:3,:6001",2014-03-16T02:37:57.730000,MQ,LAM,,,,3000.0,3173.0,3000,100.0,ZNE,train,gold,"bucket0$819,:3,:6001",
1027,"bucket4$208,:3,:6001",2014-03-16T02:37:58.529900,MQ,MLM,,,,3000.0,,3000,100.0,ZNE,test,gold,"bucket4$102,:3,:6001",
1028,"bucket4$209,:3,:6001",2014-03-16T02:37:59.010000,MQ,SAM,,,,3000.0,3034.0,3000,100.0,ZNE,test,gold,"bucket4$103,:3,:6001",
1029,"bucket5$201,:3,:6001",2014-03-16T02:46:48.679900,MQ,BAM,,,,3000.0,,3000,100.0,ZNE,dev,gold,"bucket2$90,:3,:6001",
1030,"bucket1$695,:3,:6001",2014-03-16T02:46:48.019900,MQ,GBM,,,,3000.0,,3000,100.0,ZNE,train,gold,"bucket0$820,:3,:6001",
1031,"bucket4$210,:3,:6001",2014-03-16T02:46:48.730000,MQ,IA2,,,,3000.0,3059.0,3000,100.0,ZNE,test,gold,"bucket4$104,:3,:6001",
1032,"bucket1$696,:3,:6001",2014-03-16T02:46:47.750000,MQ,LAM,,,,3000.0,3051.0,3000,100.0,ZNE,train,gold,"bucket0$821,:3,:6001",
1033,"bucket1$697,:3,:6001",2014-03-16T03:05:25.389900,MQ,BAM,,,,3000.0,,3000,100.0,ZNE,train,gold,"bucket0$822,:3,:6001",
1034,"bucket1$698,:3,:6001",2014-03-16T03:05:26.729900,MQ,CPM,,,,3000.0,,3000,100.0,ZNE,train,gold,"bucket0$823,:3,:6001",
1035,"bucket4$211,:3,:6001",2014-03-16T03:05:24.349900,MQ,GBM,,,,3000.0,,3000,100.0,ZNE,test,gold,"bucket4$105,:3,:6001",
1036,"bucket1$699,:3,:6001",2014-03-16T03:05:24.980000,MQ,IA2,,,,3000.0,3295.0,3000,100.0,ZNE,train,gold,"bucket0$824,:3,:6001",
1037,"bucket1$700,:3,:6001",2014-03-16T03:05:24.350000,MQ,LAM,,,,3000.0,3081.0,3000,100.0,ZNE,train,gold,"bucket0$825,:3,:6001",
1038,"bucket5$202,:3,:6001",2014-03-16T03:18:30.659900,MQ,CPM,,,,3000.0,,3000,100.0,ZNE,dev,gold,"bucket2$91,:3,:6001",
1039,"bucket1$701,:3,:6001",2014-03-16T03:32:20.959900,MQ,BAM,,,,3000.0,,3000,100.0,ZNE,train,gold,"bucket0$826,:3,:6001",
1040,"bucket1$702,:3,:6001",2014-03-16T03:32:19.569900,MQ,CPM,,,,3000.0,,3000,100.0,ZNE,train,gold,"bucket0$827,:3,:6001",
1041,"bucket1$703,:3,:6001",2014-03-16T03:32:17.929900,MQ,GBM,,,,3000.0,,3000,100.0,ZNE,train,gold,"bucket0$828,:3,:6001",
1042,"bucket1$704,:3,:6001",2014-03-16T03:32:18.340000,MQ,IA2,,,,3000.0,3245.0,3000,100.0,ZNE,train,gold,"bucket0$829,:3,:6001",
1043,"bucket5$203,:3,:6001",2014-03-16T03:44:34.869900,MQ,BAM,,,,3000.0,,3000,100.0,ZNE,dev,gold,"bucket2$92,:3,:6001",
1044,"bucket1$705,:3,:6001",2014-03-16T03:44:35.549900,MQ,CPM,,,,3000.0,,3000,100.0,ZNE,train,gold,"bucket0$830,:3,:6001",
1045,"bucket4$212,:3,:6001",2014-03-16T03:44:34.019900,MQ,GBM,,,,3000.0,,3000,100.0,ZNE,test,gold,"bucket4$106,:3,:6001",
1046,"bucket1$706,:3,:6001",2014-03-16T03:44:34.690000,MQ,LAM,,,,3000.0,3056.0,3000,100.0,ZNE,train,gold,"bucket0$831,:3,:6001",
1047,"bucket1$707,:3,:6001",2014-03-16T03:46:49.819900,MQ,BAM,,,,3000.0,,3000,100.0,ZNE,train,gold,"bucket0$832,:3,:6001",
1048,"bucket1$708,:3,:6001",2014-03-16T03:46:55.769900,MQ,CPM,,,,3000.0,,3000,100.0,ZNE,train,gold,"bucket0$833,:3,:6001",
1049,"bucket1$709,:3,:6001",2014-03-16T03:46:54.559900,MQ,GBM,,,,3000.0,,3000,100.0,ZNE,train,gold,"bucket0$834,:3,:6001",
1050,"bucket1$710,:3,:6001",2014-03-16T03:46:49.720000,MQ,IA2,,,,3000.0,3047.0,3000,100.0,ZNE,train,gold,"bucket0$835,:3,:6001",
1051,"bucket1$711,:3,:6001",2014-03-16T03:46:54.970000,MQ,LAM,,,,3000.0,3245.0,3000,100.0,ZNE,train,gold,"bucket0$836,:3,:6001",
1052,"bucket1$712,:3,:6001",2014-03-16T03:48:44.789900,MQ,BAM,,,,3000.0,,3000,100.0,ZNE,train,gold,"bucket0$837,:3,:6001",
1053,"bucket1$713,:3,:6001",2014-03-16T03:48:47.619900,MQ,GBM,,,,3000.0,,3000,100.0,ZNE,train,gold,"bucket0$838,:3,:6001",
1054,"bucket1$714,:3,:6001",2014-03-16T03:48:48.360000,MQ,IA2,,,,3000.0,3032.0,3000,100.0,ZNE,train,gold,"bucket0$839,:3,:6001",
1055,"bucket1$715,:3,:6001",2014-03-16T03:48:47.350000,MQ,LAM,,,,3000.0,3082.0,3000,100.0,ZNE,train,gold,"bucket0$840,:3,:6001",
1056,"bucket1$716,:3,:6001",2014-03-16T04:15:09.759900,MQ,BAM,,,,3000.0,,3000,100.0,ZNE,train,gold,"bucket0$841,:3,:6001",
1057,"bucket1$717,:3,:6001",2014-03-16T04:15:09.599900,MQ,GBM,,,,3000.0,,3000,100.0,ZNE,train,gold,"bucket0$842,:3,:6001",
1058,"bucket4$213,:3,:6001",2014-03-16T04:15:10.210000,MQ,IA2,,,,3000.0,3170.0,3000,100.0,ZNE,test,gold,"bucket4$107,:3,:6001",
1059,"bucket1$718,:3,:6001",2014-03-16T04:15:09.400000,MQ,LAM,,,,3000.0,,3000,100.0,ZNE,train,gold,"bucket0$843,:3,:6001",
1060,"bucket1$719,:3,:6001",2014-03-16T04:20:25.830000,MQ,IA2,,,,3000.0,3059.0,3000,100.0,ZNE,train,gold,"bucket0$844,:3,:6001",
1061,"bucket1$720,:3,:6001",2014-03-16T04:27:07.719900,MQ,BAM,,,,3000.0,,3000,100.0,ZNE,train,gold,"bucket0$845,:3,:6001",
1062,"bucket1$721,:3,:6001",2014-03-16T04:27:09.209900,MQ,GBM,,,,3000.0,,3000,100.0,ZNE,train,gold,"bucket0$846,:3,:6001",
1063,"bucket5$204,:3,:6001",2014-03-16T04:27:09.690000,MQ,IA2,,,,3000.0,2923.0,3000,100.0,ZNE,dev,gold,"bucket2$93,:3,:6001",
1064,"bucket1$722,:3,:6001",2014-03-16T04:27:08.950000,MQ,LAM,,,,3000.0,,3000,100.0,ZNE,train,gold,"bucket0$847,:3,:6001",
1065,"bucket1$723,:3,:6001",2014-03-16T04:27:09.940000,MQ,SAM,,,,3000.0,3021.0,3000,100.0,ZNE,train,gold,"bucket0$848,:3,:6001",
1066,"bucket5$205,:3,:6001",2014-03-16T04:28:06.760000,MQ,SAM,,,,3000.0,3130.0,3000,100.0,ZNE,dev,gold,"bucket2$94,:3,:6001",
1067,"bucket1$724,:3,:6001",2014-03-16T04:28:40.099900,MQ,CPM,,,,3000.0,,3000,100.0,ZNE,train,gold,"bucket0$849,:3,:6001",
1068,"bucket1$725,:3,:6001",2014-03-16T04:34:21.009900,MQ,BAM,,,,3000.0,,3000,100.0,ZNE,train,gold,"bucket0$850,:3,:6001",
1069,"bucket1$726,:3,:6001",2014-03-16T04:34:20.459900,MQ,GBM,,,,3000.0,,3000,100.0,ZNE,train,gold,"bucket0$851,:3,:6001",
1070,"bucket1$727,:3,:6001",2014-03-16T04:34:20.940000,MQ,IA2,,,,3000.0,3055.0,3000,100.0,ZNE,train,gold,"bucket0$852,:3,:6001",
1071,"bucket1$728,:3,:6001",2014-03-16T04:34:20.090000,MQ,LAM,,,,3000.0,3040.0,3000,100.0,ZNE,train,gold,"bucket0$853,:3,:6001",
1072,"bucket1$729,:3,:6001",2014-03-16T04:38:38.039900,MQ,BAM,,,,3000.0,,3000,100.0,ZNE,train,gold,"bucket0$854,:3,:6001",
1073,"bucket4$214,:3,:6001",2014-03-16T04:38:37.179900,MQ,GBM,,,,3000.0,,3000,100.0,ZNE,test,gold,"bucket4$108,:3,:6001",
1074,"bucket1$730,:3,:6001",2014-03-16T04:38:37.830000,MQ,IA2,,,,3000.0,3286.0,3000,100.0,ZNE,train,gold,"bucket0$855,:3,:6001",
1075,"bucket5$206,:3,:6001",2014-03-16T04:38:36.870000,MQ,LAM,,,,3000.0,3288.0,3000,100.0,ZNE,dev,gold,"bucket2$95,:3,:6001",
1076,"bucket1$731,:3,:6001",2014-03-16T04:38:40.389900,MQ,MLM,,,,3000.0,,3000,100.0,ZNE,train,gold,"bucket0$856,:3,:6001",
1077,"bucket1$732,:3,:6001",2014-03-16T04:38:38.470000,MQ,SAM,,,,3000.0,3106.0,3000,100.0,ZNE,train,gold,"bucket0$857,:3,:6001",
1078,"bucket1$733,:3,:6001",2014-03-16T04:39:57.149900,MQ,BAM,,,,3000.0,,3000,100.0,ZNE,train,gold,"bucket0$858,:3,:6001",
1079,"bucket1$734,:3,:6001",2014-03-16T04:39:56.199900,MQ,GBM,,,,3000.0,,3000,100.0,ZNE,train,gold,"bucket0$859,:3,:6001",
1080,"bucket1$735,:3,:6001",2014-03-16T04:39:57.040000,MQ,IA2,,,,3000.0,3136.0,3000,100.0,ZNE,train,gold,"bucket0$860,:3,:6001",
1081,"bucket1$736,:3,:6001",2014-03-16T04:39:55.800000,MQ,LAM,,,,3000.0,3222.0,3000,100.0,ZNE,train,gold,"bucket0$861,:3,:6001",
1082,"bucket1$737,:3,:6001",2014-03-16T04:39:57.280000,MQ,SAM,,,,3000.0,3261.0,3000,100.0,ZNE,train,gold,"bucket0$862,:3,:6001",
1083,"bucket1$738,:3,:6001",2014-03-16T05:22:02.729900,MQ,BAM,,,,3000.0,,3000,100.0,ZNE,train,gold,"bucket0$863,:3,:6001",
1084,"bucket4$215,:3,:6001",2014-03-16T05:51:08.289900,MQ,BAM,,,,3000.0,,3000,100.0,ZNE,test,gold,"bucket4$109,:3,:6001",
1085,"bucket1$739,:3,:6001",2014-03-16T05:51:07.749900,MQ,GBM,,,,3000.0,,3000,100.0,ZNE,train,gold,"bucket0$864,:3,:6001",
1086,"bucket1$740,:3,:6001",2014-03-16T05:51:08.290000,MQ,IA2,,,,3000.0,3107.0,3000,100.0,ZNE,train,gold,"bucket0$865,:3,:6001",
1087,"bucket1$741,:3,:6001",2014-03-16T05:51:07.450000,MQ,LAM,,,,3000.0,3126.0,3000,100.0,ZNE,train,gold,"bucket0$866,:3,:6001",
1088,"bucket1$742,:3,:6001",2014-03-16T05:51:08.660000,MQ,SAM,,,,3000.0,2995.0,3000,100.0,ZNE,train,gold,"bucket0$867,:3,:6001",
1089,"bucket4$216,:3,:6001",2014-03-16T06:18:42.769900,MQ,GBM,,,,3000.0,,3000,100.0,ZNE,test,gold,"bucket4$110,:3,:6001",
1090,"bucket4$217,:3,:6001",2014-03-16T06:41:44.809900,MQ,CPM,,,,3000.0,,3000,100.0,ZNE,test,gold,"bucket4$111,:3,:6001",
1091,"bucket1$743,:3,:6001",2014-03-16T06:41:45.460000,MQ,IA2,,,,3000.0,2896.0,3000,100.0,ZNE,train,gold,"bucket0$868,:3,:6001",
1092,"bucket1$744,:3,:6001",2014-03-16T07:37:14.519900,MQ,CPM,,,,3000.0,,3000,100.0,ZNE,train,gold,"bucket0$869,:3,:6001",
1093,"bucket1$745,:3,:6001",2014-03-16T07:37:14.280000,MQ,SAM,,,,3000.0,3059.0,3000,100.0,ZNE,train,gold,"bucket0$870,:3,:6001",
1094,"bucket1$746,:3,:6001",2014-03-16T07:44:31.219900,MQ,BAM,,,,3000.0,,3000,100.0,ZNE,train,gold,"bucket0$871,:3,:6001",
1095,"bucket1$747,:3,:6001",2014-03-16T07:44:32.459900,MQ,CPM,,,,3000.0,,3000,100.0,ZNE,train,gold,"bucket0$872,:3,:6001",
1096,"bucket1$748,:3,:6001",2014-03-16T07:44:30.899900,MQ,GBM,,,,3000.0,,3000,100.0,ZNE,train,gold,"bucket0$873,:3,:6001",
1097,"bucket1$749,:3,:6001",2014-03-16T07:44:31.560000,MQ,IA2,,,,3000.0,3180.0,3000,100.0,ZNE,train,gold,"bucket0$874,:3,:6001",
1098,"bucket1$750,:3,:6001",2014-03-16T07:44:30.570000,MQ,LAM,,,,3000.0,3147.0,3000,100.0,ZNE,train,gold,"bucket0$875,:3,:6001",
1099,"bucket1$751,:3,:6001",2014-03-16T07:44:32.209900,MQ,MLM,,,,3000.0,,3000,100.0,ZNE,train,gold,"bucket0$876,:3,:6001",
1100,"bucket1$752,:3,:6001",2014-03-16T07:44:32.020000,MQ,SAM,,,,3000.0,3037.0,3000,100.0,ZNE,train,gold,"bucket0$877,:3,:6001",
1101,"bucket1$753,:3,:6001",2014-03-16T09:18:01.789900,MQ,BAM,,,,3000.0,,3000,100.0,ZNE,train,gold,"bucket0$878,:3,:6001",
1102,"bucket1$754,:3,:6001",2014-03-16T09:18:01.709900,MQ,GBM,,,,3000.0,,3000,100.0,ZNE,train,gold,"bucket0$879,:3,:6001",
1103,"bucket1$755,:3,:6001",2014-03-16T09:18:02.070000,MQ,IA2,,,,3000.0,3097.0,3000,100.0,ZNE,train,gold,"bucket0$880,:3,:6001",
1104,"bucket1$756,:3,:6001",2014-03-16T09:18:01.270000,MQ,LAM,,,,3000.0,3060.0,3000,100.0,ZNE,train,gold,"bucket0$881,:3,:6001",
1105,"bucket1$757,:3,:6001",2014-03-16T09:41:26.329900,MQ,BAM,,,,3000.0,,3000,100.0,ZNE,train,gold,"bucket0$882,:3,:6001",
1106,"bucket1$758,:3,:6001",2014-03-16T09:41:25.969900,MQ,GBM,,,,3000.0,,3000,100.0,ZNE,train,gold,"bucket0$883,:3,:6001",
1107,"bucket1$759,:3,:6001",2014-03-16T09:41:26.610000,MQ,IA2,,,,3000.0,3104.0,3000,100.0,ZNE,train,gold,"bucket0$884,:3,:6001",
1108,"bucket1$760,:3,:6001",2014-03-16T09:41:25.210000,MQ,LAM,,,,3000.0,3049.0,3000,100.0,ZNE,train,gold,"bucket0$885,:3,:6001",
1109,"bucket1$761,:3,:6001",2014-03-16T09:41:27,MQ,SAM,,,,3000.0,3005.0,3000,100.0,ZNE,train,gold,"bucket0$886,:3,:6001",
1110,"bucket1$762,:3,:6001",2014-03-16T12:37:07.189900,MQ,BAM,,,,3000.0,,3000,100.0,ZNE,train,gold,"bucket0$887,:3,:6001",
1111,"bucket1$763,:3,:6001",2014-03-16T12:37:07.309900,MQ,CPM,,,,3000.0,,3000,100.0,ZNE,train,gold,"bucket0$888,:3,:6001",
1112,"bucket1$764,:3,:6001",2014-03-16T12:37:07.179900,MQ,GBM,,,,3000.0,,3000,100.0,ZNE,train,gold,"bucket0$889,:3,:6001",
1113,"bucket1$765,:3,:6001",2014-03-16T12:37:07.310000,MQ,IA2,,,,3000.0,3060.0,3000,100.0,ZNE,train,gold,"bucket0$890,:3,:6001",
1114,"bucket1$766,:3,:6001",2014-03-16T12:37:07.480000,MQ,LAM,,,,3000.0,3064.0,3000,100.0,ZNE,train,gold,"bucket0$891,:3,:6001",
1115,"bucket1$767,:3,:6001",2014-03-16T12:37:08.259900,MQ,MLM,,,,3000.0,,3000,100.0,ZNE,train,gold,"bucket0$892,:3,:6001",
1116,"bucket1$768,:3,:6001",2014-03-16T17:26:57.659900,MQ,BAM,,,,3000.0,,3000,100.0,ZNE,train,gold,"bucket0$893,:3,:6001",
1117,"bucket1$769,:3,:6001",2014-03-16T17:26:58.959900,MQ,CPM,,,,3000.0,,3000,100.0,ZNE,train,gold,"bucket0$894,:3,:6001",
1118,"bucket1$770,:3,:6001",2014-03-16T17:26:57.119900,MQ,GBM,,,,3000.0,,3000,100.0,ZNE,train,gold,"bucket0$895,:3,:6001",
1119,"bucket1$771,:3,:6001",2014-03-16T17:26:57.660000,MQ,IA2,,,,3000.0,3281.0,3000,100.0,ZNE,train,gold,"bucket0$896,:3,:6001",
1120,"bucket1$772,:3,:6001",2014-03-16T17:26:57.400000,MQ,LAM,,,,3000.0,3067.0,3000,100.0,ZNE,train,gold,"bucket0$897,:3,:6001",
1121,"bucket1$773,:3,:6001",2014-03-16T17:26:58.609900,MQ,MLM,,,,3000.0,,3000,100.0,ZNE,train,gold,"bucket0$898,:3,:6001",
1122,"bucket1$774,:3,:6001",2014-03-16T18:28:01.379900,MQ,BAM,,,,3000.0,,3000,100.0,ZNE,train,gold,"bucket0$899,:3,:6001",
1123,"bucket1$775,:3,:6001",2014-03-16T18:28:01.979900,MQ,CPM,,,,3000.0,,3000,100.0,ZNE,train,gold,"bucket0$900,:3,:6001",
1124,"bucket1$776,:3,:6001",2014-03-16T18:28:01.939900,MQ,GBM,,,,3000.0,,3000,100.0,ZNE,train,gold,"bucket0$901,:3,:6001",
1125,"bucket4$218,:3,:6001",2014-03-16T18:28:02.340000,MQ,IA2,,,,3000.0,3152.0,3000,100.0,ZNE,test,gold,"bucket4$112,:3,:6001",
1126,"bucket1$777,:3,:6001",2014-03-16T18:44:46.130000,MQ,LAM,,,,3000.0,3211.0,3000,100.0,ZNE,train,gold,"bucket0$902,:3,:6001",
1127,"bucket1$778,:3,:6001",2014-03-16T18:44:54.479900,MQ,BAM,,,,3000.0,,3000,100.0,ZNE,train,gold,"bucket0$903,:3,:6001",
1128,"bucket1$779,:3,:6001",2014-03-16T18:44:55.479900,MQ,CPM,,,,3000.0,,3000,100.0,ZNE,train,gold,"bucket0$904,:3,:6001",
1129,"bucket1$780,:3,:6001",2014-03-16T18:44:53.309900,MQ,GBM,,,,3000.0,,3000,100.0,ZNE,train,gold,"bucket0$905,:3,:6001",
1130,"bucket1$781,:3,:6001",2014-03-16T18:44:54.399900,MQ,MLM,,,,3000.0,,3000,100.0,ZNE,train,gold,"bucket0$906,:3,:6001",
1131,"bucket1$782,:3,:6001",2014-03-16T19:37:34.050000,MQ,SAM,,,,3000.0,3094.0,3000,100.0,ZNE,train,gold,"bucket0$907,:3,:6001",
1132,"bucket5$207,:3,:6001",2014-03-16T23:21:14.899900,MQ,GBM,,,,3000.0,,3000,100.0,ZNE,dev,gold,"bucket2$96,:3,:6001",
1133,"bucket1$783,:3,:6001",2014-03-16T23:21:15.380000,MQ,IA2,,,,3000.0,3170.0,3000,100.0,ZNE,train,gold,"bucket0$908,:3,:6001",
1134,"bucket1$784,:3,:6001",2014-03-16T23:21:14.130000,MQ,LAM,,,,3000.0,2993.0,3000,100.0,ZNE,train,gold,"bucket0$909,:3,:6001",
1135,"bucket5$208,:3,:6001",2014-03-16T23:21:15.700000,MQ,SAM,,,,3000.0,3012.0,3000,100.0,ZNE,dev,gold,"bucket2$97,:3,:6001",
1136,"bucket5$209,:3,:6001",2014-03-16T23:39:45.999900,MQ,MLM,,,,3000.0,,3000,100.0,ZNE,dev,gold,"bucket2$98,:3,:6001",
1137,"bucket1$785,:3,:6001",2014-03-17T04:15:41.389900,MQ,BAM,,,,3000.0,,3000,100.0,ZNE,train,gold,"bucket0$910,:3,:6001",
1138,"bucket1$786,:3,:6001",2014-03-17T04:15:41.649900,MQ,CPM,,,,3000.0,,3000,100.0,ZNE,train,gold,"bucket0$911,:3,:6001",
1139,"bucket1$787,:3,:6001",2014-03-17T04:15:41.739900,MQ,GBM,,,,3000.0,,3000,100.0,ZNE,train,gold,"bucket0$912,:3,:6001",
1140,"bucket1$788,:3,:6001",2014-03-17T04:15:41.850000,MQ,IA2,,,,3000.0,,3000,100.0,ZNE,train,gold,"bucket0$913,:3,:6001",
1141,"bucket1$789,:3,:6001",2014-03-17T04:15:41.680000,MQ,LAM,,,,3000.0,3088.0,3000,100.0,ZNE,train,gold,"bucket0$914,:3,:6001",
1142,"bucket5$210,:3,:6001",2014-03-17T04:15:41.069900,MQ,MLM,,,,3000.0,,3000,100.0,ZNE,dev,gold,"bucket2$99,:3,:6001",
1143,"bucket4$219,:3,:6001",2014-03-17T04:15:41.840000,MQ,SAM,,,,3000.0,,3000,100.0,ZNE,test,gold,"bucket4$113,:3,:6001",
1144,"bucket4$220,:3,:6001",2014-03-17T04:16:06.509900,MQ,BAM,,,,3000.0,,3000,100.0,ZNE,test,gold,"bucket4$114,:3,:6001",
1145,"bucket1$790,:3,:6001",2014-03-17T04:16:07.409900,MQ,CPM,,,,3000.0,,3000,100.0,ZNE,train,gold,"bucket0$915,:3,:6001",
1146,"bucket1$791,:3,:6001",2014-03-17T04:16:07.219900,MQ,GBM,,,,3000.0,,3000,100.0,ZNE,train,gold,"bucket0$916,:3,:6001",
1147,"bucket1$792,:3,:6001",2014-03-17T04:16:06.930000,MQ,IA2,,,,3000.0,3125.0,3000,100.0,ZNE,train,gold,"bucket0$917,:3,:6001",
1148,"bucket1$793,:3,:6001",2014-03-17T04:16:07.739900,MQ,MLM,,,,3000.0,,3000,100.0,ZNE,train,gold,"bucket0$918,:3,:6001",
1149,"bucket1$794,:3,:6001",2014-03-17T04:16:06.580000,MQ,SAM,,,,3000.0,,3000,100.0,ZNE,train,gold,"bucket0$919,:3,:6001",
1150,"bucket1$795,:3,:6001",2014-03-17T05:01:01.729900,MQ,BAM,,,,3000.0,,3000,100.0,ZNE,train,gold,"bucket0$920,:3,:6001",
1151,"bucket1$796,:3,:6001",2014-03-17T05:00:59.209900,MQ,CPM,,,,3000.0,,3000,100.0,ZNE,train,gold,"bucket0$921,:3,:6001",
1152,"bucket1$797,:3,:6001",2014-03-17T05:01:01.769900,MQ,GBM,,,,3000.0,,3000,100.0,ZNE,train,gold,"bucket0$922,:3,:6001",
1153,"bucket1$798,:3,:6001",2014-03-17T05:00:59.760000,MQ,IA2,,,,3000.0,3042.0,3000,100.0,ZNE,train,gold,"bucket0$923,:3,:6001",
1154,"bucket1$799,:3,:6001",2014-03-17T05:55:51.419900,MQ,BAM,,,,3000.0,,3000,100.0,ZNE,train,gold,"bucket0$924,:3,:6001",
1155,"bucket1$800,:3,:6001",2014-03-17T05:55:47.589900,MQ,CPM,,,,3000.0,,3000,100.0,ZNE,train,gold,"bucket0$925,:3,:6001",
1156,"bucket5$211,:3,:6001",2014-03-17T05:55:48.300000,MQ,IA2,,,,3000.0,3037.0,3000,100.0,ZNE,dev,gold,"bucket2$100,:3,:6001",
1157,"bucket1$801,:3,:6001",2014-03-17T05:55:50.240000,MQ,SAM,,,,3000.0,3020.0,3000,100.0,ZNE,train,gold,"bucket0$926,:3,:6001",
1158,"bucket1$802,:3,:6001",2014-03-17T17:30:25.719900,MQ,CPM,,,,3000.0,,3000,100.0,ZNE,train,gold,"bucket0$927,:3,:6001",
1159,"bucket1$803,:3,:6001",2014-03-17T17:32:15.789900,MQ,CPM,,,,3000.0,,3000,100.0,ZNE,train,gold,"bucket0$928,:3,:6001",
1160,"bucket1$804,:3,:6001",2014-03-17T21:07:57.929900,MQ,BAM,,,,3000.0,,3000,100.0,ZNE,train,gold,"bucket0$929,:3,:6001",
1161,"bucket5$212,:3,:6001",2014-03-17T21:07:57.929900,MQ,GBM,,,,3000.0,,3000,100.0,ZNE,dev,gold,"bucket2$101,:3,:6001",
1162,"bucket5$213,:3,:6001",2014-03-17T21:07:58.770000,MQ,IA2,,,,3000.0,3080.0,3000,100.0,ZNE,dev,gold,"bucket2$102,:3,:6001",
1163,"bucket1$805,:3,:6001",2014-03-17T21:07:57.580000,MQ,LAM,,,,3000.0,3372.0,3000,100.0,ZNE,train,gold,"bucket0$930,:3,:6001",
1164,"bucket4$221,:3,:6001",2014-03-17T23:46:28.479900,MQ,BAM,,,,3000.0,,3000,100.0,ZNE,test,gold,"bucket4$115,:3,:6001",
1165,"bucket1$806,:3,:6001",2014-03-17T23:46:28.319900,MQ,CPM,,,,3000.0,,3000,100.0,ZNE,train,gold,"bucket0$931,:3,:6001",
1166,"bucket1$807,:3,:6001",2014-03-17T23:46:28.479900,MQ,GBM,,,,3000.0,,3000,100.0,ZNE,train,gold,"bucket0$932,:3,:6001",
1167,"bucket1$808,:3,:6001",2014-03-17T23:46:28.560000,MQ,IA2,,,,3000.0,3021.0,3000,100.0,ZNE,train,gold,"bucket0$933,:3,:6001",
1168,"bucket1$809,:3,:6001",2014-03-17T23:46:28.850000,MQ,LAM,,,,3000.0,3051.0,3000,100.0,ZNE,train,gold,"bucket0$934,:3,:6001",
1169,"bucket1$810,:3,:6001",2014-03-17T23:46:28.879900,MQ,MLM,,,,3000.0,,3000,100.0,ZNE,train,gold,"bucket0$935,:3,:6001",
1170,"bucket1$811,:3,:6001",2014-03-17T23:46:39.849900,MQ,BAM,,,,3000.0,,3000,100.0,ZNE,train,gold,"bucket0$936,:3,:6001",
1171,"bucket1$812,:3,:6001",2014-03-17T23:46:39.949900,MQ,CPM,,,,3000.0,,3000,100.0,ZNE,train,gold,"bucket0$937,:3,:6001",
1172,"bucket1$813,:3,:6001",2014-03-17T23:46:39.689900,MQ,GBM,,,,3000.0,,3000,100.0,ZNE,train,gold,"bucket0$938,:3,:6001",
1173,"bucket1$814,:3,:6001",2014-03-17T23:46:39.510000,MQ,IA2,,,,3000.0,3229.0,3000,100.0,ZNE,train,gold,"bucket0$939,:3,:6001",
1174,"bucket1$815,:3,:6001",2014-03-17T23:46:39.870000,MQ,LAM,,,,3000.0,3020.0,3000,100.0,ZNE,train,gold,"bucket0$940,:3,:6001",
1175,"bucket5$214,:3,:6001",2014-03-17T23:53:36.469900,MQ,BAM,,,,3000.0,,3000,100.0,ZNE,dev,gold,"bucket2$103,:3,:6001",
1176,"bucket1$816,:3,:6001",2014-03-18T00:23:48.590000,MQ,IA2,,,,3000.0,2983.0,3000,100.0,ZNE,train,gold,"bucket0$941,:3,:6001",
1177,"bucket1$817,:3,:6001",2014-03-18T05:09:35.239900,MQ,BAM,,,,3000.0,,3000,100.0,ZNE,train,gold,"bucket0$942,:3,:6001",
1178,"bucket4$222,:3,:6001",2014-03-18T05:09:34.589900,MQ,GBM,,,,3000.0,,3000,100.0,ZNE,test,gold,"bucket4$116,:3,:6001",
1179,"bucket1$818,:3,:6001",2014-03-18T05:09:34.590000,MQ,IA2,,,,3000.0,3188.0,3000,100.0,ZNE,train,gold,"bucket0$943,:3,:6001",
1180,"bucket1$819,:3,:6001",2014-03-18T05:09:34.590000,MQ,LAM,,,,3000.0,3123.0,3000,100.0,ZNE,train,gold,"bucket0$944,:3,:6001",
1181,"bucket1$820,:3,:6001",2014-03-18T07:04:05.049900,MQ,BAM,,,,3000.0,,3000,100.0,ZNE,train,gold,"bucket0$945,:3,:6001",
1182,"bucket1$821,:3,:6001",2014-03-18T07:04:05.279900,MQ,CPM,,,,3000.0,,3000,100.0,ZNE,train,gold,"bucket0$946,:3,:6001",
1183,"bucket1$822,:3,:6001",2014-03-18T07:04:05.709900,MQ,GBM,,,,3000.0,,3000,100.0,ZNE,train,gold,"bucket0$947,:3,:6001",
1184,"bucket5$215,:3,:6001",2014-03-18T07:04:05.530000,MQ,IA2,,,,3000.0,3055.0,3000,100.0,ZNE,dev,gold,"bucket2$104,:3,:6001",
1185,"bucket1$823,:3,:6001",2014-03-18T23:27:45.289900,MQ,BAM,,,,3000.0,,3000,100.0,ZNE,train,gold,"bucket0$948,:3,:6001",
1186,"bucket1$824,:3,:6001",2014-03-18T23:27:45.879900,MQ,CPM,,,,3000.0,,3000,100.0,ZNE,train,gold,"bucket0$949,:3,:6001",
1187,"bucket1$825,:3,:6001",2014-03-18T23:27:45.129900,MQ,GBM,,,,3000.0,,3000,100.0,ZNE,train,gold,"bucket0$950,:3,:6001",
1188,"bucket1$826,:3,:6001",2014-03-18T23:27:45.750000,MQ,IA2,,,,3000.0,3143.0,3000,100.0,ZNE,train,gold,"bucket0$951,:3,:6001",
1189,"bucket5$216,:3,:6001",2014-03-18T23:27:45.450000,MQ,LAM,,,,3000.0,3154.0,3000,100.0,ZNE,dev,gold,"bucket2$105,:3,:6001",
1190,"bucket1$827,:3,:6001",2014-03-19T05:57:05.239900,MQ,BAM,,,,3000.0,,3000,100.0,ZNE,train,gold,"bucket0$952,:3,:6001",
1191,"bucket1$828,:3,:6001",2014-03-19T05:57:05.529900,MQ,CPM,,,,3000.0,,3000,100.0,ZNE,train,gold,"bucket0$953,:3,:6001",
1192,"bucket4$223,:3,:6001",2014-03-19T05:57:04.909900,MQ,GBM,,,,3000.0,,3000,100.0,ZNE,test,gold,"bucket4$117,:3,:6001",
1193,"bucket1$829,:3,:6001",2014-03-19T05:57:06.520000,MQ,IA2,,,,3000.0,3036.0,3000,100.0,ZNE,train,gold,"bucket0$954,:3,:6001",
1194,"bucket1$830,:3,:6001",2014-03-19T05:57:04.490000,MQ,LAM,,,,3000.0,3221.0,3000,100.0,ZNE,train,gold,"bucket0$955,:3,:6001",
1195,"bucket5$217,:3,:6001",2014-03-19T05:57:05.549900,MQ,MLM,,,,3000.0,,3000,100.0,ZNE,dev,gold,"bucket2$106,:3,:6001",
1196,"bucket1$831,:3,:6001",2014-03-19T08:53:53.199900,MQ,MLM,,,,3000.0,,3000,100.0,ZNE,train,gold,"bucket0$956,:3,:6001",
1197,"bucket1$832,:3,:6001",2014-03-19T08:53:55.760000,MQ,SAM,,,,3000.0,3257.0,3000,100.0,ZNE,train,gold,"bucket0$957,:3,:6001",
1198,"bucket1$833,:3,:6001",2014-03-19T09:40:48.019900,MQ,MLM,,,,3000.0,,3000,100.0,ZNE,train,gold,"bucket0$958,:3,:6001",
1199,"bucket1$834,:3,:6001",2014-03-19T09:40:44.500000,MQ,SAM,,,,3000.0,3036.0,3000,100.0,ZNE,train,gold,"bucket0$959,:3,:6001",
1200,"bucket1$835,:3,:6001",2014-03-19T10:03:26.729900,MQ,BAM,,,,3000.0,,3000,100.0,ZNE,train,gold,"bucket0$960,:3,:6001",
1201,"bucket1$836,:3,:6001",2014-03-19T10:03:26.519900,MQ,CPM,,,,3000.0,,3000,100.0,ZNE,train,gold,"bucket0$961,:3,:6001",
1202,"bucket1$837,:3,:6001",2014-03-19T10:03:25.209900,MQ,MLM,,,,3000.0,,3000,100.0,ZNE,train,gold,"bucket0$962,:3,:6001",
1203,"bucket1$838,:3,:6001",2014-03-19T10:29:38.139900,MQ,BAM,,,,3000.0,,3000,100.0,ZNE,train,gold,"bucket0$963,:3,:6001",
1204,"bucket1$839,:3,:6001",2014-03-19T10:29:38.289900,MQ,CPM,,,,3000.0,,3000,100.0,ZNE,train,gold,"bucket0$964,:3,:6001",
1205,"bucket1$840,:3,:6001",2014-03-19T10:29:37.949900,MQ,GBM,,,,3000.0,,3000,100.0,ZNE,train,gold,"bucket0$965,:3,:6001",
1206,"bucket1$841,:3,:6001",2014-03-19T10:29:43.630000,MQ,SAM,,,,3000.0,3105.0,3000,100.0,ZNE,train,gold,"bucket0$966,:3,:6001",
1207,"bucket5$218,:3,:6001",2014-03-19T10:50:58.639900,MQ,BAM,,,,3000.0,,3000,100.0,ZNE,dev,gold,"bucket2$107,:3,:6001",
1208,"bucket1$842,:3,:6001",2014-03-19T10:50:56.599900,MQ,MLM,,,,3000.0,,3000,100.0,ZNE,train,gold,"bucket0$967,:3,:6001",
1209,"bucket1$843,:3,:6001",2014-03-19T11:01:00.549900,MQ,BAM,,,,3000.0,,3000,100.0,ZNE,train,gold,"bucket0$968,:3,:6001",
1210,"bucket1$844,:3,:6001",2014-03-19T11:00:55.719900,MQ,MLM,,,,3000.0,,3000,100.0,ZNE,train,gold,"bucket0$969,:3,:6001",
1211,"bucket1$845,:3,:6001",2014-03-19T11:08:42.329900,MQ,BAM,,,,3000.0,,3000,100.0,ZNE,train,gold,"bucket0$970,:3,:6001",
1212,"bucket1$846,:3,:6001",2014-03-19T11:08:43.089900,MQ,CPM,,,,3000.0,,3000,100.0,ZNE,train,gold,"bucket0$971,:3,:6001",
1213,"bucket1$847,:3,:6001",2014-03-19T11:17:30.119900,MQ,CPM,,,,3000.0,,3000,100.0,ZNE,train,gold,"bucket0$972,:3,:6001",
1214,"bucket1$848,:3,:6001",2014-03-19T11:17:32.249900,MQ,MLM,,,,3000.0,,3000,100.0,ZNE,train,gold,"bucket0$973,:3,:6001",
1215,"bucket1$849,:3,:6001",2014-03-19T11:40:59.109900,MQ,BAM,,,,3000.0,,3000,100.0,ZNE,train,gold,"bucket0$974,:3,:6001",
1216,"bucket1$850,:3,:6001",2014-03-19T11:41:00.839900,MQ,GBM,,,,3000.0,,3000,100.0,ZNE,train,gold,"bucket0$975,:3,:6001",
1217,"bucket1$851,:3,:6001",2014-03-19T11:54:46.069900,MQ,BAM,,,,3000.0,,3000,100.0,ZNE,train,gold,"bucket0$976,:3,:6001",
1218,"bucket1$852,:3,:6001",2014-03-19T11:54:44.129900,MQ,MLM,,,,3000.0,,3000,100.0,ZNE,train,gold,"bucket0$977,:3,:6001",
1219,"bucket1$853,:3,:6001",2014-03-19T15:00:19.759900,MQ,BAM,,,,3000.0,,3000,100.0,ZNE,train,gold,"bucket0$978,:3,:6001",
1220,"bucket1$854,:3,:6001",2014-03-19T15:00:25.049900,MQ,CPM,,,,3000.0,,3000,100.0,ZNE,train,gold,"bucket0$979,:3,:6001",
1221,"bucket4$224,:3,:6001",2014-03-19T15:00:25.359900,MQ,GBM,,,,3000.0,,3000,100.0,ZNE,test,gold,"bucket4$118,:3,:6001",
1222,"bucket5$219,:3,:6001",2014-03-19T15:00:22.189900,MQ,MLM,,,,3000.0,,3000,100.0,ZNE,dev,gold,"bucket2$108,:3,:6001",
1223,"bucket4$225,:3,:6001",2014-03-19T15:55:04.289900,MQ,CPM,,,,3000.0,,3000,100.0,ZNE,test,gold,"bucket4$119,:3,:6001",
1224,"bucket1$855,:3,:6001",2014-03-19T20:10:22.319900,MQ,BAM,,,,3000.0,,3000,100.0,ZNE,train,gold,"bucket0$980,:3,:6001",
1225,"bucket1$856,:3,:6001",2014-03-19T20:10:17.049900,MQ,CPM,,,,3000.0,,3000,100.0,ZNE,train,gold,"bucket0$981,:3,:6001",
1226,"bucket5$220,:3,:6001",2014-03-19T20:10:17.779900,MQ,GBM,,,,3000.0,,3000,100.0,ZNE,dev,gold,"bucket2$109,:3,:6001",
1227,"bucket1$857,:3,:6001",2014-03-19T20:10:15.790000,MQ,IA2,,,,3000.0,2990.0,3000,100.0,ZNE,train,gold,"bucket0$982,:3,:6001",
1228,"bucket1$858,:3,:6001",2014-03-20T00:55:06.729900,MQ,BAM,,,,3000.0,,3000,100.0,ZNE,train,gold,"bucket0$983,:3,:6001",
1229,"bucket5$221,:3,:6001",2014-03-20T00:55:07.209900,MQ,CPM,,,,3000.0,,3000,100.0,ZNE,dev,gold,"bucket2$110,:3,:6001",
1230,"bucket1$859,:3,:6001",2014-03-20T00:55:07.030000,MQ,IA2,,,,3000.0,3125.0,3000,100.0,ZNE,train,gold,"bucket0$984,:3,:6001",
1231,"bucket1$860,:3,:6001",2014-03-20T00:55:06.890000,MQ,LAM,,,,3000.0,3095.0,3000,100.0,ZNE,train,gold,"bucket0$985,:3,:6001",
1232,"bucket1$861,:3,:6001",2014-03-20T00:55:06.849900,MQ,MLM,,,,3000.0,,3000,100.0,ZNE,train,gold,"bucket0$986,:3,:6001",
1233,"bucket1$862,:3,:6001",2014-03-20T00:55:06.770000,MQ,SAM,,,,3000.0,3149.0,3000,100.0,ZNE,train,gold,"bucket0$987,:3,:6001",
1234,"bucket1$863,:3,:6001",2014-03-20T00:55:18.379900,MQ,BAM,,,,3000.0,,3000,100.0,ZNE,train,gold,"bucket0$988,:3,:6001",
1235,"bucket1$864,:3,:6001",2014-03-20T00:55:19.989900,MQ,CPM,,,,3000.0,,3000,100.0,ZNE,train,gold,"bucket0$989,:3,:6001",
1236,"bucket1$865,:3,:6001",2014-03-20T00:55:19.309900,MQ,GBM,,,,3000.0,,3000,100.0,ZNE,train,gold,"bucket0$990,:3,:6001",
1237,"bucket1$866,:3,:6001",2014-03-20T00:55:19.740000,MQ,IA2,,,,3000.0,3084.0,3000,100.0,ZNE,train,gold,"bucket0$991,:3,:6001",
1238,"bucket4$226,:3,:6001",2014-03-20T00:55:19.170000,MQ,LAM,,,,3000.0,3173.0,3000,100.0,ZNE,test,gold,"bucket4$120,:3,:6001",
1239,"bucket5$222,:3,:6001",2014-03-20T00:55:20.899900,MQ,MLM,,,,3000.0,,3000,100.0,ZNE,dev,gold,"bucket2$111,:3,:6001",
1240,"bucket1$867,:3,:6001",2014-03-20T00:55:18.700000,MQ,SAM,,,,3000.0,3132.0,3000,100.0,ZNE,train,gold,"bucket0$992,:3,:6001",
1241,"bucket1$868,:3,:6001",2014-03-20T06:56:35.549900,MQ,BAM,,,,3000.0,,3000,100.0,ZNE,train,gold,"bucket0$993,:3,:6001",
1242,"bucket4$227,:3,:6001",2014-03-20T06:56:36.869900,MQ,CPM,,,,3000.0,,3000,100.0,ZNE,test,gold,"bucket4$121,:3,:6001",
1243,"bucket1$869,:3,:6001",2014-03-20T06:56:36.319900,MQ,GBM,,,,3000.0,,3000,100.0,ZNE,train,gold,"bucket0$994,:3,:6001",
1244,"bucket1$870,:3,:6001",2014-03-20T06:56:36.690000,MQ,IA2,,,,3000.0,2990.0,3000,100.0,ZNE,train,gold,"bucket0$995,:3,:6001",
1245,"bucket1$871,:3,:6001",2014-03-20T18:48:34.829900,MQ,BAM,,,,3000.0,,3000,100.0,ZNE,train,gold,"bucket0$996,:3,:6001",
1246,"bucket1$872,:3,:6001",2014-03-20T18:48:30.119900,MQ,CPM,,,,3000.0,,3000,100.0,ZNE,train,gold,"bucket0$997,:3,:6001",
1247,"bucket1$873,:3,:6001",2014-03-20T18:48:29.840000,MQ,IA2,,,,3000.0,3070.0,3000,100.0,ZNE,train,gold,"bucket0$998,:3,:6001",
1248,"bucket1$874,:3,:6001",2014-03-20T18:48:34.670000,MQ,SAM,,,,3000.0,,3000,100.0,ZNE,train,gold,"bucket0$999,:3,:6001",
1249,"bucket4$228,:3,:6001",2014-03-22T15:03:51.899900,MQ,BAM,,,,3000.0,,3000,100.0,ZNE,test,gold,"bucket4$122,:3,:6001",
1250,"bucket1$875,:3,:6001",2014-03-22T15:03:52.859900,MQ,CPM,,,,3000.0,,3000,100.0,ZNE,train,gold,"bucket0$1000,:3,:6001",
1251,"bucket4$229,:3,:6001",2014-03-22T15:03:51.139900,MQ,GBM,,,,3000.0,,3000,100.0,ZNE,test,gold,"bucket4$123,:3,:6001",
1252,"bucket1$876,:3,:6001",2014-03-22T15:03:51.750000,MQ,IA2,,,,3000.0,3106.0,3000,100.0,ZNE,train,gold,"bucket0$1001,:3,:6001",
1253,"bucket1$877,:3,:6001",2014-03-23T04:06:55.699900,MQ,BAM,,,,3000.0,,3000,100.0,ZNE,train,gold,"bucket0$1002,:3,:6001",
1254,"bucket1$878,:3,:6001",2014-03-23T04:06:55.499900,MQ,CPM,,,,3000.0,,3000,100.0,ZNE,train,gold,"bucket0$1003,:3,:6001",
1255,"bucket1$879,:3,:6001",2014-03-23T04:06:55.760000,MQ,IA2,,,,3000.0,3032.0,3000,100.0,ZNE,train,gold,"bucket0$1004,:3,:6001",
1256,"bucket1$880,:3,:6001",2014-03-23T04:06:55.469900,MQ,MLM,,,,3000.0,,3000,100.0,ZNE,train,gold,"bucket0$1005,:3,:6001",
1257,"bucket1$881,:3,:6001",2014-03-23T04:06:54.190000,MQ,SAM,,,,3000.0,3002.0,3000,100.0,ZNE,train,gold,"bucket0$1006,:3,:6001",
1258,"bucket1$882,:3,:6001",2014-03-23T14:31:50.699900,MQ,BAM,,,,3000.0,,3000,100.0,ZNE,train,gold,"bucket0$1007,:3,:6001",
1259,"bucket1$883,:3,:6001",2014-03-23T14:31:51.259900,MQ,CPM,,,,3000.0,,3000,100.0,ZNE,train,gold,"bucket0$1008,:3,:6001",
1260,"bucket1$884,:3,:6001",2014-03-23T14:31:49.859900,MQ,GBM,,,,3000.0,,3000,100.0,ZNE,train,gold,"bucket0$1009,:3,:6001",
1261,"bucket1$885,:3,:6001",2014-03-23T14:31:49.860000,MQ,IA2,,,,3000.0,3221.0,3000,100.0,ZNE,train,gold,"bucket0$1010,:3,:6001",
1262,"bucket1$886,:3,:6001",2014-03-23T21:35:02.189900,MQ,BAM,,,,3000.0,,3000,100.0,ZNE,train,gold,"bucket0$1011,:3,:6001",
1263,"bucket1$887,:3,:6001",2014-03-23T21:35:02.769900,MQ,CPM,,,,3000.0,,3000,100.0,ZNE,train,gold,"bucket0$1012,:3,:6001",
1264,"bucket5$223,:3,:6001",2014-03-23T21:35:01.729900,MQ,GBM,,,,3000.0,,3000,100.0,ZNE,dev,gold,"bucket2$112,:3,:6001",
1265,"bucket1$888,:3,:6001",2014-03-23T21:35:02.130000,MQ,IA2,,,,3000.0,3208.0,3000,100.0,ZNE,train,gold,"bucket0$1013,:3,:6001",
1266,"bucket1$889,:3,:6001",2014-03-23T21:35:01.910000,MQ,LAM,,,,3000.0,3148.0,3000,100.0,ZNE,train,gold,"bucket0$1014,:3,:6001",
1267,"bucket4$230,:3,:6001",2014-03-23T21:35:03.849900,MQ,MLM,,,,3000.0,,3000,100.0,ZNE,test,gold,"bucket4$124,:3,:6001",
1268,"bucket4$231,:3,:6001",2014-03-23T21:35:02.290000,MQ,SAM,,,,3000.0,3001.0,3000,100.0,ZNE,test,gold,"bucket4$125,:3,:6001",
1269,"bucket4$232,:3,:6001",2014-03-24T02:59:54.289900,MQ,BAM,,,,3000.0,,3000,100.0,ZNE,test,gold,"bucket4$126,:3,:6001",
1270,"bucket1$890,:3,:6001",2014-03-24T02:59:54.129900,MQ,CPM,,,,3000.0,,3000,100.0,ZNE,train,gold,"bucket0$1015,:3,:6001",
1271,"bucket5$224,:3,:6001",2014-03-24T02:59:54.149900,MQ,GBM,,,,3000.0,,3000,100.0,ZNE,dev,gold,"bucket2$113,:3,:6001",
1272,"bucket1$891,:3,:6001",2014-03-24T02:59:53.100000,MQ,IA2,,,,3000.0,3231.0,3000,100.0,ZNE,train,gold,"bucket0$1016,:3,:6001",
1273,"bucket1$892,:3,:6001",2014-03-24T02:59:54.230000,MQ,SAM,,,,3000.0,3011.0,3000,100.0,ZNE,train,gold,"bucket0$1017,:3,:6001",
1274,"bucket1$893,:3,:6001",2014-03-24T03:00:09.459900,MQ,BAM,,,,3000.0,,3000,100.0,ZNE,train,gold,"bucket0$1018,:3,:6001",
1275,"bucket5$225,:3,:6001",2014-03-24T03:00:08.919900,MQ,CPM,,,,3000.0,,3000,100.0,ZNE,dev,gold,"bucket2$114,:3,:6001",
1276,"bucket1$894,:3,:6001",2014-03-24T03:00:12.179900,MQ,GBM,,,,3000.0,,3000,100.0,ZNE,train,gold,"bucket0$1019,:3,:6001",
1277,"bucket1$895,:3,:6001",2014-03-24T03:00:09.970000,MQ,IA2,,,,3000.0,3038.0,3000,100.0,ZNE,train,gold,"bucket0$1020,:3,:6001",
1278,"bucket1$896,:3,:6001",2014-03-24T03:00:10.050000,MQ,SAM,,,,3000.0,3283.0,3000,100.0,ZNE,train,gold,"bucket0$1021,:3,:6001",
1279,"bucket1$897,:3,:6001",2014-03-24T17:59:56.059900,MQ,GBM,,,,3000.0,,3000,100.0,ZNE,train,gold,"bucket0$1022,:3,:6001",
1280,"bucket1$898,:3,:6001",2014-03-24T17:59:54.780000,MQ,IA2,,,,3000.0,3245.0,3000,100.0,ZNE,train,gold,"bucket0$1023,:3,:6001",
1281,"bucket1$899,:3,:6001",2014-03-24T17:59:50.920000,MQ,LAM,,,,3000.0,3190.0,3000,100.0,ZNE,train,gold,"bucket1$0,:3,:6001",
1282,"bucket1$900,:3,:6001",2014-03-24T17:59:56.059900,MQ,MLM,,,,3000.0,,3000,100.0,ZNE,train,gold,"bucket1$1,:3,:6001",
1283,"bucket1$901,:3,:6001",2014-03-24T19:11:49.079900,MQ,BAM,,,,3000.0,,3000,100.0,ZNE,train,gold,"bucket1$2,:3,:6001",
1284,"bucket1$902,:3,:6001",2014-03-24T19:11:49.369900,MQ,CPM,,,,3000.0,,3000,100.0,ZNE,train,gold,"bucket1$3,:3,:6001",
1285,"bucket1$903,:3,:6001",2014-03-24T19:11:49.589900,MQ,GBM,,,,3000.0,,3000,100.0,ZNE,train,gold,"bucket1$4,:3,:6001",
1286,"bucket1$904,:3,:6001",2014-03-24T19:11:49.250000,MQ,IA2,,,,3000.0,3113.0,3000,100.0,ZNE,train,gold,"bucket1$5,:3,:6001",
1287,"bucket4$233,:3,:6001",2014-03-24T19:11:49.250000,MQ,LAM,,,,3000.0,3096.0,3000,100.0,ZNE,test,gold,"bucket4$127,:3,:6001",
1288,"bucket1$905,:3,:6001",2014-03-24T19:11:50.269900,MQ,MLM,,,,3000.0,,3000,100.0,ZNE,train,gold,"bucket1$6,:3,:6001",
1289,"bucket4$234,:3,:6001",2014-03-24T19:11:49.130000,MQ,SAM,,,,3000.0,3069.0,3000,100.0,ZNE,test,gold,"bucket4$128,:3,:6001",
1290,"bucket1$906,:3,:6001",2014-03-25T00:56:33.059900,MQ,BAM,,,,3000.0,,3000,100.0,ZNE,train,gold,"bucket1$7,:3,:6001",
1291,"bucket4$235,:3,:6001",2014-03-25T00:56:33.049900,MQ,CPM,,,,3000.0,,3000,100.0,ZNE,test,gold,"bucket4$129,:3,:6001",
1292,"bucket1$907,:3,:6001",2014-03-25T00:56:33.769900,MQ,GBM,,,,3000.0,,3000,100.0,ZNE,train,gold,"bucket1$8,:3,:6001",
1293,"bucket1$908,:3,:6001",2014-03-25T00:56:32.960000,MQ,IA2,,,,3000.0,3200.0,3000,100.0,ZNE,train,gold,"bucket1$9,:3,:6001",
1294,"bucket1$909,:3,:6001",2014-03-25T00:56:33.390000,MQ,LAM,,,,3000.0,3050.0,3000,100.0,ZNE,train,gold,"bucket1$10,:3,:6001",
1295,"bucket5$226,:3,:6001",2014-03-25T00:56:33.280000,MQ,SAM,,,,3000.0,3053.0,3000,100.0,ZNE,dev,gold,"bucket2$115,:3,:6001",
1296,"bucket1$910,:3,:6001",2014-03-25T04:58:56.749900,MQ,BAM,,,,3000.0,,3000,100.0,ZNE,train,gold,"bucket1$11,:3,:6001",
1297,"bucket1$911,:3,:6001",2014-03-25T04:58:57.779900,MQ,CPM,,,,3000.0,,3000,100.0,ZNE,train,gold,"bucket1$12,:3,:6001",
1298,"bucket1$912,:3,:6001",2014-03-25T04:58:58.329900,MQ,GBM,,,,3000.0,,3000,100.0,ZNE,train,gold,"bucket1$13,:3,:6001",
1299,"bucket1$913,:3,:6001",2014-03-25T04:58:57.580000,MQ,IA2,,,,3000.0,3188.0,3000,100.0,ZNE,train,gold,"bucket1$14,:3,:6001",
1300,"bucket1$914,:3,:6001",2014-03-25T04:58:58.679900,MQ,MLM,,,,3000.0,,3000,100.0,ZNE,train,gold,"bucket1$15,:3,:6001",
1301,"bucket5$227,:3,:6001",2014-03-26T00:32:55.159900,MQ,BAM,,,,3000.0,,3000,100.0,ZNE,dev,gold,"bucket2$116,:3,:6001",
1302,"bucket1$915,:3,:6001",2014-03-26T00:32:56.759900,MQ,GBM,,,,3000.0,,3000,100.0,ZNE,train,gold,"bucket1$16,:3,:6001",
1303,"bucket4$236,:3,:6001",2014-03-26T00:32:57.700000,MQ,IA2,,,,3000.0,3006.0,3000,100.0,ZNE,test,gold,"bucket4$130,:3,:6001",
1304,"bucket1$916,:3,:6001",2014-03-26T00:32:57.400000,MQ,SAM,,,,3000.0,,3000,100.0,ZNE,train,gold,"bucket1$17,:3,:6001",
1305,"bucket1$917,:3,:6001",2014-03-26T01:13:01.529900,MQ,BAM,,,,3000.0,,3000,100.0,ZNE,train,gold,"bucket1$18,:3,:6001",
1306,"bucket1$918,:3,:6001",2014-03-26T01:13:03.779900,MQ,GBM,,,,3000.0,,3000,100.0,ZNE,train,gold,"bucket1$19,:3,:6001",
1307,"bucket1$919,:3,:6001",2014-03-26T01:13:03.120000,MQ,IA2,,,,3000.0,3004.0,3000,100.0,ZNE,train,gold,"bucket1$20,:3,:6001",
1308,"bucket1$920,:3,:6001",2014-03-26T01:13:07.589900,MQ,MLM,,,,3000.0,,3000,100.0,ZNE,train,gold,"bucket1$21,:3,:6001",
1309,"bucket1$921,:3,:6001",2014-03-26T02:18:32.519900,MQ,BAM,,,,3000.0,,3000,100.0,ZNE,train,gold,"bucket1$22,:3,:6001",
1310,"bucket4$237,:3,:6001",2014-03-26T02:18:30.299900,MQ,CPM,,,,3000.0,,3000,100.0,ZNE,test,gold,"bucket4$131,:3,:6001",
1311,"bucket4$238,:3,:6001",2014-03-26T02:18:30.350000,MQ,IA2,,,,3000.0,3024.0,3000,100.0,ZNE,test,gold,"bucket4$132,:3,:6001",
1312,"bucket4$239,:3,:6001",2014-03-26T02:18:33.540000,MQ,SAM,,,,3000.0,3045.0,3000,100.0,ZNE,test,gold,"bucket4$133,:3,:6001",
1313,"bucket1$922,:3,:6001",2014-03-26T16:51:56.219900,MQ,CPM,,,,3000.0,,3000,100.0,ZNE,train,gold,"bucket1$23,:3,:6001",
1314,"bucket1$923,:3,:6001",2014-03-26T16:51:56.219900,MQ,GBM,,,,3000.0,,3000,100.0,ZNE,train,gold,"bucket1$24,:3,:6001",
1315,"bucket1$924,:3,:6001",2014-03-26T16:51:54.850000,MQ,IA2,,,,3000.0,3061.0,3000,100.0,ZNE,train,gold,"bucket1$25,:3,:6001",
1316,"bucket1$925,:3,:6001",2014-03-26T16:51:59.240000,MQ,LAM,,,,3000.0,2773.0,3000,100.0,ZNE,train,gold,"bucket1$26,:3,:6001",
1317,"bucket1$926,:3,:6001",2014-03-26T16:51:55.239900,MQ,MLM,,,,3000.0,,3000,100.0,ZNE,train,gold,"bucket1$27,:3,:6001",
1318,"bucket1$927,:3,:6001",2014-03-26T18:20:03.789900,MQ,BAM,,,,3000.0,,3000,100.0,ZNE,train,gold,"bucket1$28,:3,:6001",
1319,"bucket5$228,:3,:6001",2014-03-26T18:20:04.619900,MQ,CPM,,,,3000.0,,3000,100.0,ZNE,dev,gold,"bucket2$117,:3,:6001",
1320,"bucket1$928,:3,:6001",2014-03-26T18:20:04.509900,MQ,GBM,,,,3000.0,,3000,100.0,ZNE,train,gold,"bucket1$29,:3,:6001",
1321,"bucket1$929,:3,:6001",2014-03-26T18:20:04.270000,MQ,IA2,,,,3000.0,3071.0,3000,100.0,ZNE,train,gold,"bucket1$30,:3,:6001",
1322,"bucket1$930,:3,:6001",2014-03-26T18:20:04.300000,MQ,LAM,,,,3000.0,3101.0,3000,100.0,ZNE,train,gold,"bucket1$31,:3,:6001",
1323,"bucket1$931,:3,:6001",2014-03-26T19:02:30.879900,MQ,CPM,,,,3000.0,,3000,100.0,ZNE,train,gold,"bucket1$32,:3,:6001",
1324,"bucket1$932,:3,:6001",2014-03-26T19:02:30.679900,MQ,GBM,,,,3000.0,,3000,100.0,ZNE,train,gold,"bucket1$33,:3,:6001",
1325,"bucket1$933,:3,:6001",2014-03-26T19:02:28.240000,MQ,IA2,,,,3000.0,3011.0,3000,100.0,ZNE,train,gold,"bucket1$34,:3,:6001",
1326,"bucket1$934,:3,:6001",2014-03-26T19:02:32.429900,MQ,MLM,,,,3000.0,,3000,100.0,ZNE,train,gold,"bucket1$35,:3,:6001",
1327,"bucket1$935,:3,:6001",2014-03-26T19:22:06.349900,MQ,BAM,,,,3000.0,,3000,100.0,ZNE,train,gold,"bucket1$36,:3,:6001",
1328,"bucket4$240,:3,:6001",2014-03-26T19:22:06.779900,MQ,CPM,,,,3000.0,,3000,100.0,ZNE,test,gold,"bucket4$134,:3,:6001",
1329,"bucket5$229,:3,:6001",2014-03-26T19:22:06.010000,MQ,IA2,,,,3000.0,3073.0,3000,100.0,ZNE,dev,gold,"bucket2$118,:3,:6001",
1330,"bucket1$936,:3,:6001",2014-03-26T19:22:04.459900,MQ,MLM,,,,3000.0,,3000,100.0,ZNE,train,gold,"bucket1$37,:3,:6001",
1331,"bucket1$937,:3,:6001",2014-03-26T20:18:18.089900,MQ,GBM,,,,3000.0,,3000,100.0,ZNE,train,gold,"bucket1$38,:3,:6001",
1332,"bucket1$938,:3,:6001",2014-03-26T20:18:21.220000,MQ,IA2,,,,3000.0,,3000,100.0,ZNE,train,gold,"bucket1$39,:3,:6001",
1333,"bucket4$241,:3,:6001",2014-03-26T20:18:20.109900,MQ,MLM,,,,3000.0,,3000,100.0,ZNE,test,gold,"bucket4$135,:3,:6001",
1334,"bucket1$939,:3,:6001",2014-03-26T20:18:22.450000,MQ,SAM,,,,3000.0,3136.0,3000,100.0,ZNE,train,gold,"bucket1$40,:3,:6001",
1335,"bucket4$242,:3,:6001",2014-03-26T20:31:04.469900,MQ,BAM,,,,3000.0,,3000,100.0,ZNE,test,gold,"bucket4$136,:3,:6001",
1336,"bucket4$243,:3,:6001",2014-03-26T20:31:05.049900,MQ,GBM,,,,3000.0,,3000,100.0,ZNE,test,gold,"bucket4$137,:3,:6001",
1337,"bucket1$940,:3,:6001",2014-03-26T20:31:03.220000,MQ,IA2,,,,3000.0,3044.0,3000,100.0,ZNE,train,gold,"bucket1$41,:3,:6001",
1338,"bucket1$941,:3,:6001",2014-03-26T20:31:01.430000,MQ,SAM,,,,3000.0,3019.0,3000,100.0,ZNE,train,gold,"bucket1$42,:3,:6001",
1339,"bucket1$942,:3,:6001",2014-03-27T16:02:40.849900,MQ,BAM,,,,3000.0,,3000,100.0,ZNE,train,gold,"bucket1$43,:3,:6001",
1340,"bucket1$943,:3,:6001",2014-03-27T16:02:40.249900,MQ,CPM,,,,3000.0,,3000,100.0,ZNE,train,gold,"bucket1$44,:3,:6001",
1341,"bucket5$230,:3,:6001",2014-03-27T16:02:39.779900,MQ,GBM,,,,3000.0,,3000,100.0,ZNE,dev,gold,"bucket2$119,:3,:6001",
1342,"bucket1$944,:3,:6001",2014-03-27T16:02:40.250000,MQ,IA2,,,,3000.0,3020.0,3000,100.0,ZNE,train,gold,"bucket1$45,:3,:6001",
1343,"bucket1$945,:3,:6001",2014-03-27T22:09:10.379900,MQ,CPM,,,,3000.0,,3000,100.0,ZNE,train,gold,"bucket1$46,:3,:6001",
1344,"bucket1$946,:3,:6001",2014-03-27T22:09:09.909900,MQ,GBM,,,,3000.0,,3000,100.0,ZNE,train,gold,"bucket1$47,:3,:6001",
1345,"bucket1$947,:3,:6001",2014-03-27T22:09:10.340000,MQ,IA2,,,,3000.0,3245.0,3000,100.0,ZNE,train,gold,"bucket1$48,:3,:6001",
1346,"bucket1$948,:3,:6001",2014-03-27T22:09:11.919900,MQ,MLM,,,,3000.0,,3000,100.0,ZNE,train,gold,"bucket1$49,:3,:6001",
1347,"bucket1$949,:3,:6001",2014-03-27T22:09:09.920000,MQ,SAM,,,,3000.0,2980.0,3000,100.0,ZNE,train,gold,"bucket1$50,:3,:6001",
1348,"bucket5$231,:3,:6001",2014-03-28T04:15:05.239900,MQ,BAM,,,,3000.0,,3000,100.0,ZNE,dev,gold,"bucket2$120,:3,:6001",
1349,"bucket1$950,:3,:6001",2014-03-28T04:15:06.259900,MQ,CPM,,,,3000.0,,3000,100.0,ZNE,train,gold,"bucket1$51,:3,:6001",
1350,"bucket1$951,:3,:6001",2014-03-28T04:15:04.749900,MQ,GBM,,,,3000.0,,3000,100.0,ZNE,train,gold,"bucket1$52,:3,:6001",
1351,"bucket1$952,:3,:6001",2014-03-28T04:15:04.830000,MQ,IA2,,,,3000.0,3192.0,3000,100.0,ZNE,train,gold,"bucket1$53,:3,:6001",
1352,"bucket1$953,:3,:6001",2014-03-28T04:15:05.880000,MQ,SAM,,,,3000.0,3191.0,3000,100.0,ZNE,train,gold,"bucket1$54,:3,:6001",
1353,"bucket1$954,:3,:6001",2014-03-28T08:30:04.649900,MQ,CPM,,,,3000.0,,3000,100.0,ZNE,train,gold,"bucket1$55,:3,:6001",
1354,"bucket1$955,:3,:6001",2014-03-28T08:30:03.950000,MQ,IA2,,,,3000.0,3027.0,3000,100.0,ZNE,train,gold,"bucket1$56,:3,:6001",
1355,"bucket1$956,:3,:6001",2014-03-28T08:48:19.309900,MQ,CPM,,,,3000.0,,3000,100.0,ZNE,train,gold,"bucket1$57,:3,:6001",
1356,"bucket1$957,:3,:6001",2014-03-28T08:48:20.609900,MQ,MLM,,,,3000.0,,3000,100.0,ZNE,train,gold,"bucket1$58,:3,:6001",
1357,"bucket1$958,:3,:6001",2014-03-28T08:48:18.670000,MQ,SAM,,,,3000.0,3031.0,3000,100.0,ZNE,train,gold,"bucket1$59,:3,:6001",
1358,"bucket5$232,:3,:6001",2014-03-28T09:14:48.899900,MQ,CPM,,,,3000.0,,3000,100.0,ZNE,dev,gold,"bucket2$121,:3,:6001",
1359,"bucket1$959,:3,:6001",2014-03-28T09:14:48.870000,MQ,SAM,,,,3000.0,3084.0,3000,100.0,ZNE,train,gold,"bucket1$60,:3,:6001",
1360,"bucket1$960,:3,:6001",2014-03-28T09:25:35.900000,MQ,SAM,,,,3000.0,3089.0,3000,100.0,ZNE,train,gold,"bucket1$61,:3,:6001",
1361,"bucket1$961,:3,:6001",2014-03-29T01:35:16.479900,MQ,BAM,,,,3000.0,,3000,100.0,ZNE,train,gold,"bucket1$62,:3,:6001",
1362,"bucket1$962,:3,:6001",2014-03-29T01:35:17.049900,MQ,CPM,,,,3000.0,,3000,100.0,ZNE,train,gold,"bucket1$63,:3,:6001",
1363,"bucket1$963,:3,:6001",2014-03-29T01:35:17.739900,MQ,GBM,,,,3000.0,,3000,100.0,ZNE,train,gold,"bucket1$64,:3,:6001",
1364,"bucket1$964,:3,:6001",2014-03-29T01:35:17.090000,MQ,IA2,,,,3000.0,3084.0,3000,100.0,ZNE,train,gold,"bucket1$65,:3,:6001",
1365,"bucket4$244,:3,:6001",2014-03-29T01:35:16.700000,MQ,LAM,,,,3000.0,3108.0,3000,100.0,ZNE,test,gold,"bucket4$138,:3,:6001",
1366,"bucket1$965,:3,:6001",2014-03-29T01:35:18.089900,MQ,MLM,,,,3000.0,,3000,100.0,ZNE,train,gold,"bucket1$66,:3,:6001",
1367,"bucket1$966,:3,:6001",2014-03-29T13:50:52.659900,MQ,CPM,,,,3000.0,,3000,100.0,ZNE,train,gold,"bucket1$67,:3,:6001",
1368,"bucket1$967,:3,:6001",2014-03-29T13:50:53.059900,MQ,GBM,,,,3000.0,,3000,100.0,ZNE,train,gold,"bucket1$68,:3,:6001",
1369,"bucket4$245,:3,:6001",2014-03-29T13:50:52.980000,MQ,IA2,,,,3000.0,,3000,100.0,ZNE,test,gold,"bucket4$139,:3,:6001",
1370,"bucket1$968,:3,:6001",2014-03-29T13:50:52.900000,MQ,LAM,,,,3000.0,,3000,100.0,ZNE,train,gold,"bucket1$69,:3,:6001",
1371,"bucket4$246,:3,:6001",2014-03-29T17:50:32.159900,MQ,BAM,,,,3000.0,,3000,100.0,ZNE,test,gold,"bucket4$140,:3,:6001",
1372,"bucket1$969,:3,:6001",2014-03-29T17:50:31.799900,MQ,GBM,,,,3000.0,,3000,100.0,ZNE,train,gold,"bucket1$70,:3,:6001",
1373,"bucket1$970,:3,:6001",2014-03-29T17:50:33.730000,MQ,IA2,,,,3000.0,3119.0,3000,100.0,ZNE,train,gold,"bucket1$71,:3,:6001",
1374,"bucket5$233,:3,:6001",2014-03-29T17:50:33.089900,MQ,MLM,,,,3000.0,,3000,100.0,ZNE,dev,gold,"bucket2$122,:3,:6001",
1375,"bucket1$971,:3,:6001",2014-03-29T21:51:50.969900,MQ,CPM,,,,3000.0,,3000,100.0,ZNE,train,gold,"bucket1$72,:3,:6001",
1376,"bucket1$972,:3,:6001",2014-03-29T21:51:50.449900,MQ,GBM,,,,3000.0,,3000,100.0,ZNE,train,gold,"bucket1$73,:3,:6001",
1377,"bucket4$247,:3,:6001",2014-03-29T21:51:51.160000,MQ,IA2,,,,3000.0,3041.0,3000,100.0,ZNE,test,gold,"bucket4$141,:3,:6001",
1378,"bucket5$234,:3,:6001",2014-03-29T21:51:50.650000,MQ,LAM,,,,3000.0,3130.0,3000,100.0,ZNE,dev,gold,"bucket2$123,:3,:6001",
1379,"bucket1$973,:3,:6001",2014-03-29T23:35:39.879900,MQ,BAM,,,,3000.0,,3000,100.0,ZNE,train,gold,"bucket1$74,:3,:6001",
1380,"bucket1$974,:3,:6001",2014-03-29T23:35:38.289900,MQ,CPM,,,,3000.0,,3000,100.0,ZNE,train,gold,"bucket1$75,:3,:6001",
1381,"bucket1$975,:3,:6001",2014-03-29T23:35:39.249900,MQ,GBM,,,,3000.0,,3000,100.0,ZNE,train,gold,"bucket1$76,:3,:6001",
1382,"bucket1$976,:3,:6001",2014-03-29T23:35:38.790000,MQ,LAM,,,,3000.0,3073.0,3000,100.0,ZNE,train,gold,"bucket1$77,:3,:6001",
1383,"bucket1$977,:3,:6001",2014-03-29T23:35:42.149900,MQ,MLM,,,,3000.0,,3000,100.0,ZNE,train,gold,"bucket1$78,:3,:6001",
1384,"bucket4$248,:3,:6001",2014-03-30T03:02:28.869900,MQ,BAM,,,,3000.0,,3000,100.0,ZNE,test,gold,"bucket4$142,:3,:6001",
1385,"bucket1$978,:3,:6001",2014-03-30T03:02:29.209900,MQ,CPM,,,,3000.0,,3000,100.0,ZNE,train,gold,"bucket1$79,:3,:6001",
1386,"bucket1$979,:3,:6001",2014-03-30T03:02:29.089900,MQ,GBM,,,,3000.0,,3000,100.0,ZNE,train,gold,"bucket1$80,:3,:6001",
1387,"bucket4$249,:3,:6001",2014-03-30T03:02:28.860000,MQ,IA2,,,,3000.0,3105.0,3000,100.0,ZNE,test,gold,"bucket4$143,:3,:6001",
1388,"bucket1$980,:3,:6001",2014-03-30T04:18:56.869900,MQ,BAM,,,,3000.0,,3000,100.0,ZNE,train,gold,"bucket1$81,:3,:6001",
1389,"bucket1$981,:3,:6001",2014-03-30T04:18:57.119900,MQ,CPM,,,,3000.0,,3000,100.0,ZNE,train,gold,"bucket1$82,:3,:6001",
1390,"bucket1$982,:3,:6001",2014-03-30T04:18:56.849900,MQ,GBM,,,,3000.0,,3000,100.0,ZNE,train,gold,"bucket1$83,:3,:6001",
1391,"bucket1$983,:3,:6001",2014-03-30T04:18:57.160000,MQ,IA2,,,,3000.0,3100.0,3000,100.0,ZNE,train,gold,"bucket1$84,:3,:6001",
1392,"bucket1$984,:3,:6001",2014-03-30T04:18:57.750000,MQ,LAM,,,,3000.0,3104.0,3000,100.0,ZNE,train,gold,"bucket1$85,:3,:6001",
1393,"bucket1$985,:3,:6001",2014-03-30T04:18:58.999900,MQ,MLM,,,,3000.0,,3000,100.0,ZNE,train,gold,"bucket1$86,:3,:6001",
1394,"bucket1$986,:3,:6001",2014-03-30T09:24:16.640000,MQ,SAM,,,,3000.0,3001.0,3000,100.0,ZNE,train,gold,"bucket1$87,:3,:6001",
1395,"bucket1$987,:3,:6001",2014-03-30T10:44:35.989900,MQ,BAM,,,,3000.0,,3000,100.0,ZNE,train,gold,"bucket1$88,:3,:6001",
1396,"bucket1$988,:3,:6001",2014-03-30T10:44:36.169900,MQ,CPM,,,,3000.0,,3000,100.0,ZNE,train,gold,"bucket1$89,:3,:6001",
1397,"bucket1$989,:3,:6001",2014-03-30T10:44:37.409900,MQ,GBM,,,,3000.0,,3000,100.0,ZNE,train,gold,"bucket1$90,:3,:6001",
1398,"bucket1$990,:3,:6001",2014-03-30T10:44:36.110000,MQ,IA2,,,,3000.0,3133.0,3000,100.0,ZNE,train,gold,"bucket1$91,:3,:6001",
1399,"bucket4$250,:3,:6001",2014-03-30T10:45:01.429900,MQ,BAM,,,,3000.0,,3000,100.0,ZNE,test,gold,"bucket4$144,:3,:6001",
1400,"bucket1$991,:3,:6001",2014-03-30T10:45:01.749900,MQ,CPM,,,,3000.0,,3000,100.0,ZNE,train,gold,"bucket1$92,:3,:6001",
1401,"bucket1$992,:3,:6001",2014-03-30T10:45:01.749900,MQ,GBM,,,,3000.0,,3000,100.0,ZNE,train,gold,"bucket1$93,:3,:6001",
1402,"bucket5$235,:3,:6001",2014-03-30T10:45:01.590000,MQ,IA2,,,,3000.0,,3000,100.0,ZNE,dev,gold,"bucket2$124,:3,:6001",
1403,"bucket4$251,:3,:6001",2014-03-30T17:27:18.759900,MQ,BAM,,,,3000.0,,3000,100.0,ZNE,test,gold,"bucket4$145,:3,:6001",
1404,"bucket1$993,:3,:6001",2014-03-30T17:27:19.409900,MQ,CPM,,,,3000.0,,3000,100.0,ZNE,train,gold,"bucket1$94,:3,:6001",
1405,"bucket1$994,:3,:6001",2014-03-30T17:27:19.109900,MQ,GBM,,,,3000.0,,3000,100.0,ZNE,train,gold,"bucket1$95,:3,:6001",
1406,"bucket1$995,:3,:6001",2014-03-30T17:27:19.470000,MQ,IA2,,,,3000.0,,3000,100.0,ZNE,train,gold,"bucket1$96,:3,:6001",
1407,"bucket1$996,:3,:6001",2014-03-30T17:27:18.760000,MQ,LAM,,,,3000.0,3052.0,3000,100.0,ZNE,train,gold,"bucket1$97,:3,:6001",
1408,"bucket1$997,:3,:6001",2014-03-30T17:27:19.109900,MQ,MLM,,,,3000.0,,3000,100.0,ZNE,train,gold,"bucket1$98,:3,:6001",
1409,"bucket1$998,:3,:6001",2014-03-30T17:27:14.270000,MQ,SAM,,,,3000.0,3158.0,3000,100.0,ZNE,train,gold,"bucket1$99,:3,:6001",
1410,"bucket1$999,:3,:6001",2014-03-30T17:27:32.819900,MQ,BAM,,,,3000.0,,3000,100.0,ZNE,train,gold,"bucket1$100,:3,:6001",
1411,"bucket1$1000,:3,:6001",2014-03-30T17:27:30.919900,MQ,GBM,,,,3000.0,,3000,100.0,ZNE,train,gold,"bucket1$101,:3,:6001",
1412,"bucket5$236,:3,:6001",2014-03-30T17:27:32.090000,MQ,IA2,,,,3000.0,3086.0,3000,100.0,ZNE,dev,gold,"bucket2$125,:3,:6001",
1413,"bucket1$1001,:3,:6001",2014-03-30T17:27:30.600000,MQ,LAM,,,,3000.0,3076.0,3000,100.0,ZNE,train,gold,"bucket1$102,:3,:6001",
1414,"bucket4$252,:3,:6001",2014-03-30T17:27:31.399900,MQ,MLM,,,,3000.0,,3000,100.0,ZNE,test,gold,"bucket4$146,:3,:6001",
1415,"bucket4$253,:3,:6001",2014-03-30T17:27:28.710000,MQ,SAM,,,,3000.0,3031.0,3000,100.0,ZNE,test,gold,"bucket4$147,:3,:6001",
1416,"bucket1$1002,:3,:6001",2014-03-31T03:39:21.309900,MQ,BAM,,,,3000.0,,3000,100.0,ZNE,train,gold,"bucket1$103,:3,:6001",
1417,"bucket1$1003,:3,:6001",2014-03-31T03:39:22.359900,MQ,CPM,,,,3000.0,,3000,100.0,ZNE,train,gold,"bucket1$104,:3,:6001",
1418,"bucket1$1004,:3,:6001",2014-03-31T03:39:21.749900,MQ,GBM,,,,3000.0,,3000,100.0,ZNE,train,gold,"bucket1$105,:3,:6001",
1419,"bucket4$254,:3,:6001",2014-03-31T03:39:21.690000,MQ,IA2,,,,3000.0,3030.0,3000,100.0,ZNE,test,gold,"bucket4$148,:3,:6001",
1420,"bucket4$255,:3,:6001",2014-03-31T13:26:04.649900,MQ,BAM,,,,3000.0,,3000,100.0,ZNE,test,gold,"bucket4$149,:3,:6001",
1421,"bucket1$1005,:3,:6001",2014-03-31T13:26:03.939900,MQ,CPM,,,,3000.0,,3000,100.0,ZNE,train,gold,"bucket1$106,:3,:6001",
1422,"bucket1$1006,:3,:6001",2014-03-31T13:26:04.669900,MQ,GBM,,,,3000.0,,3000,100.0,ZNE,train,gold,"bucket1$107,:3,:6001",
1423,"bucket1$1007,:3,:6001",2014-03-31T13:26:04.290000,MQ,IA2,,,,3000.0,3224.0,3000,100.0,ZNE,train,gold,"bucket1$108,:3,:6001",
1424,"bucket1$1008,:3,:6001",2014-03-31T13:26:04.950000,MQ,LAM,,,,3000.0,3178.0,3000,100.0,ZNE,train,gold,"bucket1$109,:3,:6001",
1425,"bucket1$1009,:3,:6001",2014-03-31T13:26:04.589900,MQ,MLM,,,,3000.0,,3000,100.0,ZNE,train,gold,"bucket1$110,:3,:6001",
1426,"bucket1$1010,:3,:6001",2014-03-31T13:26:04.620000,MQ,SAM,,,,3000.0,,3000,100.0,ZNE,train,gold,"bucket1$111,:3,:6001",
1427,"bucket1$1011,:3,:6001",2014-03-31T13:26:21.329900,MQ,BAM,,,,3000.0,,3000,100.0,ZNE,train,gold,"bucket1$112,:3,:6001",
1428,"bucket1$1012,:3,:6001",2014-03-31T13:26:21.119900,MQ,CPM,,,,3000.0,,3000,100.0,ZNE,train,gold,"bucket1$113,:3,:6001",
1429,"bucket1$1013,:3,:6001",2014-03-31T13:26:20.930000,MQ,IA2,,,,3000.0,3082.0,3000,100.0,ZNE,train,gold,"bucket1$114,:3,:6001",
1430,"bucket1$1014,:3,:6001",2014-03-31T13:26:20.560000,MQ,SAM,,,,3000.0,3026.0,3000,100.0,ZNE,train,gold,"bucket1$115,:3,:6001",
1431,"bucket1$1015,:3,:6001",2014-03-31T13:51:49.059900,MQ,BAM,,,,3000.0,,3000,100.0,ZNE,train,gold,"bucket1$116,:3,:6001",
1432,"bucket1$1016,:3,:6001",2014-03-31T13:51:49.549900,MQ,CPM,,,,3000.0,,3000,100.0,ZNE,train,gold,"bucket1$117,:3,:6001",
1433,"bucket1$1017,:3,:6001",2014-03-31T13:51:48.739900,MQ,GBM,,,,3000.0,,3000,100.0,ZNE,train,gold,"bucket1$118,:3,:6001",
1434,"bucket1$1018,:3,:6001",2014-03-31T13:51:48.960000,MQ,IA2,,,,3000.0,3152.0,3000,100.0,ZNE,train,gold,"bucket1$119,:3,:6001",
1435,"bucket5$237,:3,:6001",2014-03-31T13:51:49,MQ,LAM,,,,3000.0,3080.0,3000,100.0,ZNE,dev,gold,"bucket2$126,:3,:6001",
1436,"bucket1$1019,:3,:6001",2014-03-31T13:51:49.540000,MQ,SAM,,,,3000.0,3122.0,3000,100.0,ZNE,train,gold,"bucket1$120,:3,:6001",
1437,"bucket1$1020,:3,:6001",2014-03-31T19:32:31.119900,MQ,BAM,,,,3000.0,,3000,100.0,ZNE,train,gold,"bucket1$121,:3,:6001",
1438,"bucket1$1021,:3,:6001",2014-03-31T19:32:32.479900,MQ,CPM,,,,3000.0,,3000,100.0,ZNE,train,gold,"bucket1$122,:3,:6001",
1439,"bucket1$1022,:3,:6001",2014-03-31T19:32:36.559900,MQ,MLM,,,,3000.0,,3000,100.0,ZNE,train,gold,"bucket1$123,:3,:6001",
1440,"bucket1$1023,:3,:6001",2014-03-31T19:32:32.110000,MQ,SAM,,,,3000.0,3044.0,3000,100.0,ZNE,train,gold,"bucket1$124,:3,:6001",
1441,"bucket5$238,:3,:6001",2014-03-31T19:47:18.149900,MQ,BAM,,,,3000.0,,3000,100.0,ZNE,dev,gold,"bucket2$127,:3,:6001",
1442,"bucket2$0,:3,:6001",2014-03-31T19:47:17.619900,MQ,CPM,,,,3000.0,,3000,100.0,ZNE,train,gold,"bucket1$125,:3,:6001",
1443,"bucket4$256,:3,:6001",2014-03-31T19:47:17.649900,MQ,GBM,,,,3000.0,,3000,100.0,ZNE,test,gold,"bucket4$150,:3,:6001",
1444,"bucket2$1,:3,:6001",2014-03-31T19:47:19.139900,MQ,MLM,,,,3000.0,,3000,100.0,ZNE,train,gold,"bucket1$126,:3,:6001",
1445,"bucket2$2,:3,:6001",2014-04-01T02:38:07.329900,MQ,BAM,,,,3000.0,,3000,100.0,ZNE,train,gold,"bucket1$127,:3,:6001",
1446,"bucket2$3,:3,:6001",2014-04-01T02:38:08.369900,MQ,CPM,,,,3000.0,,3000,100.0,ZNE,train,gold,"bucket1$128,:3,:6001",
1447,"bucket2$4,:3,:6001",2014-04-01T02:38:08.449900,MQ,GBM,,,,3000.0,,3000,100.0,ZNE,train,gold,"bucket1$129,:3,:6001",
1448,"bucket2$5,:3,:6001",2014-04-01T02:38:07.460000,MQ,IA2,,,,3000.0,3208.0,3000,100.0,ZNE,train,gold,"bucket1$130,:3,:6001",
1449,"bucket4$257,:3,:6001",2014-04-01T02:38:07.410000,MQ,LAM,,,,3000.0,2889.0,3000,100.0,ZNE,test,gold,"bucket4$151,:3,:6001",
1450,"bucket2$6,:3,:6001",2014-04-01T02:38:08.959900,MQ,MLM,,,,3000.0,,3000,100.0,ZNE,train,gold,"bucket1$131,:3,:6001",
1451,"bucket2$7,:3,:6001",2014-04-01T02:38:07.730000,MQ,SAM,,,,3000.0,3118.0,3000,100.0,ZNE,train,gold,"bucket1$132,:3,:6001",
1452,"bucket5$239,:3,:6001",2014-04-01T03:01:05.659900,MQ,BAM,,,,3000.0,,3000,100.0,ZNE,dev,gold,"bucket2$128,:3,:6001",
1453,"bucket2$8,:3,:6001",2014-04-01T03:01:05.999900,MQ,CPM,,,,3000.0,,3000,100.0,ZNE,train,gold,"bucket1$133,:3,:6001",
1454,"bucket2$9,:3,:6001",2014-04-01T03:01:06.789900,MQ,GBM,,,,3000.0,,3000,100.0,ZNE,train,gold,"bucket1$134,:3,:6001",
1455,"bucket2$10,:3,:6001",2014-04-01T03:01:05.820000,MQ,IA2,,,,3000.0,3213.0,3000,100.0,ZNE,train,gold,"bucket1$135,:3,:6001",
1456,"bucket2$11,:3,:6001",2014-04-01T03:01:06.160000,MQ,LAM,,,,3000.0,3101.0,3000,100.0,ZNE,train,gold,"bucket1$136,:3,:6001",
1457,"bucket2$12,:3,:6001",2014-04-01T03:01:06.959900,MQ,MLM,,,,3000.0,,3000,100.0,ZNE,train,gold,"bucket1$137,:3,:6001",
1458,"bucket5$240,:3,:6001",2014-04-01T03:28:25.289900,MQ,BAM,,,,3000.0,,3000,100.0,ZNE,dev,gold,"bucket2$129,:3,:6001",
1459,"bucket2$13,:3,:6001",2014-04-01T03:28:26.079900,MQ,CPM,,,,3000.0,,3000,100.0,ZNE,train,gold,"bucket1$138,:3,:6001",
1460,"bucket2$14,:3,:6001",2014-04-01T03:28:26.719900,MQ,GBM,,,,3000.0,,3000,100.0,ZNE,train,gold,"bucket1$139,:3,:6001",
1461,"bucket2$15,:3,:6001",2014-04-01T03:28:25.590000,MQ,IA2,,,,3000.0,3095.0,3000,100.0,ZNE,train,gold,"bucket1$140,:3,:6001",
1462,"bucket2$16,:3,:6001",2014-04-01T03:28:25.830000,MQ,LAM,,,,3000.0,3067.0,3000,100.0,ZNE,train,gold,"bucket1$141,:3,:6001",
1463,"bucket2$17,:3,:6001",2014-04-01T03:28:27.019900,MQ,MLM,,,,3000.0,,3000,100.0,ZNE,train,gold,"bucket1$142,:3,:6001",
1464,"bucket2$18,:3,:6001",2014-04-01T07:23:51.019900,MQ,BAM,,,,3000.0,,3000,100.0,ZNE,train,gold,"bucket1$143,:3,:6001",
1465,"bucket2$19,:3,:6001",2014-04-01T07:23:50.399900,MQ,GBM,,,,3000.0,,3000,100.0,ZNE,train,gold,"bucket1$144,:3,:6001",
1466,"bucket2$20,:3,:6001",2014-04-01T07:23:51.390000,MQ,IA2,,,,3000.0,3010.0,3000,100.0,ZNE,train,gold,"bucket1$145,:3,:6001",
1467,"bucket2$21,:3,:6001",2014-04-01T07:23:49.900000,MQ,LAM,,,,3000.0,3062.0,3000,100.0,ZNE,train,gold,"bucket1$146,:3,:6001",
1468,"bucket2$22,:3,:6001",2014-04-01T15:27:44.459900,MQ,BAM,,,,3000.0,,3000,100.0,ZNE,train,gold,"bucket1$147,:3,:6001",
1469,"bucket2$23,:3,:6001",2014-04-01T15:27:44.459900,MQ,CPM,,,,3000.0,,3000,100.0,ZNE,train,gold,"bucket1$148,:3,:6001",
1470,"bucket2$24,:3,:6001",2014-04-01T15:27:44.009900,MQ,GBM,,,,3000.0,,3000,100.0,ZNE,train,gold,"bucket1$149,:3,:6001",
1471,"bucket2$25,:3,:6001",2014-04-01T15:27:44.370000,MQ,IA2,,,,3000.0,3201.0,3000,100.0,ZNE,train,gold,"bucket1$150,:3,:6001",
1472,"bucket2$26,:3,:6001",2014-04-01T15:27:45.610000,MQ,LAM,,,,3000.0,3019.0,3000,100.0,ZNE,train,gold,"bucket1$151,:3,:6001",
1473,"bucket4$258,:3,:6001",2014-04-01T15:28:11.609900,MQ,BAM,,,,3000.0,,3000,100.0,ZNE,test,gold,"bucket4$152,:3,:6001",
1474,"bucket2$27,:3,:6001",2014-04-01T15:28:09.979900,MQ,CPM,,,,3000.0,,3000,100.0,ZNE,train,gold,"bucket1$152,:3,:6001",
1475,"bucket4$259,:3,:6001",2014-04-01T15:28:10.479900,MQ,GBM,,,,3000.0,,3000,100.0,ZNE,test,gold,"bucket4$153,:3,:6001",
1476,"bucket2$28,:3,:6001",2014-04-01T15:28:09.830000,MQ,IA2,,,,3000.0,3050.0,3000,100.0,ZNE,train,gold,"bucket1$153,:3,:6001",
1477,"bucket2$29,:3,:6001",2014-04-01T15:28:10.190000,MQ,SAM,,,,3000.0,3229.0,3000,100.0,ZNE,train,gold,"bucket1$154,:3,:6001",
1478,"bucket2$30,:3,:6001",2014-04-01T23:11:04.130000,MQ,LAM,,,,3000.0,3021.0,3000,100.0,ZNE,train,gold,"bucket1$155,:3,:6001",
1479,"bucket2$31,:3,:6001",2014-04-01T23:11:09.380000,MQ,SAM,,,,3000.0,3024.0,3000,100.0,ZNE,train,gold,"bucket1$156,:3,:6001",
1480,"bucket2$32,:3,:6001",2014-04-01T23:18:13.070000,MQ,IA2,,,,3000.0,3052.0,3000,100.0,ZNE,train,gold,"bucket1$157,:3,:6001",
1481,"bucket2$33,:3,:6001",2014-04-01T23:57:11.059900,MQ,BAM,,,,3000.0,,3000,100.0,ZNE,train,gold,"bucket1$158,:3,:6001",
1482,"bucket2$34,:3,:6001",2014-04-01T23:57:12.029900,MQ,CPM,,,,3000.0,,3000,100.0,ZNE,train,gold,"bucket1$159,:3,:6001",
1483,"bucket2$35,:3,:6001",2014-04-01T23:57:11.379900,MQ,GBM,,,,3000.0,,3000,100.0,ZNE,train,gold,"bucket1$160,:3,:6001",
1484,"bucket2$36,:3,:6001",2014-04-01T23:57:11.860000,MQ,IA2,,,,3000.0,,3000,100.0,ZNE,train,gold,"bucket1$161,:3,:6001",
1485,"bucket2$37,:3,:6001",2014-04-01T23:57:11.940000,MQ,LAM,,,,3000.0,3020.0,3000,100.0,ZNE,train,gold,"bucket1$162,:3,:6001",
1486,"bucket2$38,:3,:6001",2014-04-01T23:57:21.429900,MQ,BAM,,,,3000.0,,3000,100.0,ZNE,train,gold,"bucket1$163,:3,:6001",
1487,"bucket2$39,:3,:6001",2014-04-01T23:57:22.859900,MQ,CPM,,,,3000.0,,3000,100.0,ZNE,train,gold,"bucket1$164,:3,:6001",
1488,"bucket2$40,:3,:6001",2014-04-01T23:57:22.259900,MQ,GBM,,,,3000.0,,3000,100.0,ZNE,train,gold,"bucket1$165,:3,:6001",
1489,"bucket2$41,:3,:6001",2014-04-01T23:57:22.620000,MQ,IA2,,,,3000.0,3177.0,3000,100.0,ZNE,train,gold,"bucket1$166,:3,:6001",
1490,"bucket2$42,:3,:6001",2014-04-01T23:57:22.070000,MQ,LAM,,,,3000.0,3225.0,3000,100.0,ZNE,train,gold,"bucket1$167,:3,:6001",
1491,"bucket4$260,:3,:6001",2014-04-01T23:57:24.419900,MQ,MLM,,,,3000.0,,3000,100.0,ZNE,test,gold,"bucket4$154,:3,:6001",
1492,"bucket2$43,:3,:6001",2014-04-01T23:57:23.060000,MQ,SAM,,,,3000.0,3051.0,3000,100.0,ZNE,train,gold,"bucket1$168,:3,:6001",
1493,"bucket2$44,:3,:6001",2014-04-02T01:18:06.339900,MQ,BAM,,,,3000.0,,3000,100.0,ZNE,train,gold,"bucket1$169,:3,:6001",
1494,"bucket2$45,:3,:6001",2014-04-02T01:18:05.489900,MQ,GBM,,,,3000.0,,3000,100.0,ZNE,train,gold,"bucket1$170,:3,:6001",
1495,"bucket2$46,:3,:6001",2014-04-02T01:18:08.180000,MQ,IA2,,,,3000.0,,3000,100.0,ZNE,train,gold,"bucket1$171,:3,:6001",
1496,"bucket2$47,:3,:6001",2014-04-02T01:18:05.410000,MQ,LAM,,,,3000.0,3037.0,3000,100.0,ZNE,train,gold,"bucket1$172,:3,:6001",
1497,"bucket2$48,:3,:6001",2014-04-02T03:23:42.819900,MQ,BAM,,,,3000.0,,3000,100.0,ZNE,train,gold,"bucket1$173,:3,:6001",
1498,"bucket2$49,:3,:6001",2014-04-02T03:23:41.839900,MQ,GBM,,,,3000.0,,3000,100.0,ZNE,train,gold,"bucket1$174,:3,:6001",
1499,"bucket2$50,:3,:6001",2014-04-02T03:23:42.460000,MQ,IA2,,,,3000.0,3022.0,3000,100.0,ZNE,train,gold,"bucket1$175,:3,:6001",
1500,"bucket2$51,:3,:6001",2014-04-02T03:23:41.660000,MQ,LAM,,,,3000.0,,3000,100.0,ZNE,train,gold,"bucket1$176,:3,:6001",
1501,"bucket4$261,:3,:6001",2014-04-02T03:28:54.879900,MQ,GBM,,,,3000.0,,3000,100.0,ZNE,test,gold,"bucket4$155,:3,:6001",
1502,"bucket2$52,:3,:6001",2014-04-02T03:28:55.750000,MQ,IA2,,,,3000.0,3022.0,3000,100.0,ZNE,train,gold,"bucket1$177,:3,:6001",
1503,"bucket2$53,:3,:6001",2014-04-02T04:28:45.419900,MQ,BAM,,,,3000.0,,3000,100.0,ZNE,train,gold,"bucket1$178,:3,:6001",
1504,"bucket2$54,:3,:6001",2014-04-02T04:28:44.429900,MQ,GBM,,,,3000.0,,3000,100.0,ZNE,train,gold,"bucket1$179,:3,:6001",
1505,"bucket2$55,:3,:6001",2014-04-02T04:28:45.140000,MQ,IA2,,,,3000.0,3053.0,3000,100.0,ZNE,train,gold,"bucket1$180,:3,:6001",
1506,"bucket2$56,:3,:6001",2014-04-02T04:28:44.150000,MQ,LAM,,,,3000.0,3138.0,3000,100.0,ZNE,train,gold,"bucket1$181,:3,:6001",
1507,"bucket2$57,:3,:6001",2014-04-02T04:35:11.770000,MQ,SAM,,,,3000.0,3030.0,3000,100.0,ZNE,train,gold,"bucket1$182,:3,:6001",
1508,"bucket2$58,:3,:6001",2014-04-02T04:42:55.640000,MQ,IA2,,,,3000.0,,3000,100.0,ZNE,train,gold,"bucket1$183,:3,:6001",
1509,"bucket2$59,:3,:6001",2014-04-02T06:25:40.139900,MQ,BAM,,,,3000.0,,3000,100.0,ZNE,train,gold,"bucket1$184,:3,:6001",
1510,"bucket4$262,:3,:6001",2014-04-02T06:25:41.739900,MQ,CPM,,,,3000.0,,3000,100.0,ZNE,test,gold,"bucket4$156,:3,:6001",
1511,"bucket2$60,:3,:6001",2014-04-02T06:25:39.629900,MQ,GBM,,,,3000.0,,3000,100.0,ZNE,train,gold,"bucket1$185,:3,:6001",
1512,"bucket2$61,:3,:6001",2014-04-02T06:25:39.230000,MQ,LAM,,,,3000.0,3054.0,3000,100.0,ZNE,train,gold,"bucket1$186,:3,:6001",
1513,"bucket2$62,:3,:6001",2014-04-02T06:45:47.709900,MQ,CPM,,,,3000.0,,3000,100.0,ZNE,train,gold,"bucket1$187,:3,:6001",
1514,"bucket2$63,:3,:6001",2014-04-02T06:45:47.090000,MQ,SAM,,,,3000.0,3047.0,3000,100.0,ZNE,train,gold,"bucket1$188,:3,:6001",
1515,"bucket2$64,:3,:6001",2014-04-02T07:06:14.929900,MQ,CPM,,,,3000.0,,3000,100.0,ZNE,train,gold,"bucket1$189,:3,:6001",
1516,"bucket2$65,:3,:6001",2014-04-02T07:13:15.999900,MQ,BAM,,,,3000.0,,3000,100.0,ZNE,train,gold,"bucket1$190,:3,:6001",
1517,"bucket2$66,:3,:6001",2014-04-02T07:13:16.759900,MQ,CPM,,,,3000.0,,3000,100.0,ZNE,train,gold,"bucket1$191,:3,:6001",
1518,"bucket2$67,:3,:6001",2014-04-02T07:13:16.419900,MQ,GBM,,,,3000.0,,3000,100.0,ZNE,train,gold,"bucket1$192,:3,:6001",
1519,"bucket4$263,:3,:6001",2014-04-02T07:13:16.960000,MQ,IA2,,,,3000.0,3019.0,3000,100.0,ZNE,test,gold,"bucket4$157,:3,:6001",
1520,"bucket2$68,:3,:6001",2014-04-02T07:13:16.600000,MQ,LAM,,,,3000.0,3201.0,3000,100.0,ZNE,train,gold,"bucket1$193,:3,:6001",
1521,"bucket2$69,:3,:6001",2014-04-02T07:13:16.099900,MQ,MLM,,,,3000.0,,3000,100.0,ZNE,train,gold,"bucket1$194,:3,:6001",
1522,"bucket2$70,:3,:6001",2014-04-02T07:13:16.740000,MQ,SAM,,,,3000.0,3037.0,3000,100.0,ZNE,train,gold,"bucket1$195,:3,:6001",
1523,"bucket5$241,:3,:6001",2014-04-02T07:13:31.159900,MQ,BAM,,,,3000.0,,3000,100.0,ZNE,dev,gold,"bucket2$130,:3,:6001",
1524,"bucket2$71,:3,:6001",2014-04-02T07:13:31.929900,MQ,CPM,,,,3000.0,,3000,100.0,ZNE,train,gold,"bucket1$196,:3,:6001",
1525,"bucket2$72,:3,:6001",2014-04-02T07:13:30.949900,MQ,GBM,,,,3000.0,,3000,100.0,ZNE,train,gold,"bucket1$197,:3,:6001",
1526,"bucket2$73,:3,:6001",2014-04-02T07:13:31.730000,MQ,IA2,,,,3000.0,3061.0,3000,100.0,ZNE,train,gold,"bucket1$198,:3,:6001",
1527,"bucket5$242,:3,:6001",2014-04-02T07:13:31.720000,MQ,LAM,,,,3000.0,3062.0,3000,100.0,ZNE,dev,gold,"bucket2$131,:3,:6001",
1528,"bucket2$74,:3,:6001",2014-04-02T07:13:33.009900,MQ,MLM,,,,3000.0,,3000,100.0,ZNE,train,gold,"bucket1$199,:3,:6001",
1529,"bucket2$75,:3,:6001",2014-04-02T07:13:31.500000,MQ,SAM,,,,3000.0,3013.0,3000,100.0,ZNE,train,gold,"bucket1$200,:3,:6001",
1530,"bucket2$76,:3,:6001",2014-04-02T07:20:34.689900,MQ,BAM,,,,3000.0,,3000,100.0,ZNE,train,gold,"bucket1$201,:3,:6001",
1531,"bucket2$77,:3,:6001",2014-04-02T07:20:36.299900,MQ,CPM,,,,3000.0,,3000,100.0,ZNE,train,gold,"bucket1$202,:3,:6001",
1532,"bucket2$78,:3,:6001",2014-04-02T07:20:35.569900,MQ,MLM,,,,3000.0,,3000,100.0,ZNE,train,gold,"bucket1$203,:3,:6001",
1533,"bucket2$79,:3,:6001",2014-04-02T08:53:06.979900,MQ,BAM,,,,3000.0,,3000,100.0,ZNE,train,gold,"bucket1$204,:3,:6001",
1534,"bucket4$264,:3,:6001",2014-04-02T08:53:08.679900,MQ,GBM,,,,3000.0,,3000,100.0,ZNE,test,gold,"bucket4$158,:3,:6001",
1535,"bucket2$80,:3,:6001",2014-04-02T08:53:06.860000,MQ,LAM,,,,3000.0,3099.0,3000,100.0,ZNE,train,gold,"bucket1$205,:3,:6001",
1536,"bucket4$265,:3,:6001",2014-04-02T08:53:12.599900,MQ,MLM,,,,3000.0,,3000,100.0,ZNE,test,gold,"bucket4$159,:3,:6001",
1537,"bucket2$81,:3,:6001",2014-04-02T08:53:45.819900,MQ,CPM,,,,3000.0,,3000,100.0,ZNE,train,gold,"bucket1$206,:3,:6001",
1538,"bucket2$82,:3,:6001",2014-04-02T08:53:45.300000,MQ,SAM,,,,3000.0,3041.0,3000,100.0,ZNE,train,gold,"bucket1$207,:3,:6001",
1539,"bucket2$83,:3,:6001",2014-04-02T10:32:22.459900,MQ,BAM,,,,3000.0,,3000,100.0,ZNE,train,gold,"bucket1$208,:3,:6001",
1540,"bucket2$84,:3,:6001",2014-04-02T10:32:21.999900,MQ,CPM,,,,3000.0,,3000,100.0,ZNE,train,gold,"bucket1$209,:3,:6001",
1541,"bucket2$85,:3,:6001",2014-04-02T10:32:39.570000,MQ,SAM,,,,3000.0,3019.0,3000,100.0,ZNE,train,gold,"bucket1$210,:3,:6001",
1542,"bucket2$86,:3,:6001",2014-04-02T10:35:11.799900,MQ,CPM,,,,3000.0,,3000,100.0,ZNE,train,gold,"bucket1$211,:3,:6001",
1543,"bucket2$87,:3,:6001",2014-04-02T10:35:11.129900,MQ,GBM,,,,3000.0,,3000,100.0,ZNE,train,gold,"bucket1$212,:3,:6001",
1544,"bucket2$88,:3,:6001",2014-04-02T10:35:11.840000,MQ,SAM,,,,3000.0,3069.0,3000,100.0,ZNE,train,gold,"bucket1$213,:3,:6001",
1545,"bucket2$89,:3,:6001",2014-04-02T11:15:57.829900,MQ,BAM,,,,3000.0,,3000,100.0,ZNE,train,gold,"bucket1$214,:3,:6001",
1546,"bucket2$90,:3,:6001",2014-04-02T11:15:56.109900,MQ,GBM,,,,3000.0,,3000,100.0,ZNE,train,gold,"bucket1$215,:3,:6001",
1547,"bucket2$91,:3,:6001",2014-04-02T11:15:57.900000,MQ,LAM,,,,3000.0,3336.0,3000,100.0,ZNE,train,gold,"bucket1$216,:3,:6001",
1548,"bucket2$92,:3,:6001",2014-04-02T11:15:58.110000,MQ,SAM,,,,3000.0,3069.0,3000,100.0,ZNE,train,gold,"bucket1$217,:3,:6001",
1549,"bucket2$93,:3,:6001",2014-04-02T11:21:14.889900,MQ,GBM,,,,3000.0,,3000,100.0,ZNE,train,gold,"bucket1$218,:3,:6001",
1550,"bucket2$94,:3,:6001",2014-04-02T11:21:15.560000,MQ,IA2,,,,3000.0,3045.0,3000,100.0,ZNE,train,gold,"bucket1$219,:3,:6001",
1551,"bucket5$243,:3,:6001",2014-04-02T11:21:15.030000,MQ,LAM,,,,3000.0,2910.0,3000,100.0,ZNE,dev,gold,"bucket2$132,:3,:6001",
1552,"bucket2$95,:3,:6001",2014-04-02T12:18:09.309900,MQ,GBM,,,,3000.0,,3000,100.0,ZNE,train,gold,"bucket1$220,:3,:6001",
1553,"bucket2$96,:3,:6001",2014-04-02T12:18:11.690000,MQ,IA2,,,,3000.0,3043.0,3000,100.0,ZNE,train,gold,"bucket1$221,:3,:6001",
1554,"bucket2$97,:3,:6001",2014-04-02T13:22:11.870000,MQ,IA2,,,,3000.0,3084.0,3000,100.0,ZNE,train,gold,"bucket1$222,:3,:6001",
1555,"bucket2$98,:3,:6001",2014-04-02T13:26:13.599900,MQ,BAM,,,,3000.0,,3000,100.0,ZNE,train,gold,"bucket1$223,:3,:6001",
1556,"bucket5$244,:3,:6001",2014-04-02T13:26:12.849900,MQ,GBM,,,,3000.0,,3000,100.0,ZNE,dev,gold,"bucket2$133,:3,:6001",
1557,"bucket4$266,:3,:6001",2014-04-02T13:26:12.480000,MQ,LAM,,,,3000.0,3293.0,3000,100.0,ZNE,test,gold,"bucket4$160,:3,:6001",
1558,"bucket2$99,:3,:6001",2014-04-02T13:26:13.840000,MQ,SAM,,,,3000.0,3020.0,3000,100.0,ZNE,train,gold,"bucket1$224,:3,:6001",
1559,"bucket2$100,:3,:6001",2014-04-02T13:42:33.399900,MQ,BAM,,,,3000.0,,3000,100.0,ZNE,train,gold,"bucket1$225,:3,:6001",
1560,"bucket2$101,:3,:6001",2014-04-02T13:42:38.399900,MQ,CPM,,,,3000.0,,3000,100.0,ZNE,train,gold,"bucket1$226,:3,:6001",
1561,"bucket2$102,:3,:6001",2014-04-02T13:42:35.290000,MQ,LAM,,,,3000.0,3074.0,3000,100.0,ZNE,train,gold,"bucket1$227,:3,:6001",
1562,"bucket5$245,:3,:6001",2014-04-02T15:12:18.749900,MQ,BAM,,,,3000.0,,3000,100.0,ZNE,dev,gold,"bucket2$134,:3,:6001",
1563,"bucket2$103,:3,:6001",2014-04-02T15:12:17.539900,MQ,GBM,,,,3000.0,,3000,100.0,ZNE,train,gold,"bucket1$228,:3,:6001",
1564,"bucket2$104,:3,:6001",2014-04-02T15:12:18.360000,MQ,IA2,,,,3000.0,3005.0,3000,100.0,ZNE,train,gold,"bucket1$229,:3,:6001",
1565,"bucket2$105,:3,:6001",2014-04-02T15:12:16.940000,MQ,LAM,,,,3000.0,3018.0,3000,100.0,ZNE,train,gold,"bucket1$230,:3,:6001",
1566,"bucket5$246,:3,:6001",2014-04-02T15:12:18.189900,MQ,MLM,,,,3000.0,,3000,100.0,ZNE,dev,gold,"bucket2$135,:3,:6001",
1567,"bucket2$106,:3,:6001",2014-04-02T16:57:45.199900,MQ,BAM,,,,3000.0,,3000,100.0,ZNE,train,gold,"bucket1$231,:3,:6001",
1568,"bucket2$107,:3,:6001",2014-04-02T16:57:46.089900,MQ,CPM,,,,3000.0,,3000,100.0,ZNE,train,gold,"bucket1$232,:3,:6001",
1569,"bucket2$108,:3,:6001",2014-04-02T16:57:44.739900,MQ,GBM,,,,3000.0,,3000,100.0,ZNE,train,gold,"bucket1$233,:3,:6001",
1570,"bucket2$109,:3,:6001",2014-04-02T16:57:45.380000,MQ,IA2,,,,3000.0,3269.0,3000,100.0,ZNE,train,gold,"bucket1$234,:3,:6001",
1571,"bucket2$110,:3,:6001",2014-04-02T16:57:44.940000,MQ,LAM,,,,3000.0,3061.0,3000,100.0,ZNE,train,gold,"bucket1$235,:3,:6001",
1572,"bucket2$111,:3,:6001",2014-04-02T16:57:45.660000,MQ,SAM,,,,3000.0,3044.0,3000,100.0,ZNE,train,gold,"bucket1$236,:3,:6001",
1573,"bucket2$112,:3,:6001",2014-04-02T17:44:55.779900,MQ,BAM,,,,3000.0,,3000,100.0,ZNE,train,gold,"bucket1$237,:3,:6001",
1574,"bucket5$247,:3,:6001",2014-04-02T17:44:54.549900,MQ,CPM,,,,3000.0,,3000,100.0,ZNE,dev,gold,"bucket2$136,:3,:6001",
1575,"bucket2$113,:3,:6001",2014-04-02T17:44:53.299900,MQ,GBM,,,,3000.0,,3000,100.0,ZNE,train,gold,"bucket1$238,:3,:6001",
1576,"bucket2$114,:3,:6001",2014-04-02T17:44:54.800000,MQ,IA2,,,,3000.0,3019.0,3000,100.0,ZNE,train,gold,"bucket1$239,:3,:6001",
1577,"bucket2$115,:3,:6001",2014-04-02T17:44:54.100000,MQ,LAM,,,,3000.0,3109.0,3000,100.0,ZNE,train,gold,"bucket1$240,:3,:6001",
1578,"bucket4$267,:3,:6001",2014-04-02T17:44:53.849900,MQ,MLM,,,,3000.0,,3000,100.0,ZNE,test,gold,"bucket4$161,:3,:6001",
1579,"bucket2$116,:3,:6001",2014-04-02T17:44:53.970000,MQ,SAM,,,,3000.0,3036.0,3000,100.0,ZNE,train,gold,"bucket1$241,:3,:6001",
1580,"bucket4$268,:3,:6001",2014-04-02T18:32:41.999900,MQ,BAM,,,,3000.0,,3000,100.0,ZNE,test,gold,"bucket4$162,:3,:6001",
1581,"bucket2$117,:3,:6001",2014-04-02T18:32:43.580000,MQ,IA2,,,,3000.0,3041.0,3000,100.0,ZNE,train,gold,"bucket1$242,:3,:6001",
1582,"bucket5$248,:3,:6001",2014-04-02T19:45:49.559900,MQ,BAM,,,,3000.0,,3000,100.0,ZNE,dev,gold,"bucket2$137,:3,:6001",
1583,"bucket2$118,:3,:6001",2014-04-02T19:45:44.099900,MQ,CPM,,,,3000.0,,3000,100.0,ZNE,train,gold,"bucket1$243,:3,:6001",
1584,"bucket2$119,:3,:6001",2014-04-02T19:45:49.770000,MQ,LAM,,,,3000.0,3012.0,3000,100.0,ZNE,train,gold,"bucket1$244,:3,:6001",
1585,"bucket2$120,:3,:6001",2014-04-02T19:45:48.060000,MQ,SAM,,,,3000.0,3164.0,3000,100.0,ZNE,train,gold,"bucket1$245,:3,:6001",
1586,"bucket2$121,:3,:6001",2014-04-02T21:25:11.699900,MQ,BAM,,,,3000.0,,3000,100.0,ZNE,train,gold,"bucket1$246,:3,:6001",
1587,"bucket4$269,:3,:6001",2014-04-02T21:25:11.059900,MQ,GBM,,,,3000.0,,3000,100.0,ZNE,test,gold,"bucket4$163,:3,:6001",
1588,"bucket2$122,:3,:6001",2014-04-02T21:25:11.060000,MQ,IA2,,,,3000.0,3041.0,3000,100.0,ZNE,train,gold,"bucket1$247,:3,:6001",
1589,"bucket4$270,:3,:6001",2014-04-02T21:25:10.460000,MQ,LAM,,,,3000.0,3017.0,3000,100.0,ZNE,test,gold,"bucket4$164,:3,:6001",
1590,"bucket5$249,:3,:6001",2014-04-02T21:25:25.519900,MQ,BAM,,,,3000.0,,3000,100.0,ZNE,dev,gold,"bucket2$138,:3,:6001",
1591,"bucket2$123,:3,:6001",2014-04-02T21:25:24.339900,MQ,GBM,,,,3000.0,,3000,100.0,ZNE,train,gold,"bucket1$248,:3,:6001",
1592,"bucket5$250,:3,:6001",2014-04-02T21:25:25.190000,MQ,IA2,,,,3000.0,3046.0,3000,100.0,ZNE,dev,gold,"bucket2$139,:3,:6001",
1593,"bucket4$271,:3,:6001",2014-04-02T21:25:24.080000,MQ,LAM,,,,3000.0,3047.0,3000,100.0,ZNE,test,gold,"bucket4$165,:3,:6001",
1594,"bucket2$124,:3,:6001",2014-04-02T21:25:26.069900,MQ,MLM,,,,3000.0,,3000,100.0,ZNE,train,gold,"bucket1$249,:3,:6001",
1595,"bucket2$125,:3,:6001",2014-04-02T21:25:25.300000,MQ,SAM,,,,3000.0,3051.0,3000,100.0,ZNE,train,gold,"bucket1$250,:3,:6001",
1596,"bucket2$126,:3,:6001",2014-04-03T02:50:02.219900,MQ,BAM,,,,3000.0,,3000,100.0,ZNE,train,gold,"bucket1$251,:3,:6001",
1597,"bucket5$251,:3,:6001",2014-04-03T02:50:07.469900,MQ,CPM,,,,3000.0,,3000,100.0,ZNE,dev,gold,"bucket2$140,:3,:6001",
1598,"bucket2$127,:3,:6001",2014-04-03T02:50:05.170000,MQ,IA2,,,,3000.0,3046.0,3000,100.0,ZNE,train,gold,"bucket1$252,:3,:6001",
1599,"bucket2$128,:3,:6001",2014-04-03T02:49:58.909900,MQ,MLM,,,,3000.0,,3000,100.0,ZNE,train,gold,"bucket1$253,:3,:6001",
1600,"bucket2$129,:3,:6001",2014-04-03T02:58:50.999900,MQ,BAM,,,,3000.0,,3000,100.0,ZNE,train,gold,"bucket1$254,:3,:6001",
1601,"bucket2$130,:3,:6001",2014-04-03T02:58:50.849900,MQ,CPM,,,,3000.0,,3000,100.0,ZNE,train,gold,"bucket1$255,:3,:6001",
1602,"bucket2$131,:3,:6001",2014-04-03T02:58:51.320000,MQ,IA2,,,,3000.0,2901.0,3000,100.0,ZNE,train,gold,"bucket1$256,:3,:6001",
1603,"bucket2$132,:3,:6001",2014-04-03T02:58:51.320000,MQ,LAM,,,,3000.0,3190.0,3000,100.0,ZNE,train,gold,"bucket1$257,:3,:6001",
1604,"bucket2$133,:3,:6001",2014-04-03T03:49:58.479900,MQ,BAM,,,,3000.0,,3000,100.0,ZNE,train,gold,"bucket1$258,:3,:6001",
1605,"bucket5$252,:3,:6001",2014-04-03T03:49:58.399900,MQ,CPM,,,,3000.0,,3000,100.0,ZNE,dev,gold,"bucket2$141,:3,:6001",
1606,"bucket2$134,:3,:6001",2014-04-03T03:49:59.199900,MQ,GBM,,,,3000.0,,3000,100.0,ZNE,train,gold,"bucket1$259,:3,:6001",
1607,"bucket4$272,:3,:6001",2014-04-03T03:49:58.730000,MQ,IA2,,,,3000.0,3064.0,3000,100.0,ZNE,test,gold,"bucket4$166,:3,:6001",
1608,"bucket2$135,:3,:6001",2014-04-03T03:49:59.170000,MQ,LAM,,,,3000.0,3088.0,3000,100.0,ZNE,train,gold,"bucket1$260,:3,:6001",
1609,"bucket4$273,:3,:6001",2014-04-03T03:49:59.199900,MQ,MLM,,,,3000.0,,3000,100.0,ZNE,test,gold,"bucket4$167,:3,:6001",
1610,"bucket2$136,:3,:6001",2014-04-03T03:49:59.010000,MQ,SAM,,,,3000.0,3173.0,3000,100.0,ZNE,train,gold,"bucket1$261,:3,:6001",
1611,"bucket4$274,:3,:6001",2014-04-03T04:34:25.729900,MQ,BAM,,,,3000.0,,3000,100.0,ZNE,test,gold,"bucket4$168,:3,:6001",
1612,"bucket2$137,:3,:6001",2014-04-03T04:34:25.529900,MQ,CPM,,,,3000.0,,3000,100.0,ZNE,train,gold,"bucket1$262,:3,:6001",
1613,"bucket2$138,:3,:6001",2014-04-03T04:34:25.209900,MQ,GBM,,,,3000.0,,3000,100.0,ZNE,train,gold,"bucket1$263,:3,:6001",
1614,"bucket2$139,:3,:6001",2014-04-03T04:34:25.860000,MQ,IA2,,,,3000.0,,3000,100.0,ZNE,train,gold,"bucket1$264,:3,:6001",
1615,"bucket5$253,:3,:6001",2014-04-03T04:34:25.890000,MQ,LAM,,,,3000.0,3004.0,3000,100.0,ZNE,dev,gold,"bucket2$142,:3,:6001",
1616,"bucket5$254,:3,:6001",2014-04-03T04:34:25.930000,MQ,SAM,,,,3000.0,,3000,100.0,ZNE,dev,gold,"bucket2$143,:3,:6001",
1617,"bucket4$275,:3,:6001",2014-04-03T04:34:50.979900,MQ,CPM,,,,3000.0,,3000,100.0,ZNE,test,gold,"bucket4$169,:3,:6001",
1618,"bucket2$140,:3,:6001",2014-04-03T04:34:50.750000,MQ,IA2,,,,3000.0,3310.0,3000,100.0,ZNE,train,gold,"bucket1$265,:3,:6001",
1619,"bucket5$255,:3,:6001",2014-04-03T04:34:50.600000,MQ,LAM,,,,3000.0,3060.0,3000,100.0,ZNE,dev,gold,"bucket2$144,:3,:6001",
1620,"bucket2$141,:3,:6001",2014-04-03T04:34:52.919900,MQ,MLM,,,,3000.0,,3000,100.0,ZNE,train,gold,"bucket1$266,:3,:6001",
1621,"bucket2$142,:3,:6001",2014-04-03T04:34:49.830000,MQ,SAM,,,,3000.0,3088.0,3000,100.0,ZNE,train,gold,"bucket1$267,:3,:6001",
1622,"bucket2$143,:3,:6001",2014-04-03T06:06:32.909900,MQ,BAM,,,,3000.0,,3000,100.0,ZNE,train,gold,"bucket1$268,:3,:6001",
1623,"bucket2$144,:3,:6001",2014-04-03T06:06:32.269900,MQ,CPM,,,,3000.0,,3000,100.0,ZNE,train,gold,"bucket1$269,:3,:6001",
1624,"bucket2$145,:3,:6001",2014-04-03T06:06:33.379900,MQ,GBM,,,,3000.0,,3000,100.0,ZNE,train,gold,"bucket1$270,:3,:6001",
1625,"bucket2$146,:3,:6001",2014-04-03T06:06:32.870000,MQ,IA2,,,,3000.0,,3000,100.0,ZNE,train,gold,"bucket1$271,:3,:6001",
1626,"bucket2$147,:3,:6001",2014-04-03T06:06:32.820000,MQ,LAM,,,,3000.0,3108.0,3000,100.0,ZNE,train,gold,"bucket1$272,:3,:6001",
1627,"bucket2$148,:3,:6001",2014-04-03T09:56:37.599900,MQ,BAM,,,,3000.0,,3000,100.0,ZNE,train,gold,"bucket1$273,:3,:6001",
1628,"bucket2$149,:3,:6001",2014-04-03T09:56:37.789900,MQ,GBM,,,,3000.0,,3000,100.0,ZNE,train,gold,"bucket1$274,:3,:6001",
1629,"bucket2$150,:3,:6001",2014-04-03T09:56:36.800000,MQ,LAM,,,,3000.0,3023.0,3000,100.0,ZNE,train,gold,"bucket1$275,:3,:6001",
1630,"bucket2$151,:3,:6001",2014-04-03T09:56:38.020000,MQ,SAM,,,,3000.0,3018.0,3000,100.0,ZNE,train,gold,"bucket1$276,:3,:6001",
1631,"bucket4$276,:3,:6001",2014-04-03T22:42:52.519900,MQ,BAM,,,,3000.0,,3000,100.0,ZNE,test,gold,"bucket4$170,:3,:6001",
1632,"bucket2$152,:3,:6001",2014-04-03T22:42:52.029900,MQ,GBM,,,,3000.0,,3000,100.0,ZNE,train,gold,"bucket1$277,:3,:6001",
1633,"bucket2$153,:3,:6001",2014-04-03T22:42:56.480000,MQ,LAM,,,,3000.0,3011.0,3000,100.0,ZNE,train,gold,"bucket1$278,:3,:6001",
1634,"bucket2$154,:3,:6001",2014-04-03T22:42:58.100000,MQ,SAM,,,,3000.0,3028.0,3000,100.0,ZNE,train,gold,"bucket1$279,:3,:6001",
1635,"bucket2$155,:3,:6001",2014-04-03T23:44:41.719900,MQ,CPM,,,,3000.0,,3000,100.0,ZNE,train,gold,"bucket1$280,:3,:6001",
1636,"bucket2$156,:3,:6001",2014-04-03T23:44:42.799900,MQ,GBM,,,,3000.0,,3000,100.0,ZNE,train,gold,"bucket1$281,:3,:6001",
1637,"bucket5$256,:3,:6001",2014-04-03T23:44:41.360000,MQ,IA2,,,,3000.0,3054.0,3000,100.0,ZNE,dev,gold,"bucket2$145,:3,:6001",
1638,"bucket2$157,:3,:6001",2014-04-03T23:44:41.120000,MQ,LAM,,,,3000.0,3013.0,3000,100.0,ZNE,train,gold,"bucket1$282,:3,:6001",
1639,"bucket2$158,:3,:6001",2014-04-03T23:44:42.429900,MQ,MLM,,,,3000.0,,3000,100.0,ZNE,train,gold,"bucket1$283,:3,:6001",
1640,"bucket2$159,:3,:6001",2014-04-03T23:51:54.279900,MQ,CPM,,,,3000.0,,3000,100.0,ZNE,train,gold,"bucket1$284,:3,:6001",
1641,"bucket2$160,:3,:6001",2014-04-03T23:51:50.429900,MQ,GBM,,,,3000.0,,3000,100.0,ZNE,train,gold,"bucket1$285,:3,:6001",
1642,"bucket5$257,:3,:6001",2014-04-03T23:51:50.970000,MQ,IA2,,,,3000.0,3197.0,3000,100.0,ZNE,dev,gold,"bucket2$146,:3,:6001",
1643,"bucket2$161,:3,:6001",2014-04-03T23:51:51.400000,MQ,LAM,,,,3000.0,3214.0,3000,100.0,ZNE,train,gold,"bucket1$286,:3,:6001",
1644,"bucket2$162,:3,:6001",2014-04-03T23:51:54.229900,MQ,MLM,,,,3000.0,,3000,100.0,ZNE,train,gold,"bucket1$287,:3,:6001",
1645,"bucket2$163,:3,:6001",2014-04-04T03:06:22.759900,MQ,BAM,,,,3000.0,,3000,100.0,ZNE,train,gold,"bucket1$288,:3,:6001",
1646,"bucket5$258,:3,:6001",2014-04-04T03:06:23.539900,MQ,CPM,,,,3000.0,,3000,100.0,ZNE,dev,gold,"bucket2$147,:3,:6001",
1647,"bucket2$164,:3,:6001",2014-04-04T03:06:23.619900,MQ,GBM,,,,3000.0,,3000,100.0,ZNE,train,gold,"bucket1$289,:3,:6001",
1648,"bucket2$165,:3,:6001",2014-04-04T03:06:23.170000,MQ,IA2,,,,3000.0,3183.0,3000,100.0,ZNE,train,gold,"bucket1$290,:3,:6001",
1649,"bucket2$166,:3,:6001",2014-04-04T03:06:23.180000,MQ,LAM,,,,3000.0,3093.0,3000,100.0,ZNE,train,gold,"bucket1$291,:3,:6001",
1650,"bucket2$167,:3,:6001",2014-04-04T03:06:23.749900,MQ,MLM,,,,3000.0,,3000,100.0,ZNE,train,gold,"bucket1$292,:3,:6001",
1651,"bucket5$259,:3,:6001",2014-04-04T03:06:23.130000,MQ,SAM,,,,3000.0,,3000,100.0,ZNE,dev,gold,"bucket2$148,:3,:6001",
1652,"bucket2$168,:3,:6001",2014-04-04T03:23:06.599900,MQ,BAM,,,,3000.0,,3000,100.0,ZNE,train,gold,"bucket1$293,:3,:6001",
1653,"bucket2$169,:3,:6001",2014-04-04T03:23:05.609900,MQ,GBM,,,,3000.0,,3000,100.0,ZNE,train,gold,"bucket1$294,:3,:6001",
1654,"bucket5$260,:3,:6001",2014-04-04T03:23:10.190000,MQ,IA2,,,,3000.0,,3000,100.0,ZNE,dev,gold,"bucket2$149,:3,:6001",
1655,"bucket2$170,:3,:6001",2014-04-04T03:23:11.200000,MQ,SAM,,,,3000.0,3053.0,3000,100.0,ZNE,train,gold,"bucket1$295,:3,:6001",
1656,"bucket4$277,:3,:6001",2014-04-04T04:06:14.079900,MQ,BAM,,,,3000.0,,3000,100.0,ZNE,test,gold,"bucket4$171,:3,:6001",
1657,"bucket4$278,:3,:6001",2014-04-04T04:06:14.189900,MQ,CPM,,,,3000.0,,3000,100.0,ZNE,test,gold,"bucket4$172,:3,:6001",
1658,"bucket5$261,:3,:6001",2014-04-04T04:06:13.769900,MQ,GBM,,,,3000.0,,3000,100.0,ZNE,dev,gold,"bucket2$150,:3,:6001",
1659,"bucket2$171,:3,:6001",2014-04-04T04:06:13.870000,MQ,IA2,,,,3000.0,3120.0,3000,100.0,ZNE,train,gold,"bucket1$296,:3,:6001",
1660,"bucket2$172,:3,:6001",2014-04-04T04:06:13.609900,MQ,MLM,,,,3000.0,,3000,100.0,ZNE,train,gold,"bucket1$297,:3,:6001",
1661,"bucket5$262,:3,:6001",2014-04-04T04:06:14.180000,MQ,SAM,,,,3000.0,3188.0,3000,100.0,ZNE,dev,gold,"bucket2$151,:3,:6001",
1662,"bucket2$173,:3,:6001",2014-04-04T04:06:26.829900,MQ,BAM,,,,3000.0,,3000,100.0,ZNE,train,gold,"bucket1$298,:3,:6001",
1663,"bucket2$174,:3,:6001",2014-04-04T04:06:27.909900,MQ,CPM,,,,3000.0,,3000,100.0,ZNE,train,gold,"bucket1$299,:3,:6001",
1664,"bucket2$175,:3,:6001",2014-04-04T04:06:27.139900,MQ,GBM,,,,3000.0,,3000,100.0,ZNE,train,gold,"bucket1$300,:3,:6001",
1665,"bucket2$176,:3,:6001",2014-04-04T04:06:27.030000,MQ,IA2,,,,3000.0,3143.0,3000,100.0,ZNE,train,gold,"bucket1$301,:3,:6001",
1666,"bucket5$263,:3,:6001",2014-04-04T04:06:27.899900,MQ,MLM,,,,3000.0,,3000,100.0,ZNE,dev,gold,"bucket2$152,:3,:6001",
1667,"bucket2$177,:3,:6001",2014-04-04T04:06:27.210000,MQ,SAM,,,,3000.0,3127.0,3000,100.0,ZNE,train,gold,"bucket1$302,:3,:6001",
1668,"bucket2$178,:3,:6001",2014-04-04T11:31:12.289900,MQ,BAM,,,,3000.0,,3000,100.0,ZNE,train,gold,"bucket1$303,:3,:6001",
1669,"bucket2$179,:3,:6001",2014-04-04T11:31:12.039900,MQ,CPM,,,,3000.0,,3000,100.0,ZNE,train,gold,"bucket1$304,:3,:6001",
1670,"bucket2$180,:3,:6001",2014-04-04T11:31:13.259900,MQ,GBM,,,,3000.0,,3000,100.0,ZNE,train,gold,"bucket1$305,:3,:6001",
1671,"bucket5$264,:3,:6001",2014-04-04T11:31:12.640000,MQ,IA2,,,,3000.0,3172.0,3000,100.0,ZNE,dev,gold,"bucket2$153,:3,:6001",
1672,"bucket2$181,:3,:6001",2014-04-04T11:31:12.120000,MQ,LAM,,,,3000.0,3048.0,3000,100.0,ZNE,train,gold,"bucket1$306,:3,:6001",
1673,"bucket2$182,:3,:6001",2014-04-04T11:31:13.599900,MQ,MLM,,,,3000.0,,3000,100.0,ZNE,train,gold,"bucket1$307,:3,:6001",
1674,"bucket2$183,:3,:6001",2014-04-05T03:58:52.230000,MQ,IA2,,,,3000.0,3119.0,3000,100.0,ZNE,train,gold,"bucket1$308,:3,:6001",
1675,"bucket5$265,:3,:6001",2014-04-05T03:58:57.030000,MQ,LAM,,,,3000.0,3015.0,3000,100.0,ZNE,dev,gold,"bucket2$154,:3,:6001",
1676,"bucket2$184,:3,:6001",2014-04-05T05:40:58.429900,MQ,CPM,,,,3000.0,,3000,100.0,ZNE,train,gold,"bucket1$309,:3,:6001",
1677,"bucket2$185,:3,:6001",2014-04-05T11:26:46.579900,MQ,BAM,,,,3000.0,,3000,100.0,ZNE,train,gold,"bucket1$310,:3,:6001",
1678,"bucket2$186,:3,:6001",2014-04-05T11:26:47.059900,MQ,CPM,,,,3000.0,,3000,100.0,ZNE,train,gold,"bucket1$311,:3,:6001",
1679,"bucket5$266,:3,:6001",2014-04-05T11:26:46.119900,MQ,GBM,,,,3000.0,,3000,100.0,ZNE,dev,gold,"bucket2$155,:3,:6001",
1680,"bucket2$187,:3,:6001",2014-04-05T11:26:46.130000,MQ,IA2,,,,3000.0,3059.0,3000,100.0,ZNE,train,gold,"bucket1$312,:3,:6001",
1681,"bucket2$188,:3,:6001",2014-04-05T11:26:46.150000,MQ,LAM,,,,3000.0,3073.0,3000,100.0,ZNE,train,gold,"bucket1$313,:3,:6001",
1682,"bucket2$189,:3,:6001",2014-04-05T11:26:47.180000,MQ,SAM,,,,3000.0,3053.0,3000,100.0,ZNE,train,gold,"bucket1$314,:3,:6001",
1683,"bucket2$190,:3,:6001",2014-04-06T12:25:56.859900,MQ,BAM,,,,3000.0,,3000,100.0,ZNE,train,gold,"bucket1$315,:3,:6001",
1684,"bucket2$191,:3,:6001",2014-04-06T12:25:57.419900,MQ,CPM,,,,3000.0,,3000,100.0,ZNE,train,gold,"bucket1$316,:3,:6001",
1685,"bucket2$192,:3,:6001",2014-04-06T12:25:57.029900,MQ,GBM,,,,3000.0,,3000,100.0,ZNE,train,gold,"bucket1$317,:3,:6001",
1686,"bucket2$193,:3,:6001",2014-04-06T12:25:57.440000,MQ,IA2,,,,3000.0,3204.0,3000,100.0,ZNE,train,gold,"bucket1$318,:3,:6001",
1687,"bucket2$194,:3,:6001",2014-04-06T12:25:56.790000,MQ,LAM,,,,3000.0,3029.0,3000,100.0,ZNE,train,gold,"bucket1$319,:3,:6001",
1688,"bucket5$267,:3,:6001",2014-04-06T12:25:57.379900,MQ,MLM,,,,3000.0,,3000,100.0,ZNE,dev,gold,"bucket2$156,:3,:6001",
1689,"bucket2$195,:3,:6001",2014-04-06T12:25:57.790000,MQ,SAM,,,,3000.0,3080.0,3000,100.0,ZNE,train,gold,"bucket1$320,:3,:6001",
1690,"bucket2$196,:3,:6001",2014-04-07T04:55:43.509900,MQ,BAM,,,,3000.0,,3000,100.0,ZNE,train,gold,"bucket1$321,:3,:6001",
1691,"bucket2$197,:3,:6001",2014-04-07T04:55:43.949900,MQ,CPM,,,,3000.0,,3000,100.0,ZNE,train,gold,"bucket1$322,:3,:6001",
1692,"bucket2$198,:3,:6001",2014-04-07T04:55:44.109900,MQ,GBM,,,,3000.0,,3000,100.0,ZNE,train,gold,"bucket1$323,:3,:6001",
1693,"bucket2$199,:3,:6001",2014-04-07T04:55:43.450000,MQ,IA2,,,,3000.0,3130.0,3000,100.0,ZNE,train,gold,"bucket1$324,:3,:6001",
1694,"bucket5$268,:3,:6001",2014-04-07T04:55:43.800000,MQ,LAM,,,,3000.0,3145.0,3000,100.0,ZNE,dev,gold,"bucket2$157,:3,:6001",
1695,"bucket2$200,:3,:6001",2014-04-07T04:55:59.969900,MQ,BAM,,,,3000.0,,3000,100.0,ZNE,train,gold,"bucket1$325,:3,:6001",
1696,"bucket2$201,:3,:6001",2014-04-07T04:55:59.729900,MQ,CPM,,,,3000.0,,3000,100.0,ZNE,train,gold,"bucket1$326,:3,:6001",
1697,"bucket2$202,:3,:6001",2014-04-07T04:55:59.919900,MQ,GBM,,,,3000.0,,3000,100.0,ZNE,train,gold,"bucket1$327,:3,:6001",
1698,"bucket2$203,:3,:6001",2014-04-07T04:55:59.610000,MQ,IA2,,,,3000.0,,3000,100.0,ZNE,train,gold,"bucket1$328,:3,:6001",
1699,"bucket2$204,:3,:6001",2014-04-07T04:55:59.450000,MQ,LAM,,,,3000.0,3177.0,3000,100.0,ZNE,train,gold,"bucket1$329,:3,:6001",
1700,"bucket2$205,:3,:6001",2014-04-07T06:03:22.689900,MQ,BAM,,,,3000.0,,3000,100.0,ZNE,train,gold,"bucket1$330,:3,:6001",
1701,"bucket5$269,:3,:6001",2014-04-07T06:03:23.509900,MQ,CPM,,,,3000.0,,3000,100.0,ZNE,dev,gold,"bucket2$158,:3,:6001",
1702,"bucket2$206,:3,:6001",2014-04-07T06:03:23.369900,MQ,GBM,,,,3000.0,,3000,100.0,ZNE,train,gold,"bucket1$331,:3,:6001",
1703,"bucket2$207,:3,:6001",2014-04-07T06:03:23.580000,MQ,IA2,,,,3000.0,3111.0,3000,100.0,ZNE,train,gold,"bucket1$332,:3,:6001",
1704,"bucket4$279,:3,:6001",2014-04-07T06:03:23.019900,MQ,MLM,,,,3000.0,,3000,100.0,ZNE,test,gold,"bucket4$173,:3,:6001",
1705,"bucket2$208,:3,:6001",2014-04-07T06:03:37.949900,MQ,BAM,,,,3000.0,,3000,100.0,ZNE,train,gold,"bucket1$333,:3,:6001",
1706,"bucket2$209,:3,:6001",2014-04-07T06:03:38.669900,MQ,CPM,,,,3000.0,,3000,100.0,ZNE,train,gold,"bucket1$334,:3,:6001",
1707,"bucket4$280,:3,:6001",2014-04-07T06:03:37.389900,MQ,GBM,,,,3000.0,,3000,100.0,ZNE,test,gold,"bucket4$174,:3,:6001",
1708,"bucket2$210,:3,:6001",2014-04-07T06:03:37.550000,MQ,IA2,,,,3000.0,3172.0,3000,100.0,ZNE,train,gold,"bucket1$335,:3,:6001",
1709,"bucket2$211,:3,:6001",2014-04-07T06:03:38.970000,MQ,LAM,,,,3000.0,,3000,100.0,ZNE,train,gold,"bucket1$336,:3,:6001",
1710,"bucket2$212,:3,:6001",2014-04-07T06:03:39.339900,MQ,MLM,,,,3000.0,,3000,100.0,ZNE,train,gold,"bucket1$337,:3,:6001",
1711,"bucket4$281,:3,:6001",2014-04-07T06:03:38.800000,MQ,SAM,,,,3000.0,3096.0,3000,100.0,ZNE,test,gold,"bucket4$175,:3,:6001",
1712,"bucket2$213,:3,:6001",2014-04-07T12:10:17.579900,MQ,BAM,,,,3000.0,,3000,100.0,ZNE,train,gold,"bucket1$338,:3,:6001",
1713,"bucket5$270,:3,:6001",2014-04-07T12:10:17.679900,MQ,CPM,,,,3000.0,,3000,100.0,ZNE,dev,gold,"bucket2$159,:3,:6001",
1714,"bucket2$214,:3,:6001",2014-04-07T12:10:17.569900,MQ,GBM,,,,3000.0,,3000,100.0,ZNE,train,gold,"bucket1$339,:3,:6001",
1715,"bucket2$215,:3,:6001",2014-04-07T12:10:16.850000,MQ,SAM,,,,3000.0,3001.0,3000,100.0,ZNE,train,gold,"bucket1$340,:3,:6001",
1716,"bucket2$216,:3,:6001",2014-04-08T12:28:16.319900,MQ,BAM,,,,3000.0,,3000,100.0,ZNE,train,gold,"bucket1$341,:3,:6001",
1717,"bucket2$217,:3,:6001",2014-04-08T12:28:16.029900,MQ,CPM,,,,3000.0,,3000,100.0,ZNE,train,gold,"bucket1$342,:3,:6001",
1718,"bucket2$218,:3,:6001",2014-04-08T12:28:16.189900,MQ,GBM,,,,3000.0,,3000,100.0,ZNE,train,gold,"bucket1$343,:3,:6001",
1719,"bucket2$219,:3,:6001",2014-04-08T12:28:16,MQ,IA2,,,,3000.0,3066.0,3000,100.0,ZNE,train,gold,"bucket1$344,:3,:6001",
1720,"bucket2$220,:3,:6001",2014-04-08T13:30:39.589900,MQ,BAM,,,,3000.0,,3000,100.0,ZNE,train,gold,"bucket1$345,:3,:6001",
1721,"bucket2$221,:3,:6001",2014-04-08T13:30:40.249900,MQ,CPM,,,,3000.0,,3000,100.0,ZNE,train,gold,"bucket1$346,:3,:6001",
1722,"bucket2$222,:3,:6001",2014-04-08T13:30:40.420000,MQ,IA2,,,,3000.0,3085.0,3000,100.0,ZNE,train,gold,"bucket1$347,:3,:6001",
1723,"bucket2$223,:3,:6001",2014-04-08T13:30:40.290000,MQ,LAM,,,,3000.0,3180.0,3000,100.0,ZNE,train,gold,"bucket1$348,:3,:6001",
1724,"bucket4$282,:3,:6001",2014-04-08T13:30:50.099900,MQ,BAM,,,,3000.0,,3000,100.0,ZNE,test,gold,"bucket4$176,:3,:6001",
1725,"bucket2$224,:3,:6001",2014-04-08T13:30:50.979900,MQ,CPM,,,,3000.0,,3000,100.0,ZNE,train,gold,"bucket1$349,:3,:6001",
1726,"bucket2$225,:3,:6001",2014-04-08T13:30:50.599900,MQ,GBM,,,,3000.0,,3000,100.0,ZNE,train,gold,"bucket1$350,:3,:6001",
1727,"bucket2$226,:3,:6001",2014-04-08T13:30:51.030000,MQ,IA2,,,,3000.0,3081.0,3000,100.0,ZNE,train,gold,"bucket1$351,:3,:6001",
1728,"bucket2$227,:3,:6001",2014-04-08T13:30:50.450000,MQ,LAM,,,,3000.0,3140.0,3000,100.0,ZNE,train,gold,"bucket1$352,:3,:6001",
1729,"bucket2$228,:3,:6001",2014-04-08T13:30:50.819900,MQ,MLM,,,,3000.0,,3000,100.0,ZNE,train,gold,"bucket1$353,:3,:6001",
1730,"bucket2$229,:3,:6001",2014-04-08T13:30:51.100000,MQ,SAM,,,,3000.0,,3000,100.0,ZNE,train,gold,"bucket1$354,:3,:6001",
1731,"bucket2$230,:3,:6001",2014-04-08T18:27:34.919900,MQ,BAM,,,,3000.0,,3000,100.0,ZNE,train,gold,"bucket1$355,:3,:6001",
1732,"bucket2$231,:3,:6001",2014-04-08T18:27:35.559900,MQ,CPM,,,,3000.0,,3000,100.0,ZNE,train,gold,"bucket1$356,:3,:6001",
1733,"bucket2$232,:3,:6001",2014-04-08T18:27:35.769900,MQ,GBM,,,,3000.0,,3000,100.0,ZNE,train,gold,"bucket1$357,:3,:6001",
1734,"bucket2$233,:3,:6001",2014-04-08T18:27:35.090000,MQ,IA2,,,,3000.0,3140.0,3000,100.0,ZNE,train,gold,"bucket1$358,:3,:6001",
1735,"bucket2$234,:3,:6001",2014-04-09T03:29:39.229900,MQ,BAM,,,,3000.0,,3000,100.0,ZNE,train,gold,"bucket1$359,:3,:6001",
1736,"bucket4$283,:3,:6001",2014-04-09T03:29:38.830000,MQ,IA2,,,,3000.0,,3000,100.0,ZNE,test,gold,"bucket4$177,:3,:6001",
1737,"bucket2$235,:3,:6001",2014-04-09T19:37:46.549900,MQ,BAM,,,,3000.0,,3000,100.0,ZNE,train,gold,"bucket1$360,:3,:6001",
1738,"bucket2$236,:3,:6001",2014-04-09T19:37:49.420000,MQ,IA2,,,,3000.0,3052.0,3000,100.0,ZNE,train,gold,"bucket1$361,:3,:6001",
1739,"bucket2$237,:3,:6001",2014-04-09T19:37:48.490000,MQ,LAM,,,,3000.0,3046.0,3000,100.0,ZNE,train,gold,"bucket1$362,:3,:6001",
1740,"bucket2$238,:3,:6001",2014-04-09T19:37:48.620000,MQ,SAM,,,,3000.0,3033.0,3000,100.0,ZNE,train,gold,"bucket1$363,:3,:6001",
1741,"bucket5$271,:3,:6001",2014-04-09T20:50:02.629900,MQ,BAM,,,,3000.0,,3000,100.0,ZNE,dev,gold,"bucket2$160,:3,:6001",
1742,"bucket2$239,:3,:6001",2014-04-09T20:50:02.429900,MQ,CPM,,,,3000.0,,3000,100.0,ZNE,train,gold,"bucket1$364,:3,:6001",
1743,"bucket2$240,:3,:6001",2014-04-09T20:50:01.949900,MQ,GBM,,,,3000.0,,3000,100.0,ZNE,train,gold,"bucket1$365,:3,:6001",
1744,"bucket2$241,:3,:6001",2014-04-09T20:50:01.979900,MQ,MLM,,,,3000.0,,3000,100.0,ZNE,train,gold,"bucket1$366,:3,:6001",
1745,"bucket2$242,:3,:6001",2014-04-09T20:50:15.479900,MQ,CPM,,,,3000.0,,3000,100.0,ZNE,train,gold,"bucket1$367,:3,:6001",
1746,"bucket2$243,:3,:6001",2014-04-09T20:50:14.420000,MQ,IA2,,,,3000.0,3174.0,3000,100.0,ZNE,train,gold,"bucket1$368,:3,:6001",
1747,"bucket2$244,:3,:6001",2014-04-09T20:50:15.290000,MQ,LAM,,,,3000.0,3151.0,3000,100.0,ZNE,train,gold,"bucket1$369,:3,:6001",
1748,"bucket5$272,:3,:6001",2014-04-09T20:50:14.600000,MQ,SAM,,,,3000.0,,3000,100.0,ZNE,dev,gold,"bucket2$161,:3,:6001",
1749,"bucket2$245,:3,:6001",2014-04-09T21:01:11.299900,MQ,BAM,,,,3000.0,,3000,100.0,ZNE,train,gold,"bucket1$370,:3,:6001",
1750,"bucket2$246,:3,:6001",2014-04-09T21:01:12.469900,MQ,CPM,,,,3000.0,,3000,100.0,ZNE,train,gold,"bucket1$371,:3,:6001",
1751,"bucket2$247,:3,:6001",2014-04-09T21:01:11.859900,MQ,GBM,,,,3000.0,,3000,100.0,ZNE,train,gold,"bucket1$372,:3,:6001",
1752,"bucket2$248,:3,:6001",2014-04-09T21:01:12.310000,MQ,IA2,,,,3000.0,3025.0,3000,100.0,ZNE,train,gold,"bucket1$373,:3,:6001",
1753,"bucket2$249,:3,:6001",2014-04-09T21:01:13.379900,MQ,MLM,,,,3000.0,,3000,100.0,ZNE,train,gold,"bucket1$374,:3,:6001",
1754,"bucket2$250,:3,:6001",2014-04-09T22:40:34.959900,MQ,BAM,,,,3000.0,,3000,100.0,ZNE,train,gold,"bucket1$375,:3,:6001",
1755,"bucket2$251,:3,:6001",2014-04-09T22:40:35.729900,MQ,CPM,,,,3000.0,,3000,100.0,ZNE,train,gold,"bucket1$376,:3,:6001",
1756,"bucket2$252,:3,:6001",2014-04-09T22:40:35.019900,MQ,GBM,,,,3000.0,,3000,100.0,ZNE,train,gold,"bucket1$377,:3,:6001",
1757,"bucket4$284,:3,:6001",2014-04-09T22:40:35.600000,MQ,IA2,,,,3000.0,,3000,100.0,ZNE,test,gold,"bucket4$178,:3,:6001",
1758,"bucket2$253,:3,:6001",2014-04-09T22:40:45.679900,MQ,BAM,,,,3000.0,,3000,100.0,ZNE,train,gold,"bucket1$378,:3,:6001",
1759,"bucket2$254,:3,:6001",2014-04-09T22:40:46.609900,MQ,CPM,,,,3000.0,,3000,100.0,ZNE,train,gold,"bucket1$379,:3,:6001",
1760,"bucket2$255,:3,:6001",2014-04-09T22:40:46.629900,MQ,GBM,,,,3000.0,,3000,100.0,ZNE,train,gold,"bucket1$380,:3,:6001",
1761,"bucket2$256,:3,:6001",2014-04-09T22:40:46.610000,MQ,IA2,,,,3000.0,3040.0,3000,100.0,ZNE,train,gold,"bucket1$381,:3,:6001",
1762,"bucket2$257,:3,:6001",2014-04-09T22:40:46.290000,MQ,LAM,,,,3000.0,3055.0,3000,100.0,ZNE,train,gold,"bucket1$382,:3,:6001",
1763,"bucket2$258,:3,:6001",2014-04-09T22:40:47.170000,MQ,SAM,,,,3000.0,3020.0,3000,100.0,ZNE,train,gold,"bucket1$383,:3,:6001",
1764,"bucket2$259,:3,:6001",2014-04-09T23:38:57.539900,MQ,BAM,,,,3000.0,,3000,100.0,ZNE,train,gold,"bucket1$384,:3,:6001",
1765,"bucket2$260,:3,:6001",2014-04-09T23:38:58.829900,MQ,CPM,,,,3000.0,,3000,100.0,ZNE,train,gold,"bucket1$385,:3,:6001",
1766,"bucket2$261,:3,:6001",2014-04-09T23:38:58.379900,MQ,GBM,,,,3000.0,,3000,100.0,ZNE,train,gold,"bucket1$386,:3,:6001",
1767,"bucket2$262,:3,:6001",2014-04-09T23:38:58.480000,MQ,SAM,,,,3000.0,3021.0,3000,100.0,ZNE,train,gold,"bucket1$387,:3,:6001",
1768,"bucket2$263,:3,:6001",2014-04-11T10:51:28.539900,MQ,BAM,,,,3000.0,,3000,100.0,ZNE,train,gold,"bucket1$388,:3,:6001",
1769,"bucket2$264,:3,:6001",2014-04-11T10:51:28.319900,MQ,CPM,,,,3000.0,,3000,100.0,ZNE,train,gold,"bucket1$389,:3,:6001",
1770,"bucket2$265,:3,:6001",2014-04-11T10:51:30.399900,MQ,GBM,,,,3000.0,,3000,100.0,ZNE,train,gold,"bucket1$390,:3,:6001",
1771,"bucket2$266,:3,:6001",2014-04-11T10:51:27.980000,MQ,IA2,,,,3000.0,3258.0,3000,100.0,ZNE,train,gold,"bucket1$391,:3,:6001",
1772,"bucket2$267,:3,:6001",2014-04-11T10:51:27.739900,MQ,MLM,,,,3000.0,,3000,100.0,ZNE,train,gold,"bucket1$392,:3,:6001",
1773,"bucket2$268,:3,:6001",2014-04-11T21:14:00.379900,MQ,BAM,,,,3000.0,,3000,100.0,ZNE,train,gold,"bucket1$393,:3,:6001",
1774,"bucket2$269,:3,:6001",2014-04-11T21:14:00.619900,MQ,CPM,,,,3000.0,,3000,100.0,ZNE,train,gold,"bucket1$394,:3,:6001",
1775,"bucket2$270,:3,:6001",2014-04-11T21:14:00.729900,MQ,GBM,,,,3000.0,,3000,100.0,ZNE,train,gold,"bucket1$395,:3,:6001",
1776,"bucket2$271,:3,:6001",2014-04-11T21:14:00.540000,MQ,IA2,,,,3000.0,3069.0,3000,100.0,ZNE,train,gold,"bucket1$396,:3,:6001",
1777,"bucket2$272,:3,:6001",2014-04-11T21:14:00.690000,MQ,LAM,,,,3000.0,3056.0,3000,100.0,ZNE,train,gold,"bucket1$397,:3,:6001",
1778,"bucket2$273,:3,:6001",2014-04-11T21:14:01.819900,MQ,MLM,,,,3000.0,,3000,100.0,ZNE,train,gold,"bucket1$398,:3,:6001",
1779,"bucket5$273,:3,:6001",2014-04-11T21:14:00.640000,MQ,SAM,,,,3000.0,3142.0,3000,100.0,ZNE,dev,gold,"bucket2$162,:3,:6001",
1780,"bucket2$274,:3,:6001",2014-04-11T23:25:30.709900,MQ,BAM,,,,3000.0,,3000,100.0,ZNE,train,gold,"bucket1$399,:3,:6001",
1781,"bucket2$275,:3,:6001",2014-04-11T23:25:30.759900,MQ,CPM,,,,3000.0,,3000,100.0,ZNE,train,gold,"bucket1$400,:3,:6001",
1782,"bucket2$276,:3,:6001",2014-04-11T23:25:30.140000,MQ,IA2,,,,3000.0,3197.0,3000,100.0,ZNE,train,gold,"bucket1$401,:3,:6001",
1783,"bucket2$277,:3,:6001",2014-04-11T23:25:30.469900,MQ,MLM,,,,3000.0,,3000,100.0,ZNE,train,gold,"bucket1$402,:3,:6001",
1784,"bucket2$278,:3,:6001",2014-04-12T11:15:58.309900,MQ,CPM,,,,3000.0,,3000,100.0,ZNE,train,gold,"bucket1$403,:3,:6001",
1785,"bucket2$279,:3,:6001",2014-04-12T11:15:56.669900,MQ,GBM,,,,3000.0,,3000,100.0,ZNE,train,gold,"bucket1$404,:3,:6001",
1786,"bucket2$280,:3,:6001",2014-04-12T11:15:57.600000,MQ,SAM,,,,3000.0,3004.0,3000,100.0,ZNE,train,gold,"bucket1$405,:3,:6001",
1787,"bucket2$281,:3,:6001",2014-04-12T21:59:51.759900,MQ,BAM,,,,3000.0,,3000,100.0,ZNE,train,gold,"bucket1$406,:3,:6001",
1788,"bucket2$282,:3,:6001",2014-04-12T21:59:53.209900,MQ,CPM,,,,3000.0,,3000,100.0,ZNE,train,gold,"bucket1$407,:3,:6001",
1789,"bucket2$283,:3,:6001",2014-04-12T21:59:51.290000,MQ,IA2,,,,3000.0,3075.0,3000,100.0,ZNE,train,gold,"bucket1$408,:3,:6001",
1790,"bucket2$284,:3,:6001",2014-04-12T21:59:51.069900,MQ,MLM,,,,3000.0,,3000,100.0,ZNE,train,gold,"bucket1$409,:3,:6001",
1791,"bucket2$285,:3,:6001",2014-04-13T02:44:56.679900,MQ,BAM,,,,3000.0,,3000,100.0,ZNE,train,gold,"bucket1$410,:3,:6001",
1792,"bucket2$286,:3,:6001",2014-04-13T02:44:56.199900,MQ,CPM,,,,3000.0,,3000,100.0,ZNE,train,gold,"bucket1$411,:3,:6001",
1793,"bucket2$287,:3,:6001",2014-04-13T02:44:56.899900,MQ,GBM,,,,3000.0,,3000,100.0,ZNE,train,gold,"bucket1$412,:3,:6001",
1794,"bucket2$288,:3,:6001",2014-04-13T02:44:55.760000,MQ,IA2,,,,3000.0,3032.0,3000,100.0,ZNE,train,gold,"bucket1$413,:3,:6001",
1795,"bucket2$289,:3,:6001",2014-04-13T02:44:56.890000,MQ,LAM,,,,3000.0,3053.0,3000,100.0,ZNE,train,gold,"bucket1$414,:3,:6001",
1796,"bucket2$290,:3,:6001",2014-04-13T02:44:57.049900,MQ,MLM,,,,3000.0,,3000,100.0,ZNE,train,gold,"bucket1$415,:3,:6001",
1797,"bucket2$291,:3,:6001",2014-04-13T02:44:56.790000,MQ,SAM,,,,3000.0,3039.0,3000,100.0,ZNE,train,gold,"bucket1$416,:3,:6001",
1798,"bucket2$292,:3,:6001",2014-04-13T04:25:59.649900,MQ,BAM,,,,3000.0,,3000,100.0,ZNE,train,gold,"bucket1$417,:3,:6001",
1799,"bucket2$293,:3,:6001",2014-04-13T04:25:59.999900,MQ,CPM,,,,3000.0,,3000,100.0,ZNE,train,gold,"bucket1$418,:3,:6001",
1800,"bucket2$294,:3,:6001",2014-04-13T04:25:59.039900,MQ,GBM,,,,3000.0,,3000,100.0,ZNE,train,gold,"bucket1$419,:3,:6001",
1801,"bucket4$285,:3,:6001",2014-04-13T04:25:58.720000,MQ,IA2,,,,3000.0,3018.0,3000,100.0,ZNE,test,gold,"bucket4$179,:3,:6001",
1802,"bucket2$295,:3,:6001",2014-04-13T04:25:58.669900,MQ,MLM,,,,3000.0,,3000,100.0,ZNE,train,gold,"bucket1$420,:3,:6001",
1803,"bucket4$286,:3,:6001",2014-04-13T15:40:52.529900,MQ,CPM,,,,3000.0,,3000,100.0,ZNE,test,gold,"bucket4$180,:3,:6001",
1804,"bucket2$296,:3,:6001",2014-04-13T15:40:52.079900,MQ,GBM,,,,3000.0,,3000,100.0,ZNE,train,gold,"bucket1$421,:3,:6001",
1805,"bucket2$297,:3,:6001",2014-04-13T15:40:51.860000,MQ,IA2,,,,3000.0,3054.0,3000,100.0,ZNE,train,gold,"bucket1$422,:3,:6001",
1806,"bucket2$298,:3,:6001",2014-04-13T15:40:52.409900,MQ,MLM,,,,3000.0,,3000,100.0,ZNE,train,gold,"bucket1$423,:3,:6001",
1807,"bucket2$299,:3,:6001",2014-04-13T15:41:08.159900,MQ,BAM,,,,3000.0,,3000,100.0,ZNE,train,gold,"bucket1$424,:3,:6001",
1808,"bucket2$300,:3,:6001",2014-04-13T15:41:08.929900,MQ,CPM,,,,3000.0,,3000,100.0,ZNE,train,gold,"bucket1$425,:3,:6001",
1809,"bucket2$301,:3,:6001",2014-04-13T15:41:08.399900,MQ,GBM,,,,3000.0,,3000,100.0,ZNE,train,gold,"bucket1$426,:3,:6001",
1810,"bucket2$302,:3,:6001",2014-04-13T15:41:08.370000,MQ,LAM,,,,3000.0,3023.0,3000,100.0,ZNE,train,gold,"bucket1$427,:3,:6001",
1811,"bucket2$303,:3,:6001",2014-04-13T15:41:09.110000,MQ,SAM,,,,3000.0,3068.0,3000,100.0,ZNE,train,gold,"bucket1$428,:3,:6001",
1812,"bucket2$304,:3,:6001",2014-04-13T16:22:38.819900,MQ,CPM,,,,3000.0,,3000,100.0,ZNE,train,gold,"bucket1$429,:3,:6001",
1813,"bucket2$305,:3,:6001",2014-04-13T16:22:39.049900,MQ,GBM,,,,3000.0,,3000,100.0,ZNE,train,gold,"bucket1$430,:3,:6001",
1814,"bucket5$274,:3,:6001",2014-04-13T16:22:38.690000,MQ,IA2,,,,3000.0,3027.0,3000,100.0,ZNE,dev,gold,"bucket2$163,:3,:6001",
1815,"bucket2$306,:3,:6001",2014-04-13T16:22:39.089900,MQ,MLM,,,,3000.0,,3000,100.0,ZNE,train,gold,"bucket1$431,:3,:6001",
1816,"bucket2$307,:3,:6001",2014-04-13T16:22:56.419900,MQ,CPM,,,,3000.0,,3000,100.0,ZNE,train,gold,"bucket1$432,:3,:6001",
1817,"bucket4$287,:3,:6001",2014-04-13T16:22:54.299900,MQ,GBM,,,,3000.0,,3000,100.0,ZNE,test,gold,"bucket4$181,:3,:6001",
1818,"bucket2$308,:3,:6001",2014-04-13T16:22:54.700000,MQ,IA2,,,,3000.0,3037.0,3000,100.0,ZNE,train,gold,"bucket1$433,:3,:6001",
1819,"bucket2$309,:3,:6001",2014-04-13T16:22:56.630000,MQ,SAM,,,,3000.0,3033.0,3000,100.0,ZNE,train,gold,"bucket1$434,:3,:6001",
1820,"bucket2$310,:3,:6001",2014-04-13T17:18:34.979900,MQ,BAM,,,,3000.0,,3000,100.0,ZNE,train,gold,"bucket1$435,:3,:6001",
1821,"bucket2$311,:3,:6001",2014-04-13T17:18:34.689900,MQ,GBM,,,,3000.0,,3000,100.0,ZNE,train,gold,"bucket1$436,:3,:6001",
1822,"bucket2$312,:3,:6001",2014-04-13T17:18:35.920000,MQ,IA2,,,,3000.0,3012.0,3000,100.0,ZNE,train,gold,"bucket1$437,:3,:6001",
1823,"bucket2$313,:3,:6001",2014-04-13T17:18:34.100000,MQ,SAM,,,,3000.0,3201.0,3000,100.0,ZNE,train,gold,"bucket1$438,:3,:6001",
1824,"bucket2$314,:3,:6001",2014-04-13T22:51:56.969900,MQ,BAM,,,,3000.0,,3000,100.0,ZNE,train,gold,"bucket1$439,:3,:6001",
1825,"bucket2$315,:3,:6001",2014-04-13T22:51:56.939900,MQ,GBM,,,,3000.0,,3000,100.0,ZNE,train,gold,"bucket1$440,:3,:6001",
1826,"bucket2$316,:3,:6001",2014-04-13T22:51:57.850000,MQ,IA2,,,,3000.0,3052.0,3000,100.0,ZNE,train,gold,"bucket1$441,:3,:6001",
1827,"bucket5$275,:3,:6001",2014-04-13T22:51:56.660000,MQ,LAM,,,,3000.0,3083.0,3000,100.0,ZNE,dev,gold,"bucket2$164,:3,:6001",
1828,"bucket2$317,:3,:6001",2014-04-13T23:09:14.530000,MQ,IA2,,,,3000.0,3073.0,3000,100.0,ZNE,train,gold,"bucket1$442,:3,:6001",
1829,"bucket2$318,:3,:6001",2014-04-14T00:00:36.029900,MQ,BAM,,,,3000.0,,3000,100.0,ZNE,train,gold,"bucket1$443,:3,:6001",
1830,"bucket2$319,:3,:6001",2014-04-14T00:00:34.709900,MQ,GBM,,,,3000.0,,3000,100.0,ZNE,train,gold,"bucket1$444,:3,:6001",
1831,"bucket2$320,:3,:6001",2014-04-14T00:00:34.230000,MQ,LAM,,,,3000.0,3233.0,3000,100.0,ZNE,train,gold,"bucket1$445,:3,:6001",
1832,"bucket2$321,:3,:6001",2014-04-14T00:00:35.990000,MQ,SAM,,,,3000.0,3015.0,3000,100.0,ZNE,train,gold,"bucket1$446,:3,:6001",
1833,"bucket2$322,:3,:6001",2014-04-14T00:01:26.750000,MQ,IA2,,,,3000.0,3026.0,3000,100.0,ZNE,train,gold,"bucket1$447,:3,:6001",
1834,"bucket2$323,:3,:6001",2014-04-14T02:20:23.350000,MQ,SAM,,,,3000.0,3047.0,3000,100.0,ZNE,train,gold,"bucket1$448,:3,:6001",
1835,"bucket2$324,:3,:6001",2014-04-14T02:55:28.669900,MQ,BAM,,,,3000.0,,3000,100.0,ZNE,train,gold,"bucket1$449,:3,:6001",
1836,"bucket2$325,:3,:6001",2014-04-14T02:55:28.889900,MQ,CPM,,,,3000.0,,3000,100.0,ZNE,train,gold,"bucket1$450,:3,:6001",
1837,"bucket4$288,:3,:6001",2014-04-14T02:55:28.619900,MQ,GBM,,,,3000.0,,3000,100.0,ZNE,test,gold,"bucket4$182,:3,:6001",
1838,"bucket2$326,:3,:6001",2014-04-14T02:55:29.400000,MQ,IA2,,,,3000.0,3058.0,3000,100.0,ZNE,train,gold,"bucket1$451,:3,:6001",
1839,"bucket2$327,:3,:6001",2014-04-14T02:55:30.500000,MQ,LAM,,,,3000.0,,3000,100.0,ZNE,train,gold,"bucket1$452,:3,:6001",
1840,"bucket4$289,:3,:6001",2014-04-14T02:55:29.259900,MQ,MLM,,,,3000.0,,3000,100.0,ZNE,test,gold,"bucket4$183,:3,:6001",
1841,"bucket2$328,:3,:6001",2014-04-14T02:55:29.300000,MQ,SAM,,,,3000.0,3040.0,3000,100.0,ZNE,train,gold,"bucket1$453,:3,:6001",
1842,"bucket2$329,:3,:6001",2014-04-14T02:55:46.799900,MQ,BAM,,,,3000.0,,3000,100.0,ZNE,train,gold,"bucket1$454,:3,:6001",
1843,"bucket2$330,:3,:6001",2014-04-14T02:55:48.829900,MQ,CPM,,,,3000.0,,3000,100.0,ZNE,train,gold,"bucket1$455,:3,:6001",
1844,"bucket2$331,:3,:6001",2014-04-14T02:55:47.339900,MQ,GBM,,,,3000.0,,3000,100.0,ZNE,train,gold,"bucket1$456,:3,:6001",
1845,"bucket2$332,:3,:6001",2014-04-14T02:55:47.940000,MQ,IA2,,,,3000.0,3057.0,3000,100.0,ZNE,train,gold,"bucket1$457,:3,:6001",
1846,"bucket5$276,:3,:6001",2014-04-14T02:55:47.440000,MQ,SAM,,,,3000.0,3113.0,3000,100.0,ZNE,dev,gold,"bucket2$165,:3,:6001",
1847,"bucket2$333,:3,:6001",2014-04-14T08:44:50.149900,MQ,CPM,,,,3000.0,,3000,100.0,ZNE,train,gold,"bucket1$458,:3,:6001",
1848,"bucket2$334,:3,:6001",2014-04-14T08:44:51.539900,MQ,GBM,,,,3000.0,,3000,100.0,ZNE,train,gold,"bucket1$459,:3,:6001",
1849,"bucket4$290,:3,:6001",2014-04-14T08:44:49.540000,MQ,IA2,,,,3000.0,3012.0,3000,100.0,ZNE,test,gold,"bucket4$184,:3,:6001",
1850,"bucket2$335,:3,:6001",2014-04-14T08:44:51.520000,MQ,LAM,,,,3000.0,3033.0,3000,100.0,ZNE,train,gold,"bucket1$460,:3,:6001",
1851,"bucket2$336,:3,:6001",2014-04-14T22:54:13.019900,MQ,BAM,,,,3000.0,,3000,100.0,ZNE,train,gold,"bucket1$461,:3,:6001",
1852,"bucket2$337,:3,:6001",2014-04-14T22:54:13.939900,MQ,CPM,,,,3000.0,,3000,100.0,ZNE,train,gold,"bucket1$462,:3,:6001",
1853,"bucket2$338,:3,:6001",2014-04-14T22:54:14.859900,MQ,GBM,,,,3000.0,,3000,100.0,ZNE,train,gold,"bucket1$463,:3,:6001",
1854,"bucket2$339,:3,:6001",2014-04-14T22:54:13.790000,MQ,IA2,,,,3000.0,3227.0,3000,100.0,ZNE,train,gold,"bucket1$464,:3,:6001",
1855,"bucket2$340,:3,:6001",2014-04-14T22:59:17.619900,MQ,BAM,,,,3000.0,,3000,100.0,ZNE,train,gold,"bucket1$465,:3,:6001",
1856,"bucket2$341,:3,:6001",2014-04-14T22:59:18.929900,MQ,CPM,,,,3000.0,,3000,100.0,ZNE,train,gold,"bucket1$466,:3,:6001",
1857,"bucket2$342,:3,:6001",2014-04-14T22:59:17.989900,MQ,GBM,,,,3000.0,,3000,100.0,ZNE,train,gold,"bucket1$467,:3,:6001",
1858,"bucket2$343,:3,:6001",2014-04-14T22:59:18.280000,MQ,IA2,,,,3000.0,3087.0,3000,100.0,ZNE,train,gold,"bucket1$468,:3,:6001",
1859,"bucket2$344,:3,:6001",2014-04-14T22:59:18.180000,MQ,LAM,,,,3000.0,3214.0,3000,100.0,ZNE,train,gold,"bucket1$469,:3,:6001",
1860,"bucket2$345,:3,:6001",2014-04-14T22:59:20.209900,MQ,MLM,,,,3000.0,,3000,100.0,ZNE,train,gold,"bucket1$470,:3,:6001",
1861,"bucket2$346,:3,:6001",2014-04-14T22:59:17.910000,MQ,SAM,,,,3000.0,2955.0,3000,100.0,ZNE,train,gold,"bucket1$471,:3,:6001",
1862,"bucket2$347,:3,:6001",2014-04-15T02:45:53.599900,MQ,BAM,,,,3000.0,,3000,100.0,ZNE,train,gold,"bucket1$472,:3,:6001",
1863,"bucket2$348,:3,:6001",2014-04-15T02:45:52.319900,MQ,CPM,,,,3000.0,,3000,100.0,ZNE,train,gold,"bucket1$473,:3,:6001",
1864,"bucket2$349,:3,:6001",2014-04-15T02:45:51.039900,MQ,GBM,,,,3000.0,,3000,100.0,ZNE,train,gold,"bucket1$474,:3,:6001",
1865,"bucket4$291,:3,:6001",2014-04-15T02:45:51.470000,MQ,IA2,,,,3000.0,3020.0,3000,100.0,ZNE,test,gold,"bucket4$185,:3,:6001",
1866,"bucket2$350,:3,:6001",2014-04-15T05:51:03.719900,MQ,BAM,,,,3000.0,,3000,100.0,ZNE,train,gold,"bucket1$475,:3,:6001",
1867,"bucket2$351,:3,:6001",2014-04-15T05:51:03.059900,MQ,CPM,,,,3000.0,,3000,100.0,ZNE,train,gold,"bucket1$476,:3,:6001",
1868,"bucket4$292,:3,:6001",2014-04-15T05:51:03.209900,MQ,GBM,,,,3000.0,,3000,100.0,ZNE,test,gold,"bucket4$186,:3,:6001",
1869,"bucket5$277,:3,:6001",2014-04-15T05:51:02.890000,MQ,IA2,,,,3000.0,3056.0,3000,100.0,ZNE,dev,gold,"bucket2$166,:3,:6001",
1870,"bucket2$352,:3,:6001",2014-04-15T05:51:03.400000,MQ,SAM,,,,3000.0,3056.0,3000,100.0,ZNE,train,gold,"bucket1$477,:3,:6001",
1871,"bucket4$293,:3,:6001",2014-04-15T07:34:37.219900,MQ,BAM,,,,3000.0,,3000,100.0,ZNE,test,gold,"bucket4$187,:3,:6001",
1872,"bucket2$353,:3,:6001",2014-04-15T07:34:37.539900,MQ,CPM,,,,3000.0,,3000,100.0,ZNE,train,gold,"bucket1$478,:3,:6001",
1873,"bucket5$278,:3,:6001",2014-04-15T07:34:37.460000,MQ,IA2,,,,3000.0,3026.0,3000,100.0,ZNE,dev,gold,"bucket2$167,:3,:6001",
1874,"bucket4$294,:3,:6001",2014-04-15T07:34:35.540000,MQ,SAM,,,,3000.0,3014.0,3000,100.0,ZNE,test,gold,"bucket4$188,:3,:6001",
1875,"bucket2$354,:3,:6001",2014-04-15T17:46:34.849900,MQ,BAM,,,,3000.0,,3000,100.0,ZNE,train,gold,"bucket1$479,:3,:6001",
1876,"bucket5$279,:3,:6001",2014-04-15T17:46:34.559900,MQ,CPM,,,,3000.0,,3000,100.0,ZNE,dev,gold,"bucket2$168,:3,:6001",
1877,"bucket4$295,:3,:6001",2014-04-15T17:46:35.839900,MQ,GBM,,,,3000.0,,3000,100.0,ZNE,test,gold,"bucket4$189,:3,:6001",
1878,"bucket4$296,:3,:6001",2014-04-15T17:46:34.850000,MQ,IA2,,,,3000.0,3188.0,3000,100.0,ZNE,test,gold,"bucket4$190,:3,:6001",
1879,"bucket2$355,:3,:6001",2014-04-15T17:46:34.560000,MQ,LAM,,,,3000.0,3182.0,3000,100.0,ZNE,train,gold,"bucket1$480,:3,:6001",
1880,"bucket2$356,:3,:6001",2014-04-15T17:46:36.189900,MQ,MLM,,,,3000.0,,3000,100.0,ZNE,train,gold,"bucket1$481,:3,:6001",
1881,"bucket2$357,:3,:6001",2014-04-15T18:52:45.289900,MQ,CPM,,,,3000.0,,3000,100.0,ZNE,train,gold,"bucket1$482,:3,:6001",
1882,"bucket2$358,:3,:6001",2014-04-15T18:52:47.649900,MQ,GBM,,,,3000.0,,3000,100.0,ZNE,train,gold,"bucket1$483,:3,:6001",
1883,"bucket2$359,:3,:6001",2014-04-15T18:52:45.090000,MQ,IA2,,,,3000.0,3017.0,3000,100.0,ZNE,train,gold,"bucket1$484,:3,:6001",
1884,"bucket2$360,:3,:6001",2014-04-15T18:52:44.129900,MQ,MLM,,,,3000.0,,3000,100.0,ZNE,train,gold,"bucket1$485,:3,:6001",
1885,"bucket2$361,:3,:6001",2014-04-15T18:58:48.869900,MQ,CPM,,,,3000.0,,3000,100.0,ZNE,train,gold,"bucket1$486,:3,:6001",
1886,"bucket2$362,:3,:6001",2014-04-15T18:58:43.649900,MQ,GBM,,,,3000.0,,3000,100.0,ZNE,train,gold,"bucket1$487,:3,:6001",
1887,"bucket2$363,:3,:6001",2014-04-15T18:58:44.850000,MQ,IA2,,,,3000.0,3053.0,3000,100.0,ZNE,train,gold,"bucket1$488,:3,:6001",
1888,"bucket2$364,:3,:6001",2014-04-15T18:58:44.079900,MQ,MLM,,,,3000.0,,3000,100.0,ZNE,train,gold,"bucket1$489,:3,:6001",
1889,"bucket2$365,:3,:6001",2014-04-15T19:54:04.469900,MQ,BAM,,,,3000.0,,3000,100.0,ZNE,train,gold,"bucket1$490,:3,:6001",
1890,"bucket2$366,:3,:6001",2014-04-15T19:54:04.859900,MQ,CPM,,,,3000.0,,3000,100.0,ZNE,train,gold,"bucket1$491,:3,:6001",
1891,"bucket2$367,:3,:6001",2014-04-15T19:54:04.489900,MQ,GBM,,,,3000.0,,3000,100.0,ZNE,train,gold,"bucket1$492,:3,:6001",
1892,"bucket2$368,:3,:6001",2014-04-15T19:54:04.670000,MQ,IA2,,,,3000.0,3092.0,3000,100.0,ZNE,train,gold,"bucket1$493,:3,:6001",
1893,"bucket2$369,:3,:6001",2014-04-15T19:54:06.620000,MQ,LAM,,,,3000.0,3025.0,3000,100.0,ZNE,train,gold,"bucket1$494,:3,:6001",
1894,"bucket2$370,:3,:6001",2014-04-15T19:54:07.739900,MQ,MLM,,,,3000.0,,3000,100.0,ZNE,train,gold,"bucket1$495,:3,:6001",
1895,"bucket5$280,:3,:6001",2014-04-16T05:17:28.109900,MQ,CPM,,,,3000.0,,3000,100.0,ZNE,dev,gold,"bucket2$169,:3,:6001",
1896,"bucket2$371,:3,:6001",2014-04-16T05:17:28.270000,MQ,IA2,,,,3000.0,3040.0,3000,100.0,ZNE,train,gold,"bucket1$496,:3,:6001",
1897,"bucket2$372,:3,:6001",2014-04-16T05:17:28.830000,MQ,LAM,,,,3000.0,3038.0,3000,100.0,ZNE,train,gold,"bucket1$497,:3,:6001",
1898,"bucket5$281,:3,:6001",2014-04-16T05:17:28.340000,MQ,SAM,,,,3000.0,3043.0,3000,100.0,ZNE,dev,gold,"bucket2$170,:3,:6001",
1899,"bucket5$282,:3,:6001",2014-04-16T05:17:43.169900,MQ,BAM,,,,3000.0,,3000,100.0,ZNE,dev,gold,"bucket2$171,:3,:6001",
1900,"bucket2$373,:3,:6001",2014-04-16T05:17:42.429900,MQ,CPM,,,,3000.0,,3000,100.0,ZNE,train,gold,"bucket1$498,:3,:6001",
1901,"bucket2$374,:3,:6001",2014-04-16T05:17:43.219900,MQ,GBM,,,,3000.0,,3000,100.0,ZNE,train,gold,"bucket1$499,:3,:6001",
1902,"bucket2$375,:3,:6001",2014-04-16T05:17:42.430000,MQ,IA2,,,,3000.0,3224.0,3000,100.0,ZNE,train,gold,"bucket1$500,:3,:6001",
1903,"bucket4$297,:3,:6001",2014-04-16T05:17:42.560000,MQ,LAM,,,,3000.0,3204.0,3000,100.0,ZNE,test,gold,"bucket4$191,:3,:6001",
1904,"bucket2$376,:3,:6001",2014-04-16T05:17:42.430000,MQ,SAM,,,,3000.0,3020.0,3000,100.0,ZNE,train,gold,"bucket1$501,:3,:6001",
1905,"bucket5$283,:3,:6001",2014-04-16T09:43:15.229900,MQ,BAM,,,,3000.0,,3000,100.0,ZNE,dev,gold,"bucket2$172,:3,:6001",
1906,"bucket2$377,:3,:6001",2014-04-16T09:43:15.229900,MQ,CPM,,,,3000.0,,3000,100.0,ZNE,train,gold,"bucket1$502,:3,:6001",
1907,"bucket2$378,:3,:6001",2014-04-16T09:43:15.259900,MQ,GBM,,,,3000.0,,3000,100.0,ZNE,train,gold,"bucket1$503,:3,:6001",
1908,"bucket4$298,:3,:6001",2014-04-16T09:43:15.060000,MQ,IA2,,,,3000.0,3065.0,3000,100.0,ZNE,test,gold,"bucket4$192,:3,:6001",
1909,"bucket2$379,:3,:6001",2014-04-16T09:43:15.760000,MQ,LAM,,,,3000.0,,3000,100.0,ZNE,train,gold,"bucket1$504,:3,:6001",
1910,"bucket2$380,:3,:6001",2014-04-16T09:43:15.239900,MQ,MLM,,,,3000.0,,3000,100.0,ZNE,train,gold,"bucket1$505,:3,:6001",
1911,"bucket4$299,:3,:6001",2014-04-16T09:43:15.110000,MQ,SAM,,,,3000.0,3122.0,3000,100.0,ZNE,test,gold,"bucket4$193,:3,:6001",
1912,"bucket2$381,:3,:6001",2014-04-16T09:43:26.579900,MQ,BAM,,,,3000.0,,3000,100.0,ZNE,train,gold,"bucket1$506,:3,:6001",
1913,"bucket2$382,:3,:6001",2014-04-16T09:43:26.399900,MQ,CPM,,,,3000.0,,3000,100.0,ZNE,train,gold,"bucket1$507,:3,:6001",
1914,"bucket2$383,:3,:6001",2014-04-16T09:43:26.689900,MQ,GBM,,,,3000.0,,3000,100.0,ZNE,train,gold,"bucket1$508,:3,:6001",
1915,"bucket2$384,:3,:6001",2014-04-16T09:43:26.260000,MQ,IA2,,,,3000.0,3071.0,3000,100.0,ZNE,train,gold,"bucket1$509,:3,:6001",
1916,"bucket4$300,:3,:6001",2014-04-16T09:43:26.970000,MQ,LAM,,,,3000.0,3026.0,3000,100.0,ZNE,test,gold,"bucket4$194,:3,:6001",
1917,"bucket2$385,:3,:6001",2014-04-16T09:43:27.739900,MQ,MLM,,,,3000.0,,3000,100.0,ZNE,train,gold,"bucket1$510,:3,:6001",
1918,"bucket2$386,:3,:6001",2014-04-16T09:43:25.980000,MQ,SAM,,,,3000.0,3160.0,3000,100.0,ZNE,train,gold,"bucket1$511,:3,:6001",
1919,"bucket5$284,:3,:6001",2014-04-16T13:29:37.819900,MQ,BAM,,,,3000.0,,3000,100.0,ZNE,dev,gold,"bucket2$173,:3,:6001",
1920,"bucket2$387,:3,:6001",2014-04-16T13:29:38.109900,MQ,CPM,,,,3000.0,,3000,100.0,ZNE,train,gold,"bucket1$512,:3,:6001",
1921,"bucket2$388,:3,:6001",2014-04-16T13:29:38.299900,MQ,GBM,,,,3000.0,,3000,100.0,ZNE,train,gold,"bucket1$513,:3,:6001",
1922,"bucket2$389,:3,:6001",2014-04-16T13:29:38.330000,MQ,IA2,,,,3000.0,3083.0,3000,100.0,ZNE,train,gold,"bucket1$514,:3,:6001",
1923,"bucket2$390,:3,:6001",2014-04-16T13:29:38.300000,MQ,LAM,,,,3000.0,,3000,100.0,ZNE,train,gold,"bucket1$515,:3,:6001",
1924,"bucket2$391,:3,:6001",2014-04-16T13:29:38.330000,MQ,SAM,,,,3000.0,,3000,100.0,ZNE,train,gold,"bucket1$516,:3,:6001",
1925,"bucket2$392,:3,:6001",2014-04-16T13:30:04.059900,MQ,CPM,,,,3000.0,,3000,100.0,ZNE,train,gold,"bucket1$517,:3,:6001",
1926,"bucket2$393,:3,:6001",2014-04-16T13:30:03.739900,MQ,GBM,,,,3000.0,,3000,100.0,ZNE,train,gold,"bucket1$518,:3,:6001",
1927,"bucket4$301,:3,:6001",2014-04-16T13:30:03.880000,MQ,IA2,,,,3000.0,3107.0,3000,100.0,ZNE,test,gold,"bucket4$195,:3,:6001",
1928,"bucket2$394,:3,:6001",2014-04-16T13:30:04.700000,MQ,LAM,,,,3000.0,3031.0,3000,100.0,ZNE,train,gold,"bucket1$519,:3,:6001",
1929,"bucket2$395,:3,:6001",2014-04-16T13:30:04.640000,MQ,SAM,,,,3000.0,,3000,100.0,ZNE,train,gold,"bucket1$520,:3,:6001",
1930,"bucket2$396,:3,:6001",2014-04-17T03:26:46.520000,MQ,SAM,,,,3000.0,3162.0,3000,100.0,ZNE,train,gold,"bucket1$521,:3,:6001",
1931,"bucket2$397,:3,:6001",2014-04-17T04:13:20.819900,MQ,BAM,,,,3000.0,,3000,100.0,ZNE,train,gold,"bucket1$522,:3,:6001",
1932,"bucket5$285,:3,:6001",2014-04-17T04:13:21.749900,MQ,CPM,,,,3000.0,,3000,100.0,ZNE,dev,gold,"bucket2$174,:3,:6001",
1933,"bucket2$398,:3,:6001",2014-04-17T04:13:20.649900,MQ,GBM,,,,3000.0,,3000,100.0,ZNE,train,gold,"bucket1$523,:3,:6001",
1934,"bucket2$399,:3,:6001",2014-04-17T04:13:21.530000,MQ,IA2,,,,3000.0,3067.0,3000,100.0,ZNE,train,gold,"bucket1$524,:3,:6001",
1935,"bucket2$400,:3,:6001",2014-04-17T04:13:20.780000,MQ,LAM,,,,3000.0,3059.0,3000,100.0,ZNE,train,gold,"bucket1$525,:3,:6001",
1936,"bucket2$401,:3,:6001",2014-04-17T04:13:20.810000,MQ,SAM,,,,3000.0,3112.0,3000,100.0,ZNE,train,gold,"bucket1$526,:3,:6001",
1937,"bucket2$402,:3,:6001",2014-04-17T17:39:20.759900,MQ,BAM,,,,3000.0,,3000,100.0,ZNE,train,gold,"bucket1$527,:3,:6001",
1938,"bucket2$403,:3,:6001",2014-04-17T17:39:16.289900,MQ,CPM,,,,3000.0,,3000,100.0,ZNE,train,gold,"bucket1$528,:3,:6001",
1939,"bucket2$404,:3,:6001",2014-04-17T17:39:16.119900,MQ,GBM,,,,3000.0,,3000,100.0,ZNE,train,gold,"bucket1$529,:3,:6001",
1940,"bucket2$405,:3,:6001",2014-04-17T17:39:15.710000,MQ,IA2,,,,3000.0,3235.0,3000,100.0,ZNE,train,gold,"bucket1$530,:3,:6001",
1941,"bucket2$406,:3,:6001",2014-04-18T07:53:31.249900,MQ,BAM,,,,3000.0,,3000,100.0,ZNE,train,gold,"bucket1$531,:3,:6001",
1942,"bucket2$407,:3,:6001",2014-04-18T07:53:30.009900,MQ,CPM,,,,3000.0,,3000,100.0,ZNE,train,gold,"bucket1$532,:3,:6001",
1943,"bucket4$302,:3,:6001",2014-04-18T07:53:29.819900,MQ,GBM,,,,3000.0,,3000,100.0,ZNE,test,gold,"bucket4$196,:3,:6001",
1944,"bucket2$408,:3,:6001",2014-04-18T07:53:29.500000,MQ,IA2,,,,3000.0,3111.0,3000,100.0,ZNE,train,gold,"bucket1$533,:3,:6001",
1945,"bucket5$286,:3,:6001",2014-04-18T07:53:32.230000,MQ,LAM,,,,3000.0,3033.0,3000,100.0,ZNE,dev,gold,"bucket2$175,:3,:6001",
1946,"bucket2$409,:3,:6001",2014-04-18T07:53:29.649900,MQ,MLM,,,,3000.0,,3000,100.0,ZNE,train,gold,"bucket1$534,:3,:6001",
1947,"bucket2$410,:3,:6001",2014-04-18T07:53:31.910000,MQ,SAM,,,,3000.0,3118.0,3000,100.0,ZNE,train,gold,"bucket1$535,:3,:6001",
1948,"bucket2$411,:3,:6001",2014-04-18T12:17:48.859900,MQ,BAM,,,,3000.0,,3000,100.0,ZNE,train,gold,"bucket1$536,:3,:6001",
1949,"bucket2$412,:3,:6001",2014-04-18T12:17:47.259900,MQ,GBM,,,,3000.0,,3000,100.0,ZNE,train,gold,"bucket1$537,:3,:6001",
1950,"bucket2$413,:3,:6001",2014-04-18T12:17:49.020000,MQ,LAM,,,,3000.0,3124.0,3000,100.0,ZNE,train,gold,"bucket1$538,:3,:6001",
1951,"bucket2$414,:3,:6001",2014-04-18T12:17:45.130000,MQ,SAM,,,,3000.0,3047.0,3000,100.0,ZNE,train,gold,"bucket1$539,:3,:6001",
1952,"bucket2$415,:3,:6001",2014-04-18T23:17:20.939900,MQ,BAM,,,,3000.0,,3000,100.0,ZNE,train,gold,"bucket1$540,:3,:6001",
1953,"bucket2$416,:3,:6001",2014-04-18T23:17:21.939900,MQ,CPM,,,,3000.0,,3000,100.0,ZNE,train,gold,"bucket1$541,:3,:6001",
1954,"bucket2$417,:3,:6001",2014-04-18T23:17:21.270000,MQ,IA2,,,,3000.0,3309.0,3000,100.0,ZNE,train,gold,"bucket1$542,:3,:6001",
1955,"bucket2$418,:3,:6001",2014-04-18T23:17:22.819900,MQ,MLM,,,,3000.0,,3000,100.0,ZNE,train,gold,"bucket1$543,:3,:6001",
1956,"bucket2$419,:3,:6001",2014-04-18T23:17:35.319900,MQ,BAM,,,,3000.0,,3000,100.0,ZNE,train,gold,"bucket1$544,:3,:6001",
1957,"bucket2$420,:3,:6001",2014-04-18T23:17:35.679900,MQ,CPM,,,,3000.0,,3000,100.0,ZNE,train,gold,"bucket1$545,:3,:6001",
1958,"bucket2$421,:3,:6001",2014-04-18T23:17:36.199900,MQ,GBM,,,,3000.0,,3000,100.0,ZNE,train,gold,"bucket1$546,:3,:6001",
1959,"bucket2$422,:3,:6001",2014-04-18T23:17:36.930000,MQ,IA2,,,,3000.0,3082.0,3000,100.0,ZNE,train,gold,"bucket1$547,:3,:6001",
1960,"bucket2$423,:3,:6001",2014-04-18T23:17:36.310000,MQ,LAM,,,,3000.0,3301.0,3000,100.0,ZNE,train,gold,"bucket1$548,:3,:6001",
1961,"bucket2$424,:3,:6001",2014-04-18T23:17:37.469900,MQ,MLM,,,,3000.0,,3000,100.0,ZNE,train,gold,"bucket1$549,:3,:6001",
1962,"bucket2$425,:3,:6001",2014-04-19T01:08:19.859900,MQ,BAM,,,,3000.0,,3000,100.0,ZNE,train,gold,"bucket1$550,:3,:6001",
1963,"bucket2$426,:3,:6001",2014-04-19T01:08:19.539900,MQ,CPM,,,,3000.0,,3000,100.0,ZNE,train,gold,"bucket1$551,:3,:6001",
1964,"bucket2$427,:3,:6001",2014-04-19T01:08:19.189900,MQ,GBM,,,,3000.0,,3000,100.0,ZNE,train,gold,"bucket1$552,:3,:6001",
1965,"bucket2$428,:3,:6001",2014-04-19T01:08:19.539900,MQ,MLM,,,,3000.0,,3000,100.0,ZNE,train,gold,"bucket1$553,:3,:6001",
1966,"bucket4$303,:3,:6001",2014-04-19T01:08:29.939900,MQ,CPM,,,,3000.0,,3000,100.0,ZNE,test,gold,"bucket4$197,:3,:6001",
1967,"bucket2$429,:3,:6001",2014-04-19T01:08:29.560000,MQ,IA2,,,,3000.0,3189.0,3000,100.0,ZNE,train,gold,"bucket1$554,:3,:6001",
1968,"bucket2$430,:3,:6001",2014-04-19T01:08:29.670000,MQ,LAM,,,,3000.0,3195.0,3000,100.0,ZNE,train,gold,"bucket1$555,:3,:6001",
1969,"bucket2$431,:3,:6001",2014-04-19T01:08:29.460000,MQ,SAM,,,,3000.0,,3000,100.0,ZNE,train,gold,"bucket1$556,:3,:6001",
1970,"bucket2$432,:3,:6001",2014-04-19T03:21:43.029900,MQ,BAM,,,,3000.0,,3000,100.0,ZNE,train,gold,"bucket1$557,:3,:6001",
1971,"bucket2$433,:3,:6001",2014-04-19T03:21:43.589900,MQ,CPM,,,,3000.0,,3000,100.0,ZNE,train,gold,"bucket1$558,:3,:6001",
1972,"bucket2$434,:3,:6001",2014-04-19T03:21:43.269900,MQ,GBM,,,,3000.0,,3000,100.0,ZNE,train,gold,"bucket1$559,:3,:6001",
1973,"bucket2$435,:3,:6001",2014-04-19T03:21:42.719900,MQ,MLM,,,,3000.0,,3000,100.0,ZNE,train,gold,"bucket1$560,:3,:6001",
1974,"bucket5$287,:3,:6001",2014-04-19T03:21:43.280000,MQ,SAM,,,,3000.0,3049.0,3000,100.0,ZNE,dev,gold,"bucket2$176,:3,:6001",
1975,"bucket2$436,:3,:6001",2014-04-19T05:06:12.099900,MQ,BAM,,,,3000.0,,3000,100.0,ZNE,train,gold,"bucket1$561,:3,:6001",
1976,"bucket2$437,:3,:6001",2014-04-19T05:06:12.139900,MQ,CPM,,,,3000.0,,3000,100.0,ZNE,train,gold,"bucket1$562,:3,:6001",
1977,"bucket4$304,:3,:6001",2014-04-19T05:06:12.129900,MQ,GBM,,,,3000.0,,3000,100.0,ZNE,test,gold,"bucket4$198,:3,:6001",
1978,"bucket2$438,:3,:6001",2014-04-19T05:06:12.820000,MQ,LAM,,,,3000.0,3114.0,3000,100.0,ZNE,train,gold,"bucket1$563,:3,:6001",
1979,"bucket2$439,:3,:6001",2014-04-19T05:06:22.289900,MQ,BAM,,,,3000.0,,3000,100.0,ZNE,train,gold,"bucket1$564,:3,:6001",
1980,"bucket2$440,:3,:6001",2014-04-19T05:06:23.179900,MQ,CPM,,,,3000.0,,3000,100.0,ZNE,train,gold,"bucket1$565,:3,:6001",
1981,"bucket2$441,:3,:6001",2014-04-19T05:06:22.449900,MQ,GBM,,,,3000.0,,3000,100.0,ZNE,train,gold,"bucket1$566,:3,:6001",
1982,"bucket2$442,:3,:6001",2014-04-19T05:06:23.200000,MQ,LAM,,,,3000.0,3114.0,3000,100.0,ZNE,train,gold,"bucket1$567,:3,:6001",
1983,"bucket2$443,:3,:6001",2014-04-19T05:06:23.529900,MQ,MLM,,,,3000.0,,3000,100.0,ZNE,train,gold,"bucket1$568,:3,:6001",
1984,"bucket2$444,:3,:6001",2014-04-19T05:06:24.180000,MQ,SAM,,,,3000.0,3058.0,3000,100.0,ZNE,train,gold,"bucket1$569,:3,:6001",
1985,"bucket2$445,:3,:6001",2014-04-19T12:09:47.309900,MQ,BAM,,,,3000.0,,3000,100.0,ZNE,train,gold,"bucket1$570,:3,:6001",
1986,"bucket2$446,:3,:6001",2014-04-19T12:09:51.419900,MQ,CPM,,,,3000.0,,3000,100.0,ZNE,train,gold,"bucket1$571,:3,:6001",
1987,"bucket2$447,:3,:6001",2014-04-19T12:09:49.779900,MQ,GBM,,,,3000.0,,3000,100.0,ZNE,train,gold,"bucket1$572,:3,:6001",
1988,"bucket2$448,:3,:6001",2014-04-19T12:09:49.340000,MQ,LAM,,,,3000.0,3006.0,3000,100.0,ZNE,train,gold,"bucket1$573,:3,:6001",
1989,"bucket2$449,:3,:6001",2014-04-19T12:39:28.179900,MQ,BAM,,,,3000.0,,3000,100.0,ZNE,train,gold,"bucket1$574,:3,:6001",
1990,"bucket2$450,:3,:6001",2014-04-19T12:39:28.959900,MQ,CPM,,,,3000.0,,3000,100.0,ZNE,train,gold,"bucket1$575,:3,:6001",
1991,"bucket2$451,:3,:6001",2014-04-19T12:39:28.119900,MQ,GBM,,,,3000.0,,3000,100.0,ZNE,train,gold,"bucket1$576,:3,:6001",
1992,"bucket5$288,:3,:6001",2014-04-19T12:39:28.230000,MQ,IA2,,,,3000.0,3164.0,3000,100.0,ZNE,dev,gold,"bucket2$177,:3,:6001",
1993,"bucket4$305,:3,:6001",2014-04-19T12:39:28.849900,MQ,MLM,,,,3000.0,,3000,100.0,ZNE,test,gold,"bucket4$199,:3,:6001",
1994,"bucket4$306,:3,:6001",2014-04-19T12:43:21.969900,MQ,BAM,,,,3000.0,,3000,100.0,ZNE,test,gold,"bucket4$200,:3,:6001",
1995,"bucket2$452,:3,:6001",2014-04-19T12:43:22.759900,MQ,CPM,,,,3000.0,,3000,100.0,ZNE,train,gold,"bucket1$577,:3,:6001",
1996,"bucket2$453,:3,:6001",2014-04-19T12:43:22.759900,MQ,GBM,,,,3000.0,,3000,100.0,ZNE,train,gold,"bucket1$578,:3,:6001",
1997,"bucket5$289,:3,:6001",2014-04-19T12:43:22.280000,MQ,IA2,,,,3000.0,3121.0,3000,100.0,ZNE,dev,gold,"bucket2$178,:3,:6001",
1998,"bucket2$454,:3,:6001",2014-04-19T12:43:22.800000,MQ,LAM,,,,3000.0,3034.0,3000,100.0,ZNE,train,gold,"bucket1$579,:3,:6001",
1999,"bucket2$455,:3,:6001",2014-04-19T12:43:22.759900,MQ,MLM,,,,3000.0,,3000,100.0,ZNE,train,gold,"bucket1$580,:3,:6001",
2000,"bucket5$290,:3,:6001",2014-04-19T12:43:22.410000,MQ,SAM,,,,3000.0,3142.0,3000,100.0,ZNE,dev,gold,"bucket2$179,:3,:6001",
2001,"bucket2$456,:3,:6001",2014-04-19T15:08:48.679900,MQ,BAM,,,,3000.0,,3000,100.0,ZNE,train,gold,"bucket1$581,:3,:6001",
2002,"bucket2$457,:3,:6001",2014-04-19T15:08:49.169900,MQ,CPM,,,,3000.0,,3000,100.0,ZNE,train,gold,"bucket1$582,:3,:6001",
2003,"bucket2$458,:3,:6001",2014-04-19T15:08:48.580000,MQ,IA2,,,,3000.0,3015.0,3000,100.0,ZNE,train,gold,"bucket1$583,:3,:6001",
2004,"bucket2$459,:3,:6001",2014-04-19T15:08:48.749900,MQ,MLM,,,,3000.0,,3000,100.0,ZNE,train,gold,"bucket1$584,:3,:6001",
2005,"bucket4$307,:3,:6001",2014-04-19T19:31:58.569900,MQ,BAM,,,,3000.0,,3000,100.0,ZNE,test,gold,"bucket4$201,:3,:6001",
2006,"bucket2$460,:3,:6001",2014-04-19T19:31:57.109900,MQ,CPM,,,,3000.0,,3000,100.0,ZNE,train,gold,"bucket1$585,:3,:6001",
2007,"bucket2$461,:3,:6001",2014-04-19T19:31:56.910000,MQ,IA2,,,,3000.0,3011.0,3000,100.0,ZNE,train,gold,"bucket1$586,:3,:6001",
2008,"bucket2$462,:3,:6001",2014-04-19T19:32:01.650000,MQ,LAM,,,,3000.0,3021.0,3000,100.0,ZNE,train,gold,"bucket1$587,:3,:6001",
2009,"bucket4$308,:3,:6001",2014-04-19T19:31:57.550000,MQ,SAM,,,,3000.0,3151.0,3000,100.0,ZNE,test,gold,"bucket4$202,:3,:6001",
2010,"bucket2$463,:3,:6001",2014-04-20T06:25:10.119900,MQ,CPM,,,,3000.0,,3000,100.0,ZNE,train,gold,"bucket1$588,:3,:6001",
2011,"bucket2$464,:3,:6001",2014-04-20T07:49:27.289900,MQ,BAM,,,,3000.0,,3000,100.0,ZNE,train,gold,"bucket1$589,:3,:6001",
2012,"bucket2$465,:3,:6001",2014-04-20T07:49:27.169900,MQ,GBM,,,,3000.0,,3000,100.0,ZNE,train,gold,"bucket1$590,:3,:6001",
2013,"bucket2$466,:3,:6001",2014-04-20T07:49:32.670000,MQ,LAM,,,,3000.0,,3000,100.0,ZNE,train,gold,"bucket1$591,:3,:6001",
2014,"bucket2$467,:3,:6001",2014-04-20T07:49:29.769900,MQ,MLM,,,,3000.0,,3000,100.0,ZNE,train,gold,"bucket1$592,:3,:6001",
2015,"bucket2$468,:3,:6001",2014-04-20T13:56:17.919900,MQ,BAM,,,,3000.0,,3000,100.0,ZNE,train,gold,"bucket1$593,:3,:6001",
2016,"bucket2$469,:3,:6001",2014-04-20T13:56:16.959900,MQ,CPM,,,,3000.0,,3000,100.0,ZNE,train,gold,"bucket1$594,:3,:6001",
2017,"bucket2$470,:3,:6001",2014-04-20T13:56:21.839900,MQ,GBM,,,,3000.0,,3000,100.0,ZNE,train,gold,"bucket1$595,:3,:6001",
2018,"bucket2$471,:3,:6001",2014-04-20T13:56:14.319900,MQ,MLM,,,,3000.0,,3000,100.0,ZNE,train,gold,"bucket1$596,:3,:6001",
2019,"bucket2$472,:3,:6001",2014-04-20T14:27:37.360000,MQ,SAM,,,,3000.0,3027.0,3000,100.0,ZNE,train,gold,"bucket1$597,:3,:6001",
2020,"bucket4$309,:3,:6001",2014-04-20T16:14:13.279900,MQ,BAM,,,,3000.0,,3000,100.0,ZNE,test,gold,"bucket4$203,:3,:6001",
2021,"bucket2$473,:3,:6001",2014-04-20T16:14:13.939900,MQ,CPM,,,,3000.0,,3000,100.0,ZNE,train,gold,"bucket1$598,:3,:6001",
2022,"bucket2$474,:3,:6001",2014-04-20T16:14:12.269900,MQ,GBM,,,,3000.0,,3000,100.0,ZNE,train,gold,"bucket1$599,:3,:6001",
2023,"bucket2$475,:3,:6001",2014-04-20T16:14:12.910000,MQ,IA2,,,,3000.0,3058.0,3000,100.0,ZNE,train,gold,"bucket1$600,:3,:6001",
2024,"bucket2$476,:3,:6001",2014-04-20T19:33:59.819900,MQ,BAM,,,,3000.0,,3000,100.0,ZNE,train,gold,"bucket1$601,:3,:6001",
2025,"bucket2$477,:3,:6001",2014-04-20T19:33:59.849900,MQ,CPM,,,,3000.0,,3000,100.0,ZNE,train,gold,"bucket1$602,:3,:6001",
2026,"bucket2$478,:3,:6001",2014-04-20T19:33:58.859900,MQ,GBM,,,,3000.0,,3000,100.0,ZNE,train,gold,"bucket1$603,:3,:6001",
2027,"bucket4$310,:3,:6001",2014-04-20T19:33:59.500000,MQ,IA2,,,,3000.0,3037.0,3000,100.0,ZNE,test,gold,"bucket4$204,:3,:6001",
2028,"bucket2$479,:3,:6001",2014-04-20T19:34:01.129900,MQ,MLM,,,,3000.0,,3000,100.0,ZNE,train,gold,"bucket1$604,:3,:6001",
2029,"bucket2$480,:3,:6001",2014-04-20T21:23:22.179900,MQ,BAM,,,,3000.0,,3000,100.0,ZNE,train,gold,"bucket1$605,:3,:6001",
2030,"bucket5$291,:3,:6001",2014-04-20T21:23:21.939900,MQ,GBM,,,,3000.0,,3000,100.0,ZNE,dev,gold,"bucket2$180,:3,:6001",
2031,"bucket2$481,:3,:6001",2014-04-20T21:23:21.910000,MQ,IA2,,,,3000.0,3030.0,3000,100.0,ZNE,train,gold,"bucket1$606,:3,:6001",
2032,"bucket4$311,:3,:6001",2014-04-20T21:23:21.590000,MQ,LAM,,,,3000.0,3030.0,3000,100.0,ZNE,test,gold,"bucket4$205,:3,:6001",
2033,"bucket2$482,:3,:6001",2014-04-20T22:30:20.899900,MQ,BAM,,,,3000.0,,3000,100.0,ZNE,train,gold,"bucket1$607,:3,:6001",
2034,"bucket2$483,:3,:6001",2014-04-20T22:30:22.259900,MQ,CPM,,,,3000.0,,3000,100.0,ZNE,train,gold,"bucket1$608,:3,:6001",
2035,"bucket5$292,:3,:6001",2014-04-20T22:30:20.619900,MQ,GBM,,,,3000.0,,3000,100.0,ZNE,dev,gold,"bucket2$181,:3,:6001",
2036,"bucket5$293,:3,:6001",2014-04-20T22:30:21.360000,MQ,IA2,,,,3000.0,3037.0,3000,100.0,ZNE,dev,gold,"bucket2$182,:3,:6001",
2037,"bucket2$484,:3,:6001",2014-04-21T02:02:49.149900,MQ,BAM,,,,3000.0,,3000,100.0,ZNE,train,gold,"bucket1$609,:3,:6001",
2038,"bucket2$485,:3,:6001",2014-04-21T02:02:49.079900,MQ,GBM,,,,3000.0,,3000,100.0,ZNE,train,gold,"bucket1$610,:3,:6001",
2039,"bucket2$486,:3,:6001",2014-04-21T02:02:49.080000,MQ,IA2,,,,3000.0,3469.0,3000,100.0,ZNE,train,gold,"bucket1$611,:3,:6001",
2040,"bucket2$487,:3,:6001",2014-04-21T02:02:48.390000,MQ,LAM,,,,3000.0,3297.0,3000,100.0,ZNE,train,gold,"bucket1$612,:3,:6001",
2041,"bucket2$488,:3,:6001",2014-04-21T02:02:49.679900,MQ,MLM,,,,3000.0,,3000,100.0,ZNE,train,gold,"bucket1$613,:3,:6001",
2042,"bucket2$489,:3,:6001",2014-04-21T02:02:51.350000,MQ,SAM,,,,3000.0,3004.0,3000,100.0,ZNE,train,gold,"bucket1$614,:3,:6001",
2043,"bucket2$490,:3,:6001",2014-04-21T02:31:20.129900,MQ,BAM,,,,3000.0,,3000,100.0,ZNE,train,gold,"bucket1$615,:3,:6001",
2044,"bucket2$491,:3,:6001",2014-04-21T02:31:19.289900,MQ,GBM,,,,3000.0,,3000,100.0,ZNE,train,gold,"bucket1$616,:3,:6001",
2045,"bucket2$492,:3,:6001",2014-04-21T02:31:19.650000,MQ,LAM,,,,3000.0,3082.0,3000,100.0,ZNE,train,gold,"bucket1$617,:3,:6001",
2046,"bucket2$493,:3,:6001",2014-04-21T02:31:20.490000,MQ,SAM,,,,3000.0,3059.0,3000,100.0,ZNE,train,gold,"bucket1$618,:3,:6001",
2047,"bucket2$494,:3,:6001",2014-04-21T02:40:33.350000,MQ,SAM,,,,3000.0,3032.0,3000,100.0,ZNE,train,gold,"bucket1$619,:3,:6001",
2048,"bucket2$495,:3,:6001",2014-04-21T03:05:38.260000,MQ,SAM,,,,3000.0,3026.0,3000,100.0,ZNE,train,gold,"bucket1$620,:3,:6001",
2049,"bucket2$496,:3,:6001",2014-04-21T03:21:38.869900,MQ,BAM,,,,3000.0,,3000,100.0,ZNE,train,gold,"bucket1$621,:3,:6001",
2050,"bucket2$497,:3,:6001",2014-04-21T03:21:39.239900,MQ,CPM,,,,3000.0,,3000,100.0,ZNE,train,gold,"bucket1$622,:3,:6001",
2051,"bucket2$498,:3,:6001",2014-04-21T03:21:38.539900,MQ,GBM,,,,3000.0,,3000,100.0,ZNE,train,gold,"bucket1$623,:3,:6001",
2052,"bucket2$499,:3,:6001",2014-04-21T03:21:38.700000,MQ,LAM,,,,3000.0,3141.0,3000,100.0,ZNE,train,gold,"bucket1$624,:3,:6001",
2053,"bucket4$312,:3,:6001",2014-04-21T03:21:39.609900,MQ,MLM,,,,3000.0,,3000,100.0,ZNE,test,gold,"bucket4$206,:3,:6001",
2054,"bucket4$313,:3,:6001",2014-04-21T04:01:22.859900,MQ,BAM,,,,3000.0,,3000,100.0,ZNE,test,gold,"bucket4$207,:3,:6001",
2055,"bucket2$500,:3,:6001",2014-04-21T04:01:23.239900,MQ,CPM,,,,3000.0,,3000,100.0,ZNE,train,gold,"bucket1$625,:3,:6001",
2056,"bucket2$501,:3,:6001",2014-04-21T04:01:21.229900,MQ,GBM,,,,3000.0,,3000,100.0,ZNE,train,gold,"bucket1$626,:3,:6001",
2057,"bucket2$502,:3,:6001",2014-04-21T04:01:23.789900,MQ,MLM,,,,3000.0,,3000,100.0,ZNE,train,gold,"bucket1$627,:3,:6001",
2058,"bucket2$503,:3,:6001",2014-04-21T04:01:22.470000,MQ,SAM,,,,3000.0,3058.0,3000,100.0,ZNE,train,gold,"bucket1$628,:3,:6001",
2059,"bucket6$12,:3,:2900",2014-04-21T04:12:00.750000,MQ,IA2,,,,2520.0,2718.0,2520,100.0,ZNE,train,gold,"bucket5$12,:3,:2900",
2060,"bucket2$504,:3,:6001",2014-04-21T16:15:46.889900,MQ,BAM,,,,3000.0,,3000,100.0,ZNE,train,gold,"bucket1$629,:3,:6001",
2061,"bucket2$505,:3,:6001",2014-04-21T16:15:47.869900,MQ,GBM,,,,3000.0,,3000,100.0,ZNE,train,gold,"bucket1$630,:3,:6001",
2062,"bucket5$294,:3,:6001",2014-04-21T16:15:48.700000,MQ,IA2,,,,3000.0,3031.0,3000,100.0,ZNE,dev,gold,"bucket2$183,:3,:6001",
2063,"bucket2$506,:3,:6001",2014-04-21T16:15:52.380000,MQ,SAM,,,,3000.0,3034.0,3000,100.0,ZNE,train,gold,"bucket1$631,:3,:6001",
2064,"bucket2$507,:3,:6001",2014-04-21T19:54:58.049900,MQ,BAM,,,,3000.0,,3000,100.0,ZNE,train,gold,"bucket1$632,:3,:6001",
2065,"bucket5$295,:3,:6001",2014-04-21T19:54:58.339900,MQ,CPM,,,,3000.0,,3000,100.0,ZNE,dev,gold,"bucket2$184,:3,:6001",
2066,"bucket2$508,:3,:6001",2014-04-21T19:54:59.489900,MQ,GBM,,,,3000.0,,3000,100.0,ZNE,train,gold,"bucket1$633,:3,:6001",
2067,"bucket2$509,:3,:6001",2014-04-21T19:54:58.320000,MQ,IA2,,,,3000.0,,3000,100.0,ZNE,train,gold,"bucket1$634,:3,:6001",
2068,"bucket5$296,:3,:6001",2014-04-21T20:12:27.129900,MQ,BAM,,,,3000.0,,3000,100.0,ZNE,dev,gold,"bucket2$185,:3,:6001",
2069,"bucket4$314,:3,:6001",2014-04-21T20:12:26.129900,MQ,GBM,,,,3000.0,,3000,100.0,ZNE,test,gold,"bucket4$208,:3,:6001",
2070,"bucket2$510,:3,:6001",2014-04-21T20:12:26.800000,MQ,IA2,,,,3000.0,3104.0,3000,100.0,ZNE,train,gold,"bucket1$635,:3,:6001",
2071,"bucket2$511,:3,:6001",2014-04-21T20:12:25.040000,MQ,SAM,,,,3000.0,3253.0,3000,100.0,ZNE,train,gold,"bucket1$636,:3,:6001",
2072,"bucket2$512,:3,:6001",2014-04-21T20:59:42.169900,MQ,BAM,,,,3000.0,,3000,100.0,ZNE,train,gold,"bucket1$637,:3,:6001",
2073,"bucket2$513,:3,:6001",2014-04-21T20:59:40.479900,MQ,GBM,,,,3000.0,,3000,100.0,ZNE,train,gold,"bucket1$638,:3,:6001",
2074,"bucket5$297,:3,:6001",2014-04-21T20:59:41.530000,MQ,IA2,,,,3000.0,3030.0,3000,100.0,ZNE,dev,gold,"bucket2$186,:3,:6001",
2075,"bucket2$514,:3,:6001",2014-04-21T20:59:37.100000,MQ,SAM,,,,3000.0,3058.0,3000,100.0,ZNE,train,gold,"bucket1$639,:3,:6001",
2076,"bucket2$515,:3,:6001",2014-04-21T21:08:44.769900,MQ,BAM,,,,3000.0,,3000,100.0,ZNE,train,gold,"bucket1$640,:3,:6001",
2077,"bucket2$516,:3,:6001",2014-04-21T21:08:38.109900,MQ,CPM,,,,3000.0,,3000,100.0,ZNE,train,gold,"bucket1$641,:3,:6001",
2078,"bucket2$517,:3,:6001",2014-04-21T21:08:43.379900,MQ,GBM,,,,3000.0,,3000,100.0,ZNE,train,gold,"bucket1$642,:3,:6001",
2079,"bucket2$518,:3,:6001",2014-04-21T21:08:44.160000,MQ,IA2,,,,3000.0,3030.0,3000,100.0,ZNE,train,gold,"bucket1$643,:3,:6001",
2080,"bucket2$519,:3,:6001",2014-04-21T21:08:39.930000,MQ,SAM,,,,3000.0,3069.0,3000,100.0,ZNE,train,gold,"bucket1$644,:3,:6001",
2081,"bucket2$520,:3,:6001",2014-04-22T00:38:03.039900,MQ,BAM,,,,3000.0,,3000,100.0,ZNE,train,gold,"bucket1$645,:3,:6001",
2082,"bucket5$298,:3,:6001",2014-04-22T00:38:03.239900,MQ,CPM,,,,3000.0,,3000,100.0,ZNE,dev,gold,"bucket2$187,:3,:6001",
2083,"bucket2$521,:3,:6001",2014-04-22T00:38:02.149900,MQ,GBM,,,,3000.0,,3000,100.0,ZNE,train,gold,"bucket1$646,:3,:6001",
2084,"bucket5$299,:3,:6001",2014-04-22T00:38:04.020000,MQ,IA2,,,,3000.0,3040.0,3000,100.0,ZNE,dev,gold,"bucket2$188,:3,:6001",
2085,"bucket2$522,:3,:6001",2014-04-22T03:15:21.929900,MQ,BAM,,,,3000.0,,3000,100.0,ZNE,train,gold,"bucket1$647,:3,:6001",
2086,"bucket2$523,:3,:6001",2014-04-22T03:15:22.819900,MQ,CPM,,,,3000.0,,3000,100.0,ZNE,train,gold,"bucket1$648,:3,:6001",
2087,"bucket2$524,:3,:6001",2014-04-22T03:15:23.209900,MQ,GBM,,,,3000.0,,3000,100.0,ZNE,train,gold,"bucket1$649,:3,:6001",
2088,"bucket2$525,:3,:6001",2014-04-22T03:15:23.070000,MQ,IA2,,,,3000.0,3046.0,3000,100.0,ZNE,train,gold,"bucket1$650,:3,:6001",
2089,"bucket2$526,:3,:6001",2014-04-22T03:15:24.650000,MQ,LAM,,,,3000.0,3051.0,3000,100.0,ZNE,train,gold,"bucket1$651,:3,:6001",
2090,"bucket4$315,:3,:6001",2014-04-22T03:15:25.889900,MQ,MLM,,,,3000.0,,3000,100.0,ZNE,test,gold,"bucket4$209,:3,:6001",
2091,"bucket2$527,:3,:6001",2014-04-22T04:25:49.499900,MQ,BAM,,,,3000.0,,3000,100.0,ZNE,train,gold,"bucket1$652,:3,:6001",
2092,"bucket2$528,:3,:6001",2014-04-22T04:25:49.669900,MQ,CPM,,,,3000.0,,3000,100.0,ZNE,train,gold,"bucket1$653,:3,:6001",
2093,"bucket2$529,:3,:6001",2014-04-22T04:25:49.769900,MQ,GBM,,,,3000.0,,3000,100.0,ZNE,train,gold,"bucket1$654,:3,:6001",
2094,"bucket2$530,:3,:6001",2014-04-22T04:25:49.520000,MQ,IA2,,,,3000.0,3129.0,3000,100.0,ZNE,train,gold,"bucket1$655,:3,:6001",
2095,"bucket4$316,:3,:6001",2014-04-22T04:25:49.119900,MQ,MLM,,,,3000.0,,3000,100.0,ZNE,test,gold,"bucket4$210,:3,:6001",
2096,"bucket2$531,:3,:6001",2014-04-22T04:57:16.679900,MQ,BAM,,,,3000.0,,3000,100.0,ZNE,train,gold,"bucket1$656,:3,:6001",
2097,"bucket5$300,:3,:6001",2014-04-22T04:57:16.089900,MQ,GBM,,,,3000.0,,3000,100.0,ZNE,dev,gold,"bucket2$189,:3,:6001",
2098,"bucket5$301,:3,:6001",2014-04-22T04:57:16.780000,MQ,IA2,,,,3000.0,3033.0,3000,100.0,ZNE,dev,gold,"bucket2$190,:3,:6001",
2099,"bucket2$532,:3,:6001",2014-04-22T04:57:15.850000,MQ,LAM,,,,3000.0,3292.0,3000,100.0,ZNE,train,gold,"bucket1$657,:3,:6001",
2100,"bucket5$302,:3,:6001",2014-04-22T05:56:08.229900,MQ,BAM,,,,3000.0,,3000,100.0,ZNE,dev,gold,"bucket2$191,:3,:6001",
2101,"bucket2$533,:3,:6001",2014-04-22T05:56:07.399900,MQ,CPM,,,,3000.0,,3000,100.0,ZNE,train,gold,"bucket1$658,:3,:6001",
2102,"bucket2$534,:3,:6001",2014-04-22T05:56:08.489900,MQ,GBM,,,,3000.0,,3000,100.0,ZNE,train,gold,"bucket1$659,:3,:6001",
2103,"bucket2$535,:3,:6001",2014-04-22T05:56:07.760000,MQ,IA2,,,,3000.0,,3000,100.0,ZNE,train,gold,"bucket1$660,:3,:6001",
2104,"bucket2$536,:3,:6001",2014-04-22T05:56:08.340000,MQ,LAM,,,,3000.0,3188.0,3000,100.0,ZNE,train,gold,"bucket1$661,:3,:6001",
2105,"bucket2$537,:3,:6001",2014-04-22T05:56:08.699900,MQ,MLM,,,,3000.0,,3000,100.0,ZNE,train,gold,"bucket1$662,:3,:6001",
2106,"bucket2$538,:3,:6001",2014-04-22T05:56:08.050000,MQ,SAM,,,,3000.0,3112.0,3000,100.0,ZNE,train,gold,"bucket1$663,:3,:6001",
2107,"bucket2$539,:3,:6001",2014-04-22T13:29:09.400000,MQ,IA2,,,,3000.0,3059.0,3000,100.0,ZNE,train,gold,"bucket1$664,:3,:6001",
2108,"bucket4$317,:3,:6001",2014-04-22T13:44:16.799900,MQ,BAM,,,,3000.0,,3000,100.0,ZNE,test,gold,"bucket4$211,:3,:6001",
2109,"bucket2$540,:3,:6001",2014-04-22T13:44:21.089900,MQ,CPM,,,,3000.0,,3000,100.0,ZNE,train,gold,"bucket1$665,:3,:6001",
2110,"bucket2$541,:3,:6001",2014-04-22T13:44:17.119900,MQ,GBM,,,,3000.0,,3000,100.0,ZNE,train,gold,"bucket1$666,:3,:6001",
2111,"bucket2$542,:3,:6001",2014-04-22T13:44:20,MQ,IA2,,,,3000.0,3029.0,3000,100.0,ZNE,train,gold,"bucket1$667,:3,:6001",
2112,"bucket2$543,:3,:6001",2014-04-22T13:49:23.320000,MQ,IA2,,,,3000.0,3029.0,3000,100.0,ZNE,train,gold,"bucket1$668,:3,:6001",
2113,"bucket5$303,:3,:6001",2014-04-22T13:49:24.780000,MQ,SAM,,,,3000.0,3073.0,3000,100.0,ZNE,dev,gold,"bucket2$192,:3,:6001",
2114,"bucket2$544,:3,:6001",2014-04-22T14:19:05.389900,MQ,BAM,,,,3000.0,,3000,100.0,ZNE,train,gold,"bucket1$669,:3,:6001",
2115,"bucket2$545,:3,:6001",2014-04-22T14:19:06.199900,MQ,CPM,,,,3000.0,,3000,100.0,ZNE,train,gold,"bucket1$670,:3,:6001",
2116,"bucket2$546,:3,:6001",2014-04-22T14:19:06.709900,MQ,GBM,,,,3000.0,,3000,100.0,ZNE,train,gold,"bucket1$671,:3,:6001",
2117,"bucket4$318,:3,:6001",2014-04-22T14:19:10.960000,MQ,SAM,,,,3000.0,3022.0,3000,100.0,ZNE,test,gold,"bucket4$212,:3,:6001",
2118,"bucket2$547,:3,:6001",2014-04-22T19:32:14.169900,MQ,CPM,,,,3000.0,,3000,100.0,ZNE,train,gold,"bucket1$672,:3,:6001",
2119,"bucket2$548,:3,:6001",2014-04-22T19:32:13.559900,MQ,GBM,,,,3000.0,,3000,100.0,ZNE,train,gold,"bucket1$673,:3,:6001",
2120,"bucket2$549,:3,:6001",2014-04-22T19:32:12.290000,MQ,IA2,,,,3000.0,3113.0,3000,100.0,ZNE,train,gold,"bucket1$674,:3,:6001",
2121,"bucket2$550,:3,:6001",2014-04-22T19:32:13.229900,MQ,MLM,,,,3000.0,,3000,100.0,ZNE,train,gold,"bucket1$675,:3,:6001",
2122,"bucket5$304,:3,:6001",2014-04-22T20:30:39.999900,MQ,BAM,,,,3000.0,,3000,100.0,ZNE,dev,gold,"bucket2$193,:3,:6001",
2123,"bucket5$305,:3,:6001",2014-04-22T20:30:43.089900,MQ,CPM,,,,3000.0,,3000,100.0,ZNE,dev,gold,"bucket2$194,:3,:6001",
2124,"bucket2$551,:3,:6001",2014-04-22T20:30:43.680000,MQ,IA2,,,,3000.0,3036.0,3000,100.0,ZNE,train,gold,"bucket1$676,:3,:6001",
2125,"bucket2$552,:3,:6001",2014-04-22T20:30:44.850000,MQ,SAM,,,,3000.0,3025.0,3000,100.0,ZNE,train,gold,"bucket1$677,:3,:6001",
2126,"bucket2$553,:3,:6001",2014-04-22T21:30:20.780000,MQ,IA2,,,,3000.0,3005.0,3000,100.0,ZNE,train,gold,"bucket1$678,:3,:6001",
2127,"bucket2$554,:3,:6001",2014-04-22T22:35:53.759900,MQ,MLM,,,,3000.0,,3000,100.0,ZNE,train,gold,"bucket1$679,:3,:6001",
2128,"bucket2$555,:3,:6001",2014-04-23T01:50:32.699900,MQ,BAM,,,,3000.0,,3000,100.0,ZNE,train,gold,"bucket1$680,:3,:6001",
2129,"bucket2$556,:3,:6001",2014-04-23T01:50:32.119900,MQ,GBM,,,,3000.0,,3000,100.0,ZNE,train,gold,"bucket1$681,:3,:6001",
2130,"bucket2$557,:3,:6001",2014-04-23T01:50:32.950000,MQ,IA2,,,,3000.0,3031.0,3000,100.0,ZNE,train,gold,"bucket1$682,:3,:6001",
2131,"bucket2$558,:3,:6001",2014-04-23T01:50:31.630000,MQ,LAM,,,,3000.0,3005.0,3000,100.0,ZNE,train,gold,"bucket1$683,:3,:6001",
2132,"bucket4$319,:3,:6001",2014-04-23T01:50:30.230000,MQ,SAM,,,,3000.0,3041.0,3000,100.0,ZNE,test,gold,"bucket4$213,:3,:6001",
2133,"bucket2$559,:3,:6001",2014-04-23T07:04:39.859900,MQ,BAM,,,,3000.0,,3000,100.0,ZNE,train,gold,"bucket1$684,:3,:6001",
2134,"bucket2$560,:3,:6001",2014-04-23T07:04:40.019900,MQ,CPM,,,,3000.0,,3000,100.0,ZNE,train,gold,"bucket1$685,:3,:6001",
2135,"bucket2$561,:3,:6001",2014-04-23T07:04:40.149900,MQ,GBM,,,,3000.0,,3000,100.0,ZNE,train,gold,"bucket1$686,:3,:6001",
2136,"bucket4$320,:3,:6001",2014-04-23T07:04:39.670000,MQ,IA2,,,,3000.0,3057.0,3000,100.0,ZNE,test,gold,"bucket4$214,:3,:6001",
2137,"bucket4$321,:3,:6001",2014-04-23T07:04:40.500000,MQ,LAM,,,,3000.0,2958.0,3000,100.0,ZNE,test,gold,"bucket4$215,:3,:6001",
2138,"bucket2$562,:3,:6001",2014-04-23T07:04:40.799900,MQ,MLM,,,,3000.0,,3000,100.0,ZNE,train,gold,"bucket1$687,:3,:6001",
2139,"bucket2$563,:3,:6001",2014-04-23T21:00:58.890000,MQ,IA2,,,,3000.0,3054.0,3000,100.0,ZNE,train,gold,"bucket1$688,:3,:6001",
2140,"bucket2$564,:3,:6001",2014-04-23T21:05:15.909900,MQ,BAM,,,,3000.0,,3000,100.0,ZNE,train,gold,"bucket1$689,:3,:6001",
2141,"bucket2$565,:3,:6001",2014-04-23T21:05:14.789900,MQ,GBM,,,,3000.0,,3000,100.0,ZNE,train,gold,"bucket1$690,:3,:6001",
2142,"bucket2$566,:3,:6001",2014-04-23T21:05:15.650000,MQ,IA2,,,,3000.0,3017.0,3000,100.0,ZNE,train,gold,"bucket1$691,:3,:6001",
2143,"bucket2$567,:3,:6001",2014-04-23T21:05:14.740000,MQ,LAM,,,,3000.0,3151.0,3000,100.0,ZNE,train,gold,"bucket1$692,:3,:6001",
2144,"bucket2$568,:3,:6001",2014-04-23T23:48:06.350000,MQ,SAM,,,,3000.0,3026.0,3000,100.0,ZNE,train,gold,"bucket1$693,:3,:6001",
2145,"bucket2$569,:3,:6001",2014-04-24T00:55:47.969900,MQ,CPM,,,,3000.0,,3000,100.0,ZNE,train,gold,"bucket1$694,:3,:6001",
2146,"bucket2$570,:3,:6001",2014-04-24T00:55:48.450000,MQ,SAM,,,,3000.0,3029.0,3000,100.0,ZNE,train,gold,"bucket1$695,:3,:6001",
2147,"bucket2$571,:3,:6001",2014-04-24T02:05:52.149900,MQ,CPM,,,,3000.0,,3000,100.0,ZNE,train,gold,"bucket1$696,:3,:6001",
2148,"bucket2$572,:3,:6001",2014-04-24T02:05:51.809900,MQ,MLM,,,,3000.0,,3000,100.0,ZNE,train,gold,"bucket1$697,:3,:6001",
2149,"bucket2$573,:3,:6001",2014-04-24T02:05:51.890000,MQ,SAM,,,,3000.0,3207.0,3000,100.0,ZNE,train,gold,"bucket1$698,:3,:6001",
2150,"bucket2$574,:3,:6001",2014-04-24T03:46:54.079900,MQ,BAM,,,,3000.0,,3000,100.0,ZNE,train,gold,"bucket1$699,:3,:6001",
2151,"bucket2$575,:3,:6001",2014-04-24T03:46:52.989900,MQ,GBM,,,,3000.0,,3000,100.0,ZNE,train,gold,"bucket1$700,:3,:6001",
2152,"bucket2$576,:3,:6001",2014-04-24T03:46:53.880000,MQ,IA2,,,,3000.0,,3000,100.0,ZNE,train,gold,"bucket1$701,:3,:6001",
2153,"bucket2$577,:3,:6001",2014-04-24T03:46:49.400000,MQ,SAM,,,,3000.0,3035.0,3000,100.0,ZNE,train,gold,"bucket1$702,:3,:6001",
2154,"bucket2$578,:3,:6001",2014-04-24T08:22:44.869900,MQ,CPM,,,,3000.0,,3000,100.0,ZNE,train,gold,"bucket1$703,:3,:6001",
2155,"bucket2$579,:3,:6001",2014-04-24T08:22:39.900000,MQ,LAM,,,,3000.0,3061.0,3000,100.0,ZNE,train,gold,"bucket1$704,:3,:6001",
2156,"bucket2$580,:3,:6001",2014-04-24T08:22:47.829900,MQ,MLM,,,,3000.0,,3000,100.0,ZNE,train,gold,"bucket1$705,:3,:6001",
2157,"bucket2$581,:3,:6001",2014-04-24T08:22:47.750000,MQ,SAM,,,,3000.0,3043.0,3000,100.0,ZNE,train,gold,"bucket1$706,:3,:6001",
2158,"bucket2$582,:3,:6001",2014-04-24T09:13:59.949900,MQ,BAM,,,,3000.0,,3000,100.0,ZNE,train,gold,"bucket1$707,:3,:6001",
2159,"bucket5$306,:3,:6001",2014-04-24T09:13:55.879900,MQ,CPM,,,,3000.0,,3000,100.0,ZNE,dev,gold,"bucket2$195,:3,:6001",
2160,"bucket2$583,:3,:6001",2014-04-24T09:13:56.070000,MQ,IA2,,,,3000.0,3115.0,3000,100.0,ZNE,train,gold,"bucket1$708,:3,:6001",
2161,"bucket5$307,:3,:6001",2014-04-24T09:13:59.600000,MQ,LAM,,,,3000.0,3058.0,3000,100.0,ZNE,dev,gold,"bucket2$196,:3,:6001",
2162,"bucket4$322,:3,:6001",2014-04-24T09:13:58.990000,MQ,SAM,,,,3000.0,3113.0,3000,100.0,ZNE,test,gold,"bucket4$216,:3,:6001",
2163,"bucket2$584,:3,:6001",2014-04-24T23:07:30.429900,MQ,BAM,,,,3000.0,,3000,100.0,ZNE,train,gold,"bucket1$709,:3,:6001",
2164,"bucket2$585,:3,:6001",2014-04-24T23:07:29.559900,MQ,GBM,,,,3000.0,,3000,100.0,ZNE,train,gold,"bucket1$710,:3,:6001",
2165,"bucket2$586,:3,:6001",2014-04-24T23:07:29.990000,MQ,IA2,,,,3000.0,,3000,100.0,ZNE,train,gold,"bucket1$711,:3,:6001",
2166,"bucket2$587,:3,:6001",2014-04-24T23:07:33.320000,MQ,SAM,,,,3000.0,3140.0,3000,100.0,ZNE,train,gold,"bucket1$712,:3,:6001",
2167,"bucket2$588,:3,:6001",2014-04-25T03:36:23.189900,MQ,BAM,,,,3000.0,,3000,100.0,ZNE,train,gold,"bucket1$713,:3,:6001",
2168,"bucket2$589,:3,:6001",2014-04-25T03:36:23.169900,MQ,CPM,,,,3000.0,,3000,100.0,ZNE,train,gold,"bucket1$714,:3,:6001",
2169,"bucket2$590,:3,:6001",2014-04-25T03:36:23.169900,MQ,GBM,,,,3000.0,,3000,100.0,ZNE,train,gold,"bucket1$715,:3,:6001",
2170,"bucket2$591,:3,:6001",2014-04-25T03:36:23.190000,MQ,IA2,,,,3000.0,3047.0,3000,100.0,ZNE,train,gold,"bucket1$716,:3,:6001",
2171,"bucket4$323,:3,:6001",2014-04-25T03:36:24.480000,MQ,LAM,,,,3000.0,3181.0,3000,100.0,ZNE,test,gold,"bucket4$217,:3,:6001",
2172,"bucket2$592,:3,:6001",2014-04-25T03:36:23.219900,MQ,MLM,,,,3000.0,,3000,100.0,ZNE,train,gold,"bucket1$717,:3,:6001",
2173,"bucket2$593,:3,:6001",2014-04-25T03:36:23.210000,MQ,SAM,,,,3000.0,3148.0,3000,100.0,ZNE,train,gold,"bucket1$718,:3,:6001",
2174,"bucket4$324,:3,:6001",2014-04-25T09:05:55.509900,MQ,BAM,,,,3000.0,,3000,100.0,ZNE,test,gold,"bucket4$218,:3,:6001",
2175,"bucket2$594,:3,:6001",2014-04-25T09:05:55.899900,MQ,GBM,,,,3000.0,,3000,100.0,ZNE,train,gold,"bucket1$719,:3,:6001",
2176,"bucket2$595,:3,:6001",2014-04-25T09:05:56.190000,MQ,IA2,,,,3000.0,3009.0,3000,100.0,ZNE,train,gold,"bucket1$720,:3,:6001",
2177,"bucket2$596,:3,:6001",2014-04-25T09:05:55.230000,MQ,LAM,,,,3000.0,3038.0,3000,100.0,ZNE,train,gold,"bucket1$721,:3,:6001",
2178,"bucket2$597,:3,:6001",2014-04-25T09:05:54.340000,MQ,SAM,,,,3000.0,3436.0,3000,100.0,ZNE,train,gold,"bucket1$722,:3,:6001",
2179,"bucket4$325,:3,:6001",2014-04-25T11:34:05.909900,MQ,BAM,,,,3000.0,,3000,100.0,ZNE,test,gold,"bucket4$219,:3,:6001",
2180,"bucket2$598,:3,:6001",2014-04-25T11:34:07.359900,MQ,CPM,,,,3000.0,,3000,100.0,ZNE,train,gold,"bucket1$723,:3,:6001",
2181,"bucket2$599,:3,:6001",2014-04-25T11:34:06.909900,MQ,GBM,,,,3000.0,,3000,100.0,ZNE,train,gold,"bucket1$724,:3,:6001",
2182,"bucket2$600,:3,:6001",2014-04-25T11:34:07.040000,MQ,IA2,,,,3000.0,3038.0,3000,100.0,ZNE,train,gold,"bucket1$725,:3,:6001",
2183,"bucket2$601,:3,:6001",2014-04-25T11:34:06.560000,MQ,LAM,,,,3000.0,3200.0,3000,100.0,ZNE,train,gold,"bucket1$726,:3,:6001",
2184,"bucket2$602,:3,:6001",2014-04-25T11:34:07.760000,MQ,SAM,,,,3000.0,3182.0,3000,100.0,ZNE,train,gold,"bucket1$727,:3,:6001",
2185,"bucket4$326,:3,:6001",2014-04-25T12:09:25.559900,MQ,BAM,,,,3000.0,,3000,100.0,ZNE,test,gold,"bucket4$220,:3,:6001",
2186,"bucket2$603,:3,:6001",2014-04-25T12:09:26.809900,MQ,CPM,,,,3000.0,,3000,100.0,ZNE,train,gold,"bucket1$728,:3,:6001",
2187,"bucket2$604,:3,:6001",2014-04-25T12:09:26.519900,MQ,MLM,,,,3000.0,,3000,100.0,ZNE,train,gold,"bucket1$729,:3,:6001",
2188,"bucket2$605,:3,:6001",2014-04-25T12:09:23.660000,MQ,SAM,,,,3000.0,3049.0,3000,100.0,ZNE,train,gold,"bucket1$730,:3,:6001",
2189,"bucket2$606,:3,:6001",2014-04-25T17:57:17.109900,MQ,BAM,,,,3000.0,,3000,100.0,ZNE,train,gold,"bucket1$731,:3,:6001",
2190,"bucket2$607,:3,:6001",2014-04-25T17:57:17.749900,MQ,CPM,,,,3000.0,,3000,100.0,ZNE,train,gold,"bucket1$732,:3,:6001",
2191,"bucket2$608,:3,:6001",2014-04-25T17:57:16.459900,MQ,GBM,,,,3000.0,,3000,100.0,ZNE,train,gold,"bucket1$733,:3,:6001",
2192,"bucket4$327,:3,:6001",2014-04-25T17:57:17.270000,MQ,IA2,,,,3000.0,3083.0,3000,100.0,ZNE,test,gold,"bucket4$221,:3,:6001",
2193,"bucket2$609,:3,:6001",2014-04-25T17:57:17.950000,MQ,LAM,,,,3000.0,3108.0,3000,100.0,ZNE,train,gold,"bucket1$734,:3,:6001",
2194,"bucket2$610,:3,:6001",2014-04-25T17:57:17.389900,MQ,MLM,,,,3000.0,,3000,100.0,ZNE,train,gold,"bucket1$735,:3,:6001",
2195,"bucket2$611,:3,:6001",2014-04-25T17:57:12.360000,MQ,SAM,,,,3000.0,3158.0,3000,100.0,ZNE,train,gold,"bucket1$736,:3,:6001",
2196,"bucket2$612,:3,:6001",2014-04-25T21:31:30.029900,MQ,BAM,,,,3000.0,,3000,100.0,ZNE,train,gold,"bucket1$737,:3,:6001",
2197,"bucket2$613,:3,:6001",2014-04-25T21:31:20.869900,MQ,CPM,,,,3000.0,,3000,100.0,ZNE,train,gold,"bucket1$738,:3,:6001",
2198,"bucket2$614,:3,:6001",2014-04-25T21:31:31.079900,MQ,GBM,,,,3000.0,,3000,100.0,ZNE,train,gold,"bucket1$739,:3,:6001",
2199,"bucket5$308,:3,:6001",2014-04-25T21:31:30.110000,MQ,IA2,,,,3000.0,3204.0,3000,100.0,ZNE,dev,gold,"bucket2$197,:3,:6001",
2200,"bucket2$615,:3,:6001",2014-04-25T21:31:30.280000,MQ,LAM,,,,3000.0,3067.0,3000,100.0,ZNE,train,gold,"bucket1$740,:3,:6001",
2201,"bucket2$616,:3,:6001",2014-04-25T21:31:31.379900,MQ,MLM,,,,3000.0,,3000,100.0,ZNE,train,gold,"bucket1$741,:3,:6001",
2202,"bucket2$617,:3,:6001",2014-04-25T21:31:25.640000,MQ,SAM,,,,3000.0,3102.0,3000,100.0,ZNE,train,gold,"bucket1$742,:3,:6001",
2203,"bucket5$309,:3,:6001",2014-04-26T00:47:20.149900,MQ,BAM,,,,3000.0,,3000,100.0,ZNE,dev,gold,"bucket2$198,:3,:6001",
2204,"bucket2$618,:3,:6001",2014-04-26T00:47:14.569900,MQ,GBM,,,,3000.0,,3000,100.0,ZNE,train,gold,"bucket1$743,:3,:6001",
2205,"bucket5$310,:3,:6001",2014-04-26T00:47:19.390000,MQ,IA2,,,,3000.0,3113.0,3000,100.0,ZNE,dev,gold,"bucket2$199,:3,:6001",
2206,"bucket2$619,:3,:6001",2014-04-26T00:47:19.100000,MQ,LAM,,,,3000.0,2999.0,3000,100.0,ZNE,train,gold,"bucket1$744,:3,:6001",
2207,"bucket2$620,:3,:6001",2014-04-26T04:48:55.009900,MQ,BAM,,,,3000.0,,3000,100.0,ZNE,train,gold,"bucket1$745,:3,:6001",
2208,"bucket2$621,:3,:6001",2014-04-26T04:48:54.439900,MQ,GBM,,,,3000.0,,3000,100.0,ZNE,train,gold,"bucket1$746,:3,:6001",
2209,"bucket2$622,:3,:6001",2014-04-26T04:48:54.550000,MQ,IA2,,,,3000.0,3048.0,3000,100.0,ZNE,train,gold,"bucket1$747,:3,:6001",
2210,"bucket4$328,:3,:6001",2014-04-26T04:48:56.030000,MQ,LAM,,,,3000.0,3031.0,3000,100.0,ZNE,test,gold,"bucket4$222,:3,:6001",
2211,"bucket2$623,:3,:6001",2014-04-26T04:48:56.999900,MQ,MLM,,,,3000.0,,3000,100.0,ZNE,train,gold,"bucket1$748,:3,:6001",
2212,"bucket2$624,:3,:6001",2014-04-26T04:48:53.730000,MQ,SAM,,,,3000.0,3074.0,3000,100.0,ZNE,train,gold,"bucket1$749,:3,:6001",
2213,"bucket2$625,:3,:6001",2014-04-26T07:31:55.869900,MQ,BAM,,,,3000.0,,3000,100.0,ZNE,train,gold,"bucket1$750,:3,:6001",
2214,"bucket4$329,:3,:6001",2014-04-26T07:31:57.149900,MQ,CPM,,,,3000.0,,3000,100.0,ZNE,test,gold,"bucket4$223,:3,:6001",
2215,"bucket2$626,:3,:6001",2014-04-26T07:31:55.279900,MQ,GBM,,,,3000.0,,3000,100.0,ZNE,train,gold,"bucket1$751,:3,:6001",
2216,"bucket2$627,:3,:6001",2014-04-26T07:31:55.380000,MQ,IA2,,,,3000.0,3086.0,3000,100.0,ZNE,train,gold,"bucket1$752,:3,:6001",
2217,"bucket2$628,:3,:6001",2014-04-26T10:25:43.069900,MQ,BAM,,,,3000.0,,3000,100.0,ZNE,train,gold,"bucket1$753,:3,:6001",
2218,"bucket2$629,:3,:6001",2014-04-26T10:25:43.549900,MQ,CPM,,,,3000.0,,3000,100.0,ZNE,train,gold,"bucket1$754,:3,:6001",
2219,"bucket2$630,:3,:6001",2014-04-26T10:25:43.419900,MQ,GBM,,,,3000.0,,3000,100.0,ZNE,train,gold,"bucket1$755,:3,:6001",
2220,"bucket2$631,:3,:6001",2014-04-26T10:25:43.900000,MQ,IA2,,,,3000.0,,3000,100.0,ZNE,train,gold,"bucket1$756,:3,:6001",
2221,"bucket5$311,:3,:6001",2014-04-26T10:25:43.900000,MQ,LAM,,,,3000.0,3083.0,3000,100.0,ZNE,dev,gold,"bucket2$200,:3,:6001",
2222,"bucket2$632,:3,:6001",2014-04-26T10:25:43.739900,MQ,MLM,,,,3000.0,,3000,100.0,ZNE,train,gold,"bucket1$757,:3,:6001",
2223,"bucket4$330,:3,:6001",2014-04-26T10:25:43.740000,MQ,SAM,,,,3000.0,3028.0,3000,100.0,ZNE,test,gold,"bucket4$224,:3,:6001",
2224,"bucket5$312,:3,:6001",2014-04-26T10:25:50.149900,MQ,BAM,,,,3000.0,,3000,100.0,ZNE,dev,gold,"bucket2$201,:3,:6001",
2225,"bucket2$633,:3,:6001",2014-04-26T10:25:51.629900,MQ,CPM,,,,3000.0,,3000,100.0,ZNE,train,gold,"bucket1$758,:3,:6001",
2226,"bucket2$634,:3,:6001",2014-04-26T10:25:50.939900,MQ,GBM,,,,3000.0,,3000,100.0,ZNE,train,gold,"bucket1$759,:3,:6001",
2227,"bucket2$635,:3,:6001",2014-04-26T10:25:51.370000,MQ,IA2,,,,3000.0,3095.0,3000,100.0,ZNE,train,gold,"bucket1$760,:3,:6001",
2228,"bucket2$636,:3,:6001",2014-04-26T10:25:50.760000,MQ,LAM,,,,3000.0,3116.0,3000,100.0,ZNE,train,gold,"bucket1$761,:3,:6001",
2229,"bucket2$637,:3,:6001",2014-04-26T10:25:51.749900,MQ,MLM,,,,3000.0,,3000,100.0,ZNE,train,gold,"bucket1$762,:3,:6001",
2230,"bucket2$638,:3,:6001",2014-04-26T10:25:50.430000,MQ,SAM,,,,3000.0,3152.0,3000,100.0,ZNE,train,gold,"bucket1$763,:3,:6001",
2231,"bucket2$639,:3,:6001",2014-04-26T21:15:35.349900,MQ,BAM,,,,3000.0,,3000,100.0,ZNE,train,gold,"bucket1$764,:3,:6001",
2232,"bucket5$313,:3,:6001",2014-04-26T21:15:35.789900,MQ,CPM,,,,3000.0,,3000,100.0,ZNE,dev,gold,"bucket2$202,:3,:6001",
2233,"bucket2$640,:3,:6001",2014-04-26T21:15:34.149900,MQ,GBM,,,,3000.0,,3000,100.0,ZNE,train,gold,"bucket1$765,:3,:6001",
2234,"bucket2$641,:3,:6001",2014-04-26T21:15:34.920000,MQ,IA2,,,,3000.0,3088.0,3000,100.0,ZNE,train,gold,"bucket1$766,:3,:6001",
2235,"bucket2$642,:3,:6001",2014-04-26T21:15:34.240000,MQ,LAM,,,,3000.0,3142.0,3000,100.0,ZNE,train,gold,"bucket1$767,:3,:6001",
2236,"bucket2$643,:3,:6001",2014-04-26T21:15:37.450000,MQ,SAM,,,,3000.0,3191.0,3000,100.0,ZNE,train,gold,"bucket1$768,:3,:6001",
2237,"bucket2$644,:3,:6001",2014-04-26T22:00:06.300000,MQ,SAM,,,,3000.0,3077.0,3000,100.0,ZNE,train,gold,"bucket1$769,:3,:6001",
2238,"bucket2$645,:3,:6001",2014-04-26T22:55:06.789900,MQ,BAM,,,,3000.0,,3000,100.0,ZNE,train,gold,"bucket1$770,:3,:6001",
2239,"bucket5$314,:3,:6001",2014-04-26T22:55:07.359900,MQ,CPM,,,,3000.0,,3000,100.0,ZNE,dev,gold,"bucket2$203,:3,:6001",
2240,"bucket2$646,:3,:6001",2014-04-26T22:55:05.089900,MQ,GBM,,,,3000.0,,3000,100.0,ZNE,train,gold,"bucket1$771,:3,:6001",
2241,"bucket5$315,:3,:6001",2014-04-27T06:03:34.209900,MQ,BAM,,,,3000.0,,3000,100.0,ZNE,dev,gold,"bucket2$204,:3,:6001",
2242,"bucket5$316,:3,:6001",2014-04-27T06:03:34.779900,MQ,CPM,,,,3000.0,,3000,100.0,ZNE,dev,gold,"bucket2$205,:3,:6001",
2243,"bucket2$647,:3,:6001",2014-04-27T06:03:34.620000,MQ,IA2,,,,3000.0,3220.0,3000,100.0,ZNE,train,gold,"bucket1$772,:3,:6001",
2244,"bucket4$331,:3,:6001",2014-04-27T06:03:34.190000,MQ,LAM,,,,3000.0,3134.0,3000,100.0,ZNE,test,gold,"bucket4$225,:3,:6001",
2245,"bucket2$648,:3,:6001",2014-04-27T06:03:35.789900,MQ,MLM,,,,3000.0,,3000,100.0,ZNE,train,gold,"bucket1$773,:3,:6001",
2246,"bucket4$332,:3,:6001",2014-04-27T15:32:17.949900,MQ,BAM,,,,3000.0,,3000,100.0,ZNE,test,gold,"bucket4$226,:3,:6001",
2247,"bucket5$317,:3,:6001",2014-04-27T15:32:17.519900,MQ,CPM,,,,3000.0,,3000,100.0,ZNE,dev,gold,"bucket2$206,:3,:6001",
2248,"bucket2$649,:3,:6001",2014-04-27T15:32:15.759900,MQ,GBM,,,,3000.0,,3000,100.0,ZNE,train,gold,"bucket1$774,:3,:6001",
2249,"bucket2$650,:3,:6001",2014-04-27T15:32:17.080000,MQ,IA2,,,,3000.0,3075.0,3000,100.0,ZNE,train,gold,"bucket1$775,:3,:6001",
2250,"bucket2$651,:3,:6001",2014-04-27T15:32:15.440000,MQ,LAM,,,,3000.0,3008.0,3000,100.0,ZNE,train,gold,"bucket1$776,:3,:6001",
2251,"bucket2$652,:3,:6001",2014-04-27T15:32:18.970000,MQ,SAM,,,,3000.0,3024.0,3000,100.0,ZNE,train,gold,"bucket1$777,:3,:6001",
2252,"bucket2$653,:3,:6001",2014-04-27T16:43:44.199900,MQ,BAM,,,,3000.0,,3000,100.0,ZNE,train,gold,"bucket1$778,:3,:6001",
2253,"bucket5$318,:3,:6001",2014-04-27T16:43:45.639900,MQ,CPM,,,,3000.0,,3000,100.0,ZNE,dev,gold,"bucket2$207,:3,:6001",
2254,"bucket2$654,:3,:6001",2014-04-27T16:43:45.179900,MQ,GBM,,,,3000.0,,3000,100.0,ZNE,train,gold,"bucket1$779,:3,:6001",
2255,"bucket2$655,:3,:6001",2014-04-27T16:43:45.020000,MQ,IA2,,,,3000.0,3062.0,3000,100.0,ZNE,train,gold,"bucket1$780,:3,:6001",
2256,"bucket2$656,:3,:6001",2014-04-27T18:51:28.310000,MQ,IA2,,,,3000.0,,3000,100.0,ZNE,train,gold,"bucket1$781,:3,:6001",
2257,"bucket2$657,:3,:6001",2014-04-28T04:13:49.889900,MQ,BAM,,,,3000.0,,3000,100.0,ZNE,train,gold,"bucket1$782,:3,:6001",
2258,"bucket5$319,:3,:6001",2014-04-28T09:22:40.629900,MQ,BAM,,,,3000.0,,3000,100.0,ZNE,dev,gold,"bucket2$208,:3,:6001",
2259,"bucket2$658,:3,:6001",2014-04-28T09:22:39.329900,MQ,CPM,,,,3000.0,,3000,100.0,ZNE,train,gold,"bucket1$783,:3,:6001",
2260,"bucket2$659,:3,:6001",2014-04-28T09:22:39.979900,MQ,GBM,,,,3000.0,,3000,100.0,ZNE,train,gold,"bucket1$784,:3,:6001",
2261,"bucket2$660,:3,:6001",2014-04-28T09:22:41.909900,MQ,MLM,,,,3000.0,,3000,100.0,ZNE,train,gold,"bucket1$785,:3,:6001",
2262,"bucket4$333,:3,:6001",2014-04-28T19:34:01.189900,MQ,BAM,,,,3000.0,,3000,100.0,ZNE,test,gold,"bucket4$227,:3,:6001",
2263,"bucket2$661,:3,:6001",2014-04-28T19:34:00.509900,MQ,CPM,,,,3000.0,,3000,100.0,ZNE,train,gold,"bucket1$786,:3,:6001",
2264,"bucket2$662,:3,:6001",2014-04-28T19:34:01.199900,MQ,GBM,,,,3000.0,,3000,100.0,ZNE,train,gold,"bucket1$787,:3,:6001",
2265,"bucket4$334,:3,:6001",2014-04-28T19:34:00.910000,MQ,IA2,,,,3000.0,3064.0,3000,100.0,ZNE,test,gold,"bucket4$228,:3,:6001",
2266,"bucket2$663,:3,:6001",2014-04-28T19:34:01.180000,MQ,LAM,,,,3000.0,3039.0,3000,100.0,ZNE,train,gold,"bucket1$788,:3,:6001",
2267,"bucket2$664,:3,:6001",2014-04-28T19:34:01.499900,MQ,MLM,,,,3000.0,,3000,100.0,ZNE,train,gold,"bucket1$789,:3,:6001",
2268,"bucket2$665,:3,:6001",2014-04-28T19:34:00.890000,MQ,SAM,,,,3000.0,3023.0,3000,100.0,ZNE,train,gold,"bucket1$790,:3,:6001",
2269,"bucket5$320,:3,:6001",2014-04-28T19:34:14.559900,MQ,CPM,,,,3000.0,,3000,100.0,ZNE,dev,gold,"bucket2$209,:3,:6001",
2270,"bucket2$666,:3,:6001",2014-04-28T19:34:14.900000,MQ,IA2,,,,3000.0,3133.0,3000,100.0,ZNE,train,gold,"bucket1$791,:3,:6001",
2271,"bucket2$667,:3,:6001",2014-04-28T19:34:14.860000,MQ,LAM,,,,3000.0,3117.0,3000,100.0,ZNE,train,gold,"bucket1$792,:3,:6001",
2272,"bucket2$668,:3,:6001",2014-04-28T19:34:14.400000,MQ,SAM,,,,3000.0,3208.0,3000,100.0,ZNE,train,gold,"bucket1$793,:3,:6001",
2273,"bucket2$669,:3,:6001",2014-04-28T23:09:58.140000,MQ,SAM,,,,3000.0,3112.0,3000,100.0,ZNE,train,gold,"bucket1$794,:3,:6001",
2274,"bucket2$670,:3,:6001",2014-04-29T02:11:13.299900,MQ,BAM,,,,3000.0,,3000,100.0,ZNE,train,gold,"bucket1$795,:3,:6001",
2275,"bucket2$671,:3,:6001",2014-04-29T02:11:13.409900,MQ,CPM,,,,3000.0,,3000,100.0,ZNE,train,gold,"bucket1$796,:3,:6001",
2276,"bucket2$672,:3,:6001",2014-04-29T02:11:14.579900,MQ,GBM,,,,3000.0,,3000,100.0,ZNE,train,gold,"bucket1$797,:3,:6001",
2277,"bucket2$673,:3,:6001",2014-04-29T02:11:13.580000,MQ,IA2,,,,3000.0,3097.0,3000,100.0,ZNE,train,gold,"bucket1$798,:3,:6001",
2278,"bucket2$674,:3,:6001",2014-04-29T02:11:13.020000,MQ,LAM,,,,3000.0,3032.0,3000,100.0,ZNE,train,gold,"bucket1$799,:3,:6001",
2279,"bucket2$675,:3,:6001",2014-04-29T06:54:33.869900,MQ,BAM,,,,3000.0,,3000,100.0,ZNE,train,gold,"bucket1$800,:3,:6001",
2280,"bucket2$676,:3,:6001",2014-04-29T06:54:34.669900,MQ,CPM,,,,3000.0,,3000,100.0,ZNE,train,gold,"bucket1$801,:3,:6001",
2281,"bucket5$321,:3,:6001",2014-04-29T06:54:34.629900,MQ,GBM,,,,3000.0,,3000,100.0,ZNE,dev,gold,"bucket2$210,:3,:6001",
2282,"bucket2$677,:3,:6001",2014-04-29T06:54:34.620000,MQ,IA2,,,,3000.0,3048.0,3000,100.0,ZNE,train,gold,"bucket1$802,:3,:6001",
2283,"bucket2$678,:3,:6001",2014-04-29T07:13:03.640000,MQ,IA2,,,,3000.0,3054.0,3000,100.0,ZNE,train,gold,"bucket1$803,:3,:6001",
2284,"bucket2$679,:3,:6001",2014-04-29T14:19:35.319900,MQ,BAM,,,,3000.0,,3000,100.0,ZNE,train,gold,"bucket1$804,:3,:6001",
2285,"bucket2$680,:3,:6001",2014-04-29T14:19:35.130000,MQ,LAM,,,,3000.0,3135.0,3000,100.0,ZNE,train,gold,"bucket1$805,:3,:6001",
2286,"bucket4$335,:3,:6001",2014-04-29T14:19:33.639900,MQ,MLM,,,,3000.0,,3000,100.0,ZNE,test,gold,"bucket4$229,:3,:6001",
2287,"bucket4$336,:3,:6001",2014-04-29T14:19:38.690000,MQ,SAM,,,,3000.0,3038.0,3000,100.0,ZNE,test,gold,"bucket4$230,:3,:6001",
2288,"bucket2$681,:3,:6001",2014-04-30T07:25:58.139900,MQ,BAM,,,,3000.0,,3000,100.0,ZNE,train,gold,"bucket1$806,:3,:6001",
2289,"bucket2$682,:3,:6001",2014-04-30T07:25:59.729900,MQ,CPM,,,,3000.0,,3000,100.0,ZNE,train,gold,"bucket1$807,:3,:6001",
2290,"bucket2$683,:3,:6001",2014-04-30T07:25:59.629900,MQ,GBM,,,,3000.0,,3000,100.0,ZNE,train,gold,"bucket1$808,:3,:6001",
2291,"bucket2$684,:3,:6001",2014-04-30T07:25:59.690000,MQ,IA2,,,,3000.0,3094.0,3000,100.0,ZNE,train,gold,"bucket1$809,:3,:6001",
2292,"bucket2$685,:3,:6001",2014-04-30T07:25:59.230000,MQ,LAM,,,,3000.0,3047.0,3000,100.0,ZNE,train,gold,"bucket1$810,:3,:6001",
2293,"bucket2$686,:3,:6001",2014-04-30T07:25:59.820000,MQ,SAM,,,,3000.0,3011.0,3000,100.0,ZNE,train,gold,"bucket1$811,:3,:6001",
2294,"bucket2$687,:3,:6001",2014-04-30T11:12:24.059900,MQ,BAM,,,,3000.0,,3000,100.0,ZNE,train,gold,"bucket1$812,:3,:6001",
2295,"bucket2$688,:3,:6001",2014-04-30T11:12:23.869900,MQ,CPM,,,,3000.0,,3000,100.0,ZNE,train,gold,"bucket1$813,:3,:6001",
2296,"bucket2$689,:3,:6001",2014-04-30T11:12:24.129900,MQ,GBM,,,,3000.0,,3000,100.0,ZNE,train,gold,"bucket1$814,:3,:6001",
2297,"bucket2$690,:3,:6001",2014-04-30T11:12:24.280000,MQ,LAM,,,,3000.0,,3000,100.0,ZNE,train,gold,"bucket1$815,:3,:6001",
2298,"bucket2$691,:3,:6001",2014-04-30T18:22:10.989900,MQ,BAM,,,,3000.0,,3000,100.0,ZNE,train,gold,"bucket1$816,:3,:6001",
2299,"bucket4$337,:3,:6001",2014-04-30T18:22:11.539900,MQ,CPM,,,,3000.0,,3000,100.0,ZNE,test,gold,"bucket4$231,:3,:6001",
2300,"bucket2$692,:3,:6001",2014-04-30T18:22:11.449900,MQ,GBM,,,,3000.0,,3000,100.0,ZNE,train,gold,"bucket1$817,:3,:6001",
2301,"bucket2$693,:3,:6001",2014-04-30T18:22:12.070000,MQ,IA2,,,,3000.0,3037.0,3000,100.0,ZNE,train,gold,"bucket1$818,:3,:6001",
2302,"bucket2$694,:3,:6001",2014-05-01T22:42:13.019900,MQ,BAM,,,,3000.0,,3000,100.0,ZNE,train,gold,"bucket1$819,:3,:6001",
2303,"bucket2$695,:3,:6001",2014-05-01T22:42:13.469900,MQ,CPM,,,,3000.0,,3000,100.0,ZNE,train,gold,"bucket1$820,:3,:6001",
2304,"bucket2$696,:3,:6001",2014-05-01T22:42:11.849900,MQ,GBM,,,,3000.0,,3000,100.0,ZNE,train,gold,"bucket1$821,:3,:6001",
2305,"bucket2$697,:3,:6001",2014-05-01T22:42:12.500000,MQ,IA2,,,,3000.0,3130.0,3000,100.0,ZNE,train,gold,"bucket1$822,:3,:6001",
2306,"bucket2$698,:3,:6001",2014-05-01T22:42:11.690000,MQ,LAM,,,,3000.0,3061.0,3000,100.0,ZNE,train,gold,"bucket1$823,:3,:6001",
2307,"bucket4$338,:3,:6001",2014-05-01T22:42:13.180000,MQ,SAM,,,,3000.0,3035.0,3000,100.0,ZNE,test,gold,"bucket4$232,:3,:6001",
2308,"bucket2$699,:3,:6001",2014-05-02T00:20:51.629900,MQ,BAM,,,,3000.0,,3000,100.0,ZNE,train,gold,"bucket1$824,:3,:6001",
2309,"bucket2$700,:3,:6001",2014-05-02T00:20:52.429900,MQ,CPM,,,,3000.0,,3000,100.0,ZNE,train,gold,"bucket1$825,:3,:6001",
2310,"bucket2$701,:3,:6001",2014-05-02T00:20:52.109900,MQ,GBM,,,,3000.0,,3000,100.0,ZNE,train,gold,"bucket1$826,:3,:6001",
2311,"bucket2$702,:3,:6001",2014-05-02T00:20:52.420000,MQ,IA2,,,,3000.0,3038.0,3000,100.0,ZNE,train,gold,"bucket1$827,:3,:6001",
2312,"bucket2$703,:3,:6001",2014-05-02T00:20:52.440000,MQ,LAM,,,,3000.0,3115.0,3000,100.0,ZNE,train,gold,"bucket1$828,:3,:6001",
2313,"bucket4$339,:3,:6001",2014-05-02T00:20:52.119900,MQ,MLM,,,,3000.0,,3000,100.0,ZNE,test,gold,"bucket4$233,:3,:6001",
2314,"bucket4$340,:3,:6001",2014-05-02T00:20:52.440000,MQ,SAM,,,,3000.0,3037.0,3000,100.0,ZNE,test,gold,"bucket4$234,:3,:6001",
2315,"bucket2$704,:3,:6001",2014-05-02T00:21:04.649900,MQ,BAM,,,,3000.0,,3000,100.0,ZNE,train,gold,"bucket1$829,:3,:6001",
2316,"bucket2$705,:3,:6001",2014-05-02T00:21:05.769900,MQ,CPM,,,,3000.0,,3000,100.0,ZNE,train,gold,"bucket1$830,:3,:6001",
2317,"bucket2$706,:3,:6001",2014-05-02T00:21:05.259900,MQ,GBM,,,,3000.0,,3000,100.0,ZNE,train,gold,"bucket1$831,:3,:6001",
2318,"bucket4$341,:3,:6001",2014-05-02T00:21:05.820000,MQ,IA2,,,,3000.0,3122.0,3000,100.0,ZNE,test,gold,"bucket4$235,:3,:6001",
2319,"bucket2$707,:3,:6001",2014-05-02T00:21:05.210000,MQ,LAM,,,,3000.0,3234.0,3000,100.0,ZNE,train,gold,"bucket1$832,:3,:6001",
2320,"bucket4$342,:3,:6001",2014-05-02T00:21:05.209900,MQ,MLM,,,,3000.0,,3000,100.0,ZNE,test,gold,"bucket4$236,:3,:6001",
2321,"bucket4$343,:3,:6001",2014-05-02T00:21:05.500000,MQ,SAM,,,,3000.0,3092.0,3000,100.0,ZNE,test,gold,"bucket4$237,:3,:6001",
2322,"bucket2$708,:3,:6001",2014-05-02T02:17:48.699900,MQ,BAM,,,,3000.0,,3000,100.0,ZNE,train,gold,"bucket1$833,:3,:6001",
2323,"bucket5$322,:3,:6001",2014-05-02T02:17:52.529900,MQ,CPM,,,,3000.0,,3000,100.0,ZNE,dev,gold,"bucket2$211,:3,:6001",
2324,"bucket2$709,:3,:6001",2014-05-02T02:17:53.109900,MQ,GBM,,,,3000.0,,3000,100.0,ZNE,train,gold,"bucket1$834,:3,:6001",
2325,"bucket2$710,:3,:6001",2014-05-02T02:17:52.520000,MQ,IA2,,,,3000.0,3033.0,3000,100.0,ZNE,train,gold,"bucket1$835,:3,:6001",
2326,"bucket2$711,:3,:6001",2014-05-02T02:17:52.920000,MQ,LAM,,,,3000.0,3008.0,3000,100.0,ZNE,train,gold,"bucket1$836,:3,:6001",
2327,"bucket2$712,:3,:6001",2014-05-02T06:14:37.339900,MQ,BAM,,,,3000.0,,3000,100.0,ZNE,train,gold,"bucket1$837,:3,:6001",
2328,"bucket2$713,:3,:6001",2014-05-02T06:14:38.459900,MQ,CPM,,,,3000.0,,3000,100.0,ZNE,train,gold,"bucket1$838,:3,:6001",
2329,"bucket2$714,:3,:6001",2014-05-02T06:14:36.549900,MQ,GBM,,,,3000.0,,3000,100.0,ZNE,train,gold,"bucket1$839,:3,:6001",
2330,"bucket2$715,:3,:6001",2014-05-02T06:14:37.160000,MQ,IA2,,,,3000.0,3285.0,3000,100.0,ZNE,train,gold,"bucket1$840,:3,:6001",
2331,"bucket2$716,:3,:6001",2014-05-02T07:15:06.069900,MQ,CPM,,,,3000.0,,3000,100.0,ZNE,train,gold,"bucket1$841,:3,:6001",
2332,"bucket2$717,:3,:6001",2014-05-02T07:15:04.199900,MQ,GBM,,,,3000.0,,3000,100.0,ZNE,train,gold,"bucket1$842,:3,:6001",
2333,"bucket2$718,:3,:6001",2014-05-02T07:15:05.130000,MQ,IA2,,,,3000.0,3145.0,3000,100.0,ZNE,train,gold,"bucket1$843,:3,:6001",
2334,"bucket2$719,:3,:6001",2014-05-02T07:15:06.569900,MQ,MLM,,,,3000.0,,3000,100.0,ZNE,train,gold,"bucket1$844,:3,:6001",
2335,"bucket2$720,:3,:6001",2014-05-02T07:33:08.089900,MQ,BAM,,,,3000.0,,3000,100.0,ZNE,train,gold,"bucket1$845,:3,:6001",
2336,"bucket2$721,:3,:6001",2014-05-02T07:33:09.839900,MQ,CPM,,,,3000.0,,3000,100.0,ZNE,train,gold,"bucket1$846,:3,:6001",
2337,"bucket4$344,:3,:6001",2014-05-02T07:33:09.379900,MQ,GBM,,,,3000.0,,3000,100.0,ZNE,test,gold,"bucket4$238,:3,:6001",
2338,"bucket5$323,:3,:6001",2014-05-02T07:33:08.110000,MQ,IA2,,,,3000.0,3176.0,3000,100.0,ZNE,dev,gold,"bucket2$212,:3,:6001",
2339,"bucket2$722,:3,:6001",2014-05-02T07:33:09.749900,MQ,MLM,,,,3000.0,,3000,100.0,ZNE,train,gold,"bucket1$847,:3,:6001",
2340,"bucket2$723,:3,:6001",2014-05-02T10:39:01.959900,MQ,BAM,,,,3000.0,,3000,100.0,ZNE,train,gold,"bucket1$848,:3,:6001",
2341,"bucket5$324,:3,:6001",2014-05-02T10:39:02.759900,MQ,CPM,,,,3000.0,,3000,100.0,ZNE,dev,gold,"bucket2$213,:3,:6001",
2342,"bucket2$724,:3,:6001",2014-05-02T10:39:01.159900,MQ,GBM,,,,3000.0,,3000,100.0,ZNE,train,gold,"bucket1$849,:3,:6001",
2343,"bucket5$325,:3,:6001",2014-05-02T10:39:01.950000,MQ,IA2,,,,3000.0,3100.0,3000,100.0,ZNE,dev,gold,"bucket2$214,:3,:6001",
2344,"bucket2$725,:3,:6001",2014-05-02T10:39:01.350000,MQ,LAM,,,,3000.0,3250.0,3000,100.0,ZNE,train,gold,"bucket1$850,:3,:6001",
2345,"bucket2$726,:3,:6001",2014-05-02T10:39:02.440000,MQ,SAM,,,,3000.0,3048.0,3000,100.0,ZNE,train,gold,"bucket1$851,:3,:6001",
2346,"bucket2$727,:3,:6001",2014-05-02T13:53:43.249900,MQ,BAM,,,,3000.0,,3000,100.0,ZNE,train,gold,"bucket1$852,:3,:6001",
2347,"bucket5$326,:3,:6001",2014-05-02T13:53:44.679900,MQ,CPM,,,,3000.0,,3000,100.0,ZNE,dev,gold,"bucket2$215,:3,:6001",
2348,"bucket5$327,:3,:6001",2014-05-02T13:53:44.259900,MQ,MLM,,,,3000.0,,3000,100.0,ZNE,dev,gold,"bucket2$216,:3,:6001",
2349,"bucket4$345,:3,:6001",2014-05-02T13:53:43.980000,MQ,SAM,,,,3000.0,3020.0,3000,100.0,ZNE,test,gold,"bucket4$239,:3,:6001",
2350,"bucket4$346,:3,:6001",2014-05-02T14:54:13.230000,MQ,SAM,,,,3000.0,3014.0,3000,100.0,ZNE,test,gold,"bucket4$240,:3,:6001",
2351,"bucket2$728,:3,:6001",2014-05-02T16:12:10.079900,MQ,CPM,,,,3000.0,,3000,100.0,ZNE,train,gold,"bucket1$853,:3,:6001",
2352,"bucket4$347,:3,:6001",2014-05-02T16:23:27.399900,MQ,CPM,,,,3000.0,,3000,100.0,ZNE,test,gold,"bucket4$241,:3,:6001",
2353,"bucket2$729,:3,:6001",2014-05-02T16:23:27.680000,MQ,SAM,,,,3000.0,,3000,100.0,ZNE,train,gold,"bucket1$854,:3,:6001",
2354,"bucket2$730,:3,:6001",2014-05-02T19:13:08.339900,MQ,CPM,,,,3000.0,,3000,100.0,ZNE,train,gold,"bucket1$855,:3,:6001",
2355,"bucket2$731,:3,:6001",2014-05-02T23:16:05.240000,MQ,SAM,,,,3000.0,3022.0,3000,100.0,ZNE,train,gold,"bucket1$856,:3,:6001",
2356,"bucket2$732,:3,:6001",2014-05-03T01:04:31.749900,MQ,MLM,,,,3000.0,,3000,100.0,ZNE,train,gold,"bucket1$857,:3,:6001",
2357,"bucket2$733,:3,:6001",2014-05-03T02:58:49.139900,MQ,CPM,,,,3000.0,,3000,100.0,ZNE,train,gold,"bucket1$858,:3,:6001",
2358,"bucket2$734,:3,:6001",2014-05-03T02:58:44.709900,MQ,GBM,,,,3000.0,,3000,100.0,ZNE,train,gold,"bucket1$859,:3,:6001",
2359,"bucket2$735,:3,:6001",2014-05-03T02:58:45.300000,MQ,IA2,,,,3000.0,3124.0,3000,100.0,ZNE,train,gold,"bucket1$860,:3,:6001",
2360,"bucket2$736,:3,:6001",2014-05-03T06:16:21.939900,MQ,BAM,,,,3000.0,,3000,100.0,ZNE,train,gold,"bucket1$861,:3,:6001",
2361,"bucket2$737,:3,:6001",2014-05-03T06:16:26.609900,MQ,CPM,,,,3000.0,,3000,100.0,ZNE,train,gold,"bucket1$862,:3,:6001",
2362,"bucket4$348,:3,:6001",2014-05-03T06:16:29.310000,MQ,IA2,,,,3000.0,3005.0,3000,100.0,ZNE,test,gold,"bucket4$242,:3,:6001",
2363,"bucket2$738,:3,:6001",2014-05-03T06:16:29.630000,MQ,LAM,,,,3000.0,3043.0,3000,100.0,ZNE,train,gold,"bucket1$863,:3,:6001",
2364,"bucket2$739,:3,:6001",2014-05-03T07:29:44.699900,MQ,CPM,,,,3000.0,,3000,100.0,ZNE,train,gold,"bucket1$864,:3,:6001",
2365,"bucket2$740,:3,:6001",2014-05-03T07:29:45.259900,MQ,GBM,,,,3000.0,,3000,100.0,ZNE,train,gold,"bucket1$865,:3,:6001",
2366,"bucket2$741,:3,:6001",2014-05-03T07:29:44.800000,MQ,IA2,,,,3000.0,3085.0,3000,100.0,ZNE,train,gold,"bucket1$866,:3,:6001",
2367,"bucket2$742,:3,:6001",2014-05-03T07:29:46.260000,MQ,LAM,,,,3000.0,3027.0,3000,100.0,ZNE,train,gold,"bucket1$867,:3,:6001",
2368,"bucket2$743,:3,:6001",2014-05-03T07:29:45.619900,MQ,MLM,,,,3000.0,,3000,100.0,ZNE,train,gold,"bucket1$868,:3,:6001",
2369,"bucket5$328,:3,:6001",2014-05-03T07:29:45.020000,MQ,SAM,,,,3000.0,3104.0,3000,100.0,ZNE,dev,gold,"bucket2$217,:3,:6001",
2370,"bucket2$744,:3,:6001",2014-05-03T07:52:11.579900,MQ,BAM,,,,3000.0,,3000,100.0,ZNE,train,gold,"bucket1$869,:3,:6001",
2371,"bucket4$349,:3,:6001",2014-05-03T07:52:12.379900,MQ,CPM,,,,3000.0,,3000,100.0,ZNE,test,gold,"bucket4$243,:3,:6001",
2372,"bucket2$745,:3,:6001",2014-05-03T07:52:12.129900,MQ,GBM,,,,3000.0,,3000,100.0,ZNE,train,gold,"bucket1$870,:3,:6001",
2373,"bucket2$746,:3,:6001",2014-05-03T07:52:11.730000,MQ,IA2,,,,3000.0,3070.0,3000,100.0,ZNE,train,gold,"bucket1$871,:3,:6001",
2374,"bucket2$747,:3,:6001",2014-05-03T08:22:35.899900,MQ,BAM,,,,3000.0,,3000,100.0,ZNE,train,gold,"bucket1$872,:3,:6001",
2375,"bucket2$748,:3,:6001",2014-05-03T08:22:37.429900,MQ,CPM,,,,3000.0,,3000,100.0,ZNE,train,gold,"bucket1$873,:3,:6001",
2376,"bucket2$749,:3,:6001",2014-05-03T08:22:34.409900,MQ,GBM,,,,3000.0,,3000,100.0,ZNE,train,gold,"bucket1$874,:3,:6001",
2377,"bucket2$750,:3,:6001",2014-05-03T08:22:36.470000,MQ,IA2,,,,3000.0,3013.0,3000,100.0,ZNE,train,gold,"bucket1$875,:3,:6001",
2378,"bucket4$350,:3,:6001",2014-05-03T10:45:07.799900,MQ,CPM,,,,3000.0,,3000,100.0,ZNE,test,gold,"bucket4$244,:3,:6001",
2379,"bucket2$751,:3,:6001",2014-05-03T10:45:06.719900,MQ,GBM,,,,3000.0,,3000,100.0,ZNE,train,gold,"bucket1$876,:3,:6001",
2380,"bucket2$752,:3,:6001",2014-05-03T10:45:07.160000,MQ,IA2,,,,3000.0,3037.0,3000,100.0,ZNE,train,gold,"bucket1$877,:3,:6001",
2381,"bucket2$753,:3,:6001",2014-05-03T10:45:10.190000,MQ,LAM,,,,3000.0,2991.0,3000,100.0,ZNE,train,gold,"bucket1$878,:3,:6001",
2382,"bucket2$754,:3,:6001",2014-05-03T10:45:08.909900,MQ,MLM,,,,3000.0,,3000,100.0,ZNE,train,gold,"bucket1$879,:3,:6001",
2383,"bucket2$755,:3,:6001",2014-05-03T10:45:08.030000,MQ,SAM,,,,3000.0,3183.0,3000,100.0,ZNE,train,gold,"bucket1$880,:3,:6001",
2384,"bucket2$756,:3,:6001",2014-05-03T15:15:20.229900,MQ,CPM,,,,3000.0,,3000,100.0,ZNE,train,gold,"bucket1$881,:3,:6001",
2385,"bucket2$757,:3,:6001",2014-05-03T15:15:22.249900,MQ,GBM,,,,3000.0,,3000,100.0,ZNE,train,gold,"bucket1$882,:3,:6001",
2386,"bucket2$758,:3,:6001",2014-05-03T15:15:23.550000,MQ,IA2,,,,3000.0,3007.0,3000,100.0,ZNE,train,gold,"bucket1$883,:3,:6001",
2387,"bucket2$759,:3,:6001",2014-05-03T15:15:20.199900,MQ,MLM,,,,3000.0,,3000,100.0,ZNE,train,gold,"bucket1$884,:3,:6001",
2388,"bucket4$351,:3,:6001",2014-05-03T21:07:13.729900,MQ,BAM,,,,3000.0,,3000,100.0,ZNE,test,gold,"bucket4$245,:3,:6001",
2389,"bucket2$760,:3,:6001",2014-05-03T21:07:12.999900,MQ,CPM,,,,3000.0,,3000,100.0,ZNE,train,gold,"bucket1$885,:3,:6001",
2390,"bucket2$761,:3,:6001",2014-05-03T21:07:13.349900,MQ,GBM,,,,3000.0,,3000,100.0,ZNE,train,gold,"bucket1$886,:3,:6001",
2391,"bucket2$762,:3,:6001",2014-05-03T21:07:13.419900,MQ,MLM,,,,3000.0,,3000,100.0,ZNE,train,gold,"bucket1$887,:3,:6001",
2392,"bucket2$763,:3,:6001",2014-05-04T00:38:05.219900,MQ,BAM,,,,3000.0,,3000,100.0,ZNE,train,gold,"bucket1$888,:3,:6001",
2393,"bucket2$764,:3,:6001",2014-05-04T00:38:06.369900,MQ,CPM,,,,3000.0,,3000,100.0,ZNE,train,gold,"bucket1$889,:3,:6001",
2394,"bucket2$765,:3,:6001",2014-05-04T00:38:05.539900,MQ,GBM,,,,3000.0,,3000,100.0,ZNE,train,gold,"bucket1$890,:3,:6001",
2395,"bucket2$766,:3,:6001",2014-05-04T00:38:06.340000,MQ,IA2,,,,3000.0,3097.0,3000,100.0,ZNE,train,gold,"bucket1$891,:3,:6001",
2396,"bucket4$352,:3,:6001",2014-05-04T00:38:06.209900,MQ,MLM,,,,3000.0,,3000,100.0,ZNE,test,gold,"bucket4$246,:3,:6001",
2397,"bucket2$767,:3,:6001",2014-05-04T00:38:18.549900,MQ,BAM,,,,3000.0,,3000,100.0,ZNE,train,gold,"bucket1$892,:3,:6001",
2398,"bucket2$768,:3,:6001",2014-05-04T00:38:19.309900,MQ,CPM,,,,3000.0,,3000,100.0,ZNE,train,gold,"bucket1$893,:3,:6001",
2399,"bucket2$769,:3,:6001",2014-05-04T00:38:19.349900,MQ,GBM,,,,3000.0,,3000,100.0,ZNE,train,gold,"bucket1$894,:3,:6001",
2400,"bucket2$770,:3,:6001",2014-05-04T00:38:19.430000,MQ,IA2,,,,3000.0,3102.0,3000,100.0,ZNE,train,gold,"bucket1$895,:3,:6001",
2401,"bucket2$771,:3,:6001",2014-05-04T00:38:18.260000,MQ,LAM,,,,3000.0,3317.0,3000,100.0,ZNE,train,gold,"bucket1$896,:3,:6001",
2402,"bucket2$772,:3,:6001",2014-05-04T02:31:21.869900,MQ,BAM,,,,3000.0,,3000,100.0,ZNE,train,gold,"bucket1$897,:3,:6001",
2403,"bucket2$773,:3,:6001",2014-05-04T02:31:22.359900,MQ,CPM,,,,3000.0,,3000,100.0,ZNE,train,gold,"bucket1$898,:3,:6001",
2404,"bucket4$353,:3,:6001",2014-05-04T02:31:21.879900,MQ,GBM,,,,3000.0,,3000,100.0,ZNE,test,gold,"bucket4$247,:3,:6001",
2405,"bucket2$774,:3,:6001",2014-05-04T02:31:22.060000,MQ,IA2,,,,3000.0,3170.0,3000,100.0,ZNE,train,gold,"bucket1$899,:3,:6001",
2406,"bucket2$775,:3,:6001",2014-05-04T02:31:21.439900,MQ,MLM,,,,3000.0,,3000,100.0,ZNE,train,gold,"bucket1$900,:3,:6001",
2407,"bucket4$354,:3,:6001",2014-05-04T02:31:22.460000,MQ,SAM,,,,3000.0,3110.0,3000,100.0,ZNE,test,gold,"bucket4$248,:3,:6001",
2408,"bucket2$776,:3,:6001",2014-05-04T02:31:38.759900,MQ,BAM,,,,3000.0,,3000,100.0,ZNE,train,gold,"bucket1$901,:3,:6001",
2409,"bucket2$777,:3,:6001",2014-05-04T02:31:39.359900,MQ,CPM,,,,3000.0,,3000,100.0,ZNE,train,gold,"bucket1$902,:3,:6001",
2410,"bucket4$355,:3,:6001",2014-05-04T02:31:38.509900,MQ,GBM,,,,3000.0,,3000,100.0,ZNE,test,gold,"bucket4$249,:3,:6001",
2411,"bucket2$778,:3,:6001",2014-05-04T02:31:38.840000,MQ,IA2,,,,3000.0,3035.0,3000,100.0,ZNE,train,gold,"bucket1$903,:3,:6001",
2412,"bucket2$779,:3,:6001",2014-05-04T02:31:38.830000,MQ,SAM,,,,3000.0,3210.0,3000,100.0,ZNE,train,gold,"bucket1$904,:3,:6001",
2413,"bucket2$780,:3,:6001",2014-05-04T04:23:52.879900,MQ,BAM,,,,3000.0,,3000,100.0,ZNE,train,gold,"bucket1$905,:3,:6001",
2414,"bucket2$781,:3,:6001",2014-05-04T04:23:53.089900,MQ,CPM,,,,3000.0,,3000,100.0,ZNE,train,gold,"bucket1$906,:3,:6001",
2415,"bucket4$356,:3,:6001",2014-05-04T04:23:52.429900,MQ,GBM,,,,3000.0,,3000,100.0,ZNE,test,gold,"bucket4$250,:3,:6001",
2416,"bucket2$782,:3,:6001",2014-05-04T04:23:53.280000,MQ,IA2,,,,3000.0,3045.0,3000,100.0,ZNE,train,gold,"bucket1$907,:3,:6001",
2417,"bucket2$783,:3,:6001",2014-05-04T04:23:52.160000,MQ,LAM,,,,3000.0,3026.0,3000,100.0,ZNE,train,gold,"bucket1$908,:3,:6001",
2418,"bucket2$784,:3,:6001",2014-05-04T04:36:42.999900,MQ,CPM,,,,3000.0,,3000,100.0,ZNE,train,gold,"bucket1$909,:3,:6001",
2419,"bucket2$785,:3,:6001",2014-05-04T06:33:33.129900,MQ,BAM,,,,3000.0,,3000,100.0,ZNE,train,gold,"bucket1$910,:3,:6001",
2420,"bucket2$786,:3,:6001",2014-05-04T06:33:32.829900,MQ,CPM,,,,3000.0,,3000,100.0,ZNE,train,gold,"bucket1$911,:3,:6001",
2421,"bucket2$787,:3,:6001",2014-05-04T06:33:32.109900,MQ,GBM,,,,3000.0,,3000,100.0,ZNE,train,gold,"bucket1$912,:3,:6001",
2422,"bucket2$788,:3,:6001",2014-05-04T06:33:31.900000,MQ,IA2,,,,3000.0,3055.0,3000,100.0,ZNE,train,gold,"bucket1$913,:3,:6001",
2423,"bucket4$357,:3,:6001",2014-05-04T06:33:33.739900,MQ,MLM,,,,3000.0,,3000,100.0,ZNE,test,gold,"bucket4$251,:3,:6001",
2424,"bucket2$789,:3,:6001",2014-05-04T07:26:15.889900,MQ,CPM,,,,3000.0,,3000,100.0,ZNE,train,gold,"bucket1$914,:3,:6001",
2425,"bucket2$790,:3,:6001",2014-05-04T09:33:22.089900,MQ,BAM,,,,3000.0,,3000,100.0,ZNE,train,gold,"bucket1$915,:3,:6001",
2426,"bucket2$791,:3,:6001",2014-05-04T09:33:22.199900,MQ,CPM,,,,3000.0,,3000,100.0,ZNE,train,gold,"bucket1$916,:3,:6001",
2427,"bucket2$792,:3,:6001",2014-05-04T09:33:22.519900,MQ,GBM,,,,3000.0,,3000,100.0,ZNE,train,gold,"bucket1$917,:3,:6001",
2428,"bucket2$793,:3,:6001",2014-05-04T09:33:22.090000,MQ,IA2,,,,3000.0,3030.0,3000,100.0,ZNE,train,gold,"bucket1$918,:3,:6001",
2429,"bucket2$794,:3,:6001",2014-05-04T09:33:21.560000,MQ,SAM,,,,3000.0,3102.0,3000,100.0,ZNE,train,gold,"bucket1$919,:3,:6001",
2430,"bucket5$329,:3,:6001",2014-05-04T12:15:52.939900,MQ,CPM,,,,3000.0,,3000,100.0,ZNE,dev,gold,"bucket2$218,:3,:6001",
2431,"bucket2$795,:3,:6001",2014-05-04T12:15:52.939900,MQ,GBM,,,,3000.0,,3000,100.0,ZNE,train,gold,"bucket1$920,:3,:6001",
2432,"bucket4$358,:3,:6001",2014-05-04T12:15:52.620000,MQ,IA2,,,,3000.0,,3000,100.0,ZNE,test,gold,"bucket4$252,:3,:6001",
2433,"bucket4$359,:3,:6001",2014-05-04T12:15:52.619900,MQ,MLM,,,,3000.0,,3000,100.0,ZNE,test,gold,"bucket4$253,:3,:6001",
2434,"bucket2$796,:3,:6001",2014-05-04T12:16:04.079900,MQ,BAM,,,,3000.0,,3000,100.0,ZNE,train,gold,"bucket1$921,:3,:6001",
2435,"bucket2$797,:3,:6001",2014-05-04T12:16:05.439900,MQ,CPM,,,,3000.0,,3000,100.0,ZNE,train,gold,"bucket1$922,:3,:6001",
2436,"bucket2$798,:3,:6001",2014-05-04T12:16:04.619900,MQ,GBM,,,,3000.0,,3000,100.0,ZNE,train,gold,"bucket1$923,:3,:6001",
2437,"bucket5$330,:3,:6001",2014-05-04T12:16:05.710000,MQ,IA2,,,,3000.0,3083.0,3000,100.0,ZNE,dev,gold,"bucket2$219,:3,:6001",
2438,"bucket2$799,:3,:6001",2014-05-04T12:16:05.310000,MQ,LAM,,,,3000.0,2994.0,3000,100.0,ZNE,train,gold,"bucket1$924,:3,:6001",
2439,"bucket2$800,:3,:6001",2014-05-04T12:16:05.359900,MQ,MLM,,,,3000.0,,3000,100.0,ZNE,train,gold,"bucket1$925,:3,:6001",
2440,"bucket2$801,:3,:6001",2014-05-04T12:51:22.789900,MQ,BAM,,,,3000.0,,3000,100.0,ZNE,train,gold,"bucket1$926,:3,:6001",
2441,"bucket2$802,:3,:6001",2014-05-04T12:51:22.009900,MQ,GBM,,,,3000.0,,3000,100.0,ZNE,train,gold,"bucket1$927,:3,:6001",
2442,"bucket2$803,:3,:6001",2014-05-04T12:51:23,MQ,IA2,,,,3000.0,3017.0,3000,100.0,ZNE,train,gold,"bucket1$928,:3,:6001",
2443,"bucket5$331,:3,:6001",2014-05-04T12:51:22.550000,MQ,LAM,,,,3000.0,3114.0,3000,100.0,ZNE,dev,gold,"bucket2$220,:3,:6001",
2444,"bucket2$804,:3,:6001",2014-05-04T19:53:34.059900,MQ,BAM,,,,3000.0,,3000,100.0,ZNE,train,gold,"bucket1$929,:3,:6001",
2445,"bucket5$332,:3,:6001",2014-05-04T19:53:33.479900,MQ,GBM,,,,3000.0,,3000,100.0,ZNE,dev,gold,"bucket2$221,:3,:6001",
2446,"bucket4$360,:3,:6001",2014-05-04T19:53:33.340000,MQ,LAM,,,,3000.0,3101.0,3000,100.0,ZNE,test,gold,"bucket4$254,:3,:6001",
2447,"bucket5$333,:3,:6001",2014-05-04T19:53:35.530000,MQ,SAM,,,,3000.0,3033.0,3000,100.0,ZNE,dev,gold,"bucket2$222,:3,:6001",
2448,"bucket5$334,:3,:6001",2014-05-04T22:36:22.039900,MQ,BAM,,,,3000.0,,3000,100.0,ZNE,dev,gold,"bucket2$223,:3,:6001",
2449,"bucket4$361,:3,:6001",2014-05-04T22:36:26.079900,MQ,CPM,,,,3000.0,,3000,100.0,ZNE,test,gold,"bucket4$255,:3,:6001",
2450,"bucket2$805,:3,:6001",2014-05-04T22:36:21.189900,MQ,GBM,,,,3000.0,,3000,100.0,ZNE,train,gold,"bucket1$930,:3,:6001",
2451,"bucket2$806,:3,:6001",2014-05-04T22:36:22.220000,MQ,SAM,,,,3000.0,3025.0,3000,100.0,ZNE,train,gold,"bucket1$931,:3,:6001",
2452,"bucket2$807,:3,:6001",2014-05-04T23:25:47.949900,MQ,BAM,,,,3000.0,,3000,100.0,ZNE,train,gold,"bucket1$932,:3,:6001",
2453,"bucket2$808,:3,:6001",2014-05-04T23:25:49.209900,MQ,CPM,,,,3000.0,,3000,100.0,ZNE,train,gold,"bucket1$933,:3,:6001",
2454,"bucket4$362,:3,:6001",2014-05-04T23:25:48.439900,MQ,GBM,,,,3000.0,,3000,100.0,ZNE,test,gold,"bucket4$256,:3,:6001",
2455,"bucket5$335,:3,:6001",2014-05-04T23:25:48.650000,MQ,IA2,,,,3000.0,3040.0,3000,100.0,ZNE,dev,gold,"bucket2$224,:3,:6001",
2456,"bucket2$809,:3,:6001",2014-05-04T23:25:49.639900,MQ,MLM,,,,3000.0,,3000,100.0,ZNE,train,gold,"bucket1$934,:3,:6001",
2457,"bucket2$810,:3,:6001",2014-05-05T01:43:54.479900,MQ,BAM,,,,3000.0,,3000,100.0,ZNE,train,gold,"bucket1$935,:3,:6001",
2458,"bucket5$336,:3,:6001",2014-05-05T01:43:54.079900,MQ,CPM,,,,3000.0,,3000,100.0,ZNE,dev,gold,"bucket2$225,:3,:6001",
2459,"bucket2$811,:3,:6001",2014-05-05T01:43:53.359900,MQ,GBM,,,,3000.0,,3000,100.0,ZNE,train,gold,"bucket1$936,:3,:6001",
2460,"bucket4$363,:3,:6001",2014-05-05T01:43:54.270000,MQ,IA2,,,,3000.0,3070.0,3000,100.0,ZNE,test,gold,"bucket4$257,:3,:6001",
2461,"bucket2$812,:3,:6001",2014-05-05T01:43:53.710000,MQ,LAM,,,,3000.0,3017.0,3000,100.0,ZNE,train,gold,"bucket1$937,:3,:6001",
2462,"bucket2$813,:3,:6001",2014-05-05T01:43:54.450000,MQ,SAM,,,,3000.0,3007.0,3000,100.0,ZNE,train,gold,"bucket1$938,:3,:6001",
2463,"bucket5$337,:3,:6001",2014-05-05T01:44:18.979900,MQ,BAM,,,,3000.0,,3000,100.0,ZNE,dev,gold,"bucket2$226,:3,:6001",
2464,"bucket2$814,:3,:6001",2014-05-05T01:44:19.549900,MQ,CPM,,,,3000.0,,3000,100.0,ZNE,train,gold,"bucket1$939,:3,:6001",
2465,"bucket2$815,:3,:6001",2014-05-05T01:44:19.679900,MQ,GBM,,,,3000.0,,3000,100.0,ZNE,train,gold,"bucket1$940,:3,:6001",
2466,"bucket2$816,:3,:6001",2014-05-05T01:44:18.640000,MQ,IA2,,,,3000.0,3054.0,3000,100.0,ZNE,train,gold,"bucket1$941,:3,:6001",
2467,"bucket4$364,:3,:6001",2014-05-05T01:51:44.239900,MQ,BAM,,,,3000.0,,3000,100.0,ZNE,test,gold,"bucket4$258,:3,:6001",
2468,"bucket4$365,:3,:6001",2014-05-05T01:51:41.069900,MQ,CPM,,,,3000.0,,3000,100.0,ZNE,test,gold,"bucket4$259,:3,:6001",
2469,"bucket2$817,:3,:6001",2014-05-05T01:51:43.709900,MQ,GBM,,,,3000.0,,3000,100.0,ZNE,train,gold,"bucket1$942,:3,:6001",
2470,"bucket5$338,:3,:6001",2014-05-05T01:51:44.480000,MQ,IA2,,,,3000.0,,3000,100.0,ZNE,dev,gold,"bucket2$227,:3,:6001",
2471,"bucket2$818,:3,:6001",2014-05-05T01:51:43.590000,MQ,LAM,,,,3000.0,3103.0,3000,100.0,ZNE,train,gold,"bucket1$943,:3,:6001",
2472,"bucket2$819,:3,:6001",2014-05-05T04:47:29.939900,MQ,BAM,,,,3000.0,,3000,100.0,ZNE,train,gold,"bucket1$944,:3,:6001",
2473,"bucket5$339,:3,:6001",2014-05-05T04:47:34.579900,MQ,CPM,,,,3000.0,,3000,100.0,ZNE,dev,gold,"bucket2$228,:3,:6001",
2474,"bucket2$820,:3,:6001",2014-05-05T04:47:29.069900,MQ,GBM,,,,3000.0,,3000,100.0,ZNE,train,gold,"bucket1$945,:3,:6001",
2475,"bucket2$821,:3,:6001",2014-05-05T04:47:29.630000,MQ,IA2,,,,3000.0,3226.0,3000,100.0,ZNE,train,gold,"bucket1$946,:3,:6001",
2476,"bucket2$822,:3,:6001",2014-05-05T04:47:29.180000,MQ,LAM,,,,3000.0,3174.0,3000,100.0,ZNE,train,gold,"bucket1$947,:3,:6001",
2477,"bucket2$823,:3,:6001",2014-05-05T06:19:51.919900,MQ,BAM,,,,3000.0,,3000,100.0,ZNE,train,gold,"bucket1$948,:3,:6001",
2478,"bucket4$366,:3,:6001",2014-05-05T06:19:52.899900,MQ,CPM,,,,3000.0,,3000,100.0,ZNE,test,gold,"bucket4$260,:3,:6001",
2479,"bucket2$824,:3,:6001",2014-05-05T06:19:51.419900,MQ,GBM,,,,3000.0,,3000,100.0,ZNE,train,gold,"bucket1$949,:3,:6001",
2480,"bucket2$825,:3,:6001",2014-05-05T06:19:52.210000,MQ,IA2,,,,3000.0,3221.0,3000,100.0,ZNE,train,gold,"bucket1$950,:3,:6001",
2481,"bucket2$826,:3,:6001",2014-05-05T06:19:51.290000,MQ,LAM,,,,3000.0,3062.0,3000,100.0,ZNE,train,gold,"bucket1$951,:3,:6001",
2482,"bucket2$827,:3,:6001",2014-05-05T06:19:52.760000,MQ,SAM,,,,3000.0,3039.0,3000,100.0,ZNE,train,gold,"bucket1$952,:3,:6001",
2483,"bucket2$828,:3,:6001",2014-05-05T07:38:50.749900,MQ,BAM,,,,3000.0,,3000,100.0,ZNE,train,gold,"bucket1$953,:3,:6001",
2484,"bucket2$829,:3,:6001",2014-05-05T07:38:50.119900,MQ,CPM,,,,3000.0,,3000,100.0,ZNE,train,gold,"bucket1$954,:3,:6001",
2485,"bucket2$830,:3,:6001",2014-05-05T07:38:50.119900,MQ,GBM,,,,3000.0,,3000,100.0,ZNE,train,gold,"bucket1$955,:3,:6001",
2486,"bucket2$831,:3,:6001",2014-05-05T07:38:50.190000,MQ,IA2,,,,3000.0,3037.0,3000,100.0,ZNE,train,gold,"bucket1$956,:3,:6001",
2487,"bucket2$832,:3,:6001",2014-05-05T07:38:49.639900,MQ,MLM,,,,3000.0,,3000,100.0,ZNE,train,gold,"bucket1$957,:3,:6001",
2488,"bucket2$833,:3,:6001",2014-05-05T07:39:04.649900,MQ,BAM,,,,3000.0,,3000,100.0,ZNE,train,gold,"bucket1$958,:3,:6001",
2489,"bucket2$834,:3,:6001",2014-05-05T07:39:04.569900,MQ,CPM,,,,3000.0,,3000,100.0,ZNE,train,gold,"bucket1$959,:3,:6001",
2490,"bucket2$835,:3,:6001",2014-05-05T07:39:03.819900,MQ,GBM,,,,3000.0,,3000,100.0,ZNE,train,gold,"bucket1$960,:3,:6001",
2491,"bucket2$836,:3,:6001",2014-05-05T07:39:03.360000,MQ,IA2,,,,3000.0,3108.0,3000,100.0,ZNE,train,gold,"bucket1$961,:3,:6001",
2492,"bucket2$837,:3,:6001",2014-05-05T07:39:04.200000,MQ,LAM,,,,3000.0,,3000,100.0,ZNE,train,gold,"bucket1$962,:3,:6001",
2493,"bucket2$838,:3,:6001",2014-05-05T07:39:03.239900,MQ,MLM,,,,3000.0,,3000,100.0,ZNE,train,gold,"bucket1$963,:3,:6001",
2494,"bucket5$340,:3,:6001",2014-05-05T07:39:05.110000,MQ,SAM,,,,3000.0,3074.0,3000,100.0,ZNE,dev,gold,"bucket2$229,:3,:6001",
2495,"bucket4$367,:3,:6001",2014-05-05T08:06:19.449900,MQ,BAM,,,,3000.0,,3000,100.0,ZNE,test,gold,"bucket4$261,:3,:6001",
2496,"bucket2$839,:3,:6001",2014-05-05T08:06:18.849900,MQ,CPM,,,,3000.0,,3000,100.0,ZNE,train,gold,"bucket1$964,:3,:6001",
2497,"bucket2$840,:3,:6001",2014-05-05T08:06:18.519900,MQ,GBM,,,,3000.0,,3000,100.0,ZNE,train,gold,"bucket1$965,:3,:6001",
2498,"bucket2$841,:3,:6001",2014-05-05T08:06:18,MQ,IA2,,,,3000.0,3116.0,3000,100.0,ZNE,train,gold,"bucket1$966,:3,:6001",
2499,"bucket2$842,:3,:6001",2014-05-05T13:44:46.739900,MQ,BAM,,,,3000.0,,3000,100.0,ZNE,train,gold,"bucket1$967,:3,:6001",
2500,"bucket2$843,:3,:6001",2014-05-05T13:44:44.329900,MQ,CPM,,,,3000.0,,3000,100.0,ZNE,train,gold,"bucket1$968,:3,:6001",
2501,"bucket2$844,:3,:6001",2014-05-05T13:44:44.239900,MQ,GBM,,,,3000.0,,3000,100.0,ZNE,train,gold,"bucket1$969,:3,:6001",
2502,"bucket2$845,:3,:6001",2014-05-05T13:44:43.930000,MQ,IA2,,,,3000.0,3227.0,3000,100.0,ZNE,train,gold,"bucket1$970,:3,:6001",
2503,"bucket2$846,:3,:6001",2014-05-05T13:44:46.530000,MQ,SAM,,,,3000.0,3058.0,3000,100.0,ZNE,train,gold,"bucket1$971,:3,:6001",
2504,"bucket2$847,:3,:6001",2014-05-05T14:38:30.859900,MQ,BAM,,,,3000.0,,3000,100.0,ZNE,train,gold,"bucket1$972,:3,:6001",
2505,"bucket2$848,:3,:6001",2014-05-05T14:38:30.359900,MQ,CPM,,,,3000.0,,3000,100.0,ZNE,train,gold,"bucket1$973,:3,:6001",
2506,"bucket2$849,:3,:6001",2014-05-05T14:38:31.199900,MQ,GBM,,,,3000.0,,3000,100.0,ZNE,train,gold,"bucket1$974,:3,:6001",
2507,"bucket5$341,:3,:6001",2014-05-05T14:38:30.840000,MQ,IA2,,,,3000.0,3038.0,3000,100.0,ZNE,dev,gold,"bucket2$230,:3,:6001",
2508,"bucket2$850,:3,:6001",2014-05-05T14:38:30.680000,MQ,LAM,,,,3000.0,3142.0,3000,100.0,ZNE,train,gold,"bucket1$975,:3,:6001",
2509,"bucket2$851,:3,:6001",2014-05-05T14:38:31.249900,MQ,MLM,,,,3000.0,,3000,100.0,ZNE,train,gold,"bucket1$976,:3,:6001",
2510,"bucket2$852,:3,:6001",2014-05-05T14:38:30.720000,MQ,SAM,,,,3000.0,3250.0,3000,100.0,ZNE,train,gold,"bucket1$977,:3,:6001",
2511,"bucket4$368,:3,:6001",2014-05-05T14:38:43.619900,MQ,BAM,,,,3000.0,,3000,100.0,ZNE,test,gold,"bucket4$262,:3,:6001",
2512,"bucket5$342,:3,:6001",2014-05-05T14:38:44.209900,MQ,CPM,,,,3000.0,,3000,100.0,ZNE,dev,gold,"bucket2$231,:3,:6001",
2513,"bucket2$853,:3,:6001",2014-05-05T14:38:44.619900,MQ,GBM,,,,3000.0,,3000,100.0,ZNE,train,gold,"bucket1$978,:3,:6001",
2514,"bucket5$343,:3,:6001",2014-05-05T14:38:43.220000,MQ,IA2,,,,3000.0,3178.0,3000,100.0,ZNE,dev,gold,"bucket2$232,:3,:6001",
2515,"bucket2$854,:3,:6001",2014-05-05T14:38:43.380000,MQ,LAM,,,,3000.0,3103.0,3000,100.0,ZNE,train,gold,"bucket1$979,:3,:6001",
2516,"bucket2$855,:3,:6001",2014-05-05T14:38:43.140000,MQ,SAM,,,,3000.0,3150.0,3000,100.0,ZNE,train,gold,"bucket1$980,:3,:6001",
2517,"bucket2$856,:3,:6001",2014-05-05T15:03:30.410000,MQ,SAM,,,,3000.0,3111.0,3000,100.0,ZNE,train,gold,"bucket1$981,:3,:6001",
2518,"bucket2$857,:3,:6001",2014-05-05T16:51:38.999900,MQ,BAM,,,,3000.0,,3000,100.0,ZNE,train,gold,"bucket1$982,:3,:6001",
2519,"bucket2$858,:3,:6001",2014-05-05T16:51:37.989900,MQ,CPM,,,,3000.0,,3000,100.0,ZNE,train,gold,"bucket1$983,:3,:6001",
2520,"bucket2$859,:3,:6001",2014-05-05T16:51:39,MQ,IA2,,,,3000.0,3028.0,3000,100.0,ZNE,train,gold,"bucket1$984,:3,:6001",
2521,"bucket2$860,:3,:6001",2014-05-05T16:51:39,MQ,LAM,,,,3000.0,3012.0,3000,100.0,ZNE,train,gold,"bucket1$985,:3,:6001",
2522,"bucket2$861,:3,:6001",2014-05-05T16:51:41.269900,MQ,MLM,,,,3000.0,,3000,100.0,ZNE,train,gold,"bucket1$986,:3,:6001",
2523,"bucket2$862,:3,:6001",2014-05-05T17:13:13.030000,MQ,SAM,,,,3000.0,3140.0,3000,100.0,ZNE,train,gold,"bucket1$987,:3,:6001",
2524,"bucket2$863,:3,:6001",2014-05-05T17:22:02.749900,MQ,BAM,,,,3000.0,,3000,100.0,ZNE,train,gold,"bucket1$988,:3,:6001",
2525,"bucket2$864,:3,:6001",2014-05-05T17:22:03.549900,MQ,CPM,,,,3000.0,,3000,100.0,ZNE,train,gold,"bucket1$989,:3,:6001",
2526,"bucket2$865,:3,:6001",2014-05-05T17:22:01.899900,MQ,GBM,,,,3000.0,,3000,100.0,ZNE,train,gold,"bucket1$990,:3,:6001",
2527,"bucket2$866,:3,:6001",2014-05-05T17:22:02.400000,MQ,IA2,,,,3000.0,2852.0,3000,100.0,ZNE,train,gold,"bucket1$991,:3,:6001",
2528,"bucket2$867,:3,:6001",2014-05-05T17:22:01.780000,MQ,LAM,,,,3000.0,3174.0,3000,100.0,ZNE,train,gold,"bucket1$992,:3,:6001",
2529,"bucket2$868,:3,:6001",2014-05-05T17:22:02.780000,MQ,SAM,,,,3000.0,,3000,100.0,ZNE,train,gold,"bucket1$993,:3,:6001",
2530,"bucket2$869,:3,:6001",2014-05-05T18:01:08.409900,MQ,CPM,,,,3000.0,,3000,100.0,ZNE,train,gold,"bucket1$994,:3,:6001",
2531,"bucket2$870,:3,:6001",2014-05-05T18:02:13.990000,MQ,IA2,,,,3000.0,3080.0,3000,100.0,ZNE,train,gold,"bucket1$995,:3,:6001",
2532,"bucket2$871,:3,:6001",2014-05-05T19:05:02.229900,MQ,BAM,,,,3000.0,,3000,100.0,ZNE,train,gold,"bucket1$996,:3,:6001",
2533,"bucket2$872,:3,:6001",2014-05-05T19:05:02.949900,MQ,GBM,,,,3000.0,,3000,100.0,ZNE,train,gold,"bucket1$997,:3,:6001",
2534,"bucket5$344,:3,:6001",2014-05-05T19:05:01.110000,MQ,LAM,,,,3000.0,3101.0,3000,100.0,ZNE,dev,gold,"bucket2$233,:3,:6001",
2535,"bucket2$873,:3,:6001",2014-05-05T19:05:04.030000,MQ,SAM,,,,3000.0,3008.0,3000,100.0,ZNE,train,gold,"bucket1$998,:3,:6001",
2536,"bucket2$874,:3,:6001",2014-05-06T01:08:51.339900,MQ,BAM,,,,3000.0,,3000,100.0,ZNE,train,gold,"bucket1$999,:3,:6001",
2537,"bucket2$875,:3,:6001",2014-05-06T01:08:50.249900,MQ,GBM,,,,3000.0,,3000,100.0,ZNE,train,gold,"bucket1$1000,:3,:6001",
2538,"bucket4$369,:3,:6001",2014-05-06T01:08:50.440000,MQ,IA2,,,,3000.0,3059.0,3000,100.0,ZNE,test,gold,"bucket4$263,:3,:6001",
2539,"bucket4$370,:3,:6001",2014-05-06T01:08:49.830000,MQ,LAM,,,,3000.0,3152.0,3000,100.0,ZNE,test,gold,"bucket4$264,:3,:6001",
2540,"bucket2$876,:3,:6001",2014-05-06T02:57:13.929900,MQ,CPM,,,,3000.0,,3000,100.0,ZNE,train,gold,"bucket1$1001,:3,:6001",
2541,"bucket2$877,:3,:6001",2014-05-06T02:57:12.779900,MQ,GBM,,,,3000.0,,3000,100.0,ZNE,train,gold,"bucket1$1002,:3,:6001",
2542,"bucket2$878,:3,:6001",2014-05-06T02:57:13.340000,MQ,IA2,,,,3000.0,3204.0,3000,100.0,ZNE,train,gold,"bucket1$1003,:3,:6001",
2543,"bucket2$879,:3,:6001",2014-05-06T02:57:12.600000,MQ,LAM,,,,3000.0,3279.0,3000,100.0,ZNE,train,gold,"bucket1$1004,:3,:6001",
2544,"bucket2$880,:3,:6001",2014-05-06T04:30:59.679900,MQ,BAM,,,,3000.0,,3000,100.0,ZNE,train,gold,"bucket1$1005,:3,:6001",
2545,"bucket2$881,:3,:6001",2014-05-06T04:30:58.879900,MQ,GBM,,,,3000.0,,3000,100.0,ZNE,train,gold,"bucket1$1006,:3,:6001",
2546,"bucket5$345,:3,:6001",2014-05-06T04:30:59.770000,MQ,IA2,,,,3000.0,3066.0,3000,100.0,ZNE,dev,gold,"bucket2$234,:3,:6001",
2547,"bucket2$882,:3,:6001",2014-05-06T04:30:58.930000,MQ,LAM,,,,3000.0,3036.0,3000,100.0,ZNE,train,gold,"bucket1$1007,:3,:6001",
2548,"bucket5$346,:3,:6001",2014-05-06T04:32:24.179900,MQ,GBM,,,,3000.0,,3000,100.0,ZNE,dev,gold,"bucket2$235,:3,:6001",
2549,"bucket2$883,:3,:6001",2014-05-06T04:32:23.870000,MQ,IA2,,,,3000.0,3193.0,3000,100.0,ZNE,train,gold,"bucket1$1008,:3,:6001",
2550,"bucket2$884,:3,:6001",2014-05-06T04:32:22.930000,MQ,LAM,,,,3000.0,3006.0,3000,100.0,ZNE,train,gold,"bucket1$1009,:3,:6001",
2551,"bucket2$885,:3,:6001",2014-05-06T04:32:25.130000,MQ,SAM,,,,3000.0,3077.0,3000,100.0,ZNE,train,gold,"bucket1$1010,:3,:6001",
2552,"bucket2$886,:3,:6001",2014-05-06T06:45:42.299900,MQ,BAM,,,,3000.0,,3000,100.0,ZNE,train,gold,"bucket1$1011,:3,:6001",
2553,"bucket4$371,:3,:6001",2014-05-06T06:45:41.449900,MQ,GBM,,,,3000.0,,3000,100.0,ZNE,test,gold,"bucket4$265,:3,:6001",
2554,"bucket4$372,:3,:6001",2014-05-06T06:45:42.350000,MQ,IA2,,,,3000.0,,3000,100.0,ZNE,test,gold,"bucket4$266,:3,:6001",
2555,"bucket2$887,:3,:6001",2014-05-06T06:45:41.260000,MQ,LAM,,,,3000.0,3082.0,3000,100.0,ZNE,train,gold,"bucket1$1012,:3,:6001",
2556,"bucket2$888,:3,:6001",2014-05-06T06:59:49.439900,MQ,BAM,,,,3000.0,,3000,100.0,ZNE,train,gold,"bucket1$1013,:3,:6001",
2557,"bucket2$889,:3,:6001",2014-05-06T06:59:50.559900,MQ,CPM,,,,3000.0,,3000,100.0,ZNE,train,gold,"bucket1$1014,:3,:6001",
2558,"bucket2$890,:3,:6001",2014-05-06T06:59:48.959900,MQ,GBM,,,,3000.0,,3000,100.0,ZNE,train,gold,"bucket1$1015,:3,:6001",
2559,"bucket4$373,:3,:6001",2014-05-06T06:59:49.280000,MQ,IA2,,,,3000.0,3390.0,3000,100.0,ZNE,test,gold,"bucket4$267,:3,:6001",
2560,"bucket2$891,:3,:6001",2014-05-06T06:59:48.400000,MQ,LAM,,,,3000.0,3089.0,3000,100.0,ZNE,train,gold,"bucket1$1016,:3,:6001",
2561,"bucket2$892,:3,:6001",2014-05-06T07:37:53.309900,MQ,BAM,,,,3000.0,,3000,100.0,ZNE,train,gold,"bucket1$1017,:3,:6001",
2562,"bucket2$893,:3,:6001",2014-05-06T07:37:52.479900,MQ,GBM,,,,3000.0,,3000,100.0,ZNE,train,gold,"bucket1$1018,:3,:6001",
2563,"bucket2$894,:3,:6001",2014-05-06T07:37:53.290000,MQ,IA2,,,,3000.0,3140.0,3000,100.0,ZNE,train,gold,"bucket1$1019,:3,:6001",
2564,"bucket2$895,:3,:6001",2014-05-06T07:37:52.190000,MQ,LAM,,,,3000.0,3059.0,3000,100.0,ZNE,train,gold,"bucket1$1020,:3,:6001",
2565,"bucket4$374,:3,:6001",2014-05-06T07:38:03.489900,MQ,BAM,,,,3000.0,,3000,100.0,ZNE,test,gold,"bucket4$268,:3,:6001",
2566,"bucket2$896,:3,:6001",2014-05-06T07:38:04.459900,MQ,CPM,,,,3000.0,,3000,100.0,ZNE,train,gold,"bucket1$1021,:3,:6001",
2567,"bucket2$897,:3,:6001",2014-05-06T07:38:02.919900,MQ,GBM,,,,3000.0,,3000,100.0,ZNE,train,gold,"bucket1$1022,:3,:6001",
2568,"bucket2$898,:3,:6001",2014-05-06T07:38:03.040000,MQ,IA2,,,,3000.0,3326.0,3000,100.0,ZNE,train,gold,"bucket1$1023,:3,:6001",
2569,"bucket4$375,:3,:6001",2014-05-06T07:38:02.640000,MQ,LAM,,,,3000.0,3268.0,3000,100.0,ZNE,test,gold,"bucket4$269,:3,:6001",
2570,"bucket5$347,:3,:6001",2014-05-06T07:38:04.080000,MQ,SAM,,,,3000.0,3030.0,3000,100.0,ZNE,dev,gold,"bucket2$236,:3,:6001",
2571,"bucket5$348,:3,:6001",2014-05-06T07:40:09.359900,MQ,BAM,,,,3000.0,,3000,100.0,ZNE,dev,gold,"bucket2$237,:3,:6001",
2572,"bucket2$899,:3,:6001",2014-05-06T07:40:08.199900,MQ,CPM,,,,3000.0,,3000,100.0,ZNE,train,gold,"bucket3$0,:3,:6001",
2573,"bucket2$900,:3,:6001",2014-05-06T07:40:08.550000,MQ,IA2,,,,3000.0,3028.0,3000,100.0,ZNE,train,gold,"bucket3$1,:3,:6001",
2574,"bucket4$376,:3,:6001",2014-05-06T07:40:10,MQ,LAM,,,,3000.0,3004.0,3000,100.0,ZNE,test,gold,"bucket4$270,:3,:6001",
2575,"bucket2$901,:3,:6001",2014-05-06T07:40:24.979900,MQ,BAM,,,,3000.0,,3000,100.0,ZNE,train,gold,"bucket3$2,:3,:6001",
2576,"bucket4$377,:3,:6001",2014-05-06T07:40:22.609900,MQ,CPM,,,,3000.0,,3000,100.0,ZNE,test,gold,"bucket4$271,:3,:6001",
2577,"bucket2$902,:3,:6001",2014-05-06T07:40:24.649900,MQ,GBM,,,,3000.0,,3000,100.0,ZNE,train,gold,"bucket3$3,:3,:6001",
2578,"bucket2$903,:3,:6001",2014-05-06T07:40:22.880000,MQ,IA2,,,,3000.0,3174.0,3000,100.0,ZNE,train,gold,"bucket3$4,:3,:6001",
2579,"bucket2$904,:3,:6001",2014-05-06T07:40:23.090000,MQ,LAM,,,,3000.0,3211.0,3000,100.0,ZNE,train,gold,"bucket3$5,:3,:6001",
2580,"bucket2$905,:3,:6001",2014-05-06T07:40:25.859900,MQ,MLM,,,,3000.0,,3000,100.0,ZNE,train,gold,"bucket3$6,:3,:6001",
2581,"bucket5$349,:3,:6001",2014-05-06T07:40:23.060000,MQ,SAM,,,,3000.0,3040.0,3000,100.0,ZNE,dev,gold,"bucket2$238,:3,:6001",
2582,"bucket2$906,:3,:6001",2014-05-06T08:05:58.719900,MQ,CPM,,,,3000.0,,3000,100.0,ZNE,train,gold,"bucket3$7,:3,:6001",
2583,"bucket2$907,:3,:6001",2014-05-06T08:05:58.429900,MQ,GBM,,,,3000.0,,3000,100.0,ZNE,train,gold,"bucket3$8,:3,:6001",
2584,"bucket2$908,:3,:6001",2014-05-06T08:05:58.560000,MQ,IA2,,,,3000.0,3056.0,3000,100.0,ZNE,train,gold,"bucket3$9,:3,:6001",
2585,"bucket2$909,:3,:6001",2014-05-06T08:05:58.880000,MQ,LAM,,,,3000.0,3134.0,3000,100.0,ZNE,train,gold,"bucket3$10,:3,:6001",
2586,"bucket2$910,:3,:6001",2014-05-06T08:05:58.589900,MQ,MLM,,,,3000.0,,3000,100.0,ZNE,train,gold,"bucket3$11,:3,:6001",
2587,"bucket2$911,:3,:6001",2014-05-06T08:05:58.930000,MQ,SAM,,,,3000.0,3120.0,3000,100.0,ZNE,train,gold,"bucket3$12,:3,:6001",
2588,"bucket2$912,:3,:6001",2014-05-06T08:06:09.729900,MQ,BAM,,,,3000.0,,3000,100.0,ZNE,train,gold,"bucket3$13,:3,:6001",
2589,"bucket2$913,:3,:6001",2014-05-06T08:06:10.639900,MQ,CPM,,,,3000.0,,3000,100.0,ZNE,train,gold,"bucket3$14,:3,:6001",
2590,"bucket2$914,:3,:6001",2014-05-06T08:06:09.729900,MQ,GBM,,,,3000.0,,3000,100.0,ZNE,train,gold,"bucket3$15,:3,:6001",
2591,"bucket2$915,:3,:6001",2014-05-06T08:06:09.380000,MQ,IA2,,,,3000.0,3147.0,3000,100.0,ZNE,train,gold,"bucket3$16,:3,:6001",
2592,"bucket2$916,:3,:6001",2014-05-06T08:06:10.400000,MQ,LAM,,,,3000.0,3052.0,3000,100.0,ZNE,train,gold,"bucket3$17,:3,:6001",
2593,"bucket2$917,:3,:6001",2014-05-06T08:06:11.039900,MQ,MLM,,,,3000.0,,3000,100.0,ZNE,train,gold,"bucket3$18,:3,:6001",
2594,"bucket2$918,:3,:6001",2014-05-06T08:06:10.710000,MQ,SAM,,,,3000.0,3106.0,3000,100.0,ZNE,train,gold,"bucket3$19,:3,:6001",
2595,"bucket2$919,:3,:6001",2014-05-06T11:17:49.549900,MQ,BAM,,,,3000.0,,3000,100.0,ZNE,train,gold,"bucket3$20,:3,:6001",
2596,"bucket2$920,:3,:6001",2014-05-06T11:17:51.069900,MQ,GBM,,,,3000.0,,3000,100.0,ZNE,train,gold,"bucket3$21,:3,:6001",
2597,"bucket4$378,:3,:6001",2014-05-06T11:17:49.960000,MQ,IA2,,,,3000.0,3019.0,3000,100.0,ZNE,test,gold,"bucket4$272,:3,:6001",
2598,"bucket2$921,:3,:6001",2014-05-06T11:17:49.870000,MQ,LAM,,,,3000.0,3284.0,3000,100.0,ZNE,train,gold,"bucket3$22,:3,:6001",
2599,"bucket5$350,:3,:6001",2014-05-06T12:32:25.720000,MQ,IA2,,,,3000.0,3030.0,3000,100.0,ZNE,dev,gold,"bucket2$239,:3,:6001",
2600,"bucket2$922,:3,:6001",2014-05-06T14:02:40.739900,MQ,BAM,,,,3000.0,,3000,100.0,ZNE,train,gold,"bucket3$23,:3,:6001",
2601,"bucket2$923,:3,:6001",2014-05-06T14:02:42.229900,MQ,CPM,,,,3000.0,,3000,100.0,ZNE,train,gold,"bucket3$24,:3,:6001",
2602,"bucket2$924,:3,:6001",2014-05-06T14:02:41.460000,MQ,IA2,,,,3000.0,3062.0,3000,100.0,ZNE,train,gold,"bucket3$25,:3,:6001",
2603,"bucket4$379,:3,:6001",2014-05-06T14:02:42.410000,MQ,LAM,,,,3000.0,3053.0,3000,100.0,ZNE,test,gold,"bucket4$273,:3,:6001",
2604,"bucket2$925,:3,:6001",2014-05-06T14:18:31.559900,MQ,BAM,,,,3000.0,,3000,100.0,ZNE,train,gold,"bucket3$26,:3,:6001",
2605,"bucket2$926,:3,:6001",2014-05-06T14:18:30.729900,MQ,GBM,,,,3000.0,,3000,100.0,ZNE,train,gold,"bucket3$27,:3,:6001",
2606,"bucket2$927,:3,:6001",2014-05-06T14:18:30.290000,MQ,LAM,,,,3000.0,3024.0,3000,100.0,ZNE,train,gold,"bucket3$28,:3,:6001",
2607,"bucket2$928,:3,:6001",2014-05-06T14:18:31.600000,MQ,SAM,,,,3000.0,3033.0,3000,100.0,ZNE,train,gold,"bucket3$29,:3,:6001",
2608,"bucket2$929,:3,:6001",2014-05-06T20:21:53.369900,MQ,CPM,,,,3000.0,,3000,100.0,ZNE,train,gold,"bucket3$30,:3,:6001",
2609,"bucket2$930,:3,:6001",2014-05-06T20:21:53.050000,MQ,SAM,,,,3000.0,3041.0,3000,100.0,ZNE,train,gold,"bucket3$31,:3,:6001",
2610,"bucket5$351,:3,:6001",2014-05-06T21:01:21,MQ,SAM,,,,3000.0,3055.0,3000,100.0,ZNE,dev,gold,"bucket2$240,:3,:6001",
2611,"bucket2$931,:3,:6001",2014-05-06T23:08:22.189900,MQ,BAM,,,,3000.0,,3000,100.0,ZNE,train,gold,"bucket3$32,:3,:6001",
2612,"bucket2$932,:3,:6001",2014-05-06T23:08:22.299900,MQ,GBM,,,,3000.0,,3000,100.0,ZNE,train,gold,"bucket3$33,:3,:6001",
2613,"bucket2$933,:3,:6001",2014-05-06T23:08:21.900000,MQ,LAM,,,,3000.0,3076.0,3000,100.0,ZNE,train,gold,"bucket3$34,:3,:6001",
2614,"bucket2$934,:3,:6001",2014-05-06T23:08:23.870000,MQ,SAM,,,,3000.0,3023.0,3000,100.0,ZNE,train,gold,"bucket3$35,:3,:6001",
2615,"bucket4$380,:3,:6001",2014-05-06T23:56:31.149900,MQ,BAM,,,,3000.0,,3000,100.0,ZNE,test,gold,"bucket4$274,:3,:6001",
2616,"bucket2$935,:3,:6001",2014-05-06T23:56:31.789900,MQ,CPM,,,,3000.0,,3000,100.0,ZNE,train,gold,"bucket3$36,:3,:6001",
2617,"bucket2$936,:3,:6001",2014-05-06T23:56:31.949900,MQ,GBM,,,,3000.0,,3000,100.0,ZNE,train,gold,"bucket3$37,:3,:6001",
2618,"bucket2$937,:3,:6001",2014-05-06T23:56:31.590000,MQ,IA2,,,,3000.0,3029.0,3000,100.0,ZNE,train,gold,"bucket3$38,:3,:6001",
2619,"bucket2$938,:3,:6001",2014-05-06T23:56:31.980000,MQ,SAM,,,,3000.0,,3000,100.0,ZNE,train,gold,"bucket3$39,:3,:6001",
2620,"bucket2$939,:3,:6001",2014-05-06T23:56:57.819900,MQ,BAM,,,,3000.0,,3000,100.0,ZNE,train,gold,"bucket3$40,:3,:6001",
2621,"bucket2$940,:3,:6001",2014-05-06T23:56:58.099900,MQ,CPM,,,,3000.0,,3000,100.0,ZNE,train,gold,"bucket3$41,:3,:6001",
2622,"bucket2$941,:3,:6001",2014-05-06T23:56:59.199900,MQ,GBM,,,,3000.0,,3000,100.0,ZNE,train,gold,"bucket3$42,:3,:6001",
2623,"bucket4$381,:3,:6001",2014-05-06T23:56:57.450000,MQ,IA2,,,,3000.0,3102.0,3000,100.0,ZNE,test,gold,"bucket4$275,:3,:6001",
2624,"bucket2$942,:3,:6001",2014-05-06T23:56:58.540000,MQ,LAM,,,,3000.0,2977.0,3000,100.0,ZNE,train,gold,"bucket3$43,:3,:6001",
2625,"bucket2$943,:3,:6001",2014-05-06T23:56:58.320000,MQ,SAM,,,,3000.0,3131.0,3000,100.0,ZNE,train,gold,"bucket3$44,:3,:6001",
2626,"bucket5$352,:3,:6001",2014-05-07T06:58:59.579900,MQ,BAM,,,,3000.0,,3000,100.0,ZNE,dev,gold,"bucket2$241,:3,:6001",
2627,"bucket5$353,:3,:6001",2014-05-07T06:58:58.469900,MQ,GBM,,,,3000.0,,3000,100.0,ZNE,dev,gold,"bucket2$242,:3,:6001",
2628,"bucket2$944,:3,:6001",2014-05-07T06:58:58.940000,MQ,IA2,,,,3000.0,3057.0,3000,100.0,ZNE,train,gold,"bucket3$45,:3,:6001",
2629,"bucket2$945,:3,:6001",2014-05-07T06:58:58.470000,MQ,LAM,,,,3000.0,3127.0,3000,100.0,ZNE,train,gold,"bucket3$46,:3,:6001",
2630,"bucket2$946,:3,:6001",2014-05-07T07:18:02.960000,MQ,IA2,,,,3000.0,3014.0,3000,100.0,ZNE,train,gold,"bucket3$47,:3,:6001",
2631,"bucket2$947,:3,:6001",2014-05-07T09:05:37.979900,MQ,BAM,,,,3000.0,,3000,100.0,ZNE,train,gold,"bucket3$48,:3,:6001",
2632,"bucket2$948,:3,:6001",2014-05-07T09:05:39.149900,MQ,CPM,,,,3000.0,,3000,100.0,ZNE,train,gold,"bucket3$49,:3,:6001",
2633,"bucket4$382,:3,:6001",2014-05-07T09:05:37.950000,MQ,IA2,,,,3000.0,3101.0,3000,100.0,ZNE,test,gold,"bucket4$276,:3,:6001",
2634,"bucket2$949,:3,:6001",2014-05-07T09:05:38.350000,MQ,SAM,,,,3000.0,3046.0,3000,100.0,ZNE,train,gold,"bucket3$50,:3,:6001",
2635,"bucket2$950,:3,:6001",2014-05-07T16:59:39.320000,MQ,IA2,,,,3000.0,3123.0,3000,100.0,ZNE,train,gold,"bucket3$51,:3,:6001",
2636,"bucket2$951,:3,:6001",2014-05-07T20:44:04.219900,MQ,BAM,,,,3000.0,,3000,100.0,ZNE,train,gold,"bucket3$52,:3,:6001",
2637,"bucket2$952,:3,:6001",2014-05-07T20:44:03.449900,MQ,GBM,,,,3000.0,,3000,100.0,ZNE,train,gold,"bucket3$53,:3,:6001",
2638,"bucket2$953,:3,:6001",2014-05-07T20:44:04.300000,MQ,IA2,,,,3000.0,3008.0,3000,100.0,ZNE,train,gold,"bucket3$54,:3,:6001",
2639,"bucket2$954,:3,:6001",2014-05-07T20:44:03.240000,MQ,LAM,,,,3000.0,3024.0,3000,100.0,ZNE,train,gold,"bucket3$55,:3,:6001",
2640,"bucket2$955,:3,:6001",2014-05-08T02:51:52.899900,MQ,BAM,,,,3000.0,,3000,100.0,ZNE,train,gold,"bucket3$56,:3,:6001",
2641,"bucket2$956,:3,:6001",2014-05-08T02:51:51.879900,MQ,GBM,,,,3000.0,,3000,100.0,ZNE,train,gold,"bucket3$57,:3,:6001",
2642,"bucket2$957,:3,:6001",2014-05-08T02:51:52.490000,MQ,IA2,,,,3000.0,3075.0,3000,100.0,ZNE,train,gold,"bucket3$58,:3,:6001",
2643,"bucket2$958,:3,:6001",2014-05-08T02:51:51.680000,MQ,LAM,,,,3000.0,3122.0,3000,100.0,ZNE,train,gold,"bucket3$59,:3,:6001",
2644,"bucket2$959,:3,:6001",2014-05-08T04:29:56.639900,MQ,CPM,,,,3000.0,,3000,100.0,ZNE,train,gold,"bucket3$60,:3,:6001",
2645,"bucket2$960,:3,:6001",2014-05-08T04:29:59.489900,MQ,GBM,,,,3000.0,,3000,100.0,ZNE,train,gold,"bucket3$61,:3,:6001",
2646,"bucket2$961,:3,:6001",2014-05-08T04:29:58.210000,MQ,IA2,,,,3000.0,3199.0,3000,100.0,ZNE,train,gold,"bucket3$62,:3,:6001",
2647,"bucket2$962,:3,:6001",2014-05-08T04:29:59.650000,MQ,LAM,,,,3000.0,3005.0,3000,100.0,ZNE,train,gold,"bucket3$63,:3,:6001",
2648,"bucket2$963,:3,:6001",2014-05-08T09:17:23.349900,MQ,BAM,,,,3000.0,,3000,100.0,ZNE,train,gold,"bucket3$64,:3,:6001",
2649,"bucket2$964,:3,:6001",2014-05-08T09:17:24.729900,MQ,CPM,,,,3000.0,,3000,100.0,ZNE,train,gold,"bucket3$65,:3,:6001",
2650,"bucket2$965,:3,:6001",2014-05-08T09:17:25.959900,MQ,GBM,,,,3000.0,,3000,100.0,ZNE,train,gold,"bucket3$66,:3,:6001",
2651,"bucket2$966,:3,:6001",2014-05-08T09:17:23.130000,MQ,IA2,,,,3000.0,3258.0,3000,100.0,ZNE,train,gold,"bucket3$67,:3,:6001",
2652,"bucket2$967,:3,:6001",2014-05-08T09:17:23.419900,MQ,MLM,,,,3000.0,,3000,100.0,ZNE,train,gold,"bucket3$68,:3,:6001",
2653,"bucket2$968,:3,:6001",2014-05-08T16:39:00.879900,MQ,BAM,,,,3000.0,,3000,100.0,ZNE,train,gold,"bucket3$69,:3,:6001",
2654,"bucket2$969,:3,:6001",2014-05-08T16:38:59.139900,MQ,CPM,,,,3000.0,,3000,100.0,ZNE,train,gold,"bucket3$70,:3,:6001",
2655,"bucket2$970,:3,:6001",2014-05-08T16:38:59.620000,MQ,IA2,,,,3000.0,3089.0,3000,100.0,ZNE,train,gold,"bucket3$71,:3,:6001",
2656,"bucket5$354,:3,:6001",2014-05-08T16:39:01.539900,MQ,MLM,,,,3000.0,,3000,100.0,ZNE,dev,gold,"bucket2$243,:3,:6001",
2657,"bucket2$971,:3,:6001",2014-05-08T16:39:01.190000,MQ,SAM,,,,3000.0,3086.0,3000,100.0,ZNE,train,gold,"bucket3$72,:3,:6001",
2658,"bucket4$383,:3,:6001",2014-05-08T19:57:26.679900,MQ,CPM,,,,3000.0,,3000,100.0,ZNE,test,gold,"bucket4$277,:3,:6001",
2659,"bucket2$972,:3,:6001",2014-05-08T19:57:28.149900,MQ,GBM,,,,3000.0,,3000,100.0,ZNE,train,gold,"bucket3$73,:3,:6001",
2660,"bucket2$973,:3,:6001",2014-05-08T19:57:26.970000,MQ,IA2,,,,3000.0,3046.0,3000,100.0,ZNE,train,gold,"bucket3$74,:3,:6001",
2661,"bucket4$384,:3,:6001",2014-05-08T19:57:27.079900,MQ,MLM,,,,3000.0,,3000,100.0,ZNE,test,gold,"bucket4$278,:3,:6001",
2662,"bucket2$974,:3,:6001",2014-05-08T21:21:33.269900,MQ,BAM,,,,3000.0,,3000,100.0,ZNE,train,gold,"bucket3$75,:3,:6001",
2663,"bucket2$975,:3,:6001",2014-05-08T21:21:34.349900,MQ,CPM,,,,3000.0,,3000,100.0,ZNE,train,gold,"bucket3$76,:3,:6001",
2664,"bucket2$976,:3,:6001",2014-05-08T21:21:33.879900,MQ,GBM,,,,3000.0,,3000,100.0,ZNE,train,gold,"bucket3$77,:3,:6001",
2665,"bucket5$355,:3,:6001",2014-05-08T21:21:34.200000,MQ,IA2,,,,3000.0,3125.0,3000,100.0,ZNE,dev,gold,"bucket2$244,:3,:6001",
2666,"bucket2$977,:3,:6001",2014-05-08T21:21:34.090000,MQ,LAM,,,,3000.0,3197.0,3000,100.0,ZNE,train,gold,"bucket3$78,:3,:6001",
2667,"bucket2$978,:3,:6001",2014-05-08T21:21:34.249900,MQ,MLM,,,,3000.0,,3000,100.0,ZNE,train,gold,"bucket3$79,:3,:6001",
2668,"bucket2$979,:3,:6001",2014-05-08T23:20:45.299900,MQ,BAM,,,,3000.0,,3000,100.0,ZNE,train,gold,"bucket3$80,:3,:6001",
2669,"bucket2$980,:3,:6001",2014-05-09T07:03:02.959900,MQ,MLM,,,,3000.0,,3000,100.0,ZNE,train,gold,"bucket3$81,:3,:6001",
2670,"bucket5$356,:3,:6001",2014-05-09T14:00:59.889900,MQ,BAM,,,,3000.0,,3000,100.0,ZNE,dev,gold,"bucket2$245,:3,:6001",
2671,"bucket2$981,:3,:6001",2014-05-09T14:01:00.639900,MQ,CPM,,,,3000.0,,3000,100.0,ZNE,train,gold,"bucket3$82,:3,:6001",
2672,"bucket2$982,:3,:6001",2014-05-09T14:01:00.099900,MQ,GBM,,,,3000.0,,3000,100.0,ZNE,train,gold,"bucket3$83,:3,:6001",
2673,"bucket2$983,:3,:6001",2014-05-09T14:01:00.350000,MQ,IA2,,,,3000.0,3076.0,3000,100.0,ZNE,train,gold,"bucket3$84,:3,:6001",
2674,"bucket2$984,:3,:6001",2014-05-09T14:01:00.420000,MQ,SAM,,,,3000.0,3105.0,3000,100.0,ZNE,train,gold,"bucket3$85,:3,:6001",
2675,"bucket2$985,:3,:6001",2014-05-09T22:13:28.949900,MQ,BAM,,,,3000.0,,3000,100.0,ZNE,train,gold,"bucket3$86,:3,:6001",
2676,"bucket2$986,:3,:6001",2014-05-09T22:13:30.229900,MQ,CPM,,,,3000.0,,3000,100.0,ZNE,train,gold,"bucket3$87,:3,:6001",
2677,"bucket2$987,:3,:6001",2014-05-09T22:13:29.429900,MQ,GBM,,,,3000.0,,3000,100.0,ZNE,train,gold,"bucket3$88,:3,:6001",
2678,"bucket4$385,:3,:6001",2014-05-09T22:13:29.560000,MQ,IA2,,,,3000.0,3042.0,3000,100.0,ZNE,test,gold,"bucket4$279,:3,:6001",
2679,"bucket2$988,:3,:6001",2014-05-09T22:13:30.200000,MQ,LAM,,,,3000.0,3140.0,3000,100.0,ZNE,train,gold,"bucket3$89,:3,:6001",
2680,"bucket2$989,:3,:6001",2014-05-09T22:13:40.649900,MQ,GBM,,,,3000.0,,3000,100.0,ZNE,train,gold,"bucket3$90,:3,:6001",
2681,"bucket2$990,:3,:6001",2014-05-09T22:13:41.400000,MQ,IA2,,,,3000.0,3018.0,3000,100.0,ZNE,train,gold,"bucket3$91,:3,:6001",
2682,"bucket2$991,:3,:6001",2014-05-09T22:13:42.330000,MQ,LAM,,,,3000.0,,3000,100.0,ZNE,train,gold,"bucket3$92,:3,:6001",
2683,"bucket2$992,:3,:6001",2014-05-09T22:13:41.410000,MQ,SAM,,,,3000.0,3229.0,3000,100.0,ZNE,train,gold,"bucket3$93,:3,:6001",
2684,"bucket4$386,:3,:6001",2014-05-09T22:45:50.039900,MQ,BAM,,,,3000.0,,3000,100.0,ZNE,test,gold,"bucket4$280,:3,:6001",
2685,"bucket2$993,:3,:6001",2014-05-09T22:45:50.319900,MQ,CPM,,,,3000.0,,3000,100.0,ZNE,train,gold,"bucket3$94,:3,:6001",
2686,"bucket5$357,:3,:6001",2014-05-09T22:45:50.330000,MQ,IA2,,,,3000.0,3175.0,3000,100.0,ZNE,dev,gold,"bucket2$246,:3,:6001",
2687,"bucket2$994,:3,:6001",2014-05-09T22:45:51.450000,MQ,SAM,,,,3000.0,3100.0,3000,100.0,ZNE,train,gold,"bucket3$95,:3,:6001",
2688,"bucket5$358,:3,:6001",2014-05-09T22:46:01.849900,MQ,BAM,,,,3000.0,,3000,100.0,ZNE,dev,gold,"bucket2$247,:3,:6001",
2689,"bucket2$995,:3,:6001",2014-05-09T22:46:02.029900,MQ,CPM,,,,3000.0,,3000,100.0,ZNE,train,gold,"bucket3$96,:3,:6001",
2690,"bucket5$359,:3,:6001",2014-05-09T22:46:01.369900,MQ,GBM,,,,3000.0,,3000,100.0,ZNE,dev,gold,"bucket2$248,:3,:6001",
2691,"bucket2$996,:3,:6001",2014-05-09T22:46:01.640000,MQ,IA2,,,,3000.0,3127.0,3000,100.0,ZNE,train,gold,"bucket3$97,:3,:6001",
2692,"bucket2$997,:3,:6001",2014-05-09T22:46:01.500000,MQ,LAM,,,,3000.0,3076.0,3000,100.0,ZNE,train,gold,"bucket3$98,:3,:6001",
2693,"bucket2$998,:3,:6001",2014-05-09T22:46:02.329900,MQ,MLM,,,,3000.0,,3000,100.0,ZNE,train,gold,"bucket3$99,:3,:6001",
2694,"bucket2$999,:3,:6001",2014-05-09T22:46:01.970000,MQ,SAM,,,,3000.0,3166.0,3000,100.0,ZNE,train,gold,"bucket3$100,:3,:6001",
2695,"bucket2$1000,:3,:6001",2014-05-09T23:20:55.439900,MQ,CPM,,,,3000.0,,3000,100.0,ZNE,train,gold,"bucket3$101,:3,:6001",
2696,"bucket2$1001,:3,:6001",2014-05-09T23:20:54.959900,MQ,GBM,,,,3000.0,,3000,100.0,ZNE,train,gold,"bucket3$102,:3,:6001",
2697,"bucket2$1002,:3,:6001",2014-05-09T23:20:55.080000,MQ,IA2,,,,3000.0,3054.0,3000,100.0,ZNE,train,gold,"bucket3$103,:3,:6001",
2698,"bucket2$1003,:3,:6001",2014-05-09T23:20:55.960000,MQ,SAM,,,,3000.0,,3000,100.0,ZNE,train,gold,"bucket3$104,:3,:6001",
2699,"bucket2$1004,:3,:6001",2014-05-09T23:21:06.659900,MQ,BAM,,,,3000.0,,3000,100.0,ZNE,train,gold,"bucket3$105,:3,:6001",
2700,"bucket2$1005,:3,:6001",2014-05-09T23:21:07.399900,MQ,CPM,,,,3000.0,,3000,100.0,ZNE,train,gold,"bucket3$106,:3,:6001",
2701,"bucket2$1006,:3,:6001",2014-05-09T23:21:06.029900,MQ,GBM,,,,3000.0,,3000,100.0,ZNE,train,gold,"bucket3$107,:3,:6001",
2702,"bucket2$1007,:3,:6001",2014-05-09T23:21:06.100000,MQ,IA2,,,,3000.0,3079.0,3000,100.0,ZNE,train,gold,"bucket3$108,:3,:6001",
2703,"bucket5$360,:3,:6001",2014-05-09T23:21:06.430000,MQ,LAM,,,,3000.0,3058.0,3000,100.0,ZNE,dev,gold,"bucket2$249,:3,:6001",
2704,"bucket2$1008,:3,:6001",2014-05-09T23:21:07.089900,MQ,MLM,,,,3000.0,,3000,100.0,ZNE,train,gold,"bucket3$109,:3,:6001",
2705,"bucket5$361,:3,:6001",2014-05-09T23:21:06.890000,MQ,SAM,,,,3000.0,3148.0,3000,100.0,ZNE,dev,gold,"bucket2$250,:3,:6001",
2706,"bucket5$362,:3,:6001",2014-05-10T02:27:25.099900,MQ,BAM,,,,3000.0,,3000,100.0,ZNE,dev,gold,"bucket2$251,:3,:6001",
2707,"bucket4$387,:3,:6001",2014-05-10T02:27:26.269900,MQ,CPM,,,,3000.0,,3000,100.0,ZNE,test,gold,"bucket4$281,:3,:6001",
2708,"bucket5$363,:3,:6001",2014-05-10T02:27:23.979900,MQ,GBM,,,,3000.0,,3000,100.0,ZNE,dev,gold,"bucket2$252,:3,:6001",
2709,"bucket2$1009,:3,:6001",2014-05-10T02:27:24.940000,MQ,IA2,,,,3000.0,3139.0,3000,100.0,ZNE,train,gold,"bucket3$110,:3,:6001",
2710,"bucket2$1010,:3,:6001",2014-05-10T02:27:25.580000,MQ,SAM,,,,3000.0,3038.0,3000,100.0,ZNE,train,gold,"bucket3$111,:3,:6001",
2711,"bucket4$388,:3,:6001",2014-05-10T04:29:26.909900,MQ,BAM,,,,3000.0,,3000,100.0,ZNE,test,gold,"bucket4$282,:3,:6001",
2712,"bucket2$1011,:3,:6001",2014-05-10T04:29:28.359900,MQ,CPM,,,,3000.0,,3000,100.0,ZNE,train,gold,"bucket3$112,:3,:6001",
2713,"bucket2$1012,:3,:6001",2014-05-10T04:29:26.649900,MQ,GBM,,,,3000.0,,3000,100.0,ZNE,train,gold,"bucket3$113,:3,:6001",
2714,"bucket2$1013,:3,:6001",2014-05-10T04:29:28.090000,MQ,IA2,,,,3000.0,3031.0,3000,100.0,ZNE,train,gold,"bucket3$114,:3,:6001",
2715,"bucket2$1014,:3,:6001",2014-05-10T04:29:26.780000,MQ,LAM,,,,3000.0,3163.0,3000,100.0,ZNE,train,gold,"bucket3$115,:3,:6001",
2716,"bucket2$1015,:3,:6001",2014-05-10T05:29:13.929900,MQ,BAM,,,,3000.0,,3000,100.0,ZNE,train,gold,"bucket3$116,:3,:6001",
2717,"bucket2$1016,:3,:6001",2014-05-10T05:29:13.389900,MQ,GBM,,,,3000.0,,3000,100.0,ZNE,train,gold,"bucket3$117,:3,:6001",
2718,"bucket4$389,:3,:6001",2014-05-10T05:29:13.930000,MQ,LAM,,,,3000.0,3072.0,3000,100.0,ZNE,test,gold,"bucket4$283,:3,:6001",
2719,"bucket2$1017,:3,:6001",2014-05-10T05:29:14.300000,MQ,SAM,,,,3000.0,3200.0,3000,100.0,ZNE,train,gold,"bucket3$118,:3,:6001",
2720,"bucket2$1018,:3,:6001",2014-05-10T05:56:05.730000,MQ,IA2,,,,3000.0,3017.0,3000,100.0,ZNE,train,gold,"bucket3$119,:3,:6001",
2721,"bucket2$1019,:3,:6001",2014-05-10T05:56:05.890000,MQ,SAM,,,,3000.0,3121.0,3000,100.0,ZNE,train,gold,"bucket3$120,:3,:6001",
2722,"bucket2$1020,:3,:6001",2014-05-10T08:14:55.399900,MQ,BAM,,,,3000.0,,3000,100.0,ZNE,train,gold,"bucket3$121,:3,:6001",
2723,"bucket2$1021,:3,:6001",2014-05-10T08:14:55.749900,MQ,CPM,,,,3000.0,,3000,100.0,ZNE,train,gold,"bucket3$122,:3,:6001",
2724,"bucket2$1022,:3,:6001",2014-05-10T08:14:55.799900,MQ,GBM,,,,3000.0,,3000,100.0,ZNE,train,gold,"bucket3$123,:3,:6001",
2725,"bucket2$1023,:3,:6001",2014-05-10T08:14:54.920000,MQ,IA2,,,,3000.0,3041.0,3000,100.0,ZNE,train,gold,"bucket3$124,:3,:6001",
2726,"bucket3$0,:3,:6001",2014-05-10T08:14:55.110000,MQ,LAM,,,,3000.0,3068.0,3000,100.0,ZNE,train,gold,"bucket3$125,:3,:6001",
2727,"bucket3$1,:3,:6001",2014-05-10T08:14:56.490000,MQ,SAM,,,,3000.0,,3000,100.0,ZNE,train,gold,"bucket3$126,:3,:6001",
2728,"bucket5$364,:3,:6001",2014-05-10T10:41:38.749900,MQ,BAM,,,,3000.0,,3000,100.0,ZNE,dev,gold,"bucket2$253,:3,:6001",
2729,"bucket3$2,:3,:6001",2014-05-10T10:41:39.239900,MQ,GBM,,,,3000.0,,3000,100.0,ZNE,train,gold,"bucket3$127,:3,:6001",
2730,"bucket3$3,:3,:6001",2014-05-10T10:41:37.260000,MQ,IA2,,,,3000.0,3064.0,3000,100.0,ZNE,train,gold,"bucket3$128,:3,:6001",
2731,"bucket4$390,:3,:6001",2014-05-10T10:41:37.189900,MQ,MLM,,,,3000.0,,3000,100.0,ZNE,test,gold,"bucket4$284,:3,:6001",
2732,"bucket5$365,:3,:6001",2014-05-10T11:12:39.379900,MQ,CPM,,,,3000.0,,3000,100.0,ZNE,dev,gold,"bucket2$254,:3,:6001",
2733,"bucket3$4,:3,:6001",2014-05-10T11:12:39.739900,MQ,GBM,,,,3000.0,,3000,100.0,ZNE,train,gold,"bucket3$129,:3,:6001",
2734,"bucket3$5,:3,:6001",2014-05-10T11:12:40.100000,MQ,IA2,,,,3000.0,3027.0,3000,100.0,ZNE,train,gold,"bucket3$130,:3,:6001",
2735,"bucket4$391,:3,:6001",2014-05-10T11:12:40.519900,MQ,MLM,,,,3000.0,,3000,100.0,ZNE,test,gold,"bucket4$285,:3,:6001",
2736,"bucket3$6,:3,:6001",2014-05-10T11:59:43.499900,MQ,BAM,,,,3000.0,,3000,100.0,ZNE,train,gold,"bucket3$131,:3,:6001",
2737,"bucket5$366,:3,:6001",2014-05-10T11:59:45.889900,MQ,CPM,,,,3000.0,,3000,100.0,ZNE,dev,gold,"bucket2$255,:3,:6001",
2738,"bucket3$7,:3,:6001",2014-05-10T11:59:44.179900,MQ,GBM,,,,3000.0,,3000,100.0,ZNE,train,gold,"bucket3$132,:3,:6001",
2739,"bucket3$8,:3,:6001",2014-05-10T11:59:44.020000,MQ,LAM,,,,3000.0,3037.0,3000,100.0,ZNE,train,gold,"bucket3$133,:3,:6001",
2740,"bucket3$9,:3,:6001",2014-05-10T12:16:04.729900,MQ,BAM,,,,3000.0,,3000,100.0,ZNE,train,gold,"bucket3$134,:3,:6001",
2741,"bucket3$10,:3,:6001",2014-05-10T12:15:59.899900,MQ,CPM,,,,3000.0,,3000,100.0,ZNE,train,gold,"bucket3$135,:3,:6001",
2742,"bucket3$11,:3,:6001",2014-05-10T12:16:03.549900,MQ,GBM,,,,3000.0,,3000,100.0,ZNE,train,gold,"bucket3$136,:3,:6001",
2743,"bucket3$12,:3,:6001",2014-05-10T12:15:58.900000,MQ,IA2,,,,3000.0,3346.0,3000,100.0,ZNE,train,gold,"bucket3$137,:3,:6001",
2744,"bucket5$367,:3,:6001",2014-05-10T12:17:56.749900,MQ,BAM,,,,3000.0,,3000,100.0,ZNE,dev,gold,"bucket2$256,:3,:6001",
2745,"bucket3$13,:3,:6001",2014-05-10T12:17:53.019900,MQ,CPM,,,,3000.0,,3000,100.0,ZNE,train,gold,"bucket3$138,:3,:6001",
2746,"bucket3$14,:3,:6001",2014-05-10T12:17:51.629900,MQ,GBM,,,,3000.0,,3000,100.0,ZNE,train,gold,"bucket3$139,:3,:6001",
2747,"bucket3$15,:3,:6001",2014-05-10T12:17:51.630000,MQ,IA2,,,,3000.0,3013.0,3000,100.0,ZNE,train,gold,"bucket3$140,:3,:6001",
2748,"bucket3$16,:3,:6001",2014-05-10T16:58:45.459900,MQ,BAM,,,,3000.0,,3000,100.0,ZNE,train,gold,"bucket3$141,:3,:6001",
2749,"bucket4$392,:3,:6001",2014-05-10T16:58:51.009900,MQ,CPM,,,,3000.0,,3000,100.0,ZNE,test,gold,"bucket4$286,:3,:6001",
2750,"bucket3$17,:3,:6001",2014-05-10T16:58:49.829900,MQ,GBM,,,,3000.0,,3000,100.0,ZNE,train,gold,"bucket3$142,:3,:6001",
2751,"bucket3$18,:3,:6001",2014-05-10T16:58:53.729900,MQ,MLM,,,,3000.0,,3000,100.0,ZNE,train,gold,"bucket3$143,:3,:6001",
2752,"bucket3$19,:3,:6001",2014-05-10T23:04:49.839900,MQ,BAM,,,,3000.0,,3000,100.0,ZNE,train,gold,"bucket3$144,:3,:6001",
2753,"bucket3$20,:3,:6001",2014-05-10T23:04:48.879900,MQ,CPM,,,,3000.0,,3000,100.0,ZNE,train,gold,"bucket3$145,:3,:6001",
2754,"bucket5$368,:3,:6001",2014-05-10T23:04:53.009900,MQ,GBM,,,,3000.0,,3000,100.0,ZNE,dev,gold,"bucket2$257,:3,:6001",
2755,"bucket3$21,:3,:6001",2014-05-10T23:04:48.240000,MQ,IA2,,,,3000.0,2877.0,3000,100.0,ZNE,train,gold,"bucket3$146,:3,:6001",
2756,"bucket3$22,:3,:6001",2014-05-10T23:04:50.160000,MQ,SAM,,,,3000.0,3334.0,3000,100.0,ZNE,train,gold,"bucket3$147,:3,:6001",
2757,"bucket3$23,:3,:6001",2014-05-11T06:56:39.559900,MQ,BAM,,,,3000.0,,3000,100.0,ZNE,train,gold,"bucket3$148,:3,:6001",
2758,"bucket3$24,:3,:6001",2014-05-11T06:56:40.939900,MQ,CPM,,,,3000.0,,3000,100.0,ZNE,train,gold,"bucket3$149,:3,:6001",
2759,"bucket3$25,:3,:6001",2014-05-11T06:56:40.149900,MQ,GBM,,,,3000.0,,3000,100.0,ZNE,train,gold,"bucket3$150,:3,:6001",
2760,"bucket3$26,:3,:6001",2014-05-11T06:56:40.630000,MQ,IA2,,,,3000.0,3096.0,3000,100.0,ZNE,train,gold,"bucket3$151,:3,:6001",
2761,"bucket3$27,:3,:6001",2014-05-12T03:45:29.779900,MQ,BAM,,,,3000.0,,3000,100.0,ZNE,train,gold,"bucket3$152,:3,:6001",
2762,"bucket5$369,:3,:6001",2014-05-12T03:45:30.919900,MQ,CPM,,,,3000.0,,3000,100.0,ZNE,dev,gold,"bucket2$258,:3,:6001",
2763,"bucket4$393,:3,:6001",2014-05-12T03:45:30.659900,MQ,GBM,,,,3000.0,,3000,100.0,ZNE,test,gold,"bucket4$287,:3,:6001",
2764,"bucket3$28,:3,:6001",2014-05-12T03:45:30.580000,MQ,IA2,,,,3000.0,3154.0,3000,100.0,ZNE,train,gold,"bucket3$153,:3,:6001",
2765,"bucket3$29,:3,:6001",2014-05-12T03:45:31.230000,MQ,LAM,,,,3000.0,3135.0,3000,100.0,ZNE,train,gold,"bucket3$154,:3,:6001",
2766,"bucket5$370,:3,:6001",2014-05-12T03:45:30.869900,MQ,MLM,,,,3000.0,,3000,100.0,ZNE,dev,gold,"bucket2$259,:3,:6001",
2767,"bucket5$371,:3,:6001",2014-05-12T03:45:31.250000,MQ,SAM,,,,3000.0,3159.0,3000,100.0,ZNE,dev,gold,"bucket2$260,:3,:6001",
2768,"bucket3$30,:3,:6001",2014-05-12T03:45:45.759900,MQ,BAM,,,,3000.0,,3000,100.0,ZNE,train,gold,"bucket3$155,:3,:6001",
2769,"bucket5$372,:3,:6001",2014-05-12T03:45:47.179900,MQ,CPM,,,,3000.0,,3000,100.0,ZNE,dev,gold,"bucket2$261,:3,:6001",
2770,"bucket3$31,:3,:6001",2014-05-12T03:45:46.399900,MQ,GBM,,,,3000.0,,3000,100.0,ZNE,train,gold,"bucket3$156,:3,:6001",
2771,"bucket3$32,:3,:6001",2014-05-12T03:45:46.770000,MQ,IA2,,,,3000.0,3034.0,3000,100.0,ZNE,train,gold,"bucket3$157,:3,:6001",
2772,"bucket5$373,:3,:6001",2014-05-12T03:45:47.180000,MQ,LAM,,,,3000.0,,3000,100.0,ZNE,dev,gold,"bucket2$262,:3,:6001",
2773,"bucket3$33,:3,:6001",2014-05-12T03:45:46.700000,MQ,SAM,,,,3000.0,3189.0,3000,100.0,ZNE,train,gold,"bucket3$158,:3,:6001",
2774,"bucket3$34,:3,:6001",2014-05-13T19:24:48.379900,MQ,BAM,,,,3000.0,,3000,100.0,ZNE,train,gold,"bucket3$159,:3,:6001",
2775,"bucket3$35,:3,:6001",2014-05-13T19:24:49.059900,MQ,CPM,,,,3000.0,,3000,100.0,ZNE,train,gold,"bucket3$160,:3,:6001",
2776,"bucket3$36,:3,:6001",2014-05-13T19:24:53.920000,MQ,LAM,,,,3000.0,3013.0,3000,100.0,ZNE,train,gold,"bucket3$161,:3,:6001",
2777,"bucket3$37,:3,:6001",2014-05-13T19:24:48.929900,MQ,MLM,,,,3000.0,,3000,100.0,ZNE,train,gold,"bucket3$162,:3,:6001",
2778,"bucket3$38,:3,:6001",2014-05-13T21:05:12.809900,MQ,BAM,,,,3000.0,,3000,100.0,ZNE,train,gold,"bucket3$163,:3,:6001",
2779,"bucket3$39,:3,:6001",2014-05-13T21:05:12.069900,MQ,GBM,,,,3000.0,,3000,100.0,ZNE,train,gold,"bucket3$164,:3,:6001",
2780,"bucket5$374,:3,:6001",2014-05-13T21:05:11.620000,MQ,IA2,,,,3000.0,3120.0,3000,100.0,ZNE,dev,gold,"bucket2$263,:3,:6001",
2781,"bucket3$40,:3,:6001",2014-05-13T21:05:12.409900,MQ,MLM,,,,3000.0,,3000,100.0,ZNE,train,gold,"bucket3$165,:3,:6001",
2782,"bucket3$41,:3,:6001",2014-05-14T00:04:44.469900,MQ,BAM,,,,3000.0,,3000,100.0,ZNE,train,gold,"bucket3$166,:3,:6001",
2783,"bucket3$42,:3,:6001",2014-05-14T00:04:42.839900,MQ,CPM,,,,3000.0,,3000,100.0,ZNE,train,gold,"bucket3$167,:3,:6001",
2784,"bucket4$394,:3,:6001",2014-05-14T00:04:43.189900,MQ,GBM,,,,3000.0,,3000,100.0,ZNE,test,gold,"bucket4$288,:3,:6001",
2785,"bucket4$395,:3,:6001",2014-05-14T00:04:42.690000,MQ,IA2,,,,3000.0,3027.0,3000,100.0,ZNE,test,gold,"bucket4$289,:3,:6001",
2786,"bucket3$43,:3,:6001",2014-05-14T00:04:59.599900,MQ,BAM,,,,3000.0,,3000,100.0,ZNE,train,gold,"bucket3$168,:3,:6001",
2787,"bucket3$44,:3,:6001",2014-05-14T00:05:00.829900,MQ,CPM,,,,3000.0,,3000,100.0,ZNE,train,gold,"bucket3$169,:3,:6001",
2788,"bucket3$45,:3,:6001",2014-05-14T00:04:59.299900,MQ,GBM,,,,3000.0,,3000,100.0,ZNE,train,gold,"bucket3$170,:3,:6001",
2789,"bucket3$46,:3,:6001",2014-05-14T00:04:59.400000,MQ,IA2,,,,3000.0,3187.0,3000,100.0,ZNE,train,gold,"bucket3$171,:3,:6001",
2790,"bucket3$47,:3,:6001",2014-05-14T00:04:59.770000,MQ,LAM,,,,3000.0,3089.0,3000,100.0,ZNE,train,gold,"bucket3$172,:3,:6001",
2791,"bucket3$48,:3,:6001",2014-05-14T00:04:59.779900,MQ,MLM,,,,3000.0,,3000,100.0,ZNE,train,gold,"bucket3$173,:3,:6001",
2792,"bucket3$49,:3,:6001",2014-05-14T00:04:59.760000,MQ,SAM,,,,3000.0,3133.0,3000,100.0,ZNE,train,gold,"bucket3$174,:3,:6001",
2793,"bucket3$50,:3,:6001",2014-05-14T00:48:16.539900,MQ,BAM,,,,3000.0,,3000,100.0,ZNE,train,gold,"bucket3$175,:3,:6001",
2794,"bucket3$51,:3,:6001",2014-05-14T00:48:16.179900,MQ,CPM,,,,3000.0,,3000,100.0,ZNE,train,gold,"bucket3$176,:3,:6001",
2795,"bucket3$52,:3,:6001",2014-05-14T00:48:14.819900,MQ,GBM,,,,3000.0,,3000,100.0,ZNE,train,gold,"bucket3$177,:3,:6001",
2796,"bucket3$53,:3,:6001",2014-05-14T00:48:15.500000,MQ,IA2,,,,3000.0,3122.0,3000,100.0,ZNE,train,gold,"bucket3$178,:3,:6001",
2797,"bucket3$54,:3,:6001",2014-05-14T02:00:15.149900,MQ,BAM,,,,3000.0,,3000,100.0,ZNE,train,gold,"bucket3$179,:3,:6001",
2798,"bucket3$55,:3,:6001",2014-05-14T02:00:16.129900,MQ,CPM,,,,3000.0,,3000,100.0,ZNE,train,gold,"bucket3$180,:3,:6001",
2799,"bucket3$56,:3,:6001",2014-05-14T02:00:15.889900,MQ,GBM,,,,3000.0,,3000,100.0,ZNE,train,gold,"bucket3$181,:3,:6001",
2800,"bucket3$57,:3,:6001",2014-05-14T02:00:15.760000,MQ,IA2,,,,3000.0,3038.0,3000,100.0,ZNE,train,gold,"bucket3$182,:3,:6001",
2801,"bucket3$58,:3,:6001",2014-05-14T02:00:16.779900,MQ,MLM,,,,3000.0,,3000,100.0,ZNE,train,gold,"bucket3$183,:3,:6001",
2802,"bucket3$59,:3,:6001",2014-05-14T02:11:27.989900,MQ,BAM,,,,3000.0,,3000,100.0,ZNE,train,gold,"bucket3$184,:3,:6001",
2803,"bucket3$60,:3,:6001",2014-05-14T02:11:28.579900,MQ,CPM,,,,3000.0,,3000,100.0,ZNE,train,gold,"bucket3$185,:3,:6001",
2804,"bucket3$61,:3,:6001",2014-05-14T02:11:26.989900,MQ,GBM,,,,3000.0,,3000,100.0,ZNE,train,gold,"bucket3$186,:3,:6001",
2805,"bucket4$396,:3,:6001",2014-05-14T02:11:28.100000,MQ,IA2,,,,3000.0,3121.0,3000,100.0,ZNE,test,gold,"bucket4$290,:3,:6001",
2806,"bucket3$62,:3,:6001",2014-05-14T03:14:22.779900,MQ,BAM,,,,3000.0,,3000,100.0,ZNE,train,gold,"bucket3$187,:3,:6001",
2807,"bucket3$63,:3,:6001",2014-05-14T03:14:27.499900,MQ,CPM,,,,3000.0,,3000,100.0,ZNE,train,gold,"bucket3$188,:3,:6001",
2808,"bucket3$64,:3,:6001",2014-05-14T03:14:27.989900,MQ,GBM,,,,3000.0,,3000,100.0,ZNE,train,gold,"bucket3$189,:3,:6001",
2809,"bucket3$65,:3,:6001",2014-05-14T03:14:27.590000,MQ,IA2,,,,3000.0,3050.0,3000,100.0,ZNE,train,gold,"bucket3$190,:3,:6001",
2810,"bucket3$66,:3,:6001",2014-05-14T03:14:42.989900,MQ,BAM,,,,3000.0,,3000,100.0,ZNE,train,gold,"bucket3$191,:3,:6001",
2811,"bucket4$397,:3,:6001",2014-05-14T03:14:42.309900,MQ,CPM,,,,3000.0,,3000,100.0,ZNE,test,gold,"bucket4$291,:3,:6001",
2812,"bucket3$67,:3,:6001",2014-05-14T03:14:43.029900,MQ,GBM,,,,3000.0,,3000,100.0,ZNE,train,gold,"bucket3$192,:3,:6001",
2813,"bucket3$68,:3,:6001",2014-05-14T03:14:42.940000,MQ,IA2,,,,3000.0,3182.0,3000,100.0,ZNE,train,gold,"bucket3$193,:3,:6001",
2814,"bucket3$69,:3,:6001",2014-05-14T03:44:49.799900,MQ,BAM,,,,3000.0,,3000,100.0,ZNE,train,gold,"bucket3$194,:3,:6001",
2815,"bucket3$70,:3,:6001",2014-05-14T03:44:46.669900,MQ,CPM,,,,3000.0,,3000,100.0,ZNE,train,gold,"bucket3$195,:3,:6001",
2816,"bucket3$71,:3,:6001",2014-05-14T03:44:46.510000,MQ,IA2,,,,3000.0,3126.0,3000,100.0,ZNE,train,gold,"bucket3$196,:3,:6001",
2817,"bucket5$375,:3,:6001",2014-05-14T03:44:47.189900,MQ,MLM,,,,3000.0,,3000,100.0,ZNE,dev,gold,"bucket2$264,:3,:6001",
2818,"bucket3$72,:3,:6001",2014-05-14T04:57:06.669900,MQ,BAM,,,,3000.0,,3000,100.0,ZNE,train,gold,"bucket3$197,:3,:6001",
2819,"bucket3$73,:3,:6001",2014-05-14T04:57:06.639900,MQ,CPM,,,,3000.0,,3000,100.0,ZNE,train,gold,"bucket3$198,:3,:6001",
2820,"bucket5$376,:3,:6001",2014-05-14T04:57:06.019900,MQ,GBM,,,,3000.0,,3000,100.0,ZNE,dev,gold,"bucket2$265,:3,:6001",
2821,"bucket3$74,:3,:6001",2014-05-14T04:57:05.530000,MQ,IA2,,,,3000.0,3109.0,3000,100.0,ZNE,train,gold,"bucket3$199,:3,:6001",
2822,"bucket3$75,:3,:6001",2014-05-14T04:57:06.089900,MQ,MLM,,,,3000.0,,3000,100.0,ZNE,train,gold,"bucket3$200,:3,:6001",
2823,"bucket3$76,:3,:6001",2014-05-14T07:28:16.879900,MQ,BAM,,,,3000.0,,3000,100.0,ZNE,train,gold,"bucket3$201,:3,:6001",
2824,"bucket3$77,:3,:6001",2014-05-14T07:28:17.599900,MQ,CPM,,,,3000.0,,3000,100.0,ZNE,train,gold,"bucket3$202,:3,:6001",
2825,"bucket3$78,:3,:6001",2014-05-14T07:28:17.619900,MQ,GBM,,,,3000.0,,3000,100.0,ZNE,train,gold,"bucket3$203,:3,:6001",
2826,"bucket3$79,:3,:6001",2014-05-14T07:28:17.480000,MQ,IA2,,,,3000.0,3199.0,3000,100.0,ZNE,train,gold,"bucket3$204,:3,:6001",
2827,"bucket3$80,:3,:6001",2014-05-14T07:28:17.339900,MQ,MLM,,,,3000.0,,3000,100.0,ZNE,train,gold,"bucket3$205,:3,:6001",
2828,"bucket5$377,:3,:6001",2014-05-14T07:28:45.909900,MQ,BAM,,,,3000.0,,3000,100.0,ZNE,dev,gold,"bucket2$266,:3,:6001",
2829,"bucket3$81,:3,:6001",2014-05-14T07:28:47.329900,MQ,CPM,,,,3000.0,,3000,100.0,ZNE,train,gold,"bucket3$206,:3,:6001",
2830,"bucket4$398,:3,:6001",2014-05-14T07:28:45.499900,MQ,GBM,,,,3000.0,,3000,100.0,ZNE,test,gold,"bucket4$292,:3,:6001",
2831,"bucket3$82,:3,:6001",2014-05-14T07:28:45.730000,MQ,IA2,,,,3000.0,3082.0,3000,100.0,ZNE,train,gold,"bucket3$207,:3,:6001",
2832,"bucket4$399,:3,:6001",2014-05-14T07:28:45.760000,MQ,SAM,,,,3000.0,3040.0,3000,100.0,ZNE,test,gold,"bucket4$293,:3,:6001",
2833,"bucket3$83,:3,:6001",2014-05-15T00:23:00.379900,MQ,BAM,,,,3000.0,,3000,100.0,ZNE,train,gold,"bucket3$208,:3,:6001",
2834,"bucket3$84,:3,:6001",2014-05-15T00:22:59.799900,MQ,GBM,,,,3000.0,,3000,100.0,ZNE,train,gold,"bucket3$209,:3,:6001",
2835,"bucket5$378,:3,:6001",2014-05-15T00:23:00.760000,MQ,IA2,,,,3000.0,,3000,100.0,ZNE,dev,gold,"bucket2$267,:3,:6001",
2836,"bucket3$85,:3,:6001",2014-05-15T00:22:55.700000,MQ,LAM,,,,3000.0,3245.0,3000,100.0,ZNE,train,gold,"bucket3$210,:3,:6001",
2837,"bucket3$86,:3,:6001",2014-05-15T02:04:00.239900,MQ,BAM,,,,3000.0,,3000,100.0,ZNE,train,gold,"bucket3$211,:3,:6001",
2838,"bucket5$379,:3,:6001",2014-05-15T02:04:00.179900,MQ,CPM,,,,3000.0,,3000,100.0,ZNE,dev,gold,"bucket2$268,:3,:6001",
2839,"bucket3$87,:3,:6001",2014-05-15T02:04:00.399900,MQ,GBM,,,,3000.0,,3000,100.0,ZNE,train,gold,"bucket3$212,:3,:6001",
2840,"bucket3$88,:3,:6001",2014-05-15T02:04:00.640000,MQ,IA2,,,,3000.0,,3000,100.0,ZNE,train,gold,"bucket3$213,:3,:6001",
2841,"bucket3$89,:3,:6001",2014-05-15T02:04:00.720000,MQ,LAM,,,,3000.0,3096.0,3000,100.0,ZNE,train,gold,"bucket3$214,:3,:6001",
2842,"bucket4$400,:3,:6001",2014-05-15T02:04:00.689900,MQ,MLM,,,,3000.0,,3000,100.0,ZNE,test,gold,"bucket4$294,:3,:6001",
2843,"bucket3$90,:3,:6001",2014-05-15T02:04:01.360000,MQ,SAM,,,,3000.0,3184.0,3000,100.0,ZNE,train,gold,"bucket3$215,:3,:6001",
2844,"bucket3$91,:3,:6001",2014-05-15T06:31:31.289900,MQ,BAM,,,,3000.0,,3000,100.0,ZNE,train,gold,"bucket3$216,:3,:6001",
2845,"bucket3$92,:3,:6001",2014-05-15T06:31:34.410000,MQ,LAM,,,,3000.0,3015.0,3000,100.0,ZNE,train,gold,"bucket3$217,:3,:6001",
2846,"bucket4$401,:3,:6001",2014-05-15T06:31:28.869900,MQ,MLM,,,,3000.0,,3000,100.0,ZNE,test,gold,"bucket4$295,:3,:6001",
2847,"bucket3$93,:3,:6001",2014-05-15T06:31:29.500000,MQ,SAM,,,,3000.0,3046.0,3000,100.0,ZNE,train,gold,"bucket3$218,:3,:6001",
2848,"bucket4$402,:3,:6001",2014-05-15T06:59:36.289900,MQ,BAM,,,,3000.0,,3000,100.0,ZNE,test,gold,"bucket4$296,:3,:6001",
2849,"bucket3$94,:3,:6001",2014-05-15T06:59:35.899900,MQ,GBM,,,,3000.0,,3000,100.0,ZNE,train,gold,"bucket3$219,:3,:6001",
2850,"bucket3$95,:3,:6001",2014-05-15T06:59:36.140000,MQ,IA2,,,,3000.0,3041.0,3000,100.0,ZNE,train,gold,"bucket3$220,:3,:6001",
2851,"bucket3$96,:3,:6001",2014-05-15T06:59:36.989900,MQ,MLM,,,,3000.0,,3000,100.0,ZNE,train,gold,"bucket3$221,:3,:6001",
2852,"bucket4$403,:3,:6001",2014-05-15T06:59:36.460000,MQ,SAM,,,,3000.0,3037.0,3000,100.0,ZNE,test,gold,"bucket4$297,:3,:6001",
2853,"bucket5$380,:3,:6001",2014-05-15T08:04:37.220000,MQ,LAM,,,,3000.0,3007.0,3000,100.0,ZNE,dev,gold,"bucket2$269,:3,:6001",
2854,"bucket3$97,:3,:6001",2014-05-16T08:43:35.329900,MQ,BAM,,,,3000.0,,3000,100.0,ZNE,train,gold,"bucket3$222,:3,:6001",
2855,"bucket4$404,:3,:6001",2014-05-16T08:43:31.929900,MQ,CPM,,,,3000.0,,3000,100.0,ZNE,test,gold,"bucket4$298,:3,:6001",
2856,"bucket3$98,:3,:6001",2014-05-16T08:43:31.859900,MQ,GBM,,,,3000.0,,3000,100.0,ZNE,train,gold,"bucket3$223,:3,:6001",
2857,"bucket3$99,:3,:6001",2014-05-16T08:43:33.160000,MQ,SAM,,,,3000.0,2999.0,3000,100.0,ZNE,train,gold,"bucket3$224,:3,:6001",
2858,"bucket3$100,:3,:6001",2014-05-16T11:01:51.579900,MQ,BAM,,,,3000.0,,3000,100.0,ZNE,train,gold,"bucket3$225,:3,:6001",
2859,"bucket3$101,:3,:6001",2014-05-16T11:01:51.259900,MQ,CPM,,,,3000.0,,3000,100.0,ZNE,train,gold,"bucket3$226,:3,:6001",
2860,"bucket3$102,:3,:6001",2014-05-16T11:01:51.259900,MQ,GBM,,,,3000.0,,3000,100.0,ZNE,train,gold,"bucket3$227,:3,:6001",
2861,"bucket4$405,:3,:6001",2014-05-16T11:01:54.080000,MQ,IA2,,,,3000.0,3214.0,3000,100.0,ZNE,test,gold,"bucket4$299,:3,:6001",
2862,"bucket3$103,:3,:6001",2014-05-16T11:01:54.460000,MQ,LAM,,,,3000.0,3065.0,3000,100.0,ZNE,train,gold,"bucket3$228,:3,:6001",
2863,"bucket5$381,:3,:6001",2014-05-16T11:01:52.209900,MQ,MLM,,,,3000.0,,3000,100.0,ZNE,dev,gold,"bucket2$270,:3,:6001",
2864,"bucket3$104,:3,:6001",2014-05-16T11:06:33.889900,MQ,BAM,,,,3000.0,,3000,100.0,ZNE,train,gold,"bucket3$229,:3,:6001",
2865,"bucket3$105,:3,:6001",2014-05-16T11:06:33.169900,MQ,CPM,,,,3000.0,,3000,100.0,ZNE,train,gold,"bucket3$230,:3,:6001",
2866,"bucket3$106,:3,:6001",2014-05-16T11:06:32.769900,MQ,GBM,,,,3000.0,,3000,100.0,ZNE,train,gold,"bucket3$231,:3,:6001",
2867,"bucket3$107,:3,:6001",2014-05-16T11:06:32.620000,MQ,LAM,,,,3000.0,3161.0,3000,100.0,ZNE,train,gold,"bucket3$232,:3,:6001",
2868,"bucket5$382,:3,:6001",2014-05-16T11:07:30.539900,MQ,BAM,,,,3000.0,,3000,100.0,ZNE,dev,gold,"bucket2$271,:3,:6001",
2869,"bucket3$108,:3,:6001",2014-05-16T11:07:29.419900,MQ,GBM,,,,3000.0,,3000,100.0,ZNE,train,gold,"bucket3$233,:3,:6001",
2870,"bucket3$109,:3,:6001",2014-05-16T11:07:29.740000,MQ,IA2,,,,3000.0,3043.0,3000,100.0,ZNE,train,gold,"bucket3$234,:3,:6001",
2871,"bucket4$406,:3,:6001",2014-05-16T11:07:28.820000,MQ,LAM,,,,3000.0,3197.0,3000,100.0,ZNE,test,gold,"bucket4$300,:3,:6001",
2872,"bucket3$110,:3,:6001",2014-05-16T11:07:31.209900,MQ,MLM,,,,3000.0,,3000,100.0,ZNE,train,gold,"bucket3$235,:3,:6001",
2873,"bucket5$383,:3,:6001",2014-05-16T11:07:29.420000,MQ,SAM,,,,3000.0,3012.0,3000,100.0,ZNE,dev,gold,"bucket2$272,:3,:6001",
2874,"bucket3$111,:3,:6001",2014-05-16T11:08:33.939900,MQ,BAM,,,,3000.0,,3000,100.0,ZNE,train,gold,"bucket3$236,:3,:6001",
2875,"bucket3$112,:3,:6001",2014-05-16T11:08:33.459900,MQ,CPM,,,,3000.0,,3000,100.0,ZNE,train,gold,"bucket3$237,:3,:6001",
2876,"bucket3$113,:3,:6001",2014-05-16T11:08:32.829900,MQ,GBM,,,,3000.0,,3000,100.0,ZNE,train,gold,"bucket3$238,:3,:6001",
2877,"bucket3$114,:3,:6001",2014-05-16T11:08:33.460000,MQ,IA2,,,,3000.0,3134.0,3000,100.0,ZNE,train,gold,"bucket3$239,:3,:6001",
2878,"bucket5$384,:3,:6001",2014-05-16T11:08:32.650000,MQ,LAM,,,,3000.0,3141.0,3000,100.0,ZNE,dev,gold,"bucket2$273,:3,:6001",
2879,"bucket3$115,:3,:6001",2014-05-16T11:08:33.600000,MQ,SAM,,,,3000.0,3149.0,3000,100.0,ZNE,train,gold,"bucket3$240,:3,:6001",
2880,"bucket3$116,:3,:6001",2014-05-16T11:09:56.189900,MQ,BAM,,,,3000.0,,3000,100.0,ZNE,train,gold,"bucket3$241,:3,:6001",
2881,"bucket3$117,:3,:6001",2014-05-16T11:09:58.579900,MQ,CPM,,,,3000.0,,3000,100.0,ZNE,train,gold,"bucket3$242,:3,:6001",
2882,"bucket3$118,:3,:6001",2014-05-16T11:09:55.629900,MQ,GBM,,,,3000.0,,3000,100.0,ZNE,train,gold,"bucket3$243,:3,:6001",
2883,"bucket3$119,:3,:6001",2014-05-16T11:09:54.600000,MQ,LAM,,,,3000.0,3169.0,3000,100.0,ZNE,train,gold,"bucket3$244,:3,:6001",
2884,"bucket3$120,:3,:6001",2014-05-16T11:09:58.080000,MQ,SAM,,,,3000.0,3021.0,3000,100.0,ZNE,train,gold,"bucket3$245,:3,:6001",
2885,"bucket3$121,:3,:6001",2014-05-16T11:11:18.439900,MQ,BAM,,,,3000.0,,3000,100.0,ZNE,train,gold,"bucket3$246,:3,:6001",
2886,"bucket3$122,:3,:6001",2014-05-16T11:11:16.729900,MQ,GBM,,,,3000.0,,3000,100.0,ZNE,train,gold,"bucket3$247,:3,:6001",
2887,"bucket3$123,:3,:6001",2014-05-16T11:11:16.520000,MQ,LAM,,,,3000.0,3346.0,3000,100.0,ZNE,train,gold,"bucket3$248,:3,:6001",
2888,"bucket4$407,:3,:6001",2014-05-16T11:11:17.530000,MQ,SAM,,,,3000.0,3046.0,3000,100.0,ZNE,test,gold,"bucket4$301,:3,:6001",
2889,"bucket3$124,:3,:6001",2014-05-16T11:12:15.319900,MQ,BAM,,,,3000.0,,3000,100.0,ZNE,train,gold,"bucket3$249,:3,:6001",
2890,"bucket3$125,:3,:6001",2014-05-16T11:12:16.079900,MQ,CPM,,,,3000.0,,3000,100.0,ZNE,train,gold,"bucket3$250,:3,:6001",
2891,"bucket3$126,:3,:6001",2014-05-16T11:12:15.279900,MQ,GBM,,,,3000.0,,3000,100.0,ZNE,train,gold,"bucket3$251,:3,:6001",
2892,"bucket3$127,:3,:6001",2014-05-16T11:12:15.740000,MQ,LAM,,,,3000.0,3120.0,3000,100.0,ZNE,train,gold,"bucket3$252,:3,:6001",
2893,"bucket5$385,:3,:6001",2014-05-16T11:12:15.919900,MQ,MLM,,,,3000.0,,3000,100.0,ZNE,dev,gold,"bucket2$274,:3,:6001",
2894,"bucket3$128,:3,:6001",2014-05-16T11:16:03.309900,MQ,BAM,,,,3000.0,,3000,100.0,ZNE,train,gold,"bucket3$253,:3,:6001",
2895,"bucket3$129,:3,:6001",2014-05-16T11:16:03.809900,MQ,CPM,,,,3000.0,,3000,100.0,ZNE,train,gold,"bucket3$254,:3,:6001",
2896,"bucket3$130,:3,:6001",2014-05-16T11:16:04.270000,MQ,IA2,,,,3000.0,3018.0,3000,100.0,ZNE,train,gold,"bucket3$255,:3,:6001",
2897,"bucket3$131,:3,:6001",2014-05-16T11:16:03.660000,MQ,LAM,,,,3000.0,3085.0,3000,100.0,ZNE,train,gold,"bucket3$256,:3,:6001",
2898,"bucket3$132,:3,:6001",2014-05-16T11:16:32.689900,MQ,BAM,,,,3000.0,,3000,100.0,ZNE,train,gold,"bucket3$257,:3,:6001",
2899,"bucket3$133,:3,:6001",2014-05-16T11:16:31.579900,MQ,GBM,,,,3000.0,,3000,100.0,ZNE,train,gold,"bucket3$258,:3,:6001",
2900,"bucket3$134,:3,:6001",2014-05-16T11:16:32.100000,MQ,IA2,,,,3000.0,3004.0,3000,100.0,ZNE,train,gold,"bucket3$259,:3,:6001",
2901,"bucket4$408,:3,:6001",2014-05-16T11:16:31.250000,MQ,LAM,,,,3000.0,3037.0,3000,100.0,ZNE,test,gold,"bucket4$302,:3,:6001",
2902,"bucket3$135,:3,:6001",2014-05-16T11:16:31.640000,MQ,SAM,,,,3000.0,,3000,100.0,ZNE,train,gold,"bucket3$260,:3,:6001",
2903,"bucket3$136,:3,:6001",2014-05-16T12:21:46.459900,MQ,BAM,,,,3000.0,,3000,100.0,ZNE,train,gold,"bucket3$261,:3,:6001",
2904,"bucket3$137,:3,:6001",2014-05-16T12:21:44.869900,MQ,GBM,,,,3000.0,,3000,100.0,ZNE,train,gold,"bucket3$262,:3,:6001",
2905,"bucket3$138,:3,:6001",2014-05-16T12:21:46.760000,MQ,IA2,,,,3000.0,,3000,100.0,ZNE,train,gold,"bucket3$263,:3,:6001",
2906,"bucket3$139,:3,:6001",2014-05-16T12:21:44.660000,MQ,LAM,,,,3000.0,3122.0,3000,100.0,ZNE,train,gold,"bucket3$264,:3,:6001",
2907,"bucket3$140,:3,:6001",2014-05-16T12:30:33.569900,MQ,CPM,,,,3000.0,,3000,100.0,ZNE,train,gold,"bucket3$265,:3,:6001",
2908,"bucket3$141,:3,:6001",2014-05-16T12:30:32.109900,MQ,GBM,,,,3000.0,,3000,100.0,ZNE,train,gold,"bucket3$266,:3,:6001",
2909,"bucket3$142,:3,:6001",2014-05-16T12:30:32.290000,MQ,IA2,,,,3000.0,3215.0,3000,100.0,ZNE,train,gold,"bucket3$267,:3,:6001",
2910,"bucket3$143,:3,:6001",2014-05-16T12:30:33.410000,MQ,LAM,,,,3000.0,3051.0,3000,100.0,ZNE,train,gold,"bucket3$268,:3,:6001",
2911,"bucket3$144,:3,:6001",2014-05-16T12:30:32.569900,MQ,MLM,,,,3000.0,,3000,100.0,ZNE,train,gold,"bucket3$269,:3,:6001",
2912,"bucket4$409,:3,:6001",2014-05-16T12:35:04.749900,MQ,BAM,,,,3000.0,,3000,100.0,ZNE,test,gold,"bucket4$303,:3,:6001",
2913,"bucket4$410,:3,:6001",2014-05-16T12:35:05.159900,MQ,CPM,,,,3000.0,,3000,100.0,ZNE,test,gold,"bucket4$304,:3,:6001",
2914,"bucket4$411,:3,:6001",2014-05-16T12:35:05.510000,MQ,IA2,,,,3000.0,,3000,100.0,ZNE,test,gold,"bucket4$305,:3,:6001",
2915,"bucket3$145,:3,:6001",2014-05-16T12:35:04.840000,MQ,LAM,,,,3000.0,3087.0,3000,100.0,ZNE,train,gold,"bucket3$270,:3,:6001",
2916,"bucket3$146,:3,:6001",2014-05-16T12:35:04.839900,MQ,MLM,,,,3000.0,,3000,100.0,ZNE,train,gold,"bucket3$271,:3,:6001",
2917,"bucket3$147,:3,:6001",2014-05-16T12:35:34.169900,MQ,BAM,,,,3000.0,,3000,100.0,ZNE,train,gold,"bucket3$272,:3,:6001",
2918,"bucket3$148,:3,:6001",2014-05-16T12:35:31.559900,MQ,CPM,,,,3000.0,,3000,100.0,ZNE,train,gold,"bucket3$273,:3,:6001",
2919,"bucket3$149,:3,:6001",2014-05-16T12:35:33.549900,MQ,GBM,,,,3000.0,,3000,100.0,ZNE,train,gold,"bucket3$274,:3,:6001",
2920,"bucket3$150,:3,:6001",2014-05-16T12:35:33.800000,MQ,IA2,,,,3000.0,,3000,100.0,ZNE,train,gold,"bucket3$275,:3,:6001",
2921,"bucket5$386,:3,:6001",2014-05-16T12:35:32.860000,MQ,LAM,,,,3000.0,3174.0,3000,100.0,ZNE,dev,gold,"bucket2$275,:3,:6001",
2922,"bucket3$151,:3,:6001",2014-05-16T12:35:32.970000,MQ,SAM,,,,3000.0,3047.0,3000,100.0,ZNE,train,gold,"bucket3$276,:3,:6001",
2923,"bucket3$152,:3,:6001",2014-05-16T13:11:00.229900,MQ,BAM,,,,3000.0,,3000,100.0,ZNE,train,gold,"bucket3$277,:3,:6001",
2924,"bucket4$412,:3,:6001",2014-05-16T13:10:58.999900,MQ,CPM,,,,3000.0,,3000,100.0,ZNE,test,gold,"bucket4$306,:3,:6001",
2925,"bucket3$153,:3,:6001",2014-05-16T13:10:59.299900,MQ,GBM,,,,3000.0,,3000,100.0,ZNE,train,gold,"bucket3$278,:3,:6001",
2926,"bucket3$154,:3,:6001",2014-05-16T13:10:59.020000,MQ,IA2,,,,3000.0,3037.0,3000,100.0,ZNE,train,gold,"bucket3$279,:3,:6001",
2927,"bucket3$155,:3,:6001",2014-05-16T13:10:58.550000,MQ,LAM,,,,3000.0,3253.0,3000,100.0,ZNE,train,gold,"bucket3$280,:3,:6001",
2928,"bucket3$156,:3,:6001",2014-05-16T13:11:00.799900,MQ,MLM,,,,3000.0,,3000,100.0,ZNE,train,gold,"bucket3$281,:3,:6001",
2929,"bucket4$413,:3,:6001",2014-05-16T13:10:59.600000,MQ,SAM,,,,3000.0,2995.0,3000,100.0,ZNE,test,gold,"bucket4$307,:3,:6001",
2930,"bucket3$157,:3,:6001",2014-05-16T13:14:13.789900,MQ,BAM,,,,3000.0,,3000,100.0,ZNE,train,gold,"bucket3$282,:3,:6001",
2931,"bucket3$158,:3,:6001",2014-05-16T13:14:13.739900,MQ,CPM,,,,3000.0,,3000,100.0,ZNE,train,gold,"bucket3$283,:3,:6001",
2932,"bucket3$159,:3,:6001",2014-05-16T13:14:13.289900,MQ,GBM,,,,3000.0,,3000,100.0,ZNE,train,gold,"bucket3$284,:3,:6001",
2933,"bucket3$160,:3,:6001",2014-05-16T13:14:13.790000,MQ,IA2,,,,3000.0,3115.0,3000,100.0,ZNE,train,gold,"bucket3$285,:3,:6001",
2934,"bucket3$161,:3,:6001",2014-05-16T13:14:12.440000,MQ,LAM,,,,3000.0,3025.0,3000,100.0,ZNE,train,gold,"bucket3$286,:3,:6001",
2935,"bucket5$387,:3,:6001",2014-05-16T13:14:12.080000,MQ,SAM,,,,3000.0,3279.0,3000,100.0,ZNE,dev,gold,"bucket2$276,:3,:6001",
2936,"bucket5$388,:3,:6001",2014-05-16T13:16:37.809900,MQ,BAM,,,,3000.0,,3000,100.0,ZNE,dev,gold,"bucket2$277,:3,:6001",
2937,"bucket3$162,:3,:6001",2014-05-16T13:16:37.779900,MQ,CPM,,,,3000.0,,3000,100.0,ZNE,train,gold,"bucket3$287,:3,:6001",
2938,"bucket3$163,:3,:6001",2014-05-16T13:16:37.489900,MQ,GBM,,,,3000.0,,3000,100.0,ZNE,train,gold,"bucket3$288,:3,:6001",
2939,"bucket3$164,:3,:6001",2014-05-16T13:16:39.760000,MQ,IA2,,,,3000.0,3083.0,3000,100.0,ZNE,train,gold,"bucket3$289,:3,:6001",
2940,"bucket3$165,:3,:6001",2014-05-16T13:16:37.330000,MQ,LAM,,,,3000.0,3038.0,3000,100.0,ZNE,train,gold,"bucket3$290,:3,:6001",
2941,"bucket3$166,:3,:6001",2014-05-16T13:16:37.039900,MQ,MLM,,,,3000.0,,3000,100.0,ZNE,train,gold,"bucket3$291,:3,:6001",
2942,"bucket3$167,:3,:6001",2014-05-16T13:17:07.719900,MQ,BAM,,,,3000.0,,3000,100.0,ZNE,train,gold,"bucket3$292,:3,:6001",
2943,"bucket4$414,:3,:6001",2014-05-16T13:17:06.479900,MQ,CPM,,,,3000.0,,3000,100.0,ZNE,test,gold,"bucket4$308,:3,:6001",
2944,"bucket3$168,:3,:6001",2014-05-16T13:17:06.839900,MQ,GBM,,,,3000.0,,3000,100.0,ZNE,train,gold,"bucket3$293,:3,:6001",
2945,"bucket4$415,:3,:6001",2014-05-16T13:17:06.680000,MQ,IA2,,,,3000.0,3073.0,3000,100.0,ZNE,test,gold,"bucket4$309,:3,:6001",
2946,"bucket3$169,:3,:6001",2014-05-16T13:17:06.360000,MQ,LAM,,,,3000.0,3059.0,3000,100.0,ZNE,train,gold,"bucket3$294,:3,:6001",
2947,"bucket3$170,:3,:6001",2014-05-16T13:17:10.919900,MQ,MLM,,,,3000.0,,3000,100.0,ZNE,train,gold,"bucket3$295,:3,:6001",
2948,"bucket3$171,:3,:6001",2014-05-16T13:37:35.189900,MQ,BAM,,,,3000.0,,3000,100.0,ZNE,train,gold,"bucket3$296,:3,:6001",
2949,"bucket3$172,:3,:6001",2014-05-16T13:37:36.619900,MQ,CPM,,,,3000.0,,3000,100.0,ZNE,train,gold,"bucket3$297,:3,:6001",
2950,"bucket5$389,:3,:6001",2014-05-16T13:37:34.069900,MQ,GBM,,,,3000.0,,3000,100.0,ZNE,dev,gold,"bucket2$278,:3,:6001",
2951,"bucket3$173,:3,:6001",2014-05-16T13:37:35.050000,MQ,IA2,,,,3000.0,3017.0,3000,100.0,ZNE,train,gold,"bucket3$298,:3,:6001",
2952,"bucket3$174,:3,:6001",2014-05-16T16:52:34.679900,MQ,BAM,,,,3000.0,,3000,100.0,ZNE,train,gold,"bucket3$299,:3,:6001",
2953,"bucket3$175,:3,:6001",2014-05-16T16:52:35.299900,MQ,CPM,,,,3000.0,,3000,100.0,ZNE,train,gold,"bucket3$300,:3,:6001",
2954,"bucket3$176,:3,:6001",2014-05-16T16:52:34.899900,MQ,GBM,,,,3000.0,,3000,100.0,ZNE,train,gold,"bucket3$301,:3,:6001",
2955,"bucket4$416,:3,:6001",2014-05-16T16:52:34.610000,MQ,IA2,,,,3000.0,3246.0,3000,100.0,ZNE,test,gold,"bucket4$310,:3,:6001",
2956,"bucket5$390,:3,:6001",2014-05-16T16:52:34.930000,MQ,LAM,,,,3000.0,,3000,100.0,ZNE,dev,gold,"bucket2$279,:3,:6001",
2957,"bucket4$417,:3,:6001",2014-05-16T16:52:34.779900,MQ,MLM,,,,3000.0,,3000,100.0,ZNE,test,gold,"bucket4$311,:3,:6001",
2958,"bucket3$177,:3,:6001",2014-05-16T16:53:04.559900,MQ,BAM,,,,3000.0,,3000,100.0,ZNE,train,gold,"bucket3$302,:3,:6001",
2959,"bucket3$178,:3,:6001",2014-05-16T16:53:02.259900,MQ,CPM,,,,3000.0,,3000,100.0,ZNE,train,gold,"bucket3$303,:3,:6001",
2960,"bucket3$179,:3,:6001",2014-05-16T16:53:04.370000,MQ,IA2,,,,3000.0,3021.0,3000,100.0,ZNE,train,gold,"bucket3$304,:3,:6001",
2961,"bucket3$180,:3,:6001",2014-05-16T16:53:03.270000,MQ,LAM,,,,3000.0,3240.0,3000,100.0,ZNE,train,gold,"bucket3$305,:3,:6001",
2962,"bucket3$181,:3,:6001",2014-05-16T16:53:03.350000,MQ,SAM,,,,3000.0,3040.0,3000,100.0,ZNE,train,gold,"bucket3$306,:3,:6001",
2963,"bucket3$182,:3,:6001",2014-05-16T16:55:11.309900,MQ,BAM,,,,3000.0,,3000,100.0,ZNE,train,gold,"bucket3$307,:3,:6001",
2964,"bucket3$183,:3,:6001",2014-05-16T16:55:11.939900,MQ,CPM,,,,3000.0,,3000,100.0,ZNE,train,gold,"bucket3$308,:3,:6001",
2965,"bucket3$184,:3,:6001",2014-05-16T16:55:11.430000,MQ,LAM,,,,3000.0,3015.0,3000,100.0,ZNE,train,gold,"bucket3$309,:3,:6001",
2966,"bucket5$391,:3,:6001",2014-05-16T16:55:14.630000,MQ,SAM,,,,3000.0,2972.0,3000,100.0,ZNE,dev,gold,"bucket2$280,:3,:6001",
2967,"bucket5$392,:3,:6001",2014-05-16T16:55:41.369900,MQ,BAM,,,,3000.0,,3000,100.0,ZNE,dev,gold,"bucket2$281,:3,:6001",
2968,"bucket3$185,:3,:6001",2014-05-16T16:55:40.369900,MQ,CPM,,,,3000.0,,3000,100.0,ZNE,train,gold,"bucket3$310,:3,:6001",
2969,"bucket5$393,:3,:6001",2014-05-16T16:55:40.399900,MQ,GBM,,,,3000.0,,3000,100.0,ZNE,dev,gold,"bucket2$282,:3,:6001",
2970,"bucket3$186,:3,:6001",2014-05-16T16:55:40.610000,MQ,IA2,,,,3000.0,3071.0,3000,100.0,ZNE,train,gold,"bucket3$311,:3,:6001",
2971,"bucket3$187,:3,:6001",2014-05-16T16:55:39.850000,MQ,LAM,,,,3000.0,3056.0,3000,100.0,ZNE,train,gold,"bucket3$312,:3,:6001",
2972,"bucket3$188,:3,:6001",2014-05-16T16:55:44.649900,MQ,MLM,,,,3000.0,,3000,100.0,ZNE,train,gold,"bucket3$313,:3,:6001",
2973,"bucket3$189,:3,:6001",2014-05-16T16:55:40.090000,MQ,SAM,,,,3000.0,3110.0,3000,100.0,ZNE,train,gold,"bucket3$314,:3,:6001",
2974,"bucket3$190,:3,:6001",2014-05-16T17:15:21.159900,MQ,CPM,,,,3000.0,,3000,100.0,ZNE,train,gold,"bucket3$315,:3,:6001",
2975,"bucket3$191,:3,:6001",2014-05-16T17:15:25.849900,MQ,GBM,,,,3000.0,,3000,100.0,ZNE,train,gold,"bucket3$316,:3,:6001",
2976,"bucket3$192,:3,:6001",2014-05-16T17:15:21.110000,MQ,IA2,,,,3000.0,3048.0,3000,100.0,ZNE,train,gold,"bucket3$317,:3,:6001",
2977,"bucket3$193,:3,:6001",2014-05-16T17:15:28.210000,MQ,LAM,,,,3000.0,3017.0,3000,100.0,ZNE,train,gold,"bucket3$318,:3,:6001",
2978,"bucket4$418,:3,:6001",2014-05-16T17:15:26.039900,MQ,MLM,,,,3000.0,,3000,100.0,ZNE,test,gold,"bucket4$312,:3,:6001",
2979,"bucket3$194,:3,:6001",2014-05-16T17:15:24.310000,MQ,SAM,,,,3000.0,3129.0,3000,100.0,ZNE,train,gold,"bucket3$319,:3,:6001",
2980,"bucket4$419,:3,:6001",2014-05-16T17:28:42.749900,MQ,BAM,,,,3000.0,,3000,100.0,ZNE,test,gold,"bucket4$313,:3,:6001",
2981,"bucket3$195,:3,:6001",2014-05-16T17:28:42.169900,MQ,CPM,,,,3000.0,,3000,100.0,ZNE,train,gold,"bucket3$320,:3,:6001",
2982,"bucket3$196,:3,:6001",2014-05-16T17:28:41.719900,MQ,GBM,,,,3000.0,,3000,100.0,ZNE,train,gold,"bucket3$321,:3,:6001",
2983,"bucket3$197,:3,:6001",2014-05-16T17:28:42.720000,MQ,IA2,,,,3000.0,3027.0,3000,100.0,ZNE,train,gold,"bucket3$322,:3,:6001",
2984,"bucket3$198,:3,:6001",2014-05-16T17:28:41.010000,MQ,LAM,,,,3000.0,3092.0,3000,100.0,ZNE,train,gold,"bucket3$323,:3,:6001",
2985,"bucket3$199,:3,:6001",2014-05-16T17:38:10.299900,MQ,CPM,,,,3000.0,,3000,100.0,ZNE,train,gold,"bucket3$324,:3,:6001",
2986,"bucket3$200,:3,:6001",2014-05-16T17:38:10.939900,MQ,GBM,,,,3000.0,,3000,100.0,ZNE,train,gold,"bucket3$325,:3,:6001",
2987,"bucket3$201,:3,:6001",2014-05-16T17:38:10.300000,MQ,IA2,,,,3000.0,3069.0,3000,100.0,ZNE,train,gold,"bucket3$326,:3,:6001",
2988,"bucket3$202,:3,:6001",2014-05-16T17:38:10.429900,MQ,MLM,,,,3000.0,,3000,100.0,ZNE,train,gold,"bucket3$327,:3,:6001",
2989,"bucket3$203,:3,:6001",2014-05-16T17:38:40.319900,MQ,GBM,,,,3000.0,,3000,100.0,ZNE,train,gold,"bucket3$328,:3,:6001",
2990,"bucket3$204,:3,:6001",2014-05-16T17:38:40.200000,MQ,IA2,,,,3000.0,3127.0,3000,100.0,ZNE,train,gold,"bucket3$329,:3,:6001",
2991,"bucket5$394,:3,:6001",2014-05-16T17:38:39.820000,MQ,LAM,,,,3000.0,3236.0,3000,100.0,ZNE,dev,gold,"bucket2$283,:3,:6001",
2992,"bucket3$205,:3,:6001",2014-05-16T17:38:41.300000,MQ,SAM,,,,3000.0,3014.0,3000,100.0,ZNE,train,gold,"bucket3$330,:3,:6001",
2993,"bucket4$420,:3,:6001",2014-05-16T17:52:32.079900,MQ,BAM,,,,3000.0,,3000,100.0,ZNE,test,gold,"bucket4$314,:3,:6001",
2994,"bucket3$206,:3,:6001",2014-05-16T17:52:32.199900,MQ,CPM,,,,3000.0,,3000,100.0,ZNE,train,gold,"bucket3$331,:3,:6001",
2995,"bucket3$207,:3,:6001",2014-05-16T17:52:32.259900,MQ,GBM,,,,3000.0,,3000,100.0,ZNE,train,gold,"bucket3$332,:3,:6001",
2996,"bucket4$421,:3,:6001",2014-05-16T17:52:32.190000,MQ,IA2,,,,3000.0,3119.0,3000,100.0,ZNE,test,gold,"bucket4$315,:3,:6001",
2997,"bucket3$208,:3,:6001",2014-05-16T17:52:32.240000,MQ,LAM,,,,3000.0,,3000,100.0,ZNE,train,gold,"bucket3$333,:3,:6001",
2998,"bucket3$209,:3,:6001",2014-05-16T17:52:32.239900,MQ,MLM,,,,3000.0,,3000,100.0,ZNE,train,gold,"bucket3$334,:3,:6001",
2999,"bucket3$210,:3,:6001",2014-05-16T17:52:31.890000,MQ,SAM,,,,3000.0,3214.0,3000,100.0,ZNE,train,gold,"bucket3$335,:3,:6001",
3000,"bucket5$395,:3,:6001",2014-05-16T17:52:42.439900,MQ,BAM,,,,3000.0,,3000,100.0,ZNE,dev,gold,"bucket2$284,:3,:6001",
3001,"bucket4$422,:3,:6001",2014-05-16T17:52:43.449900,MQ,CPM,,,,3000.0,,3000,100.0,ZNE,test,gold,"bucket4$316,:3,:6001",
3002,"bucket3$211,:3,:6001",2014-05-16T17:52:42.419900,MQ,GBM,,,,3000.0,,3000,100.0,ZNE,train,gold,"bucket3$336,:3,:6001",
3003,"bucket3$212,:3,:6001",2014-05-16T17:52:42.410000,MQ,IA2,,,,3000.0,3134.0,3000,100.0,ZNE,train,gold,"bucket3$337,:3,:6001",
3004,"bucket3$213,:3,:6001",2014-05-16T17:52:42.200000,MQ,LAM,,,,3000.0,3069.0,3000,100.0,ZNE,train,gold,"bucket3$338,:3,:6001",
3005,"bucket3$214,:3,:6001",2014-05-16T17:52:43.709900,MQ,MLM,,,,3000.0,,3000,100.0,ZNE,train,gold,"bucket3$339,:3,:6001",
3006,"bucket3$215,:3,:6001",2014-05-16T17:52:42.620000,MQ,SAM,,,,3000.0,3213.0,3000,100.0,ZNE,train,gold,"bucket3$340,:3,:6001",
3007,"bucket3$216,:3,:6001",2014-05-16T18:26:51.109900,MQ,BAM,,,,3000.0,,3000,100.0,ZNE,train,gold,"bucket3$341,:3,:6001",
3008,"bucket3$217,:3,:6001",2014-05-16T18:26:51.699900,MQ,CPM,,,,3000.0,,3000,100.0,ZNE,train,gold,"bucket3$342,:3,:6001",
3009,"bucket4$423,:3,:6001",2014-05-16T18:26:51.620000,MQ,IA2,,,,3000.0,3031.0,3000,100.0,ZNE,test,gold,"bucket4$317,:3,:6001",
3010,"bucket3$218,:3,:6001",2014-05-16T18:26:52.089900,MQ,MLM,,,,3000.0,,3000,100.0,ZNE,train,gold,"bucket3$343,:3,:6001",
3011,"bucket3$219,:3,:6001",2014-05-16T18:27:04.899900,MQ,BAM,,,,3000.0,,3000,100.0,ZNE,train,gold,"bucket3$344,:3,:6001",
3012,"bucket4$424,:3,:6001",2014-05-16T18:27:04.739900,MQ,GBM,,,,3000.0,,3000,100.0,ZNE,test,gold,"bucket4$318,:3,:6001",
3013,"bucket3$220,:3,:6001",2014-05-16T18:27:06.140000,MQ,IA2,,,,3000.0,3054.0,3000,100.0,ZNE,train,gold,"bucket3$345,:3,:6001",
3014,"bucket3$221,:3,:6001",2014-05-16T18:27:04.580000,MQ,LAM,,,,3000.0,3152.0,3000,100.0,ZNE,train,gold,"bucket3$346,:3,:6001",
3015,"bucket3$222,:3,:6001",2014-05-16T18:27:06.049900,MQ,MLM,,,,3000.0,,3000,100.0,ZNE,train,gold,"bucket3$347,:3,:6001",
3016,"bucket3$223,:3,:6001",2014-05-16T18:27:04.260000,MQ,SAM,,,,3000.0,3056.0,3000,100.0,ZNE,train,gold,"bucket3$348,:3,:6001",
3017,"bucket3$224,:3,:6001",2014-05-16T20:25:31.849900,MQ,BAM,,,,3000.0,,3000,100.0,ZNE,train,gold,"bucket3$349,:3,:6001",
3018,"bucket3$225,:3,:6001",2014-05-16T20:25:30.709900,MQ,GBM,,,,3000.0,,3000,100.0,ZNE,train,gold,"bucket3$350,:3,:6001",
3019,"bucket3$226,:3,:6001",2014-05-16T20:25:33.320000,MQ,IA2,,,,3000.0,3014.0,3000,100.0,ZNE,train,gold,"bucket3$351,:3,:6001",
3020,"bucket3$227,:3,:6001",2014-05-16T20:25:31.880000,MQ,LAM,,,,3000.0,2926.0,3000,100.0,ZNE,train,gold,"bucket3$352,:3,:6001",
3021,"bucket3$228,:3,:6001",2014-05-16T21:34:47.509900,MQ,BAM,,,,3000.0,,3000,100.0,ZNE,train,gold,"bucket3$353,:3,:6001",
3022,"bucket3$229,:3,:6001",2014-05-16T21:34:46.199900,MQ,GBM,,,,3000.0,,3000,100.0,ZNE,train,gold,"bucket3$354,:3,:6001",
3023,"bucket3$230,:3,:6001",2014-05-16T21:34:46.240000,MQ,IA2,,,,3000.0,3276.0,3000,100.0,ZNE,train,gold,"bucket3$355,:3,:6001",
3024,"bucket3$231,:3,:6001",2014-05-16T21:34:46.660000,MQ,LAM,,,,3000.0,3137.0,3000,100.0,ZNE,train,gold,"bucket3$356,:3,:6001",
3025,"bucket3$232,:3,:6001",2014-05-16T21:40:10.019900,MQ,BAM,,,,3000.0,,3000,100.0,ZNE,train,gold,"bucket3$357,:3,:6001",
3026,"bucket5$396,:3,:6001",2014-05-16T21:40:09.109900,MQ,GBM,,,,3000.0,,3000,100.0,ZNE,dev,gold,"bucket2$285,:3,:6001",
3027,"bucket3$233,:3,:6001",2014-05-16T21:40:09.470000,MQ,IA2,,,,3000.0,3077.0,3000,100.0,ZNE,train,gold,"bucket3$358,:3,:6001",
3028,"bucket3$234,:3,:6001",2014-05-16T21:40:09.020000,MQ,LAM,,,,3000.0,3154.0,3000,100.0,ZNE,train,gold,"bucket3$359,:3,:6001",
3029,"bucket3$235,:3,:6001",2014-05-16T21:46:23.069900,MQ,BAM,,,,3000.0,,3000,100.0,ZNE,train,gold,"bucket3$360,:3,:6001",
3030,"bucket3$236,:3,:6001",2014-05-16T21:46:24.219900,MQ,GBM,,,,3000.0,,3000,100.0,ZNE,train,gold,"bucket3$361,:3,:6001",
3031,"bucket3$237,:3,:6001",2014-05-16T21:46:22.180000,MQ,LAM,,,,3000.0,3093.0,3000,100.0,ZNE,train,gold,"bucket3$362,:3,:6001",
3032,"bucket5$397,:3,:6001",2014-05-16T21:46:25.299900,MQ,MLM,,,,3000.0,,3000,100.0,ZNE,dev,gold,"bucket2$286,:3,:6001",
3033,"bucket3$238,:3,:6001",2014-05-16T21:46:51.489900,MQ,BAM,,,,3000.0,,3000,100.0,ZNE,train,gold,"bucket3$363,:3,:6001",
3034,"bucket3$239,:3,:6001",2014-05-16T21:46:50.219900,MQ,CPM,,,,3000.0,,3000,100.0,ZNE,train,gold,"bucket3$364,:3,:6001",
3035,"bucket3$240,:3,:6001",2014-05-16T21:46:50.519900,MQ,GBM,,,,3000.0,,3000,100.0,ZNE,train,gold,"bucket3$365,:3,:6001",
3036,"bucket3$241,:3,:6001",2014-05-16T21:46:50.210000,MQ,IA2,,,,3000.0,3057.0,3000,100.0,ZNE,train,gold,"bucket3$366,:3,:6001",
3037,"bucket3$242,:3,:6001",2014-05-16T21:46:49.740000,MQ,LAM,,,,3000.0,3215.0,3000,100.0,ZNE,train,gold,"bucket3$367,:3,:6001",
3038,"bucket3$243,:3,:6001",2014-05-16T21:46:50.510000,MQ,SAM,,,,3000.0,3021.0,3000,100.0,ZNE,train,gold,"bucket3$368,:3,:6001",
3039,"bucket3$244,:3,:6001",2014-05-16T22:08:07.969900,MQ,BAM,,,,3000.0,,3000,100.0,ZNE,train,gold,"bucket3$369,:3,:6001",
3040,"bucket3$245,:3,:6001",2014-05-16T22:08:07.849900,MQ,CPM,,,,3000.0,,3000,100.0,ZNE,train,gold,"bucket3$370,:3,:6001",
3041,"bucket3$246,:3,:6001",2014-05-16T22:08:08.099900,MQ,GBM,,,,3000.0,,3000,100.0,ZNE,train,gold,"bucket3$371,:3,:6001",
3042,"bucket3$247,:3,:6001",2014-05-16T22:08:09.470000,MQ,LAM,,,,3000.0,3026.0,3000,100.0,ZNE,train,gold,"bucket3$372,:3,:6001",
3043,"bucket3$248,:3,:6001",2014-05-16T22:08:22.139900,MQ,BAM,,,,3000.0,,3000,100.0,ZNE,train,gold,"bucket3$373,:3,:6001",
3044,"bucket5$398,:3,:6001",2014-05-16T22:08:22.669900,MQ,GBM,,,,3000.0,,3000,100.0,ZNE,dev,gold,"bucket2$287,:3,:6001",
3045,"bucket5$399,:3,:6001",2014-05-16T22:08:22.300000,MQ,IA2,,,,3000.0,,3000,100.0,ZNE,dev,gold,"bucket2$288,:3,:6001",
3046,"bucket3$249,:3,:6001",2014-05-16T22:08:22.500000,MQ,LAM,,,,3000.0,3199.0,3000,100.0,ZNE,train,gold,"bucket3$374,:3,:6001",
3047,"bucket5$400,:3,:6001",2014-05-16T23:22:55.499900,MQ,CPM,,,,3000.0,,3000,100.0,ZNE,dev,gold,"bucket2$289,:3,:6001",
3048,"bucket4$425,:3,:6001",2014-05-16T23:22:54.609900,MQ,GBM,,,,3000.0,,3000,100.0,ZNE,test,gold,"bucket4$319,:3,:6001",
3049,"bucket5$401,:3,:6001",2014-05-16T23:22:55.410000,MQ,IA2,,,,3000.0,3070.0,3000,100.0,ZNE,dev,gold,"bucket2$290,:3,:6001",
3050,"bucket5$402,:3,:6001",2014-05-16T23:22:54.500000,MQ,LAM,,,,3000.0,3150.0,3000,100.0,ZNE,dev,gold,"bucket2$291,:3,:6001",
3051,"bucket3$250,:3,:6001",2014-05-16T23:22:55.640000,MQ,SAM,,,,3000.0,2990.0,3000,100.0,ZNE,train,gold,"bucket3$375,:3,:6001",
3052,"bucket3$251,:3,:6001",2014-05-17T00:51:38.669900,MQ,BAM,,,,3000.0,,3000,100.0,ZNE,train,gold,"bucket3$376,:3,:6001",
3053,"bucket3$252,:3,:6001",2014-05-17T00:51:38.349900,MQ,CPM,,,,3000.0,,3000,100.0,ZNE,train,gold,"bucket3$377,:3,:6001",
3054,"bucket4$426,:3,:6001",2014-05-17T00:51:39.310000,MQ,IA2,,,,3000.0,3213.0,3000,100.0,ZNE,test,gold,"bucket4$320,:3,:6001",
3055,"bucket3$253,:3,:6001",2014-05-17T00:51:37.709900,MQ,MLM,,,,3000.0,,3000,100.0,ZNE,train,gold,"bucket3$378,:3,:6001",
3056,"bucket3$254,:3,:6001",2014-05-17T00:51:39.830000,MQ,SAM,,,,3000.0,3030.0,3000,100.0,ZNE,train,gold,"bucket3$379,:3,:6001",
3057,"bucket3$255,:3,:6001",2014-05-17T00:52:07.209900,MQ,CPM,,,,3000.0,,3000,100.0,ZNE,train,gold,"bucket3$380,:3,:6001",
3058,"bucket3$256,:3,:6001",2014-05-17T00:52:09.169900,MQ,GBM,,,,3000.0,,3000,100.0,ZNE,train,gold,"bucket3$381,:3,:6001",
3059,"bucket3$257,:3,:6001",2014-05-17T00:52:06.770000,MQ,IA2,,,,3000.0,3144.0,3000,100.0,ZNE,train,gold,"bucket3$382,:3,:6001",
3060,"bucket3$258,:3,:6001",2014-05-17T00:52:06.410000,MQ,LAM,,,,3000.0,3285.0,3000,100.0,ZNE,train,gold,"bucket3$383,:3,:6001",
3061,"bucket4$427,:3,:6001",2014-05-17T02:26:59.389900,MQ,BAM,,,,3000.0,,3000,100.0,ZNE,test,gold,"bucket4$321,:3,:6001",
3062,"bucket3$259,:3,:6001",2014-05-17T02:27:00.469900,MQ,CPM,,,,3000.0,,3000,100.0,ZNE,train,gold,"bucket3$384,:3,:6001",
3063,"bucket3$260,:3,:6001",2014-05-17T02:26:59.369900,MQ,GBM,,,,3000.0,,3000,100.0,ZNE,train,gold,"bucket3$385,:3,:6001",
3064,"bucket4$428,:3,:6001",2014-05-17T02:27:00.080000,MQ,IA2,,,,3000.0,3128.0,3000,100.0,ZNE,test,gold,"bucket4$322,:3,:6001",
3065,"bucket3$261,:3,:6001",2014-05-17T02:27:00.090000,MQ,SAM,,,,3000.0,3029.0,3000,100.0,ZNE,train,gold,"bucket3$386,:3,:6001",
3066,"bucket3$262,:3,:6001",2014-05-17T04:01:22.539900,MQ,BAM,,,,3000.0,,3000,100.0,ZNE,train,gold,"bucket3$387,:3,:6001",
3067,"bucket3$263,:3,:6001",2014-05-17T04:01:19.769900,MQ,CPM,,,,3000.0,,3000,100.0,ZNE,train,gold,"bucket3$388,:3,:6001",
3068,"bucket3$264,:3,:6001",2014-05-17T04:01:21.220000,MQ,IA2,,,,3000.0,2992.0,3000,100.0,ZNE,train,gold,"bucket3$389,:3,:6001",
3069,"bucket5$403,:3,:6001",2014-05-17T04:01:20.050000,MQ,LAM,,,,3000.0,3087.0,3000,100.0,ZNE,dev,gold,"bucket2$292,:3,:6001",
3070,"bucket3$265,:3,:6001",2014-05-17T04:01:19.409900,MQ,MLM,,,,3000.0,,3000,100.0,ZNE,train,gold,"bucket3$390,:3,:6001",
3071,"bucket3$266,:3,:6001",2014-05-17T04:01:20.990000,MQ,SAM,,,,3000.0,3243.0,3000,100.0,ZNE,train,gold,"bucket3$391,:3,:6001",
3072,"bucket3$267,:3,:6001",2014-05-17T04:01:48.809900,MQ,BAM,,,,3000.0,,3000,100.0,ZNE,train,gold,"bucket3$392,:3,:6001",
3073,"bucket3$268,:3,:6001",2014-05-17T04:01:47.759900,MQ,CPM,,,,3000.0,,3000,100.0,ZNE,train,gold,"bucket3$393,:3,:6001",
3074,"bucket3$269,:3,:6001",2014-05-17T04:01:47.919900,MQ,GBM,,,,3000.0,,3000,100.0,ZNE,train,gold,"bucket3$394,:3,:6001",
3075,"bucket3$270,:3,:6001",2014-05-17T04:01:47.830000,MQ,IA2,,,,3000.0,3286.0,3000,100.0,ZNE,train,gold,"bucket3$395,:3,:6001",
3076,"bucket3$271,:3,:6001",2014-05-17T04:01:47.250000,MQ,LAM,,,,3000.0,3050.0,3000,100.0,ZNE,train,gold,"bucket3$396,:3,:6001",
3077,"bucket3$272,:3,:6001",2014-05-17T04:01:49.439900,MQ,MLM,,,,3000.0,,3000,100.0,ZNE,train,gold,"bucket3$397,:3,:6001",
3078,"bucket3$273,:3,:6001",2014-05-17T04:01:47.460000,MQ,SAM,,,,3000.0,3011.0,3000,100.0,ZNE,train,gold,"bucket3$398,:3,:6001",
3079,"bucket3$274,:3,:6001",2014-05-17T04:03:34.139900,MQ,BAM,,,,3000.0,,3000,100.0,ZNE,train,gold,"bucket3$399,:3,:6001",
3080,"bucket3$275,:3,:6001",2014-05-17T04:03:33.100000,MQ,IA2,,,,3000.0,3282.0,3000,100.0,ZNE,train,gold,"bucket3$400,:3,:6001",
3081,"bucket3$276,:3,:6001",2014-05-17T04:03:32.580000,MQ,LAM,,,,3000.0,3041.0,3000,100.0,ZNE,train,gold,"bucket3$401,:3,:6001",
3082,"bucket3$277,:3,:6001",2014-05-17T04:03:32.620000,MQ,SAM,,,,3000.0,,3000,100.0,ZNE,train,gold,"bucket3$402,:3,:6001",
3083,"bucket3$278,:3,:6001",2014-05-17T04:27:56.519900,MQ,BAM,,,,3000.0,,3000,100.0,ZNE,train,gold,"bucket3$403,:3,:6001",
3084,"bucket3$279,:3,:6001",2014-05-17T04:27:55.719900,MQ,GBM,,,,3000.0,,3000,100.0,ZNE,train,gold,"bucket3$404,:3,:6001",
3085,"bucket4$429,:3,:6001",2014-05-17T04:27:54.880000,MQ,LAM,,,,3000.0,3475.0,3000,100.0,ZNE,test,gold,"bucket4$323,:3,:6001",
3086,"bucket5$404,:3,:6001",2014-05-17T04:27:57.819900,MQ,MLM,,,,3000.0,,3000,100.0,ZNE,dev,gold,"bucket2$293,:3,:6001",
3087,"bucket3$280,:3,:6001",2014-05-17T04:27:54.810000,MQ,SAM,,,,3000.0,3213.0,3000,100.0,ZNE,train,gold,"bucket3$405,:3,:6001",
3088,"bucket3$281,:3,:6001",2014-05-17T04:55:42.489900,MQ,BAM,,,,3000.0,,3000,100.0,ZNE,train,gold,"bucket3$406,:3,:6001",
3089,"bucket4$430,:3,:6001",2014-05-17T04:55:41.630000,MQ,IA2,,,,3000.0,3083.0,3000,100.0,ZNE,test,gold,"bucket4$324,:3,:6001",
3090,"bucket3$282,:3,:6001",2014-05-17T04:55:40.990000,MQ,LAM,,,,3000.0,3035.0,3000,100.0,ZNE,train,gold,"bucket3$407,:3,:6001",
3091,"bucket3$283,:3,:6001",2014-05-17T04:55:45.539900,MQ,MLM,,,,3000.0,,3000,100.0,ZNE,train,gold,"bucket3$408,:3,:6001",
3092,"bucket3$284,:3,:6001",2014-05-17T05:18:28.899900,MQ,BAM,,,,3000.0,,3000,100.0,ZNE,train,gold,"bucket3$409,:3,:6001",
3093,"bucket3$285,:3,:6001",2014-05-17T05:18:27.610000,MQ,LAM,,,,3000.0,3028.0,3000,100.0,ZNE,train,gold,"bucket3$410,:3,:6001",
3094,"bucket3$286,:3,:6001",2014-05-17T05:18:27.689900,MQ,MLM,,,,3000.0,,3000,100.0,ZNE,train,gold,"bucket3$411,:3,:6001",
3095,"bucket3$287,:3,:6001",2014-05-17T05:18:27.150000,MQ,SAM,,,,3000.0,3309.0,3000,100.0,ZNE,train,gold,"bucket3$412,:3,:6001",
3096,"bucket3$288,:3,:6001",2014-05-17T05:18:57.549900,MQ,BAM,,,,3000.0,,3000,100.0,ZNE,train,gold,"bucket3$413,:3,:6001",
3097,"bucket5$405,:3,:6001",2014-05-17T05:18:55.409900,MQ,CPM,,,,3000.0,,3000,100.0,ZNE,dev,gold,"bucket2$294,:3,:6001",
3098,"bucket3$289,:3,:6001",2014-05-17T05:18:57.049900,MQ,GBM,,,,3000.0,,3000,100.0,ZNE,train,gold,"bucket3$414,:3,:6001",
3099,"bucket5$406,:3,:6001",2014-05-17T05:18:55.590000,MQ,IA2,,,,3000.0,3083.0,3000,100.0,ZNE,dev,gold,"bucket2$295,:3,:6001",
3100,"bucket3$290,:3,:6001",2014-05-17T05:18:55.890000,MQ,LAM,,,,3000.0,3132.0,3000,100.0,ZNE,train,gold,"bucket3$415,:3,:6001",
3101,"bucket3$291,:3,:6001",2014-05-17T05:18:59.159900,MQ,MLM,,,,3000.0,,3000,100.0,ZNE,train,gold,"bucket3$416,:3,:6001",
3102,"bucket5$407,:3,:6001",2014-05-17T05:18:57.550000,MQ,SAM,,,,3000.0,2983.0,3000,100.0,ZNE,dev,gold,"bucket2$296,:3,:6001",
3103,"bucket3$292,:3,:6001",2014-05-17T05:25:25.309900,MQ,BAM,,,,3000.0,,3000,100.0,ZNE,train,gold,"bucket3$417,:3,:6001",
3104,"bucket3$293,:3,:6001",2014-05-17T05:25:24.889900,MQ,CPM,,,,3000.0,,3000,100.0,ZNE,train,gold,"bucket3$418,:3,:6001",
3105,"bucket3$294,:3,:6001",2014-05-17T05:25:25.049900,MQ,GBM,,,,3000.0,,3000,100.0,ZNE,train,gold,"bucket3$419,:3,:6001",
3106,"bucket3$295,:3,:6001",2014-05-17T05:25:25.530000,MQ,IA2,,,,3000.0,3180.0,3000,100.0,ZNE,train,gold,"bucket3$420,:3,:6001",
3107,"bucket3$296,:3,:6001",2014-05-17T05:25:26.530000,MQ,LAM,,,,3000.0,3142.0,3000,100.0,ZNE,train,gold,"bucket3$421,:3,:6001",
3108,"bucket3$297,:3,:6001",2014-05-17T05:25:25.829900,MQ,MLM,,,,3000.0,,3000,100.0,ZNE,train,gold,"bucket3$422,:3,:6001",
3109,"bucket3$298,:3,:6001",2014-05-17T05:25:25.370000,MQ,SAM,,,,3000.0,3100.0,3000,100.0,ZNE,train,gold,"bucket3$423,:3,:6001",
3110,"bucket3$299,:3,:6001",2014-05-17T05:39:40.559900,MQ,BAM,,,,3000.0,,3000,100.0,ZNE,train,gold,"bucket3$424,:3,:6001",
3111,"bucket3$300,:3,:6001",2014-05-17T05:39:41.259900,MQ,CPM,,,,3000.0,,3000,100.0,ZNE,train,gold,"bucket3$425,:3,:6001",
3112,"bucket3$301,:3,:6001",2014-05-17T05:39:41.579900,MQ,GBM,,,,3000.0,,3000,100.0,ZNE,train,gold,"bucket3$426,:3,:6001",
3113,"bucket3$302,:3,:6001",2014-05-17T05:39:40.790000,MQ,IA2,,,,3000.0,3240.0,3000,100.0,ZNE,train,gold,"bucket3$427,:3,:6001",
3114,"bucket3$303,:3,:6001",2014-05-17T05:39:40.980000,MQ,LAM,,,,3000.0,3046.0,3000,100.0,ZNE,train,gold,"bucket3$428,:3,:6001",
3115,"bucket3$304,:3,:6001",2014-05-17T05:39:41.119900,MQ,MLM,,,,3000.0,,3000,100.0,ZNE,train,gold,"bucket3$429,:3,:6001",
3116,"bucket5$408,:3,:6001",2014-05-17T05:39:40.440000,MQ,SAM,,,,3000.0,3056.0,3000,100.0,ZNE,dev,gold,"bucket2$297,:3,:6001",
3117,"bucket3$305,:3,:6001",2014-05-17T05:40:54.869900,MQ,BAM,,,,3000.0,,3000,100.0,ZNE,train,gold,"bucket3$430,:3,:6001",
3118,"bucket3$306,:3,:6001",2014-05-17T05:40:54.569900,MQ,GBM,,,,3000.0,,3000,100.0,ZNE,train,gold,"bucket3$431,:3,:6001",
3119,"bucket3$307,:3,:6001",2014-05-17T05:40:56.320000,MQ,IA2,,,,3000.0,3021.0,3000,100.0,ZNE,train,gold,"bucket3$432,:3,:6001",
3120,"bucket3$308,:3,:6001",2014-05-17T05:40:54.710000,MQ,SAM,,,,3000.0,3208.0,3000,100.0,ZNE,train,gold,"bucket3$433,:3,:6001",
3121,"bucket3$309,:3,:6001",2014-05-17T06:01:21.010000,MQ,IA2,,,,3000.0,3104.0,3000,100.0,ZNE,train,gold,"bucket3$434,:3,:6001",
3122,"bucket4$431,:3,:6001",2014-05-17T06:43:27.769900,MQ,BAM,,,,3000.0,,3000,100.0,ZNE,test,gold,"bucket4$325,:3,:6001",
3123,"bucket3$310,:3,:6001",2014-05-17T06:43:25.259900,MQ,GBM,,,,3000.0,,3000,100.0,ZNE,train,gold,"bucket3$435,:3,:6001",
3124,"bucket3$311,:3,:6001",2014-05-17T06:43:26.140000,MQ,IA2,,,,3000.0,3065.0,3000,100.0,ZNE,train,gold,"bucket3$436,:3,:6001",
3125,"bucket3$312,:3,:6001",2014-05-17T06:43:25.290000,MQ,LAM,,,,3000.0,3165.0,3000,100.0,ZNE,train,gold,"bucket3$437,:3,:6001",
3126,"bucket3$313,:3,:6001",2014-05-17T06:44:47.019900,MQ,BAM,,,,3000.0,,3000,100.0,ZNE,train,gold,"bucket3$438,:3,:6001",
3127,"bucket3$314,:3,:6001",2014-05-17T06:44:47.999900,MQ,CPM,,,,3000.0,,3000,100.0,ZNE,train,gold,"bucket3$439,:3,:6001",
3128,"bucket3$315,:3,:6001",2014-05-17T06:44:45.079900,MQ,GBM,,,,3000.0,,3000,100.0,ZNE,train,gold,"bucket3$440,:3,:6001",
3129,"bucket3$316,:3,:6001",2014-05-17T06:44:46.760000,MQ,IA2,,,,3000.0,3252.0,3000,100.0,ZNE,train,gold,"bucket3$441,:3,:6001",
3130,"bucket3$317,:3,:6001",2014-05-17T07:45:46.299900,MQ,BAM,,,,3000.0,,3000,100.0,ZNE,train,gold,"bucket3$442,:3,:6001",
3131,"bucket3$318,:3,:6001",2014-05-17T07:45:46.389900,MQ,GBM,,,,3000.0,,3000,100.0,ZNE,train,gold,"bucket3$443,:3,:6001",
3132,"bucket3$319,:3,:6001",2014-05-17T07:45:49.390000,MQ,IA2,,,,3000.0,3193.0,3000,100.0,ZNE,train,gold,"bucket3$444,:3,:6001",
3133,"bucket3$320,:3,:6001",2014-05-17T07:45:46.030000,MQ,LAM,,,,3000.0,3027.0,3000,100.0,ZNE,train,gold,"bucket3$445,:3,:6001",
3134,"bucket4$432,:3,:6001",2014-05-17T10:43:02.429900,MQ,BAM,,,,3000.0,,3000,100.0,ZNE,test,gold,"bucket4$326,:3,:6001",
3135,"bucket3$321,:3,:6001",2014-05-17T10:42:59.959900,MQ,CPM,,,,3000.0,,3000,100.0,ZNE,train,gold,"bucket3$446,:3,:6001",
3136,"bucket4$433,:3,:6001",2014-05-17T10:43:01.619900,MQ,GBM,,,,3000.0,,3000,100.0,ZNE,test,gold,"bucket4$327,:3,:6001",
3137,"bucket3$322,:3,:6001",2014-05-17T10:43:00.010000,MQ,IA2,,,,3000.0,3156.0,3000,100.0,ZNE,train,gold,"bucket3$447,:3,:6001",
3138,"bucket3$323,:3,:6001",2014-05-17T10:43:00.520000,MQ,LAM,,,,3000.0,3217.0,3000,100.0,ZNE,train,gold,"bucket3$448,:3,:6001",
3139,"bucket4$434,:3,:6001",2014-05-17T10:43:02.629900,MQ,MLM,,,,3000.0,,3000,100.0,ZNE,test,gold,"bucket4$328,:3,:6001",
3140,"bucket5$409,:3,:6001",2014-05-17T10:43:00.680000,MQ,SAM,,,,3000.0,3059.0,3000,100.0,ZNE,dev,gold,"bucket2$298,:3,:6001",
3141,"bucket3$324,:3,:6001",2014-05-17T10:48:49.349900,MQ,BAM,,,,3000.0,,3000,100.0,ZNE,train,gold,"bucket3$449,:3,:6001",
3142,"bucket3$325,:3,:6001",2014-05-17T10:48:49.979900,MQ,CPM,,,,3000.0,,3000,100.0,ZNE,train,gold,"bucket3$450,:3,:6001",
3143,"bucket3$326,:3,:6001",2014-05-17T10:48:49.779900,MQ,GBM,,,,3000.0,,3000,100.0,ZNE,train,gold,"bucket3$451,:3,:6001",
3144,"bucket3$327,:3,:6001",2014-05-17T10:48:49.750000,MQ,IA2,,,,3000.0,3071.0,3000,100.0,ZNE,train,gold,"bucket3$452,:3,:6001",
3145,"bucket3$328,:3,:6001",2014-05-17T10:48:50.070000,MQ,LAM,,,,3000.0,3039.0,3000,100.0,ZNE,train,gold,"bucket3$453,:3,:6001",
3146,"bucket4$435,:3,:6001",2014-05-17T10:48:49.459900,MQ,MLM,,,,3000.0,,3000,100.0,ZNE,test,gold,"bucket4$329,:3,:6001",
3147,"bucket3$329,:3,:6001",2014-05-17T10:49:20.169900,MQ,BAM,,,,3000.0,,3000,100.0,ZNE,train,gold,"bucket3$454,:3,:6001",
3148,"bucket3$330,:3,:6001",2014-05-17T10:49:17.399900,MQ,CPM,,,,3000.0,,3000,100.0,ZNE,train,gold,"bucket3$455,:3,:6001",
3149,"bucket3$331,:3,:6001",2014-05-17T10:49:18.229900,MQ,GBM,,,,3000.0,,3000,100.0,ZNE,train,gold,"bucket3$456,:3,:6001",
3150,"bucket3$332,:3,:6001",2014-05-17T10:49:18.200000,MQ,LAM,,,,3000.0,3200.0,3000,100.0,ZNE,train,gold,"bucket3$457,:3,:6001",
3151,"bucket3$333,:3,:6001",2014-05-17T10:49:20.799900,MQ,MLM,,,,3000.0,,3000,100.0,ZNE,train,gold,"bucket3$458,:3,:6001",
3152,"bucket3$334,:3,:6001",2014-05-17T10:49:55.459900,MQ,BAM,,,,3000.0,,3000,100.0,ZNE,train,gold,"bucket3$459,:3,:6001",
3153,"bucket4$436,:3,:6001",2014-05-17T10:49:55.989900,MQ,CPM,,,,3000.0,,3000,100.0,ZNE,test,gold,"bucket4$330,:3,:6001",
3154,"bucket3$335,:3,:6001",2014-05-17T10:49:55.990000,MQ,LAM,,,,3000.0,3045.0,3000,100.0,ZNE,train,gold,"bucket3$460,:3,:6001",
3155,"bucket4$437,:3,:6001",2014-05-17T10:49:56.809900,MQ,MLM,,,,3000.0,,3000,100.0,ZNE,test,gold,"bucket4$331,:3,:6001",
3156,"bucket3$336,:3,:6001",2014-05-17T10:54:19.039900,MQ,BAM,,,,3000.0,,3000,100.0,ZNE,train,gold,"bucket3$461,:3,:6001",
3157,"bucket3$337,:3,:6001",2014-05-17T10:54:19.019900,MQ,CPM,,,,3000.0,,3000,100.0,ZNE,train,gold,"bucket3$462,:3,:6001",
3158,"bucket3$338,:3,:6001",2014-05-17T10:54:18.720000,MQ,LAM,,,,3000.0,3093.0,3000,100.0,ZNE,train,gold,"bucket3$463,:3,:6001",
3159,"bucket3$339,:3,:6001",2014-05-17T10:54:20.969900,MQ,MLM,,,,3000.0,,3000,100.0,ZNE,train,gold,"bucket3$464,:3,:6001",
3160,"bucket3$340,:3,:6001",2014-05-17T10:55:48.759900,MQ,BAM,,,,3000.0,,3000,100.0,ZNE,train,gold,"bucket3$465,:3,:6001",
3161,"bucket3$341,:3,:6001",2014-05-17T10:55:48.819900,MQ,CPM,,,,3000.0,,3000,100.0,ZNE,train,gold,"bucket3$466,:3,:6001",
3162,"bucket3$342,:3,:6001",2014-05-17T10:55:49.069900,MQ,GBM,,,,3000.0,,3000,100.0,ZNE,train,gold,"bucket3$467,:3,:6001",
3163,"bucket5$410,:3,:6001",2014-05-17T10:55:48.500000,MQ,IA2,,,,3000.0,3041.0,3000,100.0,ZNE,dev,gold,"bucket2$299,:3,:6001",
3164,"bucket3$343,:3,:6001",2014-05-17T10:55:49.120000,MQ,LAM,,,,3000.0,3054.0,3000,100.0,ZNE,train,gold,"bucket3$468,:3,:6001",
3165,"bucket3$344,:3,:6001",2014-05-17T10:55:49.020000,MQ,SAM,,,,3000.0,,3000,100.0,ZNE,train,gold,"bucket3$469,:3,:6001",
3166,"bucket3$345,:3,:6001",2014-05-17T13:01:00.549900,MQ,CPM,,,,3000.0,,3000,100.0,ZNE,train,gold,"bucket3$470,:3,:6001",
3167,"bucket3$346,:3,:6001",2014-05-17T13:01:00.789900,MQ,GBM,,,,3000.0,,3000,100.0,ZNE,train,gold,"bucket3$471,:3,:6001",
3168,"bucket3$347,:3,:6001",2014-05-17T13:00:59.190000,MQ,LAM,,,,3000.0,3197.0,3000,100.0,ZNE,train,gold,"bucket3$472,:3,:6001",
3169,"bucket3$348,:3,:6001",2014-05-17T13:01:00.749900,MQ,MLM,,,,3000.0,,3000,100.0,ZNE,train,gold,"bucket3$473,:3,:6001",
3170,"bucket3$349,:3,:6001",2014-05-17T13:01:28.559900,MQ,BAM,,,,3000.0,,3000,100.0,ZNE,train,gold,"bucket3$474,:3,:6001",
3171,"bucket3$350,:3,:6001",2014-05-17T13:01:30.499900,MQ,CPM,,,,3000.0,,3000,100.0,ZNE,train,gold,"bucket3$475,:3,:6001",
3172,"bucket3$351,:3,:6001",2014-05-17T13:01:27.959900,MQ,GBM,,,,3000.0,,3000,100.0,ZNE,train,gold,"bucket3$476,:3,:6001",
3173,"bucket3$352,:3,:6001",2014-05-17T13:01:32.240000,MQ,IA2,,,,3000.0,3086.0,3000,100.0,ZNE,train,gold,"bucket3$477,:3,:6001",
3174,"bucket3$353,:3,:6001",2014-05-17T13:01:27.300000,MQ,LAM,,,,3000.0,3169.0,3000,100.0,ZNE,train,gold,"bucket3$478,:3,:6001",
3175,"bucket3$354,:3,:6001",2014-05-17T13:01:28.840000,MQ,SAM,,,,3000.0,3017.0,3000,100.0,ZNE,train,gold,"bucket3$479,:3,:6001",
3176,"bucket3$355,:3,:6001",2014-05-17T13:29:47.169900,MQ,BAM,,,,3000.0,,3000,100.0,ZNE,train,gold,"bucket3$480,:3,:6001",
3177,"bucket4$438,:3,:6001",2014-05-17T13:29:45.899900,MQ,GBM,,,,3000.0,,3000,100.0,ZNE,test,gold,"bucket4$332,:3,:6001",
3178,"bucket3$356,:3,:6001",2014-05-17T13:29:45.260000,MQ,LAM,,,,3000.0,3314.0,3000,100.0,ZNE,train,gold,"bucket3$481,:3,:6001",
3179,"bucket3$357,:3,:6001",2014-05-17T13:29:48.199900,MQ,MLM,,,,3000.0,,3000,100.0,ZNE,train,gold,"bucket3$482,:3,:6001",
3180,"bucket3$358,:3,:6001",2014-05-17T13:29:45.220000,MQ,SAM,,,,3000.0,3209.0,3000,100.0,ZNE,train,gold,"bucket3$483,:3,:6001",
3181,"bucket3$359,:3,:6001",2014-05-17T14:47:47.179900,MQ,BAM,,,,3000.0,,3000,100.0,ZNE,train,gold,"bucket3$484,:3,:6001",
3182,"bucket3$360,:3,:6001",2014-05-17T14:47:47.689900,MQ,CPM,,,,3000.0,,3000,100.0,ZNE,train,gold,"bucket3$485,:3,:6001",
3183,"bucket3$361,:3,:6001",2014-05-17T14:47:47.019900,MQ,GBM,,,,3000.0,,3000,100.0,ZNE,train,gold,"bucket3$486,:3,:6001",
3184,"bucket3$362,:3,:6001",2014-05-17T14:47:47.340000,MQ,IA2,,,,3000.0,3040.0,3000,100.0,ZNE,train,gold,"bucket3$487,:3,:6001",
3185,"bucket3$363,:3,:6001",2014-05-17T14:47:47.410000,MQ,LAM,,,,3000.0,,3000,100.0,ZNE,train,gold,"bucket3$488,:3,:6001",
3186,"bucket3$364,:3,:6001",2014-05-17T14:47:47.819900,MQ,MLM,,,,3000.0,,3000,100.0,ZNE,train,gold,"bucket3$489,:3,:6001",
3187,"bucket3$365,:3,:6001",2014-05-17T14:47:46.540000,MQ,SAM,,,,3000.0,3043.0,3000,100.0,ZNE,train,gold,"bucket3$490,:3,:6001",
3188,"bucket3$366,:3,:6001",2014-05-17T14:48:20.069900,MQ,BAM,,,,3000.0,,3000,100.0,ZNE,train,gold,"bucket3$491,:3,:6001",
3189,"bucket3$367,:3,:6001",2014-05-17T14:48:17.579900,MQ,CPM,,,,3000.0,,3000,100.0,ZNE,train,gold,"bucket3$492,:3,:6001",
3190,"bucket3$368,:3,:6001",2014-05-17T14:48:16.909900,MQ,GBM,,,,3000.0,,3000,100.0,ZNE,train,gold,"bucket3$493,:3,:6001",
3191,"bucket3$369,:3,:6001",2014-05-17T14:48:17.330000,MQ,LAM,,,,3000.0,2992.0,3000,100.0,ZNE,train,gold,"bucket3$494,:3,:6001",
3192,"bucket3$370,:3,:6001",2014-05-17T14:48:19.069900,MQ,MLM,,,,3000.0,,3000,100.0,ZNE,train,gold,"bucket3$495,:3,:6001",
3193,"bucket3$371,:3,:6001",2014-05-17T15:01:14.199900,MQ,BAM,,,,3000.0,,3000,100.0,ZNE,train,gold,"bucket3$496,:3,:6001",
3194,"bucket3$372,:3,:6001",2014-05-17T15:01:12.199900,MQ,CPM,,,,3000.0,,3000,100.0,ZNE,train,gold,"bucket3$497,:3,:6001",
3195,"bucket3$373,:3,:6001",2014-05-17T15:01:13.459900,MQ,GBM,,,,3000.0,,3000,100.0,ZNE,train,gold,"bucket3$498,:3,:6001",
3196,"bucket4$439,:3,:6001",2014-05-17T15:01:12.200000,MQ,IA2,,,,3000.0,3030.0,3000,100.0,ZNE,test,gold,"bucket4$333,:3,:6001",
3197,"bucket3$374,:3,:6001",2014-05-17T15:01:12.840000,MQ,LAM,,,,3000.0,3292.0,3000,100.0,ZNE,train,gold,"bucket3$499,:3,:6001",
3198,"bucket3$375,:3,:6001",2014-05-17T15:46:03.429900,MQ,CPM,,,,3000.0,,3000,100.0,ZNE,train,gold,"bucket3$500,:3,:6001",
3199,"bucket3$376,:3,:6001",2014-05-17T15:46:04.830000,MQ,IA2,,,,3000.0,3023.0,3000,100.0,ZNE,train,gold,"bucket3$501,:3,:6001",
3200,"bucket4$440,:3,:6001",2014-05-17T15:45:55.910000,MQ,LAM,,,,3000.0,3306.0,3000,100.0,ZNE,test,gold,"bucket4$334,:3,:6001",
3201,"bucket3$377,:3,:6001",2014-05-17T15:45:58.940000,MQ,SAM,,,,3000.0,3038.0,3000,100.0,ZNE,train,gold,"bucket3$502,:3,:6001",
3202,"bucket3$378,:3,:6001",2014-05-17T17:19:32.009900,MQ,BAM,,,,3000.0,,3000,100.0,ZNE,train,gold,"bucket3$503,:3,:6001",
3203,"bucket3$379,:3,:6001",2014-05-17T17:19:31.159900,MQ,CPM,,,,3000.0,,3000,100.0,ZNE,train,gold,"bucket3$504,:3,:6001",
3204,"bucket3$380,:3,:6001",2014-05-17T17:19:30.679900,MQ,GBM,,,,3000.0,,3000,100.0,ZNE,train,gold,"bucket3$505,:3,:6001",
3205,"bucket3$381,:3,:6001",2014-05-17T17:19:31.240000,MQ,IA2,,,,3000.0,3040.0,3000,100.0,ZNE,train,gold,"bucket3$506,:3,:6001",
3206,"bucket3$382,:3,:6001",2014-05-17T17:19:30.400000,MQ,LAM,,,,3000.0,3061.0,3000,100.0,ZNE,train,gold,"bucket3$507,:3,:6001",
3207,"bucket5$411,:3,:6001",2014-05-17T17:19:32.689900,MQ,MLM,,,,3000.0,,3000,100.0,ZNE,dev,gold,"bucket2$300,:3,:6001",
3208,"bucket3$383,:3,:6001",2014-05-17T17:19:30.890000,MQ,SAM,,,,3000.0,3197.0,3000,100.0,ZNE,train,gold,"bucket3$508,:3,:6001",
3209,"bucket3$384,:3,:6001",2014-05-17T17:42:31.199900,MQ,BAM,,,,3000.0,,3000,100.0,ZNE,train,gold,"bucket3$509,:3,:6001",
3210,"bucket3$385,:3,:6001",2014-05-17T17:42:28.629900,MQ,CPM,,,,3000.0,,3000,100.0,ZNE,train,gold,"bucket3$510,:3,:6001",
3211,"bucket5$412,:3,:6001",2014-05-17T17:42:30.129900,MQ,GBM,,,,3000.0,,3000,100.0,ZNE,dev,gold,"bucket2$301,:3,:6001",
3212,"bucket3$386,:3,:6001",2014-05-17T17:42:28.140000,MQ,IA2,,,,3000.0,3244.0,3000,100.0,ZNE,train,gold,"bucket3$511,:3,:6001",
3213,"bucket3$387,:3,:6001",2014-05-17T18:15:58.029900,MQ,BAM,,,,3000.0,,3000,100.0,ZNE,train,gold,"bucket3$512,:3,:6001",
3214,"bucket3$388,:3,:6001",2014-05-17T18:15:56.809900,MQ,GBM,,,,3000.0,,3000,100.0,ZNE,train,gold,"bucket3$513,:3,:6001",
3215,"bucket5$413,:3,:6001",2014-05-17T18:15:56.860000,MQ,IA2,,,,3000.0,3126.0,3000,100.0,ZNE,dev,gold,"bucket2$302,:3,:6001",
3216,"bucket3$389,:3,:6001",2014-05-17T18:15:56.510000,MQ,LAM,,,,3000.0,3168.0,3000,100.0,ZNE,train,gold,"bucket3$514,:3,:6001",
3217,"bucket3$390,:3,:6001",2014-05-17T18:16:48.179900,MQ,BAM,,,,3000.0,,3000,100.0,ZNE,train,gold,"bucket3$515,:3,:6001",
3218,"bucket4$441,:3,:6001",2014-05-17T18:16:48.849900,MQ,CPM,,,,3000.0,,3000,100.0,ZNE,test,gold,"bucket4$335,:3,:6001",
3219,"bucket5$414,:3,:6001",2014-05-17T18:16:48.019900,MQ,GBM,,,,3000.0,,3000,100.0,ZNE,dev,gold,"bucket2$303,:3,:6001",
3220,"bucket3$391,:3,:6001",2014-05-17T18:16:48.370000,MQ,LAM,,,,3000.0,3027.0,3000,100.0,ZNE,train,gold,"bucket3$516,:3,:6001",
3221,"bucket4$442,:3,:6001",2014-05-17T18:17:18.029900,MQ,BAM,,,,3000.0,,3000,100.0,ZNE,test,gold,"bucket4$336,:3,:6001",
3222,"bucket3$392,:3,:6001",2014-05-17T18:17:16.519900,MQ,CPM,,,,3000.0,,3000,100.0,ZNE,train,gold,"bucket3$517,:3,:6001",
3223,"bucket3$393,:3,:6001",2014-05-17T18:17:17.449900,MQ,GBM,,,,3000.0,,3000,100.0,ZNE,train,gold,"bucket3$518,:3,:6001",
3224,"bucket3$394,:3,:6001",2014-05-17T18:17:16.840000,MQ,IA2,,,,3000.0,3147.0,3000,100.0,ZNE,train,gold,"bucket3$519,:3,:6001",
3225,"bucket3$395,:3,:6001",2014-05-17T18:17:15.900000,MQ,LAM,,,,3000.0,3269.0,3000,100.0,ZNE,train,gold,"bucket3$520,:3,:6001",
3226,"bucket3$396,:3,:6001",2014-05-17T18:17:18.229900,MQ,MLM,,,,3000.0,,3000,100.0,ZNE,train,gold,"bucket3$521,:3,:6001",
3227,"bucket3$397,:3,:6001",2014-05-17T18:30:50.339900,MQ,BAM,,,,3000.0,,3000,100.0,ZNE,train,gold,"bucket3$522,:3,:6001",
3228,"bucket3$398,:3,:6001",2014-05-17T18:30:49.409900,MQ,GBM,,,,3000.0,,3000,100.0,ZNE,train,gold,"bucket3$523,:3,:6001",
3229,"bucket3$399,:3,:6001",2014-05-17T18:30:50.100000,MQ,IA2,,,,3000.0,2965.0,3000,100.0,ZNE,train,gold,"bucket3$524,:3,:6001",
3230,"bucket3$400,:3,:6001",2014-05-17T18:30:48.980000,MQ,LAM,,,,3000.0,3067.0,3000,100.0,ZNE,train,gold,"bucket3$525,:3,:6001",
3231,"bucket3$401,:3,:6001",2014-05-17T18:30:49.090000,MQ,SAM,,,,3000.0,3215.0,3000,100.0,ZNE,train,gold,"bucket3$526,:3,:6001",
3232,"bucket3$402,:3,:6001",2014-05-17T21:16:19.019900,MQ,BAM,,,,3000.0,,3000,100.0,ZNE,train,gold,"bucket3$527,:3,:6001",
3233,"bucket5$415,:3,:6001",2014-05-17T21:16:16.119900,MQ,CPM,,,,3000.0,,3000,100.0,ZNE,dev,gold,"bucket2$304,:3,:6001",
3234,"bucket3$403,:3,:6001",2014-05-17T21:16:14.829900,MQ,GBM,,,,3000.0,,3000,100.0,ZNE,train,gold,"bucket3$528,:3,:6001",
3235,"bucket3$404,:3,:6001",2014-05-17T21:16:16.160000,MQ,IA2,,,,3000.0,3049.0,3000,100.0,ZNE,train,gold,"bucket3$529,:3,:6001",
3236,"bucket3$405,:3,:6001",2014-05-17T21:16:17.080000,MQ,SAM,,,,3000.0,3275.0,3000,100.0,ZNE,train,gold,"bucket3$530,:3,:6001",
3237,"bucket3$406,:3,:6001",2014-05-17T22:08:26.680000,MQ,SAM,,,,3000.0,3062.0,3000,100.0,ZNE,train,gold,"bucket3$531,:3,:6001",
3238,"bucket3$407,:3,:6001",2014-05-17T23:35:19.779900,MQ,BAM,,,,3000.0,,3000,100.0,ZNE,train,gold,"bucket3$532,:3,:6001",
3239,"bucket5$416,:3,:6001",2014-05-17T23:35:19.679900,MQ,GBM,,,,3000.0,,3000,100.0,ZNE,dev,gold,"bucket2$305,:3,:6001",
3240,"bucket3$408,:3,:6001",2014-05-17T23:35:20.630000,MQ,IA2,,,,3000.0,3059.0,3000,100.0,ZNE,train,gold,"bucket3$533,:3,:6001",
3241,"bucket3$409,:3,:6001",2014-05-17T23:35:19.300000,MQ,LAM,,,,3000.0,3293.0,3000,100.0,ZNE,train,gold,"bucket3$534,:3,:6001",
3242,"bucket3$410,:3,:6001",2014-05-18T00:02:51.239900,MQ,BAM,,,,3000.0,,3000,100.0,ZNE,train,gold,"bucket3$535,:3,:6001",
3243,"bucket3$411,:3,:6001",2014-05-18T00:02:51.849900,MQ,CPM,,,,3000.0,,3000,100.0,ZNE,train,gold,"bucket3$536,:3,:6001",
3244,"bucket3$412,:3,:6001",2014-05-18T00:02:51.369900,MQ,GBM,,,,3000.0,,3000,100.0,ZNE,train,gold,"bucket3$537,:3,:6001",
3245,"bucket4$443,:3,:6001",2014-05-18T00:02:51.840000,MQ,IA2,,,,3000.0,,3000,100.0,ZNE,test,gold,"bucket4$337,:3,:6001",
3246,"bucket3$413,:3,:6001",2014-05-18T00:02:51.730000,MQ,LAM,,,,3000.0,3167.0,3000,100.0,ZNE,train,gold,"bucket3$538,:3,:6001",
3247,"bucket3$414,:3,:6001",2014-05-18T01:21:47.189900,MQ,BAM,,,,3000.0,,3000,100.0,ZNE,train,gold,"bucket3$539,:3,:6001",
3248,"bucket3$415,:3,:6001",2014-05-18T01:21:47.439900,MQ,CPM,,,,3000.0,,3000,100.0,ZNE,train,gold,"bucket3$540,:3,:6001",
3249,"bucket4$444,:3,:6001",2014-05-18T01:21:48.970000,MQ,LAM,,,,3000.0,3008.0,3000,100.0,ZNE,test,gold,"bucket4$338,:3,:6001",
3250,"bucket4$445,:3,:6001",2014-05-18T01:21:48.620000,MQ,SAM,,,,3000.0,3069.0,3000,100.0,ZNE,test,gold,"bucket4$339,:3,:6001",
3251,"bucket3$416,:3,:6001",2014-05-18T04:01:53.279900,MQ,BAM,,,,3000.0,,3000,100.0,ZNE,train,gold,"bucket3$541,:3,:6001",
3252,"bucket5$417,:3,:6001",2014-05-18T04:01:54.859900,MQ,CPM,,,,3000.0,,3000,100.0,ZNE,dev,gold,"bucket2$306,:3,:6001",
3253,"bucket3$417,:3,:6001",2014-05-18T04:01:54.409900,MQ,GBM,,,,3000.0,,3000,100.0,ZNE,train,gold,"bucket3$542,:3,:6001",
3254,"bucket3$418,:3,:6001",2014-05-18T04:01:55,MQ,IA2,,,,3000.0,3151.0,3000,100.0,ZNE,train,gold,"bucket3$543,:3,:6001",
3255,"bucket3$419,:3,:6001",2014-05-18T04:12:13.489900,MQ,BAM,,,,3000.0,,3000,100.0,ZNE,train,gold,"bucket3$544,:3,:6001",
3256,"bucket3$420,:3,:6001",2014-05-18T04:12:12.689900,MQ,CPM,,,,3000.0,,3000,100.0,ZNE,train,gold,"bucket3$545,:3,:6001",
3257,"bucket3$421,:3,:6001",2014-05-18T04:12:11.379900,MQ,GBM,,,,3000.0,,3000,100.0,ZNE,train,gold,"bucket3$546,:3,:6001",
3258,"bucket4$446,:3,:6001",2014-05-18T04:12:12.470000,MQ,IA2,,,,3000.0,3221.0,3000,100.0,ZNE,test,gold,"bucket4$340,:3,:6001",
3259,"bucket4$447,:3,:6001",2014-05-18T04:12:12.340000,MQ,LAM,,,,3000.0,3097.0,3000,100.0,ZNE,test,gold,"bucket4$341,:3,:6001",
3260,"bucket3$422,:3,:6001",2014-05-18T04:12:13.629900,MQ,MLM,,,,3000.0,,3000,100.0,ZNE,train,gold,"bucket3$547,:3,:6001",
3261,"bucket3$423,:3,:6001",2014-05-18T04:12:41.239900,MQ,BAM,,,,3000.0,,3000,100.0,ZNE,train,gold,"bucket3$548,:3,:6001",
3262,"bucket3$424,:3,:6001",2014-05-18T04:12:41.539900,MQ,GBM,,,,3000.0,,3000,100.0,ZNE,train,gold,"bucket3$549,:3,:6001",
3263,"bucket3$425,:3,:6001",2014-05-18T04:12:41.140000,MQ,IA2,,,,3000.0,,3000,100.0,ZNE,train,gold,"bucket3$550,:3,:6001",
3264,"bucket3$426,:3,:6001",2014-05-18T04:12:40.920000,MQ,LAM,,,,3000.0,3215.0,3000,100.0,ZNE,train,gold,"bucket3$551,:3,:6001",
3265,"bucket3$427,:3,:6001",2014-05-18T04:12:41.589900,MQ,MLM,,,,3000.0,,3000,100.0,ZNE,train,gold,"bucket3$552,:3,:6001",
3266,"bucket4$448,:3,:6001",2014-05-18T04:52:45.749900,MQ,BAM,,,,3000.0,,3000,100.0,ZNE,test,gold,"bucket4$342,:3,:6001",
3267,"bucket4$449,:3,:6001",2014-05-18T04:52:44.949900,MQ,GBM,,,,3000.0,,3000,100.0,ZNE,test,gold,"bucket4$343,:3,:6001",
3268,"bucket3$428,:3,:6001",2014-05-18T04:52:45.750000,MQ,IA2,,,,3000.0,3022.0,3000,100.0,ZNE,train,gold,"bucket3$553,:3,:6001",
3269,"bucket3$429,:3,:6001",2014-05-18T04:52:44.320000,MQ,LAM,,,,3000.0,3023.0,3000,100.0,ZNE,train,gold,"bucket3$554,:3,:6001",
3270,"bucket5$418,:3,:6001",2014-05-18T05:28:11.250000,MQ,IA2,,,,3000.0,3161.0,3000,100.0,ZNE,dev,gold,"bucket2$307,:3,:6001",
3271,"bucket3$430,:3,:6001",2014-05-18T08:29:23.009900,MQ,CPM,,,,3000.0,,3000,100.0,ZNE,train,gold,"bucket3$555,:3,:6001",
3272,"bucket3$431,:3,:6001",2014-05-18T08:29:23.769900,MQ,GBM,,,,3000.0,,3000,100.0,ZNE,train,gold,"bucket3$556,:3,:6001",
3273,"bucket3$432,:3,:6001",2014-05-18T08:29:24.250000,MQ,IA2,,,,3000.0,2993.0,3000,100.0,ZNE,train,gold,"bucket3$557,:3,:6001",
3274,"bucket3$433,:3,:6001",2014-05-18T08:29:24.919900,MQ,MLM,,,,3000.0,,3000,100.0,ZNE,train,gold,"bucket3$558,:3,:6001",
3275,"bucket3$434,:3,:6001",2014-05-18T10:29:13.509900,MQ,BAM,,,,3000.0,,3000,100.0,ZNE,train,gold,"bucket3$559,:3,:6001",
3276,"bucket3$435,:3,:6001",2014-05-18T10:29:13.200000,MQ,IA2,,,,3000.0,3215.0,3000,100.0,ZNE,train,gold,"bucket3$560,:3,:6001",
3277,"bucket4$450,:3,:6001",2014-05-18T10:29:12.290000,MQ,LAM,,,,3000.0,3035.0,3000,100.0,ZNE,test,gold,"bucket4$344,:3,:6001",
3278,"bucket3$436,:3,:6001",2014-05-18T10:29:14.569900,MQ,MLM,,,,3000.0,,3000,100.0,ZNE,train,gold,"bucket3$561,:3,:6001",
3279,"bucket3$437,:3,:6001",2014-05-18T10:47:12.549900,MQ,GBM,,,,3000.0,,3000,100.0,ZNE,train,gold,"bucket3$562,:3,:6001",
3280,"bucket3$438,:3,:6001",2014-05-18T10:47:12.750000,MQ,IA2,,,,3000.0,3261.0,3000,100.0,ZNE,train,gold,"bucket3$563,:3,:6001",
3281,"bucket3$439,:3,:6001",2014-05-18T10:47:12.430000,MQ,LAM,,,,3000.0,3044.0,3000,100.0,ZNE,train,gold,"bucket3$564,:3,:6001",
3282,"bucket3$440,:3,:6001",2014-05-18T10:47:14.269900,MQ,MLM,,,,3000.0,,3000,100.0,ZNE,train,gold,"bucket3$565,:3,:6001",
3283,"bucket4$451,:3,:6001",2014-05-18T10:47:13.380000,MQ,SAM,,,,3000.0,3132.0,3000,100.0,ZNE,test,gold,"bucket4$345,:3,:6001",
3284,"bucket4$452,:3,:6001",2014-05-18T11:52:10.829900,MQ,BAM,,,,3000.0,,3000,100.0,ZNE,test,gold,"bucket4$346,:3,:6001",
3285,"bucket3$441,:3,:6001",2014-05-18T11:52:12.959900,MQ,GBM,,,,3000.0,,3000,100.0,ZNE,train,gold,"bucket3$566,:3,:6001",
3286,"bucket3$442,:3,:6001",2014-05-18T11:52:10.400000,MQ,IA2,,,,3000.0,3260.0,3000,100.0,ZNE,train,gold,"bucket3$567,:3,:6001",
3287,"bucket3$443,:3,:6001",2014-05-18T11:52:14.669900,MQ,MLM,,,,3000.0,,3000,100.0,ZNE,train,gold,"bucket3$568,:3,:6001",
3288,"bucket3$444,:3,:6001",2014-05-18T11:58:07.229900,MQ,BAM,,,,3000.0,,3000,100.0,ZNE,train,gold,"bucket3$569,:3,:6001",
3289,"bucket5$419,:3,:6001",2014-05-18T11:58:08.469900,MQ,CPM,,,,3000.0,,3000,100.0,ZNE,dev,gold,"bucket2$308,:3,:6001",
3290,"bucket3$445,:3,:6001",2014-05-18T11:58:07.839900,MQ,GBM,,,,3000.0,,3000,100.0,ZNE,train,gold,"bucket3$570,:3,:6001",
3291,"bucket3$446,:3,:6001",2014-05-18T11:58:08.840000,MQ,IA2,,,,3000.0,3074.0,3000,100.0,ZNE,train,gold,"bucket3$571,:3,:6001",
3292,"bucket5$420,:3,:6001",2014-05-18T11:58:08.190000,MQ,SAM,,,,3000.0,3258.0,3000,100.0,ZNE,dev,gold,"bucket2$309,:3,:6001",
3293,"bucket3$447,:3,:6001",2014-05-18T18:01:32.279900,MQ,BAM,,,,3000.0,,3000,100.0,ZNE,train,gold,"bucket3$572,:3,:6001",
3294,"bucket4$453,:3,:6001",2014-05-18T18:01:32.739900,MQ,CPM,,,,3000.0,,3000,100.0,ZNE,test,gold,"bucket4$347,:3,:6001",
3295,"bucket3$448,:3,:6001",2014-05-18T18:01:32.119900,MQ,GBM,,,,3000.0,,3000,100.0,ZNE,train,gold,"bucket3$573,:3,:6001",
3296,"bucket3$449,:3,:6001",2014-05-18T18:01:32.220000,MQ,IA2,,,,3000.0,3109.0,3000,100.0,ZNE,train,gold,"bucket3$574,:3,:6001",
3297,"bucket4$454,:3,:6001",2014-05-18T18:01:33.020000,MQ,SAM,,,,3000.0,3131.0,3000,100.0,ZNE,test,gold,"bucket4$348,:3,:6001",
3298,"bucket3$450,:3,:6001",2014-05-18T18:27:05.959900,MQ,BAM,,,,3000.0,,3000,100.0,ZNE,train,gold,"bucket3$575,:3,:6001",
3299,"bucket3$451,:3,:6001",2014-05-18T18:27:06.149900,MQ,CPM,,,,3000.0,,3000,100.0,ZNE,train,gold,"bucket3$576,:3,:6001",
3300,"bucket4$455,:3,:6001",2014-05-18T18:27:05.019900,MQ,GBM,,,,3000.0,,3000,100.0,ZNE,test,gold,"bucket4$349,:3,:6001",
3301,"bucket3$452,:3,:6001",2014-05-18T18:27:05.830000,MQ,IA2,,,,3000.0,3068.0,3000,100.0,ZNE,train,gold,"bucket3$577,:3,:6001",
3302,"bucket3$453,:3,:6001",2014-05-18T18:27:05.539900,MQ,MLM,,,,3000.0,,3000,100.0,ZNE,train,gold,"bucket3$578,:3,:6001",
3303,"bucket3$454,:3,:6001",2014-05-19T03:27:09.579900,MQ,BAM,,,,3000.0,,3000,100.0,ZNE,train,gold,"bucket3$579,:3,:6001",
3304,"bucket3$455,:3,:6001",2014-05-19T03:27:08.699900,MQ,CPM,,,,3000.0,,3000,100.0,ZNE,train,gold,"bucket3$580,:3,:6001",
3305,"bucket3$456,:3,:6001",2014-05-19T03:27:08.699900,MQ,GBM,,,,3000.0,,3000,100.0,ZNE,train,gold,"bucket3$581,:3,:6001",
3306,"bucket3$457,:3,:6001",2014-05-19T03:27:08.500000,MQ,IA2,,,,3000.0,3194.0,3000,100.0,ZNE,train,gold,"bucket3$582,:3,:6001",
3307,"bucket3$458,:3,:6001",2014-05-19T07:31:33.709900,MQ,BAM,,,,3000.0,,3000,100.0,ZNE,train,gold,"bucket3$583,:3,:6001",
3308,"bucket3$459,:3,:6001",2014-05-19T07:31:32.619900,MQ,CPM,,,,3000.0,,3000,100.0,ZNE,train,gold,"bucket3$584,:3,:6001",
3309,"bucket3$460,:3,:6001",2014-05-19T07:31:34.219900,MQ,GBM,,,,3000.0,,3000,100.0,ZNE,train,gold,"bucket3$585,:3,:6001",
3310,"bucket3$461,:3,:6001",2014-05-19T07:31:32.610000,MQ,IA2,,,,3000.0,3161.0,3000,100.0,ZNE,train,gold,"bucket3$586,:3,:6001",
3311,"bucket3$462,:3,:6001",2014-05-19T07:31:32.310000,MQ,LAM,,,,3000.0,3335.0,3000,100.0,ZNE,train,gold,"bucket3$587,:3,:6001",
3312,"bucket3$463,:3,:6001",2014-05-19T07:31:33.909900,MQ,MLM,,,,3000.0,,3000,100.0,ZNE,train,gold,"bucket3$588,:3,:6001",
3313,"bucket3$464,:3,:6001",2014-05-19T09:20:07.189900,MQ,BAM,,,,3000.0,,3000,100.0,ZNE,train,gold,"bucket3$589,:3,:6001",
3314,"bucket3$465,:3,:6001",2014-05-19T09:20:06.679900,MQ,CPM,,,,3000.0,,3000,100.0,ZNE,train,gold,"bucket3$590,:3,:6001",
3315,"bucket3$466,:3,:6001",2014-05-19T09:20:06.239900,MQ,GBM,,,,3000.0,,3000,100.0,ZNE,train,gold,"bucket3$591,:3,:6001",
3316,"bucket3$467,:3,:6001",2014-05-19T09:20:06.350000,MQ,LAM,,,,3000.0,3105.0,3000,100.0,ZNE,train,gold,"bucket3$592,:3,:6001",
3317,"bucket3$468,:3,:6001",2014-05-19T13:18:37.539900,MQ,BAM,,,,3000.0,,3000,100.0,ZNE,train,gold,"bucket3$593,:3,:6001",
3318,"bucket3$469,:3,:6001",2014-05-19T13:18:39.049900,MQ,CPM,,,,3000.0,,3000,100.0,ZNE,train,gold,"bucket3$594,:3,:6001",
3319,"bucket3$470,:3,:6001",2014-05-19T13:18:38.209900,MQ,GBM,,,,3000.0,,3000,100.0,ZNE,train,gold,"bucket3$595,:3,:6001",
3320,"bucket3$471,:3,:6001",2014-05-19T13:18:38.730000,MQ,IA2,,,,3000.0,3030.0,3000,100.0,ZNE,train,gold,"bucket3$596,:3,:6001",
3321,"bucket3$472,:3,:6001",2014-05-19T13:18:37.860000,MQ,LAM,,,,3000.0,3087.0,3000,100.0,ZNE,train,gold,"bucket3$597,:3,:6001",
3322,"bucket3$473,:3,:6001",2014-05-19T20:17:33.409900,MQ,BAM,,,,3000.0,,3000,100.0,ZNE,train,gold,"bucket3$598,:3,:6001",
3323,"bucket5$421,:3,:6001",2014-05-19T20:17:33.589900,MQ,CPM,,,,3000.0,,3000,100.0,ZNE,dev,gold,"bucket2$310,:3,:6001",
3324,"bucket3$474,:3,:6001",2014-05-19T20:17:33.409900,MQ,GBM,,,,3000.0,,3000,100.0,ZNE,train,gold,"bucket3$599,:3,:6001",
3325,"bucket4$456,:3,:6001",2014-05-19T20:17:34.500000,MQ,IA2,,,,3000.0,3020.0,3000,100.0,ZNE,test,gold,"bucket4$350,:3,:6001",
3326,"bucket3$475,:3,:6001",2014-05-19T20:17:36.120000,MQ,LAM,,,,3000.0,3018.0,3000,100.0,ZNE,train,gold,"bucket3$600,:3,:6001",
3327,"bucket5$422,:3,:6001",2014-05-19T20:17:35.239900,MQ,MLM,,,,3000.0,,3000,100.0,ZNE,dev,gold,"bucket2$311,:3,:6001",
3328,"bucket5$423,:3,:6001",2014-05-19T20:18:03.419900,MQ,CPM,,,,3000.0,,3000,100.0,ZNE,dev,gold,"bucket2$312,:3,:6001",
3329,"bucket3$476,:3,:6001",2014-05-19T20:18:03.459900,MQ,GBM,,,,3000.0,,3000,100.0,ZNE,train,gold,"bucket3$601,:3,:6001",
3330,"bucket3$477,:3,:6001",2014-05-19T20:18:03.110000,MQ,IA2,,,,3000.0,3256.0,3000,100.0,ZNE,train,gold,"bucket3$602,:3,:6001",
3331,"bucket3$478,:3,:6001",2014-05-19T20:18:04.810000,MQ,SAM,,,,3000.0,3188.0,3000,100.0,ZNE,train,gold,"bucket3$603,:3,:6001",
3332,"bucket3$479,:3,:6001",2014-05-19T22:15:54.069900,MQ,CPM,,,,3000.0,,3000,100.0,ZNE,train,gold,"bucket3$604,:3,:6001",
3333,"bucket3$480,:3,:6001",2014-05-19T22:15:54.519900,MQ,MLM,,,,3000.0,,3000,100.0,ZNE,train,gold,"bucket3$605,:3,:6001",
3334,"bucket3$481,:3,:6001",2014-05-19T22:15:53.210000,MQ,SAM,,,,3000.0,3055.0,3000,100.0,ZNE,train,gold,"bucket3$606,:3,:6001",
3335,"bucket3$482,:3,:6001",2014-05-19T23:35:09.459900,MQ,CPM,,,,3000.0,,3000,100.0,ZNE,train,gold,"bucket3$607,:3,:6001",
3336,"bucket3$483,:3,:6001",2014-05-19T23:35:07.450000,MQ,IA2,,,,3000.0,3104.0,3000,100.0,ZNE,train,gold,"bucket3$608,:3,:6001",
3337,"bucket3$484,:3,:6001",2014-05-19T23:48:05.279900,MQ,BAM,,,,3000.0,,3000,100.0,ZNE,train,gold,"bucket3$609,:3,:6001",
3338,"bucket3$485,:3,:6001",2014-05-19T23:48:03.979900,MQ,GBM,,,,3000.0,,3000,100.0,ZNE,train,gold,"bucket3$610,:3,:6001",
3339,"bucket3$486,:3,:6001",2014-05-19T23:48:04.570000,MQ,IA2,,,,3000.0,3044.0,3000,100.0,ZNE,train,gold,"bucket3$611,:3,:6001",
3340,"bucket3$487,:3,:6001",2014-05-19T23:48:03.340000,MQ,LAM,,,,3000.0,3073.0,3000,100.0,ZNE,train,gold,"bucket3$612,:3,:6001",
3341,"bucket3$488,:3,:6001",2014-05-19T23:52:37.119900,MQ,BAM,,,,3000.0,,3000,100.0,ZNE,train,gold,"bucket3$613,:3,:6001",
3342,"bucket3$489,:3,:6001",2014-05-19T23:52:38.559900,MQ,CPM,,,,3000.0,,3000,100.0,ZNE,train,gold,"bucket3$614,:3,:6001",
3343,"bucket3$490,:3,:6001",2014-05-19T23:52:36.539900,MQ,GBM,,,,3000.0,,3000,100.0,ZNE,train,gold,"bucket3$615,:3,:6001",
3344,"bucket3$491,:3,:6001",2014-05-19T23:52:37.660000,MQ,SAM,,,,3000.0,3053.0,3000,100.0,ZNE,train,gold,"bucket3$616,:3,:6001",
3345,"bucket3$492,:3,:6001",2014-05-19T23:54:59.399900,MQ,BAM,,,,3000.0,,3000,100.0,ZNE,train,gold,"bucket3$617,:3,:6001",
3346,"bucket3$493,:3,:6001",2014-05-19T23:54:58.379900,MQ,CPM,,,,3000.0,,3000,100.0,ZNE,train,gold,"bucket3$618,:3,:6001",
3347,"bucket3$494,:3,:6001",2014-05-19T23:54:59.199900,MQ,GBM,,,,3000.0,,3000,100.0,ZNE,train,gold,"bucket3$619,:3,:6001",
3348,"bucket3$495,:3,:6001",2014-05-19T23:54:58.560000,MQ,IA2,,,,3000.0,3082.0,3000,100.0,ZNE,train,gold,"bucket3$620,:3,:6001",
3349,"bucket3$496,:3,:6001",2014-05-20T00:27:20.350000,MQ,SAM,,,,3000.0,3026.0,3000,100.0,ZNE,train,gold,"bucket3$621,:3,:6001",
3350,"bucket5$424,:3,:6001",2014-05-20T01:58:08.139900,MQ,BAM,,,,3000.0,,3000,100.0,ZNE,dev,gold,"bucket2$313,:3,:6001",
3351,"bucket5$425,:3,:6001",2014-05-20T01:58:04.139900,MQ,GBM,,,,3000.0,,3000,100.0,ZNE,dev,gold,"bucket2$314,:3,:6001",
3352,"bucket3$497,:3,:6001",2014-05-20T01:58:07.480000,MQ,IA2,,,,3000.0,2830.0,3000,100.0,ZNE,train,gold,"bucket3$622,:3,:6001",
3353,"bucket3$498,:3,:6001",2014-05-20T01:58:06.290000,MQ,LAM,,,,3000.0,3002.0,3000,100.0,ZNE,train,gold,"bucket3$623,:3,:6001",
3354,"bucket3$499,:3,:6001",2014-05-20T02:15:39.109900,MQ,MLM,,,,3000.0,,3000,100.0,ZNE,train,gold,"bucket3$624,:3,:6001",
3355,"bucket3$500,:3,:6001",2014-05-20T02:15:38.090000,MQ,SAM,,,,3000.0,3048.0,3000,100.0,ZNE,train,gold,"bucket3$625,:3,:6001",
3356,"bucket3$501,:3,:6001",2014-05-20T02:38:08.469900,MQ,BAM,,,,3000.0,,3000,100.0,ZNE,train,gold,"bucket3$626,:3,:6001",
3357,"bucket3$502,:3,:6001",2014-05-20T02:38:07.809900,MQ,GBM,,,,3000.0,,3000,100.0,ZNE,train,gold,"bucket3$627,:3,:6001",
3358,"bucket3$503,:3,:6001",2014-05-20T02:38:12.890000,MQ,IA2,,,,3000.0,,3000,100.0,ZNE,train,gold,"bucket3$628,:3,:6001",
3359,"bucket3$504,:3,:6001",2014-05-20T02:38:13.270000,MQ,SAM,,,,3000.0,3184.0,3000,100.0,ZNE,train,gold,"bucket3$629,:3,:6001",
3360,"bucket3$505,:3,:6001",2014-05-20T03:15:57.090000,MQ,IA2,,,,3000.0,3129.0,3000,100.0,ZNE,train,gold,"bucket3$630,:3,:6001",
3361,"bucket3$506,:3,:6001",2014-05-20T03:55:41.079900,MQ,BAM,,,,3000.0,,3000,100.0,ZNE,train,gold,"bucket3$631,:3,:6001",
3362,"bucket3$507,:3,:6001",2014-05-20T03:55:41.789900,MQ,CPM,,,,3000.0,,3000,100.0,ZNE,train,gold,"bucket3$632,:3,:6001",
3363,"bucket3$508,:3,:6001",2014-05-20T03:55:40.109900,MQ,GBM,,,,3000.0,,3000,100.0,ZNE,train,gold,"bucket3$633,:3,:6001",
3364,"bucket3$509,:3,:6001",2014-05-20T03:55:40.830000,MQ,IA2,,,,3000.0,3041.0,3000,100.0,ZNE,train,gold,"bucket3$634,:3,:6001",
3365,"bucket4$457,:3,:6001",2014-05-20T06:44:36.509900,MQ,BAM,,,,3000.0,,3000,100.0,ZNE,test,gold,"bucket4$351,:3,:6001",
3366,"bucket3$510,:3,:6001",2014-05-20T06:44:37.099900,MQ,CPM,,,,3000.0,,3000,100.0,ZNE,train,gold,"bucket3$635,:3,:6001",
3367,"bucket3$511,:3,:6001",2014-05-20T06:44:36.309900,MQ,GBM,,,,3000.0,,3000,100.0,ZNE,train,gold,"bucket3$636,:3,:6001",
3368,"bucket3$512,:3,:6001",2014-05-20T06:44:36.250000,MQ,IA2,,,,3000.0,3138.0,3000,100.0,ZNE,train,gold,"bucket3$637,:3,:6001",
3369,"bucket3$513,:3,:6001",2014-05-20T06:44:37.429900,MQ,MLM,,,,3000.0,,3000,100.0,ZNE,train,gold,"bucket3$638,:3,:6001",
3370,"bucket3$514,:3,:6001",2014-05-20T06:44:31.670000,MQ,SAM,,,,3000.0,3245.0,3000,100.0,ZNE,train,gold,"bucket3$639,:3,:6001",
3371,"bucket3$515,:3,:6001",2014-05-20T07:11:21.839900,MQ,BAM,,,,3000.0,,3000,100.0,ZNE,train,gold,"bucket3$640,:3,:6001",
3372,"bucket3$516,:3,:6001",2014-05-20T07:11:22.649900,MQ,CPM,,,,3000.0,,3000,100.0,ZNE,train,gold,"bucket3$641,:3,:6001",
3373,"bucket5$426,:3,:6001",2014-05-20T07:11:21.449900,MQ,GBM,,,,3000.0,,3000,100.0,ZNE,dev,gold,"bucket2$315,:3,:6001",
3374,"bucket3$517,:3,:6001",2014-05-20T07:11:22,MQ,IA2,,,,3000.0,3066.0,3000,100.0,ZNE,train,gold,"bucket3$642,:3,:6001",
3375,"bucket3$518,:3,:6001",2014-05-20T14:09:22.039900,MQ,BAM,,,,3000.0,,3000,100.0,ZNE,train,gold,"bucket3$643,:3,:6001",
3376,"bucket3$519,:3,:6001",2014-05-20T14:09:18.119900,MQ,GBM,,,,3000.0,,3000,100.0,ZNE,train,gold,"bucket3$644,:3,:6001",
3377,"bucket3$520,:3,:6001",2014-05-20T14:09:22.999900,MQ,MLM,,,,3000.0,,3000,100.0,ZNE,train,gold,"bucket3$645,:3,:6001",
3378,"bucket3$521,:3,:6001",2014-05-20T14:09:24.660000,MQ,SAM,,,,3000.0,3046.0,3000,100.0,ZNE,train,gold,"bucket3$646,:3,:6001",
3379,"bucket4$458,:3,:6001",2014-05-20T19:31:31.299900,MQ,BAM,,,,3000.0,,3000,100.0,ZNE,test,gold,"bucket4$352,:3,:6001",
3380,"bucket4$459,:3,:6001",2014-05-20T19:31:30.659900,MQ,CPM,,,,3000.0,,3000,100.0,ZNE,test,gold,"bucket4$353,:3,:6001",
3381,"bucket3$522,:3,:6001",2014-05-20T19:31:33.079900,MQ,GBM,,,,3000.0,,3000,100.0,ZNE,train,gold,"bucket3$647,:3,:6001",
3382,"bucket3$523,:3,:6001",2014-05-20T19:31:30.680000,MQ,IA2,,,,3000.0,3064.0,3000,100.0,ZNE,train,gold,"bucket3$648,:3,:6001",
3383,"bucket3$524,:3,:6001",2014-05-20T19:31:30.450000,MQ,LAM,,,,3000.0,3068.0,3000,100.0,ZNE,train,gold,"bucket3$649,:3,:6001",
3384,"bucket3$525,:3,:6001",2014-05-21T03:39:32.189900,MQ,BAM,,,,3000.0,,3000,100.0,ZNE,train,gold,"bucket3$650,:3,:6001",
3385,"bucket3$526,:3,:6001",2014-05-21T03:39:33.179900,MQ,CPM,,,,3000.0,,3000,100.0,ZNE,train,gold,"bucket3$651,:3,:6001",
3386,"bucket5$427,:3,:6001",2014-05-21T03:39:32.589900,MQ,GBM,,,,3000.0,,3000,100.0,ZNE,dev,gold,"bucket2$316,:3,:6001",
3387,"bucket3$527,:3,:6001",2014-05-21T03:39:32.830000,MQ,IA2,,,,3000.0,3023.0,3000,100.0,ZNE,train,gold,"bucket3$652,:3,:6001",
3388,"bucket3$528,:3,:6001",2014-05-21T09:08:43.419900,MQ,BAM,,,,3000.0,,3000,100.0,ZNE,train,gold,"bucket3$653,:3,:6001",
3389,"bucket4$460,:3,:6001",2014-05-21T09:08:45.779900,MQ,CPM,,,,3000.0,,3000,100.0,ZNE,test,gold,"bucket4$354,:3,:6001",
3390,"bucket3$529,:3,:6001",2014-05-21T09:08:43.189900,MQ,GBM,,,,3000.0,,3000,100.0,ZNE,train,gold,"bucket3$654,:3,:6001",
3391,"bucket3$530,:3,:6001",2014-05-21T09:08:43.030000,MQ,IA2,,,,3000.0,3290.0,3000,100.0,ZNE,train,gold,"bucket3$655,:3,:6001",
3392,"bucket3$531,:3,:6001",2014-05-21T22:36:26.939900,MQ,BAM,,,,3000.0,,3000,100.0,ZNE,train,gold,"bucket3$656,:3,:6001",
3393,"bucket3$532,:3,:6001",2014-05-21T22:36:17.909900,MQ,CPM,,,,3000.0,,3000,100.0,ZNE,train,gold,"bucket3$657,:3,:6001",
3394,"bucket3$533,:3,:6001",2014-05-21T22:36:27.660000,MQ,LAM,,,,3000.0,3061.0,3000,100.0,ZNE,train,gold,"bucket3$658,:3,:6001",
3395,"bucket3$534,:3,:6001",2014-05-21T22:36:22.890000,MQ,SAM,,,,3000.0,3012.0,3000,100.0,ZNE,train,gold,"bucket3$659,:3,:6001",
3396,"bucket3$535,:3,:6001",2014-05-23T00:14:43.219900,MQ,CPM,,,,3000.0,,3000,100.0,ZNE,train,gold,"bucket3$660,:3,:6001",
3397,"bucket4$461,:3,:6001",2014-05-23T00:14:42.799900,MQ,GBM,,,,3000.0,,3000,100.0,ZNE,test,gold,"bucket4$355,:3,:6001",
3398,"bucket3$536,:3,:6001",2014-05-23T00:14:43,MQ,IA2,,,,3000.0,3191.0,3000,100.0,ZNE,train,gold,"bucket3$661,:3,:6001",
3399,"bucket3$537,:3,:6001",2014-05-23T00:14:42.759900,MQ,MLM,,,,3000.0,,3000,100.0,ZNE,train,gold,"bucket3$662,:3,:6001",
3400,"bucket3$538,:3,:6001",2014-05-23T04:11:52.589900,MQ,CPM,,,,3000.0,,3000,100.0,ZNE,train,gold,"bucket3$663,:3,:6001",
3401,"bucket3$539,:3,:6001",2014-05-23T08:14:58.949900,MQ,BAM,,,,3000.0,,3000,100.0,ZNE,train,gold,"bucket3$664,:3,:6001",
3402,"bucket4$462,:3,:6001",2014-05-23T08:14:58.249900,MQ,CPM,,,,3000.0,,3000,100.0,ZNE,test,gold,"bucket4$356,:3,:6001",
3403,"bucket5$428,:3,:6001",2014-05-23T08:14:57.560000,MQ,IA2,,,,3000.0,3026.0,3000,100.0,ZNE,dev,gold,"bucket2$317,:3,:6001",
3404,"bucket3$540,:3,:6001",2014-05-23T08:14:59.270000,MQ,LAM,,,,3000.0,3005.0,3000,100.0,ZNE,train,gold,"bucket3$665,:3,:6001",
3405,"bucket3$541,:3,:6001",2014-05-23T12:12:41.949900,MQ,BAM,,,,3000.0,,3000,100.0,ZNE,train,gold,"bucket3$666,:3,:6001",
3406,"bucket3$542,:3,:6001",2014-05-23T12:12:41.949900,MQ,CPM,,,,3000.0,,3000,100.0,ZNE,train,gold,"bucket3$667,:3,:6001",
3407,"bucket3$543,:3,:6001",2014-05-23T12:12:41.479900,MQ,GBM,,,,3000.0,,3000,100.0,ZNE,train,gold,"bucket3$668,:3,:6001",
3408,"bucket3$544,:3,:6001",2014-05-23T12:12:41.620000,MQ,IA2,,,,3000.0,3079.0,3000,100.0,ZNE,train,gold,"bucket3$669,:3,:6001",
3409,"bucket3$545,:3,:6001",2014-05-23T12:12:41.129900,MQ,MLM,,,,3000.0,,3000,100.0,ZNE,train,gold,"bucket3$670,:3,:6001",
3410,"bucket3$546,:3,:6001",2014-05-23T12:12:59.749900,MQ,BAM,,,,3000.0,,3000,100.0,ZNE,train,gold,"bucket3$671,:3,:6001",
3411,"bucket3$547,:3,:6001",2014-05-23T12:12:58.869900,MQ,CPM,,,,3000.0,,3000,100.0,ZNE,train,gold,"bucket3$672,:3,:6001",
3412,"bucket3$548,:3,:6001",2014-05-23T12:12:58.519900,MQ,GBM,,,,3000.0,,3000,100.0,ZNE,train,gold,"bucket3$673,:3,:6001",
3413,"bucket3$549,:3,:6001",2014-05-23T12:12:58.540000,MQ,IA2,,,,3000.0,3073.0,3000,100.0,ZNE,train,gold,"bucket3$674,:3,:6001",
3414,"bucket3$550,:3,:6001",2014-05-23T12:12:58.720000,MQ,LAM,,,,3000.0,,3000,100.0,ZNE,train,gold,"bucket3$675,:3,:6001",
3415,"bucket3$551,:3,:6001",2014-05-23T12:12:58.399900,MQ,MLM,,,,3000.0,,3000,100.0,ZNE,train,gold,"bucket3$676,:3,:6001",
3416,"bucket3$552,:3,:6001",2014-05-23T12:12:59.110000,MQ,SAM,,,,3000.0,3174.0,3000,100.0,ZNE,train,gold,"bucket3$677,:3,:6001",
3417,"bucket3$553,:3,:6001",2014-05-23T17:17:13.259900,MQ,BAM,,,,3000.0,,3000,100.0,ZNE,train,gold,"bucket3$678,:3,:6001",
3418,"bucket3$554,:3,:6001",2014-05-23T17:17:13.349900,MQ,CPM,,,,3000.0,,3000,100.0,ZNE,train,gold,"bucket3$679,:3,:6001",
3419,"bucket3$555,:3,:6001",2014-05-23T17:17:13.509900,MQ,GBM,,,,3000.0,,3000,100.0,ZNE,train,gold,"bucket3$680,:3,:6001",
3420,"bucket3$556,:3,:6001",2014-05-23T17:17:13.420000,MQ,IA2,,,,3000.0,3037.0,3000,100.0,ZNE,train,gold,"bucket3$681,:3,:6001",
3421,"bucket3$557,:3,:6001",2014-05-23T17:17:13.320000,MQ,LAM,,,,3000.0,3029.0,3000,100.0,ZNE,train,gold,"bucket3$682,:3,:6001",
3422,"bucket3$558,:3,:6001",2014-05-23T21:44:33.769900,MQ,BAM,,,,3000.0,,3000,100.0,ZNE,train,gold,"bucket3$683,:3,:6001",
3423,"bucket5$429,:3,:6001",2014-05-23T21:44:34.639900,MQ,CPM,,,,3000.0,,3000,100.0,ZNE,dev,gold,"bucket2$318,:3,:6001",
3424,"bucket3$559,:3,:6001",2014-05-23T21:44:35.359900,MQ,GBM,,,,3000.0,,3000,100.0,ZNE,train,gold,"bucket3$684,:3,:6001",
3425,"bucket3$560,:3,:6001",2014-05-23T21:44:34.950000,MQ,IA2,,,,3000.0,3171.0,3000,100.0,ZNE,train,gold,"bucket3$685,:3,:6001",
3426,"bucket3$561,:3,:6001",2014-05-24T06:26:52.619900,MQ,BAM,,,,3000.0,,3000,100.0,ZNE,train,gold,"bucket3$686,:3,:6001",
3427,"bucket3$562,:3,:6001",2014-05-24T06:26:51.059900,MQ,GBM,,,,3000.0,,3000,100.0,ZNE,train,gold,"bucket3$687,:3,:6001",
3428,"bucket3$563,:3,:6001",2014-05-24T06:26:47.920000,MQ,IA2,,,,3000.0,3001.0,3000,100.0,ZNE,train,gold,"bucket3$688,:3,:6001",
3429,"bucket4$463,:3,:6001",2014-05-24T06:26:47,MQ,SAM,,,,3000.0,3053.0,3000,100.0,ZNE,test,gold,"bucket4$357,:3,:6001",
3430,"bucket3$564,:3,:6001",2014-05-24T15:26:26.319900,MQ,BAM,,,,3000.0,,3000,100.0,ZNE,train,gold,"bucket3$689,:3,:6001",
3431,"bucket3$565,:3,:6001",2014-05-24T15:26:24.999900,MQ,GBM,,,,3000.0,,3000,100.0,ZNE,train,gold,"bucket3$690,:3,:6001",
3432,"bucket3$566,:3,:6001",2014-05-24T15:26:25.420000,MQ,IA2,,,,3000.0,3052.0,3000,100.0,ZNE,train,gold,"bucket3$691,:3,:6001",
3433,"bucket3$567,:3,:6001",2014-05-24T15:26:25.360000,MQ,LAM,,,,3000.0,3046.0,3000,100.0,ZNE,train,gold,"bucket3$692,:3,:6001",
3434,"bucket3$568,:3,:6001",2014-05-24T23:39:46.359900,MQ,CPM,,,,3000.0,,3000,100.0,ZNE,train,gold,"bucket3$693,:3,:6001",
3435,"bucket3$569,:3,:6001",2014-05-25T01:32:35.829900,MQ,CPM,,,,3000.0,,3000,100.0,ZNE,train,gold,"bucket3$694,:3,:6001",
3436,"bucket3$570,:3,:6001",2014-05-25T01:32:35.189900,MQ,GBM,,,,3000.0,,3000,100.0,ZNE,train,gold,"bucket3$695,:3,:6001",
3437,"bucket3$571,:3,:6001",2014-05-25T01:32:35.510000,MQ,IA2,,,,3000.0,3231.0,3000,100.0,ZNE,train,gold,"bucket3$696,:3,:6001",
3438,"bucket3$572,:3,:6001",2014-05-25T01:32:35.810000,MQ,LAM,,,,3000.0,3020.0,3000,100.0,ZNE,train,gold,"bucket3$697,:3,:6001",
3439,"bucket3$573,:3,:6001",2014-05-25T01:32:36.039900,MQ,MLM,,,,3000.0,,3000,100.0,ZNE,train,gold,"bucket3$698,:3,:6001",
3440,"bucket3$574,:3,:6001",2014-05-25T01:32:35.830000,MQ,SAM,,,,3000.0,3141.0,3000,100.0,ZNE,train,gold,"bucket3$699,:3,:6001",
3441,"bucket3$575,:3,:6001",2014-05-25T01:58:16.159900,MQ,CPM,,,,3000.0,,3000,100.0,ZNE,train,gold,"bucket3$700,:3,:6001",
3442,"bucket3$576,:3,:6001",2014-05-25T01:58:14.949900,MQ,GBM,,,,3000.0,,3000,100.0,ZNE,train,gold,"bucket3$701,:3,:6001",
3443,"bucket4$464,:3,:6001",2014-05-25T01:58:15.690000,MQ,IA2,,,,3000.0,3239.0,3000,100.0,ZNE,test,gold,"bucket4$358,:3,:6001",
3444,"bucket3$577,:3,:6001",2014-05-25T01:58:15.790000,MQ,SAM,,,,3000.0,3171.0,3000,100.0,ZNE,train,gold,"bucket3$702,:3,:6001",
3445,"bucket3$578,:3,:6001",2014-05-25T10:46:28.339900,MQ,CPM,,,,3000.0,,3000,100.0,ZNE,train,gold,"bucket3$703,:3,:6001",
3446,"bucket3$579,:3,:6001",2014-05-25T10:46:18.779900,MQ,MLM,,,,3000.0,,3000,100.0,ZNE,train,gold,"bucket3$704,:3,:6001",
3447,"bucket3$580,:3,:6001",2014-05-25T10:46:20.830000,MQ,SAM,,,,3000.0,3022.0,3000,100.0,ZNE,train,gold,"bucket3$705,:3,:6001",
3448,"bucket3$581,:3,:6001",2014-05-25T10:47:27.739900,MQ,CPM,,,,3000.0,,3000,100.0,ZNE,train,gold,"bucket3$706,:3,:6001",
3449,"bucket4$465,:3,:6001",2014-05-25T10:47:29.849900,MQ,MLM,,,,3000.0,,3000,100.0,ZNE,test,gold,"bucket4$359,:3,:6001",
3450,"bucket3$582,:3,:6001",2014-05-25T10:47:27,MQ,SAM,,,,3000.0,3041.0,3000,100.0,ZNE,train,gold,"bucket3$707,:3,:6001",
3451,"bucket3$583,:3,:6001",2014-05-25T10:50:14.709900,MQ,GBM,,,,3000.0,,3000,100.0,ZNE,train,gold,"bucket3$708,:3,:6001",
3452,"bucket3$584,:3,:6001",2014-05-25T10:50:14.889900,MQ,MLM,,,,3000.0,,3000,100.0,ZNE,train,gold,"bucket3$709,:3,:6001",
3453,"bucket3$585,:3,:6001",2014-05-25T10:50:13.010000,MQ,SAM,,,,3000.0,3030.0,3000,100.0,ZNE,train,gold,"bucket3$710,:3,:6001",
3454,"bucket3$586,:3,:6001",2014-05-25T20:33:47.159900,MQ,BAM,,,,3000.0,,3000,100.0,ZNE,train,gold,"bucket3$711,:3,:6001",
3455,"bucket5$430,:3,:6001",2014-05-25T20:33:47.639900,MQ,CPM,,,,3000.0,,3000,100.0,ZNE,dev,gold,"bucket2$319,:3,:6001",
3456,"bucket3$587,:3,:6001",2014-05-25T20:33:47.319900,MQ,GBM,,,,3000.0,,3000,100.0,ZNE,train,gold,"bucket3$712,:3,:6001",
3457,"bucket3$588,:3,:6001",2014-05-25T20:33:47.300000,MQ,LAM,,,,3000.0,3004.0,3000,100.0,ZNE,train,gold,"bucket3$713,:3,:6001",
3458,"bucket5$431,:3,:6001",2014-05-25T20:33:46.649900,MQ,MLM,,,,3000.0,,3000,100.0,ZNE,dev,gold,"bucket2$320,:3,:6001",
3459,"bucket4$466,:3,:6001",2014-05-25T20:33:48.080000,MQ,SAM,,,,3000.0,,3000,100.0,ZNE,test,gold,"bucket4$360,:3,:6001",
3460,"bucket3$589,:3,:6001",2014-05-25T20:34:03.969900,MQ,BAM,,,,3000.0,,3000,100.0,ZNE,train,gold,"bucket3$714,:3,:6001",
3461,"bucket3$590,:3,:6001",2014-05-25T20:34:04.339900,MQ,CPM,,,,3000.0,,3000,100.0,ZNE,train,gold,"bucket3$715,:3,:6001",
3462,"bucket3$591,:3,:6001",2014-05-25T20:34:03.269900,MQ,GBM,,,,3000.0,,3000,100.0,ZNE,train,gold,"bucket3$716,:3,:6001",
3463,"bucket3$592,:3,:6001",2014-05-25T20:34:03.590000,MQ,LAM,,,,3000.0,3075.0,3000,100.0,ZNE,train,gold,"bucket3$717,:3,:6001",
3464,"bucket3$593,:3,:6001",2014-05-25T20:34:03.639900,MQ,MLM,,,,3000.0,,3000,100.0,ZNE,train,gold,"bucket3$718,:3,:6001",
3465,"bucket3$594,:3,:6001",2014-05-25T20:34:03.750000,MQ,SAM,,,,3000.0,,3000,100.0,ZNE,train,gold,"bucket3$719,:3,:6001",
3466,"bucket5$432,:3,:6001",2014-05-27T04:50:59.289900,MQ,BAM,,,,3000.0,,3000,100.0,ZNE,dev,gold,"bucket2$321,:3,:6001",
3467,"bucket3$595,:3,:6001",2014-05-27T04:51:00.359900,MQ,CPM,,,,3000.0,,3000,100.0,ZNE,train,gold,"bucket3$720,:3,:6001",
3468,"bucket3$596,:3,:6001",2014-05-27T04:50:59.049900,MQ,GBM,,,,3000.0,,3000,100.0,ZNE,train,gold,"bucket3$721,:3,:6001",
3469,"bucket3$597,:3,:6001",2014-05-27T04:50:59.720000,MQ,LAM,,,,3000.0,3132.0,3000,100.0,ZNE,train,gold,"bucket3$722,:3,:6001",
3470,"bucket3$598,:3,:6001",2014-05-27T04:50:59.969900,MQ,MLM,,,,3000.0,,3000,100.0,ZNE,train,gold,"bucket3$723,:3,:6001",
3471,"bucket5$433,:3,:6001",2014-05-27T04:50:59.680000,MQ,SAM,,,,3000.0,3137.0,3000,100.0,ZNE,dev,gold,"bucket2$322,:3,:6001",
3472,"bucket4$467,:3,:6001",2014-05-27T19:41:46.799900,MQ,BAM,,,,3000.0,,3000,100.0,ZNE,test,gold,"bucket4$361,:3,:6001",
3473,"bucket3$599,:3,:6001",2014-05-27T19:41:46.009900,MQ,GBM,,,,3000.0,,3000,100.0,ZNE,train,gold,"bucket3$724,:3,:6001",
3474,"bucket3$600,:3,:6001",2014-05-27T19:41:45.490000,MQ,LAM,,,,3000.0,3091.0,3000,100.0,ZNE,train,gold,"bucket3$725,:3,:6001",
3475,"bucket3$601,:3,:6001",2014-05-27T19:41:48.999900,MQ,MLM,,,,3000.0,,3000,100.0,ZNE,train,gold,"bucket3$726,:3,:6001",
3476,"bucket3$602,:3,:6001",2014-05-28T03:07:08.569900,MQ,BAM,,,,3000.0,,3000,100.0,ZNE,train,gold,"bucket3$727,:3,:6001",
3477,"bucket4$468,:3,:6001",2014-05-28T03:07:10.139900,MQ,CPM,,,,3000.0,,3000,100.0,ZNE,test,gold,"bucket4$362,:3,:6001",
3478,"bucket3$603,:3,:6001",2014-05-28T03:07:09.599900,MQ,GBM,,,,3000.0,,3000,100.0,ZNE,train,gold,"bucket3$728,:3,:6001",
3479,"bucket3$604,:3,:6001",2014-05-28T03:07:09.210000,MQ,LAM,,,,3000.0,3052.0,3000,100.0,ZNE,train,gold,"bucket3$729,:3,:6001",
3480,"bucket3$605,:3,:6001",2014-05-28T03:07:11.179900,MQ,MLM,,,,3000.0,,3000,100.0,ZNE,train,gold,"bucket3$730,:3,:6001",
3481,"bucket3$606,:3,:6001",2014-05-28T04:06:33.940000,MQ,SAM,,,,3000.0,3046.0,3000,100.0,ZNE,train,gold,"bucket3$731,:3,:6001",
3482,"bucket3$607,:3,:6001",2014-05-28T05:58:10.109900,MQ,BAM,,,,3000.0,,3000,100.0,ZNE,train,gold,"bucket3$732,:3,:6001",
3483,"bucket3$608,:3,:6001",2014-05-28T05:58:10.379900,MQ,CPM,,,,3000.0,,3000,100.0,ZNE,train,gold,"bucket3$733,:3,:6001",
3484,"bucket3$609,:3,:6001",2014-05-28T05:58:09.529900,MQ,MLM,,,,3000.0,,3000,100.0,ZNE,train,gold,"bucket3$734,:3,:6001",
3485,"bucket5$434,:3,:6001",2014-05-28T05:58:10.930000,MQ,SAM,,,,3000.0,3058.0,3000,100.0,ZNE,dev,gold,"bucket2$323,:3,:6001",
3486,"bucket3$610,:3,:6001",2014-05-28T08:10:25.089900,MQ,BAM,,,,3000.0,,3000,100.0,ZNE,train,gold,"bucket3$735,:3,:6001",
3487,"bucket3$611,:3,:6001",2014-05-28T08:10:23.279900,MQ,CPM,,,,3000.0,,3000,100.0,ZNE,train,gold,"bucket3$736,:3,:6001",
3488,"bucket3$612,:3,:6001",2014-05-28T08:10:21.249900,MQ,GBM,,,,3000.0,,3000,100.0,ZNE,train,gold,"bucket3$737,:3,:6001",
3489,"bucket3$613,:3,:6001",2014-05-28T08:10:16.780000,MQ,SAM,,,,3000.0,3021.0,3000,100.0,ZNE,train,gold,"bucket3$738,:3,:6001",
3490,"bucket3$614,:3,:6001",2014-05-28T08:26:04.799900,MQ,BAM,,,,3000.0,,3000,100.0,ZNE,train,gold,"bucket3$739,:3,:6001",
3491,"bucket3$615,:3,:6001",2014-05-28T08:26:06.289900,MQ,CPM,,,,3000.0,,3000,100.0,ZNE,train,gold,"bucket3$740,:3,:6001",
3492,"bucket4$469,:3,:6001",2014-05-28T08:26:07.179900,MQ,GBM,,,,3000.0,,3000,100.0,ZNE,test,gold,"bucket4$363,:3,:6001",
3493,"bucket4$470,:3,:6001",2014-05-28T08:26:10.239900,MQ,MLM,,,,3000.0,,3000,100.0,ZNE,test,gold,"bucket4$364,:3,:6001",
3494,"bucket4$471,:3,:6001",2014-05-28T19:55:23.020000,MQ,SAM,,,,3000.0,3019.0,3000,100.0,ZNE,test,gold,"bucket4$365,:3,:6001",
3495,"bucket3$616,:3,:6001",2014-05-28T19:59:37.080000,MQ,BAM,,,,2999.0,,2999,100.0,ZNE,train,gold,"bucket3$741,:3,:6001",
3496,"bucket4$472,:3,:6001",2014-05-28T19:59:37.800000,MQ,CPM,,,,2999.0,,2999,100.0,ZNE,test,gold,"bucket4$366,:3,:6001",
3497,"bucket3$617,:3,:6001",2014-05-28T19:59:37.320000,MQ,GBM,,,,2999.0,,2999,100.0,ZNE,train,gold,"bucket3$742,:3,:6001",
3498,"bucket3$618,:3,:6001",2014-05-28T19:59:37.290000,MQ,LAM,,,,3000.0,3045.0,3000,100.0,ZNE,train,gold,"bucket3$743,:3,:6001",
3499,"bucket5$435,:3,:6001",2014-05-28T21:16:26.160000,MQ,BAM,,,,2999.0,,2999,100.0,ZNE,dev,gold,"bucket2$324,:3,:6001",
3500,"bucket3$619,:3,:6001",2014-05-28T21:16:26.190000,MQ,CPM,,,,2999.0,,2999,100.0,ZNE,train,gold,"bucket3$744,:3,:6001",
3501,"bucket3$620,:3,:6001",2014-05-28T21:16:26.350000,MQ,GBM,,,,2999.0,,2999,100.0,ZNE,train,gold,"bucket3$745,:3,:6001",
3502,"bucket3$621,:3,:6001",2014-05-28T21:16:26.970000,MQ,LAM,,,,3000.0,2978.0,3000,100.0,ZNE,train,gold,"bucket3$746,:3,:6001",
3503,"bucket3$622,:3,:6001",2014-05-28T21:16:25.680000,MQ,MLM,,,,2999.0,,2999,100.0,ZNE,train,gold,"bucket3$747,:3,:6001",
3504,"bucket3$623,:3,:6001",2014-05-28T21:16:26.710000,MQ,SAM,,,,3000.0,3081.0,3000,100.0,ZNE,train,gold,"bucket3$748,:3,:6001",
3505,"bucket3$624,:3,:6001",2014-05-28T21:17:48.490000,MQ,BAM,,,,2999.0,,2999,100.0,ZNE,train,gold,"bucket3$749,:3,:6001",
3506,"bucket3$625,:3,:6001",2014-05-28T21:17:49.080000,MQ,GBM,,,,2999.0,,2999,100.0,ZNE,train,gold,"bucket3$750,:3,:6001",
3507,"bucket3$626,:3,:6001",2014-05-28T21:17:49.930000,MQ,LAM,,,,3000.0,3061.0,3000,100.0,ZNE,train,gold,"bucket3$751,:3,:6001",
3508,"bucket3$627,:3,:6001",2014-05-28T21:17:49.400000,MQ,SAM,,,,3000.0,3083.0,3000,100.0,ZNE,train,gold,"bucket3$752,:3,:6001",
3509,"bucket3$628,:3,:6001",2014-05-30T05:32:39.490000,MQ,BAM,,,,3000.0,,3000,100.0,ZNE,train,gold,"bucket3$753,:3,:6001",
3510,"bucket3$629,:3,:6001",2014-05-30T05:32:39.980000,MQ,CPM,,,,3000.0,,3000,100.0,ZNE,train,gold,"bucket3$754,:3,:6001",
3511,"bucket3$630,:3,:6001",2014-05-30T05:32:40.340000,MQ,GBM,,,,3000.0,,3000,100.0,ZNE,train,gold,"bucket3$755,:3,:6001",
3512,"bucket3$631,:3,:6001",2014-05-30T05:32:40,MQ,LAM,,,,3000.0,3063.0,3000,100.0,ZNE,train,gold,"bucket3$756,:3,:6001",
3513,"bucket5$436,:3,:6001",2014-05-30T05:32:39.270000,MQ,SAM,,,,3000.0,3008.0,3000,100.0,ZNE,dev,gold,"bucket2$325,:3,:6001",
3514,"bucket3$632,:3,:6001",2014-05-30T07:56:07.900000,MQ,SAM,,,,3000.0,2990.0,3000,100.0,ZNE,train,gold,"bucket3$757,:3,:6001",
3515,"bucket3$633,:3,:6001",2014-05-30T09:51:26.620000,MQ,BAM,,,,3000.0,,3000,100.0,ZNE,train,gold,"bucket3$758,:3,:6001",
3516,"bucket3$634,:3,:6001",2014-05-30T09:51:27.950000,MQ,CPM,,,,3000.0,,3000,100.0,ZNE,train,gold,"bucket3$759,:3,:6001",
3517,"bucket3$635,:3,:6001",2014-05-30T09:51:26.890000,MQ,GBM,,,,3000.0,,3000,100.0,ZNE,train,gold,"bucket3$760,:3,:6001",
3518,"bucket3$636,:3,:6001",2014-05-30T09:51:29.820000,MQ,SAM,,,,3000.0,3041.0,3000,100.0,ZNE,train,gold,"bucket3$761,:3,:6001",
3519,"bucket3$637,:3,:6001",2014-05-30T18:01:39.210000,MQ,SAM,,,,3000.0,3010.0,3000,100.0,ZNE,train,gold,"bucket3$762,:3,:6001",
3520,"bucket3$638,:3,:6001",2014-05-31T08:25:02.650000,MQ,BAM,,,,3000.0,,3000,100.0,ZNE,train,gold,"bucket3$763,:3,:6001",
3521,"bucket3$639,:3,:6001",2014-05-31T08:25:03.480000,MQ,CPM,,,,3000.0,,3000,100.0,ZNE,train,gold,"bucket3$764,:3,:6001",
3522,"bucket3$640,:3,:6001",2014-05-31T08:25:03.190000,MQ,GBM,,,,3000.0,,3000,100.0,ZNE,train,gold,"bucket3$765,:3,:6001",
3523,"bucket4$473,:3,:6001",2014-05-31T08:25:02.870000,MQ,LAM,,,,3000.0,3055.0,3000,100.0,ZNE,test,gold,"bucket4$367,:3,:6001",
3524,"bucket3$641,:3,:6001",2014-05-31T08:25:03.670000,MQ,MLM,,,,3000.0,,3000,100.0,ZNE,train,gold,"bucket3$766,:3,:6001",
3525,"bucket5$437,:3,:6001",2014-05-31T08:25:14.570000,MQ,BAM,,,,3000.0,,3000,100.0,ZNE,dev,gold,"bucket2$326,:3,:6001",
3526,"bucket3$642,:3,:6001",2014-05-31T08:25:15.480000,MQ,CPM,,,,3000.0,,3000,100.0,ZNE,train,gold,"bucket3$767,:3,:6001",
3527,"bucket3$643,:3,:6001",2014-05-31T08:25:15.480000,MQ,GBM,,,,3000.0,,3000,100.0,ZNE,train,gold,"bucket3$768,:3,:6001",
3528,"bucket4$474,:3,:6001",2014-05-31T08:25:15.190000,MQ,LAM,,,,3000.0,3058.0,3000,100.0,ZNE,test,gold,"bucket4$368,:3,:6001",
3529,"bucket3$644,:3,:6001",2014-05-31T08:25:15.800000,MQ,MLM,,,,3000.0,,3000,100.0,ZNE,train,gold,"bucket3$769,:3,:6001",
