trace_name,trace_start_time,station_network_code,station_code,station_latitude_deg,station_longitude_deg,station_elevation_m,trace_p_arrival_sample,trace_s_arrival_sample,center_sample,trace_sampling_rate_hz,trace_component_order,split,name,trace_name_original
"bucket0$0,:3,:6001",2014-03-03T08:28:49.340000,MQ,IA2,14.80307,-61.20515,289.0,2708.0,2800.0,2708,100.0,ZNE,train,manuel,MQ_IA2_20140303_082916
"bucket0$1,:3,:6001",2014-03-03T08:28:56.139900,MQ,GBM,14.799451,-61.159276,800.0,2051.0,,2051,100.0,ZNE,train,manuel,MQ_GBM_20140303_082916
"bucket0$2,:3,:6001",2014-03-03T08:28:41.290000,MQ,LAM,14.81292,-61.16314,1240.0,3539.0,3575.0,3539,100.0,ZNE,train,manuel,MQ_LAM_20140303_082916
"bucket0$3,:3,:6001",2014-03-03T08:29:07.109900,MQ,BAM,14.8171,-61.1445,670.0,995.0,,995,100.0,ZNE,train,manuel,MQ_BAM_20140303_082917
"bucket0$4,:3,:6001",2014-03-03T08:28:26.039900,MQ,MLM,14.7846,-61.1786,370.0,5106.0,,5106,100.0,ZNE,train,manuel,MQ_MLM_20140303_082917
"bucket0$5,:3,:6001",2014-03-04T02:19:53.360000,MQ,LAM,14.81292,-61.16314,1240.0,1088.0,1131.0,1088,100.0,ZNE,train,manuel,MQ_LAM_20140304_022004
"bucket0$6,:3,:6001",2014-03-04T02:19:49.969900,MQ,BAM,14.8171,-61.1445,670.0,1459.0,,1459,100.0,ZNE,train,manuel,MQ_BAM_20140304_022004
"bucket0$7,:3,:6001",2014-03-04T02:19:57.599900,MQ,GBM,14.799451,-61.159276,800.0,702.0,,702,100.0,ZNE,train,manuel,MQ_GBM_20140304_022004
"bucket0$8,:3,:6001",2014-03-04T03:21:30.569900,MQ,GBM,14.799451,-61.159276,800.0,4610.0,,4610,100.0,ZNE,train,manuel,MQ_GBM_20140304_032216
"bucket0$9,:3,:6001",2014-03-04T03:21:39.630000,MQ,LAM,14.81292,-61.16314,1240.0,3708.0,3728.0,3708,100.0,ZNE,train,manuel,MQ_LAM_20140304_032216
"bucket1$0,:3,:6001",2014-03-04T03:21:58.370000,MQ,IA2,14.80307,-61.20515,289.0,1860.0,1890.0,1860,100.0,ZNE,dev,manuel,MQ_IA2_20140304_032216
"bucket0$10,:3,:6001",2014-03-04T03:22:09.149900,MQ,BAM,14.8171,-61.1445,670.0,793.0,,793,100.0,ZNE,train,manuel,MQ_BAM_20140304_032217
"bucket0$11,:3,:6001",2014-03-04T04:11:35.130000,MQ,LAM,14.81292,-61.16314,1240.0,3407.0,3458.0,3407,100.0,ZNE,train,manuel,MQ_LAM_20140304_041209
"bucket0$12,:3,:6001",2014-03-04T04:11:44.399900,MQ,GBM,14.799451,-61.159276,800.0,2485.0,2582.0,2485,100.0,ZNE,train,manuel,MQ_GBM_20140304_041209
"bucket0$13,:3,:6001",2014-03-04T04:12:00.589900,MQ,BAM,14.8171,-61.1445,670.0,892.0,984.0,892,100.0,ZNE,train,manuel,MQ_BAM_20140304_041209
"bucket2$0,:3,:6001",2014-03-04T04:20:10.459900,MQ,GBM,14.799451,-61.159276,800.0,4195.0,,4195,100.0,ZNE,test,manuel,MQ_GBM_20140304_042052
"bucket0$14,:3,:6001",2014-03-04T04:20:43.430000,MQ,LAM,14.81292,-61.16314,1240.0,902.0,955.0,902,100.0,ZNE,train,manuel,MQ_LAM_20140304_042052
"bucket0$15,:3,:6001",2014-03-04T04:20:06.429900,MQ,BAM,14.8171,-61.1445,670.0,4664.0,,4664,100.0,ZNE,train,manuel,MQ_BAM_20140304_042053
"bucket2$1,:3,:6001",2014-03-04T04:23:55.289900,MQ,BAM,14.8171,-61.1445,670.0,4074.0,,4074,100.0,ZNE,test,manuel,MQ_BAM_20140304_042436
"bucket0$16,:3,:6001",2014-03-04T04:24:03.259900,MQ,GBM,14.799451,-61.159276,800.0,3290.0,,3290,100.0,ZNE,train,manuel,MQ_GBM_20140304_042436
"bucket0$17,:3,:6001",2014-03-04T04:24:29.470000,MQ,LAM,14.81292,-61.16314,1240.0,672.0,708.0,672,100.0,ZNE,train,manuel,MQ_LAM_20140304_042436
"bucket2$2,:3,:6001",2014-03-04T04:24:26.390000,MQ,IA2,14.80307,-61.20515,289.0,1015.0,1140.0,1015,100.0,ZNE,test,manuel,MQ_IA2_20140304_042436
"bucket2$3,:3,:6001",2014-03-04T06:22:28.680000,MQ,LAM,14.81292,-61.16314,1240.0,4380.0,4446.0,4380,100.0,ZNE,test,manuel,MQ_LAM_20140304_062312
"bucket0$18,:3,:6001",2014-03-04T06:23:02.669900,MQ,GBM,14.799451,-61.159276,800.0,987.0,,987,100.0,ZNE,train,manuel,MQ_GBM_20140304_062312
"bucket2$4,:3,:6001",2014-03-04T06:22:19.440000,MQ,IA2,14.80307,-61.20515,289.0,5365.0,5449.0,5365,100.0,ZNE,test,manuel,MQ_IA2_20140304_062313
"bucket0$19,:3,:6001",2014-03-04T07:16:07.850000,MQ,LAM,14.81292,-61.16314,1240.0,4326.0,4357.0,4326,100.0,ZNE,train,manuel,MQ_LAM_20140304_071651
"bucket0$20,:3,:6001",2014-03-04T07:16:45.699900,MQ,GBM,14.799451,-61.159276,800.0,546.0,,546,100.0,ZNE,train,manuel,MQ_GBM_20140304_071651
"bucket0$21,:3,:6001",2014-03-04T07:16:44.999900,MQ,BAM,14.8171,-61.1445,670.0,641.0,,641,100.0,ZNE,train,manuel,MQ_BAM_20140304_071651
"bucket0$22,:3,:6001",2014-03-04T07:16:39.700000,MQ,IA2,14.80307,-61.20515,289.0,1201.0,,1201,100.0,ZNE,train,manuel,MQ_IA2_20140304_071651
"bucket0$23,:3,:6001",2014-03-04T08:16:41.299900,MQ,GBM,14.799451,-61.159276,800.0,3973.0,,3973,100.0,ZNE,train,manuel,MQ_GBM_20140304_081721
"bucket0$24,:3,:6001",2014-03-04T08:16:42.370000,MQ,LAM,14.81292,-61.16314,1240.0,3869.0,3902.0,3869,100.0,ZNE,train,manuel,MQ_LAM_20140304_081721
"bucket2$5,:3,:6001",2014-03-04T08:16:55.789900,MQ,BAM,14.8171,-61.1445,670.0,2556.0,,2556,100.0,ZNE,test,manuel,MQ_BAM_20140304_081721
"bucket0$25,:3,:6001",2014-03-04T08:16:45.970000,MQ,IA2,14.80307,-61.20515,289.0,3570.0,3670.0,3570,100.0,ZNE,train,manuel,MQ_IA2_20140304_081721
"bucket0$26,:3,:6001",2014-03-04T22:25:26.509900,MQ,GBM,14.799451,-61.159276,800.0,1304.0,,1304,100.0,ZNE,train,manuel,MQ_GBM_20140304_222539
"bucket0$27,:3,:6001",2014-03-04T22:25:00.640000,MQ,LAM,14.81292,-61.16314,1240.0,3896.0,,3896,100.0,ZNE,train,manuel,MQ_LAM_20140304_222539
"bucket0$28,:3,:6001",2014-03-04T22:25:09.359900,MQ,BAM,14.8171,-61.1445,670.0,,3064.0,3064,100.0,ZNE,train,manuel,MQ_BAM_20140304_222540
"bucket0$29,:3,:6001",2014-03-04T23:29:22.879900,MQ,GBM,14.799451,-61.159276,800.0,856.0,,856,100.0,ZNE,train,manuel,MQ_GBM_20140304_232931
"bucket0$30,:3,:6001",2014-03-04T23:29:15.210000,MQ,LAM,14.81292,-61.16314,1240.0,1626.0,1675.0,1626,100.0,ZNE,train,manuel,MQ_LAM_20140304_232931
"bucket0$31,:3,:6001",2014-03-04T23:29:19.199900,MQ,BAM,14.8171,-61.1445,670.0,1261.0,,1261,100.0,ZNE,train,manuel,MQ_BAM_20140304_232931
"bucket0$32,:3,:6001",2014-03-04T23:28:48.970000,MQ,IA2,14.80307,-61.20515,289.0,4326.0,4444.0,4326,100.0,ZNE,train,manuel,MQ_IA2_20140304_232932
"bucket0$33,:3,:6001",2014-03-05T00:34:12.509900,MQ,GBM,14.799451,-61.159276,800.0,1390.0,1819.0,1390,100.0,ZNE,train,manuel,MQ_GBM_20140305_003426
"bucket0$34,:3,:6001",2014-03-05T00:33:59.400000,MQ,IA2,14.80307,-61.20515,289.0,2783.0,3128.0,2783,100.0,ZNE,train,manuel,MQ_IA2_20140305_003427
"bucket0$35,:3,:6001",2014-03-05T00:34:23.149900,MQ,BAM,14.8171,-61.1445,670.0,507.0,833.0,507,100.0,ZNE,train,manuel,MQ_BAM_20140305_003428
"bucket0$36,:3,:6001",2014-03-05T00:34:08.920000,MQ,LAM,14.81292,-61.16314,1240.0,1963.0,2158.0,1963,100.0,ZNE,train,manuel,MQ_LAM_20140305_003428
"bucket1$1,:3,:6001",2014-03-05T03:56:11.709900,MQ,GBM,14.799451,-61.159276,800.0,2564.0,,2564,100.0,ZNE,dev,manuel,MQ_GBM_20140305_035637
"bucket1$2,:3,:6001",2014-03-05T03:55:57.750000,MQ,IA2,14.80307,-61.20515,289.0,3960.0,4114.0,3960,100.0,ZNE,dev,manuel,MQ_IA2_20140305_035637
"bucket0$37,:3,:6001",2014-03-05T03:55:50.220000,MQ,LAM,14.81292,-61.16314,1240.0,4717.0,4833.0,4717,100.0,ZNE,train,manuel,MQ_LAM_20140305_035637
"bucket0$38,:3,:6001",2014-03-05T03:55:47.909900,MQ,BAM,14.8171,-61.1445,670.0,4987.0,,4987,100.0,ZNE,train,manuel,MQ_BAM_20140305_035637
"bucket1$3,:3,:6001",2014-03-05T04:31:34.319900,MQ,GBM,14.799451,-61.159276,800.0,4764.0,,4764,100.0,ZNE,dev,manuel,MQ_GBM_20140305_043221
"bucket0$39,:3,:6001",2014-03-05T04:32:00.210000,MQ,LAM,14.81292,-61.16314,1240.0,2189.0,,2189,100.0,ZNE,train,manuel,MQ_LAM_20140305_043222
"bucket0$40,:3,:6001",2014-03-05T04:31:54.069900,MQ,BAM,14.8171,-61.1445,670.0,2817.0,,2817,100.0,ZNE,train,manuel,MQ_BAM_20140305_043222
"bucket2$6,:3,:6001",2014-03-05T04:31:55.930000,MQ,IA2,14.80307,-61.20515,289.0,2646.0,2818.0,2646,100.0,ZNE,test,manuel,MQ_IA2_20140305_043222
"bucket0$41,:3,:6001",2014-03-05T05:11:48.350000,MQ,LAM,14.81292,-61.16314,1240.0,3614.0,3676.0,3614,100.0,ZNE,train,manuel,MQ_LAM_20140305_051224
"bucket2$7,:3,:6001",2014-03-05T05:11:33.049900,MQ,GBM,14.799451,-61.159276,800.0,5166.0,,5166,100.0,ZNE,test,manuel,MQ_GBM_20140305_051224
"bucket0$42,:3,:6001",2014-03-11T19:52:04.190000,MQ,LAM,14.81292,-61.16314,1240.0,4542.0,4585.0,4542,100.0,ZNE,train,manuel,MQ_LAM_20140311_195249
"bucket0$43,:3,:6001",2014-03-11T19:52:29.219900,MQ,GBM,14.799451,-61.159276,800.0,2040.0,,2040,100.0,ZNE,train,manuel,MQ_GBM_20140311_195249
"bucket0$44,:3,:6001",2014-03-11T19:52:31.829900,MQ,BAM,14.8171,-61.1445,670.0,1814.0,,1814,100.0,ZNE,train,manuel,MQ_BAM_20140311_195249
"bucket0$45,:3,:6001",2014-03-11T19:52:42.939900,MQ,MLM,14.7846,-61.1786,370.0,715.0,,715,100.0,ZNE,train,manuel,MQ_MLM_20140311_195250
"bucket0$46,:3,:6001",2014-03-11T19:52:20.700000,WI,SAM,14.84108,-61.1638,485.0,2948.0,,2948,100.0,ZNE,train,manuel,WI_SAM_20140311_195250
"bucket0$47,:3,:6001",2014-03-11T19:52:21.100000,MQ,IA2,14.80307,-61.20515,289.0,2909.0,,2909,100.0,ZNE,train,manuel,MQ_IA2_20140311_195250
"bucket0$48,:3,:6001",2014-03-11T19:52:19.089900,MQ,CPM,14.8168,-61.2074,242.0,3120.0,,3120,100.0,ZNE,train,manuel,MQ_CPM_20140311_195250
"bucket0$49,:3,:6001",2014-03-13T13:43:58.589900,MQ,GBM,14.799451,-61.159276,800.0,2552.0,,2552,100.0,ZNE,train,manuel,MQ_GBM_20140313_134424
"bucket0$50,:3,:6001",2014-03-13T13:44:00.730000,MQ,LAM,14.81292,-61.16314,1240.0,2346.0,2410.0,2346,100.0,ZNE,train,manuel,MQ_LAM_20140313_134424
"bucket1$4,:3,:6001",2014-03-13T13:43:32.589900,MQ,BAM,14.8171,-61.1445,670.0,5191.0,,5191,100.0,ZNE,dev,manuel,MQ_BAM_20140313_134424
"bucket2$8,:3,:6001",2014-03-13T13:43:49.840000,MQ,IA2,14.80307,-61.20515,289.0,3492.0,,3492,100.0,ZNE,test,manuel,MQ_IA2_20140313_134424
"bucket0$51,:3,:6001",2014-03-13T13:43:48.909900,MQ,MLM,14.7846,-61.1786,370.0,3602.0,,3602,100.0,ZNE,train,manuel,MQ_MLM_20140313_134424
"bucket0$52,:3,:6001",2014-03-13T13:43:41.389900,MQ,CPM,14.8168,-61.2074,242.0,4355.0,,4355,100.0,ZNE,train,manuel,MQ_CPM_20140313_134424
"bucket0$53,:3,:6001",2014-03-13T22:37:07.459900,MQ,GBM,14.799451,-61.159276,800.0,5280.0,,5280,100.0,ZNE,train,manuel,MQ_GBM_20140313_223800
"bucket0$54,:3,:6001",2014-03-13T22:37:54.489900,MQ,BAM,14.8171,-61.1445,670.0,604.0,,604,100.0,ZNE,train,manuel,MQ_BAM_20140313_223800
"bucket0$55,:3,:6001",2014-03-13T22:37:42.750000,MQ,LAM,14.81292,-61.16314,1240.0,,1802.0,1802,100.0,ZNE,train,manuel,MQ_LAM_20140313_223800
"bucket0$56,:3,:6001",2014-03-13T23:04:40.439900,MQ,GBM,14.799451,-61.159276,800.0,1707.0,,1707,100.0,ZNE,train,manuel,MQ_GBM_20140313_230457
"bucket1$5,:3,:6001",2014-03-13T23:04:18.400000,MQ,LAM,14.81292,-61.16314,1240.0,3912.0,3951.0,3912,100.0,ZNE,dev,manuel,MQ_LAM_20140313_230457
"bucket0$57,:3,:6001",2014-03-14T00:09:04.200000,MQ,LAM,14.81292,-61.16314,1240.0,1927.0,,1927,100.0,ZNE,train,manuel,MQ_LAM_20140314_000923
"bucket1$6,:3,:6001",2014-03-14T00:08:30.139900,MQ,GBM,14.799451,-61.159276,800.0,5346.0,,5346,100.0,ZNE,dev,manuel,MQ_GBM_20140314_000923
"bucket0$58,:3,:6001",2014-03-14T00:09:10.439900,MQ,CPM,14.8168,-61.2074,242.0,1336.0,,1336,100.0,ZNE,train,manuel,MQ_CPM_20140314_000923
"bucket0$59,:3,:6001",2014-03-14T00:09:04.289900,MQ,BAM,14.8171,-61.1445,670.0,1964.0,,1964,100.0,ZNE,train,manuel,MQ_BAM_20140314_000923
"bucket2$9,:3,:6001",2014-03-14T00:09:16.570000,MQ,IA2,14.80307,-61.20515,289.0,859.0,,859,100.0,ZNE,test,manuel,MQ_IA2_20140314_000925
"bucket0$60,:3,:6001",2014-03-14T00:11:52.770000,MQ,LAM,14.81292,-61.16314,1240.0,5141.0,5212.0,5141,100.0,ZNE,train,manuel,MQ_LAM_20140314_001244
"bucket0$61,:3,:6001",2014-03-14T00:12:04.559900,MQ,GBM,14.799451,-61.159276,800.0,4001.0,,4001,100.0,ZNE,train,manuel,MQ_GBM_20140314_001244
"bucket0$62,:3,:6001",2014-03-14T00:12:28.349900,MQ,BAM,14.8171,-61.1445,670.0,1637.0,,1637,100.0,ZNE,train,manuel,MQ_BAM_20140314_001244
"bucket0$63,:3,:6001",2014-03-14T00:11:59.390000,MQ,IA2,14.80307,-61.20515,289.0,4573.0,,4573,100.0,ZNE,train,manuel,MQ_IA2_20140314_001245
"bucket0$64,:3,:6001",2014-03-14T00:15:10.969900,MQ,BAM,14.8171,-61.1445,670.0,4824.0,,4824,100.0,ZNE,train,manuel,MQ_BAM_20140314_001559
"bucket1$7,:3,:6001",2014-03-14T00:15:15.450000,MQ,LAM,14.81292,-61.16314,1240.0,4434.0,4487.0,4434,100.0,ZNE,dev,manuel,MQ_LAM_20140314_001559
"bucket0$65,:3,:6001",2014-03-14T00:15:40.429900,MQ,GBM,14.799451,-61.159276,800.0,1946.0,,1946,100.0,ZNE,train,manuel,MQ_GBM_20140314_001559
"bucket0$66,:3,:6001",2014-03-14T00:15:15.940000,MQ,IA2,14.80307,-61.20515,289.0,4451.0,4507.0,4451,100.0,ZNE,train,manuel,MQ_IA2_20140314_001600
"bucket0$67,:3,:6001",2014-03-14T09:36:09.430000,MQ,LAM,14.81292,-61.16314,1240.0,2502.0,2553.0,2502,100.0,ZNE,train,manuel,MQ_LAM_20140314_093634
"bucket0$68,:3,:6001",2014-03-14T09:36:01.999900,MQ,BAM,14.8171,-61.1445,670.0,3285.0,,3285,100.0,ZNE,train,manuel,MQ_BAM_20140314_093634
"bucket0$69,:3,:6001",2014-03-14T09:35:54.879900,MQ,GBM,14.799451,-61.159276,800.0,4019.0,,4019,100.0,ZNE,train,manuel,MQ_GBM_20140314_093635
"bucket0$70,:3,:6001",2014-03-14T09:37:54.039900,MQ,GBM,14.799451,-61.159276,800.0,5387.0,,5387,100.0,ZNE,train,manuel,MQ_GBM_20140314_093847
"bucket0$71,:3,:6001",2014-03-14T09:38:36.790000,MQ,LAM,14.81292,-61.16314,1240.0,1115.0,1154.0,1115,100.0,ZNE,train,manuel,MQ_LAM_20140314_093847
"bucket0$72,:3,:6001",2014-03-14T09:38:37.619900,MQ,BAM,14.8171,-61.1445,670.0,1065.0,,1065,100.0,ZNE,train,manuel,MQ_BAM_20140314_093848
"bucket0$73,:3,:6001",2014-03-15T01:13:26.510000,MQ,IA2,14.80307,-61.20515,289.0,1499.0,,1499,100.0,ZNE,train,manuel,MQ_IA2_20140315_011341
"bucket1$8,:3,:6001",2014-03-15T01:12:54.160000,MQ,LAM,14.81292,-61.16314,1240.0,4746.0,5111.0,4746,100.0,ZNE,dev,manuel,MQ_LAM_20140315_011341
"bucket0$74,:3,:6001",2014-03-15T01:13:27.349900,MQ,BAM,14.8171,-61.1445,670.0,1457.0,,1457,100.0,ZNE,train,manuel,MQ_BAM_20140315_011341
"bucket0$75,:3,:6001",2014-03-15T01:13:22.979900,MQ,GBM,14.799451,-61.159276,800.0,1918.0,2200.0,1918,100.0,ZNE,train,manuel,MQ_GBM_20140315_011342
"bucket0$76,:3,:6001",2014-03-15T01:20:21.950000,MQ,LAM,14.81292,-61.16314,1240.0,3576.0,3641.0,3576,100.0,ZNE,train,manuel,MQ_LAM_20140315_012057
"bucket0$77,:3,:6001",2014-03-15T01:20:29.939900,MQ,GBM,14.799451,-61.159276,800.0,2795.0,,2795,100.0,ZNE,train,manuel,MQ_GBM_20140315_012057
"bucket0$78,:3,:6001",2014-03-15T01:20:21.629900,MQ,BAM,14.8171,-61.1445,670.0,3664.0,,3664,100.0,ZNE,train,manuel,MQ_BAM_20140315_012058
"bucket0$79,:3,:6001",2014-03-15T01:30:53.019900,MQ,GBM,14.799451,-61.159276,800.0,2205.0,,2205,100.0,ZNE,train,manuel,MQ_GBM_20140315_013115
"bucket0$80,:3,:6001",2014-03-15T01:31:08.400000,MQ,LAM,14.81292,-61.16314,1240.0,722.0,884.0,722,100.0,ZNE,train,manuel,MQ_LAM_20140315_013115
"bucket0$81,:3,:6001",2014-03-15T01:30:30.150000,MQ,IA2,14.80307,-61.20515,289.0,4569.0,4700.0,4569,100.0,ZNE,train,manuel,MQ_IA2_20140315_013115
"bucket2$10,:3,:6001",2014-03-15T01:30:39.719900,MQ,BAM,14.8171,-61.1445,670.0,3624.0,,3624,100.0,ZNE,test,manuel,MQ_BAM_20140315_013115
"bucket0$82,:3,:6001",2014-03-15T02:13:58.190000,MQ,LAM,14.81292,-61.16314,1240.0,1961.0,,1961,100.0,ZNE,train,manuel,MQ_LAM_20140315_021417
"bucket1$9,:3,:6001",2014-03-15T02:13:43.559900,MQ,GBM,14.799451,-61.159276,800.0,3491.0,,3491,100.0,ZNE,dev,manuel,MQ_GBM_20140315_021418
"bucket0$83,:3,:6001",2014-03-15T02:13:26.060000,MQ,IA2,14.80307,-61.20515,289.0,5249.0,,5249,100.0,ZNE,train,manuel,MQ_IA2_20140315_021418
"bucket0$84,:3,:6001",2014-03-15T02:13:57.429900,MQ,BAM,14.8171,-61.1445,670.0,2138.0,,2138,100.0,ZNE,train,manuel,MQ_BAM_20140315_021418
"bucket0$85,:3,:6001",2014-03-15T02:33:23.559900,MQ,GBM,14.799451,-61.159276,800.0,4750.0,,4750,100.0,ZNE,train,manuel,MQ_GBM_20140315_023411
"bucket1$10,:3,:6001",2014-03-15T02:34:05.690000,MQ,LAM,14.81292,-61.16314,1240.0,550.0,,550,100.0,ZNE,dev,manuel,MQ_LAM_20140315_023411
"bucket0$86,:3,:6001",2014-03-15T02:33:45.260000,MQ,IA2,14.80307,-61.20515,289.0,2627.0,,2627,100.0,ZNE,train,manuel,MQ_IA2_20140315_023411
"bucket0$87,:3,:6001",2014-03-15T02:33:53.029900,MQ,BAM,14.8171,-61.1445,670.0,1858.0,,1858,100.0,ZNE,train,manuel,MQ_BAM_20140315_023411
"bucket2$11,:3,:6001",2014-03-15T02:40:29.469900,MQ,GBM,14.799451,-61.159276,800.0,3760.0,,3760,100.0,ZNE,test,manuel,MQ_GBM_20140315_024107
"bucket0$88,:3,:6001",2014-03-15T02:40:44.370000,MQ,LAM,14.81292,-61.16314,1240.0,2275.0,,2275,100.0,ZNE,train,manuel,MQ_LAM_20140315_024107
"bucket0$89,:3,:6001",2014-03-15T02:40:17.479900,MQ,BAM,14.8171,-61.1445,670.0,4994.0,,4994,100.0,ZNE,train,manuel,MQ_BAM_20140315_024107
"bucket0$90,:3,:6001",2014-03-15T02:40:35.350000,MQ,IA2,14.80307,-61.20515,289.0,3227.0,3323.0,3227,100.0,ZNE,train,manuel,MQ_IA2_20140315_024107
"bucket0$91,:3,:6001",2014-03-15T03:05:07.699900,MQ,GBM,14.799451,-61.159276,800.0,1286.0,,1286,100.0,ZNE,train,manuel,MQ_GBM_20140315_030520
"bucket0$92,:3,:6001",2014-03-15T03:04:53.750000,MQ,LAM,14.81292,-61.16314,1240.0,2687.0,,2687,100.0,ZNE,train,manuel,MQ_LAM_20140315_030520
"bucket0$93,:3,:6001",2014-03-15T03:04:55.590000,MQ,IA2,14.80307,-61.20515,289.0,2509.0,2654.0,2509,100.0,ZNE,train,manuel,MQ_IA2_20140315_030520
"bucket0$94,:3,:6001",2014-03-15T03:04:42.619900,MQ,BAM,14.8171,-61.1445,670.0,3867.0,,3867,100.0,ZNE,train,manuel,MQ_BAM_20140315_030521
"bucket0$95,:3,:6001",2014-03-15T19:53:48.290000,MQ,LAM,14.81292,-61.16314,1240.0,5292.0,5367.0,5292,100.0,ZNE,train,manuel,MQ_LAM_20140315_195441
"bucket0$96,:3,:6001",2014-03-15T19:54:32.039900,MQ,BAM,14.8171,-61.1445,670.0,946.0,,946,100.0,ZNE,train,manuel,MQ_BAM_20140315_195441
"bucket0$97,:3,:6001",2014-03-15T19:53:47.969900,MQ,GBM,14.799451,-61.159276,800.0,5360.0,,5360,100.0,ZNE,train,manuel,MQ_GBM_20140315_195441
"bucket0$98,:3,:6001",2014-03-15T20:04:57.990000,MQ,IA2,14.80307,-61.20515,289.0,3929.0,,3929,100.0,ZNE,train,manuel,MQ_IA2_20140315_200537
"bucket0$99,:3,:6001",2014-03-15T20:04:58.969900,MQ,GBM,14.799451,-61.159276,800.0,3893.0,3900.0,3893,100.0,ZNE,train,manuel,MQ_GBM_20140315_200537
"bucket0$100,:3,:6001",2014-03-15T20:05:03.100000,MQ,LAM,14.81292,-61.16314,1240.0,3485.0,3515.0,3485,100.0,ZNE,train,manuel,MQ_LAM_20140315_200537
"bucket0$101,:3,:6001",2014-03-15T20:05:02.449900,MQ,BAM,14.8171,-61.1445,670.0,3584.0,,3584,100.0,ZNE,train,manuel,MQ_BAM_20140315_200538
"bucket0$102,:3,:6001",2014-03-15T20:54:59.569900,MQ,BAM,14.8171,-61.1445,670.0,1551.0,,1551,100.0,ZNE,train,manuel,MQ_BAM_20140315_205515
"bucket0$103,:3,:6001",2014-03-15T20:54:57.829900,MQ,GBM,14.799451,-61.159276,800.0,1785.0,,1785,100.0,ZNE,train,manuel,MQ_GBM_20140315_205515
"bucket0$104,:3,:6001",2014-03-15T20:54:28.190000,MQ,LAM,14.81292,-61.16314,1240.0,4762.0,4815.0,4762,100.0,ZNE,train,manuel,MQ_LAM_20140315_205515
"bucket0$105,:3,:6001",2014-03-15T21:06:52.139900,MQ,GBM,14.799451,-61.159276,800.0,1775.0,,1775,100.0,ZNE,train,manuel,MQ_GBM_20140315_210709
"bucket0$106,:3,:6001",2014-03-15T21:06:49.390000,MQ,LAM,14.81292,-61.16314,1240.0,2081.0,2169.0,2081,100.0,ZNE,train,manuel,MQ_LAM_20140315_210710
"bucket0$107,:3,:6001",2014-03-15T21:06:38.559900,MQ,BAM,14.8171,-61.1445,670.0,3197.0,,3197,100.0,ZNE,train,manuel,MQ_BAM_20140315_210710
"bucket0$108,:3,:6001",2014-03-15T21:53:15.170000,MQ,LAM,14.81292,-61.16314,1240.0,4653.0,4703.0,4653,100.0,ZNE,train,manuel,MQ_LAM_20140315_215401
"bucket0$109,:3,:6001",2014-03-15T21:53:30.799900,MQ,GBM,14.799451,-61.159276,800.0,3096.0,,3096,100.0,ZNE,train,manuel,MQ_GBM_20140315_215401
"bucket0$110,:3,:6001",2014-03-15T21:53:14.589900,MQ,BAM,14.8171,-61.1445,670.0,4837.0,,4837,100.0,ZNE,train,manuel,MQ_BAM_20140315_215402
"bucket0$111,:3,:6001",2014-03-15T22:42:10.640000,MQ,LAM,14.81292,-61.16314,1240.0,3745.0,3823.0,3745,100.0,ZNE,train,manuel,MQ_LAM_20140315_224248
"bucket0$112,:3,:6001",2014-03-15T22:42:07.659900,MQ,BAM,14.8171,-61.1445,670.0,4077.0,,4077,100.0,ZNE,train,manuel,MQ_BAM_20140315_224248
"bucket1$11,:3,:6001",2014-03-15T22:42:23.599900,MQ,GBM,14.799451,-61.159276,800.0,2489.0,,2489,100.0,ZNE,dev,manuel,MQ_GBM_20140315_224248
"bucket0$113,:3,:6001",2014-03-15T22:10:00.310000,MQ,LAM,14.81292,-61.16314,1240.0,1155.0,1874.0,1155,100.0,ZNE,train,manuel,MQ_LAM_20140315_221011
"bucket0$114,:3,:6001",2014-03-15T22:09:44.819900,MQ,GBM,14.799451,-61.159276,800.0,2725.0,3483.0,2725,100.0,ZNE,train,manuel,MQ_GBM_20140315_221012
"bucket2$12,:3,:6001",2014-03-15T22:09:48.479900,MQ,BAM,14.8171,-61.1445,670.0,2382.0,3099.0,2382,100.0,ZNE,test,manuel,MQ_BAM_20140315_221012
"bucket0$115,:3,:6001",2014-03-15T22:47:38.650000,MQ,LAM,14.81292,-61.16314,1240.0,4588.0,4658.0,4588,100.0,ZNE,train,manuel,MQ_LAM_20140315_224824
"bucket0$116,:3,:6001",2014-03-15T22:48:19.799900,MQ,BAM,14.8171,-61.1445,670.0,502.0,,502,100.0,ZNE,train,manuel,MQ_BAM_20140315_224824
"bucket0$117,:3,:6001",2014-03-15T22:47:47.669900,MQ,GBM,14.799451,-61.159276,800.0,3739.0,,3739,100.0,ZNE,train,manuel,MQ_GBM_20140315_224825
"bucket0$118,:3,:6001",2014-03-15T22:47:55.290000,MQ,IA2,14.80307,-61.20515,289.0,,3081.0,3081,100.0,ZNE,train,manuel,MQ_IA2_20140315_224826
"bucket2$13,:3,:6001",2014-03-15T22:56:24.269900,MQ,GBM,14.799451,-61.159276,800.0,3888.0,,3888,100.0,ZNE,test,manuel,MQ_GBM_20140315_225703
"bucket0$119,:3,:6001",2014-03-15T22:56:08.970000,MQ,LAM,14.81292,-61.16314,1240.0,5425.0,5474.0,5425,100.0,ZNE,train,manuel,MQ_LAM_20140315_225703
"bucket2$14,:3,:6001",2014-03-15T22:56:52.439900,MQ,BAM,14.8171,-61.1445,670.0,1110.0,,1110,100.0,ZNE,test,manuel,MQ_BAM_20140315_225703
"bucket0$120,:3,:6001",2014-03-15T22:56:33.210000,MQ,IA2,14.80307,-61.20515,289.0,3057.0,3151.0,3057,100.0,ZNE,train,manuel,MQ_IA2_20140315_225703
"bucket0$121,:3,:6001",2014-03-15T22:56:46.040000,WI,SAM,14.84108,-61.1638,485.0,,1880.0,1880,100.0,ZNE,train,manuel,WI_SAM_20140315_225704
"bucket2$15,:3,:6001",2014-03-15T23:12:52.360000,MQ,LAM,14.81292,-61.16314,1240.0,5400.0,5447.0,5400,100.0,ZNE,test,manuel,MQ_LAM_20140315_231346
"bucket0$122,:3,:6001",2014-03-15T23:13:35.789900,MQ,GBM,14.799451,-61.159276,800.0,1094.0,,1094,100.0,ZNE,train,manuel,MQ_GBM_20140315_231346
"bucket0$123,:3,:6001",2014-03-15T23:13:07.499900,MQ,BAM,14.8171,-61.1445,670.0,3928.0,,3928,100.0,ZNE,train,manuel,MQ_BAM_20140315_231346
"bucket2$16,:3,:6001",2014-03-15T23:55:23.630000,MQ,LAM,14.81292,-61.16314,1240.0,1206.0,1237.0,1206,100.0,ZNE,test,manuel,MQ_LAM_20140315_235535
"bucket0$124,:3,:6001",2014-03-15T23:55:21.979900,MQ,GBM,14.799451,-61.159276,800.0,1419.0,,1419,100.0,ZNE,train,manuel,MQ_GBM_20140315_235536
"bucket0$125,:3,:6001",2014-03-15T23:54:43.629900,MQ,BAM,14.8171,-61.1445,670.0,5304.0,,5304,100.0,ZNE,train,manuel,MQ_BAM_20140315_235536
"bucket1$12,:3,:6001",2014-03-16T01:03:50.679900,MQ,GBM,14.799451,-61.159276,800.0,1963.0,,1963,100.0,ZNE,dev,manuel,MQ_GBM_20140316_010410
"bucket0$126,:3,:6001",2014-03-16T01:03:30.380000,MQ,LAM,14.81292,-61.16314,1240.0,4004.0,4046.0,4004,100.0,ZNE,train,manuel,MQ_LAM_20140316_010410
"bucket1$13,:3,:6001",2014-03-16T01:17:32.929900,MQ,GBM,14.799451,-61.159276,800.0,4896.0,,4896,100.0,ZNE,dev,manuel,MQ_GBM_20140316_011821
"bucket1$14,:3,:6001",2014-03-16T01:17:30.320000,MQ,LAM,14.81292,-61.16314,1240.0,5162.0,5218.0,5162,100.0,ZNE,dev,manuel,MQ_LAM_20140316_011821
"bucket0$127,:3,:6001",2014-03-16T01:18:17.289900,MQ,BAM,14.8171,-61.1445,670.0,500.0,6497.0,500,100.0,ZNE,train,manuel,MQ_BAM_20140316_011822
"bucket0$128,:3,:6001",2014-03-16T01:18:12.369900,MQ,MLM,14.7846,-61.1786,370.0,1000.0,1005.0,1000,100.0,ZNE,train,manuel,MQ_MLM_20140316_011822
"bucket0$129,:3,:6001",2014-03-16T01:17:38.280000,MQ,IA2,14.80307,-61.20515,289.0,4423.0,4513.0,4423,100.0,ZNE,train,manuel,MQ_IA2_20140316_011822
"bucket1$15,:3,:6001",2014-03-16T01:18:04.359900,MQ,CPM,14.8168,-61.2074,242.0,1827.0,,1827,100.0,ZNE,dev,manuel,MQ_CPM_20140316_011822
"bucket0$130,:3,:6001",2014-03-16T01:18:10.480000,WI,SAM,14.84108,-61.1638,485.0,1247.0,1326.0,1247,100.0,ZNE,train,manuel,WI_SAM_20140316_011822
"bucket0$131,:3,:6001",2014-03-16T01:41:55.430000,MQ,LAM,14.81292,-61.16314,1240.0,824.0,876.0,824,100.0,ZNE,train,manuel,MQ_LAM_20140316_014203
"bucket1$16,:3,:6001",2014-03-16T01:41:35.699900,MQ,GBM,14.799451,-61.159276,800.0,2840.0,,2840,100.0,ZNE,dev,manuel,MQ_GBM_20140316_014204
"bucket0$132,:3,:6001",2014-03-16T01:41:56.450000,WI,SAM,14.84108,-61.1638,485.0,770.0,864.0,770,100.0,ZNE,train,manuel,WI_SAM_20140316_014204
"bucket1$17,:3,:6001",2014-03-16T01:41:26.339900,MQ,MLM,14.7846,-61.1786,370.0,3791.0,,3791,100.0,ZNE,dev,manuel,MQ_MLM_20140316_014204
"bucket0$133,:3,:6001",2014-03-16T01:41:42.460000,MQ,IA2,14.80307,-61.20515,289.0,2179.0,2271.0,2179,100.0,ZNE,train,manuel,MQ_IA2_20140316_014204
"bucket1$18,:3,:6001",2014-03-16T01:41:52.309900,MQ,BAM,14.8171,-61.1445,670.0,1240.0,,1240,100.0,ZNE,dev,manuel,MQ_BAM_20140316_014204
"bucket0$134,:3,:6001",2014-03-16T02:20:43.240000,MQ,LAM,14.81292,-61.16314,1240.0,2427.0,,2427,100.0,ZNE,train,manuel,MQ_LAM_20140316_022107
"bucket0$135,:3,:6001",2014-03-16T02:20:30.029900,MQ,BAM,14.8171,-61.1445,670.0,3762.0,,3762,100.0,ZNE,train,manuel,MQ_BAM_20140316_022107
"bucket0$136,:3,:6001",2014-03-16T02:20:34.920000,MQ,IA2,14.80307,-61.20515,289.0,3275.0,3405.0,3275,100.0,ZNE,train,manuel,MQ_IA2_20140316_022107
"bucket0$137,:3,:6001",2014-03-16T03:05:17.559900,MQ,GBM,14.799451,-61.159276,800.0,963.0,,963,100.0,ZNE,train,manuel,MQ_GBM_20140316_030527
"bucket0$138,:3,:6001",2014-03-16T03:04:56.340000,MQ,LAM,14.81292,-61.16314,1240.0,3086.0,3114.0,3086,100.0,ZNE,train,manuel,MQ_LAM_20140316_030527
"bucket0$139,:3,:6001",2014-03-16T03:04:32.869900,MQ,BAM,14.8171,-61.1445,670.0,5473.0,,5473,100.0,ZNE,train,manuel,MQ_BAM_20140316_030527
"bucket0$140,:3,:6001",2014-03-16T03:04:50.209900,MQ,MLM,14.7846,-61.1786,370.0,3739.0,,3739,100.0,ZNE,train,manuel,MQ_MLM_20140316_030527
"bucket2$17,:3,:6001",2014-03-16T03:04:52.330000,WI,SAM,14.84108,-61.1638,485.0,3547.0,3646.0,3547,100.0,ZNE,test,manuel,WI_SAM_20140316_030527
"bucket0$141,:3,:6001",2014-03-16T03:04:51.470000,MQ,IA2,14.80307,-61.20515,289.0,3638.0,3734.0,3638,100.0,ZNE,train,manuel,MQ_IA2_20140316_030527
"bucket0$142,:3,:6001",2014-03-16T03:04:38.989900,MQ,CPM,14.8168,-61.2074,242.0,4896.0,,4896,100.0,ZNE,train,manuel,MQ_CPM_20140316_030527
"bucket0$143,:3,:6001",2014-03-16T03:18:13.900000,MQ,LAM,14.81292,-61.16314,1240.0,4422.0,4502.0,4422,100.0,ZNE,train,manuel,MQ_LAM_20140316_031858
"bucket1$19,:3,:6001",2014-03-16T03:18:46.549900,MQ,GBM,14.799451,-61.159276,800.0,1199.0,,1199,100.0,ZNE,dev,manuel,MQ_GBM_20140316_031858
"bucket1$20,:3,:6001",2014-03-16T03:18:43.360000,MQ,IA2,14.80307,-61.20515,289.0,1536.0,1668.0,1536,100.0,ZNE,dev,manuel,MQ_IA2_20140316_031858
"bucket2$18,:3,:6001",2014-03-16T03:18:16.859900,MQ,BAM,14.8171,-61.1445,670.0,4205.0,,4205,100.0,ZNE,test,manuel,MQ_BAM_20140316_031858
"bucket0$144,:3,:6001",2014-03-16T03:18:20.609900,MQ,MLM,14.7846,-61.1786,370.0,3839.0,,3839,100.0,ZNE,train,manuel,MQ_MLM_20140316_031859
"bucket0$145,:3,:6001",2014-03-16T03:18:42.300000,WI,SAM,14.84108,-61.1638,485.0,1701.0,1786.0,1701,100.0,ZNE,train,manuel,WI_SAM_20140316_031859
"bucket0$146,:3,:6001",2014-03-16T03:20:08.239900,MQ,GBM,14.799451,-61.159276,800.0,4781.0,,4781,100.0,ZNE,train,manuel,MQ_GBM_20140316_032056
"bucket0$147,:3,:6001",2014-03-16T03:20:37.739900,MQ,BAM,14.8171,-61.1445,670.0,1831.0,,1831,100.0,ZNE,train,manuel,MQ_BAM_20140316_032056
"bucket0$148,:3,:6001",2014-03-16T03:20:45.520000,MQ,LAM,14.81292,-61.16314,1240.0,1084.0,,1084,100.0,ZNE,train,manuel,MQ_LAM_20140316_032056
"bucket2$19,:3,:6001",2014-03-16T04:20:23.790000,MQ,LAM,14.81292,-61.16314,1240.0,2770.0,2930.0,2770,100.0,ZNE,test,manuel,MQ_LAM_20140316_042051
"bucket1$21,:3,:6001",2014-03-16T04:20:40.989900,MQ,GBM,14.799451,-61.159276,800.0,1152.0,,1152,100.0,ZNE,dev,manuel,MQ_GBM_20140316_042052
"bucket0$149,:3,:6001",2014-03-16T04:20:23.169900,MQ,BAM,14.8171,-61.1445,670.0,2944.0,,2944,100.0,ZNE,train,manuel,MQ_BAM_20140316_042052
"bucket0$150,:3,:6001",2014-03-16T04:28:12.520000,MQ,LAM,14.81292,-61.16314,1240.0,2253.0,2315.0,2253,100.0,ZNE,train,manuel,MQ_LAM_20140316_042835
"bucket0$151,:3,:6001",2014-03-16T04:28:23.899900,MQ,GBM,14.799451,-61.159276,800.0,1142.0,,1142,100.0,ZNE,train,manuel,MQ_GBM_20140316_042835
"bucket0$152,:3,:6001",2014-03-16T04:28:03.700000,MQ,IA2,14.80307,-61.20515,289.0,3179.0,3283.0,3179,100.0,ZNE,train,manuel,MQ_IA2_20140316_042835
"bucket0$153,:3,:6001",2014-03-16T04:28:19.089900,MQ,BAM,14.8171,-61.1445,670.0,1676.0,,1676,100.0,ZNE,train,manuel,MQ_BAM_20140316_042835
"bucket0$154,:3,:6001",2014-03-16T04:28:01.619900,MQ,MLM,14.7846,-61.1786,370.0,3490.0,,3490,100.0,ZNE,train,manuel,MQ_MLM_20140316_042836
"bucket0$155,:3,:6001",2014-03-16T04:28:50.110000,MQ,LAM,14.81292,-61.16314,1240.0,1741.0,1829.0,1741,100.0,ZNE,train,manuel,MQ_LAM_20140316_042907
"bucket0$156,:3,:6001",2014-03-16T04:28:16.559900,MQ,GBM,14.799451,-61.159276,800.0,5151.0,,5151,100.0,ZNE,train,manuel,MQ_GBM_20140316_042908
"bucket0$157,:3,:6001",2014-03-16T04:28:47.940000,MQ,IA2,14.80307,-61.20515,289.0,2028.0,2179.0,2028,100.0,ZNE,train,manuel,MQ_IA2_20140316_042908
"bucket0$158,:3,:6001",2014-03-16T04:28:23.819900,MQ,BAM,14.8171,-61.1445,670.0,4472.0,,4472,100.0,ZNE,train,manuel,MQ_BAM_20140316_042908
"bucket0$159,:3,:6001",2014-03-16T04:28:57.640000,WI,SAM,14.84108,-61.1638,485.0,1158.0,1215.0,1158,100.0,ZNE,train,manuel,WI_SAM_20140316_042909
"bucket0$160,:3,:6001",2014-03-16T04:57:43.690000,MQ,IA2,14.80307,-61.20515,289.0,5169.0,5322.0,5169,100.0,ZNE,train,manuel,MQ_IA2_20140316_045835
"bucket0$161,:3,:6001",2014-03-16T04:58:01.099900,MQ,BAM,14.8171,-61.1445,670.0,3439.0,,3439,100.0,ZNE,train,manuel,MQ_BAM_20140316_045835
"bucket0$162,:3,:6001",2014-03-16T04:57:46.899900,MQ,GBM,14.799451,-61.159276,800.0,4895.0,,4895,100.0,ZNE,train,manuel,MQ_GBM_20140316_045835
"bucket0$163,:3,:6001",2014-03-16T05:21:36.259900,MQ,GBM,14.799451,-61.159276,800.0,5467.0,,5467,100.0,ZNE,train,manuel,MQ_GBM_20140316_052230
"bucket0$164,:3,:6001",2014-03-16T05:22:25.830000,MQ,IA2,14.80307,-61.20515,289.0,526.0,699.0,526,100.0,ZNE,train,manuel,MQ_IA2_20140316_052231
"bucket0$165,:3,:6001",2014-03-16T05:21:51.470000,MQ,LAM,14.81292,-61.16314,1240.0,3991.0,4072.0,3991,100.0,ZNE,train,manuel,MQ_LAM_20140316_052231
"bucket1$22,:3,:6001",2014-03-16T06:18:23.580000,MQ,LAM,14.81292,-61.16314,1240.0,4845.0,4899.0,4845,100.0,ZNE,dev,manuel,MQ_LAM_20140316_061912
"bucket2$20,:3,:6001",2014-03-16T06:18:54.139900,MQ,BAM,14.8171,-61.1445,670.0,1817.0,,1817,100.0,ZNE,test,manuel,MQ_BAM_20140316_061912
"bucket0$166,:3,:6001",2014-03-16T06:18:58.410000,MQ,IA2,14.80307,-61.20515,289.0,1470.0,1511.0,1470,100.0,ZNE,train,manuel,MQ_IA2_20140316_061913
"bucket0$167,:3,:6001",2014-03-16T06:19:33.160000,MQ,LAM,14.81292,-61.16314,1240.0,4548.0,4685.0,4548,100.0,ZNE,train,manuel,MQ_LAM_20140316_062018
"bucket0$168,:3,:6001",2014-03-16T06:19:44.139900,MQ,GBM,14.799451,-61.159276,800.0,3489.0,,3489,100.0,ZNE,train,manuel,MQ_GBM_20140316_062019
"bucket0$169,:3,:6001",2014-03-16T06:20:00.209900,MQ,MLM,14.7846,-61.1786,370.0,1960.0,,1960,100.0,ZNE,train,manuel,MQ_MLM_20140316_062019
"bucket0$170,:3,:6001",2014-03-16T06:20:11.389900,MQ,BAM,14.8171,-61.1445,670.0,847.0,,847,100.0,ZNE,train,manuel,MQ_BAM_20140316_062019
"bucket0$171,:3,:6001",2014-03-16T06:19:37.330000,MQ,IA2,14.80307,-61.20515,289.0,4266.0,4342.0,4266,100.0,ZNE,train,manuel,MQ_IA2_20140316_062019
"bucket1$23,:3,:6001",2014-03-16T06:41:45.970000,MQ,LAM,14.81292,-61.16314,1240.0,2395.0,2677.0,2395,100.0,ZNE,dev,manuel,MQ_LAM_20140316_064209
"bucket0$172,:3,:6001",2014-03-16T06:41:55.989900,MQ,GBM,14.799451,-61.159276,800.0,1430.0,,1430,100.0,ZNE,train,manuel,MQ_GBM_20140316_064210
"bucket0$173,:3,:6001",2014-03-16T06:41:48.419900,MQ,BAM,14.8171,-61.1445,670.0,2190.0,,2190,100.0,ZNE,train,manuel,MQ_BAM_20140316_064210
"bucket0$174,:3,:6001",2014-03-16T06:53:24.720000,MQ,LAM,14.81292,-61.16314,1240.0,1787.0,1901.0,1787,100.0,ZNE,train,manuel,MQ_LAM_20140316_065342
"bucket0$175,:3,:6001",2014-03-16T06:53:04.269900,MQ,GBM,14.799451,-61.159276,800.0,3861.0,,3861,100.0,ZNE,train,manuel,MQ_GBM_20140316_065342
"bucket0$176,:3,:6001",2014-03-16T06:53:17.310000,MQ,IA2,14.80307,-61.20515,289.0,2559.0,2724.0,2559,100.0,ZNE,train,manuel,MQ_IA2_20140316_065342
"bucket0$177,:3,:6001",2014-03-16T06:53:05.899900,MQ,BAM,14.8171,-61.1445,670.0,3735.0,,3735,100.0,ZNE,train,manuel,MQ_BAM_20140316_065343
"bucket1$24,:3,:6001",2014-03-16T06:53:19.880000,WI,SAM,14.84108,-61.1638,485.0,,2467.0,2467,100.0,ZNE,dev,manuel,WI_SAM_20140316_065344
"bucket0$178,:3,:6001",2014-03-16T07:32:50.420000,MQ,LAM,14.81292,-61.16314,1240.0,2516.0,2583.0,2516,100.0,ZNE,train,manuel,MQ_LAM_20140316_073315
"bucket0$179,:3,:6001",2014-03-16T07:32:52.769900,MQ,GBM,14.799451,-61.159276,800.0,2296.0,,2296,100.0,ZNE,train,manuel,MQ_GBM_20140316_073315
"bucket0$180,:3,:6001",2014-03-16T07:33:03.219900,MQ,BAM,14.8171,-61.1445,670.0,1269.0,,1269,100.0,ZNE,train,manuel,MQ_BAM_20140316_073315
"bucket0$181,:3,:6001",2014-03-16T07:33:08.930000,MQ,IA2,14.80307,-61.20515,289.0,754.0,836.0,754,100.0,ZNE,train,manuel,MQ_IA2_20140316_073316
"bucket0$182,:3,:6001",2014-03-16T07:36:49.429900,MQ,GBM,14.799451,-61.159276,800.0,5268.0,,5268,100.0,ZNE,train,manuel,MQ_GBM_20140316_073742
"bucket1$25,:3,:6001",2014-03-16T07:37:24.119900,MQ,BAM,14.8171,-61.1445,670.0,1822.0,,1822,100.0,ZNE,dev,manuel,MQ_BAM_20140316_073742
"bucket2$21,:3,:6001",2014-03-16T07:37:30.940000,MQ,LAM,14.81292,-61.16314,1240.0,1171.0,1231.0,1171,100.0,ZNE,test,manuel,MQ_LAM_20140316_073742
"bucket0$183,:3,:6001",2014-03-16T07:37:15.610000,MQ,IA2,14.80307,-61.20515,289.0,2728.0,2820.0,2728,100.0,ZNE,train,manuel,MQ_IA2_20140316_073742
"bucket0$184,:3,:6001",2014-03-16T09:22:02.999900,MQ,BAM,14.8171,-61.1445,670.0,2216.0,,2216,100.0,ZNE,train,manuel,MQ_BAM_20140316_092225
"bucket0$185,:3,:6001",2014-03-16T09:22:13.670000,MQ,LAM,14.81292,-61.16314,1240.0,1149.0,1213.0,1149,100.0,ZNE,train,manuel,MQ_LAM_20140316_092225
"bucket0$186,:3,:6001",2014-03-16T09:22:09.389900,MQ,GBM,14.799451,-61.159276,800.0,1587.0,,1587,100.0,ZNE,train,manuel,MQ_GBM_20140316_092225
"bucket0$187,:3,:6001",2014-03-16T09:22:07.910000,MQ,IA2,14.80307,-61.20515,289.0,1756.0,1894.0,1756,100.0,ZNE,train,manuel,MQ_IA2_20140316_092225
"bucket0$188,:3,:6001",2014-03-16T10:27:29.600000,MQ,IA2,14.80307,-61.20515,289.0,1422.0,1619.0,1422,100.0,ZNE,train,manuel,MQ_IA2_20140316_102743
"bucket0$189,:3,:6001",2014-03-16T10:27:27.979900,MQ,GBM,14.799451,-61.159276,800.0,1628.0,,1628,100.0,ZNE,train,manuel,MQ_GBM_20140316_102744
"bucket0$190,:3,:6001",2014-03-16T10:27:34.760000,MQ,LAM,14.81292,-61.16314,1240.0,953.0,1104.0,953,100.0,ZNE,train,manuel,MQ_LAM_20140316_102744
"bucket1$26,:3,:6001",2014-03-16T10:27:23.339900,MQ,BAM,14.8171,-61.1445,670.0,2126.0,,2126,100.0,ZNE,dev,manuel,MQ_BAM_20140316_102744
"bucket2$22,:3,:6001",2014-03-16T19:37:55.600000,MQ,LAM,14.81292,-61.16314,1240.0,686.0,760.0,686,100.0,ZNE,test,manuel,MQ_LAM_20140316_193802
"bucket2$23,:3,:6001",2014-03-16T19:37:11.839900,MQ,MLM,14.7846,-61.1786,370.0,5114.0,,5114,100.0,ZNE,test,manuel,MQ_MLM_20140316_193802
"bucket0$191,:3,:6001",2014-03-16T19:37:42.569900,MQ,GBM,14.799451,-61.159276,800.0,2046.0,,2046,100.0,ZNE,train,manuel,MQ_GBM_20140316_193803
"bucket2$24,:3,:6001",2014-03-16T19:37:55.240000,MQ,IA2,14.80307,-61.20515,289.0,783.0,879.0,783,100.0,ZNE,test,manuel,MQ_IA2_20140316_193803
"bucket0$192,:3,:6001",2014-03-16T19:37:08.549900,MQ,CPM,14.8168,-61.2074,242.0,5483.0,,5483,100.0,ZNE,train,manuel,MQ_CPM_20140316_193803
"bucket0$193,:3,:6001",2014-03-16T19:37:44.839900,MQ,BAM,14.8171,-61.1445,670.0,1885.0,,1885,100.0,ZNE,train,manuel,MQ_BAM_20140316_193803
"bucket0$194,:3,:6001",2014-03-16T23:39:31.359900,MQ,GBM,14.799451,-61.159276,800.0,4272.0,,4272,100.0,ZNE,train,manuel,MQ_GBM_20140316_234014
"bucket0$195,:3,:6001",2014-03-16T23:39:47.080000,MQ,LAM,14.81292,-61.16314,1240.0,2705.0,2861.0,2705,100.0,ZNE,train,manuel,MQ_LAM_20140316_234014
"bucket0$196,:3,:6001",2014-03-16T23:39:57.509900,MQ,BAM,14.8171,-61.1445,670.0,1682.0,,1682,100.0,ZNE,train,manuel,MQ_BAM_20140316_234014
"bucket1$27,:3,:6001",2014-03-16T23:40:07.520000,MQ,IA2,14.80307,-61.20515,289.0,682.0,823.0,682,100.0,ZNE,dev,manuel,MQ_IA2_20140316_234014
"bucket0$197,:3,:6001",2014-03-17T17:31:56.260000,WI,SAM,14.84108,-61.1638,485.0,4613.0,4962.0,4613,100.0,ZNE,train,manuel,WI_SAM_20140317_173242
"bucket0$198,:3,:6001",2014-03-17T17:32:00.660000,MQ,IA2,14.80307,-61.20515,289.0,4226.0,4401.0,4226,100.0,ZNE,train,manuel,MQ_IA2_20140317_173242
"bucket0$199,:3,:6001",2014-03-17T17:32:23.380000,MQ,LAM,14.81292,-61.16314,1240.0,1969.0,2090.0,1969,100.0,ZNE,train,manuel,MQ_LAM_20140317_173243
"bucket0$200,:3,:6001",2014-03-17T17:32:00.409900,MQ,MLM,14.7846,-61.1786,370.0,4314.0,,4314,100.0,ZNE,train,manuel,MQ_MLM_20140317_173243
"bucket2$25,:3,:6001",2014-03-17T17:32:24.099900,MQ,BAM,14.8171,-61.1445,670.0,1962.0,,1962,100.0,ZNE,test,manuel,MQ_BAM_20140317_173243
"bucket0$201,:3,:6001",2014-03-17T17:32:08.819900,MQ,GBM,14.799451,-61.159276,800.0,3521.0,,3521,100.0,ZNE,train,manuel,MQ_GBM_20140317_173244
"bucket0$202,:3,:6001",2014-03-17T20:12:26.490000,MQ,LAM,14.81292,-61.16314,1240.0,3481.0,3627.0,3481,100.0,ZNE,train,manuel,MQ_LAM_20140317_201301
"bucket0$203,:3,:6001",2014-03-17T20:12:08.739900,MQ,GBM,14.799451,-61.159276,800.0,5272.0,,5272,100.0,ZNE,train,manuel,MQ_GBM_20140317_201301
"bucket0$204,:3,:6001",2014-03-17T20:12:39.409900,MQ,BAM,14.8171,-61.1445,670.0,2290.0,,2290,100.0,ZNE,train,manuel,MQ_BAM_20140317_201302
"bucket0$205,:3,:6001",2014-03-18T05:13:22.710000,MQ,LAM,14.81292,-61.16314,1240.0,4355.0,4532.0,4355,100.0,ZNE,train,manuel,MQ_LAM_20140318_051406
"bucket0$206,:3,:6001",2014-03-18T05:13:36.069900,MQ,GBM,14.799451,-61.159276,800.0,3038.0,,3038,100.0,ZNE,train,manuel,MQ_GBM_20140318_051406
"bucket0$207,:3,:6001",2014-03-18T05:13:20.009900,MQ,BAM,14.8171,-61.1445,670.0,4661.0,,4661,100.0,ZNE,train,manuel,MQ_BAM_20140318_051406
"bucket0$208,:3,:6001",2014-03-18T05:13:35.110000,MQ,IA2,14.80307,-61.20515,289.0,3155.0,3277.0,3155,100.0,ZNE,train,manuel,MQ_IA2_20140318_051406
"bucket1$28,:3,:6001",2014-03-19T15:55:18.710000,MQ,LAM,14.81292,-61.16314,1240.0,1370.0,1750.0,1370,100.0,ZNE,dev,manuel,MQ_LAM_20140319_155532
"bucket0$209,:3,:6001",2014-03-19T15:55:20.889900,MQ,GBM,14.799451,-61.159276,800.0,1168.0,,1168,100.0,ZNE,train,manuel,MQ_GBM_20140319_155532
"bucket0$210,:3,:6001",2014-03-19T15:55:03.839900,MQ,BAM,14.8171,-61.1445,670.0,2919.0,,2919,100.0,ZNE,train,manuel,MQ_BAM_20140319_155533
"bucket0$211,:3,:6001",2014-03-22T15:44:47.159900,MQ,BAM,14.8171,-61.1445,670.0,1373.0,,1373,100.0,ZNE,train,manuel,MQ_BAM_20140322_154500
"bucket0$212,:3,:6001",2014-03-22T15:44:40.449900,MQ,GBM,14.799451,-61.159276,800.0,2071.0,,2071,100.0,ZNE,train,manuel,MQ_GBM_20140322_154501
"bucket1$29,:3,:6001",2014-03-22T15:44:28.960000,MQ,LAM,14.81292,-61.16314,1240.0,3226.0,,3226,100.0,ZNE,dev,manuel,MQ_LAM_20140322_154501
"bucket1$30,:3,:6001",2014-03-22T15:44:24.580000,MQ,IA2,14.80307,-61.20515,289.0,3719.0,3820.0,3719,100.0,ZNE,dev,manuel,MQ_IA2_20140322_154501
"bucket1$31,:3,:6001",2014-03-22T21:47:54.190000,MQ,LAM,14.81292,-61.16314,1240.0,2157.0,2197.0,2157,100.0,ZNE,dev,manuel,MQ_LAM_20140322_214815
"bucket0$213,:3,:6001",2014-03-22T21:47:37.309900,MQ,GBM,14.799451,-61.159276,800.0,3854.0,,3854,100.0,ZNE,train,manuel,MQ_GBM_20140322_214815
"bucket0$214,:3,:6001",2014-03-22T21:47:42.139900,MQ,CPM,14.8168,-61.2074,242.0,3398.0,,3398,100.0,ZNE,train,manuel,MQ_CPM_20140322_214816
"bucket2$26,:3,:6001",2014-03-22T21:47:36.699900,MQ,BAM,14.8171,-61.1445,670.0,3955.0,,3955,100.0,ZNE,test,manuel,MQ_BAM_20140322_214816
"bucket0$215,:3,:6001",2014-03-28T08:30:01.739900,MQ,GBM,14.799451,-61.159276,800.0,3071.0,,3071,100.0,ZNE,train,manuel,MQ_GBM_20140328_083032
"bucket0$216,:3,:6001",2014-03-28T08:30:17.420000,MQ,LAM,14.81292,-61.16314,1240.0,1507.0,1661.0,1507,100.0,ZNE,train,manuel,MQ_LAM_20140328_083032
"bucket0$217,:3,:6001",2014-03-28T08:29:44.699900,MQ,BAM,14.8171,-61.1445,670.0,4810.0,,4810,100.0,ZNE,train,manuel,MQ_BAM_20140328_083032
"bucket0$218,:3,:6001",2014-03-28T08:30:11.370000,MQ,IA2,14.80307,-61.20515,289.0,,2251.0,2251,100.0,ZNE,train,manuel,MQ_IA2_20140328_083033
"bucket0$219,:3,:6001",2014-03-28T08:48:11.190000,MQ,IA2,14.80307,-61.20515,289.0,3551.0,3732.0,3551,100.0,ZNE,train,manuel,MQ_IA2_20140328_084846
"bucket0$220,:3,:6001",2014-03-28T08:48:20.239900,MQ,GBM,14.799451,-61.159276,800.0,2664.0,,2664,100.0,ZNE,train,manuel,MQ_GBM_20140328_084846
"bucket2$27,:3,:6001",2014-03-28T08:48:35.690000,MQ,LAM,14.81292,-61.16314,1240.0,1128.0,1179.0,1128,100.0,ZNE,test,manuel,MQ_LAM_20140328_084846
"bucket0$221,:3,:6001",2014-03-28T08:47:59.839900,MQ,BAM,14.8171,-61.1445,670.0,4751.0,,4751,100.0,ZNE,train,manuel,MQ_BAM_20140328_084847
"bucket0$222,:3,:6001",2014-03-28T08:48:32.430000,WI,SAM,14.84108,-61.1638,485.0,,1622.0,1622,100.0,ZNE,train,manuel,WI_SAM_20140328_084848
"bucket0$223,:3,:6001",2014-03-28T09:15:03.799900,MQ,GBM,14.799451,-61.159276,800.0,1319.0,,1319,100.0,ZNE,train,manuel,MQ_GBM_20140328_091516
"bucket0$224,:3,:6001",2014-03-28T09:15:01.710000,MQ,LAM,14.81292,-61.16314,1240.0,1532.0,1596.0,1532,100.0,ZNE,train,manuel,MQ_LAM_20140328_091517
"bucket0$225,:3,:6001",2014-03-28T09:14:25.759900,MQ,BAM,14.8171,-61.1445,670.0,5168.0,,5168,100.0,ZNE,train,manuel,MQ_BAM_20140328_091517
"bucket0$226,:3,:6001",2014-03-28T09:15:06.850000,MQ,IA2,14.80307,-61.20515,289.0,1077.0,1167.0,1077,100.0,ZNE,train,manuel,MQ_IA2_20140328_091517
"bucket0$227,:3,:6001",2014-03-28T09:25:28.810000,MQ,LAM,14.81292,-61.16314,1240.0,3508.0,3558.0,3508,100.0,ZNE,train,manuel,MQ_LAM_20140328_092603
"bucket0$228,:3,:6001",2014-03-28T09:25:15.689900,MQ,GBM,14.799451,-61.159276,800.0,4849.0,,4849,100.0,ZNE,train,manuel,MQ_GBM_20140328_092604
"bucket0$229,:3,:6001",2014-03-28T09:25:15.479900,MQ,BAM,14.8171,-61.1445,670.0,4882.0,,4882,100.0,ZNE,train,manuel,MQ_BAM_20140328_092604
"bucket0$230,:3,:6001",2014-03-28T09:25:43.980000,MQ,IA2,14.80307,-61.20515,289.0,2051.0,2228.0,2051,100.0,ZNE,train,manuel,MQ_IA2_20140328_092604
"bucket1$32,:3,:6001",2014-03-30T09:24:35.480000,MQ,LAM,14.81292,-61.16314,1240.0,891.0,978.0,891,100.0,ZNE,dev,manuel,MQ_LAM_20140330_092444
"bucket0$231,:3,:6001",2014-03-30T09:24:13.489900,MQ,GBM,14.799451,-61.159276,800.0,3131.0,,3131,100.0,ZNE,train,manuel,MQ_GBM_20140330_092444
"bucket0$232,:3,:6001",2014-03-30T09:23:53.169900,MQ,BAM,14.8171,-61.1445,670.0,5209.0,,5209,100.0,ZNE,train,manuel,MQ_BAM_20140330_092445
"bucket0$233,:3,:6001",2014-03-30T09:24:01.410000,MQ,IA2,14.80307,-61.20515,289.0,4396.0,4476.0,4396,100.0,ZNE,train,manuel,MQ_IA2_20140330_092445
"bucket0$234,:3,:6001",2014-04-01T19:23:55.390000,MQ,LAM,14.81292,-61.16314,1240.0,2418.0,2514.0,2418,100.0,ZNE,train,manuel,MQ_LAM_20140401_192419
"bucket0$235,:3,:6001",2014-04-01T19:24:08.099900,MQ,GBM,14.799451,-61.159276,800.0,1130.0,,1130,100.0,ZNE,train,manuel,MQ_GBM_20140401_192419
"bucket0$236,:3,:6001",2014-04-01T21:22:30.349900,MQ,GBM,14.799451,-61.159276,800.0,4787.0,,4787,100.0,ZNE,train,manuel,MQ_GBM_20140401_212318
"bucket0$237,:3,:6001",2014-04-01T21:22:56.610000,MQ,LAM,14.81292,-61.16314,1240.0,2180.0,2244.0,2180,100.0,ZNE,train,manuel,MQ_LAM_20140401_212318
"bucket1$33,:3,:6001",2014-04-01T21:22:36.149900,MQ,BAM,14.8171,-61.1445,670.0,4241.0,,4241,100.0,ZNE,dev,manuel,MQ_BAM_20140401_212318
"bucket1$34,:3,:6001",2014-04-01T23:07:40.319900,MQ,BAM,14.8171,-61.1445,670.0,674.0,,674,100.0,ZNE,dev,manuel,MQ_BAM_20140401_230747
"bucket0$238,:3,:6001",2014-04-01T23:07:36.249900,MQ,GBM,14.799451,-61.159276,800.0,1089.0,,1089,100.0,ZNE,train,manuel,MQ_GBM_20140401_230747
"bucket0$239,:3,:6001",2014-04-01T23:06:56.720000,MQ,IA2,14.80307,-61.20515,289.0,5101.0,5262.0,5101,100.0,ZNE,train,manuel,MQ_IA2_20140401_230747
"bucket0$240,:3,:6001",2014-04-01T23:07:06.609900,MQ,CPM,14.8168,-61.2074,242.0,4146.0,,4146,100.0,ZNE,train,manuel,MQ_CPM_20140401_230748
"bucket0$241,:3,:6001",2014-04-01T23:07:26.150000,MQ,LAM,14.81292,-61.16314,1240.0,2332.0,,2332,100.0,ZNE,train,manuel,MQ_LAM_20140401_230749
"bucket0$242,:3,:6001",2014-04-01T23:10:51.209900,MQ,BAM,14.8171,-61.1445,670.0,4197.0,,4197,100.0,ZNE,train,manuel,MQ_BAM_20140401_231133
"bucket0$243,:3,:6001",2014-04-01T23:10:41.319900,MQ,GBM,14.799451,-61.159276,800.0,5202.0,,5202,100.0,ZNE,train,manuel,MQ_GBM_20140401_231133
"bucket0$244,:3,:6001",2014-04-01T23:11:11.700000,MQ,IA2,14.80307,-61.20515,289.0,2166.0,2325.0,2166,100.0,ZNE,train,manuel,MQ_IA2_20140401_231133
"bucket0$245,:3,:6001",2014-04-01T23:11:05.489900,MQ,CPM,14.8168,-61.2074,242.0,2814.0,,2814,100.0,ZNE,train,manuel,MQ_CPM_20140401_231133
"bucket0$246,:3,:6001",2014-04-01T23:10:48.280000,MQ,LAM,14.81292,-61.16314,1240.0,,4745.0,4745,100.0,ZNE,train,manuel,MQ_LAM_20140401_231135
"bucket0$247,:3,:6001",2014-04-02T01:44:42.390000,MQ,LAM,14.81292,-61.16314,1240.0,3144.0,3219.0,3144,100.0,ZNE,train,manuel,MQ_LAM_20140402_014513
"bucket2$28,:3,:6001",2014-04-02T01:44:22.679900,MQ,GBM,14.799451,-61.159276,800.0,5146.0,,5146,100.0,ZNE,test,manuel,MQ_GBM_20140402_014514
"bucket2$29,:3,:6001",2014-04-02T01:44:44.449900,MQ,BAM,14.8171,-61.1445,670.0,3037.0,,3037,100.0,ZNE,test,manuel,MQ_BAM_20140402_014514
"bucket1$35,:3,:6001",2014-04-02T01:45:04.650000,MQ,IA2,14.80307,-61.20515,289.0,,1082.0,1082,100.0,ZNE,dev,manuel,MQ_IA2_20140402_014515
"bucket0$248,:3,:6001",2014-04-02T03:28:33.810000,MQ,LAM,14.81292,-61.16314,1240.0,5035.0,5089.0,5035,100.0,ZNE,train,manuel,MQ_LAM_20140402_032924
"bucket0$249,:3,:6001",2014-04-02T03:28:31.529900,MQ,BAM,14.8171,-61.1445,670.0,5371.0,,5371,100.0,ZNE,train,manuel,MQ_BAM_20140402_032925
"bucket0$250,:3,:6001",2014-04-02T04:43:17.010000,MQ,LAM,14.81292,-61.16314,1240.0,703.0,752.0,703,100.0,ZNE,train,manuel,MQ_LAM_20140402_044324
"bucket0$251,:3,:6001",2014-04-02T04:43:09.179900,MQ,BAM,14.8171,-61.1445,670.0,1513.0,,1513,100.0,ZNE,train,manuel,MQ_BAM_20140402_044324
"bucket0$252,:3,:6001",2014-04-02T04:42:33.039900,MQ,GBM,14.799451,-61.159276,800.0,5136.0,,5136,100.0,ZNE,train,manuel,MQ_GBM_20140402_044324
"bucket0$253,:3,:6001",2014-04-02T07:06:07.849900,MQ,GBM,14.799451,-61.159276,800.0,3464.0,,3464,100.0,ZNE,train,manuel,MQ_GBM_20140402_070642
"bucket0$254,:3,:6001",2014-04-02T07:06:20.080000,MQ,LAM,14.81292,-61.16314,1240.0,2260.0,2456.0,2260,100.0,ZNE,train,manuel,MQ_LAM_20140402_070642
"bucket2$30,:3,:6001",2014-04-02T07:06:12.899900,MQ,BAM,14.8171,-61.1445,670.0,3050.0,,3050,100.0,ZNE,test,manuel,MQ_BAM_20140402_070643
"bucket1$36,:3,:6001",2014-04-02T07:20:50.220000,MQ,LAM,14.81292,-61.16314,1240.0,1313.0,1358.0,1313,100.0,ZNE,dev,manuel,MQ_LAM_20140402_072103
"bucket2$31,:3,:6001",2014-04-02T07:20:44.289900,MQ,GBM,14.799451,-61.159276,800.0,1955.0,,1955,100.0,ZNE,test,manuel,MQ_GBM_20140402_072103
"bucket0$255,:3,:6001",2014-04-02T07:20:23.980000,MQ,IA2,14.80307,-61.20515,289.0,3990.0,4097.0,3990,100.0,ZNE,train,manuel,MQ_IA2_20140402_072103
"bucket0$256,:3,:6001",2014-04-02T07:26:45.050000,MQ,LAM,14.81292,-61.16314,1240.0,5379.0,5462.0,5379,100.0,ZNE,train,manuel,MQ_LAM_20140402_072738
"bucket2$32,:3,:6001",2014-04-02T07:26:50.579900,MQ,GBM,14.799451,-61.159276,800.0,4836.0,,4836,100.0,ZNE,test,manuel,MQ_GBM_20140402_072738
"bucket0$257,:3,:6001",2014-04-02T07:27:31.729900,MQ,BAM,14.8171,-61.1445,670.0,722.0,,722,100.0,ZNE,train,manuel,MQ_BAM_20140402_072738
"bucket1$37,:3,:6001",2014-04-02T08:25:22.340000,MQ,LAM,14.81292,-61.16314,1240.0,4217.0,4286.0,4217,100.0,ZNE,dev,manuel,MQ_LAM_20140402_082604
"bucket2$33,:3,:6001",2014-04-02T08:25:28.729900,MQ,GBM,14.799451,-61.159276,800.0,3587.0,,3587,100.0,ZNE,test,manuel,MQ_GBM_20140402_082604
"bucket0$258,:3,:6001",2014-04-02T08:25:49.059900,MQ,BAM,14.8171,-61.1445,670.0,1573.0,,1573,100.0,ZNE,train,manuel,MQ_BAM_20140402_082604
"bucket1$38,:3,:6001",2014-04-02T08:53:55.319900,MQ,GBM,14.799451,-61.159276,800.0,1806.0,,1806,100.0,ZNE,dev,manuel,MQ_GBM_20140402_085413
"bucket0$259,:3,:6001",2014-04-02T08:53:33.110000,MQ,LAM,14.81292,-61.16314,1240.0,4036.0,4103.0,4036,100.0,ZNE,train,manuel,MQ_LAM_20140402_085413
"bucket0$260,:3,:6001",2014-04-02T08:53:50.439900,MQ,BAM,14.8171,-61.1445,670.0,2332.0,,2332,100.0,ZNE,train,manuel,MQ_BAM_20140402_085413
"bucket1$39,:3,:6001",2014-04-02T08:53:32.420000,MQ,IA2,14.80307,-61.20515,289.0,4191.0,4257.0,4191,100.0,ZNE,dev,manuel,MQ_IA2_20140402_085414
"bucket0$261,:3,:6001",2014-04-02T10:35:34.280000,MQ,LAM,14.81292,-61.16314,1240.0,637.0,,637,100.0,ZNE,train,manuel,MQ_LAM_20140402_103540
"bucket0$262,:3,:6001",2014-04-02T10:35:33.280000,MQ,IA2,14.80307,-61.20515,289.0,764.0,840.0,764,100.0,ZNE,train,manuel,MQ_IA2_20140402_103540
"bucket2$34,:3,:6001",2014-04-02T10:35:22.129900,MQ,BAM,14.8171,-61.1445,670.0,1934.0,,1934,100.0,ZNE,test,manuel,MQ_BAM_20140402_103541
"bucket0$263,:3,:6001",2014-04-02T11:21:21.009900,MQ,GBM,14.799451,-61.159276,800.0,1805.0,,1805,100.0,ZNE,train,manuel,MQ_GBM_20140402_112139
"bucket0$264,:3,:6001",2014-04-02T11:21:18.539900,MQ,BAM,14.8171,-61.1445,670.0,2178.0,,2178,100.0,ZNE,train,manuel,MQ_BAM_20140402_112140
"bucket0$265,:3,:6001",2014-04-02T12:46:31.420000,MQ,LAM,14.81292,-61.16314,1240.0,3076.0,3142.0,3076,100.0,ZNE,train,manuel,MQ_LAM_20140402_124702
"bucket1$40,:3,:6001",2014-04-02T12:46:24.449900,MQ,GBM,14.799451,-61.159276,800.0,3785.0,,3785,100.0,ZNE,dev,manuel,MQ_GBM_20140402_124702
"bucket0$266,:3,:6001",2014-04-02T12:46:34.859900,MQ,BAM,14.8171,-61.1445,670.0,2747.0,,2747,100.0,ZNE,train,manuel,MQ_BAM_20140402_124702
"bucket0$267,:3,:6001",2014-04-02T13:21:59.320000,MQ,LAM,14.81292,-61.16314,1240.0,3738.0,4206.0,3738,100.0,ZNE,train,manuel,MQ_LAM_20140402_132236
"bucket0$268,:3,:6001",2014-04-02T13:21:59.369900,MQ,GBM,14.799451,-61.159276,800.0,3783.0,,3783,100.0,ZNE,train,manuel,MQ_GBM_20140402_132237
"bucket0$269,:3,:6001",2014-04-02T13:22:25.619900,MQ,BAM,14.8171,-61.1445,670.0,1275.0,,1275,100.0,ZNE,train,manuel,MQ_BAM_20140402_132238
"bucket0$270,:3,:6001",2014-04-02T13:22:17.330000,WI,SAM,14.84108,-61.1638,485.0,2149.0,2571.0,2149,100.0,ZNE,train,manuel,WI_SAM_20140402_132238
"bucket0$271,:3,:6001",2014-04-02T13:21:55.790000,MQ,IA2,14.80307,-61.20515,289.0,,4670.0,4670,100.0,ZNE,train,manuel,MQ_IA2_20140402_132242
"bucket0$272,:3,:6001",2014-04-02T15:28:58.970000,MQ,LAM,14.81292,-61.16314,1240.0,1737.0,1963.0,1737,100.0,ZNE,train,manuel,MQ_LAM_20140402_152916
"bucket0$273,:3,:6001",2014-04-02T15:28:24.259900,MQ,GBM,14.799451,-61.159276,800.0,5251.0,,5251,100.0,ZNE,train,manuel,MQ_GBM_20140402_152916
"bucket1$41,:3,:6001",2014-04-02T15:28:59.269900,MQ,BAM,14.8171,-61.1445,670.0,1813.0,,1813,100.0,ZNE,dev,manuel,MQ_BAM_20140402_152917
"bucket0$274,:3,:6001",2014-04-02T15:37:06.349900,MQ,BAM,14.8171,-61.1445,670.0,1583.0,,1583,100.0,ZNE,train,manuel,MQ_BAM_20140402_153722
"bucket0$275,:3,:6001",2014-04-02T15:36:53.720000,MQ,LAM,14.81292,-61.16314,1240.0,2856.0,2905.0,2856,100.0,ZNE,train,manuel,MQ_LAM_20140402_153722
"bucket0$276,:3,:6001",2014-04-02T15:36:47.679900,MQ,GBM,14.799451,-61.159276,800.0,3540.0,,3540,100.0,ZNE,train,manuel,MQ_GBM_20140402_153723
"bucket1$42,:3,:6001",2014-04-02T15:41:57.620000,MQ,LAM,14.81292,-61.16314,1240.0,3731.0,,3731,100.0,ZNE,dev,manuel,MQ_LAM_20140402_154234
"bucket0$277,:3,:6001",2014-04-02T15:42:23.179900,MQ,GBM,14.799451,-61.159276,800.0,1217.0,,1217,100.0,ZNE,train,manuel,MQ_GBM_20140402_154235
"bucket2$35,:3,:6001",2014-04-02T15:42:28.389900,MQ,BAM,14.8171,-61.1445,670.0,727.0,,727,100.0,ZNE,test,manuel,MQ_BAM_20140402_154235
"bucket0$278,:3,:6001",2014-04-02T18:32:54.600000,MQ,LAM,14.81292,-61.16314,1240.0,1722.0,1782.0,1722,100.0,ZNE,train,manuel,MQ_LAM_20140402_183311
"bucket0$279,:3,:6001",2014-04-02T18:32:52.939900,MQ,GBM,14.799451,-61.159276,800.0,1925.0,,1925,100.0,ZNE,train,manuel,MQ_GBM_20140402_183312
"bucket0$280,:3,:6001",2014-04-02T18:33:04.280000,MQ,IA2,14.80307,-61.20515,289.0,,925.0,925,100.0,ZNE,train,manuel,MQ_IA2_20140402_183313
"bucket1$43,:3,:6001",2014-04-03T04:22:41.340000,MQ,IA2,14.80307,-61.20515,289.0,3371.0,3545.0,3371,100.0,ZNE,dev,manuel,MQ_IA2_20140403_042315
"bucket0$281,:3,:6001",2014-04-03T04:23:08.469900,MQ,GBM,14.799451,-61.159276,800.0,663.0,,663,100.0,ZNE,train,manuel,MQ_GBM_20140403_042315
"bucket0$282,:3,:6001",2014-04-03T04:23:02.830000,MQ,LAM,14.81292,-61.16314,1240.0,1245.0,1384.0,1245,100.0,ZNE,train,manuel,MQ_LAM_20140403_042315
"bucket1$44,:3,:6001",2014-04-03T04:22:29.279900,MQ,MLM,14.7846,-61.1786,370.0,4607.0,,4607,100.0,ZNE,dev,manuel,MQ_MLM_20140403_042315
"bucket0$283,:3,:6001",2014-04-03T04:22:34.889900,MQ,BAM,14.8171,-61.1445,670.0,4077.0,,4077,100.0,ZNE,train,manuel,MQ_BAM_20140403_042315
"bucket0$284,:3,:6001",2014-04-04T00:37:51.980000,MQ,IA2,14.80307,-61.20515,289.0,4777.0,5045.0,4777,100.0,ZNE,train,manuel,MQ_IA2_20140404_003839
"bucket0$285,:3,:6001",2014-04-04T00:38:29.130000,MQ,LAM,14.81292,-61.16314,1240.0,1166.0,1295.0,1166,100.0,ZNE,train,manuel,MQ_LAM_20140404_003840
"bucket1$45,:3,:6001",2014-04-04T00:37:47.929900,MQ,GBM,14.799451,-61.159276,800.0,5293.0,,5293,100.0,ZNE,dev,manuel,MQ_GBM_20140404_003840
"bucket1$46,:3,:6001",2014-04-04T00:38:00.559900,MQ,MLM,14.7846,-61.1786,370.0,4032.0,,4032,100.0,ZNE,dev,manuel,MQ_MLM_20140404_003840
"bucket0$286,:3,:6001",2014-04-04T00:37:50.549900,MQ,BAM,14.8171,-61.1445,670.0,5090.0,,5090,100.0,ZNE,train,manuel,MQ_BAM_20140404_003841
"bucket2$36,:3,:6001",2014-04-04T13:47:41.580000,MQ,LAM,14.81292,-61.16314,1240.0,2001.0,2484.0,2001,100.0,ZNE,test,manuel,MQ_LAM_20140404_134801
"bucket0$287,:3,:6001",2014-04-04T13:47:52.169900,MQ,BAM,14.8171,-61.1445,670.0,950.0,,950,100.0,ZNE,train,manuel,MQ_BAM_20140404_134801
"bucket0$288,:3,:6001",2014-04-04T13:47:54.919900,MQ,GBM,14.799451,-61.159276,800.0,686.0,,686,100.0,ZNE,train,manuel,MQ_GBM_20140404_134801
"bucket2$37,:3,:6001",2014-04-05T03:58:33.410000,MQ,LAM,14.81292,-61.16314,1240.0,4344.0,4863.0,4344,100.0,ZNE,test,manuel,MQ_LAM_20140405_035916
"bucket0$289,:3,:6001",2014-04-05T03:58:50.079900,MQ,BAM,14.8171,-61.1445,670.0,2699.0,,2699,100.0,ZNE,train,manuel,MQ_BAM_20140405_035917
"bucket0$290,:3,:6001",2014-04-05T03:58:42.919900,MQ,GBM,14.799451,-61.159276,800.0,3421.0,,3421,100.0,ZNE,train,manuel,MQ_GBM_20140405_035917
"bucket1$47,:3,:6001",2014-04-05T03:59:06.960000,MQ,IA2,14.80307,-61.20515,289.0,1024.0,1547.0,1024,100.0,ZNE,dev,manuel,MQ_IA2_20140405_035917
"bucket0$291,:3,:6001",2014-04-05T03:58:48.519900,MQ,MLM,14.7846,-61.1786,370.0,2921.0,,2921,100.0,ZNE,train,manuel,MQ_MLM_20140405_035917
"bucket0$292,:3,:6001",2014-04-05T03:58:36.189900,MQ,CPM,14.8168,-61.2074,242.0,4205.0,,4205,100.0,ZNE,train,manuel,MQ_CPM_20140405_035918
"bucket0$293,:3,:6001",2014-04-05T05:40:42.630000,MQ,LAM,14.81292,-61.16314,1240.0,3966.0,4096.0,3966,100.0,ZNE,train,manuel,MQ_LAM_20140405_054122
"bucket2$38,:3,:6001",2014-04-05T05:40:48.609900,MQ,GBM,14.799451,-61.159276,800.0,3388.0,,3388,100.0,ZNE,test,manuel,MQ_GBM_20140405_054122
"bucket2$39,:3,:6001",2014-04-05T05:40:30.750000,MQ,IA2,14.80307,-61.20515,289.0,5205.0,5310.0,5205,100.0,ZNE,test,manuel,MQ_IA2_20140405_054122
"bucket0$294,:3,:6001",2014-04-05T05:41:16.809900,MQ,BAM,14.8171,-61.1445,670.0,622.0,,622,100.0,ZNE,train,manuel,MQ_BAM_20140405_054123
"bucket1$48,:3,:6001",2014-04-06T09:13:43.970000,MQ,LAM,14.81292,-61.16314,1240.0,3937.0,,3937,100.0,ZNE,dev,manuel,MQ_LAM_20140406_091423
"bucket0$295,:3,:6001",2014-04-06T09:13:41.829900,MQ,GBM,14.799451,-61.159276,800.0,4177.0,,4177,100.0,ZNE,train,manuel,MQ_GBM_20140406_091423
"bucket0$296,:3,:6001",2014-04-09T03:29:58.180000,MQ,LAM,14.81292,-61.16314,1240.0,533.0,,533,100.0,ZNE,train,manuel,MQ_LAM_20140409_033003
"bucket0$297,:3,:6001",2014-04-09T03:29:38.250000,MQ,IA2,14.80307,-61.20515,289.0,2545.0,2684.0,2545,100.0,ZNE,train,manuel,MQ_IA2_20140409_033003
"bucket0$298,:3,:6001",2014-04-09T03:29:40.849900,MQ,GBM,14.799451,-61.159276,800.0,2313.0,,2313,100.0,ZNE,train,manuel,MQ_GBM_20140409_033003
"bucket2$40,:3,:6001",2014-04-09T03:47:20.140000,MQ,IA2,14.80307,-61.20515,289.0,2203.0,2427.0,2203,100.0,ZNE,test,manuel,MQ_IA2_20140409_034742
"bucket1$49,:3,:6001",2014-04-09T03:47:02.739900,MQ,BAM,14.8171,-61.1445,670.0,3976.0,,3976,100.0,ZNE,dev,manuel,MQ_BAM_20140409_034742
"bucket0$299,:3,:6001",2014-04-09T03:47:19.239900,MQ,GBM,14.799451,-61.159276,800.0,2345.0,,2345,100.0,ZNE,train,manuel,MQ_GBM_20140409_034742
"bucket0$300,:3,:6001",2014-04-13T14:04:28.469900,MQ,GBM,14.799451,-61.159276,800.0,4584.0,,4584,100.0,ZNE,train,manuel,MQ_GBM_20140413_140514
"bucket0$301,:3,:6001",2014-04-13T14:04:58.730000,MQ,LAM,14.81292,-61.16314,1240.0,1565.0,,1565,100.0,ZNE,train,manuel,MQ_LAM_20140413_140514
"bucket0$302,:3,:6001",2014-04-13T14:04:29.320000,MQ,IA2,14.80307,-61.20515,289.0,4511.0,4881.0,4511,100.0,ZNE,train,manuel,MQ_IA2_20140413_140514
"bucket0$303,:3,:6001",2014-04-13T14:04:21.269900,MQ,BAM,14.8171,-61.1445,670.0,5319.0,,5319,100.0,ZNE,train,manuel,MQ_BAM_20140413_140514
"bucket0$304,:3,:6001",2014-04-13T15:10:39.720000,MQ,LAM,14.81292,-61.16314,1240.0,1859.0,1937.0,1859,100.0,ZNE,train,manuel,MQ_LAM_20140413_151058
"bucket0$305,:3,:6001",2014-04-13T15:10:37.759900,MQ,GBM,14.799451,-61.159276,800.0,2083.0,,2083,100.0,ZNE,train,manuel,MQ_GBM_20140413_151058
"bucket0$306,:3,:6001",2014-04-13T15:10:50.459900,MQ,BAM,14.8171,-61.1445,670.0,855.0,,855,100.0,ZNE,train,manuel,MQ_BAM_20140413_151059
"bucket0$307,:3,:6001",2014-04-13T15:10:05.999900,MQ,MLM,14.7846,-61.1786,370.0,5326.0,,5326,100.0,ZNE,train,manuel,MQ_MLM_20140413_151059
"bucket0$308,:3,:6001",2014-04-13T15:10:39.780000,MQ,IA2,14.80307,-61.20515,289.0,1960.0,2043.0,1960,100.0,ZNE,train,manuel,MQ_IA2_20140413_151059
"bucket0$309,:3,:6001",2014-04-13T17:21:14.519900,MQ,GBM,14.799451,-61.159276,800.0,996.0,,996,100.0,ZNE,train,manuel,MQ_GBM_20140413_172124
"bucket0$310,:3,:6001",2014-04-13T17:21:03.420000,MQ,LAM,14.81292,-61.16314,1240.0,2205.0,2221.0,2205,100.0,ZNE,train,manuel,MQ_LAM_20140413_172125
"bucket0$311,:3,:6001",2014-04-13T17:20:56.329900,MQ,BAM,14.8171,-61.1445,670.0,2947.0,,2947,100.0,ZNE,train,manuel,MQ_BAM_20140413_172125
"bucket0$312,:3,:6001",2014-04-13T17:20:50.090000,MQ,IA2,14.80307,-61.20515,289.0,3582.0,3627.0,3582,100.0,ZNE,train,manuel,MQ_IA2_20140413_172125
"bucket0$313,:3,:6001",2014-04-13T17:21:06.169900,MQ,MLM,14.7846,-61.1786,370.0,2044.0,,2044,100.0,ZNE,train,manuel,MQ_MLM_20140413_172126
"bucket0$314,:3,:6001",2014-04-13T18:59:32.830000,MQ,LAM,14.81292,-61.16314,1240.0,3249.0,3345.0,3249,100.0,ZNE,train,manuel,MQ_LAM_20140413_190005
"bucket0$315,:3,:6001",2014-04-13T18:59:51.739900,MQ,GBM,14.799451,-61.159276,800.0,1383.0,,1383,100.0,ZNE,train,manuel,MQ_GBM_20140413_190005
"bucket0$316,:3,:6001",2014-04-13T18:59:48.169900,MQ,BAM,14.8171,-61.1445,670.0,1781.0,,1781,100.0,ZNE,train,manuel,MQ_BAM_20140413_190005
"bucket0$317,:3,:6001",2014-04-13T18:59:34.830000,MQ,IA2,14.80307,-61.20515,289.0,3136.0,3222.0,3136,100.0,ZNE,train,manuel,MQ_IA2_20140413_190006
"bucket0$318,:3,:6001",2014-04-13T18:59:28.059900,MQ,MLM,14.7846,-61.1786,370.0,3813.0,,3813,100.0,ZNE,train,manuel,MQ_MLM_20140413_190006
"bucket0$319,:3,:6001",2014-04-13T19:44:17.420000,MQ,LAM,14.81292,-61.16314,1240.0,585.0,637.0,585,100.0,ZNE,train,manuel,MQ_LAM_20140413_194423
"bucket2$41,:3,:6001",2014-04-13T19:44:07.889900,MQ,BAM,14.8171,-61.1445,670.0,1570.0,,1570,100.0,ZNE,test,manuel,MQ_BAM_20140413_194423
"bucket0$320,:3,:6001",2014-04-13T19:43:54.749900,MQ,GBM,14.799451,-61.159276,800.0,2891.0,,2891,100.0,ZNE,train,manuel,MQ_GBM_20140413_194423
"bucket0$321,:3,:6001",2014-04-13T19:44:16.050000,MQ,IA2,14.80307,-61.20515,289.0,777.0,880.0,777,100.0,ZNE,train,manuel,MQ_IA2_20140413_194423
"bucket2$42,:3,:6001",2014-04-13T19:52:48.400000,MQ,LAM,14.81292,-61.16314,1240.0,4447.0,4665.0,4447,100.0,ZNE,test,manuel,MQ_LAM_20140413_195332
"bucket0$322,:3,:6001",2014-04-13T19:52:41.890000,MQ,IA2,14.80307,-61.20515,289.0,5098.0,5268.0,5098,100.0,ZNE,train,manuel,MQ_IA2_20140413_195332
"bucket0$323,:3,:6001",2014-04-13T19:53:07.529900,MQ,BAM,14.8171,-61.1445,670.0,2571.0,,2571,100.0,ZNE,train,manuel,MQ_BAM_20140413_195333
"bucket0$324,:3,:6001",2014-04-13T19:53:09.089900,MQ,GBM,14.799451,-61.159276,800.0,2421.0,,2421,100.0,ZNE,train,manuel,MQ_GBM_20140413_195333
"bucket0$325,:3,:6001",2014-04-13T19:52:48.430000,WI,SAM,14.84108,-61.1638,485.0,4508.0,4696.0,4508,100.0,ZNE,train,manuel,WI_SAM_20140413_195333
"bucket0$326,:3,:6001",2014-04-13T20:20:59.610000,MQ,LAM,14.81292,-61.16314,1240.0,4762.0,4875.0,4762,100.0,ZNE,train,manuel,MQ_LAM_20140413_202147
"bucket0$327,:3,:6001",2014-04-13T20:21:34.179900,MQ,GBM,14.799451,-61.159276,800.0,1309.0,,1309,100.0,ZNE,train,manuel,MQ_GBM_20140413_202147
"bucket0$328,:3,:6001",2014-04-13T20:21:12.410000,MQ,IA2,14.80307,-61.20515,289.0,3506.0,3604.0,3506,100.0,ZNE,train,manuel,MQ_IA2_20140413_202147
"bucket2$43,:3,:6001",2014-04-13T20:21:37.809900,MQ,BAM,14.8171,-61.1445,670.0,987.0,,987,100.0,ZNE,test,manuel,MQ_BAM_20140413_202147
"bucket0$329,:3,:6001",2014-04-14T08:57:18.629900,MQ,BAM,14.8171,-61.1445,670.0,3289.0,,3289,100.0,ZNE,train,manuel,MQ_BAM_20140414_085751
"bucket0$330,:3,:6001",2014-04-14T08:57:03.290000,MQ,IA2,14.80307,-61.20515,289.0,4852.0,4877.0,4852,100.0,ZNE,train,manuel,MQ_IA2_20140414_085751
"bucket0$331,:3,:6001",2014-04-14T08:57:19.749900,MQ,GBM,14.799451,-61.159276,800.0,3209.0,,3209,100.0,ZNE,train,manuel,MQ_GBM_20140414_085751
"bucket1$50,:3,:6001",2014-04-14T08:57:00.710000,MQ,LAM,14.81292,-61.16314,1240.0,5150.0,5214.0,5150,100.0,ZNE,dev,manuel,MQ_LAM_20140414_085752
"bucket0$332,:3,:6001",2014-04-16T02:16:24.349900,MQ,GBM,14.799451,-61.159276,800.0,3141.0,,3141,100.0,ZNE,train,manuel,MQ_GBM_20140416_021655
"bucket0$333,:3,:6001",2014-04-16T02:16:46.410000,MQ,LAM,14.81292,-61.16314,1240.0,935.0,988.0,935,100.0,ZNE,train,manuel,MQ_LAM_20140416_021655
"bucket1$51,:3,:6001",2014-04-16T02:16:13.399900,MQ,BAM,14.8171,-61.1445,670.0,4274.0,,4274,100.0,ZNE,dev,manuel,MQ_BAM_20140416_021656
"bucket0$334,:3,:6001",2014-04-16T02:16:20.069900,MQ,MLM,14.7846,-61.1786,370.0,3620.0,,3620,100.0,ZNE,train,manuel,MQ_MLM_20140416_021656
"bucket0$335,:3,:6001",2014-04-16T02:16:23.550000,MQ,IA2,14.80307,-61.20515,289.0,3281.0,3380.0,3281,100.0,ZNE,train,manuel,MQ_IA2_20140416_021656
"bucket0$336,:3,:6001",2014-04-16T07:47:26.369900,MQ,GBM,14.799451,-61.159276,800.0,1335.0,,1335,100.0,ZNE,train,manuel,MQ_GBM_20140416_074739
"bucket0$337,:3,:6001",2014-04-16T07:47:07.860000,MQ,LAM,14.81292,-61.16314,1240.0,3190.0,3292.0,3190,100.0,ZNE,train,manuel,MQ_LAM_20140416_074739
"bucket0$338,:3,:6001",2014-04-16T07:47:16.719900,MQ,BAM,14.8171,-61.1445,670.0,2335.0,,2335,100.0,ZNE,train,manuel,MQ_BAM_20140416_074740
"bucket0$339,:3,:6001",2014-04-16T07:47:02.890000,MQ,IA2,14.80307,-61.20515,289.0,3735.0,3839.0,3735,100.0,ZNE,train,manuel,MQ_IA2_20140416_074740
"bucket0$340,:3,:6001",2014-04-21T00:45:30.530000,MQ,LAM,14.81292,-61.16314,1240.0,965.0,,965,100.0,ZNE,train,manuel,MQ_LAM_20140421_004540
"bucket0$341,:3,:6001",2014-04-21T00:45:04.869900,MQ,GBM,14.799451,-61.159276,800.0,3531.0,,3531,100.0,ZNE,train,manuel,MQ_GBM_20140421_004540
"bucket1$52,:3,:6001",2014-04-21T00:45:21.190000,MQ,IA2,14.80307,-61.20515,289.0,1918.0,2055.0,1918,100.0,ZNE,dev,manuel,MQ_IA2_20140421_004540
"bucket0$342,:3,:6001",2014-04-21T00:58:09.469900,MQ,GBM,14.799451,-61.159276,800.0,3204.0,,3204,100.0,ZNE,train,manuel,MQ_GBM_20140421_005841
"bucket0$343,:3,:6001",2014-04-21T00:58:33.670000,MQ,LAM,14.81292,-61.16314,1240.0,795.0,856.0,795,100.0,ZNE,train,manuel,MQ_LAM_20140421_005841
"bucket1$53,:3,:6001",2014-04-21T00:58:04.449900,MQ,BAM,14.8171,-61.1445,670.0,3746.0,,3746,100.0,ZNE,dev,manuel,MQ_BAM_20140421_005841
"bucket0$344,:3,:6001",2014-04-21T00:58:01.330000,MQ,IA2,14.80307,-61.20515,289.0,4085.0,4189.0,4085,100.0,ZNE,train,manuel,MQ_IA2_20140421_005842
"bucket0$345,:3,:6001",2014-04-21T08:15:39.989900,MQ,BAM,14.8171,-61.1445,670.0,3421.0,,3421,100.0,ZNE,train,manuel,MQ_BAM_20140421_081614
"bucket0$346,:3,:6001",2014-04-21T08:15:51.270000,MQ,LAM,14.81292,-61.16314,1240.0,2354.0,2439.0,2354,100.0,ZNE,train,manuel,MQ_LAM_20140421_081614
"bucket0$347,:3,:6001",2014-04-21T08:15:48.519900,MQ,GBM,14.799451,-61.159276,800.0,2637.0,,2637,100.0,ZNE,train,manuel,MQ_GBM_20140421_081614
"bucket0$348,:3,:6001",2014-04-22T13:28:47.479900,MQ,GBM,14.799451,-61.159276,800.0,5067.0,,5067,100.0,ZNE,train,manuel,MQ_GBM_20140422_132938
"bucket0$349,:3,:6001",2014-04-22T13:29:14.890000,MQ,LAM,14.81292,-61.16314,1240.0,2328.0,2353.0,2328,100.0,ZNE,train,manuel,MQ_LAM_20140422_132938
"bucket0$350,:3,:6001",2014-04-22T13:29:11.119900,MQ,BAM,14.8171,-61.1445,670.0,2744.0,,2744,100.0,ZNE,train,manuel,MQ_BAM_20140422_132938
"bucket1$54,:3,:6001",2014-04-22T13:28:45.379900,MQ,CPM,14.8168,-61.2074,242.0,5369.0,,5369,100.0,ZNE,dev,manuel,MQ_CPM_20140422_132939
"bucket1$55,:3,:6001",2014-04-22T13:29:33.970000,WI,SAM,14.84108,-61.1638,485.0,524.0,575.0,524,100.0,ZNE,dev,manuel,WI_SAM_20140422_132939
"bucket0$351,:3,:6001",2014-04-22T13:31:24.400000,MQ,LAM,14.81292,-61.16314,1240.0,4649.0,4736.0,4649,100.0,ZNE,train,manuel,MQ_LAM_20140422_133210
"bucket0$352,:3,:6001",2014-04-22T13:31:36.419900,MQ,GBM,14.799451,-61.159276,800.0,3474.0,,3474,100.0,ZNE,train,manuel,MQ_GBM_20140422_133211
"bucket2$44,:3,:6001",2014-04-22T13:31:22.179900,MQ,BAM,14.8171,-61.1445,670.0,4965.0,,4965,100.0,ZNE,test,manuel,MQ_BAM_20140422_133211
"bucket0$353,:3,:6001",2014-04-22T13:49:18.769900,MQ,GBM,14.799451,-61.159276,800.0,3466.0,,3466,100.0,ZNE,train,manuel,MQ_GBM_20140422_134953
"bucket2$45,:3,:6001",2014-04-22T13:49:11.990000,MQ,LAM,14.81292,-61.16314,1240.0,4150.0,4213.0,4150,100.0,ZNE,test,manuel,MQ_LAM_20140422_134953
"bucket0$354,:3,:6001",2014-04-22T13:49:14.509900,MQ,BAM,14.8171,-61.1445,670.0,3932.0,,3932,100.0,ZNE,train,manuel,MQ_BAM_20140422_134953
"bucket0$355,:3,:6001",2014-04-22T18:03:44.280000,MQ,LAM,14.81292,-61.16314,1240.0,5134.0,5203.0,5134,100.0,ZNE,train,manuel,MQ_LAM_20140422_180435
"bucket0$356,:3,:6001",2014-04-22T18:04:09.659900,MQ,GBM,14.799451,-61.159276,800.0,2596.0,,2596,100.0,ZNE,train,manuel,MQ_GBM_20140422_180435
"bucket0$357,:3,:6001",2014-04-22T18:04:11.059900,MQ,BAM,14.8171,-61.1445,670.0,2490.0,,2490,100.0,ZNE,train,manuel,MQ_BAM_20140422_180435
"bucket0$358,:3,:6001",2014-04-22T18:04:03.800000,MQ,IA2,14.80307,-61.20515,289.0,3234.0,3324.0,3234,100.0,ZNE,train,manuel,MQ_IA2_20140422_180436
"bucket0$359,:3,:6001",2014-04-22T21:30:01.839900,MQ,GBM,14.799451,-61.159276,800.0,4667.0,,4667,100.0,ZNE,train,manuel,MQ_GBM_20140422_213048
"bucket0$360,:3,:6001",2014-04-22T21:30:00.369900,MQ,BAM,14.8171,-61.1445,670.0,4842.0,,4842,100.0,ZNE,train,manuel,MQ_BAM_20140422_213048
"bucket0$361,:3,:6001",2014-04-22T21:30:17.420000,MQ,LAM,14.81292,-61.16314,1240.0,3182.0,3242.0,3182,100.0,ZNE,train,manuel,MQ_LAM_20140422_213049
"bucket1$56,:3,:6001",2014-04-22T21:30:31.779900,MQ,MLM,14.7846,-61.1786,370.0,1796.0,,1796,100.0,ZNE,dev,manuel,MQ_MLM_20140422_213049
"bucket0$362,:3,:6001",2014-04-22T22:35:27.959900,MQ,GBM,14.799451,-61.159276,800.0,5264.0,,5264,100.0,ZNE,train,manuel,MQ_GBM_20140422_223620
"bucket0$363,:3,:6001",2014-04-22T22:36:07.120000,MQ,LAM,14.81292,-61.16314,1240.0,1366.0,1443.0,1366,100.0,ZNE,train,manuel,MQ_LAM_20140422_223620
"bucket0$364,:3,:6001",2014-04-22T22:36:09.829900,MQ,BAM,14.8171,-61.1445,670.0,1113.0,,1113,100.0,ZNE,train,manuel,MQ_BAM_20140422_223620
"bucket0$365,:3,:6001",2014-04-22T22:35:51.020000,MQ,IA2,14.80307,-61.20515,289.0,3023.0,3137.0,3023,100.0,ZNE,train,manuel,MQ_IA2_20140422_223621
"bucket0$366,:3,:6001",2014-04-22T22:35:37.059900,MQ,CPM,14.8168,-61.2074,242.0,4447.0,,4447,100.0,ZNE,train,manuel,MQ_CPM_20140422_223621
"bucket1$57,:3,:6001",2014-04-22T23:16:27.029900,MQ,GBM,14.799451,-61.159276,800.0,991.0,,991,100.0,ZNE,dev,manuel,MQ_GBM_20140422_231636
"bucket0$367,:3,:6001",2014-04-22T23:16:01.400000,MQ,LAM,14.81292,-61.16314,1240.0,3560.0,3615.0,3560,100.0,ZNE,train,manuel,MQ_LAM_20140422_231637
"bucket0$368,:3,:6001",2014-04-22T23:16:23.140000,MQ,IA2,14.80307,-61.20515,289.0,1408.0,1542.0,1408,100.0,ZNE,train,manuel,MQ_IA2_20140422_231637
"bucket0$369,:3,:6001",2014-04-22T23:15:54.339900,MQ,BAM,14.8171,-61.1445,670.0,4300.0,,4300,100.0,ZNE,train,manuel,MQ_BAM_20140422_231637
"bucket0$370,:3,:6001",2014-04-22T23:16:30.549900,MQ,CPM,14.8168,-61.2074,242.0,731.0,,731,100.0,ZNE,train,manuel,MQ_CPM_20140422_231637
"bucket0$371,:3,:6001",2014-04-23T18:09:42.800000,MQ,LAM,14.81292,-61.16314,1240.0,1231.0,1325.0,1231,100.0,ZNE,train,manuel,MQ_LAM_20140423_180955
"bucket0$372,:3,:6001",2014-04-23T18:09:06.299900,MQ,GBM,14.799451,-61.159276,800.0,4893.0,,4893,100.0,ZNE,train,manuel,MQ_GBM_20140423_180955
"bucket0$373,:3,:6001",2014-04-23T18:09:22.089900,MQ,BAM,14.8171,-61.1445,670.0,3351.0,,3351,100.0,ZNE,train,manuel,MQ_BAM_20140423_180955
"bucket0$374,:3,:6001",2014-04-23T21:00:38.340000,MQ,LAM,14.81292,-61.16314,1240.0,4927.0,4963.0,4927,100.0,ZNE,train,manuel,MQ_LAM_20140423_210127
"bucket0$375,:3,:6001",2014-04-23T21:01:01.949900,MQ,GBM,14.799451,-61.159276,800.0,2569.0,,2569,100.0,ZNE,train,manuel,MQ_GBM_20140423_210127
"bucket0$376,:3,:6001",2014-04-23T21:01:13.649900,MQ,BAM,14.8171,-61.1445,670.0,1431.0,,1431,100.0,ZNE,train,manuel,MQ_BAM_20140423_210127
"bucket0$377,:3,:6001",2014-04-23T21:01:00.279900,MQ,MLM,14.7846,-61.1786,370.0,2830.0,,2830,100.0,ZNE,train,manuel,MQ_MLM_20140423_210128
"bucket0$378,:3,:6001",2014-04-23T21:00:36.890000,MQ,IA2,14.80307,-61.20515,289.0,,5216.0,5216,100.0,ZNE,train,manuel,MQ_IA2_20140423_210129
"bucket0$379,:3,:6001",2014-04-23T23:12:37.460000,MQ,LAM,14.81292,-61.16314,1240.0,3892.0,,3892,100.0,ZNE,train,manuel,MQ_LAM_20140423_231316
"bucket0$380,:3,:6001",2014-04-23T23:12:36.989900,MQ,GBM,14.799451,-61.159276,800.0,3963.0,,3963,100.0,ZNE,train,manuel,MQ_GBM_20140423_231316
"bucket0$381,:3,:6001",2014-04-23T23:12:42.730000,MQ,IA2,14.80307,-61.20515,289.0,3389.0,3547.0,3389,100.0,ZNE,train,manuel,MQ_IA2_20140423_231316
"bucket2$46,:3,:6001",2014-04-23T23:12:32.339900,MQ,BAM,14.8171,-61.1445,670.0,4454.0,,4454,100.0,ZNE,test,manuel,MQ_BAM_20140423_231316
"bucket0$382,:3,:6001",2014-04-23T23:12:51.379900,MQ,MLM,14.7846,-61.1786,370.0,2638.0,,2638,100.0,ZNE,train,manuel,MQ_MLM_20140423_231317
"bucket0$383,:3,:6001",2014-04-23T23:36:44.969900,MQ,GBM,14.799451,-61.159276,800.0,3555.0,,3555,100.0,ZNE,train,manuel,MQ_GBM_20140423_233720
"bucket0$384,:3,:6001",2014-04-23T23:36:39.689900,MQ,BAM,14.8171,-61.1445,670.0,4105.0,,4105,100.0,ZNE,train,manuel,MQ_BAM_20140423_233720
"bucket0$385,:3,:6001",2014-04-23T23:37:03.900000,MQ,IA2,14.80307,-61.20515,289.0,1723.0,1817.0,1723,100.0,ZNE,train,manuel,MQ_IA2_20140423_233721
"bucket0$386,:3,:6001",2014-04-23T23:47:41.380000,MQ,LAM,14.81292,-61.16314,1240.0,5292.0,5424.0,5292,100.0,ZNE,train,manuel,MQ_LAM_20140423_234834
"bucket0$387,:3,:6001",2014-04-23T23:48:23.519900,MQ,GBM,14.799451,-61.159276,800.0,1079.0,,1079,100.0,ZNE,train,manuel,MQ_GBM_20140423_234834
"bucket0$388,:3,:6001",2014-04-23T23:48:02.869900,MQ,MLM,14.7846,-61.1786,370.0,3206.0,,3206,100.0,ZNE,train,manuel,MQ_MLM_20140423_234834
"bucket0$389,:3,:6001",2014-04-23T23:47:44.379900,MQ,CPM,14.8168,-61.2074,242.0,5104.0,,5104,100.0,ZNE,train,manuel,MQ_CPM_20140423_234835
"bucket0$390,:3,:6001",2014-04-23T23:48:27.050000,MQ,IA2,14.80307,-61.20515,289.0,867.0,896.0,867,100.0,ZNE,train,manuel,MQ_IA2_20140423_234835
"bucket0$391,:3,:6001",2014-04-23T23:48:29.909900,MQ,BAM,14.8171,-61.1445,670.0,582.0,,582,100.0,ZNE,train,manuel,MQ_BAM_20140423_234835
"bucket0$392,:3,:6001",2014-04-24T02:06:01.699900,MQ,GBM,14.799451,-61.159276,800.0,1765.0,,1765,100.0,ZNE,train,manuel,MQ_GBM_20140424_020619
"bucket0$393,:3,:6001",2014-04-24T02:05:39.230000,MQ,LAM,14.81292,-61.16314,1240.0,4026.0,4157.0,4026,100.0,ZNE,train,manuel,MQ_LAM_20140424_020619
"bucket0$394,:3,:6001",2014-04-24T02:05:55.260000,MQ,IA2,14.80307,-61.20515,289.0,2464.0,2576.0,2464,100.0,ZNE,train,manuel,MQ_IA2_20140424_020619
"bucket1$58,:3,:6001",2014-04-24T02:05:50.749900,MQ,BAM,14.8171,-61.1445,670.0,2915.0,,2915,100.0,ZNE,dev,manuel,MQ_BAM_20140424_020619
"bucket0$395,:3,:6001",2014-04-24T06:38:53.809900,MQ,GBM,14.799451,-61.159276,800.0,608.0,,608,100.0,ZNE,train,manuel,MQ_GBM_20140424_063859
"bucket0$396,:3,:6001",2014-04-24T06:38:47.320000,MQ,LAM,14.81292,-61.16314,1240.0,1261.0,1355.0,1261,100.0,ZNE,train,manuel,MQ_LAM_20140424_063859
"bucket0$397,:3,:6001",2014-04-24T06:38:21.519900,MQ,MLM,14.7846,-61.1786,370.0,3863.0,,3863,100.0,ZNE,train,manuel,MQ_MLM_20140424_063900
"bucket0$398,:3,:6001",2014-04-24T06:38:27.769900,MQ,BAM,14.8171,-61.1445,670.0,3248.0,,3248,100.0,ZNE,train,manuel,MQ_BAM_20140424_063900
"bucket0$399,:3,:6001",2014-04-24T06:38:45.830000,MQ,IA2,14.80307,-61.20515,289.0,1467.0,1561.0,1467,100.0,ZNE,train,manuel,MQ_IA2_20140424_063900
"bucket0$400,:3,:6001",2014-04-24T06:42:23.909900,MQ,GBM,14.799451,-61.159276,800.0,2497.0,,2497,100.0,ZNE,train,manuel,MQ_GBM_20140424_064248
"bucket0$401,:3,:6001",2014-04-24T06:42:37.460000,MQ,LAM,14.81292,-61.16314,1240.0,1145.0,,1145,100.0,ZNE,train,manuel,MQ_LAM_20140424_064248
"bucket1$59,:3,:6001",2014-04-24T06:42:18.390000,WI,SAM,14.84108,-61.1638,485.0,3072.0,,3072,100.0,ZNE,dev,manuel,WI_SAM_20140424_064249
"bucket0$402,:3,:6001",2014-04-24T06:42:30.219900,MQ,BAM,14.8171,-61.1445,670.0,1904.0,,1904,100.0,ZNE,train,manuel,MQ_BAM_20140424_064249
"bucket0$403,:3,:6001",2014-04-24T17:59:31.239900,MQ,GBM,14.799451,-61.159276,800.0,1948.0,,1948,100.0,ZNE,train,manuel,MQ_GBM_20140424_175950
"bucket0$404,:3,:6001",2014-04-24T17:59:15.380000,MQ,LAM,14.81292,-61.16314,1240.0,3547.0,3585.0,3547,100.0,ZNE,train,manuel,MQ_LAM_20140424_175950
"bucket0$405,:3,:6001",2014-04-24T17:59:09.659900,MQ,CPM,14.8168,-61.2074,242.0,4124.0,,4124,100.0,ZNE,train,manuel,MQ_CPM_20140424_175950
"bucket0$406,:3,:6001",2014-04-24T17:59:22.349900,MQ,BAM,14.8171,-61.1445,670.0,2867.0,,2867,100.0,ZNE,train,manuel,MQ_BAM_20140424_175951
"bucket0$407,:3,:6001",2014-04-25T12:09:01.510000,MQ,LAM,14.81292,-61.16314,1240.0,5110.0,5291.0,5110,100.0,ZNE,train,manuel,MQ_LAM_20140425_120952
"bucket0$408,:3,:6001",2014-04-25T12:09:39.689900,MQ,GBM,14.799451,-61.159276,800.0,1332.0,,1332,100.0,ZNE,train,manuel,MQ_GBM_20140425_120953
"bucket2$47,:3,:6001",2014-04-25T12:09:48.350000,MQ,IA2,14.80307,-61.20515,289.0,525.0,754.0,525,100.0,ZNE,test,manuel,MQ_IA2_20140425_120953
"bucket0$409,:3,:6001",2014-04-28T07:07:44.569900,MQ,BAM,14.8171,-61.1445,670.0,2705.0,,2705,100.0,ZNE,train,manuel,MQ_BAM_20140428_070811
"bucket0$410,:3,:6001",2014-04-28T07:07:56.439900,MQ,GBM,14.799451,-61.159276,800.0,1557.0,,1557,100.0,ZNE,train,manuel,MQ_GBM_20140428_070812
"bucket0$411,:3,:6001",2014-04-28T07:07:28.820000,MQ,IA2,14.80307,-61.20515,289.0,4332.0,4423.0,4332,100.0,ZNE,train,manuel,MQ_IA2_20140428_070812
"bucket0$412,:3,:6001",2014-04-28T07:07:28.580000,MQ,LAM,14.81292,-61.16314,1240.0,4362.0,4443.0,4362,100.0,ZNE,train,manuel,MQ_LAM_20140428_070812
"bucket1$60,:3,:6001",2014-04-28T21:28:11.840000,MQ,LAM,14.81292,-61.16314,1240.0,4546.0,4594.0,4546,100.0,ZNE,dev,manuel,MQ_LAM_20140428_212857
"bucket0$413,:3,:6001",2014-04-28T21:28:40.479900,MQ,GBM,14.799451,-61.159276,800.0,1706.0,,1706,100.0,ZNE,train,manuel,MQ_GBM_20140428_212857
"bucket0$414,:3,:6001",2014-04-28T21:28:33.029900,MQ,BAM,14.8171,-61.1445,670.0,2469.0,,2469,100.0,ZNE,train,manuel,MQ_BAM_20140428_212857
"bucket0$415,:3,:6001",2014-04-28T23:09:52.490000,MQ,LAM,14.81292,-61.16314,1240.0,3381.0,3441.0,3381,100.0,ZNE,train,manuel,MQ_LAM_20140428_231026
"bucket0$416,:3,:6001",2014-04-28T23:10:18.719900,MQ,GBM,14.799451,-61.159276,800.0,763.0,,763,100.0,ZNE,train,manuel,MQ_GBM_20140428_231026
"bucket1$61,:3,:6001",2014-04-28T23:09:39.949900,MQ,BAM,14.8171,-61.1445,670.0,4674.0,,4674,100.0,ZNE,dev,manuel,MQ_BAM_20140428_231026
"bucket0$417,:3,:6001",2014-04-28T23:09:40.339900,MQ,MLM,14.7846,-61.1786,370.0,4649.0,,4649,100.0,ZNE,train,manuel,MQ_MLM_20140428_231026
"bucket0$418,:3,:6001",2014-04-28T23:10:03.850000,MQ,IA2,14.80307,-61.20515,289.0,2308.0,2401.0,2308,100.0,ZNE,train,manuel,MQ_IA2_20140428_231026
"bucket0$419,:3,:6001",2014-04-28T23:09:51.499900,MQ,CPM,14.8168,-61.2074,242.0,3558.0,,3558,100.0,ZNE,train,manuel,MQ_CPM_20140428_231027
"bucket0$420,:3,:6001",2014-05-02T13:53:42.580000,MQ,LAM,14.81292,-61.16314,1240.0,2923.0,2986.0,2923,100.0,ZNE,train,manuel,MQ_LAM_20140502_135411
"bucket0$421,:3,:6001",2014-05-02T13:53:26.289900,MQ,GBM,14.799451,-61.159276,800.0,4559.0,,4559,100.0,ZNE,train,manuel,MQ_GBM_20140502_135411
"bucket1$62,:3,:6001",2014-05-02T13:53:50.720000,MQ,IA2,14.80307,-61.20515,289.0,2162.0,2264.0,2162,100.0,ZNE,dev,manuel,MQ_IA2_20140502_135412
"bucket0$422,:3,:6001",2014-05-02T14:54:08.759900,MQ,GBM,14.799451,-61.159276,800.0,3231.0,,3231,100.0,ZNE,train,manuel,MQ_GBM_20140502_145441
"bucket0$423,:3,:6001",2014-05-02T14:54:29.430000,MQ,LAM,14.81292,-61.16314,1240.0,1166.0,1226.0,1166,100.0,ZNE,train,manuel,MQ_LAM_20140502_145441
"bucket0$424,:3,:6001",2014-05-02T14:54:00.709900,MQ,BAM,14.8171,-61.1445,670.0,4082.0,,4082,100.0,ZNE,train,manuel,MQ_BAM_20140502_145441
"bucket2$48,:3,:6001",2014-05-02T14:53:53.890000,MQ,IA2,14.80307,-61.20515,289.0,4785.0,4868.0,4785,100.0,ZNE,test,manuel,MQ_IA2_20140502_145441
"bucket0$425,:3,:6001",2014-05-02T14:54:19.979900,MQ,CPM,14.8168,-61.2074,242.0,2223.0,,2223,100.0,ZNE,train,manuel,MQ_CPM_20140502_145442
"bucket0$426,:3,:6001",2014-05-02T14:54:58.620000,MQ,LAM,14.81292,-61.16314,1240.0,1121.0,1409.0,1121,100.0,ZNE,train,manuel,MQ_LAM_20140502_145509
"bucket0$427,:3,:6001",2014-05-02T14:54:50.550000,MQ,IA2,14.80307,-61.20515,289.0,1954.0,2304.0,1954,100.0,ZNE,train,manuel,MQ_IA2_20140502_145510
"bucket0$428,:3,:6001",2014-05-02T14:54:23.159900,MQ,BAM,14.8171,-61.1445,670.0,4725.0,,4725,100.0,ZNE,train,manuel,MQ_BAM_20140502_145510
"bucket0$429,:3,:6001",2014-05-02T14:54:39.919900,MQ,GBM,14.799451,-61.159276,800.0,3078.0,,3078,100.0,ZNE,train,manuel,MQ_GBM_20140502_145510
"bucket2$49,:3,:6001",2014-05-02T16:11:04.269900,MQ,GBM,14.799451,-61.159276,800.0,2672.0,,2672,100.0,ZNE,test,manuel,MQ_GBM_20140502_161130
"bucket0$430,:3,:6001",2014-05-02T16:10:46.330000,MQ,LAM,14.81292,-61.16314,1240.0,4470.0,4541.0,4470,100.0,ZNE,train,manuel,MQ_LAM_20140502_161131
"bucket0$431,:3,:6001",2014-05-02T16:11:25.279900,MQ,BAM,14.8171,-61.1445,670.0,617.0,,617,100.0,ZNE,train,manuel,MQ_BAM_20140502_161131
"bucket0$432,:3,:6001",2014-05-02T16:10:58.560000,MQ,IA2,14.80307,-61.20515,289.0,3306.0,3392.0,3306,100.0,ZNE,train,manuel,MQ_IA2_20140502_161131
"bucket0$433,:3,:6001",2014-05-02T16:10:56.479900,MQ,CPM,14.8168,-61.2074,242.0,3528.0,,3528,100.0,ZNE,train,manuel,MQ_CPM_20140502_161131
"bucket0$434,:3,:6001",2014-05-02T16:11:46.089900,MQ,GBM,14.799451,-61.159276,800.0,5069.0,,5069,100.0,ZNE,train,manuel,MQ_GBM_20140502_161236
"bucket0$435,:3,:6001",2014-05-02T16:12:04.559900,MQ,BAM,14.8171,-61.1445,670.0,3230.0,,3230,100.0,ZNE,train,manuel,MQ_BAM_20140502_161236
"bucket2$50,:3,:6001",2014-05-02T16:12:00.410000,MQ,IA2,14.80307,-61.20515,289.0,3661.0,3758.0,3661,100.0,ZNE,test,manuel,MQ_IA2_20140502_161237
"bucket0$436,:3,:6001",2014-05-02T16:11:42.960000,MQ,LAM,14.81292,-61.16314,1240.0,5430.0,5475.0,5430,100.0,ZNE,train,manuel,MQ_LAM_20140502_161237
"bucket0$437,:3,:6001",2014-05-02T19:13:21.670000,MQ,LAM,14.81292,-61.16314,1240.0,1404.0,1466.0,1404,100.0,ZNE,train,manuel,MQ_LAM_20140502_191335
"bucket2$51,:3,:6001",2014-05-02T19:12:54.659900,MQ,GBM,14.799451,-61.159276,800.0,4150.0,,4150,100.0,ZNE,test,manuel,MQ_GBM_20140502_191336
"bucket0$438,:3,:6001",2014-05-02T19:13:10.070000,MQ,IA2,14.80307,-61.20515,289.0,2638.0,2706.0,2638,100.0,ZNE,train,manuel,MQ_IA2_20140502_191336
"bucket0$439,:3,:6001",2014-05-02T19:13:04.499900,MQ,BAM,14.8171,-61.1445,670.0,3197.0,,3197,100.0,ZNE,train,manuel,MQ_BAM_20140502_191336
"bucket0$440,:3,:6001",2014-05-02T19:13:05.429900,MQ,MLM,14.7846,-61.1786,370.0,3115.0,,3115,100.0,ZNE,train,manuel,MQ_MLM_20140502_191336
"bucket2$52,:3,:6001",2014-05-02T19:45:10.020000,MQ,LAM,14.81292,-61.16314,1240.0,1255.0,1431.0,1255,100.0,ZNE,test,manuel,MQ_LAM_20140502_194522
"bucket1$63,:3,:6001",2014-05-02T19:44:51.599900,MQ,BAM,14.8171,-61.1445,670.0,3154.0,,3154,100.0,ZNE,dev,manuel,MQ_BAM_20140502_194523
"bucket0$441,:3,:6001",2014-05-02T19:44:42.929900,MQ,MLM,14.7846,-61.1786,370.0,4047.0,,4047,100.0,ZNE,train,manuel,MQ_MLM_20140502_194523
"bucket0$442,:3,:6001",2014-05-02T19:45:15.569900,MQ,GBM,14.799451,-61.159276,800.0,796.0,,796,100.0,ZNE,train,manuel,MQ_GBM_20140502_194523
"bucket0$443,:3,:6001",2014-05-02T19:44:33.190000,MQ,IA2,14.80307,-61.20515,289.0,5036.0,5158.0,5036,100.0,ZNE,train,manuel,MQ_IA2_20140502_194523
"bucket0$444,:3,:6001",2014-05-02T19:44:31.519900,MQ,CPM,14.8168,-61.2074,242.0,5291.0,,5291,100.0,ZNE,train,manuel,MQ_CPM_20140502_194524
"bucket0$445,:3,:6001",2014-05-02T19:46:14.660000,MQ,LAM,14.81292,-61.16314,1240.0,1882.0,1941.0,1882,100.0,ZNE,train,manuel,MQ_LAM_20140502_194633
"bucket0$446,:3,:6001",2014-05-02T19:46:18.339900,MQ,BAM,14.8171,-61.1445,670.0,1553.0,,1553,100.0,ZNE,train,manuel,MQ_BAM_20140502_194633
"bucket0$447,:3,:6001",2014-05-02T19:46:27.349900,MQ,GBM,14.799451,-61.159276,800.0,658.0,,658,100.0,ZNE,train,manuel,MQ_GBM_20140502_194633
"bucket0$448,:3,:6001",2014-05-02T19:45:50.749900,MQ,MLM,14.7846,-61.1786,370.0,4324.0,,4324,100.0,ZNE,train,manuel,MQ_MLM_20140502_194633
"bucket1$64,:3,:6001",2014-05-02T19:46:04.470000,MQ,IA2,14.80307,-61.20515,289.0,2958.0,3067.0,2958,100.0,ZNE,dev,manuel,MQ_IA2_20140502_194634
"bucket0$449,:3,:6001",2014-05-02T19:46:06.679900,MQ,CPM,14.8168,-61.2074,242.0,2830.0,,2830,100.0,ZNE,train,manuel,MQ_CPM_20140502_194634
"bucket0$450,:3,:6001",2014-05-02T22:36:56.089900,MQ,CPM,14.8168,-61.2074,242.0,2280.0,,2280,100.0,ZNE,train,manuel,MQ_CPM_20140502_223718
"bucket0$451,:3,:6001",2014-05-02T22:37:02.059900,MQ,BAM,14.8171,-61.1445,670.0,1692.0,,1692,100.0,ZNE,train,manuel,MQ_BAM_20140502_223718
"bucket0$452,:3,:6001",2014-05-02T22:36:42.569900,MQ,GBM,14.799451,-61.159276,800.0,3684.0,,3684,100.0,ZNE,train,manuel,MQ_GBM_20140502_223719
"bucket0$453,:3,:6001",2014-05-02T22:36:30.790000,MQ,LAM,14.81292,-61.16314,1240.0,4864.0,4949.0,4864,100.0,ZNE,train,manuel,MQ_LAM_20140502_223719
"bucket0$454,:3,:6001",2014-05-02T22:37:03.390000,MQ,IA2,14.80307,-61.20515,289.0,1660.0,1755.0,1660,100.0,ZNE,train,manuel,MQ_IA2_20140502_223719
"bucket0$455,:3,:6001",2014-05-03T00:44:23.380000,MQ,LAM,14.81292,-61.16314,1240.0,4403.0,4491.0,4403,100.0,ZNE,train,manuel,MQ_LAM_20140503_004507
"bucket0$456,:3,:6001",2014-05-03T00:45:00.459900,MQ,MLM,14.7846,-61.1786,370.0,741.0,,741,100.0,ZNE,train,manuel,MQ_MLM_20140503_004507
"bucket0$457,:3,:6001",2014-05-03T00:44:16.919900,MQ,GBM,14.799451,-61.159276,800.0,5098.0,,5098,100.0,ZNE,train,manuel,MQ_GBM_20140503_004507
"bucket2$53,:3,:6001",2014-05-03T00:44:18.120000,MQ,IA2,14.80307,-61.20515,289.0,5003.0,5103.0,5003,100.0,ZNE,test,manuel,MQ_IA2_20140503_004508
"bucket0$458,:3,:6001",2014-05-03T01:04:17.050000,MQ,LAM,14.81292,-61.16314,1240.0,3874.0,4005.0,3874,100.0,ZNE,train,manuel,MQ_LAM_20140503_010455
"bucket0$459,:3,:6001",2014-05-03T01:04:07.909900,MQ,GBM,14.799451,-61.159276,800.0,4811.0,,4811,100.0,ZNE,train,manuel,MQ_GBM_20140503_010456
"bucket2$54,:3,:6001",2014-05-03T01:04:24.459900,MQ,CPM,14.8168,-61.2074,242.0,3188.0,,3188,100.0,ZNE,test,manuel,MQ_CPM_20140503_010456
"bucket0$460,:3,:6001",2014-05-03T01:04:36.109900,MQ,BAM,14.8171,-61.1445,670.0,2024.0,,2024,100.0,ZNE,train,manuel,MQ_BAM_20140503_010456
"bucket0$461,:3,:6001",2014-05-03T01:04:07.620000,MQ,IA2,14.80307,-61.20515,289.0,4875.0,4977.0,4875,100.0,ZNE,train,manuel,MQ_IA2_20140503_010456
"bucket0$462,:3,:6001",2014-05-03T04:38:35.139900,MQ,GBM,14.799451,-61.159276,800.0,993.0,,993,100.0,ZNE,train,manuel,MQ_GBM_20140503_043845
"bucket0$463,:3,:6001",2014-05-03T04:38:27.110000,MQ,LAM,14.81292,-61.16314,1240.0,1798.0,1865.0,1798,100.0,ZNE,train,manuel,MQ_LAM_20140503_043845
"bucket0$464,:3,:6001",2014-05-03T04:38:25.949900,MQ,BAM,14.8171,-61.1445,670.0,1954.0,,1954,100.0,ZNE,train,manuel,MQ_BAM_20140503_043845
"bucket0$465,:3,:6001",2014-05-03T04:38:20.899900,MQ,MLM,14.7846,-61.1786,370.0,2464.0,,2464,100.0,ZNE,train,manuel,MQ_MLM_20140503_043845
"bucket1$65,:3,:6001",2014-05-03T04:38:18.830000,MQ,IA2,14.80307,-61.20515,289.0,2695.0,2783.0,2695,100.0,ZNE,dev,manuel,MQ_IA2_20140503_043845
"bucket0$466,:3,:6001",2014-05-03T04:38:17.450000,WI,SAM,14.84108,-61.1638,485.0,2851.0,,2851,100.0,ZNE,train,manuel,WI_SAM_20140503_043845
"bucket0$467,:3,:6001",2014-05-03T04:38:08.089900,MQ,CPM,14.8168,-61.2074,242.0,3820.0,,3820,100.0,ZNE,train,manuel,MQ_CPM_20140503_043846
"bucket2$55,:3,:6001",2014-05-04T04:36:18.399900,MQ,BAM,14.8171,-61.1445,670.0,4970.0,,4970,100.0,ZNE,test,manuel,MQ_BAM_20140504_043708
"bucket2$56,:3,:6001",2014-05-04T04:36:18.819900,MQ,GBM,14.799451,-61.159276,800.0,4949.0,,4949,100.0,ZNE,test,manuel,MQ_GBM_20140504_043708
"bucket0$468,:3,:6001",2014-05-04T04:36:44.750000,MQ,IA2,14.80307,-61.20515,289.0,2406.0,2694.0,2406,100.0,ZNE,train,manuel,MQ_IA2_20140504_043708
"bucket0$469,:3,:6001",2014-05-04T04:36:46.710000,MQ,LAM,14.81292,-61.16314,1240.0,2421.0,2498.0,2421,100.0,ZNE,train,manuel,MQ_LAM_20140504_043710
"bucket0$470,:3,:6001",2014-05-04T07:26:00.519900,MQ,MLM,14.7846,-61.1786,370.0,4010.0,,4010,100.0,ZNE,train,manuel,MQ_MLM_20140504_072640
"bucket0$471,:3,:6001",2014-05-04T07:25:56.509900,MQ,BAM,14.8171,-61.1445,670.0,4489.0,,4489,100.0,ZNE,train,manuel,MQ_BAM_20140504_072641
"bucket0$472,:3,:6001",2014-05-04T07:26:08.550000,MQ,LAM,14.81292,-61.16314,1240.0,3290.0,3388.0,3290,100.0,ZNE,train,manuel,MQ_LAM_20140504_072641
"bucket0$473,:3,:6001",2014-05-04T07:26:03.899900,MQ,GBM,14.799451,-61.159276,800.0,3757.0,,3757,100.0,ZNE,train,manuel,MQ_GBM_20140504_072641
"bucket2$57,:3,:6001",2014-05-04T07:26:26.520000,MQ,IA2,14.80307,-61.20515,289.0,1497.0,1602.0,1497,100.0,ZNE,test,manuel,MQ_IA2_20140504_072641
"bucket0$474,:3,:6001",2014-05-04T13:22:00.449900,MQ,CPM,14.8168,-61.2074,242.0,750.0,,750,100.0,ZNE,train,manuel,MQ_CPM_20140504_132207
"bucket0$475,:3,:6001",2014-05-04T13:21:14.289900,MQ,BAM,14.8171,-61.1445,670.0,5498.0,,5498,100.0,ZNE,train,manuel,MQ_BAM_20140504_132209
"bucket0$476,:3,:6001",2014-05-04T13:21:49.850000,MQ,IA2,14.80307,-61.20515,289.0,1979.0,2130.0,1979,100.0,ZNE,train,manuel,MQ_IA2_20140504_132209
"bucket0$477,:3,:6001",2014-05-04T13:21:17.019900,MQ,GBM,14.799451,-61.159276,800.0,5262.0,,5262,100.0,ZNE,train,manuel,MQ_GBM_20140504_132209
"bucket1$66,:3,:6001",2014-05-04T13:21:55.800000,MQ,LAM,14.81292,-61.16314,1240.0,1389.0,1526.0,1389,100.0,ZNE,dev,manuel,MQ_LAM_20140504_132209
"bucket1$67,:3,:6001",2014-05-04T13:21:19.019900,MQ,MLM,14.7846,-61.1786,370.0,5112.0,,5112,100.0,ZNE,dev,manuel,MQ_MLM_20140504_132210
"bucket0$478,:3,:6001",2014-05-05T01:08:11.119900,MQ,GBM,14.799451,-61.159276,800.0,768.0,,768,100.0,ZNE,train,manuel,MQ_GBM_20140505_010818
"bucket0$479,:3,:6001",2014-05-05T01:07:56.940000,MQ,LAM,14.81292,-61.16314,1240.0,2189.0,2283.0,2189,100.0,ZNE,train,manuel,MQ_LAM_20140505_010818
"bucket0$480,:3,:6001",2014-05-05T01:07:39.920000,MQ,IA2,14.80307,-61.20515,289.0,3969.0,4119.0,3969,100.0,ZNE,train,manuel,MQ_IA2_20140505_010819
"bucket1$68,:3,:6001",2014-05-05T01:07:35.739900,MQ,BAM,14.8171,-61.1445,670.0,4417.0,,4417,100.0,ZNE,dev,manuel,MQ_BAM_20140505_010819
"bucket0$481,:3,:6001",2014-05-05T15:03:09.940000,MQ,LAM,14.81292,-61.16314,1240.0,4884.0,4945.0,4884,100.0,ZNE,train,manuel,MQ_LAM_20140505_150358
"bucket0$482,:3,:6001",2014-05-05T15:03:50.599900,MQ,GBM,14.799451,-61.159276,800.0,822.0,,822,100.0,ZNE,train,manuel,MQ_GBM_20140505_150358
"bucket0$483,:3,:6001",2014-05-05T15:03:13.249900,MQ,BAM,14.8171,-61.1445,670.0,4594.0,,4594,100.0,ZNE,train,manuel,MQ_BAM_20140505_150359
"bucket0$484,:3,:6001",2014-05-05T15:03:09.780000,MQ,IA2,14.80307,-61.20515,289.0,4957.0,5057.0,4957,100.0,ZNE,train,manuel,MQ_IA2_20140505_150359
"bucket0$485,:3,:6001",2014-05-05T15:03:22.639900,MQ,CPM,14.8168,-61.2074,242.0,3691.0,,3691,100.0,ZNE,train,manuel,MQ_CPM_20140505_150359
"bucket0$486,:3,:6001",2014-05-05T15:03:36.060000,WI,SAM,14.84108,-61.1638,485.0,,2439.0,2439,100.0,ZNE,train,manuel,WI_SAM_20140505_150400
"bucket0$487,:3,:6001",2014-05-05T15:38:00.659900,MQ,GBM,14.799451,-61.159276,800.0,2695.0,,2695,100.0,ZNE,train,manuel,MQ_GBM_20140505_153827
"bucket0$488,:3,:6001",2014-05-05T15:37:47.790000,MQ,LAM,14.81292,-61.16314,1240.0,3986.0,4045.0,3986,100.0,ZNE,train,manuel,MQ_LAM_20140505_153827
"bucket1$69,:3,:6001",2014-05-05T15:38:01.499900,MQ,BAM,14.8171,-61.1445,670.0,2655.0,,2655,100.0,ZNE,dev,manuel,MQ_BAM_20140505_153828
"bucket0$489,:3,:6001",2014-05-05T17:06:24.469900,MQ,GBM,14.799451,-61.159276,800.0,677.0,,677,100.0,ZNE,train,manuel,MQ_GBM_20140505_170631
"bucket0$490,:3,:6001",2014-05-05T17:05:41.470000,MQ,LAM,14.81292,-61.16314,1240.0,4982.0,5022.0,4982,100.0,ZNE,train,manuel,MQ_LAM_20140505_170631
"bucket0$491,:3,:6001",2014-05-05T17:06:26.519900,MQ,BAM,14.8171,-61.1445,670.0,517.0,,517,100.0,ZNE,train,manuel,MQ_BAM_20140505_170631
"bucket0$492,:3,:6001",2014-05-05T17:13:10.889900,MQ,GBM,14.799451,-61.159276,800.0,3041.0,,3041,100.0,ZNE,train,manuel,MQ_GBM_20140505_171341
"bucket0$493,:3,:6001",2014-05-05T17:12:56.840000,MQ,LAM,14.81292,-61.16314,1240.0,4451.0,4538.0,4451,100.0,ZNE,train,manuel,MQ_LAM_20140505_171341
"bucket0$494,:3,:6001",2014-05-05T17:13:11.739900,MQ,BAM,14.8171,-61.1445,670.0,2996.0,,2996,100.0,ZNE,train,manuel,MQ_BAM_20140505_171341
"bucket2$58,:3,:6001",2014-05-05T18:00:43.649900,MQ,GBM,14.799451,-61.159276,800.0,5409.0,,5409,100.0,ZNE,test,manuel,MQ_GBM_20140505_180137
"bucket0$495,:3,:6001",2014-05-05T18:01:14.049900,MQ,MLM,14.7846,-61.1786,370.0,2373.0,,2373,100.0,ZNE,train,manuel,MQ_MLM_20140505_180137
"bucket0$496,:3,:6001",2014-05-05T18:01:10.309900,MQ,BAM,14.8171,-61.1445,670.0,2748.0,,2748,100.0,ZNE,train,manuel,MQ_BAM_20140505_180137
"bucket2$59,:3,:6001",2014-05-05T18:01:28.200000,MQ,IA2,14.80307,-61.20515,289.0,961.0,994.0,961,100.0,ZNE,test,manuel,MQ_IA2_20140505_180137
"bucket0$497,:3,:6001",2014-05-05T18:01:01.700000,MQ,LAM,14.81292,-61.16314,1240.0,3629.0,3736.0,3629,100.0,ZNE,train,manuel,MQ_LAM_20140505_180137
"bucket0$498,:3,:6001",2014-05-05T18:02:32.340000,MQ,LAM,14.81292,-61.16314,1240.0,1026.0,,1026,100.0,ZNE,train,manuel,MQ_LAM_20140505_180242
"bucket0$499,:3,:6001",2014-05-05T18:01:57.699900,MQ,MLM,14.7846,-61.1786,370.0,4512.0,,4512,100.0,ZNE,train,manuel,MQ_MLM_20140505_180242
"bucket0$500,:3,:6001",2014-05-05T18:01:55.849900,MQ,CPM,14.8168,-61.2074,242.0,4755.0,,4755,100.0,ZNE,train,manuel,MQ_CPM_20140505_180243
"bucket0$501,:3,:6001",2014-05-05T18:01:48.789900,MQ,GBM,14.799451,-61.159276,800.0,5469.0,,5469,100.0,ZNE,train,manuel,MQ_GBM_20140505_180243
"bucket0$502,:3,:6001",2014-05-05T18:02:38.129900,MQ,BAM,14.8171,-61.1445,670.0,550.0,,550,100.0,ZNE,train,manuel,MQ_BAM_20140505_180243
"bucket0$503,:3,:6001",2014-05-05T18:02:31.730000,MQ,IA2,14.80307,-61.20515,289.0,,1261.0,1261,100.0,ZNE,train,manuel,MQ_IA2_20140505_180244
"bucket0$504,:3,:6001",2014-05-06T00:03:06.900000,MQ,LAM,14.81292,-61.16314,1240.0,857.0,921.0,857,100.0,ZNE,train,manuel,MQ_LAM_20140506_000315
"bucket1$70,:3,:6001",2014-05-06T00:02:41.839900,MQ,GBM,14.799451,-61.159276,800.0,3365.0,,3365,100.0,ZNE,dev,manuel,MQ_GBM_20140506_000315
"bucket0$505,:3,:6001",2014-05-06T00:02:43.099900,MQ,BAM,14.8171,-61.1445,670.0,3269.0,,3269,100.0,ZNE,train,manuel,MQ_BAM_20140506_000315
"bucket0$506,:3,:6001",2014-05-06T00:02:58.359900,MQ,CPM,14.8168,-61.2074,242.0,1752.0,,1752,100.0,ZNE,train,manuel,MQ_CPM_20140506_000315
"bucket0$507,:3,:6001",2014-05-06T00:02:44.509900,MQ,MLM,14.7846,-61.1786,370.0,3139.0,,3139,100.0,ZNE,train,manuel,MQ_MLM_20140506_000315
"bucket1$71,:3,:6001",2014-05-06T00:02:45.680000,MQ,IA2,14.80307,-61.20515,289.0,3032.0,3126.0,3032,100.0,ZNE,dev,manuel,MQ_IA2_20140506_000316
"bucket0$508,:3,:6001",2014-05-06T00:02:34.510000,WI,SAM,14.84108,-61.1638,485.0,4213.0,4252.0,4213,100.0,ZNE,train,manuel,WI_SAM_20140506_000316
"bucket0$509,:3,:6001",2014-05-06T12:13:08.049900,MQ,GBM,14.799451,-61.159276,800.0,2582.0,,2582,100.0,ZNE,train,manuel,MQ_GBM_20140506_121333
"bucket0$510,:3,:6001",2014-05-06T12:12:50.500000,MQ,LAM,14.81292,-61.16314,1240.0,4361.0,4430.0,4361,100.0,ZNE,train,manuel,MQ_LAM_20140506_121334
"bucket2$60,:3,:6001",2014-05-06T12:13:18.509900,MQ,BAM,14.8171,-61.1445,670.0,1595.0,,1595,100.0,ZNE,test,manuel,MQ_BAM_20140506_121334
"bucket0$511,:3,:6001",2014-05-06T12:28:30.440000,MQ,LAM,14.81292,-61.16314,1240.0,2220.0,2283.0,2220,100.0,ZNE,train,manuel,MQ_LAM_20140506_122852
"bucket0$512,:3,:6001",2014-05-06T12:28:02.889900,MQ,GBM,14.799451,-61.159276,800.0,4988.0,,4988,100.0,ZNE,train,manuel,MQ_GBM_20140506_122852
"bucket0$513,:3,:6001",2014-05-06T12:28:21.569900,MQ,BAM,14.8171,-61.1445,670.0,3157.0,,3157,100.0,ZNE,train,manuel,MQ_BAM_20140506_122853
"bucket0$514,:3,:6001",2014-05-06T12:32:10.720000,MQ,LAM,14.81292,-61.16314,1240.0,4354.0,4409.0,4354,100.0,ZNE,train,manuel,MQ_LAM_20140506_123254
"bucket0$515,:3,:6001",2014-05-06T12:32:00.429900,MQ,BAM,14.8171,-61.1445,670.0,5420.0,,5420,100.0,ZNE,train,manuel,MQ_BAM_20140506_123254
"bucket0$516,:3,:6001",2014-05-06T12:32:40.709900,MQ,GBM,14.799451,-61.159276,800.0,1399.0,,1399,100.0,ZNE,train,manuel,MQ_GBM_20140506_123254
"bucket0$517,:3,:6001",2014-05-06T12:32:30.830000,MQ,IA2,14.80307,-61.20515,289.0,,2499.0,2499,100.0,ZNE,train,manuel,MQ_IA2_20140506_123255
"bucket0$518,:3,:6001",2014-05-06T20:21:32.269900,MQ,GBM,14.799451,-61.159276,800.0,4893.0,,4893,100.0,ZNE,train,manuel,MQ_GBM_20140506_202221
"bucket0$519,:3,:6001",2014-05-06T20:21:37.760000,MQ,LAM,14.81292,-61.16314,1240.0,4349.0,4373.0,4349,100.0,ZNE,train,manuel,MQ_LAM_20140506_202221
"bucket0$520,:3,:6001",2014-05-06T20:21:31.199900,MQ,BAM,14.8171,-61.1445,670.0,5034.0,,5034,100.0,ZNE,train,manuel,MQ_BAM_20140506_202221
"bucket2$61,:3,:6001",2014-05-06T20:22:03.860000,MQ,IA2,14.80307,-61.20515,289.0,1797.0,1895.0,1797,100.0,ZNE,test,manuel,MQ_IA2_20140506_202221
"bucket0$521,:3,:6001",2014-05-06T21:01:43.939900,MQ,GBM,14.799451,-61.159276,800.0,568.0,,568,100.0,ZNE,train,manuel,MQ_GBM_20140506_210149
"bucket2$62,:3,:6001",2014-05-06T21:00:56.810000,MQ,LAM,14.81292,-61.16314,1240.0,5289.0,5368.0,5289,100.0,ZNE,test,manuel,MQ_LAM_20140506_210149
"bucket0$522,:3,:6001",2014-05-06T21:01:13.179900,MQ,BAM,14.8171,-61.1445,670.0,3682.0,,3682,100.0,ZNE,train,manuel,MQ_BAM_20140506_210150
"bucket0$523,:3,:6001",2014-05-06T21:01:08.370000,MQ,IA2,14.80307,-61.20515,289.0,4185.0,4285.0,4185,100.0,ZNE,train,manuel,MQ_IA2_20140506_210150
"bucket0$524,:3,:6001",2014-05-06T21:01:37.020000,WI,SAM,14.84108,-61.1638,485.0,,1395.0,1395,100.0,ZNE,train,manuel,WI_SAM_20140506_210150
"bucket1$72,:3,:6001",2014-05-07T10:02:44.569900,MQ,GBM,14.799451,-61.159276,800.0,5076.0,,5076,100.0,ZNE,dev,manuel,MQ_GBM_20140507_100335
"bucket0$525,:3,:6001",2014-05-07T10:03:01.490000,MQ,LAM,14.81292,-61.16314,1240.0,3486.0,3583.0,3486,100.0,ZNE,train,manuel,MQ_LAM_20140507_100336
"bucket0$526,:3,:6001",2014-05-07T10:03:12.090000,MQ,IA2,14.80307,-61.20515,289.0,2372.0,2636.0,2372,100.0,ZNE,train,manuel,MQ_IA2_20140507_100335
"bucket0$527,:3,:6001",2014-05-07T10:03:23.619900,MQ,BAM,14.8171,-61.1445,670.0,1302.0,,1302,100.0,ZNE,train,manuel,MQ_BAM_20140507_100336
"bucket0$528,:3,:6001",2014-05-07T16:59:38.019900,MQ,BAM,14.8171,-61.1445,670.0,3421.0,,3421,100.0,ZNE,train,manuel,MQ_BAM_20140507_170012
"bucket0$529,:3,:6001",2014-05-07T17:00:00.939900,MQ,GBM,14.799451,-61.159276,800.0,1154.0,,1154,100.0,ZNE,train,manuel,MQ_GBM_20140507_170012
"bucket0$530,:3,:6001",2014-05-07T16:59:57.430000,MQ,LAM,14.81292,-61.16314,1240.0,1554.0,1589.0,1554,100.0,ZNE,train,manuel,MQ_LAM_20140507_170012
"bucket0$531,:3,:6001",2014-05-07T16:59:37.180000,MQ,IA2,14.80307,-61.20515,289.0,,3744.0,3744,100.0,ZNE,train,manuel,MQ_IA2_20140507_170014
"bucket1$73,:3,:6001",2014-05-09T07:03:10.679900,MQ,BAM,14.8171,-61.1445,670.0,2015.0,,2015,100.0,ZNE,dev,manuel,MQ_BAM_20140509_070330
"bucket0$532,:3,:6001",2014-05-09T07:03:21.989900,MQ,GBM,14.799451,-61.159276,800.0,886.0,,886,100.0,ZNE,train,manuel,MQ_GBM_20140509_070330
"bucket2$63,:3,:6001",2014-05-09T07:03:19.470000,MQ,LAM,14.81292,-61.16314,1240.0,1167.0,1252.0,1167,100.0,ZNE,test,manuel,MQ_LAM_20140509_070331
"bucket2$64,:3,:6001",2014-05-09T07:03:10.520000,MQ,IA2,14.80307,-61.20515,289.0,2080.0,2200.0,2080,100.0,ZNE,test,manuel,MQ_IA2_20140509_070331
"bucket2$65,:3,:6001",2014-05-10T02:03:08.240000,MQ,LAM,14.81292,-61.16314,1240.0,4537.0,4720.0,4537,100.0,ZNE,test,manuel,MQ_LAM_20140510_020353
"bucket0$533,:3,:6001",2014-05-10T02:03:39.249900,MQ,GBM,14.799451,-61.159276,800.0,1437.0,,1437,100.0,ZNE,train,manuel,MQ_GBM_20140510_020353
"bucket1$74,:3,:6001",2014-05-10T02:03:16.299900,MQ,BAM,14.8171,-61.1445,670.0,3763.0,,3763,100.0,ZNE,dev,manuel,MQ_BAM_20140510_020353
"bucket2$66,:3,:6001",2014-05-10T02:03:29.120000,MQ,IA2,14.80307,-61.20515,289.0,2507.0,2624.0,2507,100.0,ZNE,test,manuel,MQ_IA2_20140510_020354
"bucket0$534,:3,:6001",2014-05-10T02:03:07.690000,WI,SAM,14.84108,-61.1638,485.0,4669.0,4846.0,4669,100.0,ZNE,train,manuel,WI_SAM_20140510_020354
"bucket0$535,:3,:6001",2014-05-10T05:56:16.299900,MQ,GBM,14.799451,-61.159276,800.0,1782.0,,1782,100.0,ZNE,train,manuel,MQ_GBM_20140510_055634
"bucket2$67,:3,:6001",2014-05-10T05:55:56.410000,MQ,LAM,14.81292,-61.16314,1240.0,3777.0,3829.0,3777,100.0,ZNE,test,manuel,MQ_LAM_20140510_055634
"bucket0$536,:3,:6001",2014-05-10T05:56:08.419900,MQ,BAM,14.8171,-61.1445,670.0,2613.0,,2613,100.0,ZNE,train,manuel,MQ_BAM_20140510_055634
"bucket0$537,:3,:6001",2014-05-13T01:30:00.420000,MQ,IA2,14.80307,-61.20515,289.0,1305.0,1376.0,1305,100.0,ZNE,train,manuel,MQ_IA2_20140513_013013
"bucket0$538,:3,:6001",2014-05-13T01:29:26.330000,MQ,LAM,14.81292,-61.16314,1240.0,4727.0,4763.0,4727,100.0,ZNE,train,manuel,MQ_LAM_20140513_013013
"bucket0$539,:3,:6001",2014-05-13T01:29:30.839900,MQ,GBM,14.799451,-61.159276,800.0,4280.0,,4280,100.0,ZNE,train,manuel,MQ_GBM_20140513_013013
"bucket0$540,:3,:6001",2014-05-13T01:29:35.249900,MQ,BAM,14.8171,-61.1445,670.0,3868.0,,3868,100.0,ZNE,train,manuel,MQ_BAM_20140513_013013
"bucket0$541,:3,:6001",2014-05-15T02:02:54.769900,MQ,GBM,14.799451,-61.159276,800.0,780.0,,780,100.0,ZNE,train,manuel,MQ_GBM_20140515_020302
"bucket0$542,:3,:6001",2014-05-15T02:02:12.290000,MQ,IA2,14.80307,-61.20515,289.0,5072.0,5181.0,5072,100.0,ZNE,train,manuel,MQ_IA2_20140515_020303
"bucket0$543,:3,:6001",2014-05-15T02:02:31.009900,MQ,BAM,14.8171,-61.1445,670.0,3229.0,,3229,100.0,ZNE,train,manuel,MQ_BAM_20140515_020303
"bucket0$544,:3,:6001",2014-05-15T08:04:11.199900,MQ,GBM,14.799451,-61.159276,800.0,5335.0,,5335,100.0,ZNE,train,manuel,MQ_GBM_20140515_080504
"bucket0$545,:3,:6001",2014-05-15T08:04:38.690000,MQ,IA2,14.80307,-61.20515,289.0,2594.0,2695.0,2594,100.0,ZNE,train,manuel,MQ_IA2_20140515_080504
"bucket0$546,:3,:6001",2014-05-15T08:04:51.009900,MQ,CPM,14.8168,-61.2074,242.0,1396.0,,1396,100.0,ZNE,train,manuel,MQ_CPM_20140515_080504
"bucket2$68,:3,:6001",2014-05-15T08:04:22.479900,MQ,BAM,14.8171,-61.1445,670.0,4250.0,,4250,100.0,ZNE,test,manuel,MQ_BAM_20140515_080504
"bucket0$547,:3,:6001",2014-05-17T00:56:30.819900,MQ,GBM,14.799451,-61.159276,800.0,5096.0,,5096,100.0,ZNE,train,manuel,MQ_GBM_20140517_005721
"bucket1$75,:3,:6001",2014-05-17T00:57:04.470000,MQ,LAM,14.81292,-61.16314,1240.0,1735.0,1893.0,1735,100.0,ZNE,dev,manuel,MQ_LAM_20140517_005721
"bucket0$548,:3,:6001",2014-05-17T00:56:54.869900,MQ,BAM,14.8171,-61.1445,670.0,2697.0,,2697,100.0,ZNE,train,manuel,MQ_BAM_20140517_005721
"bucket2$69,:3,:6001",2014-05-17T06:01:28.030000,MQ,LAM,14.81292,-61.16314,1240.0,1938.0,2190.0,1938,100.0,ZNE,test,manuel,MQ_LAM_20140517_060147
"bucket1$76,:3,:6001",2014-05-17T06:01:40.679900,MQ,GBM,14.799451,-61.159276,800.0,693.0,,693,100.0,ZNE,dev,manuel,MQ_GBM_20140517_060147
"bucket2$70,:3,:6001",2014-05-17T06:01:16.659900,MQ,BAM,14.8171,-61.1445,670.0,3167.0,,3167,100.0,ZNE,test,manuel,MQ_BAM_20140517_060148
"bucket0$549,:3,:6001",2014-05-17T06:01:14.050000,MQ,IA2,14.80307,-61.20515,289.0,,3726.0,3726,100.0,ZNE,train,manuel,MQ_IA2_20140517_060151
"bucket0$550,:3,:6001",2014-05-17T22:08:17.560000,MQ,LAM,14.81292,-61.16314,1240.0,3729.0,3784.0,3729,100.0,ZNE,train,manuel,MQ_LAM_20140517_220854
"bucket0$551,:3,:6001",2014-05-17T22:08:08.859900,MQ,GBM,14.799451,-61.159276,800.0,4623.0,,4623,100.0,ZNE,train,manuel,MQ_GBM_20140517_220855
"bucket0$552,:3,:6001",2014-05-17T22:08:46.759900,MQ,BAM,14.8171,-61.1445,670.0,839.0,,839,100.0,ZNE,train,manuel,MQ_BAM_20140517_220855
"bucket2$71,:3,:6001",2014-05-18T05:28:03.569900,MQ,GBM,14.799451,-61.159276,800.0,3624.0,,3624,100.0,ZNE,test,manuel,MQ_GBM_20140518_052839
"bucket0$553,:3,:6001",2014-05-18T05:28:01.440000,MQ,LAM,14.81292,-61.16314,1240.0,3842.0,3882.0,3842,100.0,ZNE,train,manuel,MQ_LAM_20140518_052839
"bucket0$554,:3,:6001",2014-05-18T05:27:46.239900,MQ,BAM,14.8171,-61.1445,670.0,5412.0,,5412,100.0,ZNE,train,manuel,MQ_BAM_20140518_052840
"bucket2$72,:3,:6001",2014-05-18T05:27:55.300000,MQ,IA2,14.80307,-61.20515,289.0,,4616.0,4616,100.0,ZNE,test,manuel,MQ_IA2_20140518_052841
"bucket0$555,:3,:6001",2014-05-19T21:12:12.700000,MQ,LAM,14.81292,-61.16314,1240.0,3203.0,3356.0,3203,100.0,ZNE,train,manuel,MQ_LAM_20140519_211244
"bucket0$556,:3,:6001",2014-05-19T21:12:00.189900,MQ,GBM,14.799451,-61.159276,800.0,4477.0,,4477,100.0,ZNE,train,manuel,MQ_GBM_20140519_211244
"bucket0$557,:3,:6001",2014-05-19T21:12:04.499900,MQ,BAM,14.8171,-61.1445,670.0,4067.0,,4067,100.0,ZNE,train,manuel,MQ_BAM_20140519_211245
"bucket0$558,:3,:6001",2014-05-19T21:12:24.850000,MQ,IA2,14.80307,-61.20515,289.0,2038.0,2153.0,2038,100.0,ZNE,train,manuel,MQ_IA2_20140519_211245
"bucket0$559,:3,:6001",2014-05-19T21:12:35.699900,MQ,CPM,14.8168,-61.2074,242.0,1062.0,,1062,100.0,ZNE,train,manuel,MQ_CPM_20140519_211246
"bucket0$560,:3,:6001",2014-05-19T22:15:27.370000,MQ,LAM,14.81292,-61.16314,1240.0,5407.0,,5407,100.0,ZNE,train,manuel,MQ_LAM_20140519_221621
"bucket0$561,:3,:6001",2014-05-19T22:16:00.159900,MQ,GBM,14.799451,-61.159276,800.0,2163.0,,2163,100.0,ZNE,train,manuel,MQ_GBM_20140519_221621
"bucket0$562,:3,:6001",2014-05-19T22:16:09.239900,MQ,BAM,14.8171,-61.1445,670.0,1268.0,,1268,100.0,ZNE,train,manuel,MQ_BAM_20140519_221621
"bucket0$563,:3,:6001",2014-05-19T22:16:13.080000,MQ,IA2,14.80307,-61.20515,289.0,894.0,999.0,894,100.0,ZNE,train,manuel,MQ_IA2_20140519_221622
"bucket0$564,:3,:6001",2014-05-19T22:15:57.500000,WI,SAM,14.84108,-61.1638,485.0,,2557.0,2557,100.0,ZNE,train,manuel,WI_SAM_20140519_221623
"bucket0$565,:3,:6001",2014-05-19T23:25:50.409900,MQ,GBM,14.799451,-61.159276,800.0,5100.0,,5100,100.0,ZNE,train,manuel,MQ_GBM_20140519_232641
"bucket0$566,:3,:6001",2014-05-19T23:26:25.570000,MQ,LAM,14.81292,-61.16314,1240.0,1588.0,1654.0,1588,100.0,ZNE,train,manuel,MQ_LAM_20140519_232641
"bucket0$567,:3,:6001",2014-05-19T23:26:30.100000,WI,SAM,14.84108,-61.1638,485.0,1180.0,1307.0,1180,100.0,ZNE,train,manuel,WI_SAM_20140519_232641
"bucket0$568,:3,:6001",2014-05-19T23:26:13.079900,MQ,MLM,14.7846,-61.1786,370.0,2887.0,,2887,100.0,ZNE,train,manuel,MQ_MLM_20140519_232641
"bucket0$569,:3,:6001",2014-05-19T23:26:25.629900,MQ,BAM,14.8171,-61.1445,670.0,1635.0,,1635,100.0,ZNE,train,manuel,MQ_BAM_20140519_232641
"bucket0$570,:3,:6001",2014-05-19T23:26:08.020000,MQ,IA2,14.80307,-61.20515,289.0,3414.0,3507.0,3414,100.0,ZNE,train,manuel,MQ_IA2_20140519_232642
"bucket0$571,:3,:6001",2014-05-19T23:26:17.509900,MQ,CPM,14.8168,-61.2074,242.0,2466.0,,2466,100.0,ZNE,train,manuel,MQ_CPM_20140519_232642
"bucket0$572,:3,:6001",2014-05-19T23:34:53.829900,MQ,GBM,14.799451,-61.159276,800.0,4113.0,,4113,100.0,ZNE,train,manuel,MQ_GBM_20140519_233534
"bucket0$573,:3,:6001",2014-05-19T23:34:57.119900,MQ,BAM,14.8171,-61.1445,670.0,3901.0,,3901,100.0,ZNE,train,manuel,MQ_BAM_20140519_233536
"bucket0$574,:3,:6001",2014-05-19T23:35:11.430000,MQ,LAM,14.81292,-61.16314,1240.0,2477.0,2545.0,2477,100.0,ZNE,train,manuel,MQ_LAM_20140519_233536
"bucket0$575,:3,:6001",2014-05-19T23:35:10.800000,MQ,IA2,14.80307,-61.20515,289.0,,2702.0,2702,100.0,ZNE,train,manuel,MQ_IA2_20140519_233537
"bucket0$576,:3,:6001",2014-05-20T03:15:09.980000,MQ,LAM,14.81292,-61.16314,1240.0,2365.0,2438.0,2365,100.0,ZNE,train,manuel,MQ_LAM_20140520_031533
"bucket2$73,:3,:6001",2014-05-20T03:14:56.419900,MQ,GBM,14.799451,-61.159276,800.0,3746.0,,3746,100.0,ZNE,test,manuel,MQ_GBM_20140520_031533
"bucket0$577,:3,:6001",2014-05-20T03:15:18.359900,MQ,BAM,14.8171,-61.1445,670.0,1596.0,,1596,100.0,ZNE,train,manuel,MQ_BAM_20140520_031534
"bucket0$578,:3,:6001",2014-05-20T03:15:17.169900,MQ,MLM,14.7846,-61.1786,370.0,1725.0,,1725,100.0,ZNE,train,manuel,MQ_MLM_20140520_031534
"bucket0$579,:3,:6001",2014-05-20T03:14:53.780000,MQ,IA2,14.80307,-61.20515,289.0,4079.0,4150.0,4079,100.0,ZNE,train,manuel,MQ_IA2_20140520_031534
"bucket1$77,:3,:6001",2014-05-20T03:15:14.829900,MQ,CPM,14.8168,-61.2074,242.0,1980.0,,1980,100.0,ZNE,dev,manuel,MQ_CPM_20140520_031534
"bucket0$580,:3,:6001",2014-05-20T03:44:26.920000,MQ,IA2,14.80307,-61.20515,289.0,1757.0,1918.0,1757,100.0,ZNE,train,manuel,MQ_IA2_20140520_034444
"bucket0$581,:3,:6001",2014-05-20T03:43:59.150000,MQ,LAM,14.81292,-61.16314,1240.0,4557.0,4637.0,4557,100.0,ZNE,train,manuel,MQ_LAM_20140520_034444
"bucket0$582,:3,:6001",2014-05-20T05:46:06.519900,MQ,GBM,14.799451,-61.159276,800.0,1633.0,,1633,100.0,ZNE,train,manuel,MQ_GBM_20140520_054622
"bucket0$583,:3,:6001",2014-05-20T05:45:30.829900,MQ,CPM,14.8168,-61.2074,242.0,5240.0,,5240,100.0,ZNE,train,manuel,MQ_CPM_20140520_054623
"bucket0$584,:3,:6001",2014-05-20T05:45:33.690000,MQ,LAM,14.81292,-61.16314,1240.0,5024.0,5149.0,5024,100.0,ZNE,train,manuel,MQ_LAM_20140520_054623
"bucket0$585,:3,:6001",2014-05-20T05:46:02.039900,MQ,MLM,14.7846,-61.1786,370.0,2194.0,,2194,100.0,ZNE,train,manuel,MQ_MLM_20140520_054623
"bucket0$586,:3,:6001",2014-05-20T05:46:01.570000,MQ,IA2,14.80307,-61.20515,289.0,2257.0,2461.0,2257,100.0,ZNE,train,manuel,MQ_IA2_20140520_054624
"bucket0$587,:3,:6001",2014-05-20T15:10:40.280000,MQ,LAM,14.81292,-61.16314,1240.0,1586.0,1644.0,1586,100.0,ZNE,train,manuel,MQ_LAM_20140520_151056
"bucket2$74,:3,:6001",2014-05-20T15:10:20.569900,MQ,GBM,14.799451,-61.159276,800.0,3580.0,,3580,100.0,ZNE,test,manuel,MQ_GBM_20140520_151056
"bucket0$588,:3,:6001",2014-05-20T15:10:48.649900,MQ,BAM,14.8171,-61.1445,670.0,792.0,,792,100.0,ZNE,train,manuel,MQ_BAM_20140520_151056
"bucket0$589,:3,:6001",2014-05-20T15:10:35.230000,MQ,IA2,14.80307,-61.20515,289.0,,2245.0,2245,100.0,ZNE,train,manuel,MQ_IA2_20140520_151057
"bucket0$590,:3,:6001",2014-05-20T22:26:03.929900,MQ,MLM,14.7846,-61.1786,370.0,3876.0,,3876,100.0,ZNE,train,manuel,MQ_MLM_20140520_222642
"bucket0$591,:3,:6001",2014-05-20T22:26:20.289900,MQ,GBM,14.799451,-61.159276,800.0,2258.0,,2258,100.0,ZNE,train,manuel,MQ_GBM_20140520_222642
"bucket1$78,:3,:6001",2014-05-20T22:25:51.540000,MQ,LAM,14.81292,-61.16314,1240.0,5138.0,5204.0,5138,100.0,ZNE,dev,manuel,MQ_LAM_20140520_222642
"bucket2$75,:3,:6001",2014-05-20T22:26:24.279900,MQ,BAM,14.8171,-61.1445,670.0,1903.0,,1903,100.0,ZNE,test,manuel,MQ_BAM_20140520_222643
"bucket0$592,:3,:6001",2014-05-20T22:26:38.050000,MQ,IA2,14.80307,-61.20515,289.0,544.0,642.0,544,100.0,ZNE,train,manuel,MQ_IA2_20140520_222643
"bucket0$593,:3,:6001",2014-05-21T16:56:21.580000,MQ,LAM,14.81292,-61.16314,1240.0,1210.0,1269.0,1210,100.0,ZNE,train,manuel,MQ_LAM_20140521_165633
"bucket0$594,:3,:6001",2014-05-21T16:55:56.599900,MQ,BAM,14.8171,-61.1445,670.0,3731.0,,3731,100.0,ZNE,train,manuel,MQ_BAM_20140521_165633
"bucket0$595,:3,:6001",2014-05-21T16:55:58.249900,MQ,GBM,14.799451,-61.159276,800.0,3588.0,,3588,100.0,ZNE,train,manuel,MQ_GBM_20140521_165634
"bucket0$596,:3,:6001",2014-05-21T16:55:43.780000,MQ,IA2,14.80307,-61.20515,289.0,,5148.0,5148,100.0,ZNE,train,manuel,MQ_IA2_20140521_165635
"bucket0$597,:3,:6001",2014-05-23T04:11:23.540000,MQ,LAM,14.81292,-61.16314,1240.0,5413.0,,5413,100.0,ZNE,train,manuel,MQ_LAM_20140523_041217
"bucket0$598,:3,:6001",2014-05-23T04:11:29.009900,MQ,GBM,14.799451,-61.159276,800.0,4904.0,,4904,100.0,ZNE,train,manuel,MQ_GBM_20140523_041218
"bucket0$599,:3,:6001",2014-05-23T04:11:39.909900,MQ,BAM,14.8171,-61.1445,670.0,3818.0,,3818,100.0,ZNE,train,manuel,MQ_BAM_20140523_041218
"bucket0$600,:3,:6001",2014-05-23T04:11:33.720000,MQ,IA2,14.80307,-61.20515,289.0,4454.0,4551.0,4454,100.0,ZNE,train,manuel,MQ_IA2_20140523_041218
"bucket0$601,:3,:6001",2014-05-24T23:39:35.249900,MQ,GBM,14.799451,-61.159276,800.0,3876.0,,3876,100.0,ZNE,train,manuel,MQ_GBM_20140524_234014
"bucket0$602,:3,:6001",2014-05-24T23:39:35.450000,MQ,LAM,14.81292,-61.16314,1240.0,3860.0,3901.0,3860,100.0,ZNE,train,manuel,MQ_LAM_20140524_234014
"bucket0$603,:3,:6001",2014-05-24T23:40:00.799900,MQ,BAM,14.8171,-61.1445,670.0,1360.0,,1360,100.0,ZNE,train,manuel,MQ_BAM_20140524_234014
"bucket0$604,:3,:6001",2014-05-24T23:39:36.390000,MQ,IA2,14.80307,-61.20515,289.0,3828.0,3845.0,3828,100.0,ZNE,train,manuel,MQ_IA2_20140524_234014
"bucket0$605,:3,:6001",2014-05-24T23:39:24.620000,WI,SAM,14.84108,-61.1638,485.0,5036.0,5050.0,5036,100.0,ZNE,train,manuel,WI_SAM_20140524_234014
"bucket0$606,:3,:6001",2014-05-24T23:39:45.839900,MQ,MLM,14.7846,-61.1786,370.0,2918.0,,2918,100.0,ZNE,train,manuel,MQ_MLM_20140524_234015
"bucket0$607,:3,:6001",2014-05-25T13:19:12.620000,MQ,LAM,14.81292,-61.16314,1240.0,1889.0,1940.0,1889,100.0,ZNE,train,manuel,MQ_LAM_20140525_131931
"bucket2$76,:3,:6001",2014-05-25T13:19:13.289900,MQ,GBM,14.799451,-61.159276,800.0,1825.0,,1825,100.0,ZNE,test,manuel,MQ_GBM_20140525_131931
"bucket0$608,:3,:6001",2014-05-25T13:19:13.339900,MQ,MLM,14.7846,-61.1786,370.0,1885.0,,1885,100.0,ZNE,train,manuel,MQ_MLM_20140525_131932
"bucket2$77,:3,:6001",2014-05-25T13:19:01.829900,MQ,BAM,14.8171,-61.1445,670.0,3039.0,,3039,100.0,ZNE,test,manuel,MQ_BAM_20140525_131932
"bucket0$609,:3,:6001",2014-05-28T04:06:25.549900,MQ,GBM,14.799451,-61.159276,800.0,3637.0,,3637,100.0,ZNE,train,manuel,MQ_GBM_20140528_040701
"bucket2$78,:3,:6001",2014-05-28T04:06:50.870000,MQ,LAM,14.81292,-61.16314,1240.0,1109.0,1156.0,1109,100.0,ZNE,test,manuel,MQ_LAM_20140528_040701
"bucket0$610,:3,:6001",2014-05-28T04:06:22.199900,MQ,BAM,14.8171,-61.1445,670.0,4018.0,,4018,100.0,ZNE,train,manuel,MQ_BAM_20140528_040702
"bucket0$611,:3,:6001",2014-05-28T04:06:24.429900,MQ,MLM,14.7846,-61.1786,370.0,3797.0,,3797,100.0,ZNE,train,manuel,MQ_MLM_20140528_040702
"bucket0$612,:3,:6001",2014-05-28T04:06:11.509900,MQ,CPM,14.8168,-61.2074,242.0,5158.0,,5158,100.0,ZNE,train,manuel,MQ_CPM_20140528_040703
"bucket0$613,:3,:6001",2014-05-28T04:06:55.870000,WI,SAM,14.84108,-61.1638,485.0,,808.0,808,100.0,ZNE,train,manuel,WI_SAM_20140528_040703
"bucket2$79,:3,:6001",2014-05-28T05:54:08.520000,MQ,LAM,14.81292,-61.16314,1240.0,5319.0,5464.0,5319,100.0,ZNE,test,manuel,MQ_LAM_20140528_055501
"bucket0$614,:3,:6001",2014-05-28T05:54:28.649900,MQ,GBM,14.799451,-61.159276,800.0,3345.0,,3345,100.0,ZNE,train,manuel,MQ_GBM_20140528_055502
"bucket0$615,:3,:6001",2014-05-28T05:54:38.279900,MQ,BAM,14.8171,-61.1445,670.0,2446.0,,2446,100.0,ZNE,train,manuel,MQ_BAM_20140528_055502
"bucket0$616,:3,:6001",2014-05-28T06:16:45.620000,WI,SAM,14.84108,-61.1638,485.0,626.0,,626,100.0,ZNE,train,manuel,WI_SAM_20140528_061651
"bucket0$617,:3,:6001",2014-05-28T06:16:18.320000,MQ,LAM,14.81292,-61.16314,1240.0,3385.0,3441.0,3385,100.0,ZNE,train,manuel,MQ_LAM_20140528_061652
"bucket0$618,:3,:6001",2014-05-28T06:23:55.429900,MQ,GBM,14.799451,-61.159276,800.0,851.0,,851,100.0,ZNE,train,manuel,MQ_GBM_20140528_062403
"bucket0$619,:3,:6001",2014-05-28T06:23:24.979900,MQ,BAM,14.8171,-61.1445,670.0,3969.0,,3969,100.0,ZNE,train,manuel,MQ_BAM_20140528_062404
"bucket0$620,:3,:6001",2014-05-28T06:23:58.410000,MQ,LAM,14.81292,-61.16314,1240.0,703.0,749.0,703,100.0,ZNE,train,manuel,MQ_LAM_20140528_062405
"bucket2$80,:3,:6001",2014-05-30T07:55:44.980000,MQ,BAM,14.8171,-61.1445,670.0,5044.0,,5044,100.0,ZNE,test,manuel,MQ_BAM_20140530_075635
"bucket0$621,:3,:6001",2014-05-30T07:55:55.880000,MQ,GBM,14.799451,-61.159276,800.0,3968.0,,3968,100.0,ZNE,train,manuel,MQ_GBM_20140530_075635
"bucket1$79,:3,:6001",2014-05-30T07:56:19.510000,MQ,LAM,14.81292,-61.16314,1240.0,1625.0,1674.0,1625,100.0,ZNE,dev,manuel,MQ_LAM_20140530_075635
"bucket1$80,:3,:6001",2014-05-30T12:23:26.920000,MQ,BAM,14.8171,-61.1445,670.0,2688.0,,2688,100.0,ZNE,dev,manuel,MQ_BAM_20140530_122353
"bucket0$622,:3,:6001",2014-05-30T12:23:36.610000,MQ,LAM,14.81292,-61.16314,1240.0,1941.0,1961.0,1941,100.0,ZNE,train,manuel,MQ_LAM_20140530_122356
"bucket0$623,:3,:6001",2014-05-30T12:23:02.420000,MQ,GBM,14.799451,-61.159276,800.0,5361.0,,5361,100.0,ZNE,train,manuel,MQ_GBM_20140530_122356
"bucket0$624,:3,:6001",2014-05-30T15:08:59.340000,MQ,GBM,14.799451,-61.159276,800.0,2706.0,,2706,100.0,ZNE,train,manuel,MQ_GBM_20140530_150926
"bucket0$625,:3,:6001",2014-05-30T15:09:10.780000,MQ,LAM,14.81292,-61.16314,1240.0,1672.0,1758.0,1672,100.0,ZNE,train,manuel,MQ_LAM_20140530_150927
"bucket0$626,:3,:6001",2014-05-30T17:50:13.030000,MQ,GBM,14.799451,-61.159276,800.0,782.0,,782,100.0,ZNE,train,manuel,MQ_GBM_20140530_175020
"bucket0$627,:3,:6001",2014-05-30T17:50:13.480000,MQ,LAM,14.81292,-61.16314,1240.0,745.0,792.0,745,100.0,ZNE,train,manuel,MQ_LAM_20140530_175020
"bucket0$628,:3,:6001",2014-05-30T17:49:46.220000,MQ,BAM,14.8171,-61.1445,670.0,3507.0,,3507,100.0,ZNE,train,manuel,MQ_BAM_20140530_175021
"bucket0$629,:3,:6001",2014-05-30T18:01:45.410000,MQ,BAM,14.8171,-61.1445,670.0,1956.0,,1956,100.0,ZNE,train,manuel,MQ_BAM_20140530_180204
"bucket0$630,:3,:6001",2014-05-30T18:01:19.150000,MQ,LAM,14.81292,-61.16314,1240.0,4689.0,4723.0,4689,100.0,ZNE,train,manuel,MQ_LAM_20140530_180206
"bucket1$81,:3,:6001",2014-05-30T18:01:16.880000,MQ,GBM,14.799451,-61.159276,800.0,4927.0,,4927,100.0,ZNE,dev,manuel,MQ_GBM_20140530_180206
"bucket0$631,:3,:6001",2014-05-30T18:05:51.690000,MQ,LAM,14.81292,-61.16314,1240.0,1789.0,1855.0,1789,100.0,ZNE,train,manuel,MQ_LAM_20140530_180609
"bucket0$632,:3,:6001",2014-05-30T18:05:27.080000,MQ,GBM,14.799451,-61.159276,800.0,4251.0,,4251,100.0,ZNE,train,manuel,MQ_GBM_20140530_180609
"bucket0$633,:3,:6001",2014-05-30T18:05:27.480000,MQ,BAM,14.8171,-61.1445,670.0,4254.0,,4254,100.0,ZNE,train,manuel,MQ_BAM_20140530_180610
