trace_name,trace_start_time,station_network_code,station_code,trace_p_arrival_sample,trace_s_arrival_sample,center_sample,trace_sampling_rate_hz,trace_component_order,split,name,trace_name_original
"bucket2$0,:3,:6001",2014-02-20T08:26:36.129900,MQ,CPM,3000,,3000,100.0,ZNE,dev,gold,MQ_CPM_GOLD_20140220_082706
MQ_IA2_GOLD_20140220_082710,2014-02-20T08:27:35.750000,MQ,IA2,-2482,-2479.0,-2482,100.0,ZNE,test,gold,
"bucket2$1,:3,:6001",2014-02-20T08:26:45.259900,MQ,MLM,3000,,3000,100.0,ZNE,dev,gold,MQ_MLM_GOLD_20140220_082715
"bucket0$0,:3,:6001",2014-02-20T08:26:35.510000,MQ,SAM,3000,3050.0,3000,100.0,ZNE,train,gold,MQ_SAM_GOLD_20140220_082705
"bucket0$1,:3,:6001",2014-02-20T21:18:49.879900,MQ,BAM,3000,,3000,100.0,ZNE,train,gold,MQ_BAM_GOLD_20140220_211919
"bucket0$2,:3,:6001",2014-02-20T21:18:49.079900,MQ,CPM,3000,,3000,100.0,ZNE,train,gold,MQ_CPM_GOLD_20140220_211919
"bucket0$3,:3,:6001",2014-02-20T21:18:49.379900,MQ,GBM,3000,,3000,100.0,ZNE,train,gold,MQ_GBM_GOLD_20140220_211919
"bucket0$4,:3,:6001",2014-02-20T21:18:50.050000,MQ,IA2,3000,3101.0,3000,100.0,ZNE,train,gold,MQ_IA2_GOLD_20140220_211920
"bucket0$5,:3,:6001",2014-02-20T21:18:50.930000,MQ,LAM,3000,3164.0,3000,100.0,ZNE,train,gold,MQ_LAM_GOLD_20140220_211920
"bucket0$6,:3,:6001",2014-02-20T21:18:50.049900,MQ,MLM,3000,,3000,100.0,ZNE,train,gold,MQ_MLM_GOLD_20140220_211920
"bucket0$7,:3,:6001",2014-02-20T21:19:05.049900,MQ,BAM,3000,,3000,100.0,ZNE,train,gold,MQ_BAM_GOLD_20140220_211935
"bucket0$8,:3,:6001",2014-02-20T21:19:05.699900,MQ,GBM,3000,,3000,100.0,ZNE,train,gold,MQ_GBM_GOLD_20140220_211935
"bucket0$9,:3,:6001",2014-02-20T21:19:05.550000,MQ,IA2,3000,3190.0,3000,100.0,ZNE,train,gold,MQ_IA2_GOLD_20140220_211935
"bucket0$10,:3,:6001",2014-02-20T21:19:04.740000,MQ,LAM,3000,3125.0,3000,100.0,ZNE,train,gold,MQ_LAM_GOLD_20140220_211934
"bucket4$0,:3,:6001",2014-02-21T06:59:55.609900,MQ,BAM,3000,,3000,100.0,ZNE,test,gold,MQ_BAM_GOLD_20140221_070025
"bucket0$11,:3,:6001",2014-02-21T06:59:55.749900,MQ,CPM,3000,,3000,100.0,ZNE,train,gold,MQ_CPM_GOLD_20140221_070025
"bucket0$12,:3,:6001",2014-02-21T06:59:56.429900,MQ,GBM,3000,,3000,100.0,ZNE,train,gold,MQ_GBM_GOLD_20140221_070026
"bucket0$13,:3,:6001",2014-02-21T06:59:55.759900,MQ,MLM,3000,,3000,100.0,ZNE,train,gold,MQ_MLM_GOLD_20140221_070025
"bucket0$14,:3,:6001",2014-02-21T07:00:08.559900,MQ,BAM,3000,,3000,100.0,ZNE,train,gold,MQ_BAM_GOLD_20140221_070038
"bucket0$15,:3,:6001",2014-02-21T07:00:09.169900,MQ,CPM,3000,,3000,100.0,ZNE,train,gold,MQ_CPM_GOLD_20140221_070039
"bucket0$16,:3,:6001",2014-02-21T07:00:09.039900,MQ,GBM,3000,,3000,100.0,ZNE,train,gold,MQ_GBM_GOLD_20140221_070039
"bucket0$17,:3,:6001",2014-02-21T07:00:08.690000,MQ,LAM,3000,,3000,100.0,ZNE,train,gold,MQ_LAM_GOLD_20140221_070038
"bucket0$18,:3,:6001",2014-02-21T07:00:09.609900,MQ,MLM,3000,,3000,100.0,ZNE,train,gold,MQ_MLM_GOLD_20140221_070039
"bucket0$19,:3,:6001",2014-02-21T07:00:09.410000,MQ,SAM,3000,3120.0,3000,100.0,ZNE,train,gold,MQ_SAM_GOLD_20140221_070039
"bucket0$20,:3,:6001",2014-02-21T08:35:06.889900,MQ,BAM,3000,,3000,100.0,ZNE,train,gold,MQ_BAM_GOLD_20140221_083536
"bucket2$2,:3,:6001",2014-02-21T08:35:06.299900,MQ,GBM,3000,,3000,100.0,ZNE,dev,gold,MQ_GBM_GOLD_20140221_083536
"bucket0$21,:3,:6001",2014-02-21T08:35:07.050000,MQ,IA2,3000,3063.0,3000,100.0,ZNE,train,gold,MQ_IA2_GOLD_20140221_083537
"bucket0$22,:3,:6001",2014-02-21T08:35:07.330000,MQ,LAM,3000,3036.0,3000,100.0,ZNE,train,gold,MQ_LAM_GOLD_20140221_083537
"bucket0$23,:3,:6001",2014-02-21T18:51:27.409900,MQ,BAM,3000,,3000,100.0,ZNE,train,gold,MQ_BAM_GOLD_20140221_185157
"bucket0$24,:3,:6001",2014-02-21T18:51:27.909900,MQ,CPM,3000,,3000,100.0,ZNE,train,gold,MQ_CPM_GOLD_20140221_185157
"bucket0$25,:3,:6001",2014-02-21T18:51:28.339900,MQ,GBM,3000,,3000,100.0,ZNE,train,gold,MQ_GBM_GOLD_20140221_185158
"bucket0$26,:3,:6001",2014-02-21T18:51:28.230000,MQ,IA2,3000,2945.0,3000,100.0,ZNE,train,gold,MQ_IA2_GOLD_20140221_185158
"bucket0$27,:3,:6001",2014-02-22T19:11:44.249900,MQ,CPM,3000,,3000,100.0,ZNE,train,gold,MQ_CPM_GOLD_20140222_191214
"bucket0$28,:3,:6001",2014-02-22T19:11:48.169900,MQ,GBM,3000,,3000,100.0,ZNE,train,gold,MQ_GBM_GOLD_20140222_191218
"bucket0$29,:3,:6001",2014-02-22T19:11:47.800000,MQ,IA2,3000,,3000,100.0,ZNE,train,gold,MQ_IA2_GOLD_20140222_191217
"bucket0$30,:3,:6001",2014-02-22T19:11:44.069900,MQ,MLM,3000,,3000,100.0,ZNE,train,gold,MQ_MLM_GOLD_20140222_191214
"bucket0$31,:3,:6001",2014-02-23T00:09:35.719900,MQ,BAM,3000,,3000,100.0,ZNE,train,gold,MQ_BAM_GOLD_20140223_001005
"bucket0$32,:3,:6001",2014-02-23T00:09:34.949900,MQ,CPM,3000,,3000,100.0,ZNE,train,gold,MQ_CPM_GOLD_20140223_001004
"bucket0$33,:3,:6001",2014-02-23T00:09:35.189900,MQ,GBM,3000,,3000,100.0,ZNE,train,gold,MQ_GBM_GOLD_20140223_001005
"bucket0$34,:3,:6001",2014-02-23T00:09:35.310000,MQ,IA2,3000,3220.0,3000,100.0,ZNE,train,gold,MQ_IA2_GOLD_20140223_001005
"bucket0$35,:3,:6001",2014-02-23T00:09:35.920000,MQ,LAM,3000,3047.0,3000,100.0,ZNE,train,gold,MQ_LAM_GOLD_20140223_001005
"bucket2$3,:3,:6001",2014-02-23T00:09:35.629900,MQ,MLM,3000,,3000,100.0,ZNE,dev,gold,MQ_MLM_GOLD_20140223_001005
"bucket0$36,:3,:6001",2014-02-23T00:09:35.490000,MQ,SAM,3000,3095.0,3000,100.0,ZNE,train,gold,MQ_SAM_GOLD_20140223_001005
"bucket0$37,:3,:6001",2014-02-23T01:34:06.939900,MQ,BAM,3000,,3000,100.0,ZNE,train,gold,MQ_BAM_GOLD_20140223_013436
"bucket0$38,:3,:6001",2014-02-23T01:34:08.819900,MQ,CPM,3000,,3000,100.0,ZNE,train,gold,MQ_CPM_GOLD_20140223_013438
"bucket0$39,:3,:6001",2014-02-23T01:34:05.720000,MQ,SAM,3000,3074.0,3000,100.0,ZNE,train,gold,MQ_SAM_GOLD_20140223_013435
"bucket0$40,:3,:6001",2014-02-23T03:59:10.979900,MQ,CPM,3000,,3000,100.0,ZNE,train,gold,MQ_CPM_GOLD_20140223_035940
"bucket0$41,:3,:6001",2014-02-23T03:59:12.009900,MQ,GBM,3000,,3000,100.0,ZNE,train,gold,MQ_GBM_GOLD_20140223_035942
"bucket2$4,:3,:6001",2014-02-23T03:59:10.680000,MQ,IA2,3000,3039.0,3000,100.0,ZNE,dev,gold,MQ_IA2_GOLD_20140223_035940
"bucket0$42,:3,:6001",2014-02-23T03:59:12.699900,MQ,MLM,3000,,3000,100.0,ZNE,train,gold,MQ_MLM_GOLD_20140223_035942
"bucket4$1,:3,:6001",2014-02-23T07:45:42.460000,MQ,IA2,3000,3022.0,3000,100.0,ZNE,test,gold,MQ_IA2_GOLD_20140223_074612
"bucket0$43,:3,:6001",2014-02-23T07:45:42.320000,MQ,LAM,3000,3029.0,3000,100.0,ZNE,train,gold,MQ_LAM_GOLD_20140223_074612
"bucket5$0,:3,:3046",2014-02-23T07:46:59.729900,MQ,BAM,45,,45,100.0,ZNE,train,gold,MQ_BAM_GOLD_20140223_074700
"bucket5$1,:3,:3064",2014-02-23T07:46:59.729900,MQ,CPM,63,,63,100.0,ZNE,train,gold,MQ_CPM_GOLD_20140223_074700
"bucket5$2,:3,:3079",2014-02-23T07:46:59.729900,MQ,GBM,78,,78,100.0,ZNE,train,gold,MQ_GBM_GOLD_20140223_074700
"bucket5$3,:3,:3094",2014-02-23T07:46:59.729900,MQ,MLM,93,,93,100.0,ZNE,train,gold,MQ_MLM_GOLD_20140223_074700
"bucket5$4,:3,:3080",2014-02-23T09:41:28.729900,MQ,BAM,79,,79,100.0,ZNE,train,gold,MQ_BAM_GOLD_20140223_094129
"bucket5$5,:3,:3046",2014-02-23T09:41:29.729900,MQ,CPM,45,,45,100.0,ZNE,train,gold,MQ_CPM_GOLD_20140223_094130
"bucket5$6,:3,:3079",2014-02-23T09:41:28.729900,MQ,GBM,78,,78,100.0,ZNE,train,gold,MQ_GBM_GOLD_20140223_094129
"bucket5$7,:3,:3045",2014-02-23T09:41:29.729900,MQ,MLM,44,,44,100.0,ZNE,train,gold,MQ_MLM_GOLD_20140223_094130
"bucket0$44,:3,:6001",2014-02-23T16:30:27.369900,MQ,BAM,3000,,3000,100.0,ZNE,train,gold,MQ_BAM_GOLD_20140223_163057
"bucket4$2,:3,:6001",2014-02-23T16:30:28.649900,MQ,CPM,3000,,3000,100.0,ZNE,test,gold,MQ_CPM_GOLD_20140223_163058
"bucket0$45,:3,:6001",2014-02-23T16:30:27.959900,MQ,GBM,3000,,3000,100.0,ZNE,train,gold,MQ_GBM_GOLD_20140223_163057
"bucket0$46,:3,:6001",2014-02-23T16:30:27.280000,MQ,IA2,3000,3158.0,3000,100.0,ZNE,train,gold,MQ_IA2_GOLD_20140223_163057
"bucket0$47,:3,:6001",2014-02-24T01:00:02.199900,MQ,BAM,3000,,3000,100.0,ZNE,train,gold,MQ_BAM_GOLD_20140224_010032
"bucket0$48,:3,:6001",2014-02-24T01:00:03.869900,MQ,CPM,3000,,3000,100.0,ZNE,train,gold,MQ_CPM_GOLD_20140224_010033
"bucket0$49,:3,:6001",2014-02-24T01:00:01.829900,MQ,GBM,3000,,3000,100.0,ZNE,train,gold,MQ_GBM_GOLD_20140224_010031
"bucket0$50,:3,:6001",2014-02-24T01:00:02.200000,MQ,IA2,3000,3143.0,3000,100.0,ZNE,train,gold,MQ_IA2_GOLD_20140224_010032
"bucket0$51,:3,:6001",2014-02-24T12:47:47.229900,MQ,BAM,3000,,3000,100.0,ZNE,train,gold,MQ_BAM_GOLD_20140224_124817
"bucket2$5,:3,:6001",2014-02-24T12:47:48.419900,MQ,CPM,3000,,3000,100.0,ZNE,dev,gold,MQ_CPM_GOLD_20140224_124818
"bucket0$52,:3,:6001",2014-02-24T12:47:47.709900,MQ,GBM,3000,,3000,100.0,ZNE,train,gold,MQ_GBM_GOLD_20140224_124817
"bucket0$53,:3,:6001",2014-02-24T12:47:48.310000,MQ,IA2,3000,3100.0,3000,100.0,ZNE,train,gold,MQ_IA2_GOLD_20140224_124818
"bucket0$54,:3,:6001",2014-02-24T12:47:47.990000,MQ,LAM,3000,3157.0,3000,100.0,ZNE,train,gold,MQ_LAM_GOLD_20140224_124817
"bucket0$55,:3,:6001",2014-02-24T12:47:48.109900,MQ,MLM,3000,,3000,100.0,ZNE,train,gold,MQ_MLM_GOLD_20140224_124818
"bucket0$56,:3,:6001",2014-02-24T12:47:47.630000,MQ,SAM,3000,3102.0,3000,100.0,ZNE,train,gold,MQ_SAM_GOLD_20140224_124817
"bucket0$57,:3,:6001",2014-02-24T13:15:16.470000,MQ,SAM,3000,3034.0,3000,100.0,ZNE,train,gold,MQ_SAM_GOLD_20140224_131546
"bucket4$3,:3,:6001",2014-02-24T13:20:35.120000,MQ,SAM,3000,3007.0,3000,100.0,ZNE,test,gold,MQ_SAM_GOLD_20140224_132105
"bucket0$58,:3,:6001",2014-02-24T13:30:34.290000,MQ,SAM,3000,3042.0,3000,100.0,ZNE,train,gold,MQ_SAM_GOLD_20140224_133104
"bucket0$59,:3,:6001",2014-02-24T13:34:44.950000,MQ,SAM,3000,3045.0,3000,100.0,ZNE,train,gold,MQ_SAM_GOLD_20140224_133514
"bucket2$6,:3,:6001",2014-02-24T13:37:56.280000,MQ,SAM,3000,3107.0,3000,100.0,ZNE,dev,gold,MQ_SAM_GOLD_20140224_133826
"bucket0$60,:3,:6001",2014-02-24T13:41:49.180000,MQ,SAM,3000,,3000,100.0,ZNE,train,gold,MQ_SAM_GOLD_20140224_134219
"bucket0$61,:3,:6001",2014-02-24T13:44:42.050000,MQ,SAM,3000,3080.0,3000,100.0,ZNE,train,gold,MQ_SAM_GOLD_20140224_134512
"bucket0$62,:3,:6001",2014-02-24T13:46:03.410000,MQ,SAM,3000,3069.0,3000,100.0,ZNE,train,gold,MQ_SAM_GOLD_20140224_134633
"bucket0$63,:3,:6001",2014-02-24T13:57:05.830000,MQ,SAM,3000,3272.0,3000,100.0,ZNE,train,gold,MQ_SAM_GOLD_20140224_135735
"bucket2$7,:3,:6001",2014-02-24T14:00:06.080000,MQ,SAM,3000,3007.0,3000,100.0,ZNE,dev,gold,MQ_SAM_GOLD_20140224_140036
"bucket0$64,:3,:6001",2014-02-24T14:01:53.630000,MQ,SAM,3000,3055.0,3000,100.0,ZNE,train,gold,MQ_SAM_GOLD_20140224_140223
"bucket0$65,:3,:6001",2014-02-24T14:12:52.980000,MQ,SAM,3000,3018.0,3000,100.0,ZNE,train,gold,MQ_SAM_GOLD_20140224_141322
MQ_BAM_GOLD_20140224_141603,2014-02-24T14:16:00.709900,MQ,BAM,229,,229,100.0,ZNE,test,gold,
"bucket5$8,:3,:3012",2014-02-24T14:15:57.709900,MQ,CPM,11,,11,100.0,ZNE,train,gold,MQ_CPM_GOLD_20140224_141557
"bucket5$9,:3,:3064",2014-02-24T14:16:00.289900,MQ,GBM,63,,63,100.0,ZNE,train,gold,MQ_GBM_GOLD_20140224_141600
"bucket5$10,:3,:3031",2014-02-24T14:15:59.150000,MQ,IA2,30,468.0,30,100.0,ZNE,train,gold,MQ_IA2_GOLD_20140224_141559
"bucket5$11,:3,:3078",2014-02-24T14:16:00.190000,MQ,LAM,77,112.0,77,100.0,ZNE,train,gold,MQ_LAM_GOLD_20140224_141600
MQ_MLM_GOLD_20140224_141559,2014-02-24T14:15:59.189900,MQ,MLM,39,,39,100.0,ZNE,test,gold,
"bucket0$66,:3,:6001",2014-02-24T18:37:06.579900,MQ,BAM,3000,,3000,100.0,ZNE,train,gold,MQ_BAM_GOLD_20140224_183736
"bucket0$67,:3,:6001",2014-02-24T18:37:00.849900,MQ,CPM,3000,,3000,100.0,ZNE,train,gold,MQ_CPM_GOLD_20140224_183730
"bucket0$68,:3,:6001",2014-02-24T18:37:03.569900,MQ,GBM,3000,,3000,100.0,ZNE,train,gold,MQ_GBM_GOLD_20140224_183733
"bucket0$69,:3,:6001",2014-02-24T18:37:00.770000,MQ,IA2,3000,3015.0,3000,100.0,ZNE,train,gold,MQ_IA2_GOLD_20140224_183730
"bucket0$70,:3,:6001",2014-02-24T18:37:01.169900,MQ,MLM,3000,,3000,100.0,ZNE,train,gold,MQ_MLM_GOLD_20140224_183731
"bucket0$71,:3,:6001",2014-02-24T19:40:50.979900,MQ,BAM,3000,,3000,100.0,ZNE,train,gold,MQ_BAM_GOLD_20140224_194120
"bucket0$72,:3,:6001",2014-02-24T19:40:49.700000,MQ,IA2,3000,3001.0,3000,100.0,ZNE,train,gold,MQ_IA2_GOLD_20140224_194119
"bucket0$73,:3,:6001",2014-02-24T19:40:48.589900,MQ,MLM,3000,,3000,100.0,ZNE,train,gold,MQ_MLM_GOLD_20140224_194118
"bucket0$74,:3,:6001",2014-02-24T19:40:54.900000,MQ,SAM,3000,2989.0,3000,100.0,ZNE,train,gold,MQ_SAM_GOLD_20140224_194124
"bucket0$75,:3,:6001",2014-02-24T20:10:23.389900,MQ,BAM,3000,,3000,100.0,ZNE,train,gold,MQ_BAM_GOLD_20140224_201053
"bucket4$4,:3,:6001",2014-02-24T20:10:22.559900,MQ,CPM,3000,,3000,100.0,ZNE,test,gold,MQ_CPM_GOLD_20140224_201052
"bucket0$76,:3,:6001",2014-02-24T20:10:24.559900,MQ,MLM,3000,,3000,100.0,ZNE,train,gold,MQ_MLM_GOLD_20140224_201054
"bucket0$77,:3,:6001",2014-02-24T20:10:17.640000,MQ,SAM,3000,3004.0,3000,100.0,ZNE,train,gold,MQ_SAM_GOLD_20140224_201047
"bucket0$78,:3,:6001",2014-02-25T01:59:02.899900,MQ,CPM,3000,,3000,100.0,ZNE,train,gold,MQ_CPM_GOLD_20140225_015932
"bucket2$8,:3,:6001",2014-02-25T01:59:02.009900,MQ,GBM,3000,,3000,100.0,ZNE,dev,gold,MQ_GBM_GOLD_20140225_015932
"bucket0$79,:3,:6001",2014-02-25T01:59:01.940000,MQ,IA2,3000,3127.0,3000,100.0,ZNE,train,gold,MQ_IA2_GOLD_20140225_015931
"bucket0$80,:3,:6001",2014-02-25T01:59:01.510000,MQ,SAM,3000,3275.0,3000,100.0,ZNE,train,gold,MQ_SAM_GOLD_20140225_015931
"bucket0$81,:3,:6001",2014-02-25T03:00:04.189900,MQ,BAM,3000,,3000,100.0,ZNE,train,gold,MQ_BAM_GOLD_20140225_030034
"bucket0$82,:3,:6001",2014-02-25T03:00:03.519900,MQ,CPM,3000,,3000,100.0,ZNE,train,gold,MQ_CPM_GOLD_20140225_030033
"bucket0$83,:3,:6001",2014-02-25T03:00:04.409900,MQ,GBM,3000,,3000,100.0,ZNE,train,gold,MQ_GBM_GOLD_20140225_030034
"bucket0$84,:3,:6001",2014-02-25T03:00:03.720000,MQ,IA2,3000,3250.0,3000,100.0,ZNE,train,gold,MQ_IA2_GOLD_20140225_030033
"bucket0$85,:3,:6001",2014-02-25T03:00:04.389900,MQ,MLM,3000,,3000,100.0,ZNE,train,gold,MQ_MLM_GOLD_20140225_030034
"bucket0$86,:3,:6001",2014-02-25T03:00:03.920000,MQ,SAM,3000,3073.0,3000,100.0,ZNE,train,gold,MQ_SAM_GOLD_20140225_030033
"bucket0$87,:3,:6001",2014-02-25T05:35:51.359900,MQ,BAM,3000,,3000,100.0,ZNE,train,gold,MQ_BAM_GOLD_20140225_053621
"bucket0$88,:3,:6001",2014-02-25T05:35:51.799900,MQ,CPM,3000,,3000,100.0,ZNE,train,gold,MQ_CPM_GOLD_20140225_053621
"bucket0$89,:3,:6001",2014-02-25T05:35:51.599900,MQ,GBM,3000,,3000,100.0,ZNE,train,gold,MQ_GBM_GOLD_20140225_053621
"bucket0$90,:3,:6001",2014-02-25T05:35:50.950000,MQ,IA2,3000,3187.0,3000,100.0,ZNE,train,gold,MQ_IA2_GOLD_20140225_053620
"bucket0$91,:3,:6001",2014-02-25T05:35:51.320000,MQ,LAM,3000,3064.0,3000,100.0,ZNE,train,gold,MQ_LAM_GOLD_20140225_053621
"bucket0$92,:3,:6001",2014-02-25T05:35:53.499900,MQ,MLM,3000,,3000,100.0,ZNE,train,gold,MQ_MLM_GOLD_20140225_053623
"bucket0$93,:3,:6001",2014-02-25T09:58:08.869900,MQ,BAM,3000,,3000,100.0,ZNE,train,gold,MQ_BAM_GOLD_20140225_095838
"bucket0$94,:3,:6001",2014-02-25T09:58:08.909900,MQ,CPM,3000,,3000,100.0,ZNE,train,gold,MQ_CPM_GOLD_20140225_095838
"bucket0$95,:3,:6001",2014-02-25T09:58:08.789900,MQ,GBM,3000,,3000,100.0,ZNE,train,gold,MQ_GBM_GOLD_20140225_095838
"bucket0$96,:3,:6001",2014-02-25T09:58:08.870000,MQ,IA2,3000,3109.0,3000,100.0,ZNE,train,gold,MQ_IA2_GOLD_20140225_095838
"bucket2$9,:3,:6001",2014-02-25T09:58:08.800000,MQ,LAM,3000,,3000,100.0,ZNE,dev,gold,MQ_LAM_GOLD_20140225_095838
"bucket0$97,:3,:6001",2014-02-25T09:58:10.199900,MQ,MLM,3000,,3000,100.0,ZNE,train,gold,MQ_MLM_GOLD_20140225_095840
"bucket0$98,:3,:6001",2014-02-25T09:58:08.790000,MQ,SAM,3000,3042.0,3000,100.0,ZNE,train,gold,MQ_SAM_GOLD_20140225_095838
"bucket0$99,:3,:6001",2014-02-25T12:01:00.039900,MQ,CPM,3000,,3000,100.0,ZNE,train,gold,MQ_CPM_GOLD_20140225_120130
"bucket2$10,:3,:6001",2014-02-25T12:00:58.699900,MQ,GBM,3000,,3000,100.0,ZNE,dev,gold,MQ_GBM_GOLD_20140225_120128
"bucket0$100,:3,:6001",2014-02-25T12:00:59.560000,MQ,IA2,3000,3174.0,3000,100.0,ZNE,train,gold,MQ_IA2_GOLD_20140225_120129
"bucket0$101,:3,:6001",2014-02-25T12:01:00.310000,MQ,LAM,3000,3040.0,3000,100.0,ZNE,train,gold,MQ_LAM_GOLD_20140225_120130
"bucket4$5,:3,:6001",2014-02-25T12:01:00.760000,MQ,SAM,3000,3061.0,3000,100.0,ZNE,test,gold,MQ_SAM_GOLD_20140225_120130
"bucket0$102,:3,:6001",2014-02-25T19:58:38.239900,MQ,CPM,3000,,3000,100.0,ZNE,train,gold,MQ_CPM_GOLD_20140225_195908
"bucket0$103,:3,:6001",2014-02-25T19:58:34.639900,MQ,GBM,3000,,3000,100.0,ZNE,train,gold,MQ_GBM_GOLD_20140225_195904
"bucket0$104,:3,:6001",2014-02-25T19:58:35.350000,MQ,IA2,3000,3306.0,3000,100.0,ZNE,train,gold,MQ_IA2_GOLD_20140225_195905
"bucket0$105,:3,:6001",2014-02-25T19:58:34.109900,MQ,MLM,3000,,3000,100.0,ZNE,train,gold,MQ_MLM_GOLD_20140225_195904
"bucket2$11,:3,:6001",2014-02-25T21:06:08.989900,MQ,BAM,3000,,3000,100.0,ZNE,dev,gold,MQ_BAM_GOLD_20140225_210638
"bucket4$6,:3,:6001",2014-02-25T21:06:10.829900,MQ,CPM,3000,,3000,100.0,ZNE,test,gold,MQ_CPM_GOLD_20140225_210640
"bucket0$106,:3,:6001",2014-02-25T21:06:09.659900,MQ,GBM,3000,,3000,100.0,ZNE,train,gold,MQ_GBM_GOLD_20140225_210639
"bucket0$107,:3,:6001",2014-02-25T21:06:10.450000,MQ,IA2,3000,3136.0,3000,100.0,ZNE,train,gold,MQ_IA2_GOLD_20140225_210640
"bucket0$108,:3,:6001",2014-02-25T21:06:09.630000,MQ,LAM,3000,,3000,100.0,ZNE,train,gold,MQ_LAM_GOLD_20140225_210639
"bucket0$109,:3,:6001",2014-02-25T21:06:10.619900,MQ,MLM,3000,,3000,100.0,ZNE,train,gold,MQ_MLM_GOLD_20140225_210640
"bucket0$110,:3,:6001",2014-02-25T21:06:11.210000,MQ,SAM,3000,3004.0,3000,100.0,ZNE,train,gold,MQ_SAM_GOLD_20140225_210641
"bucket0$111,:3,:6001",2014-02-26T03:43:03.719900,MQ,BAM,3000,,3000,100.0,ZNE,train,gold,MQ_BAM_GOLD_20140226_034333
"bucket2$12,:3,:6001",2014-02-26T03:43:03.049900,MQ,CPM,3000,,3000,100.0,ZNE,dev,gold,MQ_CPM_GOLD_20140226_034333
"bucket0$112,:3,:6001",2014-02-26T03:43:02.069900,MQ,GBM,3000,,3000,100.0,ZNE,train,gold,MQ_GBM_GOLD_20140226_034332
"bucket0$113,:3,:6001",2014-02-26T03:43:02.410000,MQ,IA2,3000,3057.0,3000,100.0,ZNE,train,gold,MQ_IA2_GOLD_20140226_034332
"bucket0$114,:3,:6001",2014-02-26T07:56:43.359900,MQ,BAM,3000,,3000,100.0,ZNE,train,gold,MQ_BAM_GOLD_20140226_075713
"bucket2$13,:3,:6001",2014-02-26T07:56:43.479900,MQ,CPM,3000,,3000,100.0,ZNE,dev,gold,MQ_CPM_GOLD_20140226_075713
"bucket0$115,:3,:6001",2014-02-26T07:56:43.709900,MQ,GBM,3000,,3000,100.0,ZNE,train,gold,MQ_GBM_GOLD_20140226_075713
"bucket2$14,:3,:6001",2014-02-26T07:56:43.500000,MQ,IA2,3000,3215.0,3000,100.0,ZNE,dev,gold,MQ_IA2_GOLD_20140226_075713
"bucket2$15,:3,:6001",2014-02-26T07:56:43.520000,MQ,LAM,3000,3040.0,3000,100.0,ZNE,dev,gold,MQ_LAM_GOLD_20140226_075713
"bucket0$116,:3,:6001",2014-02-26T07:56:43.909900,MQ,MLM,3000,,3000,100.0,ZNE,train,gold,MQ_MLM_GOLD_20140226_075713
"bucket4$7,:3,:6001",2014-02-26T07:56:58.229900,MQ,CPM,3000,,3000,100.0,ZNE,test,gold,MQ_CPM_GOLD_20140226_075728
"bucket0$117,:3,:6001",2014-02-26T07:56:57.909900,MQ,GBM,3000,,3000,100.0,ZNE,train,gold,MQ_GBM_GOLD_20140226_075727
"bucket4$8,:3,:6001",2014-02-26T07:56:58.410000,MQ,IA2,3000,3107.0,3000,100.0,ZNE,test,gold,MQ_IA2_GOLD_20140226_075728
"bucket0$118,:3,:6001",2014-02-26T07:56:57.910000,MQ,LAM,3000,3069.0,3000,100.0,ZNE,train,gold,MQ_LAM_GOLD_20140226_075727
"bucket0$119,:3,:6001",2014-02-26T07:56:58.869900,MQ,MLM,3000,,3000,100.0,ZNE,train,gold,MQ_MLM_GOLD_20140226_075728
"bucket0$120,:3,:6001",2014-02-26T07:56:58.850000,MQ,SAM,3000,3040.0,3000,100.0,ZNE,train,gold,MQ_SAM_GOLD_20140226_075728
"bucket0$121,:3,:6001",2014-02-26T21:25:39.959900,MQ,BAM,3000,,3000,100.0,ZNE,train,gold,MQ_BAM_GOLD_20140226_212609
"bucket0$122,:3,:6001",2014-02-26T21:25:40.919900,MQ,GBM,3000,,3000,100.0,ZNE,train,gold,MQ_GBM_GOLD_20140226_212610
"bucket0$123,:3,:6001",2014-02-26T21:25:40.890000,MQ,LAM,3000,3038.0,3000,100.0,ZNE,train,gold,MQ_LAM_GOLD_20140226_212610
"bucket0$124,:3,:6001",2014-02-26T21:25:40.909900,MQ,MLM,3000,,3000,100.0,ZNE,train,gold,MQ_MLM_GOLD_20140226_212610
"bucket2$16,:3,:6001",2014-02-26T21:25:42.360000,MQ,SAM,3000,3070.0,3000,100.0,ZNE,dev,gold,MQ_SAM_GOLD_20140226_212612
"bucket0$125,:3,:6001",2014-02-28T08:09:13.399900,MQ,BAM,3000,,3000,100.0,ZNE,train,gold,MQ_BAM_GOLD_20140228_080943
"bucket0$126,:3,:6001",2014-02-28T08:09:13.339900,MQ,CPM,3000,,3000,100.0,ZNE,train,gold,MQ_CPM_GOLD_20140228_080943
"bucket4$9,:3,:6001",2014-02-28T08:09:13.209900,MQ,GBM,3000,,3000,100.0,ZNE,test,gold,MQ_GBM_GOLD_20140228_080943
"bucket0$127,:3,:6001",2014-02-28T08:09:13.700000,MQ,IA2,3000,3070.0,3000,100.0,ZNE,train,gold,MQ_IA2_GOLD_20140228_080943
"bucket0$128,:3,:6001",2014-02-28T08:09:26.789900,MQ,BAM,3000,,3000,100.0,ZNE,train,gold,MQ_BAM_GOLD_20140228_080956
"bucket0$129,:3,:6001",2014-02-28T08:09:26.489900,MQ,CPM,3000,,3000,100.0,ZNE,train,gold,MQ_CPM_GOLD_20140228_080956
"bucket2$17,:3,:6001",2014-02-28T08:09:26.339900,MQ,GBM,3000,,3000,100.0,ZNE,dev,gold,MQ_GBM_GOLD_20140228_080956
"bucket0$130,:3,:6001",2014-02-28T08:09:26.170000,MQ,IA2,3000,3208.0,3000,100.0,ZNE,train,gold,MQ_IA2_GOLD_20140228_080956
"bucket0$131,:3,:6001",2014-02-28T08:09:26.770000,MQ,LAM,3000,,3000,100.0,ZNE,train,gold,MQ_LAM_GOLD_20140228_080956
"bucket0$132,:3,:6001",2014-02-28T08:09:26.490000,MQ,SAM,3000,3069.0,3000,100.0,ZNE,train,gold,MQ_SAM_GOLD_20140228_080956
"bucket0$133,:3,:6001",2014-02-28T12:52:01.729900,MQ,BAM,3000,,3000,100.0,ZNE,train,gold,MQ_BAM_GOLD_20140228_125231
"bucket0$134,:3,:6001",2014-02-28T12:52:00.739900,MQ,CPM,3000,,3000,100.0,ZNE,train,gold,MQ_CPM_GOLD_20140228_125230
"bucket0$135,:3,:6001",2014-02-28T12:52:01.689900,MQ,GBM,3000,,3000,100.0,ZNE,train,gold,MQ_GBM_GOLD_20140228_125231
"bucket0$136,:3,:6001",2014-02-28T12:52:00.870000,MQ,IA2,3000,3263.0,3000,100.0,ZNE,train,gold,MQ_IA2_GOLD_20140228_125230
"bucket0$137,:3,:6001",2014-02-28T12:52:01.690000,MQ,LAM,3000,3078.0,3000,100.0,ZNE,train,gold,MQ_LAM_GOLD_20140228_125231
"bucket0$138,:3,:6001",2014-02-28T12:52:01.419900,MQ,MLM,3000,,3000,100.0,ZNE,train,gold,MQ_MLM_GOLD_20140228_125231
"bucket2$18,:3,:6001",2014-02-28T12:52:01.910000,MQ,SAM,3000,3145.0,3000,100.0,ZNE,dev,gold,MQ_SAM_GOLD_20140228_125231
"bucket0$139,:3,:6001",2014-02-28T12:52:16.749900,MQ,BAM,3000,,3000,100.0,ZNE,train,gold,MQ_BAM_GOLD_20140228_125246
"bucket0$140,:3,:6001",2014-02-28T12:52:16.719900,MQ,CPM,3000,,3000,100.0,ZNE,train,gold,MQ_CPM_GOLD_20140228_125246
"bucket0$141,:3,:6001",2014-02-28T12:52:16.640000,MQ,IA2,3000,3028.0,3000,100.0,ZNE,train,gold,MQ_IA2_GOLD_20140228_125246
"bucket0$142,:3,:6001",2014-02-28T12:52:17.610000,MQ,LAM,3000,3061.0,3000,100.0,ZNE,train,gold,MQ_LAM_GOLD_20140228_125247
"bucket4$10,:3,:6001",2014-02-28T12:52:17.280000,MQ,SAM,3000,3045.0,3000,100.0,ZNE,test,gold,MQ_SAM_GOLD_20140228_125247
"bucket0$143,:3,:6001",2014-02-28T20:24:10.189900,MQ,CPM,3000,,3000,100.0,ZNE,train,gold,MQ_CPM_GOLD_20140228_202440
"bucket4$11,:3,:6001",2014-02-28T20:24:09.629900,MQ,GBM,3000,,3000,100.0,ZNE,test,gold,MQ_GBM_GOLD_20140228_202439
"bucket0$144,:3,:6001",2014-02-28T20:24:09.880000,MQ,IA2,3000,3167.0,3000,100.0,ZNE,train,gold,MQ_IA2_GOLD_20140228_202439
"bucket0$145,:3,:6001",2014-02-28T20:24:10.750000,MQ,LAM,3000,3034.0,3000,100.0,ZNE,train,gold,MQ_LAM_GOLD_20140228_202440
"bucket0$146,:3,:6001",2014-02-28T20:54:56.129900,MQ,CPM,3000,,3000,100.0,ZNE,train,gold,MQ_CPM_GOLD_20140228_205526
"bucket4$12,:3,:6001",2014-02-28T20:54:56.189900,MQ,GBM,3000,,3000,100.0,ZNE,test,gold,MQ_GBM_GOLD_20140228_205526
"bucket0$147,:3,:6001",2014-02-28T20:54:55.810000,MQ,IA2,3000,3149.0,3000,100.0,ZNE,train,gold,MQ_IA2_GOLD_20140228_205525
"bucket4$13,:3,:6001",2014-02-28T20:54:56.870000,MQ,LAM,3000,2932.0,3000,100.0,ZNE,test,gold,MQ_LAM_GOLD_20140228_205526
"bucket0$148,:3,:6001",2014-02-28T20:54:54.660000,MQ,SAM,3000,3281.0,3000,100.0,ZNE,train,gold,MQ_SAM_GOLD_20140228_205524
"bucket4$14,:3,:6001",2014-02-28T23:57:41.239900,MQ,CPM,3000,,3000,100.0,ZNE,test,gold,MQ_CPM_GOLD_20140228_235811
"bucket0$149,:3,:6001",2014-02-28T23:57:41.859900,MQ,GBM,3000,,3000,100.0,ZNE,train,gold,MQ_GBM_GOLD_20140228_235811
"bucket0$150,:3,:6001",2014-02-28T23:57:41.430000,MQ,IA2,3000,3035.0,3000,100.0,ZNE,train,gold,MQ_IA2_GOLD_20140228_235811
"bucket0$151,:3,:6001",2014-02-28T23:57:41.709900,MQ,MLM,3000,,3000,100.0,ZNE,train,gold,MQ_MLM_GOLD_20140228_235811
"bucket0$152,:3,:6001",2014-02-28T23:57:55.039900,MQ,BAM,3000,,3000,100.0,ZNE,train,gold,MQ_BAM_GOLD_20140228_235825
"bucket0$153,:3,:6001",2014-02-28T23:57:55.289900,MQ,GBM,3000,,3000,100.0,ZNE,train,gold,MQ_GBM_GOLD_20140228_235825
"bucket0$154,:3,:6001",2014-02-28T23:57:55.280000,MQ,IA2,3000,3040.0,3000,100.0,ZNE,train,gold,MQ_IA2_GOLD_20140228_235825
"bucket0$155,:3,:6001",2014-02-28T23:57:54.810000,MQ,LAM,3000,3170.0,3000,100.0,ZNE,train,gold,MQ_LAM_GOLD_20140228_235824
"bucket0$156,:3,:6001",2014-02-28T23:57:55.739900,MQ,MLM,3000,,3000,100.0,ZNE,train,gold,MQ_MLM_GOLD_20140228_235825
"bucket0$157,:3,:6001",2014-03-01T08:22:11.679900,MQ,BAM,3000,,3000,100.0,ZNE,train,gold,MQ_BAM_GOLD_20140301_082241
"bucket0$158,:3,:6001",2014-03-01T08:22:11.329900,MQ,GBM,3000,,3000,100.0,ZNE,train,gold,MQ_GBM_GOLD_20140301_082241
"bucket2$19,:3,:6001",2014-03-01T08:22:12,MQ,IA2,3000,3232.0,3000,100.0,ZNE,dev,gold,MQ_IA2_GOLD_20140301_082242
"bucket0$159,:3,:6001",2014-03-01T08:22:13.879900,MQ,MLM,3000,,3000,100.0,ZNE,train,gold,MQ_MLM_GOLD_20140301_082243
"bucket0$160,:3,:6001",2014-03-02T01:39:05.419900,MQ,CPM,3000,,3000,100.0,ZNE,train,gold,MQ_CPM_GOLD_20140302_013935
"bucket0$161,:3,:6001",2014-03-02T01:39:05.409900,MQ,GBM,3000,,3000,100.0,ZNE,train,gold,MQ_GBM_GOLD_20140302_013935
"bucket0$162,:3,:6001",2014-03-02T01:39:05.650000,MQ,IA2,3000,,3000,100.0,ZNE,train,gold,MQ_IA2_GOLD_20140302_013935
"bucket0$163,:3,:6001",2014-03-02T01:39:05.180000,MQ,LAM,3000,3113.0,3000,100.0,ZNE,train,gold,MQ_LAM_GOLD_20140302_013935
"bucket4$15,:3,:6001",2014-03-02T02:27:10.409900,MQ,BAM,3000,,3000,100.0,ZNE,test,gold,MQ_BAM_GOLD_20140302_022740
"bucket4$16,:3,:6001",2014-03-02T02:27:11.339900,MQ,CPM,3000,,3000,100.0,ZNE,test,gold,MQ_CPM_GOLD_20140302_022741
"bucket0$164,:3,:6001",2014-03-02T02:27:11.039900,MQ,GBM,3000,,3000,100.0,ZNE,train,gold,MQ_GBM_GOLD_20140302_022741
"bucket0$165,:3,:6001",2014-03-02T02:27:10.690000,MQ,IA2,3000,3234.0,3000,100.0,ZNE,train,gold,MQ_IA2_GOLD_20140302_022740
"bucket0$166,:3,:6001",2014-03-02T02:27:10.470000,MQ,LAM,3000,3130.0,3000,100.0,ZNE,train,gold,MQ_LAM_GOLD_20140302_022740
"bucket0$167,:3,:6001",2014-03-02T02:27:11.529900,MQ,MLM,3000,,3000,100.0,ZNE,train,gold,MQ_MLM_GOLD_20140302_022741
"bucket0$168,:3,:6001",2014-03-02T06:02:49.029900,MQ,BAM,3000,,3000,100.0,ZNE,train,gold,MQ_BAM_GOLD_20140302_060319
"bucket0$169,:3,:6001",2014-03-02T06:02:49.509900,MQ,CPM,3000,,3000,100.0,ZNE,train,gold,MQ_CPM_GOLD_20140302_060319
"bucket0$170,:3,:6001",2014-03-02T06:02:49.349900,MQ,GBM,3000,,3000,100.0,ZNE,train,gold,MQ_GBM_GOLD_20140302_060319
"bucket0$171,:3,:6001",2014-03-02T06:02:49.830000,MQ,IA2,3000,3051.0,3000,100.0,ZNE,train,gold,MQ_IA2_GOLD_20140302_060319
"bucket0$172,:3,:6001",2014-03-02T08:18:50.179900,MQ,BAM,3000,,3000,100.0,ZNE,train,gold,MQ_BAM_GOLD_20140302_081920
"bucket0$173,:3,:6001",2014-03-02T08:18:49.199900,MQ,CPM,3000,,3000,100.0,ZNE,train,gold,MQ_CPM_GOLD_20140302_081919
"bucket0$174,:3,:6001",2014-03-02T08:18:52.069900,MQ,GBM,3000,,3000,100.0,ZNE,train,gold,MQ_GBM_GOLD_20140302_081922
"bucket0$175,:3,:6001",2014-03-02T08:18:49.160000,MQ,IA2,3000,3079.0,3000,100.0,ZNE,train,gold,MQ_IA2_GOLD_20140302_081919
"bucket0$176,:3,:6001",2014-03-02T08:18:48.550000,MQ,LAM,3000,3053.0,3000,100.0,ZNE,train,gold,MQ_LAM_GOLD_20140302_081918
"bucket0$177,:3,:6001",2014-03-02T09:42:56.269900,MQ,BAM,3000,,3000,100.0,ZNE,train,gold,MQ_BAM_GOLD_20140302_094326
"bucket0$178,:3,:6001",2014-03-02T09:42:54.599900,MQ,CPM,3000,,3000,100.0,ZNE,train,gold,MQ_CPM_GOLD_20140302_094324
"bucket4$17,:3,:6001",2014-03-02T09:42:56.069900,MQ,GBM,3000,,3000,100.0,ZNE,test,gold,MQ_GBM_GOLD_20140302_094326
"bucket0$179,:3,:6001",2014-03-02T09:42:57.230000,MQ,LAM,3000,3043.0,3000,100.0,ZNE,train,gold,MQ_LAM_GOLD_20140302_094327
"bucket2$20,:3,:6001",2014-03-02T09:42:54.600000,MQ,SAM,3000,3021.0,3000,100.0,ZNE,dev,gold,MQ_SAM_GOLD_20140302_094324
"bucket0$180,:3,:6001",2014-03-02T18:27:38.109900,MQ,BAM,3000,,3000,100.0,ZNE,train,gold,MQ_BAM_GOLD_20140302_182808
"bucket2$21,:3,:6001",2014-03-02T18:27:38.029900,MQ,CPM,3000,,3000,100.0,ZNE,dev,gold,MQ_CPM_GOLD_20140302_182808
"bucket0$181,:3,:6001",2014-03-02T18:27:38.119900,MQ,GBM,3000,,3000,100.0,ZNE,train,gold,MQ_GBM_GOLD_20140302_182808
"bucket0$182,:3,:6001",2014-03-02T18:27:38.440000,MQ,IA2,3000,3037.0,3000,100.0,ZNE,train,gold,MQ_IA2_GOLD_20140302_182808
"bucket4$18,:3,:6001",2014-03-02T18:27:39.050000,MQ,LAM,3000,3083.0,3000,100.0,ZNE,test,gold,MQ_LAM_GOLD_20140302_182809
"bucket0$183,:3,:6001",2014-03-02T18:27:38.109900,MQ,MLM,3000,,3000,100.0,ZNE,train,gold,MQ_MLM_GOLD_20140302_182808
"bucket0$184,:3,:6001",2014-03-02T18:27:38.580000,MQ,SAM,3000,3142.0,3000,100.0,ZNE,train,gold,MQ_SAM_GOLD_20140302_182808
"bucket0$185,:3,:6001",2014-03-02T18:28:03.849900,MQ,BAM,3000,,3000,100.0,ZNE,train,gold,MQ_BAM_GOLD_20140302_182833
"bucket2$22,:3,:6001",2014-03-02T18:28:04.189900,MQ,CPM,3000,,3000,100.0,ZNE,dev,gold,MQ_CPM_GOLD_20140302_182834
"bucket0$186,:3,:6001",2014-03-02T18:28:04.139900,MQ,GBM,3000,,3000,100.0,ZNE,train,gold,MQ_GBM_GOLD_20140302_182834
"bucket0$187,:3,:6001",2014-03-02T18:28:03.870000,MQ,IA2,3000,3132.0,3000,100.0,ZNE,train,gold,MQ_IA2_GOLD_20140302_182833
"bucket0$188,:3,:6001",2014-03-02T18:28:04.890000,MQ,LAM,3000,,3000,100.0,ZNE,train,gold,MQ_LAM_GOLD_20140302_182834
"bucket0$189,:3,:6001",2014-03-02T19:13:33.129900,MQ,BAM,3000,,3000,100.0,ZNE,train,gold,MQ_BAM_GOLD_20140302_191403
"bucket4$19,:3,:6001",2014-03-02T19:13:24.200000,MQ,LAM,3000,3050.0,3000,100.0,ZNE,test,gold,MQ_LAM_GOLD_20140302_191354
"bucket0$190,:3,:6001",2014-03-02T19:13:33.590000,MQ,SAM,3000,,3000,100.0,ZNE,train,gold,MQ_SAM_GOLD_20140302_191403
"bucket0$191,:3,:6001",2014-03-02T19:53:30.359900,MQ,BAM,3000,,3000,100.0,ZNE,train,gold,MQ_BAM_GOLD_20140302_195400
"bucket0$192,:3,:6001",2014-03-02T19:53:35.719900,MQ,CPM,3000,,3000,100.0,ZNE,train,gold,MQ_CPM_GOLD_20140302_195405
"bucket0$193,:3,:6001",2014-03-02T19:53:34.660000,MQ,LAM,3000,3020.0,3000,100.0,ZNE,train,gold,MQ_LAM_GOLD_20140302_195404
"bucket4$20,:3,:6001",2014-03-02T19:53:27.510000,MQ,SAM,3000,3079.0,3000,100.0,ZNE,test,gold,MQ_SAM_GOLD_20140302_195357
"bucket0$194,:3,:6001",2014-03-02T19:57:58.409900,MQ,BAM,3000,,3000,100.0,ZNE,train,gold,MQ_BAM_GOLD_20140302_195828
"bucket0$195,:3,:6001",2014-03-02T19:57:59.349900,MQ,CPM,3000,,3000,100.0,ZNE,train,gold,MQ_CPM_GOLD_20140302_195829
"bucket0$196,:3,:6001",2014-03-02T19:57:59.719900,MQ,GBM,3000,,3000,100.0,ZNE,train,gold,MQ_GBM_GOLD_20140302_195829
"bucket4$21,:3,:6001",2014-03-02T19:57:53.790000,MQ,SAM,3000,3044.0,3000,100.0,ZNE,test,gold,MQ_SAM_GOLD_20140302_195823
"bucket0$197,:3,:6001",2014-03-03T01:25:16.389900,MQ,BAM,3000,,3000,100.0,ZNE,train,gold,MQ_BAM_GOLD_20140303_012546
"bucket0$198,:3,:6001",2014-03-03T01:25:16.669900,MQ,CPM,3000,,3000,100.0,ZNE,train,gold,MQ_CPM_GOLD_20140303_012546
"bucket0$199,:3,:6001",2014-03-03T01:25:17.049900,MQ,GBM,3000,,3000,100.0,ZNE,train,gold,MQ_GBM_GOLD_20140303_012547
"bucket0$200,:3,:6001",2014-03-03T01:25:17.330000,MQ,IA2,3000,3037.0,3000,100.0,ZNE,train,gold,MQ_IA2_GOLD_20140303_012547
"bucket0$201,:3,:6001",2014-03-03T06:42:31.709900,MQ,CPM,3000,,3000,100.0,ZNE,train,gold,MQ_CPM_GOLD_20140303_064301
"bucket0$202,:3,:6001",2014-03-03T06:42:30.659900,MQ,GBM,3000,,3000,100.0,ZNE,train,gold,MQ_GBM_GOLD_20140303_064300
"bucket0$203,:3,:6001",2014-03-03T06:42:30.890000,MQ,IA2,3000,3084.0,3000,100.0,ZNE,train,gold,MQ_IA2_GOLD_20140303_064300
"bucket0$204,:3,:6001",2014-03-03T06:42:31.750000,MQ,LAM,3000,3037.0,3000,100.0,ZNE,train,gold,MQ_LAM_GOLD_20140303_064301
"bucket0$205,:3,:6001",2014-03-03T08:28:48.319900,MQ,CPM,3000,,3000,100.0,ZNE,train,gold,MQ_CPM_GOLD_20140303_082918
"bucket0$206,:3,:6001",2014-03-03T11:35:11.429900,MQ,BAM,3000,,3000,100.0,ZNE,train,gold,MQ_BAM_GOLD_20140303_113541
"bucket4$22,:3,:6001",2014-03-03T11:35:12.209900,MQ,CPM,3000,,3000,100.0,ZNE,test,gold,MQ_CPM_GOLD_20140303_113542
"bucket0$207,:3,:6001",2014-03-03T11:35:11.429900,MQ,GBM,3000,,3000,100.0,ZNE,train,gold,MQ_GBM_GOLD_20140303_113541
"bucket4$23,:3,:6001",2014-03-03T11:35:12.200000,MQ,IA2,3000,3042.0,3000,100.0,ZNE,test,gold,MQ_IA2_GOLD_20140303_113542
"bucket0$208,:3,:6001",2014-03-03T11:35:11.720000,MQ,LAM,3000,3087.0,3000,100.0,ZNE,train,gold,MQ_LAM_GOLD_20140303_113541
"bucket0$209,:3,:6001",2014-03-03T11:35:12.390000,MQ,SAM,3000,3009.0,3000,100.0,ZNE,train,gold,MQ_SAM_GOLD_20140303_113542
"bucket0$210,:3,:6001",2014-03-03T11:35:23.209900,MQ,BAM,3000,,3000,100.0,ZNE,train,gold,MQ_BAM_GOLD_20140303_113553
"bucket0$211,:3,:6001",2014-03-03T11:35:24.259900,MQ,GBM,3000,,3000,100.0,ZNE,train,gold,MQ_GBM_GOLD_20140303_113554
"bucket2$23,:3,:6001",2014-03-03T11:35:24.330000,MQ,IA2,3000,3189.0,3000,100.0,ZNE,dev,gold,MQ_IA2_GOLD_20140303_113554
"bucket0$212,:3,:6001",2014-03-03T11:35:23.850000,MQ,SAM,3000,,3000,100.0,ZNE,train,gold,MQ_SAM_GOLD_20140303_113553
"bucket0$213,:3,:6001",2014-03-03T12:28:53.749900,MQ,BAM,3000,,3000,100.0,ZNE,train,gold,MQ_BAM_GOLD_20140303_122923
"bucket2$24,:3,:6001",2014-03-03T12:28:54.499900,MQ,CPM,3000,,3000,100.0,ZNE,dev,gold,MQ_CPM_GOLD_20140303_122924
"bucket0$214,:3,:6001",2014-03-03T12:28:54.239900,MQ,GBM,3000,,3000,100.0,ZNE,train,gold,MQ_GBM_GOLD_20140303_122924
"bucket4$24,:3,:6001",2014-03-03T12:28:54.400000,MQ,IA2,3000,3268.0,3000,100.0,ZNE,test,gold,MQ_IA2_GOLD_20140303_122924
"bucket0$215,:3,:6001",2014-03-03T12:28:55.940000,MQ,LAM,3000,3282.0,3000,100.0,ZNE,train,gold,MQ_LAM_GOLD_20140303_122925
"bucket2$25,:3,:6001",2014-03-03T12:28:54.149900,MQ,MLM,3000,,3000,100.0,ZNE,dev,gold,MQ_MLM_GOLD_20140303_122924
"bucket0$216,:3,:6001",2014-03-03T12:29:19.189900,MQ,BAM,3000,,3000,100.0,ZNE,train,gold,MQ_BAM_GOLD_20140303_122949
"bucket0$217,:3,:6001",2014-03-03T12:29:20.729900,MQ,CPM,3000,,3000,100.0,ZNE,train,gold,MQ_CPM_GOLD_20140303_122950
"bucket0$218,:3,:6001",2014-03-03T12:29:20.489900,MQ,GBM,3000,,3000,100.0,ZNE,train,gold,MQ_GBM_GOLD_20140303_122950
"bucket0$219,:3,:6001",2014-03-03T12:29:20.250000,MQ,IA2,3000,3039.0,3000,100.0,ZNE,train,gold,MQ_IA2_GOLD_20140303_122950
"bucket2$26,:3,:6001",2014-03-03T12:29:21.110000,MQ,LAM,3000,3026.0,3000,100.0,ZNE,dev,gold,MQ_LAM_GOLD_20140303_122951
"bucket0$220,:3,:6001",2014-03-03T18:42:44.369900,MQ,BAM,3000,,3000,100.0,ZNE,train,gold,MQ_BAM_GOLD_20140303_184314
"bucket0$221,:3,:6001",2014-03-03T18:42:45.439900,MQ,CPM,3000,,3000,100.0,ZNE,train,gold,MQ_CPM_GOLD_20140303_184315
"bucket0$222,:3,:6001",2014-03-03T18:42:44.579900,MQ,GBM,3000,,3000,100.0,ZNE,train,gold,MQ_GBM_GOLD_20140303_184314
"bucket0$223,:3,:6001",2014-03-03T18:42:44.820000,MQ,IA2,3000,3259.0,3000,100.0,ZNE,train,gold,MQ_IA2_GOLD_20140303_184314
"bucket0$224,:3,:6001",2014-03-03T18:42:46,MQ,LAM,3000,3008.0,3000,100.0,ZNE,train,gold,MQ_LAM_GOLD_20140303_184316
"bucket4$25,:3,:6001",2014-03-03T19:05:06.739900,MQ,BAM,3000,,3000,100.0,ZNE,test,gold,MQ_BAM_GOLD_20140303_190536
"bucket0$225,:3,:6001",2014-03-03T19:05:11.999900,MQ,CPM,3000,,3000,100.0,ZNE,train,gold,MQ_CPM_GOLD_20140303_190541
"bucket0$226,:3,:6001",2014-03-03T19:05:12.149900,MQ,GBM,3000,,3000,100.0,ZNE,train,gold,MQ_GBM_GOLD_20140303_190542
"bucket0$227,:3,:6001",2014-03-03T19:05:11.580000,MQ,IA2,3000,3175.0,3000,100.0,ZNE,train,gold,MQ_IA2_GOLD_20140303_190541
"bucket2$27,:3,:6001",2014-03-03T19:05:37.559900,MQ,BAM,3000,,3000,100.0,ZNE,dev,gold,MQ_BAM_GOLD_20140303_190607
"bucket4$26,:3,:6001",2014-03-03T19:05:37.719900,MQ,CPM,3000,,3000,100.0,ZNE,test,gold,MQ_CPM_GOLD_20140303_190607
"bucket0$228,:3,:6001",2014-03-03T19:05:39.169900,MQ,GBM,3000,,3000,100.0,ZNE,train,gold,MQ_GBM_GOLD_20140303_190609
"bucket4$27,:3,:6001",2014-03-03T19:05:37.440000,MQ,IA2,3000,3132.0,3000,100.0,ZNE,test,gold,MQ_IA2_GOLD_20140303_190607
"bucket0$229,:3,:6001",2014-03-03T19:05:38.660000,MQ,LAM,3000,3076.0,3000,100.0,ZNE,train,gold,MQ_LAM_GOLD_20140303_190608
"bucket0$230,:3,:6001",2014-03-03T22:16:07.509900,MQ,BAM,3000,,3000,100.0,ZNE,train,gold,MQ_BAM_GOLD_20140303_221637
"bucket0$231,:3,:6001",2014-03-03T22:16:07.009900,MQ,GBM,3000,,3000,100.0,ZNE,train,gold,MQ_GBM_GOLD_20140303_221637
"bucket4$28,:3,:6001",2014-03-03T22:16:09.530000,MQ,IA2,3000,3115.0,3000,100.0,ZNE,test,gold,MQ_IA2_GOLD_20140303_221639
"bucket0$232,:3,:6001",2014-03-03T22:16:07.150000,MQ,LAM,3000,3103.0,3000,100.0,ZNE,train,gold,MQ_LAM_GOLD_20140303_221637
"bucket0$233,:3,:6001",2014-03-03T23:49:26.069900,MQ,BAM,3000,,3000,100.0,ZNE,train,gold,MQ_BAM_GOLD_20140303_234956
"bucket0$234,:3,:6001",2014-03-03T23:49:25.269900,MQ,GBM,3000,,3000,100.0,ZNE,train,gold,MQ_GBM_GOLD_20140303_234955
"bucket0$235,:3,:6001",2014-03-03T23:49:26.340000,MQ,IA2,3000,3002.0,3000,100.0,ZNE,train,gold,MQ_IA2_GOLD_20140303_234956
"bucket0$236,:3,:6001",2014-03-03T23:49:25.220000,MQ,LAM,3000,3160.0,3000,100.0,ZNE,train,gold,MQ_LAM_GOLD_20140303_234955
"bucket0$237,:3,:6001",2014-03-04T02:19:35.870000,MQ,IA2,3000,,3000,100.0,ZNE,train,gold,MQ_IA2_GOLD_20140304_022005
"bucket0$238,:3,:6001",2014-03-04T02:28:23.219900,MQ,BAM,3000,,3000,100.0,ZNE,train,gold,MQ_BAM_GOLD_20140304_022853
"bucket0$239,:3,:6001",2014-03-04T02:28:24.509900,MQ,CPM,3000,,3000,100.0,ZNE,train,gold,MQ_CPM_GOLD_20140304_022854
"bucket0$240,:3,:6001",2014-03-04T02:28:23.989900,MQ,GBM,3000,,3000,100.0,ZNE,train,gold,MQ_GBM_GOLD_20140304_022853
"bucket0$241,:3,:6001",2014-03-04T02:28:23.980000,MQ,IA2,3000,3029.0,3000,100.0,ZNE,train,gold,MQ_IA2_GOLD_20140304_022853
"bucket0$242,:3,:6001",2014-03-04T02:28:23.590000,MQ,LAM,3000,3061.0,3000,100.0,ZNE,train,gold,MQ_LAM_GOLD_20140304_022853
"bucket2$28,:3,:6001",2014-03-04T03:21:49.389900,MQ,CPM,3000,,3000,100.0,ZNE,dev,gold,MQ_CPM_GOLD_20140304_032219
"bucket0$243,:3,:6001",2014-03-04T03:21:49.679900,MQ,MLM,3000,,3000,100.0,ZNE,train,gold,MQ_MLM_GOLD_20140304_032219
"bucket0$244,:3,:6001",2014-03-04T04:11:40.890000,MQ,SAM,3000,3012.0,3000,100.0,ZNE,train,gold,MQ_SAM_GOLD_20140304_041210
"bucket0$245,:3,:6001",2014-03-04T04:20:24.080000,MQ,IA2,3000,3064.0,3000,100.0,ZNE,train,gold,MQ_IA2_GOLD_20140304_042054
"bucket0$246,:3,:6001",2014-03-04T05:48:07.329900,MQ,BAM,3000,,3000,100.0,ZNE,train,gold,MQ_BAM_GOLD_20140304_054837
"bucket0$247,:3,:6001",2014-03-04T05:48:06.059900,MQ,CPM,3000,,3000,100.0,ZNE,train,gold,MQ_CPM_GOLD_20140304_054836
"bucket0$248,:3,:6001",2014-03-04T05:48:06.400000,MQ,IA2,3000,3213.0,3000,100.0,ZNE,train,gold,MQ_IA2_GOLD_20140304_054836
"bucket0$249,:3,:6001",2014-03-04T05:48:06.860000,MQ,LAM,3000,3177.0,3000,100.0,ZNE,train,gold,MQ_LAM_GOLD_20140304_054836
"bucket0$250,:3,:6001",2014-03-04T06:22:43.909900,MQ,BAM,3000,,3000,100.0,ZNE,train,gold,MQ_BAM_GOLD_20140304_062313
"bucket0$251,:3,:6001",2014-03-04T06:22:43.989900,MQ,CPM,3000,,3000,100.0,ZNE,train,gold,MQ_CPM_GOLD_20140304_062313
"bucket0$252,:3,:6001",2014-03-04T07:16:22.930000,MQ,SAM,3000,3020.0,3000,100.0,ZNE,train,gold,MQ_SAM_GOLD_20140304_071652
"bucket0$253,:3,:6001",2014-03-04T08:16:52.710000,MQ,SAM,3000,3047.0,3000,100.0,ZNE,train,gold,MQ_SAM_GOLD_20140304_081722
"bucket0$254,:3,:6001",2014-03-04T08:19:07.239900,MQ,BAM,3000,,3000,100.0,ZNE,train,gold,MQ_BAM_GOLD_20140304_081937
"bucket0$255,:3,:6001",2014-03-04T08:19:06.679900,MQ,GBM,3000,,3000,100.0,ZNE,train,gold,MQ_GBM_GOLD_20140304_081936
"bucket4$29,:3,:6001",2014-03-04T08:19:07.280000,MQ,IA2,3000,3046.0,3000,100.0,ZNE,test,gold,MQ_IA2_GOLD_20140304_081937
"bucket2$29,:3,:6001",2014-03-04T08:19:06.680000,MQ,LAM,3000,3078.0,3000,100.0,ZNE,dev,gold,MQ_LAM_GOLD_20140304_081936
"bucket0$256,:3,:6001",2014-03-04T08:40:37.519900,MQ,BAM,3000,,3000,100.0,ZNE,train,gold,MQ_BAM_GOLD_20140304_084107
"bucket0$257,:3,:6001",2014-03-04T08:40:35.729900,MQ,GBM,3000,,3000,100.0,ZNE,train,gold,MQ_GBM_GOLD_20140304_084105
"bucket0$258,:3,:6001",2014-03-04T08:40:36.580000,MQ,IA2,3000,3183.0,3000,100.0,ZNE,train,gold,MQ_IA2_GOLD_20140304_084106
"bucket0$259,:3,:6001",2014-03-04T08:40:37.130000,MQ,LAM,3000,,3000,100.0,ZNE,train,gold,MQ_LAM_GOLD_20140304_084107
"bucket0$260,:3,:6001",2014-03-04T08:40:36.470000,MQ,SAM,3000,3057.0,3000,100.0,ZNE,train,gold,MQ_SAM_GOLD_20140304_084106
"bucket0$261,:3,:6001",2014-03-04T15:05:51.499900,MQ,BAM,3000,,3000,100.0,ZNE,train,gold,MQ_BAM_GOLD_20140304_150621
"bucket0$262,:3,:6001",2014-03-04T15:05:50.569900,MQ,GBM,3000,,3000,100.0,ZNE,train,gold,MQ_GBM_GOLD_20140304_150620
"bucket0$263,:3,:6001",2014-03-04T15:05:51.500000,MQ,IA2,3000,3040.0,3000,100.0,ZNE,train,gold,MQ_IA2_GOLD_20140304_150621
"bucket0$264,:3,:6001",2014-03-04T15:05:50.570000,MQ,LAM,3000,3027.0,3000,100.0,ZNE,train,gold,MQ_LAM_GOLD_20140304_150620
"bucket0$265,:3,:6001",2014-03-04T15:23:21.719900,MQ,BAM,3000,,3000,100.0,ZNE,train,gold,MQ_BAM_GOLD_20140304_152351
"bucket0$266,:3,:6001",2014-03-04T15:23:22.949900,MQ,CPM,3000,,3000,100.0,ZNE,train,gold,MQ_CPM_GOLD_20140304_152352
"bucket0$267,:3,:6001",2014-03-04T15:23:22.589900,MQ,GBM,3000,,3000,100.0,ZNE,train,gold,MQ_GBM_GOLD_20140304_152352
"bucket0$268,:3,:6001",2014-03-04T15:23:22.580000,MQ,IA2,3000,3071.0,3000,100.0,ZNE,train,gold,MQ_IA2_GOLD_20140304_152352
"bucket0$269,:3,:6001",2014-03-04T15:23:23.210000,MQ,SAM,3000,3074.0,3000,100.0,ZNE,train,gold,MQ_SAM_GOLD_20140304_152353
"bucket0$270,:3,:6001",2014-03-04T17:20:30.929900,MQ,CPM,3000,,3000,100.0,ZNE,train,gold,MQ_CPM_GOLD_20140304_172100
"bucket0$271,:3,:6001",2014-03-04T17:20:29.619900,MQ,GBM,3000,,3000,100.0,ZNE,train,gold,MQ_GBM_GOLD_20140304_172059
"bucket0$272,:3,:6001",2014-03-04T17:20:29.850000,MQ,IA2,3000,3166.0,3000,100.0,ZNE,train,gold,MQ_IA2_GOLD_20140304_172059
"bucket0$273,:3,:6001",2014-03-04T17:20:32.370000,MQ,SAM,3000,3044.0,3000,100.0,ZNE,train,gold,MQ_SAM_GOLD_20140304_172102
"bucket0$274,:3,:6001",2014-03-04T18:32:49.999900,MQ,BAM,3000,,3000,100.0,ZNE,train,gold,MQ_BAM_GOLD_20140304_183319
"bucket0$275,:3,:6001",2014-03-04T18:32:51.409900,MQ,GBM,3000,,3000,100.0,ZNE,train,gold,MQ_GBM_GOLD_20140304_183321
"bucket0$276,:3,:6001",2014-03-04T18:32:51.390000,MQ,IA2,3000,3007.0,3000,100.0,ZNE,train,gold,MQ_IA2_GOLD_20140304_183321
"bucket2$30,:3,:6001",2014-03-04T18:32:52.570000,MQ,SAM,3000,3070.0,3000,100.0,ZNE,dev,gold,MQ_SAM_GOLD_20140304_183322
"bucket0$277,:3,:6001",2014-03-04T19:44:11.759900,MQ,BAM,3000,,3000,100.0,ZNE,train,gold,MQ_BAM_GOLD_20140304_194441
"bucket4$30,:3,:6001",2014-03-04T19:44:11.879900,MQ,GBM,3000,,3000,100.0,ZNE,test,gold,MQ_GBM_GOLD_20140304_194441
"bucket0$278,:3,:6001",2014-03-04T19:44:12.670000,MQ,IA2,3000,3031.0,3000,100.0,ZNE,train,gold,MQ_IA2_GOLD_20140304_194442
"bucket0$279,:3,:6001",2014-03-04T19:44:11.820000,MQ,LAM,3000,3047.0,3000,100.0,ZNE,train,gold,MQ_LAM_GOLD_20140304_194441
"bucket0$280,:3,:6001",2014-03-04T21:51:46.809900,MQ,BAM,3000,,3000,100.0,ZNE,train,gold,MQ_BAM_GOLD_20140304_215216
"bucket0$281,:3,:6001",2014-03-04T21:51:46.859900,MQ,CPM,3000,,3000,100.0,ZNE,train,gold,MQ_CPM_GOLD_20140304_215216
"bucket0$282,:3,:6001",2014-03-04T21:51:46.799900,MQ,GBM,3000,,3000,100.0,ZNE,train,gold,MQ_GBM_GOLD_20140304_215216
"bucket2$31,:3,:6001",2014-03-04T21:51:47.380000,MQ,IA2,3000,3190.0,3000,100.0,ZNE,dev,gold,MQ_IA2_GOLD_20140304_215217
"bucket4$31,:3,:6001",2014-03-04T21:51:46.890000,MQ,LAM,3000,3054.0,3000,100.0,ZNE,test,gold,MQ_LAM_GOLD_20140304_215216
"bucket0$283,:3,:6001",2014-03-04T21:51:44.360000,MQ,SAM,3000,,3000,100.0,ZNE,train,gold,MQ_SAM_GOLD_20140304_215214
"bucket0$284,:3,:6001",2014-03-04T22:25:11.369900,MQ,BAM,3000,,3000,100.0,ZNE,train,gold,MQ_BAM_GOLD_20140304_222541
"bucket0$285,:3,:6001",2014-03-04T22:25:11.270000,MQ,IA2,3000,3176.0,3000,100.0,ZNE,train,gold,MQ_IA2_GOLD_20140304_222541
"bucket0$286,:3,:6001",2014-03-04T23:49:30.509900,MQ,BAM,3000,,3000,100.0,ZNE,train,gold,MQ_BAM_GOLD_20140304_235000
"bucket0$287,:3,:6001",2014-03-04T23:49:29.539900,MQ,GBM,3000,,3000,100.0,ZNE,train,gold,MQ_GBM_GOLD_20140304_234959
"bucket2$32,:3,:6001",2014-03-04T23:49:30.280000,MQ,IA2,3000,3033.0,3000,100.0,ZNE,dev,gold,MQ_IA2_GOLD_20140304_235000
"bucket0$288,:3,:6001",2014-03-04T23:49:29.450000,MQ,LAM,3000,3261.0,3000,100.0,ZNE,train,gold,MQ_LAM_GOLD_20140304_234959
"bucket0$289,:3,:6001",2014-03-04T23:54:39.229900,MQ,BAM,3000,,3000,100.0,ZNE,train,gold,MQ_BAM_GOLD_20140304_235509
"bucket0$290,:3,:6001",2014-03-04T23:54:40.479900,MQ,CPM,3000,,3000,100.0,ZNE,train,gold,MQ_CPM_GOLD_20140304_235510
"bucket4$32,:3,:6001",2014-03-04T23:54:38.399900,MQ,GBM,3000,,3000,100.0,ZNE,test,gold,MQ_GBM_GOLD_20140304_235508
"bucket0$291,:3,:6001",2014-03-04T23:54:40.040000,MQ,IA2,3000,3008.0,3000,100.0,ZNE,train,gold,MQ_IA2_GOLD_20140304_235510
"bucket0$292,:3,:6001",2014-03-05T00:34:02.589900,MQ,CPM,3000,,3000,100.0,ZNE,train,gold,MQ_CPM_GOLD_20140305_003432
"bucket0$293,:3,:6001",2014-03-05T00:34:02.180000,MQ,SAM,3000,3063.0,3000,100.0,ZNE,train,gold,MQ_SAM_GOLD_20140305_003432
"bucket0$294,:3,:6001",2014-03-05T00:40:22.549900,MQ,BAM,3000,,3000,100.0,ZNE,train,gold,MQ_BAM_GOLD_20140305_004052
"bucket0$295,:3,:6001",2014-03-05T00:40:21.909900,MQ,GBM,3000,,3000,100.0,ZNE,train,gold,MQ_GBM_GOLD_20140305_004051
"bucket0$296,:3,:6001",2014-03-05T00:40:23.180000,MQ,IA2,3000,3071.0,3000,100.0,ZNE,train,gold,MQ_IA2_GOLD_20140305_004053
"bucket0$297,:3,:6001",2014-03-05T00:40:21.940000,MQ,LAM,3000,3271.0,3000,100.0,ZNE,train,gold,MQ_LAM_GOLD_20140305_004051
"bucket0$298,:3,:6001",2014-03-05T00:59:20.119900,MQ,BAM,3000,,3000,100.0,ZNE,train,gold,MQ_BAM_GOLD_20140305_005950
"bucket0$299,:3,:6001",2014-03-05T00:59:18.669900,MQ,GBM,3000,,3000,100.0,ZNE,train,gold,MQ_GBM_GOLD_20140305_005948
"bucket0$300,:3,:6001",2014-03-05T00:59:19.580000,MQ,IA2,3000,3046.0,3000,100.0,ZNE,train,gold,MQ_IA2_GOLD_20140305_005949
"bucket0$301,:3,:6001",2014-03-05T00:59:18.570000,MQ,LAM,3000,3046.0,3000,100.0,ZNE,train,gold,MQ_LAM_GOLD_20140305_005948
"bucket0$302,:3,:6001",2014-03-05T01:10:22.019900,MQ,BAM,3000,,3000,100.0,ZNE,train,gold,MQ_BAM_GOLD_20140305_011052
"bucket0$303,:3,:6001",2014-03-05T01:10:22.129900,MQ,CPM,3000,,3000,100.0,ZNE,train,gold,MQ_CPM_GOLD_20140305_011052
"bucket0$304,:3,:6001",2014-03-05T01:10:20.869900,MQ,GBM,3000,,3000,100.0,ZNE,train,gold,MQ_GBM_GOLD_20140305_011050
"bucket0$305,:3,:6001",2014-03-05T01:10:21.540000,MQ,IA2,3000,3053.0,3000,100.0,ZNE,train,gold,MQ_IA2_GOLD_20140305_011051
"bucket4$33,:3,:6001",2014-03-05T02:09:08.739900,MQ,BAM,3000,,3000,100.0,ZNE,test,gold,MQ_BAM_GOLD_20140305_020938
"bucket0$306,:3,:6001",2014-03-05T02:09:07.739900,MQ,GBM,3000,,3000,100.0,ZNE,train,gold,MQ_GBM_GOLD_20140305_020937
"bucket0$307,:3,:6001",2014-03-05T02:09:10.700000,MQ,IA2,3000,3071.0,3000,100.0,ZNE,train,gold,MQ_IA2_GOLD_20140305_020940
"bucket0$308,:3,:6001",2014-03-05T02:09:09.530000,MQ,LAM,3000,3069.0,3000,100.0,ZNE,train,gold,MQ_LAM_GOLD_20140305_020939
"bucket0$309,:3,:6001",2014-03-05T03:06:21.619900,MQ,BAM,3000,,3000,100.0,ZNE,train,gold,MQ_BAM_GOLD_20140305_030651
"bucket0$310,:3,:6001",2014-03-05T03:06:20.429900,MQ,GBM,3000,,3000,100.0,ZNE,train,gold,MQ_GBM_GOLD_20140305_030650
"bucket0$311,:3,:6001",2014-03-05T03:06:21.300000,MQ,IA2,3000,3084.0,3000,100.0,ZNE,train,gold,MQ_IA2_GOLD_20140305_030651
"bucket0$312,:3,:6001",2014-03-05T03:06:19.860000,MQ,LAM,3000,3047.0,3000,100.0,ZNE,train,gold,MQ_LAM_GOLD_20140305_030649
"bucket0$313,:3,:6001",2014-03-05T04:02:51.929900,MQ,BAM,3000,,3000,100.0,ZNE,train,gold,MQ_BAM_GOLD_20140305_040321
"bucket4$34,:3,:6001",2014-03-05T04:02:52.969900,MQ,CPM,3000,,3000,100.0,ZNE,test,gold,MQ_CPM_GOLD_20140305_040322
"bucket0$314,:3,:6001",2014-03-05T04:02:52.849900,MQ,GBM,3000,,3000,100.0,ZNE,train,gold,MQ_GBM_GOLD_20140305_040322
"bucket0$315,:3,:6001",2014-03-05T04:02:52.830000,MQ,IA2,3000,3343.0,3000,100.0,ZNE,train,gold,MQ_IA2_GOLD_20140305_040322
"bucket4$35,:3,:6001",2014-03-05T04:02:52.600000,MQ,LAM,3000,3204.0,3000,100.0,ZNE,test,gold,MQ_LAM_GOLD_20140305_040322
"bucket0$316,:3,:6001",2014-03-05T04:02:55.379900,MQ,MLM,3000,,3000,100.0,ZNE,train,gold,MQ_MLM_GOLD_20140305_040325
"bucket0$317,:3,:6001",2014-03-05T04:31:55.199900,MQ,CPM,3000,,3000,100.0,ZNE,train,gold,MQ_CPM_GOLD_20140305_043225
"bucket0$318,:3,:6001",2014-03-05T04:31:55.179900,MQ,MLM,3000,,3000,100.0,ZNE,train,gold,MQ_MLM_GOLD_20140305_043225
"bucket0$319,:3,:6001",2014-03-05T04:31:54.410000,MQ,SAM,3000,3015.0,3000,100.0,ZNE,train,gold,MQ_SAM_GOLD_20140305_043224
"bucket0$320,:3,:6001",2014-03-05T04:32:18.019900,MQ,BAM,3000,,3000,100.0,ZNE,train,gold,MQ_BAM_GOLD_20140305_043248
"bucket0$321,:3,:6001",2014-03-05T04:32:17.809900,MQ,GBM,3000,,3000,100.0,ZNE,train,gold,MQ_GBM_GOLD_20140305_043247
"bucket0$322,:3,:6001",2014-03-05T04:32:18.450000,MQ,IA2,3000,3052.0,3000,100.0,ZNE,train,gold,MQ_IA2_GOLD_20140305_043248
"bucket0$323,:3,:6001",2014-03-05T04:32:17.140000,MQ,LAM,3000,3028.0,3000,100.0,ZNE,train,gold,MQ_LAM_GOLD_20140305_043247
"bucket0$324,:3,:6001",2014-03-05T04:40:14.320000,MQ,SAM,3000,3004.0,3000,100.0,ZNE,train,gold,MQ_SAM_GOLD_20140305_044044
"bucket4$36,:3,:6001",2014-03-05T05:11:56.269900,MQ,BAM,3000,,3000,100.0,ZNE,test,gold,MQ_BAM_GOLD_20140305_051226
"bucket4$37,:3,:6001",2014-03-05T05:11:56.479900,MQ,CPM,3000,,3000,100.0,ZNE,test,gold,MQ_CPM_GOLD_20140305_051226
"bucket0$325,:3,:6001",2014-03-05T05:11:55.910000,MQ,IA2,3000,3086.0,3000,100.0,ZNE,train,gold,MQ_IA2_GOLD_20140305_051225
"bucket0$326,:3,:6001",2014-03-05T05:11:56.480000,MQ,SAM,3000,3055.0,3000,100.0,ZNE,train,gold,MQ_SAM_GOLD_20140305_051226
"bucket0$327,:3,:6001",2014-03-05T11:51:57.859900,MQ,BAM,3000,,3000,100.0,ZNE,train,gold,MQ_BAM_GOLD_20140305_115227
"bucket0$328,:3,:6001",2014-03-05T11:51:57.379900,MQ,GBM,3000,,3000,100.0,ZNE,train,gold,MQ_GBM_GOLD_20140305_115227
"bucket4$38,:3,:6001",2014-03-05T11:51:58.260000,MQ,IA2,3000,3021.0,3000,100.0,ZNE,test,gold,MQ_IA2_GOLD_20140305_115228
"bucket0$329,:3,:6001",2014-03-05T11:51:57.180000,MQ,LAM,3000,3046.0,3000,100.0,ZNE,train,gold,MQ_LAM_GOLD_20140305_115227
"bucket0$330,:3,:6001",2014-03-05T13:02:50.469900,MQ,BAM,3000,,3000,100.0,ZNE,train,gold,MQ_BAM_GOLD_20140305_130320
"bucket0$331,:3,:6001",2014-03-05T13:02:45.249900,MQ,GBM,3000,,3000,100.0,ZNE,train,gold,MQ_GBM_GOLD_20140305_130315
"bucket2$33,:3,:6001",2014-03-05T13:02:50.550000,MQ,IA2,3000,3053.0,3000,100.0,ZNE,dev,gold,MQ_IA2_GOLD_20140305_130320
"bucket4$39,:3,:6001",2014-03-05T13:02:49.180000,MQ,LAM,3000,3069.0,3000,100.0,ZNE,test,gold,MQ_LAM_GOLD_20140305_130319
"bucket0$332,:3,:6001",2014-03-05T20:03:05.189900,MQ,BAM,3000,,3000,100.0,ZNE,train,gold,MQ_BAM_GOLD_20140305_200335
"bucket0$333,:3,:6001",2014-03-05T20:03:05.209900,MQ,CPM,3000,,3000,100.0,ZNE,train,gold,MQ_CPM_GOLD_20140305_200335
"bucket4$40,:3,:6001",2014-03-05T20:03:04.899900,MQ,GBM,3000,,3000,100.0,ZNE,test,gold,MQ_GBM_GOLD_20140305_200334
"bucket2$34,:3,:6001",2014-03-05T20:03:05.740000,MQ,LAM,3000,3031.0,3000,100.0,ZNE,dev,gold,MQ_LAM_GOLD_20140305_200335
"bucket0$334,:3,:6001",2014-03-05T20:03:05.410000,MQ,SAM,3000,3233.0,3000,100.0,ZNE,train,gold,MQ_SAM_GOLD_20140305_200335
"bucket0$335,:3,:6001",2014-03-06T00:03:47.249900,MQ,BAM,3000,,3000,100.0,ZNE,train,gold,MQ_BAM_GOLD_20140306_000417
"bucket0$336,:3,:6001",2014-03-06T00:03:47.799900,MQ,CPM,3000,,3000,100.0,ZNE,train,gold,MQ_CPM_GOLD_20140306_000417
"bucket0$337,:3,:6001",2014-03-06T00:03:48.059900,MQ,GBM,3000,,3000,100.0,ZNE,train,gold,MQ_GBM_GOLD_20140306_000418
"bucket0$338,:3,:6001",2014-03-06T00:03:47.640000,MQ,IA2,3000,3075.0,3000,100.0,ZNE,train,gold,MQ_IA2_GOLD_20140306_000417
"bucket0$339,:3,:6001",2014-03-06T00:47:43.809900,MQ,BAM,3000,,3000,100.0,ZNE,train,gold,MQ_BAM_GOLD_20140306_004813
"bucket0$340,:3,:6001",2014-03-06T00:47:43.279900,MQ,GBM,3000,,3000,100.0,ZNE,train,gold,MQ_GBM_GOLD_20140306_004813
"bucket0$341,:3,:6001",2014-03-06T00:47:44.320000,MQ,IA2,3000,3007.0,3000,100.0,ZNE,train,gold,MQ_IA2_GOLD_20140306_004814
"bucket0$342,:3,:6001",2014-03-06T00:47:42.860000,MQ,LAM,3000,3080.0,3000,100.0,ZNE,train,gold,MQ_LAM_GOLD_20140306_004812
"bucket2$35,:3,:6001",2014-03-07T00:00:53.889900,MQ,BAM,3000,,3000,100.0,ZNE,dev,gold,MQ_BAM_GOLD_20140307_000123
"bucket2$36,:3,:6001",2014-03-07T00:00:54.839900,MQ,CPM,3000,,3000,100.0,ZNE,dev,gold,MQ_CPM_GOLD_20140307_000124
"bucket0$343,:3,:6001",2014-03-07T00:00:54.699900,MQ,GBM,3000,,3000,100.0,ZNE,train,gold,MQ_GBM_GOLD_20140307_000124
"bucket0$344,:3,:6001",2014-03-07T00:00:54.810000,MQ,IA2,3000,3061.0,3000,100.0,ZNE,train,gold,MQ_IA2_GOLD_20140307_000124
"bucket0$345,:3,:6001",2014-03-07T19:06:17.479900,MQ,BAM,3000,,3000,100.0,ZNE,train,gold,MQ_BAM_GOLD_20140307_190647
"bucket2$37,:3,:6001",2014-03-07T19:06:18.589900,MQ,CPM,3000,,3000,100.0,ZNE,dev,gold,MQ_CPM_GOLD_20140307_190648
"bucket0$346,:3,:6001",2014-03-07T19:06:19.209900,MQ,GBM,3000,,3000,100.0,ZNE,train,gold,MQ_GBM_GOLD_20140307_190649
"bucket0$347,:3,:6001",2014-03-07T19:06:18.190000,MQ,IA2,3000,3116.0,3000,100.0,ZNE,train,gold,MQ_IA2_GOLD_20140307_190648
"bucket4$41,:3,:6001",2014-03-07T19:06:44.119900,MQ,BAM,3000,,3000,100.0,ZNE,test,gold,MQ_BAM_GOLD_20140307_190714
"bucket0$348,:3,:6001",2014-03-07T19:06:45.229900,MQ,CPM,3000,,3000,100.0,ZNE,train,gold,MQ_CPM_GOLD_20140307_190715
"bucket2$38,:3,:6001",2014-03-07T19:06:43.759900,MQ,GBM,3000,,3000,100.0,ZNE,dev,gold,MQ_GBM_GOLD_20140307_190713
"bucket0$349,:3,:6001",2014-03-07T19:06:46.059900,MQ,MLM,3000,,3000,100.0,ZNE,train,gold,MQ_MLM_GOLD_20140307_190716
"bucket0$350,:3,:6001",2014-03-09T14:42:45.269900,MQ,BAM,3000,,3000,100.0,ZNE,train,gold,MQ_BAM_GOLD_20140309_144315
"bucket0$351,:3,:6001",2014-03-09T14:42:46.629900,MQ,CPM,3000,,3000,100.0,ZNE,train,gold,MQ_CPM_GOLD_20140309_144316
"bucket0$352,:3,:6001",2014-03-09T14:42:45.559900,MQ,GBM,3000,,3000,100.0,ZNE,train,gold,MQ_GBM_GOLD_20140309_144315
"bucket0$353,:3,:6001",2014-03-09T14:42:45.380000,MQ,IA2,3000,3318.0,3000,100.0,ZNE,train,gold,MQ_IA2_GOLD_20140309_144315
"bucket0$354,:3,:6001",2014-03-09T14:42:46.350000,MQ,LAM,3000,3074.0,3000,100.0,ZNE,train,gold,MQ_LAM_GOLD_20140309_144316
"bucket2$39,:3,:6001",2014-03-09T14:42:47.059900,MQ,MLM,3000,,3000,100.0,ZNE,dev,gold,MQ_MLM_GOLD_20140309_144317
"bucket0$355,:3,:6001",2014-03-09T14:42:45.860000,MQ,SAM,3000,3277.0,3000,100.0,ZNE,train,gold,MQ_SAM_GOLD_20140309_144315
"bucket2$40,:3,:6001",2014-03-09T19:12:06.199900,MQ,BAM,3000,,3000,100.0,ZNE,dev,gold,MQ_BAM_GOLD_20140309_191236
"bucket4$42,:3,:6001",2014-03-09T19:12:06.509900,MQ,CPM,3000,,3000,100.0,ZNE,test,gold,MQ_CPM_GOLD_20140309_191236
"bucket0$356,:3,:6001",2014-03-09T19:12:06.519900,MQ,GBM,3000,,3000,100.0,ZNE,train,gold,MQ_GBM_GOLD_20140309_191236
"bucket4$43,:3,:6001",2014-03-09T19:12:06.350000,MQ,IA2,3000,3189.0,3000,100.0,ZNE,test,gold,MQ_IA2_GOLD_20140309_191236
"bucket4$44,:3,:6001",2014-03-09T19:12:06.219900,MQ,MLM,3000,,3000,100.0,ZNE,test,gold,MQ_MLM_GOLD_20140309_191236
"bucket0$357,:3,:6001",2014-03-09T19:12:08.460000,MQ,SAM,3000,,3000,100.0,ZNE,train,gold,MQ_SAM_GOLD_20140309_191238
"bucket0$358,:3,:6001",2014-03-10T04:32:15.209900,MQ,BAM,3000,,3000,100.0,ZNE,train,gold,MQ_BAM_GOLD_20140310_043245
"bucket0$359,:3,:6001",2014-03-10T04:32:16.339900,MQ,CPM,3000,,3000,100.0,ZNE,train,gold,MQ_CPM_GOLD_20140310_043246
"bucket4$45,:3,:6001",2014-03-10T04:32:16.010000,MQ,IA2,3000,3160.0,3000,100.0,ZNE,test,gold,MQ_IA2_GOLD_20140310_043246
"bucket0$360,:3,:6001",2014-03-10T04:32:16.210000,MQ,LAM,3000,,3000,100.0,ZNE,train,gold,MQ_LAM_GOLD_20140310_043246
"bucket0$361,:3,:6001",2014-03-10T04:32:16.169900,MQ,MLM,3000,,3000,100.0,ZNE,train,gold,MQ_MLM_GOLD_20140310_043246
"bucket0$362,:3,:6001",2014-03-10T04:32:27.869900,MQ,BAM,3000,,3000,100.0,ZNE,train,gold,MQ_BAM_GOLD_20140310_043257
"bucket0$363,:3,:6001",2014-03-10T04:32:28.829900,MQ,CPM,3000,,3000,100.0,ZNE,train,gold,MQ_CPM_GOLD_20140310_043258
"bucket2$41,:3,:6001",2014-03-10T04:32:28.509900,MQ,GBM,3000,,3000,100.0,ZNE,dev,gold,MQ_GBM_GOLD_20140310_043258
"bucket0$364,:3,:6001",2014-03-10T04:32:28.930000,MQ,IA2,3000,3138.0,3000,100.0,ZNE,train,gold,MQ_IA2_GOLD_20140310_043258
"bucket0$365,:3,:6001",2014-03-10T04:32:28.340000,MQ,LAM,3000,3178.0,3000,100.0,ZNE,train,gold,MQ_LAM_GOLD_20140310_043258
"bucket0$366,:3,:6001",2014-03-10T04:32:28.979900,MQ,MLM,3000,,3000,100.0,ZNE,train,gold,MQ_MLM_GOLD_20140310_043258
"bucket0$367,:3,:6001",2014-03-10T04:32:29.260000,MQ,SAM,3000,3006.0,3000,100.0,ZNE,train,gold,MQ_SAM_GOLD_20140310_043259
"bucket0$368,:3,:6001",2014-03-10T05:28:01.199900,MQ,BAM,3000,,3000,100.0,ZNE,train,gold,MQ_BAM_GOLD_20140310_052831
"bucket4$46,:3,:6001",2014-03-10T05:27:59.739900,MQ,CPM,3000,,3000,100.0,ZNE,test,gold,MQ_CPM_GOLD_20140310_052829
"bucket0$369,:3,:6001",2014-03-10T05:28:04.699900,MQ,GBM,3000,,3000,100.0,ZNE,train,gold,MQ_GBM_GOLD_20140310_052834
"bucket0$370,:3,:6001",2014-03-10T05:28:02.440000,MQ,IA2,3000,3151.0,3000,100.0,ZNE,train,gold,MQ_IA2_GOLD_20140310_052832
"bucket0$371,:3,:6001",2014-03-10T05:28:02.990000,MQ,SAM,3000,3031.0,3000,100.0,ZNE,train,gold,MQ_SAM_GOLD_20140310_052832
"bucket0$372,:3,:6001",2014-03-10T09:09:38.259900,MQ,BAM,3000,,3000,100.0,ZNE,train,gold,MQ_BAM_GOLD_20140310_091008
"bucket4$47,:3,:6001",2014-03-10T09:09:38.809900,MQ,CPM,3000,,3000,100.0,ZNE,test,gold,MQ_CPM_GOLD_20140310_091008
"bucket0$373,:3,:6001",2014-03-10T09:09:37.199900,MQ,GBM,3000,,3000,100.0,ZNE,train,gold,MQ_GBM_GOLD_20140310_091007
"bucket0$374,:3,:6001",2014-03-10T09:09:38.110000,MQ,IA2,3000,3075.0,3000,100.0,ZNE,train,gold,MQ_IA2_GOLD_20140310_091008
"bucket2$42,:3,:6001",2014-03-10T09:09:36.980000,MQ,LAM,3000,,3000,100.0,ZNE,dev,gold,MQ_LAM_GOLD_20140310_091006
"bucket0$375,:3,:6001",2014-03-10T09:09:38.470000,MQ,SAM,3000,3075.0,3000,100.0,ZNE,train,gold,MQ_SAM_GOLD_20140310_091008
"bucket0$376,:3,:6001",2014-03-10T09:38:40.259900,MQ,BAM,3000,,3000,100.0,ZNE,train,gold,MQ_BAM_GOLD_20140310_093910
"bucket2$43,:3,:6001",2014-03-10T09:38:39.189900,MQ,GBM,3000,,3000,100.0,ZNE,dev,gold,MQ_GBM_GOLD_20140310_093909
"bucket0$377,:3,:6001",2014-03-10T09:38:40.110000,MQ,IA2,3000,3017.0,3000,100.0,ZNE,train,gold,MQ_IA2_GOLD_20140310_093910
"bucket0$378,:3,:6001",2014-03-10T09:38:39,MQ,LAM,3000,3050.0,3000,100.0,ZNE,train,gold,MQ_LAM_GOLD_20140310_093909
"bucket2$44,:3,:6001",2014-03-10T14:33:35.809900,MQ,BAM,3000,,3000,100.0,ZNE,dev,gold,MQ_BAM_GOLD_20140310_143405
"bucket0$379,:3,:6001",2014-03-10T14:33:36.299900,MQ,CPM,3000,,3000,100.0,ZNE,train,gold,MQ_CPM_GOLD_20140310_143406
"bucket2$45,:3,:6001",2014-03-10T14:33:36.889900,MQ,GBM,3000,,3000,100.0,ZNE,dev,gold,MQ_GBM_GOLD_20140310_143406
"bucket0$380,:3,:6001",2014-03-10T14:33:35.980000,MQ,IA2,3000,3116.0,3000,100.0,ZNE,train,gold,MQ_IA2_GOLD_20140310_143405
"bucket0$381,:3,:6001",2014-03-10T14:33:36.650000,MQ,LAM,3000,3100.0,3000,100.0,ZNE,train,gold,MQ_LAM_GOLD_20140310_143406
"bucket2$46,:3,:6001",2014-03-10T21:55:56.379900,MQ,BAM,3000,,3000,100.0,ZNE,dev,gold,MQ_BAM_GOLD_20140310_215626
"bucket0$382,:3,:6001",2014-03-10T21:55:57.449900,MQ,CPM,3000,,3000,100.0,ZNE,train,gold,MQ_CPM_GOLD_20140310_215627
"bucket0$383,:3,:6001",2014-03-10T21:55:57.259900,MQ,GBM,3000,,3000,100.0,ZNE,train,gold,MQ_GBM_GOLD_20140310_215627
"bucket2$47,:3,:6001",2014-03-10T21:55:57.290000,MQ,IA2,3000,,3000,100.0,ZNE,dev,gold,MQ_IA2_GOLD_20140310_215627
"bucket0$384,:3,:6001",2014-03-10T21:55:57.450000,MQ,LAM,3000,,3000,100.0,ZNE,train,gold,MQ_LAM_GOLD_20140310_215627
"bucket0$385,:3,:6001",2014-03-10T23:16:12.829900,MQ,BAM,3000,,3000,100.0,ZNE,train,gold,MQ_BAM_GOLD_20140310_231642
"bucket2$48,:3,:6001",2014-03-10T23:16:14.359900,MQ,CPM,3000,,3000,100.0,ZNE,dev,gold,MQ_CPM_GOLD_20140310_231644
"bucket0$386,:3,:6001",2014-03-10T23:16:13.249900,MQ,GBM,3000,,3000,100.0,ZNE,train,gold,MQ_GBM_GOLD_20140310_231643
"bucket0$387,:3,:6001",2014-03-10T23:16:13.430000,MQ,IA2,3000,3056.0,3000,100.0,ZNE,train,gold,MQ_IA2_GOLD_20140310_231643
"bucket4$48,:3,:6001",2014-03-10T23:16:14.490000,MQ,LAM,3000,2980.0,3000,100.0,ZNE,test,gold,MQ_LAM_GOLD_20140310_231644
"bucket0$388,:3,:6001",2014-03-11T00:34:27.749900,MQ,BAM,3000,,3000,100.0,ZNE,train,gold,MQ_BAM_GOLD_20140311_003457
"bucket0$389,:3,:6001",2014-03-11T00:34:28.079900,MQ,CPM,3000,,3000,100.0,ZNE,train,gold,MQ_CPM_GOLD_20140311_003458
"bucket0$390,:3,:6001",2014-03-11T00:34:28.379900,MQ,GBM,3000,,3000,100.0,ZNE,train,gold,MQ_GBM_GOLD_20140311_003458
"bucket0$391,:3,:6001",2014-03-11T00:34:28.310000,MQ,IA2,3000,3259.0,3000,100.0,ZNE,train,gold,MQ_IA2_GOLD_20140311_003458
"bucket0$392,:3,:6001",2014-03-11T00:34:29.940000,MQ,LAM,3000,3088.0,3000,100.0,ZNE,train,gold,MQ_LAM_GOLD_20140311_003459
"bucket2$49,:3,:6001",2014-03-11T00:34:53.559900,MQ,BAM,3000,,3000,100.0,ZNE,dev,gold,MQ_BAM_GOLD_20140311_003523
"bucket0$393,:3,:6001",2014-03-11T00:34:53.449900,MQ,CPM,3000,,3000,100.0,ZNE,train,gold,MQ_CPM_GOLD_20140311_003523
"bucket0$394,:3,:6001",2014-03-11T00:34:53.639900,MQ,GBM,3000,,3000,100.0,ZNE,train,gold,MQ_GBM_GOLD_20140311_003523
"bucket0$395,:3,:6001",2014-03-11T00:34:54.120000,MQ,IA2,3000,3056.0,3000,100.0,ZNE,train,gold,MQ_IA2_GOLD_20140311_003524
"bucket0$396,:3,:6001",2014-03-11T04:04:07.809900,MQ,BAM,3000,,3000,100.0,ZNE,train,gold,MQ_BAM_GOLD_20140311_040437
"bucket0$397,:3,:6001",2014-03-11T04:04:07.169900,MQ,CPM,3000,,3000,100.0,ZNE,train,gold,MQ_CPM_GOLD_20140311_040437
"bucket0$398,:3,:6001",2014-03-11T04:04:07.569900,MQ,GBM,3000,,3000,100.0,ZNE,train,gold,MQ_GBM_GOLD_20140311_040437
"bucket0$399,:3,:6001",2014-03-11T04:04:07.330000,MQ,IA2,3000,3120.0,3000,100.0,ZNE,train,gold,MQ_IA2_GOLD_20140311_040437
"bucket0$400,:3,:6001",2014-03-11T04:04:08.130000,MQ,LAM,3000,3107.0,3000,100.0,ZNE,train,gold,MQ_LAM_GOLD_20140311_040438
"bucket4$49,:3,:6001",2014-03-11T04:04:07.520000,MQ,SAM,3000,3026.0,3000,100.0,ZNE,test,gold,MQ_SAM_GOLD_20140311_040437
"bucket0$401,:3,:6001",2014-03-11T05:02:41.959900,MQ,BAM,3000,,3000,100.0,ZNE,train,gold,MQ_BAM_GOLD_20140311_050311
"bucket0$402,:3,:6001",2014-03-11T05:02:41.989900,MQ,CPM,3000,,3000,100.0,ZNE,train,gold,MQ_CPM_GOLD_20140311_050311
"bucket0$403,:3,:6001",2014-03-11T05:02:42.109900,MQ,GBM,3000,,3000,100.0,ZNE,train,gold,MQ_GBM_GOLD_20140311_050312
"bucket4$50,:3,:6001",2014-03-11T05:02:42.510000,MQ,IA2,3000,3147.0,3000,100.0,ZNE,test,gold,MQ_IA2_GOLD_20140311_050312
"bucket0$404,:3,:6001",2014-03-11T05:02:42.760000,MQ,LAM,3000,,3000,100.0,ZNE,train,gold,MQ_LAM_GOLD_20140311_050312
"bucket4$51,:3,:6001",2014-03-11T05:02:53.529900,MQ,BAM,3000,,3000,100.0,ZNE,test,gold,MQ_BAM_GOLD_20140311_050323
"bucket4$52,:3,:6001",2014-03-11T05:02:53.939900,MQ,CPM,3000,,3000,100.0,ZNE,test,gold,MQ_CPM_GOLD_20140311_050323
"bucket0$405,:3,:6001",2014-03-11T05:02:53.939900,MQ,GBM,3000,,3000,100.0,ZNE,train,gold,MQ_GBM_GOLD_20140311_050323
"bucket0$406,:3,:6001",2014-03-11T05:02:53.080000,MQ,IA2,3000,3051.0,3000,100.0,ZNE,train,gold,MQ_IA2_GOLD_20140311_050323
"bucket2$50,:3,:6001",2014-03-11T05:02:53.880000,MQ,SAM,3000,3044.0,3000,100.0,ZNE,dev,gold,MQ_SAM_GOLD_20140311_050323
"bucket0$407,:3,:6001",2014-03-11T06:46:17.009900,MQ,BAM,3000,,3000,100.0,ZNE,train,gold,MQ_BAM_GOLD_20140311_064647
"bucket0$408,:3,:6001",2014-03-11T06:46:16.249900,MQ,CPM,3000,,3000,100.0,ZNE,train,gold,MQ_CPM_GOLD_20140311_064646
"bucket2$51,:3,:6001",2014-03-11T06:46:16.749900,MQ,GBM,3000,,3000,100.0,ZNE,dev,gold,MQ_GBM_GOLD_20140311_064646
"bucket0$409,:3,:6001",2014-03-11T06:46:16.810000,MQ,IA2,3000,3191.0,3000,100.0,ZNE,train,gold,MQ_IA2_GOLD_20140311_064646
"bucket0$410,:3,:6001",2014-03-11T06:46:16.730000,MQ,LAM,3000,3022.0,3000,100.0,ZNE,train,gold,MQ_LAM_GOLD_20140311_064646
"bucket4$53,:3,:6001",2014-03-11T06:46:17.050000,MQ,SAM,3000,3066.0,3000,100.0,ZNE,test,gold,MQ_SAM_GOLD_20140311_064647
"bucket0$411,:3,:6001",2014-03-11T07:33:19.079900,MQ,BAM,3000,,3000,100.0,ZNE,train,gold,MQ_BAM_GOLD_20140311_073349
"bucket0$412,:3,:6001",2014-03-11T07:33:19.029900,MQ,GBM,3000,,3000,100.0,ZNE,train,gold,MQ_GBM_GOLD_20140311_073349
"bucket0$413,:3,:6001",2014-03-11T07:33:18.580000,MQ,LAM,3000,3011.0,3000,100.0,ZNE,train,gold,MQ_LAM_GOLD_20140311_073348
"bucket0$414,:3,:6001",2014-03-11T07:33:19.980000,MQ,SAM,3000,2981.0,3000,100.0,ZNE,train,gold,MQ_SAM_GOLD_20140311_073349
"bucket0$415,:3,:6001",2014-03-11T08:46:25.579900,MQ,BAM,3000,,3000,100.0,ZNE,train,gold,MQ_BAM_GOLD_20140311_084655
"bucket0$416,:3,:6001",2014-03-11T08:46:25.010000,MQ,IA2,3000,3007.0,3000,100.0,ZNE,train,gold,MQ_IA2_GOLD_20140311_084655
"bucket2$52,:3,:6001",2014-03-11T08:46:23.970000,MQ,LAM,3000,3024.0,3000,100.0,ZNE,dev,gold,MQ_LAM_GOLD_20140311_084653
"bucket0$417,:3,:6001",2014-03-11T08:46:25.440000,MQ,SAM,3000,3015.0,3000,100.0,ZNE,train,gold,MQ_SAM_GOLD_20140311_084655
"bucket0$418,:3,:6001",2014-03-11T09:02:05.939900,MQ,BAM,3000,,3000,100.0,ZNE,train,gold,MQ_BAM_GOLD_20140311_090235
"bucket0$419,:3,:6001",2014-03-11T09:02:06.679900,MQ,CPM,3000,,3000,100.0,ZNE,train,gold,MQ_CPM_GOLD_20140311_090236
"bucket0$420,:3,:6001",2014-03-11T09:02:05.959900,MQ,GBM,3000,,3000,100.0,ZNE,train,gold,MQ_GBM_GOLD_20140311_090235
"bucket0$421,:3,:6001",2014-03-11T09:02:06.070000,MQ,IA2,3000,3034.0,3000,100.0,ZNE,train,gold,MQ_IA2_GOLD_20140311_090236
"bucket4$54,:3,:6001",2014-03-11T09:02:06.510000,MQ,SAM,3000,3017.0,3000,100.0,ZNE,test,gold,MQ_SAM_GOLD_20140311_090236
"bucket0$422,:3,:6001",2014-03-11T20:49:53.629900,MQ,BAM,3000,,3000,100.0,ZNE,train,gold,MQ_BAM_GOLD_20140311_205023
"bucket0$423,:3,:6001",2014-03-11T20:49:52.859900,MQ,CPM,3000,,3000,100.0,ZNE,train,gold,MQ_CPM_GOLD_20140311_205022
"bucket0$424,:3,:6001",2014-03-11T20:49:53.030000,MQ,IA2,3000,,3000,100.0,ZNE,train,gold,MQ_IA2_GOLD_20140311_205023
"bucket0$425,:3,:6001",2014-03-11T20:49:52.770000,MQ,LAM,3000,3145.0,3000,100.0,ZNE,train,gold,MQ_LAM_GOLD_20140311_205022
"bucket0$426,:3,:6001",2014-03-11T20:49:53.019900,MQ,MLM,3000,,3000,100.0,ZNE,train,gold,MQ_MLM_GOLD_20140311_205023
"bucket0$427,:3,:6001",2014-03-11T20:50:09.019900,MQ,BAM,3000,,3000,100.0,ZNE,train,gold,MQ_BAM_GOLD_20140311_205039
"bucket0$428,:3,:6001",2014-03-11T20:50:09.049900,MQ,CPM,3000,,3000,100.0,ZNE,train,gold,MQ_CPM_GOLD_20140311_205039
"bucket0$429,:3,:6001",2014-03-11T20:50:08.980000,MQ,IA2,3000,3071.0,3000,100.0,ZNE,train,gold,MQ_IA2_GOLD_20140311_205038
"bucket2$53,:3,:6001",2014-03-11T20:50:09.290000,MQ,LAM,3000,2946.0,3000,100.0,ZNE,dev,gold,MQ_LAM_GOLD_20140311_205039
"bucket4$55,:3,:6001",2014-03-11T20:50:09.930000,MQ,SAM,3000,,3000,100.0,ZNE,test,gold,MQ_SAM_GOLD_20140311_205039
"bucket0$430,:3,:6001",2014-03-11T23:36:03.859900,MQ,BAM,3000,,3000,100.0,ZNE,train,gold,MQ_BAM_GOLD_20140311_233633
"bucket0$431,:3,:6001",2014-03-11T23:36:03.770000,MQ,IA2,3000,3219.0,3000,100.0,ZNE,train,gold,MQ_IA2_GOLD_20140311_233633
"bucket4$56,:3,:6001",2014-03-11T23:36:04.770000,MQ,LAM,3000,3163.0,3000,100.0,ZNE,test,gold,MQ_LAM_GOLD_20140311_233634
"bucket2$54,:3,:6001",2014-03-11T23:36:03.790000,MQ,SAM,3000,3031.0,3000,100.0,ZNE,dev,gold,MQ_SAM_GOLD_20140311_233633
"bucket2$55,:3,:6001",2014-03-12T08:21:40.989900,MQ,BAM,3000,,3000,100.0,ZNE,dev,gold,MQ_BAM_GOLD_20140312_082210
"bucket0$432,:3,:6001",2014-03-12T08:21:41.469900,MQ,CPM,3000,,3000,100.0,ZNE,train,gold,MQ_CPM_GOLD_20140312_082211
"bucket0$433,:3,:6001",2014-03-12T08:21:40.649900,MQ,GBM,3000,,3000,100.0,ZNE,train,gold,MQ_GBM_GOLD_20140312_082210
"bucket0$434,:3,:6001",2014-03-12T08:21:41.120000,MQ,IA2,3000,3172.0,3000,100.0,ZNE,train,gold,MQ_IA2_GOLD_20140312_082211
"bucket0$435,:3,:6001",2014-03-12T08:21:40.990000,MQ,LAM,3000,3104.0,3000,100.0,ZNE,train,gold,MQ_LAM_GOLD_20140312_082210
"bucket0$436,:3,:6001",2014-03-12T08:21:41.610000,MQ,SAM,3000,3065.0,3000,100.0,ZNE,train,gold,MQ_SAM_GOLD_20140312_082211
"bucket0$437,:3,:6001",2014-03-12T19:57:06.149900,MQ,BAM,3000,,3000,100.0,ZNE,train,gold,MQ_BAM_GOLD_20140312_195736
"bucket0$438,:3,:6001",2014-03-12T19:57:00.579900,MQ,CPM,3000,,3000,100.0,ZNE,train,gold,MQ_CPM_GOLD_20140312_195730
"bucket2$56,:3,:6001",2014-03-12T19:57:05.329900,MQ,GBM,3000,,3000,100.0,ZNE,dev,gold,MQ_GBM_GOLD_20140312_195735
"bucket0$439,:3,:6001",2014-03-12T19:57:02.019900,MQ,MLM,3000,,3000,100.0,ZNE,train,gold,MQ_MLM_GOLD_20140312_195732
"bucket0$440,:3,:6001",2014-03-12T20:03:53.979900,MQ,CPM,3000,,3000,100.0,ZNE,train,gold,MQ_CPM_GOLD_20140312_200423
"bucket0$441,:3,:6001",2014-03-12T20:03:53.769900,MQ,GBM,3000,,3000,100.0,ZNE,train,gold,MQ_GBM_GOLD_20140312_200423
"bucket0$442,:3,:6001",2014-03-12T20:03:54.089900,MQ,MLM,3000,,3000,100.0,ZNE,train,gold,MQ_MLM_GOLD_20140312_200424
"bucket0$443,:3,:6001",2014-03-12T20:03:49.180000,MQ,SAM,3000,3063.0,3000,100.0,ZNE,train,gold,MQ_SAM_GOLD_20140312_200419
"bucket0$444,:3,:6001",2014-03-13T06:13:17.039900,MQ,BAM,3000,,3000,100.0,ZNE,train,gold,MQ_BAM_GOLD_20140313_061347
"bucket0$445,:3,:6001",2014-03-13T06:13:17.689900,MQ,CPM,3000,,3000,100.0,ZNE,train,gold,MQ_CPM_GOLD_20140313_061347
"bucket0$446,:3,:6001",2014-03-13T06:13:17.679900,MQ,GBM,3000,,3000,100.0,ZNE,train,gold,MQ_GBM_GOLD_20140313_061347
"bucket4$57,:3,:6001",2014-03-13T06:13:17.810000,MQ,IA2,3000,3064.0,3000,100.0,ZNE,test,gold,MQ_IA2_GOLD_20140313_061347
"bucket2$57,:3,:6001",2014-03-13T06:13:17.050000,MQ,LAM,3000,,3000,100.0,ZNE,dev,gold,MQ_LAM_GOLD_20140313_061347
"bucket0$447,:3,:6001",2014-03-13T06:13:17.500000,MQ,SAM,3000,3105.0,3000,100.0,ZNE,train,gold,MQ_SAM_GOLD_20140313_061347
"bucket0$448,:3,:6001",2014-03-13T11:58:32.019900,MQ,BAM,3000,,3000,100.0,ZNE,train,gold,MQ_BAM_GOLD_20140313_115902
"bucket4$58,:3,:6001",2014-03-13T11:58:32.499900,MQ,CPM,3000,,3000,100.0,ZNE,test,gold,MQ_CPM_GOLD_20140313_115902
"bucket0$449,:3,:6001",2014-03-13T11:58:37.889900,MQ,GBM,3000,,3000,100.0,ZNE,train,gold,MQ_GBM_GOLD_20140313_115907
"bucket0$450,:3,:6001",2014-03-13T11:58:33.219900,MQ,MLM,3000,,3000,100.0,ZNE,train,gold,MQ_MLM_GOLD_20140313_115903
"bucket0$451,:3,:6001",2014-03-13T13:43:55.980000,MQ,SAM,3000,3052.0,3000,100.0,ZNE,train,gold,MQ_SAM_GOLD_20140313_134425
"bucket0$452,:3,:6001",2014-03-13T21:02:29.969900,MQ,BAM,3000,,3000,100.0,ZNE,train,gold,MQ_BAM_GOLD_20140313_210259
"bucket0$453,:3,:6001",2014-03-13T21:02:29.629900,MQ,GBM,3000,,3000,100.0,ZNE,train,gold,MQ_GBM_GOLD_20140313_210259
"bucket2$58,:3,:6001",2014-03-13T21:02:30.250000,MQ,IA2,3000,3011.0,3000,100.0,ZNE,dev,gold,MQ_IA2_GOLD_20140313_210300
"bucket0$454,:3,:6001",2014-03-13T21:02:32.860000,MQ,SAM,3000,3048.0,3000,100.0,ZNE,train,gold,MQ_SAM_GOLD_20140313_210302
"bucket0$455,:3,:6001",2014-03-13T22:05:18.269900,MQ,BAM,3000,,3000,100.0,ZNE,train,gold,MQ_BAM_GOLD_20140313_220548
"bucket4$59,:3,:6001",2014-03-13T22:05:18.069900,MQ,GBM,3000,,3000,100.0,ZNE,test,gold,MQ_GBM_GOLD_20140313_220548
"bucket0$456,:3,:6001",2014-03-13T22:05:18.630000,MQ,IA2,3000,3117.0,3000,100.0,ZNE,train,gold,MQ_IA2_GOLD_20140313_220548
"bucket0$457,:3,:6001",2014-03-13T22:05:16.420000,MQ,SAM,3000,3222.0,3000,100.0,ZNE,train,gold,MQ_SAM_GOLD_20140313_220546
"bucket0$458,:3,:6001",2014-03-13T22:28:32.989900,MQ,BAM,3000,,3000,100.0,ZNE,train,gold,MQ_BAM_GOLD_20140313_222902
"bucket0$459,:3,:6001",2014-03-13T22:28:34.349900,MQ,CPM,3000,,3000,100.0,ZNE,train,gold,MQ_CPM_GOLD_20140313_222904
"bucket0$460,:3,:6001",2014-03-13T22:28:33.489900,MQ,GBM,3000,,3000,100.0,ZNE,train,gold,MQ_GBM_GOLD_20140313_222903
"bucket0$461,:3,:6001",2014-03-13T22:28:33.630000,MQ,IA2,3000,3149.0,3000,100.0,ZNE,train,gold,MQ_IA2_GOLD_20140313_222903
"bucket0$462,:3,:6001",2014-03-13T22:28:33.530000,MQ,LAM,3000,3227.0,3000,100.0,ZNE,train,gold,MQ_LAM_GOLD_20140313_222903
"bucket0$463,:3,:6001",2014-03-13T22:28:33.530000,MQ,SAM,3000,3040.0,3000,100.0,ZNE,train,gold,MQ_SAM_GOLD_20140313_222903
"bucket4$60,:3,:6001",2014-03-13T22:48:07.049900,MQ,BAM,3000,,3000,100.0,ZNE,test,gold,MQ_BAM_GOLD_20140313_224837
"bucket0$464,:3,:6001",2014-03-13T22:48:06.759900,MQ,GBM,3000,,3000,100.0,ZNE,train,gold,MQ_GBM_GOLD_20140313_224836
"bucket0$465,:3,:6001",2014-03-13T22:48:11.100000,MQ,IA2,3000,3046.0,3000,100.0,ZNE,train,gold,MQ_IA2_GOLD_20140313_224841
"bucket0$466,:3,:6001",2014-03-13T22:48:05.960000,MQ,LAM,3000,3026.0,3000,100.0,ZNE,train,gold,MQ_LAM_GOLD_20140313_224835
"bucket0$467,:3,:6001",2014-03-13T23:46:23.899900,MQ,BAM,3000,,3000,100.0,ZNE,train,gold,MQ_BAM_GOLD_20140313_234653
"bucket0$468,:3,:6001",2014-03-13T23:46:29.179900,MQ,CPM,3000,,3000,100.0,ZNE,train,gold,MQ_CPM_GOLD_20140313_234659
"bucket0$469,:3,:6001",2014-03-13T23:46:23.549900,MQ,GBM,3000,,3000,100.0,ZNE,train,gold,MQ_GBM_GOLD_20140313_234653
"bucket0$470,:3,:6001",2014-03-13T23:46:28.430000,MQ,IA2,3000,3050.0,3000,100.0,ZNE,train,gold,MQ_IA2_GOLD_20140313_234658
"bucket0$471,:3,:6001",2014-03-14T00:08:55.400000,MQ,SAM,3000,3026.0,3000,100.0,ZNE,train,gold,MQ_SAM_GOLD_20140314_000925
"bucket0$472,:3,:6001",2014-03-14T00:12:16.099900,MQ,CPM,3000,,3000,100.0,ZNE,train,gold,MQ_CPM_GOLD_20140314_001246
"bucket0$473,:3,:6001",2014-03-14T00:15:32.269900,MQ,CPM,3000,,3000,100.0,ZNE,train,gold,MQ_CPM_GOLD_20140314_001602
"bucket4$61,:3,:6001",2014-03-14T00:15:32.349900,MQ,MLM,3000,,3000,100.0,ZNE,test,gold,MQ_MLM_GOLD_20140314_001602
"bucket4$62,:3,:6001",2014-03-14T02:55:34.979900,MQ,BAM,3000,,3000,100.0,ZNE,test,gold,MQ_BAM_GOLD_20140314_025604
"bucket4$63,:3,:6001",2014-03-14T02:55:34.779900,MQ,CPM,3000,,3000,100.0,ZNE,test,gold,MQ_CPM_GOLD_20140314_025604
"bucket0$474,:3,:6001",2014-03-14T02:55:34.299900,MQ,GBM,3000,,3000,100.0,ZNE,train,gold,MQ_GBM_GOLD_20140314_025604
"bucket0$475,:3,:6001",2014-03-14T02:55:34.780000,MQ,IA2,3000,3194.0,3000,100.0,ZNE,train,gold,MQ_IA2_GOLD_20140314_025604
"bucket0$476,:3,:6001",2014-03-14T02:55:34.189900,MQ,MLM,3000,,3000,100.0,ZNE,train,gold,MQ_MLM_GOLD_20140314_025604
"bucket2$59,:3,:6001",2014-03-14T02:55:36.510000,MQ,SAM,3000,3056.0,3000,100.0,ZNE,dev,gold,MQ_SAM_GOLD_20140314_025606
"bucket0$477,:3,:6001",2014-03-14T02:55:52.849900,MQ,BAM,3000,,3000,100.0,ZNE,train,gold,MQ_BAM_GOLD_20140314_025622
"bucket0$478,:3,:6001",2014-03-14T02:55:53.519900,MQ,CPM,3000,,3000,100.0,ZNE,train,gold,MQ_CPM_GOLD_20140314_025623
"bucket0$479,:3,:6001",2014-03-14T02:55:52.979900,MQ,GBM,3000,,3000,100.0,ZNE,train,gold,MQ_GBM_GOLD_20140314_025622
"bucket4$64,:3,:6001",2014-03-14T02:55:52.860000,MQ,IA2,3000,3090.0,3000,100.0,ZNE,test,gold,MQ_IA2_GOLD_20140314_025622
"bucket4$65,:3,:6001",2014-03-14T02:55:53.550000,MQ,LAM,3000,3162.0,3000,100.0,ZNE,test,gold,MQ_LAM_GOLD_20140314_025623
"bucket0$480,:3,:6001",2014-03-14T02:55:53.829900,MQ,MLM,3000,,3000,100.0,ZNE,train,gold,MQ_MLM_GOLD_20140314_025623
"bucket0$481,:3,:6001",2014-03-14T02:55:53.490000,MQ,SAM,3000,,3000,100.0,ZNE,train,gold,MQ_SAM_GOLD_20140314_025623
"bucket0$482,:3,:6001",2014-03-14T03:25:23.499900,MQ,BAM,3000,,3000,100.0,ZNE,train,gold,MQ_BAM_GOLD_20140314_032553
"bucket0$483,:3,:6001",2014-03-14T03:25:22.699900,MQ,CPM,3000,,3000,100.0,ZNE,train,gold,MQ_CPM_GOLD_20140314_032552
"bucket0$484,:3,:6001",2014-03-14T03:25:22.169900,MQ,GBM,3000,,3000,100.0,ZNE,train,gold,MQ_GBM_GOLD_20140314_032552
"bucket0$485,:3,:6001",2014-03-14T03:25:23.670000,MQ,IA2,3000,3025.0,3000,100.0,ZNE,train,gold,MQ_IA2_GOLD_20140314_032553
"bucket0$486,:3,:6001",2014-03-14T05:28:38.589900,MQ,BAM,3000,,3000,100.0,ZNE,train,gold,MQ_BAM_GOLD_20140314_052908
"bucket0$487,:3,:6001",2014-03-14T05:28:38.839900,MQ,CPM,3000,,3000,100.0,ZNE,train,gold,MQ_CPM_GOLD_20140314_052908
"bucket2$60,:3,:6001",2014-03-14T05:28:38.579900,MQ,GBM,3000,,3000,100.0,ZNE,dev,gold,MQ_GBM_GOLD_20140314_052908
"bucket0$488,:3,:6001",2014-03-14T05:28:39.040000,MQ,IA2,3000,3055.0,3000,100.0,ZNE,train,gold,MQ_IA2_GOLD_20140314_052909
"bucket0$489,:3,:6001",2014-03-14T05:28:38.550000,MQ,LAM,3000,3168.0,3000,100.0,ZNE,train,gold,MQ_LAM_GOLD_20140314_052908
"bucket0$490,:3,:6001",2014-03-14T05:28:39.019900,MQ,MLM,3000,,3000,100.0,ZNE,train,gold,MQ_MLM_GOLD_20140314_052909
"bucket0$491,:3,:6001",2014-03-14T05:28:54.899900,MQ,BAM,3000,,3000,100.0,ZNE,train,gold,MQ_BAM_GOLD_20140314_052924
"bucket0$492,:3,:6001",2014-03-14T05:28:55.109900,MQ,CPM,3000,,3000,100.0,ZNE,train,gold,MQ_CPM_GOLD_20140314_052925
"bucket0$493,:3,:6001",2014-03-14T05:28:55.709900,MQ,GBM,3000,,3000,100.0,ZNE,train,gold,MQ_GBM_GOLD_20140314_052925
"bucket0$494,:3,:6001",2014-03-14T05:28:55.080000,MQ,IA2,3000,3193.0,3000,100.0,ZNE,train,gold,MQ_IA2_GOLD_20140314_052925
"bucket0$495,:3,:6001",2014-03-14T05:28:54.970000,MQ,LAM,3000,3125.0,3000,100.0,ZNE,train,gold,MQ_LAM_GOLD_20140314_052924
"bucket2$61,:3,:6001",2014-03-14T07:19:12.389900,MQ,BAM,3000,,3000,100.0,ZNE,dev,gold,MQ_BAM_GOLD_20140314_071942
"bucket0$496,:3,:6001",2014-03-14T07:19:16.949900,MQ,CPM,3000,,3000,100.0,ZNE,train,gold,MQ_CPM_GOLD_20140314_071946
"bucket0$497,:3,:6001",2014-03-14T07:19:15.449900,MQ,GBM,3000,,3000,100.0,ZNE,train,gold,MQ_GBM_GOLD_20140314_071945
"bucket0$498,:3,:6001",2014-03-14T07:19:16.330000,MQ,IA2,3000,3048.0,3000,100.0,ZNE,train,gold,MQ_IA2_GOLD_20140314_071946
"bucket0$499,:3,:6001",2014-03-14T08:33:46.799900,MQ,BAM,3000,,3000,100.0,ZNE,train,gold,MQ_BAM_GOLD_20140314_083416
"bucket0$500,:3,:6001",2014-03-14T08:33:45.899900,MQ,GBM,3000,,3000,100.0,ZNE,train,gold,MQ_GBM_GOLD_20140314_083415
"bucket0$501,:3,:6001",2014-03-14T08:33:46.510000,MQ,IA2,3000,3015.0,3000,100.0,ZNE,train,gold,MQ_IA2_GOLD_20140314_083416
"bucket4$66,:3,:6001",2014-03-14T08:33:46.060000,MQ,LAM,3000,2995.0,3000,100.0,ZNE,test,gold,MQ_LAM_GOLD_20140314_083416
"bucket0$502,:3,:6001",2014-03-14T08:33:47.260000,MQ,SAM,3000,3009.0,3000,100.0,ZNE,train,gold,MQ_SAM_GOLD_20140314_083417
"bucket2$62,:3,:6001",2014-03-14T10:14:32.499900,MQ,BAM,3000,,3000,100.0,ZNE,dev,gold,MQ_BAM_GOLD_20140314_101502
"bucket0$503,:3,:6001",2014-03-14T10:14:32.339900,MQ,GBM,3000,,3000,100.0,ZNE,train,gold,MQ_GBM_GOLD_20140314_101502
"bucket0$504,:3,:6001",2014-03-14T10:14:33.130000,MQ,IA2,3000,3008.0,3000,100.0,ZNE,train,gold,MQ_IA2_GOLD_20140314_101503
"bucket0$505,:3,:6001",2014-03-14T10:14:31.730000,MQ,LAM,3000,3048.0,3000,100.0,ZNE,train,gold,MQ_LAM_GOLD_20140314_101501
"bucket0$506,:3,:6001",2014-03-14T11:55:30.409900,MQ,BAM,3000,,3000,100.0,ZNE,train,gold,MQ_BAM_GOLD_20140314_115600
"bucket0$507,:3,:6001",2014-03-14T11:55:35.099900,MQ,CPM,3000,,3000,100.0,ZNE,train,gold,MQ_CPM_GOLD_20140314_115605
"bucket0$508,:3,:6001",2014-03-14T11:55:29.959900,MQ,GBM,3000,,3000,100.0,ZNE,train,gold,MQ_GBM_GOLD_20140314_115559
"bucket2$63,:3,:6001",2014-03-14T11:55:33.139900,MQ,MLM,3000,,3000,100.0,ZNE,dev,gold,MQ_MLM_GOLD_20140314_115603
"bucket0$509,:3,:6001",2014-03-14T14:13:39.629900,MQ,BAM,3000,,3000,100.0,ZNE,train,gold,MQ_BAM_GOLD_20140314_141409
"bucket0$510,:3,:6001",2014-03-14T14:13:38.249900,MQ,GBM,3000,,3000,100.0,ZNE,train,gold,MQ_GBM_GOLD_20140314_141408
"bucket0$511,:3,:6001",2014-03-14T14:13:43.180000,MQ,IA2,3000,3020.0,3000,100.0,ZNE,train,gold,MQ_IA2_GOLD_20140314_141413
"bucket0$512,:3,:6001",2014-03-14T14:13:42.220000,MQ,LAM,3000,3032.0,3000,100.0,ZNE,train,gold,MQ_LAM_GOLD_20140314_141412
"bucket0$513,:3,:6001",2014-03-14T16:07:21.809900,MQ,BAM,3000,,3000,100.0,ZNE,train,gold,MQ_BAM_GOLD_20140314_160751
"bucket0$514,:3,:6001",2014-03-14T16:07:22.629900,MQ,CPM,3000,,3000,100.0,ZNE,train,gold,MQ_CPM_GOLD_20140314_160752
"bucket0$515,:3,:6001",2014-03-14T16:07:23.079900,MQ,GBM,3000,,3000,100.0,ZNE,train,gold,MQ_GBM_GOLD_20140314_160753
"bucket0$516,:3,:6001",2014-03-14T16:07:22.250000,MQ,IA2,3000,3136.0,3000,100.0,ZNE,train,gold,MQ_IA2_GOLD_20140314_160752
"bucket0$517,:3,:6001",2014-03-14T16:07:22.590000,MQ,LAM,3000,3086.0,3000,100.0,ZNE,train,gold,MQ_LAM_GOLD_20140314_160752
"bucket0$518,:3,:6001",2014-03-14T16:07:23.679900,MQ,MLM,3000,,3000,100.0,ZNE,train,gold,MQ_MLM_GOLD_20140314_160753
"bucket0$519,:3,:6001",2014-03-14T16:07:22.060000,MQ,SAM,3000,3125.0,3000,100.0,ZNE,train,gold,MQ_SAM_GOLD_20140314_160752
"bucket0$520,:3,:6001",2014-03-14T17:24:53.809900,MQ,BAM,3000,,3000,100.0,ZNE,train,gold,MQ_BAM_GOLD_20140314_172523
"bucket0$521,:3,:6001",2014-03-14T17:24:52.819900,MQ,GBM,3000,,3000,100.0,ZNE,train,gold,MQ_GBM_GOLD_20140314_172522
"bucket0$522,:3,:6001",2014-03-14T17:24:54.060000,MQ,IA2,3000,3104.0,3000,100.0,ZNE,train,gold,MQ_IA2_GOLD_20140314_172524
"bucket0$523,:3,:6001",2014-03-14T17:24:53.160000,MQ,LAM,3000,3069.0,3000,100.0,ZNE,train,gold,MQ_LAM_GOLD_20140314_172523
"bucket0$524,:3,:6001",2014-03-14T17:24:54.290000,MQ,SAM,3000,3134.0,3000,100.0,ZNE,train,gold,MQ_SAM_GOLD_20140314_172524
"bucket0$525,:3,:6001",2014-03-14T17:34:02.929900,MQ,BAM,3000,,3000,100.0,ZNE,train,gold,MQ_BAM_GOLD_20140314_173432
"bucket0$526,:3,:6001",2014-03-14T17:34:02.309900,MQ,GBM,3000,,3000,100.0,ZNE,train,gold,MQ_GBM_GOLD_20140314_173432
"bucket0$527,:3,:6001",2014-03-14T17:34:03.360000,MQ,IA2,3000,3046.0,3000,100.0,ZNE,train,gold,MQ_IA2_GOLD_20140314_173433
"bucket0$528,:3,:6001",2014-03-14T17:34:02.510000,MQ,LAM,3000,3168.0,3000,100.0,ZNE,train,gold,MQ_LAM_GOLD_20140314_173432
"bucket0$529,:3,:6001",2014-03-14T17:37:52.129900,MQ,BAM,3000,,3000,100.0,ZNE,train,gold,MQ_BAM_GOLD_20140314_173822
"bucket4$67,:3,:6001",2014-03-14T17:37:51.489900,MQ,GBM,3000,,3000,100.0,ZNE,test,gold,MQ_GBM_GOLD_20140314_173821
"bucket4$68,:3,:6001",2014-03-14T17:37:52.060000,MQ,IA2,3000,3093.0,3000,100.0,ZNE,test,gold,MQ_IA2_GOLD_20140314_173822
"bucket0$530,:3,:6001",2014-03-14T17:37:51.760000,MQ,LAM,3000,3110.0,3000,100.0,ZNE,train,gold,MQ_LAM_GOLD_20140314_173821
"bucket0$531,:3,:6001",2014-03-14T17:45:53.659900,MQ,BAM,3000,,3000,100.0,ZNE,train,gold,MQ_BAM_GOLD_20140314_174623
"bucket2$64,:3,:6001",2014-03-14T17:45:55.339900,MQ,CPM,3000,,3000,100.0,ZNE,dev,gold,MQ_CPM_GOLD_20140314_174625
"bucket0$532,:3,:6001",2014-03-14T17:45:53.379900,MQ,GBM,3000,,3000,100.0,ZNE,train,gold,MQ_GBM_GOLD_20140314_174623
"bucket0$533,:3,:6001",2014-03-14T17:45:53.980000,MQ,IA2,3000,3096.0,3000,100.0,ZNE,train,gold,MQ_IA2_GOLD_20140314_174623
"bucket0$534,:3,:6001",2014-03-14T17:45:53.370000,MQ,LAM,3000,3190.0,3000,100.0,ZNE,train,gold,MQ_LAM_GOLD_20140314_174623
"bucket0$535,:3,:6001",2014-03-14T17:45:54.380000,MQ,SAM,3000,3013.0,3000,100.0,ZNE,train,gold,MQ_SAM_GOLD_20140314_174624
"bucket0$536,:3,:6001",2014-03-14T17:48:35.139900,MQ,BAM,3000,,3000,100.0,ZNE,train,gold,MQ_BAM_GOLD_20140314_174905
"bucket0$537,:3,:6001",2014-03-14T17:48:36.269900,MQ,CPM,3000,,3000,100.0,ZNE,train,gold,MQ_CPM_GOLD_20140314_174906
"bucket0$538,:3,:6001",2014-03-14T17:48:35.279900,MQ,GBM,3000,,3000,100.0,ZNE,train,gold,MQ_GBM_GOLD_20140314_174905
"bucket0$539,:3,:6001",2014-03-14T17:48:35.690000,MQ,IA2,3000,,3000,100.0,ZNE,train,gold,MQ_IA2_GOLD_20140314_174905
"bucket0$540,:3,:6001",2014-03-14T17:48:36.270000,MQ,SAM,3000,3035.0,3000,100.0,ZNE,train,gold,MQ_SAM_GOLD_20140314_174906
"bucket4$69,:3,:6001",2014-03-14T17:55:11.319900,MQ,BAM,3000,,3000,100.0,ZNE,test,gold,MQ_BAM_GOLD_20140314_175541
"bucket0$541,:3,:6001",2014-03-14T17:55:10.709900,MQ,GBM,3000,,3000,100.0,ZNE,train,gold,MQ_GBM_GOLD_20140314_175540
"bucket0$542,:3,:6001",2014-03-14T17:55:11.510000,MQ,IA2,3000,3118.0,3000,100.0,ZNE,train,gold,MQ_IA2_GOLD_20140314_175541
"bucket0$543,:3,:6001",2014-03-14T17:55:10.380000,MQ,LAM,3000,3049.0,3000,100.0,ZNE,train,gold,MQ_LAM_GOLD_20140314_175540
"bucket4$70,:3,:6001",2014-03-14T17:55:11.670000,MQ,SAM,3000,3061.0,3000,100.0,ZNE,test,gold,MQ_SAM_GOLD_20140314_175541
"bucket0$544,:3,:6001",2014-03-14T17:59:55.659900,MQ,BAM,3000,,3000,100.0,ZNE,train,gold,MQ_BAM_GOLD_20140314_180025
"bucket2$65,:3,:6001",2014-03-14T17:59:56.729900,MQ,CPM,3000,,3000,100.0,ZNE,dev,gold,MQ_CPM_GOLD_20140314_180026
"bucket0$545,:3,:6001",2014-03-14T17:59:55.499900,MQ,GBM,3000,,3000,100.0,ZNE,train,gold,MQ_GBM_GOLD_20140314_180025
"bucket0$546,:3,:6001",2014-03-14T17:59:55.980000,MQ,IA2,3000,3185.0,3000,100.0,ZNE,train,gold,MQ_IA2_GOLD_20140314_180025
"bucket0$547,:3,:6001",2014-03-14T17:59:55.700000,MQ,LAM,3000,3217.0,3000,100.0,ZNE,train,gold,MQ_LAM_GOLD_20140314_180025
"bucket0$548,:3,:6001",2014-03-14T17:59:56.679900,MQ,MLM,3000,,3000,100.0,ZNE,train,gold,MQ_MLM_GOLD_20140314_180026
"bucket0$549,:3,:6001",2014-03-14T19:28:39.249900,MQ,BAM,3000,,3000,100.0,ZNE,train,gold,MQ_BAM_GOLD_20140314_192909
"bucket2$66,:3,:6001",2014-03-14T19:28:38.929900,MQ,GBM,3000,,3000,100.0,ZNE,dev,gold,MQ_GBM_GOLD_20140314_192908
"bucket0$550,:3,:6001",2014-03-14T19:28:39.250000,MQ,IA2,3000,,3000,100.0,ZNE,train,gold,MQ_IA2_GOLD_20140314_192909
"bucket0$551,:3,:6001",2014-03-14T19:28:38.960000,MQ,LAM,3000,3040.0,3000,100.0,ZNE,train,gold,MQ_LAM_GOLD_20140314_192908
"bucket0$552,:3,:6001",2014-03-14T19:28:39.950000,MQ,SAM,3000,3067.0,3000,100.0,ZNE,train,gold,MQ_SAM_GOLD_20140314_192909
"bucket0$553,:3,:6001",2014-03-14T19:47:04.979900,MQ,BAM,3000,,3000,100.0,ZNE,train,gold,MQ_BAM_GOLD_20140314_194734
"bucket0$554,:3,:6001",2014-03-14T19:47:09.089900,MQ,CPM,3000,,3000,100.0,ZNE,train,gold,MQ_CPM_GOLD_20140314_194739
"bucket0$555,:3,:6001",2014-03-14T19:47:09.029900,MQ,GBM,3000,,3000,100.0,ZNE,train,gold,MQ_GBM_GOLD_20140314_194739
"bucket0$556,:3,:6001",2014-03-14T19:47:09.060000,MQ,LAM,3000,3002.0,3000,100.0,ZNE,train,gold,MQ_LAM_GOLD_20140314_194739
"bucket0$557,:3,:6001",2014-03-14T19:54:32.979900,MQ,BAM,3000,,3000,100.0,ZNE,train,gold,MQ_BAM_GOLD_20140314_195502
"bucket0$558,:3,:6001",2014-03-14T19:54:32.089900,MQ,GBM,3000,,3000,100.0,ZNE,train,gold,MQ_GBM_GOLD_20140314_195502
"bucket0$559,:3,:6001",2014-03-14T19:54:32.760000,MQ,IA2,3000,3074.0,3000,100.0,ZNE,train,gold,MQ_IA2_GOLD_20140314_195502
"bucket0$560,:3,:6001",2014-03-14T19:54:32.150000,MQ,LAM,3000,3064.0,3000,100.0,ZNE,train,gold,MQ_LAM_GOLD_20140314_195502
"bucket4$71,:3,:6001",2014-03-14T22:23:54.490000,MQ,IA2,3000,3046.0,3000,100.0,ZNE,test,gold,MQ_IA2_GOLD_20140314_222424
"bucket0$561,:3,:6001",2014-03-14T22:48:11.549900,MQ,BAM,3000,,3000,100.0,ZNE,train,gold,MQ_BAM_GOLD_20140314_224841
"bucket0$562,:3,:6001",2014-03-14T22:48:11.179900,MQ,GBM,3000,,3000,100.0,ZNE,train,gold,MQ_GBM_GOLD_20140314_224841
"bucket0$563,:3,:6001",2014-03-14T22:48:10.890000,MQ,LAM,3000,3066.0,3000,100.0,ZNE,train,gold,MQ_LAM_GOLD_20140314_224840
"bucket0$564,:3,:6001",2014-03-14T22:48:12.090000,MQ,SAM,3000,3004.0,3000,100.0,ZNE,train,gold,MQ_SAM_GOLD_20140314_224842
"bucket0$565,:3,:6001",2014-03-14T23:31:08.479900,MQ,BAM,3000,,3000,100.0,ZNE,train,gold,MQ_BAM_GOLD_20140314_233138
"bucket0$566,:3,:6001",2014-03-14T23:31:06.529900,MQ,GBM,3000,,3000,100.0,ZNE,train,gold,MQ_GBM_GOLD_20140314_233136
"bucket4$72,:3,:6001",2014-03-14T23:31:05.220000,MQ,IA2,3000,2990.0,3000,100.0,ZNE,test,gold,MQ_IA2_GOLD_20140314_233135
"bucket0$567,:3,:6001",2014-03-14T23:31:07.460000,MQ,LAM,3000,3053.0,3000,100.0,ZNE,train,gold,MQ_LAM_GOLD_20140314_233137
"bucket0$568,:3,:6001",2014-03-14T23:31:07.839900,MQ,MLM,3000,,3000,100.0,ZNE,train,gold,MQ_MLM_GOLD_20140314_233137
"bucket0$569,:3,:6001",2014-03-14T23:31:07.490000,MQ,SAM,3000,3038.0,3000,100.0,ZNE,train,gold,MQ_SAM_GOLD_20140314_233137
"bucket0$570,:3,:6001",2014-03-14T23:36:27.839900,MQ,BAM,3000,,3000,100.0,ZNE,train,gold,MQ_BAM_GOLD_20140314_233657
"bucket0$571,:3,:6001",2014-03-14T23:36:27.249900,MQ,CPM,3000,,3000,100.0,ZNE,train,gold,MQ_CPM_GOLD_20140314_233657
"bucket0$572,:3,:6001",2014-03-14T23:36:27.289900,MQ,GBM,3000,,3000,100.0,ZNE,train,gold,MQ_GBM_GOLD_20140314_233657
"bucket0$573,:3,:6001",2014-03-14T23:36:26.100000,MQ,IA2,3000,3336.0,3000,100.0,ZNE,train,gold,MQ_IA2_GOLD_20140314_233656
"bucket0$574,:3,:6001",2014-03-14T23:36:30.230000,MQ,LAM,3000,3082.0,3000,100.0,ZNE,train,gold,MQ_LAM_GOLD_20140314_233700
"bucket0$575,:3,:6001",2014-03-14T23:36:27.489900,MQ,MLM,3000,,3000,100.0,ZNE,train,gold,MQ_MLM_GOLD_20140314_233657
"bucket0$576,:3,:6001",2014-03-14T23:36:29.200000,MQ,SAM,3000,3134.0,3000,100.0,ZNE,train,gold,MQ_SAM_GOLD_20140314_233659
"bucket0$577,:3,:6001",2014-03-14T23:48:58.849900,MQ,BAM,3000,,3000,100.0,ZNE,train,gold,MQ_BAM_GOLD_20140314_234928
"bucket0$578,:3,:6001",2014-03-14T23:48:57.789900,MQ,GBM,3000,,3000,100.0,ZNE,train,gold,MQ_GBM_GOLD_20140314_234927
"bucket0$579,:3,:6001",2014-03-14T23:48:58.340000,MQ,IA2,3000,3055.0,3000,100.0,ZNE,train,gold,MQ_IA2_GOLD_20140314_234928
"bucket0$580,:3,:6001",2014-03-14T23:48:57.590000,MQ,LAM,3000,3070.0,3000,100.0,ZNE,train,gold,MQ_LAM_GOLD_20140314_234927
"bucket0$581,:3,:6001",2014-03-14T23:49:01.380000,MQ,SAM,3000,3017.0,3000,100.0,ZNE,train,gold,MQ_SAM_GOLD_20140314_234931
"bucket0$582,:3,:6001",2014-03-15T01:13:17.989900,MQ,CPM,3000,,3000,100.0,ZNE,train,gold,MQ_CPM_GOLD_20140315_011347
"bucket2$67,:3,:6001",2014-03-15T01:13:16.489900,MQ,MLM,3000,,3000,100.0,ZNE,dev,gold,MQ_MLM_GOLD_20140315_011346
"bucket0$583,:3,:6001",2014-03-15T01:13:16.910000,MQ,SAM,3000,3065.0,3000,100.0,ZNE,train,gold,MQ_SAM_GOLD_20140315_011346
"bucket0$584,:3,:6001",2014-03-15T01:20:29.490000,MQ,IA2,3000,2955.0,3000,100.0,ZNE,train,gold,MQ_IA2_GOLD_20140315_012059
"bucket0$585,:3,:6001",2014-03-15T01:30:47.799900,MQ,CPM,3000,,3000,100.0,ZNE,train,gold,MQ_CPM_GOLD_20140315_013117
"bucket0$586,:3,:6001",2014-03-15T01:30:47.410000,MQ,SAM,3000,3023.0,3000,100.0,ZNE,train,gold,MQ_SAM_GOLD_20140315_013117
"bucket0$587,:3,:6001",2014-03-15T02:13:49.520000,MQ,SAM,3000,3049.0,3000,100.0,ZNE,train,gold,MQ_SAM_GOLD_20140315_021419
"bucket4$73,:3,:6001",2014-03-15T02:40:39.469900,MQ,CPM,3000,,3000,100.0,ZNE,test,gold,MQ_CPM_GOLD_20140315_024109
"bucket0$588,:3,:6001",2014-03-15T02:40:38.760000,MQ,SAM,3000,3063.0,3000,100.0,ZNE,train,gold,MQ_SAM_GOLD_20140315_024108
"bucket0$589,:3,:6001",2014-03-15T02:49:18.129900,MQ,BAM,3000,,3000,100.0,ZNE,train,gold,MQ_BAM_GOLD_20140315_024948
"bucket0$590,:3,:6001",2014-03-15T02:49:16.989900,MQ,GBM,3000,,3000,100.0,ZNE,train,gold,MQ_GBM_GOLD_20140315_024946
"bucket4$74,:3,:6001",2014-03-15T02:49:17.860000,MQ,IA2,3000,3059.0,3000,100.0,ZNE,test,gold,MQ_IA2_GOLD_20140315_024947
"bucket0$591,:3,:6001",2014-03-15T02:49:16.780000,MQ,LAM,3000,3033.0,3000,100.0,ZNE,train,gold,MQ_LAM_GOLD_20140315_024946
"bucket0$592,:3,:6001",2014-03-15T03:04:52.189900,MQ,CPM,3000,,3000,100.0,ZNE,train,gold,MQ_CPM_GOLD_20140315_030522
"bucket0$593,:3,:6001",2014-03-15T03:04:53.029900,MQ,MLM,3000,,3000,100.0,ZNE,train,gold,MQ_MLM_GOLD_20140315_030523
"bucket0$594,:3,:6001",2014-03-15T03:04:52.620000,MQ,SAM,3000,,3000,100.0,ZNE,train,gold,MQ_SAM_GOLD_20140315_030522
"bucket0$595,:3,:6001",2014-03-15T03:05:13.749900,MQ,BAM,3000,,3000,100.0,ZNE,train,gold,MQ_BAM_GOLD_20140315_030543
"bucket0$596,:3,:6001",2014-03-15T03:05:12.729900,MQ,GBM,3000,,3000,100.0,ZNE,train,gold,MQ_GBM_GOLD_20140315_030542
"bucket0$597,:3,:6001",2014-03-15T03:05:13.210000,MQ,IA2,3000,3247.0,3000,100.0,ZNE,train,gold,MQ_IA2_GOLD_20140315_030543
"bucket0$598,:3,:6001",2014-03-15T03:05:12.260000,MQ,LAM,3000,3024.0,3000,100.0,ZNE,train,gold,MQ_LAM_GOLD_20140315_030542
"bucket0$599,:3,:6001",2014-03-15T03:05:13.540000,MQ,SAM,3000,3066.0,3000,100.0,ZNE,train,gold,MQ_SAM_GOLD_20140315_030543
"bucket0$600,:3,:6001",2014-03-15T03:20:08.899900,MQ,BAM,3000,,3000,100.0,ZNE,train,gold,MQ_BAM_GOLD_20140315_032038
"bucket4$75,:3,:6001",2014-03-15T03:20:07.569900,MQ,GBM,3000,,3000,100.0,ZNE,test,gold,MQ_GBM_GOLD_20140315_032037
"bucket0$601,:3,:6001",2014-03-15T03:20:08.620000,MQ,IA2,3000,3045.0,3000,100.0,ZNE,train,gold,MQ_IA2_GOLD_20140315_032038
"bucket4$76,:3,:6001",2014-03-15T03:20:07.450000,MQ,LAM,3000,3006.0,3000,100.0,ZNE,test,gold,MQ_LAM_GOLD_20140315_032037
"bucket0$602,:3,:6001",2014-03-15T03:34:15.779900,MQ,BAM,3000,,3000,100.0,ZNE,train,gold,MQ_BAM_GOLD_20140315_033445
"bucket0$603,:3,:6001",2014-03-15T03:34:16.559900,MQ,CPM,3000,,3000,100.0,ZNE,train,gold,MQ_CPM_GOLD_20140315_033446
"bucket2$68,:3,:6001",2014-03-15T03:34:14.769900,MQ,GBM,3000,,3000,100.0,ZNE,dev,gold,MQ_GBM_GOLD_20140315_033444
"bucket2$69,:3,:6001",2014-03-15T03:34:15.450000,MQ,IA2,3000,3117.0,3000,100.0,ZNE,dev,gold,MQ_IA2_GOLD_20140315_033445
"bucket0$604,:3,:6001",2014-03-15T03:34:14.880000,MQ,LAM,3000,3235.0,3000,100.0,ZNE,train,gold,MQ_LAM_GOLD_20140315_033444
"bucket0$605,:3,:6001",2014-03-15T03:34:16.130000,MQ,SAM,3000,3059.0,3000,100.0,ZNE,train,gold,MQ_SAM_GOLD_20140315_033446
"bucket0$606,:3,:6001",2014-03-15T03:57:11.639900,MQ,BAM,3000,,3000,100.0,ZNE,train,gold,MQ_BAM_GOLD_20140315_035741
"bucket0$607,:3,:6001",2014-03-15T03:57:07.099900,MQ,GBM,3000,,3000,100.0,ZNE,train,gold,MQ_GBM_GOLD_20140315_035737
"bucket0$608,:3,:6001",2014-03-15T03:57:03.530000,MQ,LAM,3000,3050.0,3000,100.0,ZNE,train,gold,MQ_LAM_GOLD_20140315_035733
"bucket0$609,:3,:6001",2014-03-15T03:57:11.300000,MQ,SAM,3000,3214.0,3000,100.0,ZNE,train,gold,MQ_SAM_GOLD_20140315_035741
"bucket0$610,:3,:6001",2014-03-15T04:07:52.949900,MQ,BAM,3000,,3000,100.0,ZNE,train,gold,MQ_BAM_GOLD_20140315_040822
"bucket0$611,:3,:6001",2014-03-15T04:07:53.519900,MQ,GBM,3000,,3000,100.0,ZNE,train,gold,MQ_GBM_GOLD_20140315_040823
"bucket0$612,:3,:6001",2014-03-15T04:07:54.240000,MQ,IA2,3000,3033.0,3000,100.0,ZNE,train,gold,MQ_IA2_GOLD_20140315_040824
"bucket0$613,:3,:6001",2014-03-15T04:07:52.990000,MQ,LAM,3000,3127.0,3000,100.0,ZNE,train,gold,MQ_LAM_GOLD_20140315_040822
"bucket4$77,:3,:6001",2014-03-15T07:20:58.419900,MQ,BAM,3000,,3000,100.0,ZNE,test,gold,MQ_BAM_GOLD_20140315_072128
"bucket0$614,:3,:6001",2014-03-15T07:20:59.639900,MQ,CPM,3000,,3000,100.0,ZNE,train,gold,MQ_CPM_GOLD_20140315_072129
"bucket2$70,:3,:6001",2014-03-15T07:20:59.969900,MQ,GBM,3000,,3000,100.0,ZNE,dev,gold,MQ_GBM_GOLD_20140315_072129
"bucket2$71,:3,:6001",2014-03-15T07:20:59.350000,MQ,IA2,3000,,3000,100.0,ZNE,dev,gold,MQ_IA2_GOLD_20140315_072129
"bucket4$78,:3,:6001",2014-03-15T07:20:59.350000,MQ,LAM,3000,3052.0,3000,100.0,ZNE,test,gold,MQ_LAM_GOLD_20140315_072129
"bucket2$72,:3,:6001",2014-03-15T07:20:59.629900,MQ,MLM,3000,,3000,100.0,ZNE,dev,gold,MQ_MLM_GOLD_20140315_072129
"bucket0$615,:3,:6001",2014-03-15T14:50:42.419900,MQ,BAM,3000,,3000,100.0,ZNE,train,gold,MQ_BAM_GOLD_20140315_145112
"bucket0$616,:3,:6001",2014-03-15T14:50:41.349900,MQ,CPM,3000,,3000,100.0,ZNE,train,gold,MQ_CPM_GOLD_20140315_145111
"bucket0$617,:3,:6001",2014-03-15T14:50:41.689900,MQ,GBM,3000,,3000,100.0,ZNE,train,gold,MQ_GBM_GOLD_20140315_145111
"bucket0$618,:3,:6001",2014-03-15T14:50:41.860000,MQ,IA2,3000,3054.0,3000,100.0,ZNE,train,gold,MQ_IA2_GOLD_20140315_145111
"bucket4$79,:3,:6001",2014-03-15T14:50:41.530000,MQ,LAM,3000,3031.0,3000,100.0,ZNE,test,gold,MQ_LAM_GOLD_20140315_145111
"bucket0$619,:3,:6001",2014-03-15T14:50:42.089900,MQ,MLM,3000,,3000,100.0,ZNE,train,gold,MQ_MLM_GOLD_20140315_145112
"bucket0$620,:3,:6001",2014-03-15T14:50:58.819900,MQ,BAM,3000,,3000,100.0,ZNE,train,gold,MQ_BAM_GOLD_20140315_145128
"bucket0$621,:3,:6001",2014-03-15T14:50:59.679900,MQ,CPM,3000,,3000,100.0,ZNE,train,gold,MQ_CPM_GOLD_20140315_145129
"bucket0$622,:3,:6001",2014-03-15T14:50:59.539900,MQ,GBM,3000,,3000,100.0,ZNE,train,gold,MQ_GBM_GOLD_20140315_145129
"bucket0$623,:3,:6001",2014-03-15T14:50:59.760000,MQ,LAM,3000,3024.0,3000,100.0,ZNE,train,gold,MQ_LAM_GOLD_20140315_145129
"bucket0$624,:3,:6001",2014-03-15T15:47:25.209900,MQ,BAM,3000,,3000,100.0,ZNE,train,gold,MQ_BAM_GOLD_20140315_154755
"bucket0$625,:3,:6001",2014-03-15T15:47:24.359900,MQ,GBM,3000,,3000,100.0,ZNE,train,gold,MQ_GBM_GOLD_20140315_154754
"bucket0$626,:3,:6001",2014-03-15T15:47:26.010000,MQ,IA2,3000,3033.0,3000,100.0,ZNE,train,gold,MQ_IA2_GOLD_20140315_154756
"bucket0$627,:3,:6001",2014-03-15T15:47:24.600000,MQ,LAM,3000,3014.0,3000,100.0,ZNE,train,gold,MQ_LAM_GOLD_20140315_154754
"bucket0$628,:3,:6001",2014-03-15T16:05:10.509900,MQ,BAM,3000,,3000,100.0,ZNE,train,gold,MQ_BAM_GOLD_20140315_160540
"bucket0$629,:3,:6001",2014-03-15T16:05:11.969900,MQ,CPM,3000,,3000,100.0,ZNE,train,gold,MQ_CPM_GOLD_20140315_160541
"bucket0$630,:3,:6001",2014-03-15T16:05:09.939900,MQ,GBM,3000,,3000,100.0,ZNE,train,gold,MQ_GBM_GOLD_20140315_160539
"bucket0$631,:3,:6001",2014-03-15T16:05:10.350000,MQ,IA2,3000,3087.0,3000,100.0,ZNE,train,gold,MQ_IA2_GOLD_20140315_160540
"bucket0$632,:3,:6001",2014-03-15T16:05:09.920000,MQ,LAM,3000,3017.0,3000,100.0,ZNE,train,gold,MQ_LAM_GOLD_20140315_160539
"bucket0$633,:3,:6001",2014-03-15T16:05:10.950000,MQ,SAM,3000,3050.0,3000,100.0,ZNE,train,gold,MQ_SAM_GOLD_20140315_160540
"bucket0$634,:3,:6001",2014-03-15T16:16:43.939900,MQ,BAM,3000,,3000,100.0,ZNE,train,gold,MQ_BAM_GOLD_20140315_161713
"bucket0$635,:3,:6001",2014-03-15T16:16:43.169900,MQ,GBM,3000,,3000,100.0,ZNE,train,gold,MQ_GBM_GOLD_20140315_161713
"bucket0$636,:3,:6001",2014-03-15T16:16:43.940000,MQ,IA2,3000,3016.0,3000,100.0,ZNE,train,gold,MQ_IA2_GOLD_20140315_161713
"bucket0$637,:3,:6001",2014-03-15T16:16:42.770000,MQ,LAM,3000,3018.0,3000,100.0,ZNE,train,gold,MQ_LAM_GOLD_20140315_161712
"bucket0$638,:3,:6001",2014-03-15T16:21:51.739900,MQ,BAM,3000,,3000,100.0,ZNE,train,gold,MQ_BAM_GOLD_20140315_162221
"bucket4$80,:3,:6001",2014-03-15T16:21:52.939900,MQ,CPM,3000,,3000,100.0,ZNE,test,gold,MQ_CPM_GOLD_20140315_162222
"bucket0$639,:3,:6001",2014-03-15T16:21:51.249900,MQ,GBM,3000,,3000,100.0,ZNE,train,gold,MQ_GBM_GOLD_20140315_162221
"bucket0$640,:3,:6001",2014-03-15T16:21:52.060000,MQ,IA2,3000,3097.0,3000,100.0,ZNE,train,gold,MQ_IA2_GOLD_20140315_162222
"bucket2$73,:3,:6001",2014-03-15T17:11:28.999900,MQ,BAM,3000,,3000,100.0,ZNE,dev,gold,MQ_BAM_GOLD_20140315_171158
"bucket4$81,:3,:6001",2014-03-15T17:11:30.279900,MQ,CPM,3000,,3000,100.0,ZNE,test,gold,MQ_CPM_GOLD_20140315_171200
"bucket0$641,:3,:6001",2014-03-15T17:11:28.199900,MQ,GBM,3000,,3000,100.0,ZNE,train,gold,MQ_GBM_GOLD_20140315_171158
"bucket0$642,:3,:6001",2014-03-15T17:11:28.810000,MQ,IA2,3000,,3000,100.0,ZNE,train,gold,MQ_IA2_GOLD_20140315_171158
"bucket0$643,:3,:6001",2014-03-15T17:11:28.010000,MQ,LAM,3000,3096.0,3000,100.0,ZNE,train,gold,MQ_LAM_GOLD_20140315_171158
"bucket0$644,:3,:6001",2014-03-15T17:25:05.029900,MQ,BAM,3000,,3000,100.0,ZNE,train,gold,MQ_BAM_GOLD_20140315_172535
"bucket4$82,:3,:6001",2014-03-15T17:25:00.029900,MQ,CPM,3000,,3000,100.0,ZNE,test,gold,MQ_CPM_GOLD_20140315_172530
"bucket0$645,:3,:6001",2014-03-15T17:24:58.179900,MQ,GBM,3000,,3000,100.0,ZNE,train,gold,MQ_GBM_GOLD_20140315_172528
"bucket0$646,:3,:6001",2014-03-15T17:24:58.920000,MQ,IA2,3000,3098.0,3000,100.0,ZNE,train,gold,MQ_IA2_GOLD_20140315_172528
"bucket0$647,:3,:6001",2014-03-15T17:24:59.410000,MQ,SAM,3000,3118.0,3000,100.0,ZNE,train,gold,MQ_SAM_GOLD_20140315_172529
"bucket0$648,:3,:6001",2014-03-15T17:41:26.039900,MQ,BAM,3000,,3000,100.0,ZNE,train,gold,MQ_BAM_GOLD_20140315_174156
"bucket0$649,:3,:6001",2014-03-15T17:41:21.829900,MQ,CPM,3000,,3000,100.0,ZNE,train,gold,MQ_CPM_GOLD_20140315_174151
"bucket4$83,:3,:6001",2014-03-15T17:41:25.739900,MQ,GBM,3000,,3000,100.0,ZNE,test,gold,MQ_GBM_GOLD_20140315_174155
"bucket0$650,:3,:6001",2014-03-15T17:41:26.840000,MQ,IA2,3000,3159.0,3000,100.0,ZNE,train,gold,MQ_IA2_GOLD_20140315_174156
"bucket0$651,:3,:6001",2014-03-15T18:24:19.919900,MQ,BAM,3000,,3000,100.0,ZNE,train,gold,MQ_BAM_GOLD_20140315_182449
"bucket0$652,:3,:6001",2014-03-15T18:24:18.989900,MQ,GBM,3000,,3000,100.0,ZNE,train,gold,MQ_GBM_GOLD_20140315_182448
"bucket0$653,:3,:6001",2014-03-15T18:24:20.870000,MQ,IA2,3000,,3000,100.0,ZNE,train,gold,MQ_IA2_GOLD_20140315_182450
"bucket0$654,:3,:6001",2014-03-15T18:24:19.120000,MQ,LAM,3000,3012.0,3000,100.0,ZNE,train,gold,MQ_LAM_GOLD_20140315_182449
"bucket0$655,:3,:6001",2014-03-15T18:47:58.509900,MQ,BAM,3000,,3000,100.0,ZNE,train,gold,MQ_BAM_GOLD_20140315_184828
"bucket0$656,:3,:6001",2014-03-15T18:47:59.579900,MQ,CPM,3000,,3000,100.0,ZNE,train,gold,MQ_CPM_GOLD_20140315_184829
"bucket0$657,:3,:6001",2014-03-15T18:47:57.739900,MQ,GBM,3000,,3000,100.0,ZNE,train,gold,MQ_GBM_GOLD_20140315_184827
"bucket0$658,:3,:6001",2014-03-15T18:47:58.330000,MQ,IA2,3000,3377.0,3000,100.0,ZNE,train,gold,MQ_IA2_GOLD_20140315_184828
"bucket0$659,:3,:6001",2014-03-15T18:47:57.690000,MQ,LAM,3000,3158.0,3000,100.0,ZNE,train,gold,MQ_LAM_GOLD_20140315_184827
"bucket4$84,:3,:6001",2014-03-15T18:48:00.769900,MQ,MLM,3000,,3000,100.0,ZNE,test,gold,MQ_MLM_GOLD_20140315_184830
"bucket0$660,:3,:6001",2014-03-15T18:47:58.860000,MQ,SAM,3000,3088.0,3000,100.0,ZNE,train,gold,MQ_SAM_GOLD_20140315_184828
"bucket0$661,:3,:6001",2014-03-15T19:38:00.299900,MQ,BAM,3000,,3000,100.0,ZNE,train,gold,MQ_BAM_GOLD_20140315_193830
"bucket0$662,:3,:6001",2014-03-15T19:37:52.299900,MQ,CPM,3000,,3000,100.0,ZNE,train,gold,MQ_CPM_GOLD_20140315_193822
"bucket0$663,:3,:6001",2014-03-15T19:37:59.129900,MQ,GBM,3000,,3000,100.0,ZNE,train,gold,MQ_GBM_GOLD_20140315_193829
"bucket0$664,:3,:6001",2014-03-15T19:37:56.870000,MQ,SAM,3000,3042.0,3000,100.0,ZNE,train,gold,MQ_SAM_GOLD_20140315_193826
"bucket2$74,:3,:6001",2014-03-15T19:54:12.430000,MQ,IA2,3000,3049.0,3000,100.0,ZNE,dev,gold,MQ_IA2_GOLD_20140315_195442
"bucket0$665,:3,:6001",2014-03-15T20:05:09.969900,MQ,CPM,3000,,3000,100.0,ZNE,train,gold,MQ_CPM_GOLD_20140315_200539
"bucket0$666,:3,:6001",2014-03-15T20:05:09.660000,MQ,SAM,3000,3047.0,3000,100.0,ZNE,train,gold,MQ_SAM_GOLD_20140315_200539
"bucket0$667,:3,:6001",2014-03-15T21:00:18.819900,MQ,BAM,3000,,3000,100.0,ZNE,train,gold,MQ_BAM_GOLD_20140315_210048
"bucket0$668,:3,:6001",2014-03-15T21:00:18.379900,MQ,GBM,3000,,3000,100.0,ZNE,train,gold,MQ_GBM_GOLD_20140315_210048
"bucket0$669,:3,:6001",2014-03-15T21:00:19.480000,MQ,IA2,3000,3011.0,3000,100.0,ZNE,train,gold,MQ_IA2_GOLD_20140315_210049
"bucket0$670,:3,:6001",2014-03-15T21:00:18.060000,MQ,LAM,3000,3098.0,3000,100.0,ZNE,train,gold,MQ_LAM_GOLD_20140315_210048
"bucket0$671,:3,:6001",2014-03-15T21:06:41.520000,MQ,SAM,3000,3027.0,3000,100.0,ZNE,train,gold,MQ_SAM_GOLD_20140315_210711
"bucket4$85,:3,:6001",2014-03-15T21:53:34.120000,MQ,SAM,3000,2985.0,3000,100.0,ZNE,test,gold,MQ_SAM_GOLD_20140315_215404
"bucket0$672,:3,:6001",2014-03-15T22:12:45.529900,MQ,BAM,3000,,3000,100.0,ZNE,train,gold,MQ_BAM_GOLD_20140315_221315
"bucket2$75,:3,:6001",2014-03-15T22:12:45.139900,MQ,GBM,3000,,3000,100.0,ZNE,dev,gold,MQ_GBM_GOLD_20140315_221315
"bucket0$673,:3,:6001",2014-03-15T22:12:45.810000,MQ,IA2,3000,3079.0,3000,100.0,ZNE,train,gold,MQ_IA2_GOLD_20140315_221315
"bucket2$76,:3,:6001",2014-03-15T22:12:45.120000,MQ,LAM,3000,3048.0,3000,100.0,ZNE,dev,gold,MQ_LAM_GOLD_20140315_221315
"bucket0$674,:3,:6001",2014-03-15T22:12:46.280000,MQ,SAM,3000,3055.0,3000,100.0,ZNE,train,gold,MQ_SAM_GOLD_20140315_221316
"bucket0$675,:3,:6001",2014-03-15T22:35:27.629900,MQ,BAM,3000,,3000,100.0,ZNE,train,gold,MQ_BAM_GOLD_20140315_223557
"bucket4$86,:3,:6001",2014-03-15T22:35:26.869900,MQ,GBM,3000,,3000,100.0,ZNE,test,gold,MQ_GBM_GOLD_20140315_223556
"bucket0$676,:3,:6001",2014-03-15T22:35:27.900000,MQ,IA2,3000,3265.0,3000,100.0,ZNE,train,gold,MQ_IA2_GOLD_20140315_223557
"bucket4$87,:3,:6001",2014-03-15T22:35:26.550000,MQ,LAM,3000,3374.0,3000,100.0,ZNE,test,gold,MQ_LAM_GOLD_20140315_223556
"bucket0$677,:3,:6001",2014-03-15T22:35:31.960000,MQ,SAM,3000,3158.0,3000,100.0,ZNE,train,gold,MQ_SAM_GOLD_20140315_223601
"bucket0$678,:3,:6001",2014-03-15T22:37:14.019900,MQ,BAM,3000,,3000,100.0,ZNE,train,gold,MQ_BAM_GOLD_20140315_223744
"bucket0$679,:3,:6001",2014-03-15T22:37:13.009900,MQ,GBM,3000,,3000,100.0,ZNE,train,gold,MQ_GBM_GOLD_20140315_223743
"bucket0$680,:3,:6001",2014-03-15T22:37:14.450000,MQ,IA2,3000,3023.0,3000,100.0,ZNE,train,gold,MQ_IA2_GOLD_20140315_223744
"bucket0$681,:3,:6001",2014-03-15T22:37:13.570000,MQ,LAM,3000,3011.0,3000,100.0,ZNE,train,gold,MQ_LAM_GOLD_20140315_223743
"bucket0$682,:3,:6001",2014-03-15T22:37:14.790000,MQ,SAM,3000,3021.0,3000,100.0,ZNE,train,gold,MQ_SAM_GOLD_20140315_223744
"bucket0$683,:3,:6001",2014-03-15T22:42:19.470000,MQ,IA2,3000,3037.0,3000,100.0,ZNE,train,gold,MQ_IA2_GOLD_20140315_224249
"bucket0$684,:3,:6001",2014-03-15T22:42:19.980000,MQ,SAM,3000,2962.0,3000,100.0,ZNE,train,gold,MQ_SAM_GOLD_20140315_224249
"bucket4$88,:3,:6001",2014-03-15T22:43:55.759900,MQ,BAM,3000,,3000,100.0,ZNE,test,gold,MQ_BAM_GOLD_20140315_224425
"bucket0$685,:3,:6001",2014-03-15T22:43:57.339900,MQ,CPM,3000,,3000,100.0,ZNE,train,gold,MQ_CPM_GOLD_20140315_224427
"bucket0$686,:3,:6001",2014-03-15T22:43:55.349900,MQ,GBM,3000,,3000,100.0,ZNE,train,gold,MQ_GBM_GOLD_20140315_224425
"bucket0$687,:3,:6001",2014-03-15T22:43:56.700000,MQ,IA2,3000,,3000,100.0,ZNE,train,gold,MQ_IA2_GOLD_20140315_224426
"bucket0$688,:3,:6001",2014-03-15T22:43:55.180000,MQ,LAM,3000,3202.0,3000,100.0,ZNE,train,gold,MQ_LAM_GOLD_20140315_224425
"bucket0$689,:3,:6001",2014-03-15T22:43:57.010000,MQ,SAM,3000,,3000,100.0,ZNE,train,gold,MQ_SAM_GOLD_20140315_224427
"bucket0$690,:3,:6001",2014-03-15T22:47:55.970000,MQ,IA2,3000,,3000,100.0,ZNE,train,gold,MQ_IA2_GOLD_20140315_224825
"bucket4$89,:3,:6001",2014-03-15T22:50:44.919900,MQ,BAM,3000,,3000,100.0,ZNE,test,gold,MQ_BAM_GOLD_20140315_225114
"bucket0$691,:3,:6001",2014-03-15T22:50:44.169900,MQ,GBM,3000,,3000,100.0,ZNE,train,gold,MQ_GBM_GOLD_20140315_225114
"bucket0$692,:3,:6001",2014-03-15T22:50:48.370000,MQ,IA2,3000,3035.0,3000,100.0,ZNE,train,gold,MQ_IA2_GOLD_20140315_225118
"bucket0$693,:3,:6001",2014-03-15T22:50:43.970000,MQ,LAM,3000,3021.0,3000,100.0,ZNE,train,gold,MQ_LAM_GOLD_20140315_225113
"bucket0$694,:3,:6001",2014-03-15T22:51:46.179900,MQ,BAM,3000,,3000,100.0,ZNE,train,gold,MQ_BAM_GOLD_20140315_225216
"bucket0$695,:3,:6001",2014-03-15T22:51:45.049900,MQ,GBM,3000,,3000,100.0,ZNE,train,gold,MQ_GBM_GOLD_20140315_225215
"bucket4$90,:3,:6001",2014-03-15T22:51:46.280000,MQ,IA2,3000,2954.0,3000,100.0,ZNE,test,gold,MQ_IA2_GOLD_20140315_225216
"bucket0$696,:3,:6001",2014-03-15T22:51:45.130000,MQ,LAM,3000,3150.0,3000,100.0,ZNE,train,gold,MQ_LAM_GOLD_20140315_225215
"bucket0$697,:3,:6001",2014-03-15T22:53:32.749900,MQ,BAM,3000,,3000,100.0,ZNE,train,gold,MQ_BAM_GOLD_20140315_225402
"bucket0$698,:3,:6001",2014-03-15T22:53:32.229900,MQ,GBM,3000,,3000,100.0,ZNE,train,gold,MQ_GBM_GOLD_20140315_225402
"bucket0$699,:3,:6001",2014-03-15T22:53:32.920000,MQ,IA2,3000,3047.0,3000,100.0,ZNE,train,gold,MQ_IA2_GOLD_20140315_225402
"bucket0$700,:3,:6001",2014-03-15T22:53:32.120000,MQ,LAM,3000,3039.0,3000,100.0,ZNE,train,gold,MQ_LAM_GOLD_20140315_225402
"bucket2$77,:3,:6001",2014-03-15T22:53:33.290000,MQ,SAM,3000,3139.0,3000,100.0,ZNE,dev,gold,MQ_SAM_GOLD_20140315_225403
"bucket0$701,:3,:6001",2014-03-15T22:56:34.700000,MQ,SAM,3000,3067.0,3000,100.0,ZNE,train,gold,MQ_SAM_GOLD_20140315_225704
"bucket0$702,:3,:6001",2014-03-15T23:00:09.069900,MQ,BAM,3000,,3000,100.0,ZNE,train,gold,MQ_BAM_GOLD_20140315_230039
"bucket0$703,:3,:6001",2014-03-15T23:00:09.209900,MQ,GBM,3000,,3000,100.0,ZNE,train,gold,MQ_GBM_GOLD_20140315_230039
"bucket2$78,:3,:6001",2014-03-15T23:00:09.340000,MQ,IA2,3000,3005.0,3000,100.0,ZNE,dev,gold,MQ_IA2_GOLD_20140315_230039
"bucket2$79,:3,:6001",2014-03-15T23:00:08.900000,MQ,LAM,3000,3128.0,3000,100.0,ZNE,dev,gold,MQ_LAM_GOLD_20140315_230038
"bucket0$704,:3,:6001",2014-03-15T23:13:55.339900,MQ,BAM,3000,,3000,100.0,ZNE,train,gold,MQ_BAM_GOLD_20140315_231425
"bucket0$705,:3,:6001",2014-03-15T23:13:54.489900,MQ,GBM,3000,,3000,100.0,ZNE,train,gold,MQ_GBM_GOLD_20140315_231424
"bucket2$80,:3,:6001",2014-03-15T23:13:54.970000,MQ,IA2,3000,,3000,100.0,ZNE,dev,gold,MQ_IA2_GOLD_20140315_231424
"bucket0$706,:3,:6001",2014-03-15T23:13:54.480000,MQ,LAM,3000,3044.0,3000,100.0,ZNE,train,gold,MQ_LAM_GOLD_20140315_231424
"bucket0$707,:3,:6001",2014-03-15T23:13:55.520000,MQ,SAM,3000,3063.0,3000,100.0,ZNE,train,gold,MQ_SAM_GOLD_20140315_231425
"bucket0$708,:3,:6001",2014-03-15T23:26:17.009900,MQ,BAM,3000,,3000,100.0,ZNE,train,gold,MQ_BAM_GOLD_20140315_232647
"bucket0$709,:3,:6001",2014-03-15T23:26:18.029900,MQ,CPM,3000,,3000,100.0,ZNE,train,gold,MQ_CPM_GOLD_20140315_232648
"bucket4$91,:3,:6001",2014-03-15T23:26:17.019900,MQ,GBM,3000,,3000,100.0,ZNE,test,gold,MQ_GBM_GOLD_20140315_232647
"bucket0$710,:3,:6001",2014-03-15T23:26:17.180000,MQ,IA2,3000,3179.0,3000,100.0,ZNE,train,gold,MQ_IA2_GOLD_20140315_232647
"bucket0$711,:3,:6001",2014-03-15T23:26:17.180000,MQ,LAM,3000,3098.0,3000,100.0,ZNE,train,gold,MQ_LAM_GOLD_20140315_232647
"bucket0$712,:3,:6001",2014-03-15T23:26:17.470000,MQ,SAM,3000,3071.0,3000,100.0,ZNE,train,gold,MQ_SAM_GOLD_20140315_232647
"bucket4$92,:3,:6001",2014-03-15T23:39:41.079900,MQ,BAM,3000,,3000,100.0,ZNE,test,gold,MQ_BAM_GOLD_20140315_234011
"bucket0$713,:3,:6001",2014-03-15T23:39:46.999900,MQ,GBM,3000,,3000,100.0,ZNE,train,gold,MQ_GBM_GOLD_20140315_234016
"bucket0$714,:3,:6001",2014-03-15T23:39:47.930000,MQ,IA2,3000,2953.0,3000,100.0,ZNE,train,gold,MQ_IA2_GOLD_20140315_234017
"bucket0$715,:3,:6001",2014-03-15T23:39:43.630000,MQ,LAM,3000,3104.0,3000,100.0,ZNE,train,gold,MQ_LAM_GOLD_20140315_234013
"bucket4$93,:3,:6001",2014-03-15T23:39:48.200000,MQ,SAM,3000,3056.0,3000,100.0,ZNE,test,gold,MQ_SAM_GOLD_20140315_234018
"bucket0$716,:3,:6001",2014-03-15T23:43:14.549900,MQ,BAM,3000,,3000,100.0,ZNE,train,gold,MQ_BAM_GOLD_20140315_234344
"bucket0$717,:3,:6001",2014-03-15T23:43:15.409900,MQ,CPM,3000,,3000,100.0,ZNE,train,gold,MQ_CPM_GOLD_20140315_234345
"bucket0$718,:3,:6001",2014-03-15T23:43:13.909900,MQ,GBM,3000,,3000,100.0,ZNE,train,gold,MQ_GBM_GOLD_20140315_234343
"bucket0$719,:3,:6001",2014-03-15T23:43:13.870000,MQ,LAM,3000,3061.0,3000,100.0,ZNE,train,gold,MQ_LAM_GOLD_20140315_234343
"bucket0$720,:3,:6001",2014-03-15T23:43:15.290000,MQ,SAM,3000,3051.0,3000,100.0,ZNE,train,gold,MQ_SAM_GOLD_20140315_234345
"bucket0$721,:3,:6001",2014-03-15T23:48:10.599900,MQ,BAM,3000,,3000,100.0,ZNE,train,gold,MQ_BAM_GOLD_20140315_234840
"bucket0$722,:3,:6001",2014-03-15T23:48:09.129900,MQ,GBM,3000,,3000,100.0,ZNE,train,gold,MQ_GBM_GOLD_20140315_234839
"bucket0$723,:3,:6001",2014-03-15T23:48:14.220000,MQ,IA2,3000,,3000,100.0,ZNE,train,gold,MQ_IA2_GOLD_20140315_234844
"bucket0$724,:3,:6001",2014-03-15T23:48:13.180000,MQ,LAM,3000,3185.0,3000,100.0,ZNE,train,gold,MQ_LAM_GOLD_20140315_234843
"bucket0$725,:3,:6001",2014-03-15T23:48:13.970000,MQ,SAM,3000,3075.0,3000,100.0,ZNE,train,gold,MQ_SAM_GOLD_20140315_234843
"bucket2$81,:3,:6001",2014-03-15T23:51:52.639900,MQ,BAM,3000,,3000,100.0,ZNE,dev,gold,MQ_BAM_GOLD_20140315_235222
"bucket0$726,:3,:6001",2014-03-15T23:51:53.559900,MQ,CPM,3000,,3000,100.0,ZNE,train,gold,MQ_CPM_GOLD_20140315_235223
"bucket0$727,:3,:6001",2014-03-15T23:51:51.869900,MQ,GBM,3000,,3000,100.0,ZNE,train,gold,MQ_GBM_GOLD_20140315_235221
"bucket0$728,:3,:6001",2014-03-15T23:51:52.960000,MQ,IA2,3000,3186.0,3000,100.0,ZNE,train,gold,MQ_IA2_GOLD_20140315_235222
"bucket0$729,:3,:6001",2014-03-15T23:51:52.390000,MQ,LAM,3000,3200.0,3000,100.0,ZNE,train,gold,MQ_LAM_GOLD_20140315_235222
"bucket0$730,:3,:6001",2014-03-15T23:51:54.199900,MQ,MLM,3000,,3000,100.0,ZNE,train,gold,MQ_MLM_GOLD_20140315_235224
"bucket4$94,:3,:6001",2014-03-15T23:51:53.280000,MQ,SAM,3000,,3000,100.0,ZNE,test,gold,MQ_SAM_GOLD_20140315_235223
"bucket0$731,:3,:6001",2014-03-15T23:55:07.090000,MQ,IA2,3000,3001.0,3000,100.0,ZNE,train,gold,MQ_IA2_GOLD_20140315_235537
"bucket0$732,:3,:6001",2014-03-15T23:55:07.360000,MQ,SAM,3000,3032.0,3000,100.0,ZNE,train,gold,MQ_SAM_GOLD_20140315_235537
"bucket0$733,:3,:6001",2014-03-16T00:01:18.599900,MQ,BAM,3000,,3000,100.0,ZNE,train,gold,MQ_BAM_GOLD_20140316_000148
"bucket0$734,:3,:6001",2014-03-16T00:01:17.809900,MQ,GBM,3000,,3000,100.0,ZNE,train,gold,MQ_GBM_GOLD_20140316_000147
"bucket0$735,:3,:6001",2014-03-16T00:01:18.700000,MQ,IA2,3000,3009.0,3000,100.0,ZNE,train,gold,MQ_IA2_GOLD_20140316_000148
"bucket0$736,:3,:6001",2014-03-16T00:01:17.770000,MQ,LAM,3000,3045.0,3000,100.0,ZNE,train,gold,MQ_LAM_GOLD_20140316_000147
"bucket0$737,:3,:6001",2014-03-16T00:01:19.130000,MQ,SAM,3000,3021.0,3000,100.0,ZNE,train,gold,MQ_SAM_GOLD_20140316_000149
"bucket0$738,:3,:6001",2014-03-16T00:11:34.699900,MQ,BAM,3000,,3000,100.0,ZNE,train,gold,MQ_BAM_GOLD_20140316_001204
"bucket0$739,:3,:6001",2014-03-16T00:11:33.829900,MQ,GBM,3000,,3000,100.0,ZNE,train,gold,MQ_GBM_GOLD_20140316_001203
"bucket0$740,:3,:6001",2014-03-16T00:11:38.510000,MQ,IA2,3000,3040.0,3000,100.0,ZNE,train,gold,MQ_IA2_GOLD_20140316_001208
"bucket0$741,:3,:6001",2014-03-16T00:11:33.050000,MQ,LAM,3000,3004.0,3000,100.0,ZNE,train,gold,MQ_LAM_GOLD_20140316_001203
"bucket0$742,:3,:6001",2014-03-16T00:11:35.150000,MQ,SAM,3000,2986.0,3000,100.0,ZNE,train,gold,MQ_SAM_GOLD_20140316_001205
"bucket0$743,:3,:6001",2014-03-16T00:25:07.769900,MQ,BAM,3000,,3000,100.0,ZNE,train,gold,MQ_BAM_GOLD_20140316_002537
"bucket0$744,:3,:6001",2014-03-16T00:25:08.599900,MQ,CPM,3000,,3000,100.0,ZNE,train,gold,MQ_CPM_GOLD_20140316_002538
"bucket2$82,:3,:6001",2014-03-16T00:25:08.249900,MQ,GBM,3000,,3000,100.0,ZNE,dev,gold,MQ_GBM_GOLD_20140316_002538
"bucket0$745,:3,:6001",2014-03-16T00:25:08.530000,MQ,IA2,3000,,3000,100.0,ZNE,train,gold,MQ_IA2_GOLD_20140316_002538
"bucket0$746,:3,:6001",2014-03-16T00:33:22.219900,MQ,BAM,3000,,3000,100.0,ZNE,train,gold,MQ_BAM_GOLD_20140316_003352
"bucket0$747,:3,:6001",2014-03-16T00:33:26.299900,MQ,CPM,3000,,3000,100.0,ZNE,train,gold,MQ_CPM_GOLD_20140316_003356
"bucket0$748,:3,:6001",2014-03-16T00:33:25.289900,MQ,GBM,3000,,3000,100.0,ZNE,train,gold,MQ_GBM_GOLD_20140316_003355
"bucket0$749,:3,:6001",2014-03-16T00:33:25.620000,MQ,IA2,3000,3199.0,3000,100.0,ZNE,train,gold,MQ_IA2_GOLD_20140316_003355
"bucket0$750,:3,:6001",2014-03-16T00:33:25.120000,MQ,LAM,3000,3192.0,3000,100.0,ZNE,train,gold,MQ_LAM_GOLD_20140316_003355
"bucket0$751,:3,:6001",2014-03-16T00:33:25.990000,MQ,SAM,3000,3120.0,3000,100.0,ZNE,train,gold,MQ_SAM_GOLD_20140316_003355
"bucket0$752,:3,:6001",2014-03-16T00:40:20.629900,MQ,BAM,3000,,3000,100.0,ZNE,train,gold,MQ_BAM_GOLD_20140316_004050
"bucket0$753,:3,:6001",2014-03-16T00:40:20.559900,MQ,GBM,3000,,3000,100.0,ZNE,train,gold,MQ_GBM_GOLD_20140316_004050
"bucket0$754,:3,:6001",2014-03-16T00:40:20.790000,MQ,IA2,3000,,3000,100.0,ZNE,train,gold,MQ_IA2_GOLD_20140316_004050
"bucket0$755,:3,:6001",2014-03-16T00:40:21.220000,MQ,SAM,3000,3050.0,3000,100.0,ZNE,train,gold,MQ_SAM_GOLD_20140316_004051
"bucket0$756,:3,:6001",2014-03-16T01:03:41.709900,MQ,BAM,3000,,3000,100.0,ZNE,train,gold,MQ_BAM_GOLD_20140316_010411
"bucket0$757,:3,:6001",2014-03-16T01:03:41.760000,MQ,IA2,3000,3049.0,3000,100.0,ZNE,train,gold,MQ_IA2_GOLD_20140316_010411
"bucket2$83,:3,:6001",2014-03-16T01:09:35.519900,MQ,BAM,3000,,3000,100.0,ZNE,dev,gold,MQ_BAM_GOLD_20140316_011005
"bucket2$84,:3,:6001",2014-03-16T01:09:34.959900,MQ,GBM,3000,,3000,100.0,ZNE,dev,gold,MQ_GBM_GOLD_20140316_011004
"bucket0$758,:3,:6001",2014-03-16T01:09:35.520000,MQ,IA2,3000,,3000,100.0,ZNE,train,gold,MQ_IA2_GOLD_20140316_011005
"bucket0$759,:3,:6001",2014-03-16T01:09:35.400000,MQ,LAM,3000,3029.0,3000,100.0,ZNE,train,gold,MQ_LAM_GOLD_20140316_011005
"bucket0$760,:3,:6001",2014-03-16T01:11:06.889900,MQ,BAM,3000,,3000,100.0,ZNE,train,gold,MQ_BAM_GOLD_20140316_011136
"bucket0$761,:3,:6001",2014-03-16T01:11:03.099900,MQ,CPM,3000,,3000,100.0,ZNE,train,gold,MQ_CPM_GOLD_20140316_011133
"bucket0$762,:3,:6001",2014-03-16T01:11:06.919900,MQ,GBM,3000,,3000,100.0,ZNE,train,gold,MQ_GBM_GOLD_20140316_011136
"bucket2$85,:3,:6001",2014-03-16T01:11:03.100000,MQ,IA2,3000,3431.0,3000,100.0,ZNE,dev,gold,MQ_IA2_GOLD_20140316_011133
"bucket0$763,:3,:6001",2014-03-16T01:11:07.340000,MQ,SAM,3000,2992.0,3000,100.0,ZNE,train,gold,MQ_SAM_GOLD_20140316_011137
"bucket0$764,:3,:6001",2014-03-16T01:20:12.539900,MQ,BAM,3000,,3000,100.0,ZNE,train,gold,MQ_BAM_GOLD_20140316_012042
"bucket0$765,:3,:6001",2014-03-16T01:20:11.249900,MQ,GBM,3000,,3000,100.0,ZNE,train,gold,MQ_GBM_GOLD_20140316_012041
"bucket2$86,:3,:6001",2014-03-16T01:20:12.350000,MQ,IA2,3000,3104.0,3000,100.0,ZNE,dev,gold,MQ_IA2_GOLD_20140316_012042
"bucket0$766,:3,:6001",2014-03-16T01:20:12.290000,MQ,LAM,3000,3009.0,3000,100.0,ZNE,train,gold,MQ_LAM_GOLD_20140316_012042
"bucket0$767,:3,:6001",2014-03-16T01:38:03.319900,MQ,BAM,3000,,3000,100.0,ZNE,train,gold,MQ_BAM_GOLD_20140316_013833
"bucket0$768,:3,:6001",2014-03-16T01:38:03.089900,MQ,GBM,3000,,3000,100.0,ZNE,train,gold,MQ_GBM_GOLD_20140316_013833
"bucket0$769,:3,:6001",2014-03-16T01:38:03.120000,MQ,LAM,3000,3010.0,3000,100.0,ZNE,train,gold,MQ_LAM_GOLD_20140316_013833
"bucket0$770,:3,:6001",2014-03-16T01:38:04.580000,MQ,SAM,3000,,3000,100.0,ZNE,train,gold,MQ_SAM_GOLD_20140316_013834
"bucket0$771,:3,:6001",2014-03-16T01:41:36.029900,MQ,CPM,3000,,3000,100.0,ZNE,train,gold,MQ_CPM_GOLD_20140316_014206
"bucket0$772,:3,:6001",2014-03-16T01:43:06.409900,MQ,BAM,3000,,3000,100.0,ZNE,train,gold,MQ_BAM_GOLD_20140316_014336
"bucket0$773,:3,:6001",2014-03-16T01:43:07.529900,MQ,GBM,3000,,3000,100.0,ZNE,train,gold,MQ_GBM_GOLD_20140316_014337
"bucket2$87,:3,:6001",2014-03-16T01:43:06.230000,MQ,IA2,3000,3331.0,3000,100.0,ZNE,dev,gold,MQ_IA2_GOLD_20140316_014336
"bucket4$95,:3,:6001",2014-03-16T01:43:08.010000,MQ,LAM,3000,3168.0,3000,100.0,ZNE,test,gold,MQ_LAM_GOLD_20140316_014338
"bucket0$774,:3,:6001",2014-03-16T01:43:09.690000,MQ,SAM,3000,3043.0,3000,100.0,ZNE,train,gold,MQ_SAM_GOLD_20140316_014339
"bucket0$775,:3,:6001",2014-03-16T01:43:29.429900,MQ,BAM,3000,,3000,100.0,ZNE,train,gold,MQ_BAM_GOLD_20140316_014359
"bucket0$776,:3,:6001",2014-03-16T01:43:30.249900,MQ,CPM,3000,,3000,100.0,ZNE,train,gold,MQ_CPM_GOLD_20140316_014400
"bucket0$777,:3,:6001",2014-03-16T01:43:29.209900,MQ,GBM,3000,,3000,100.0,ZNE,train,gold,MQ_GBM_GOLD_20140316_014359
"bucket0$778,:3,:6001",2014-03-16T01:43:29.540000,MQ,IA2,3000,3232.0,3000,100.0,ZNE,train,gold,MQ_IA2_GOLD_20140316_014359
"bucket0$779,:3,:6001",2014-03-16T01:43:29.120000,MQ,LAM,3000,3097.0,3000,100.0,ZNE,train,gold,MQ_LAM_GOLD_20140316_014359
"bucket0$780,:3,:6001",2014-03-16T01:43:30.819900,MQ,MLM,3000,,3000,100.0,ZNE,train,gold,MQ_MLM_GOLD_20140316_014400
"bucket0$781,:3,:6001",2014-03-16T01:43:30.430000,MQ,SAM,3000,3112.0,3000,100.0,ZNE,train,gold,MQ_SAM_GOLD_20140316_014400
"bucket0$782,:3,:6001",2014-03-16T01:49:46.389900,MQ,BAM,3000,,3000,100.0,ZNE,train,gold,MQ_BAM_GOLD_20140316_015016
"bucket0$783,:3,:6001",2014-03-16T01:49:45.269900,MQ,GBM,3000,,3000,100.0,ZNE,train,gold,MQ_GBM_GOLD_20140316_015015
"bucket0$784,:3,:6001",2014-03-16T01:49:46.030000,MQ,IA2,3000,,3000,100.0,ZNE,train,gold,MQ_IA2_GOLD_20140316_015016
"bucket0$785,:3,:6001",2014-03-16T01:49:45.150000,MQ,LAM,3000,3054.0,3000,100.0,ZNE,train,gold,MQ_LAM_GOLD_20140316_015015
"bucket0$786,:3,:6001",2014-03-16T01:49:46.370000,MQ,SAM,3000,,3000,100.0,ZNE,train,gold,MQ_SAM_GOLD_20140316_015016
"bucket0$787,:3,:6001",2014-03-16T01:57:00.539900,MQ,BAM,3000,,3000,100.0,ZNE,train,gold,MQ_BAM_GOLD_20140316_015730
"bucket2$88,:3,:6001",2014-03-16T01:57:00.009900,MQ,GBM,3000,,3000,100.0,ZNE,dev,gold,MQ_GBM_GOLD_20140316_015730
"bucket4$96,:3,:6001",2014-03-16T01:57:00.720000,MQ,IA2,3000,,3000,100.0,ZNE,test,gold,MQ_IA2_GOLD_20140316_015730
"bucket0$788,:3,:6001",2014-03-16T01:56:59.820000,MQ,LAM,3000,3189.0,3000,100.0,ZNE,train,gold,MQ_LAM_GOLD_20140316_015729
"bucket0$789,:3,:6001",2014-03-16T01:57:01.430000,MQ,SAM,3000,3073.0,3000,100.0,ZNE,train,gold,MQ_SAM_GOLD_20140316_015731
"bucket0$790,:3,:6001",2014-03-16T02:03:15.419900,MQ,CPM,3000,,3000,100.0,ZNE,train,gold,MQ_CPM_GOLD_20140316_020345
"bucket0$791,:3,:6001",2014-03-16T02:03:13.259900,MQ,GBM,3000,,3000,100.0,ZNE,train,gold,MQ_GBM_GOLD_20140316_020343
"bucket0$792,:3,:6001",2014-03-16T02:03:13.940000,MQ,IA2,3000,3128.0,3000,100.0,ZNE,train,gold,MQ_IA2_GOLD_20140316_020343
"bucket0$793,:3,:6001",2014-03-16T02:03:13.010000,MQ,LAM,3000,2957.0,3000,100.0,ZNE,train,gold,MQ_LAM_GOLD_20140316_020343
"bucket0$794,:3,:6001",2014-03-16T02:03:14.730000,MQ,SAM,3000,3139.0,3000,100.0,ZNE,train,gold,MQ_SAM_GOLD_20140316_020344
"bucket0$795,:3,:6001",2014-03-16T02:17:52.609900,MQ,BAM,3000,,3000,100.0,ZNE,train,gold,MQ_BAM_GOLD_20140316_021822
"bucket0$796,:3,:6001",2014-03-16T02:17:54.189900,MQ,CPM,3000,,3000,100.0,ZNE,train,gold,MQ_CPM_GOLD_20140316_021824
"bucket0$797,:3,:6001",2014-03-16T02:17:52.239900,MQ,GBM,3000,,3000,100.0,ZNE,train,gold,MQ_GBM_GOLD_20140316_021822
"bucket0$798,:3,:6001",2014-03-16T02:17:52.760000,MQ,IA2,3000,3113.0,3000,100.0,ZNE,train,gold,MQ_IA2_GOLD_20140316_021822
"bucket4$97,:3,:6001",2014-03-16T02:17:52.070000,MQ,LAM,3000,3198.0,3000,100.0,ZNE,test,gold,MQ_LAM_GOLD_20140316_021822
"bucket0$799,:3,:6001",2014-03-16T02:17:53.769900,MQ,MLM,3000,,3000,100.0,ZNE,train,gold,MQ_MLM_GOLD_20140316_021823
"bucket0$800,:3,:6001",2014-03-16T02:17:53.520000,MQ,SAM,3000,3065.0,3000,100.0,ZNE,train,gold,MQ_SAM_GOLD_20140316_021823
"bucket0$801,:3,:6001",2014-03-16T02:19:55.889900,MQ,BAM,3000,,3000,100.0,ZNE,train,gold,MQ_BAM_GOLD_20140316_022025
"bucket0$802,:3,:6001",2014-03-16T02:19:55.339900,MQ,GBM,3000,,3000,100.0,ZNE,train,gold,MQ_GBM_GOLD_20140316_022025
"bucket0$803,:3,:6001",2014-03-16T02:19:55.960000,MQ,IA2,3000,3182.0,3000,100.0,ZNE,train,gold,MQ_IA2_GOLD_20140316_022025
"bucket0$804,:3,:6001",2014-03-16T02:19:56.130000,MQ,SAM,3000,3004.0,3000,100.0,ZNE,train,gold,MQ_SAM_GOLD_20140316_022026
"bucket0$805,:3,:6001",2014-03-16T02:20:37.639900,MQ,GBM,3000,,3000,100.0,ZNE,train,gold,MQ_GBM_GOLD_20140316_022107
"bucket0$806,:3,:6001",2014-03-16T02:25:10.169900,MQ,BAM,3000,,3000,100.0,ZNE,train,gold,MQ_BAM_GOLD_20140316_022540
"bucket4$98,:3,:6001",2014-03-16T02:25:11.109900,MQ,CPM,3000,,3000,100.0,ZNE,test,gold,MQ_CPM_GOLD_20140316_022541
"bucket0$807,:3,:6001",2014-03-16T02:25:09.849900,MQ,GBM,3000,,3000,100.0,ZNE,train,gold,MQ_GBM_GOLD_20140316_022539
"bucket0$808,:3,:6001",2014-03-16T02:25:10.330000,MQ,IA2,3000,3067.0,3000,100.0,ZNE,train,gold,MQ_IA2_GOLD_20140316_022540
"bucket0$809,:3,:6001",2014-03-16T02:25:09.530000,MQ,LAM,3000,3295.0,3000,100.0,ZNE,train,gold,MQ_LAM_GOLD_20140316_022539
"bucket0$810,:3,:6001",2014-03-16T02:25:11.449900,MQ,MLM,3000,,3000,100.0,ZNE,train,gold,MQ_MLM_GOLD_20140316_022541
"bucket0$811,:3,:6001",2014-03-16T02:26:18.209900,MQ,BAM,3000,,3000,100.0,ZNE,train,gold,MQ_BAM_GOLD_20140316_022648
"bucket0$812,:3,:6001",2014-03-16T02:26:22.099900,MQ,GBM,3000,,3000,100.0,ZNE,train,gold,MQ_GBM_GOLD_20140316_022652
"bucket4$99,:3,:6001",2014-03-16T02:26:22.580000,MQ,IA2,3000,,3000,100.0,ZNE,test,gold,MQ_IA2_GOLD_20140316_022652
"bucket0$813,:3,:6001",2014-03-16T02:26:21.330000,MQ,LAM,3000,3075.0,3000,100.0,ZNE,train,gold,MQ_LAM_GOLD_20140316_022651
"bucket0$814,:3,:6001",2014-03-16T02:36:39.349900,MQ,BAM,3000,,3000,100.0,ZNE,train,gold,MQ_BAM_GOLD_20140316_023709
"bucket0$815,:3,:6001",2014-03-16T02:36:39.959900,MQ,CPM,3000,,3000,100.0,ZNE,train,gold,MQ_CPM_GOLD_20140316_023709
"bucket0$816,:3,:6001",2014-03-16T02:36:38.919900,MQ,GBM,3000,,3000,100.0,ZNE,train,gold,MQ_GBM_GOLD_20140316_023708
"bucket4$100,:3,:6001",2014-03-16T02:36:39.150000,MQ,IA2,3000,3261.0,3000,100.0,ZNE,test,gold,MQ_IA2_GOLD_20140316_023709
"bucket0$817,:3,:6001",2014-03-16T02:37:58.509900,MQ,BAM,3000,,3000,100.0,ZNE,train,gold,MQ_BAM_GOLD_20140316_023828
"bucket4$101,:3,:6001",2014-03-16T02:37:59.179900,MQ,CPM,3000,,3000,100.0,ZNE,test,gold,MQ_CPM_GOLD_20140316_023829
"bucket2$89,:3,:6001",2014-03-16T02:37:57.679900,MQ,GBM,3000,,3000,100.0,ZNE,dev,gold,MQ_GBM_GOLD_20140316_023827
"bucket0$818,:3,:6001",2014-03-16T02:37:58.240000,MQ,IA2,3000,3174.0,3000,100.0,ZNE,train,gold,MQ_IA2_GOLD_20140316_023828
"bucket0$819,:3,:6001",2014-03-16T02:37:57.730000,MQ,LAM,3000,3173.0,3000,100.0,ZNE,train,gold,MQ_LAM_GOLD_20140316_023827
"bucket4$102,:3,:6001",2014-03-16T02:37:58.529900,MQ,MLM,3000,,3000,100.0,ZNE,test,gold,MQ_MLM_GOLD_20140316_023828
"bucket4$103,:3,:6001",2014-03-16T02:37:59.010000,MQ,SAM,3000,3034.0,3000,100.0,ZNE,test,gold,MQ_SAM_GOLD_20140316_023829
"bucket2$90,:3,:6001",2014-03-16T02:46:48.679900,MQ,BAM,3000,,3000,100.0,ZNE,dev,gold,MQ_BAM_GOLD_20140316_024718
"bucket0$820,:3,:6001",2014-03-16T02:46:48.019900,MQ,GBM,3000,,3000,100.0,ZNE,train,gold,MQ_GBM_GOLD_20140316_024718
"bucket4$104,:3,:6001",2014-03-16T02:46:48.730000,MQ,IA2,3000,3059.0,3000,100.0,ZNE,test,gold,MQ_IA2_GOLD_20140316_024718
"bucket0$821,:3,:6001",2014-03-16T02:46:47.750000,MQ,LAM,3000,3051.0,3000,100.0,ZNE,train,gold,MQ_LAM_GOLD_20140316_024717
"bucket0$822,:3,:6001",2014-03-16T03:05:25.389900,MQ,BAM,3000,,3000,100.0,ZNE,train,gold,MQ_BAM_GOLD_20140316_030555
"bucket0$823,:3,:6001",2014-03-16T03:05:26.729900,MQ,CPM,3000,,3000,100.0,ZNE,train,gold,MQ_CPM_GOLD_20140316_030556
"bucket4$105,:3,:6001",2014-03-16T03:05:24.349900,MQ,GBM,3000,,3000,100.0,ZNE,test,gold,MQ_GBM_GOLD_20140316_030554
"bucket0$824,:3,:6001",2014-03-16T03:05:24.980000,MQ,IA2,3000,3295.0,3000,100.0,ZNE,train,gold,MQ_IA2_GOLD_20140316_030554
"bucket0$825,:3,:6001",2014-03-16T03:05:24.350000,MQ,LAM,3000,3081.0,3000,100.0,ZNE,train,gold,MQ_LAM_GOLD_20140316_030554
"bucket2$91,:3,:6001",2014-03-16T03:18:30.659900,MQ,CPM,3000,,3000,100.0,ZNE,dev,gold,MQ_CPM_GOLD_20140316_031900
"bucket0$826,:3,:6001",2014-03-16T03:32:20.959900,MQ,BAM,3000,,3000,100.0,ZNE,train,gold,MQ_BAM_GOLD_20140316_033250
"bucket0$827,:3,:6001",2014-03-16T03:32:19.569900,MQ,CPM,3000,,3000,100.0,ZNE,train,gold,MQ_CPM_GOLD_20140316_033249
"bucket0$828,:3,:6001",2014-03-16T03:32:17.929900,MQ,GBM,3000,,3000,100.0,ZNE,train,gold,MQ_GBM_GOLD_20140316_033247
"bucket0$829,:3,:6001",2014-03-16T03:32:18.340000,MQ,IA2,3000,3245.0,3000,100.0,ZNE,train,gold,MQ_IA2_GOLD_20140316_033248
"bucket2$92,:3,:6001",2014-03-16T03:44:34.869900,MQ,BAM,3000,,3000,100.0,ZNE,dev,gold,MQ_BAM_GOLD_20140316_034504
"bucket0$830,:3,:6001",2014-03-16T03:44:35.549900,MQ,CPM,3000,,3000,100.0,ZNE,train,gold,MQ_CPM_GOLD_20140316_034505
"bucket4$106,:3,:6001",2014-03-16T03:44:34.019900,MQ,GBM,3000,,3000,100.0,ZNE,test,gold,MQ_GBM_GOLD_20140316_034504
"bucket0$831,:3,:6001",2014-03-16T03:44:34.690000,MQ,LAM,3000,3056.0,3000,100.0,ZNE,train,gold,MQ_LAM_GOLD_20140316_034504
"bucket0$832,:3,:6001",2014-03-16T03:46:49.819900,MQ,BAM,3000,,3000,100.0,ZNE,train,gold,MQ_BAM_GOLD_20140316_034719
"bucket0$833,:3,:6001",2014-03-16T03:46:55.769900,MQ,CPM,3000,,3000,100.0,ZNE,train,gold,MQ_CPM_GOLD_20140316_034725
"bucket0$834,:3,:6001",2014-03-16T03:46:54.559900,MQ,GBM,3000,,3000,100.0,ZNE,train,gold,MQ_GBM_GOLD_20140316_034724
"bucket0$835,:3,:6001",2014-03-16T03:46:49.720000,MQ,IA2,3000,3047.0,3000,100.0,ZNE,train,gold,MQ_IA2_GOLD_20140316_034719
"bucket0$836,:3,:6001",2014-03-16T03:46:54.970000,MQ,LAM,3000,3245.0,3000,100.0,ZNE,train,gold,MQ_LAM_GOLD_20140316_034724
"bucket0$837,:3,:6001",2014-03-16T03:48:44.789900,MQ,BAM,3000,,3000,100.0,ZNE,train,gold,MQ_BAM_GOLD_20140316_034914
"bucket0$838,:3,:6001",2014-03-16T03:48:47.619900,MQ,GBM,3000,,3000,100.0,ZNE,train,gold,MQ_GBM_GOLD_20140316_034917
"bucket0$839,:3,:6001",2014-03-16T03:48:48.360000,MQ,IA2,3000,3032.0,3000,100.0,ZNE,train,gold,MQ_IA2_GOLD_20140316_034918
"bucket0$840,:3,:6001",2014-03-16T03:48:47.350000,MQ,LAM,3000,3082.0,3000,100.0,ZNE,train,gold,MQ_LAM_GOLD_20140316_034917
"bucket0$841,:3,:6001",2014-03-16T04:15:09.759900,MQ,BAM,3000,,3000,100.0,ZNE,train,gold,MQ_BAM_GOLD_20140316_041539
"bucket0$842,:3,:6001",2014-03-16T04:15:09.599900,MQ,GBM,3000,,3000,100.0,ZNE,train,gold,MQ_GBM_GOLD_20140316_041539
"bucket4$107,:3,:6001",2014-03-16T04:15:10.210000,MQ,IA2,3000,3170.0,3000,100.0,ZNE,test,gold,MQ_IA2_GOLD_20140316_041540
"bucket0$843,:3,:6001",2014-03-16T04:15:09.400000,MQ,LAM,3000,,3000,100.0,ZNE,train,gold,MQ_LAM_GOLD_20140316_041539
"bucket0$844,:3,:6001",2014-03-16T04:20:25.830000,MQ,IA2,3000,3059.0,3000,100.0,ZNE,train,gold,MQ_IA2_GOLD_20140316_042055
"bucket0$845,:3,:6001",2014-03-16T04:27:07.719900,MQ,BAM,3000,,3000,100.0,ZNE,train,gold,MQ_BAM_GOLD_20140316_042737
"bucket0$846,:3,:6001",2014-03-16T04:27:09.209900,MQ,GBM,3000,,3000,100.0,ZNE,train,gold,MQ_GBM_GOLD_20140316_042739
"bucket2$93,:3,:6001",2014-03-16T04:27:09.690000,MQ,IA2,3000,2923.0,3000,100.0,ZNE,dev,gold,MQ_IA2_GOLD_20140316_042739
"bucket0$847,:3,:6001",2014-03-16T04:27:08.950000,MQ,LAM,3000,,3000,100.0,ZNE,train,gold,MQ_LAM_GOLD_20140316_042738
"bucket0$848,:3,:6001",2014-03-16T04:27:09.940000,MQ,SAM,3000,3021.0,3000,100.0,ZNE,train,gold,MQ_SAM_GOLD_20140316_042739
"bucket2$94,:3,:6001",2014-03-16T04:28:06.760000,MQ,SAM,3000,3130.0,3000,100.0,ZNE,dev,gold,MQ_SAM_GOLD_20140316_042836
"bucket0$849,:3,:6001",2014-03-16T04:28:40.099900,MQ,CPM,3000,,3000,100.0,ZNE,train,gold,MQ_CPM_GOLD_20140316_042910
"bucket0$850,:3,:6001",2014-03-16T04:34:21.009900,MQ,BAM,3000,,3000,100.0,ZNE,train,gold,MQ_BAM_GOLD_20140316_043451
"bucket0$851,:3,:6001",2014-03-16T04:34:20.459900,MQ,GBM,3000,,3000,100.0,ZNE,train,gold,MQ_GBM_GOLD_20140316_043450
"bucket0$852,:3,:6001",2014-03-16T04:34:20.940000,MQ,IA2,3000,3055.0,3000,100.0,ZNE,train,gold,MQ_IA2_GOLD_20140316_043450
"bucket0$853,:3,:6001",2014-03-16T04:34:20.090000,MQ,LAM,3000,3040.0,3000,100.0,ZNE,train,gold,MQ_LAM_GOLD_20140316_043450
"bucket0$854,:3,:6001",2014-03-16T04:38:38.039900,MQ,BAM,3000,,3000,100.0,ZNE,train,gold,MQ_BAM_GOLD_20140316_043908
"bucket4$108,:3,:6001",2014-03-16T04:38:37.179900,MQ,GBM,3000,,3000,100.0,ZNE,test,gold,MQ_GBM_GOLD_20140316_043907
"bucket0$855,:3,:6001",2014-03-16T04:38:37.830000,MQ,IA2,3000,3286.0,3000,100.0,ZNE,train,gold,MQ_IA2_GOLD_20140316_043907
"bucket2$95,:3,:6001",2014-03-16T04:38:36.870000,MQ,LAM,3000,3288.0,3000,100.0,ZNE,dev,gold,MQ_LAM_GOLD_20140316_043906
"bucket0$856,:3,:6001",2014-03-16T04:38:40.389900,MQ,MLM,3000,,3000,100.0,ZNE,train,gold,MQ_MLM_GOLD_20140316_043910
"bucket0$857,:3,:6001",2014-03-16T04:38:38.470000,MQ,SAM,3000,3106.0,3000,100.0,ZNE,train,gold,MQ_SAM_GOLD_20140316_043908
"bucket0$858,:3,:6001",2014-03-16T04:39:57.149900,MQ,BAM,3000,,3000,100.0,ZNE,train,gold,MQ_BAM_GOLD_20140316_044027
"bucket0$859,:3,:6001",2014-03-16T04:39:56.199900,MQ,GBM,3000,,3000,100.0,ZNE,train,gold,MQ_GBM_GOLD_20140316_044026
"bucket0$860,:3,:6001",2014-03-16T04:39:57.040000,MQ,IA2,3000,3136.0,3000,100.0,ZNE,train,gold,MQ_IA2_GOLD_20140316_044027
"bucket0$861,:3,:6001",2014-03-16T04:39:55.800000,MQ,LAM,3000,3222.0,3000,100.0,ZNE,train,gold,MQ_LAM_GOLD_20140316_044025
"bucket0$862,:3,:6001",2014-03-16T04:39:57.280000,MQ,SAM,3000,3261.0,3000,100.0,ZNE,train,gold,MQ_SAM_GOLD_20140316_044027
"bucket0$863,:3,:6001",2014-03-16T05:22:02.729900,MQ,BAM,3000,,3000,100.0,ZNE,train,gold,MQ_BAM_GOLD_20140316_052232
"bucket4$109,:3,:6001",2014-03-16T05:51:08.289900,MQ,BAM,3000,,3000,100.0,ZNE,test,gold,MQ_BAM_GOLD_20140316_055138
"bucket0$864,:3,:6001",2014-03-16T05:51:07.749900,MQ,GBM,3000,,3000,100.0,ZNE,train,gold,MQ_GBM_GOLD_20140316_055137
"bucket0$865,:3,:6001",2014-03-16T05:51:08.290000,MQ,IA2,3000,3107.0,3000,100.0,ZNE,train,gold,MQ_IA2_GOLD_20140316_055138
"bucket0$866,:3,:6001",2014-03-16T05:51:07.450000,MQ,LAM,3000,3126.0,3000,100.0,ZNE,train,gold,MQ_LAM_GOLD_20140316_055137
"bucket0$867,:3,:6001",2014-03-16T05:51:08.660000,MQ,SAM,3000,2995.0,3000,100.0,ZNE,train,gold,MQ_SAM_GOLD_20140316_055138
"bucket4$110,:3,:6001",2014-03-16T06:18:42.769900,MQ,GBM,3000,,3000,100.0,ZNE,test,gold,MQ_GBM_GOLD_20140316_061912
"bucket4$111,:3,:6001",2014-03-16T06:41:44.809900,MQ,CPM,3000,,3000,100.0,ZNE,test,gold,MQ_CPM_GOLD_20140316_064214
"bucket0$868,:3,:6001",2014-03-16T06:41:45.460000,MQ,IA2,3000,2896.0,3000,100.0,ZNE,train,gold,MQ_IA2_GOLD_20140316_064215
"bucket0$869,:3,:6001",2014-03-16T07:37:14.519900,MQ,CPM,3000,,3000,100.0,ZNE,train,gold,MQ_CPM_GOLD_20140316_073744
"bucket0$870,:3,:6001",2014-03-16T07:37:14.280000,MQ,SAM,3000,3059.0,3000,100.0,ZNE,train,gold,MQ_SAM_GOLD_20140316_073744
"bucket0$871,:3,:6001",2014-03-16T07:44:31.219900,MQ,BAM,3000,,3000,100.0,ZNE,train,gold,MQ_BAM_GOLD_20140316_074501
"bucket0$872,:3,:6001",2014-03-16T07:44:32.459900,MQ,CPM,3000,,3000,100.0,ZNE,train,gold,MQ_CPM_GOLD_20140316_074502
"bucket0$873,:3,:6001",2014-03-16T07:44:30.899900,MQ,GBM,3000,,3000,100.0,ZNE,train,gold,MQ_GBM_GOLD_20140316_074500
"bucket0$874,:3,:6001",2014-03-16T07:44:31.560000,MQ,IA2,3000,3180.0,3000,100.0,ZNE,train,gold,MQ_IA2_GOLD_20140316_074501
"bucket0$875,:3,:6001",2014-03-16T07:44:30.570000,MQ,LAM,3000,3147.0,3000,100.0,ZNE,train,gold,MQ_LAM_GOLD_20140316_074500
"bucket0$876,:3,:6001",2014-03-16T07:44:32.209900,MQ,MLM,3000,,3000,100.0,ZNE,train,gold,MQ_MLM_GOLD_20140316_074502
"bucket0$877,:3,:6001",2014-03-16T07:44:32.020000,MQ,SAM,3000,3037.0,3000,100.0,ZNE,train,gold,MQ_SAM_GOLD_20140316_074502
"bucket0$878,:3,:6001",2014-03-16T09:18:01.789900,MQ,BAM,3000,,3000,100.0,ZNE,train,gold,MQ_BAM_GOLD_20140316_091831
"bucket0$879,:3,:6001",2014-03-16T09:18:01.709900,MQ,GBM,3000,,3000,100.0,ZNE,train,gold,MQ_GBM_GOLD_20140316_091831
"bucket0$880,:3,:6001",2014-03-16T09:18:02.070000,MQ,IA2,3000,3097.0,3000,100.0,ZNE,train,gold,MQ_IA2_GOLD_20140316_091832
"bucket0$881,:3,:6001",2014-03-16T09:18:01.270000,MQ,LAM,3000,3060.0,3000,100.0,ZNE,train,gold,MQ_LAM_GOLD_20140316_091831
"bucket0$882,:3,:6001",2014-03-16T09:41:26.329900,MQ,BAM,3000,,3000,100.0,ZNE,train,gold,MQ_BAM_GOLD_20140316_094156
"bucket0$883,:3,:6001",2014-03-16T09:41:25.969900,MQ,GBM,3000,,3000,100.0,ZNE,train,gold,MQ_GBM_GOLD_20140316_094155
"bucket0$884,:3,:6001",2014-03-16T09:41:26.610000,MQ,IA2,3000,3104.0,3000,100.0,ZNE,train,gold,MQ_IA2_GOLD_20140316_094156
"bucket0$885,:3,:6001",2014-03-16T09:41:25.210000,MQ,LAM,3000,3049.0,3000,100.0,ZNE,train,gold,MQ_LAM_GOLD_20140316_094155
"bucket0$886,:3,:6001",2014-03-16T09:41:27,MQ,SAM,3000,3005.0,3000,100.0,ZNE,train,gold,MQ_SAM_GOLD_20140316_094157
"bucket0$887,:3,:6001",2014-03-16T12:37:07.189900,MQ,BAM,3000,,3000,100.0,ZNE,train,gold,MQ_BAM_GOLD_20140316_123737
"bucket0$888,:3,:6001",2014-03-16T12:37:07.309900,MQ,CPM,3000,,3000,100.0,ZNE,train,gold,MQ_CPM_GOLD_20140316_123737
"bucket0$889,:3,:6001",2014-03-16T12:37:07.179900,MQ,GBM,3000,,3000,100.0,ZNE,train,gold,MQ_GBM_GOLD_20140316_123737
"bucket0$890,:3,:6001",2014-03-16T12:37:07.310000,MQ,IA2,3000,3060.0,3000,100.0,ZNE,train,gold,MQ_IA2_GOLD_20140316_123737
"bucket0$891,:3,:6001",2014-03-16T12:37:07.480000,MQ,LAM,3000,3064.0,3000,100.0,ZNE,train,gold,MQ_LAM_GOLD_20140316_123737
"bucket0$892,:3,:6001",2014-03-16T12:37:08.259900,MQ,MLM,3000,,3000,100.0,ZNE,train,gold,MQ_MLM_GOLD_20140316_123738
"bucket0$893,:3,:6001",2014-03-16T17:26:57.659900,MQ,BAM,3000,,3000,100.0,ZNE,train,gold,MQ_BAM_GOLD_20140316_172727
"bucket0$894,:3,:6001",2014-03-16T17:26:58.959900,MQ,CPM,3000,,3000,100.0,ZNE,train,gold,MQ_CPM_GOLD_20140316_172728
"bucket0$895,:3,:6001",2014-03-16T17:26:57.119900,MQ,GBM,3000,,3000,100.0,ZNE,train,gold,MQ_GBM_GOLD_20140316_172727
"bucket0$896,:3,:6001",2014-03-16T17:26:57.660000,MQ,IA2,3000,3281.0,3000,100.0,ZNE,train,gold,MQ_IA2_GOLD_20140316_172727
"bucket0$897,:3,:6001",2014-03-16T17:26:57.400000,MQ,LAM,3000,3067.0,3000,100.0,ZNE,train,gold,MQ_LAM_GOLD_20140316_172727
"bucket0$898,:3,:6001",2014-03-16T17:26:58.609900,MQ,MLM,3000,,3000,100.0,ZNE,train,gold,MQ_MLM_GOLD_20140316_172728
"bucket0$899,:3,:6001",2014-03-16T18:28:01.379900,MQ,BAM,3000,,3000,100.0,ZNE,train,gold,MQ_BAM_GOLD_20140316_182831
"bucket0$900,:3,:6001",2014-03-16T18:28:01.979900,MQ,CPM,3000,,3000,100.0,ZNE,train,gold,MQ_CPM_GOLD_20140316_182831
"bucket0$901,:3,:6001",2014-03-16T18:28:01.939900,MQ,GBM,3000,,3000,100.0,ZNE,train,gold,MQ_GBM_GOLD_20140316_182831
"bucket4$112,:3,:6001",2014-03-16T18:28:02.340000,MQ,IA2,3000,3152.0,3000,100.0,ZNE,test,gold,MQ_IA2_GOLD_20140316_182832
"bucket0$902,:3,:6001",2014-03-16T18:44:46.130000,MQ,LAM,3000,3211.0,3000,100.0,ZNE,train,gold,MQ_LAM_GOLD_20140316_184516
"bucket0$903,:3,:6001",2014-03-16T18:44:54.479900,MQ,BAM,3000,,3000,100.0,ZNE,train,gold,MQ_BAM_GOLD_20140316_184524
"bucket0$904,:3,:6001",2014-03-16T18:44:55.479900,MQ,CPM,3000,,3000,100.0,ZNE,train,gold,MQ_CPM_GOLD_20140316_184525
"bucket0$905,:3,:6001",2014-03-16T18:44:53.309900,MQ,GBM,3000,,3000,100.0,ZNE,train,gold,MQ_GBM_GOLD_20140316_184523
"bucket0$906,:3,:6001",2014-03-16T18:44:54.399900,MQ,MLM,3000,,3000,100.0,ZNE,train,gold,MQ_MLM_GOLD_20140316_184524
"bucket0$907,:3,:6001",2014-03-16T19:37:34.050000,MQ,SAM,3000,3094.0,3000,100.0,ZNE,train,gold,MQ_SAM_GOLD_20140316_193804
"bucket2$96,:3,:6001",2014-03-16T23:21:14.899900,MQ,GBM,3000,,3000,100.0,ZNE,dev,gold,MQ_GBM_GOLD_20140316_232144
"bucket0$908,:3,:6001",2014-03-16T23:21:15.380000,MQ,IA2,3000,3170.0,3000,100.0,ZNE,train,gold,MQ_IA2_GOLD_20140316_232145
"bucket0$909,:3,:6001",2014-03-16T23:21:14.130000,MQ,LAM,3000,2993.0,3000,100.0,ZNE,train,gold,MQ_LAM_GOLD_20140316_232144
"bucket2$97,:3,:6001",2014-03-16T23:21:15.700000,MQ,SAM,3000,3012.0,3000,100.0,ZNE,dev,gold,MQ_SAM_GOLD_20140316_232145
"bucket2$98,:3,:6001",2014-03-16T23:39:45.999900,MQ,MLM,3000,,3000,100.0,ZNE,dev,gold,MQ_MLM_GOLD_20140316_234015
"bucket0$910,:3,:6001",2014-03-17T04:15:41.389900,MQ,BAM,3000,,3000,100.0,ZNE,train,gold,MQ_BAM_GOLD_20140317_041611
"bucket0$911,:3,:6001",2014-03-17T04:15:41.649900,MQ,CPM,3000,,3000,100.0,ZNE,train,gold,MQ_CPM_GOLD_20140317_041611
"bucket0$912,:3,:6001",2014-03-17T04:15:41.739900,MQ,GBM,3000,,3000,100.0,ZNE,train,gold,MQ_GBM_GOLD_20140317_041611
"bucket0$913,:3,:6001",2014-03-17T04:15:41.850000,MQ,IA2,3000,,3000,100.0,ZNE,train,gold,MQ_IA2_GOLD_20140317_041611
"bucket0$914,:3,:6001",2014-03-17T04:15:41.680000,MQ,LAM,3000,3088.0,3000,100.0,ZNE,train,gold,MQ_LAM_GOLD_20140317_041611
"bucket2$99,:3,:6001",2014-03-17T04:15:41.069900,MQ,MLM,3000,,3000,100.0,ZNE,dev,gold,MQ_MLM_GOLD_20140317_041611
"bucket4$113,:3,:6001",2014-03-17T04:15:41.840000,MQ,SAM,3000,,3000,100.0,ZNE,test,gold,MQ_SAM_GOLD_20140317_041611
"bucket4$114,:3,:6001",2014-03-17T04:16:06.509900,MQ,BAM,3000,,3000,100.0,ZNE,test,gold,MQ_BAM_GOLD_20140317_041636
"bucket0$915,:3,:6001",2014-03-17T04:16:07.409900,MQ,CPM,3000,,3000,100.0,ZNE,train,gold,MQ_CPM_GOLD_20140317_041637
"bucket0$916,:3,:6001",2014-03-17T04:16:07.219900,MQ,GBM,3000,,3000,100.0,ZNE,train,gold,MQ_GBM_GOLD_20140317_041637
"bucket0$917,:3,:6001",2014-03-17T04:16:06.930000,MQ,IA2,3000,3125.0,3000,100.0,ZNE,train,gold,MQ_IA2_GOLD_20140317_041636
"bucket0$918,:3,:6001",2014-03-17T04:16:07.739900,MQ,MLM,3000,,3000,100.0,ZNE,train,gold,MQ_MLM_GOLD_20140317_041637
"bucket0$919,:3,:6001",2014-03-17T04:16:06.580000,MQ,SAM,3000,,3000,100.0,ZNE,train,gold,MQ_SAM_GOLD_20140317_041636
"bucket0$920,:3,:6001",2014-03-17T05:01:01.729900,MQ,BAM,3000,,3000,100.0,ZNE,train,gold,MQ_BAM_GOLD_20140317_050131
"bucket0$921,:3,:6001",2014-03-17T05:00:59.209900,MQ,CPM,3000,,3000,100.0,ZNE,train,gold,MQ_CPM_GOLD_20140317_050129
"bucket0$922,:3,:6001",2014-03-17T05:01:01.769900,MQ,GBM,3000,,3000,100.0,ZNE,train,gold,MQ_GBM_GOLD_20140317_050131
"bucket0$923,:3,:6001",2014-03-17T05:00:59.760000,MQ,IA2,3000,3042.0,3000,100.0,ZNE,train,gold,MQ_IA2_GOLD_20140317_050129
"bucket0$924,:3,:6001",2014-03-17T05:55:51.419900,MQ,BAM,3000,,3000,100.0,ZNE,train,gold,MQ_BAM_GOLD_20140317_055621
"bucket0$925,:3,:6001",2014-03-17T05:55:47.589900,MQ,CPM,3000,,3000,100.0,ZNE,train,gold,MQ_CPM_GOLD_20140317_055617
"bucket2$100,:3,:6001",2014-03-17T05:55:48.300000,MQ,IA2,3000,3037.0,3000,100.0,ZNE,dev,gold,MQ_IA2_GOLD_20140317_055618
"bucket0$926,:3,:6001",2014-03-17T05:55:50.240000,MQ,SAM,3000,3020.0,3000,100.0,ZNE,train,gold,MQ_SAM_GOLD_20140317_055620
"bucket0$927,:3,:6001",2014-03-17T17:30:25.719900,MQ,CPM,3000,,3000,100.0,ZNE,train,gold,MQ_CPM_GOLD_20140317_173055
"bucket0$928,:3,:6001",2014-03-17T17:32:15.789900,MQ,CPM,3000,,3000,100.0,ZNE,train,gold,MQ_CPM_GOLD_20140317_173245
"bucket0$929,:3,:6001",2014-03-17T21:07:57.929900,MQ,BAM,3000,,3000,100.0,ZNE,train,gold,MQ_BAM_GOLD_20140317_210827
"bucket2$101,:3,:6001",2014-03-17T21:07:57.929900,MQ,GBM,3000,,3000,100.0,ZNE,dev,gold,MQ_GBM_GOLD_20140317_210827
"bucket2$102,:3,:6001",2014-03-17T21:07:58.770000,MQ,IA2,3000,3080.0,3000,100.0,ZNE,dev,gold,MQ_IA2_GOLD_20140317_210828
"bucket0$930,:3,:6001",2014-03-17T21:07:57.580000,MQ,LAM,3000,3372.0,3000,100.0,ZNE,train,gold,MQ_LAM_GOLD_20140317_210827
"bucket4$115,:3,:6001",2014-03-17T23:46:28.479900,MQ,BAM,3000,,3000,100.0,ZNE,test,gold,MQ_BAM_GOLD_20140317_234658
"bucket0$931,:3,:6001",2014-03-17T23:46:28.319900,MQ,CPM,3000,,3000,100.0,ZNE,train,gold,MQ_CPM_GOLD_20140317_234658
"bucket0$932,:3,:6001",2014-03-17T23:46:28.479900,MQ,GBM,3000,,3000,100.0,ZNE,train,gold,MQ_GBM_GOLD_20140317_234658
"bucket0$933,:3,:6001",2014-03-17T23:46:28.560000,MQ,IA2,3000,3021.0,3000,100.0,ZNE,train,gold,MQ_IA2_GOLD_20140317_234658
"bucket0$934,:3,:6001",2014-03-17T23:46:28.850000,MQ,LAM,3000,3051.0,3000,100.0,ZNE,train,gold,MQ_LAM_GOLD_20140317_234658
"bucket0$935,:3,:6001",2014-03-17T23:46:28.879900,MQ,MLM,3000,,3000,100.0,ZNE,train,gold,MQ_MLM_GOLD_20140317_234658
"bucket0$936,:3,:6001",2014-03-17T23:46:39.849900,MQ,BAM,3000,,3000,100.0,ZNE,train,gold,MQ_BAM_GOLD_20140317_234709
"bucket0$937,:3,:6001",2014-03-17T23:46:39.949900,MQ,CPM,3000,,3000,100.0,ZNE,train,gold,MQ_CPM_GOLD_20140317_234709
"bucket0$938,:3,:6001",2014-03-17T23:46:39.689900,MQ,GBM,3000,,3000,100.0,ZNE,train,gold,MQ_GBM_GOLD_20140317_234709
"bucket0$939,:3,:6001",2014-03-17T23:46:39.510000,MQ,IA2,3000,3229.0,3000,100.0,ZNE,train,gold,MQ_IA2_GOLD_20140317_234709
"bucket0$940,:3,:6001",2014-03-17T23:46:39.870000,MQ,LAM,3000,3020.0,3000,100.0,ZNE,train,gold,MQ_LAM_GOLD_20140317_234709
"bucket2$103,:3,:6001",2014-03-17T23:53:36.469900,MQ,BAM,3000,,3000,100.0,ZNE,dev,gold,MQ_BAM_GOLD_20140317_235406
"bucket0$941,:3,:6001",2014-03-18T00:23:48.590000,MQ,IA2,3000,2983.0,3000,100.0,ZNE,train,gold,MQ_IA2_GOLD_20140318_002418
"bucket0$942,:3,:6001",2014-03-18T05:09:35.239900,MQ,BAM,3000,,3000,100.0,ZNE,train,gold,MQ_BAM_GOLD_20140318_051005
"bucket4$116,:3,:6001",2014-03-18T05:09:34.589900,MQ,GBM,3000,,3000,100.0,ZNE,test,gold,MQ_GBM_GOLD_20140318_051004
"bucket0$943,:3,:6001",2014-03-18T05:09:34.590000,MQ,IA2,3000,3188.0,3000,100.0,ZNE,train,gold,MQ_IA2_GOLD_20140318_051004
"bucket0$944,:3,:6001",2014-03-18T05:09:34.590000,MQ,LAM,3000,3123.0,3000,100.0,ZNE,train,gold,MQ_LAM_GOLD_20140318_051004
"bucket0$945,:3,:6001",2014-03-18T07:04:05.049900,MQ,BAM,3000,,3000,100.0,ZNE,train,gold,MQ_BAM_GOLD_20140318_070435
"bucket0$946,:3,:6001",2014-03-18T07:04:05.279900,MQ,CPM,3000,,3000,100.0,ZNE,train,gold,MQ_CPM_GOLD_20140318_070435
"bucket0$947,:3,:6001",2014-03-18T07:04:05.709900,MQ,GBM,3000,,3000,100.0,ZNE,train,gold,MQ_GBM_GOLD_20140318_070435
"bucket2$104,:3,:6001",2014-03-18T07:04:05.530000,MQ,IA2,3000,3055.0,3000,100.0,ZNE,dev,gold,MQ_IA2_GOLD_20140318_070435
"bucket0$948,:3,:6001",2014-03-18T23:27:45.289900,MQ,BAM,3000,,3000,100.0,ZNE,train,gold,MQ_BAM_GOLD_20140318_232815
"bucket0$949,:3,:6001",2014-03-18T23:27:45.879900,MQ,CPM,3000,,3000,100.0,ZNE,train,gold,MQ_CPM_GOLD_20140318_232815
"bucket0$950,:3,:6001",2014-03-18T23:27:45.129900,MQ,GBM,3000,,3000,100.0,ZNE,train,gold,MQ_GBM_GOLD_20140318_232815
"bucket0$951,:3,:6001",2014-03-18T23:27:45.750000,MQ,IA2,3000,3143.0,3000,100.0,ZNE,train,gold,MQ_IA2_GOLD_20140318_232815
"bucket2$105,:3,:6001",2014-03-18T23:27:45.450000,MQ,LAM,3000,3154.0,3000,100.0,ZNE,dev,gold,MQ_LAM_GOLD_20140318_232815
"bucket0$952,:3,:6001",2014-03-19T05:57:05.239900,MQ,BAM,3000,,3000,100.0,ZNE,train,gold,MQ_BAM_GOLD_20140319_055735
"bucket0$953,:3,:6001",2014-03-19T05:57:05.529900,MQ,CPM,3000,,3000,100.0,ZNE,train,gold,MQ_CPM_GOLD_20140319_055735
"bucket4$117,:3,:6001",2014-03-19T05:57:04.909900,MQ,GBM,3000,,3000,100.0,ZNE,test,gold,MQ_GBM_GOLD_20140319_055734
"bucket0$954,:3,:6001",2014-03-19T05:57:06.520000,MQ,IA2,3000,3036.0,3000,100.0,ZNE,train,gold,MQ_IA2_GOLD_20140319_055736
"bucket0$955,:3,:6001",2014-03-19T05:57:04.490000,MQ,LAM,3000,3221.0,3000,100.0,ZNE,train,gold,MQ_LAM_GOLD_20140319_055734
"bucket2$106,:3,:6001",2014-03-19T05:57:05.549900,MQ,MLM,3000,,3000,100.0,ZNE,dev,gold,MQ_MLM_GOLD_20140319_055735
"bucket0$956,:3,:6001",2014-03-19T08:53:53.199900,MQ,MLM,3000,,3000,100.0,ZNE,train,gold,MQ_MLM_GOLD_20140319_085423
"bucket0$957,:3,:6001",2014-03-19T08:53:55.760000,MQ,SAM,3000,3257.0,3000,100.0,ZNE,train,gold,MQ_SAM_GOLD_20140319_085425
"bucket0$958,:3,:6001",2014-03-19T09:40:48.019900,MQ,MLM,3000,,3000,100.0,ZNE,train,gold,MQ_MLM_GOLD_20140319_094118
"bucket0$959,:3,:6001",2014-03-19T09:40:44.500000,MQ,SAM,3000,3036.0,3000,100.0,ZNE,train,gold,MQ_SAM_GOLD_20140319_094114
"bucket0$960,:3,:6001",2014-03-19T10:03:26.729900,MQ,BAM,3000,,3000,100.0,ZNE,train,gold,MQ_BAM_GOLD_20140319_100356
"bucket0$961,:3,:6001",2014-03-19T10:03:26.519900,MQ,CPM,3000,,3000,100.0,ZNE,train,gold,MQ_CPM_GOLD_20140319_100356
"bucket0$962,:3,:6001",2014-03-19T10:03:25.209900,MQ,MLM,3000,,3000,100.0,ZNE,train,gold,MQ_MLM_GOLD_20140319_100355
"bucket0$963,:3,:6001",2014-03-19T10:29:38.139900,MQ,BAM,3000,,3000,100.0,ZNE,train,gold,MQ_BAM_GOLD_20140319_103008
"bucket0$964,:3,:6001",2014-03-19T10:29:38.289900,MQ,CPM,3000,,3000,100.0,ZNE,train,gold,MQ_CPM_GOLD_20140319_103008
"bucket0$965,:3,:6001",2014-03-19T10:29:37.949900,MQ,GBM,3000,,3000,100.0,ZNE,train,gold,MQ_GBM_GOLD_20140319_103007
"bucket0$966,:3,:6001",2014-03-19T10:29:43.630000,MQ,SAM,3000,3105.0,3000,100.0,ZNE,train,gold,MQ_SAM_GOLD_20140319_103013
"bucket2$107,:3,:6001",2014-03-19T10:50:58.639900,MQ,BAM,3000,,3000,100.0,ZNE,dev,gold,MQ_BAM_GOLD_20140319_105128
"bucket0$967,:3,:6001",2014-03-19T10:50:56.599900,MQ,MLM,3000,,3000,100.0,ZNE,train,gold,MQ_MLM_GOLD_20140319_105126
"bucket0$968,:3,:6001",2014-03-19T11:01:00.549900,MQ,BAM,3000,,3000,100.0,ZNE,train,gold,MQ_BAM_GOLD_20140319_110130
"bucket0$969,:3,:6001",2014-03-19T11:00:55.719900,MQ,MLM,3000,,3000,100.0,ZNE,train,gold,MQ_MLM_GOLD_20140319_110125
"bucket0$970,:3,:6001",2014-03-19T11:08:42.329900,MQ,BAM,3000,,3000,100.0,ZNE,train,gold,MQ_BAM_GOLD_20140319_110912
"bucket0$971,:3,:6001",2014-03-19T11:08:43.089900,MQ,CPM,3000,,3000,100.0,ZNE,train,gold,MQ_CPM_GOLD_20140319_110913
"bucket0$972,:3,:6001",2014-03-19T11:17:30.119900,MQ,CPM,3000,,3000,100.0,ZNE,train,gold,MQ_CPM_GOLD_20140319_111800
"bucket0$973,:3,:6001",2014-03-19T11:17:32.249900,MQ,MLM,3000,,3000,100.0,ZNE,train,gold,MQ_MLM_GOLD_20140319_111802
"bucket0$974,:3,:6001",2014-03-19T11:40:59.109900,MQ,BAM,3000,,3000,100.0,ZNE,train,gold,MQ_BAM_GOLD_20140319_114129
"bucket0$975,:3,:6001",2014-03-19T11:41:00.839900,MQ,GBM,3000,,3000,100.0,ZNE,train,gold,MQ_GBM_GOLD_20140319_114130
"bucket0$976,:3,:6001",2014-03-19T11:54:46.069900,MQ,BAM,3000,,3000,100.0,ZNE,train,gold,MQ_BAM_GOLD_20140319_115516
"bucket0$977,:3,:6001",2014-03-19T11:54:44.129900,MQ,MLM,3000,,3000,100.0,ZNE,train,gold,MQ_MLM_GOLD_20140319_115514
"bucket0$978,:3,:6001",2014-03-19T15:00:19.759900,MQ,BAM,3000,,3000,100.0,ZNE,train,gold,MQ_BAM_GOLD_20140319_150049
"bucket0$979,:3,:6001",2014-03-19T15:00:25.049900,MQ,CPM,3000,,3000,100.0,ZNE,train,gold,MQ_CPM_GOLD_20140319_150055
"bucket4$118,:3,:6001",2014-03-19T15:00:25.359900,MQ,GBM,3000,,3000,100.0,ZNE,test,gold,MQ_GBM_GOLD_20140319_150055
"bucket2$108,:3,:6001",2014-03-19T15:00:22.189900,MQ,MLM,3000,,3000,100.0,ZNE,dev,gold,MQ_MLM_GOLD_20140319_150052
"bucket4$119,:3,:6001",2014-03-19T15:55:04.289900,MQ,CPM,3000,,3000,100.0,ZNE,test,gold,MQ_CPM_GOLD_20140319_155534
"bucket0$980,:3,:6001",2014-03-19T20:10:22.319900,MQ,BAM,3000,,3000,100.0,ZNE,train,gold,MQ_BAM_GOLD_20140319_201052
"bucket0$981,:3,:6001",2014-03-19T20:10:17.049900,MQ,CPM,3000,,3000,100.0,ZNE,train,gold,MQ_CPM_GOLD_20140319_201047
"bucket2$109,:3,:6001",2014-03-19T20:10:17.779900,MQ,GBM,3000,,3000,100.0,ZNE,dev,gold,MQ_GBM_GOLD_20140319_201047
"bucket0$982,:3,:6001",2014-03-19T20:10:15.790000,MQ,IA2,3000,2990.0,3000,100.0,ZNE,train,gold,MQ_IA2_GOLD_20140319_201045
"bucket0$983,:3,:6001",2014-03-20T00:55:06.729900,MQ,BAM,3000,,3000,100.0,ZNE,train,gold,MQ_BAM_GOLD_20140320_005536
"bucket2$110,:3,:6001",2014-03-20T00:55:07.209900,MQ,CPM,3000,,3000,100.0,ZNE,dev,gold,MQ_CPM_GOLD_20140320_005537
"bucket0$984,:3,:6001",2014-03-20T00:55:07.030000,MQ,IA2,3000,3125.0,3000,100.0,ZNE,train,gold,MQ_IA2_GOLD_20140320_005537
"bucket0$985,:3,:6001",2014-03-20T00:55:06.890000,MQ,LAM,3000,3095.0,3000,100.0,ZNE,train,gold,MQ_LAM_GOLD_20140320_005536
"bucket0$986,:3,:6001",2014-03-20T00:55:06.849900,MQ,MLM,3000,,3000,100.0,ZNE,train,gold,MQ_MLM_GOLD_20140320_005536
"bucket0$987,:3,:6001",2014-03-20T00:55:06.770000,MQ,SAM,3000,3149.0,3000,100.0,ZNE,train,gold,MQ_SAM_GOLD_20140320_005536
"bucket0$988,:3,:6001",2014-03-20T00:55:18.379900,MQ,BAM,3000,,3000,100.0,ZNE,train,gold,MQ_BAM_GOLD_20140320_005548
"bucket0$989,:3,:6001",2014-03-20T00:55:19.989900,MQ,CPM,3000,,3000,100.0,ZNE,train,gold,MQ_CPM_GOLD_20140320_005549
"bucket0$990,:3,:6001",2014-03-20T00:55:19.309900,MQ,GBM,3000,,3000,100.0,ZNE,train,gold,MQ_GBM_GOLD_20140320_005549
"bucket0$991,:3,:6001",2014-03-20T00:55:19.740000,MQ,IA2,3000,3084.0,3000,100.0,ZNE,train,gold,MQ_IA2_GOLD_20140320_005549
"bucket4$120,:3,:6001",2014-03-20T00:55:19.170000,MQ,LAM,3000,3173.0,3000,100.0,ZNE,test,gold,MQ_LAM_GOLD_20140320_005549
"bucket2$111,:3,:6001",2014-03-20T00:55:20.899900,MQ,MLM,3000,,3000,100.0,ZNE,dev,gold,MQ_MLM_GOLD_20140320_005550
"bucket0$992,:3,:6001",2014-03-20T00:55:18.700000,MQ,SAM,3000,3132.0,3000,100.0,ZNE,train,gold,MQ_SAM_GOLD_20140320_005548
"bucket0$993,:3,:6001",2014-03-20T06:56:35.549900,MQ,BAM,3000,,3000,100.0,ZNE,train,gold,MQ_BAM_GOLD_20140320_065705
"bucket4$121,:3,:6001",2014-03-20T06:56:36.869900,MQ,CPM,3000,,3000,100.0,ZNE,test,gold,MQ_CPM_GOLD_20140320_065706
"bucket0$994,:3,:6001",2014-03-20T06:56:36.319900,MQ,GBM,3000,,3000,100.0,ZNE,train,gold,MQ_GBM_GOLD_20140320_065706
"bucket0$995,:3,:6001",2014-03-20T06:56:36.690000,MQ,IA2,3000,2990.0,3000,100.0,ZNE,train,gold,MQ_IA2_GOLD_20140320_065706
"bucket0$996,:3,:6001",2014-03-20T18:48:34.829900,MQ,BAM,3000,,3000,100.0,ZNE,train,gold,MQ_BAM_GOLD_20140320_184904
"bucket0$997,:3,:6001",2014-03-20T18:48:30.119900,MQ,CPM,3000,,3000,100.0,ZNE,train,gold,MQ_CPM_GOLD_20140320_184900
"bucket0$998,:3,:6001",2014-03-20T18:48:29.840000,MQ,IA2,3000,3070.0,3000,100.0,ZNE,train,gold,MQ_IA2_GOLD_20140320_184859
"bucket0$999,:3,:6001",2014-03-20T18:48:34.670000,MQ,SAM,3000,,3000,100.0,ZNE,train,gold,MQ_SAM_GOLD_20140320_184904
"bucket4$122,:3,:6001",2014-03-22T15:03:51.899900,MQ,BAM,3000,,3000,100.0,ZNE,test,gold,MQ_BAM_GOLD_20140322_150421
"bucket0$1000,:3,:6001",2014-03-22T15:03:52.859900,MQ,CPM,3000,,3000,100.0,ZNE,train,gold,MQ_CPM_GOLD_20140322_150422
"bucket4$123,:3,:6001",2014-03-22T15:03:51.139900,MQ,GBM,3000,,3000,100.0,ZNE,test,gold,MQ_GBM_GOLD_20140322_150421
"bucket0$1001,:3,:6001",2014-03-22T15:03:51.750000,MQ,IA2,3000,3106.0,3000,100.0,ZNE,train,gold,MQ_IA2_GOLD_20140322_150421
"bucket0$1002,:3,:6001",2014-03-23T04:06:55.699900,MQ,BAM,3000,,3000,100.0,ZNE,train,gold,MQ_BAM_GOLD_20140323_040725
"bucket0$1003,:3,:6001",2014-03-23T04:06:55.499900,MQ,CPM,3000,,3000,100.0,ZNE,train,gold,MQ_CPM_GOLD_20140323_040725
"bucket0$1004,:3,:6001",2014-03-23T04:06:55.760000,MQ,IA2,3000,3032.0,3000,100.0,ZNE,train,gold,MQ_IA2_GOLD_20140323_040725
"bucket0$1005,:3,:6001",2014-03-23T04:06:55.469900,MQ,MLM,3000,,3000,100.0,ZNE,train,gold,MQ_MLM_GOLD_20140323_040725
"bucket0$1006,:3,:6001",2014-03-23T04:06:54.190000,MQ,SAM,3000,3002.0,3000,100.0,ZNE,train,gold,MQ_SAM_GOLD_20140323_040724
"bucket0$1007,:3,:6001",2014-03-23T14:31:50.699900,MQ,BAM,3000,,3000,100.0,ZNE,train,gold,MQ_BAM_GOLD_20140323_143220
"bucket0$1008,:3,:6001",2014-03-23T14:31:51.259900,MQ,CPM,3000,,3000,100.0,ZNE,train,gold,MQ_CPM_GOLD_20140323_143221
"bucket0$1009,:3,:6001",2014-03-23T14:31:49.859900,MQ,GBM,3000,,3000,100.0,ZNE,train,gold,MQ_GBM_GOLD_20140323_143219
"bucket0$1010,:3,:6001",2014-03-23T14:31:49.860000,MQ,IA2,3000,3221.0,3000,100.0,ZNE,train,gold,MQ_IA2_GOLD_20140323_143219
"bucket0$1011,:3,:6001",2014-03-23T21:35:02.189900,MQ,BAM,3000,,3000,100.0,ZNE,train,gold,MQ_BAM_GOLD_20140323_213532
"bucket0$1012,:3,:6001",2014-03-23T21:35:02.769900,MQ,CPM,3000,,3000,100.0,ZNE,train,gold,MQ_CPM_GOLD_20140323_213532
"bucket2$112,:3,:6001",2014-03-23T21:35:01.729900,MQ,GBM,3000,,3000,100.0,ZNE,dev,gold,MQ_GBM_GOLD_20140323_213531
"bucket0$1013,:3,:6001",2014-03-23T21:35:02.130000,MQ,IA2,3000,3208.0,3000,100.0,ZNE,train,gold,MQ_IA2_GOLD_20140323_213532
"bucket0$1014,:3,:6001",2014-03-23T21:35:01.910000,MQ,LAM,3000,3148.0,3000,100.0,ZNE,train,gold,MQ_LAM_GOLD_20140323_213531
"bucket4$124,:3,:6001",2014-03-23T21:35:03.849900,MQ,MLM,3000,,3000,100.0,ZNE,test,gold,MQ_MLM_GOLD_20140323_213533
"bucket4$125,:3,:6001",2014-03-23T21:35:02.290000,MQ,SAM,3000,3001.0,3000,100.0,ZNE,test,gold,MQ_SAM_GOLD_20140323_213532
"bucket4$126,:3,:6001",2014-03-24T02:59:54.289900,MQ,BAM,3000,,3000,100.0,ZNE,test,gold,MQ_BAM_GOLD_20140324_030024
"bucket0$1015,:3,:6001",2014-03-24T02:59:54.129900,MQ,CPM,3000,,3000,100.0,ZNE,train,gold,MQ_CPM_GOLD_20140324_030024
"bucket2$113,:3,:6001",2014-03-24T02:59:54.149900,MQ,GBM,3000,,3000,100.0,ZNE,dev,gold,MQ_GBM_GOLD_20140324_030024
"bucket0$1016,:3,:6001",2014-03-24T02:59:53.100000,MQ,IA2,3000,3231.0,3000,100.0,ZNE,train,gold,MQ_IA2_GOLD_20140324_030023
"bucket0$1017,:3,:6001",2014-03-24T02:59:54.230000,MQ,SAM,3000,3011.0,3000,100.0,ZNE,train,gold,MQ_SAM_GOLD_20140324_030024
"bucket0$1018,:3,:6001",2014-03-24T03:00:09.459900,MQ,BAM,3000,,3000,100.0,ZNE,train,gold,MQ_BAM_GOLD_20140324_030039
"bucket2$114,:3,:6001",2014-03-24T03:00:08.919900,MQ,CPM,3000,,3000,100.0,ZNE,dev,gold,MQ_CPM_GOLD_20140324_030038
"bucket0$1019,:3,:6001",2014-03-24T03:00:12.179900,MQ,GBM,3000,,3000,100.0,ZNE,train,gold,MQ_GBM_GOLD_20140324_030042
"bucket0$1020,:3,:6001",2014-03-24T03:00:09.970000,MQ,IA2,3000,3038.0,3000,100.0,ZNE,train,gold,MQ_IA2_GOLD_20140324_030039
"bucket0$1021,:3,:6001",2014-03-24T03:00:10.050000,MQ,SAM,3000,3283.0,3000,100.0,ZNE,train,gold,MQ_SAM_GOLD_20140324_030040
"bucket0$1022,:3,:6001",2014-03-24T17:59:56.059900,MQ,GBM,3000,,3000,100.0,ZNE,train,gold,MQ_GBM_GOLD_20140324_180026
"bucket0$1023,:3,:6001",2014-03-24T17:59:54.780000,MQ,IA2,3000,3245.0,3000,100.0,ZNE,train,gold,MQ_IA2_GOLD_20140324_180024
"bucket1$0,:3,:6001",2014-03-24T17:59:50.920000,MQ,LAM,3000,3190.0,3000,100.0,ZNE,train,gold,MQ_LAM_GOLD_20140324_180020
"bucket1$1,:3,:6001",2014-03-24T17:59:56.059900,MQ,MLM,3000,,3000,100.0,ZNE,train,gold,MQ_MLM_GOLD_20140324_180026
"bucket1$2,:3,:6001",2014-03-24T19:11:49.079900,MQ,BAM,3000,,3000,100.0,ZNE,train,gold,MQ_BAM_GOLD_20140324_191219
"bucket1$3,:3,:6001",2014-03-24T19:11:49.369900,MQ,CPM,3000,,3000,100.0,ZNE,train,gold,MQ_CPM_GOLD_20140324_191219
"bucket1$4,:3,:6001",2014-03-24T19:11:49.589900,MQ,GBM,3000,,3000,100.0,ZNE,train,gold,MQ_GBM_GOLD_20140324_191219
"bucket1$5,:3,:6001",2014-03-24T19:11:49.250000,MQ,IA2,3000,3113.0,3000,100.0,ZNE,train,gold,MQ_IA2_GOLD_20140324_191219
"bucket4$127,:3,:6001",2014-03-24T19:11:49.250000,MQ,LAM,3000,3096.0,3000,100.0,ZNE,test,gold,MQ_LAM_GOLD_20140324_191219
"bucket1$6,:3,:6001",2014-03-24T19:11:50.269900,MQ,MLM,3000,,3000,100.0,ZNE,train,gold,MQ_MLM_GOLD_20140324_191220
"bucket4$128,:3,:6001",2014-03-24T19:11:49.130000,MQ,SAM,3000,3069.0,3000,100.0,ZNE,test,gold,MQ_SAM_GOLD_20140324_191219
"bucket1$7,:3,:6001",2014-03-25T00:56:33.059900,MQ,BAM,3000,,3000,100.0,ZNE,train,gold,MQ_BAM_GOLD_20140325_005703
"bucket4$129,:3,:6001",2014-03-25T00:56:33.049900,MQ,CPM,3000,,3000,100.0,ZNE,test,gold,MQ_CPM_GOLD_20140325_005703
"bucket1$8,:3,:6001",2014-03-25T00:56:33.769900,MQ,GBM,3000,,3000,100.0,ZNE,train,gold,MQ_GBM_GOLD_20140325_005703
"bucket1$9,:3,:6001",2014-03-25T00:56:32.960000,MQ,IA2,3000,3200.0,3000,100.0,ZNE,train,gold,MQ_IA2_GOLD_20140325_005702
"bucket1$10,:3,:6001",2014-03-25T00:56:33.390000,MQ,LAM,3000,3050.0,3000,100.0,ZNE,train,gold,MQ_LAM_GOLD_20140325_005703
"bucket2$115,:3,:6001",2014-03-25T00:56:33.280000,MQ,SAM,3000,3053.0,3000,100.0,ZNE,dev,gold,MQ_SAM_GOLD_20140325_005703
"bucket1$11,:3,:6001",2014-03-25T04:58:56.749900,MQ,BAM,3000,,3000,100.0,ZNE,train,gold,MQ_BAM_GOLD_20140325_045926
"bucket1$12,:3,:6001",2014-03-25T04:58:57.779900,MQ,CPM,3000,,3000,100.0,ZNE,train,gold,MQ_CPM_GOLD_20140325_045927
"bucket1$13,:3,:6001",2014-03-25T04:58:58.329900,MQ,GBM,3000,,3000,100.0,ZNE,train,gold,MQ_GBM_GOLD_20140325_045928
"bucket1$14,:3,:6001",2014-03-25T04:58:57.580000,MQ,IA2,3000,3188.0,3000,100.0,ZNE,train,gold,MQ_IA2_GOLD_20140325_045927
"bucket1$15,:3,:6001",2014-03-25T04:58:58.679900,MQ,MLM,3000,,3000,100.0,ZNE,train,gold,MQ_MLM_GOLD_20140325_045928
"bucket2$116,:3,:6001",2014-03-26T00:32:55.159900,MQ,BAM,3000,,3000,100.0,ZNE,dev,gold,MQ_BAM_GOLD_20140326_003325
"bucket1$16,:3,:6001",2014-03-26T00:32:56.759900,MQ,GBM,3000,,3000,100.0,ZNE,train,gold,MQ_GBM_GOLD_20140326_003326
"bucket4$130,:3,:6001",2014-03-26T00:32:57.700000,MQ,IA2,3000,3006.0,3000,100.0,ZNE,test,gold,MQ_IA2_GOLD_20140326_003327
"bucket1$17,:3,:6001",2014-03-26T00:32:57.400000,MQ,SAM,3000,,3000,100.0,ZNE,train,gold,MQ_SAM_GOLD_20140326_003327
"bucket1$18,:3,:6001",2014-03-26T01:13:01.529900,MQ,BAM,3000,,3000,100.0,ZNE,train,gold,MQ_BAM_GOLD_20140326_011331
"bucket1$19,:3,:6001",2014-03-26T01:13:03.779900,MQ,GBM,3000,,3000,100.0,ZNE,train,gold,MQ_GBM_GOLD_20140326_011333
"bucket1$20,:3,:6001",2014-03-26T01:13:03.120000,MQ,IA2,3000,3004.0,3000,100.0,ZNE,train,gold,MQ_IA2_GOLD_20140326_011333
"bucket1$21,:3,:6001",2014-03-26T01:13:07.589900,MQ,MLM,3000,,3000,100.0,ZNE,train,gold,MQ_MLM_GOLD_20140326_011337
"bucket1$22,:3,:6001",2014-03-26T02:18:32.519900,MQ,BAM,3000,,3000,100.0,ZNE,train,gold,MQ_BAM_GOLD_20140326_021902
"bucket4$131,:3,:6001",2014-03-26T02:18:30.299900,MQ,CPM,3000,,3000,100.0,ZNE,test,gold,MQ_CPM_GOLD_20140326_021900
"bucket4$132,:3,:6001",2014-03-26T02:18:30.350000,MQ,IA2,3000,3024.0,3000,100.0,ZNE,test,gold,MQ_IA2_GOLD_20140326_021900
"bucket4$133,:3,:6001",2014-03-26T02:18:33.540000,MQ,SAM,3000,3045.0,3000,100.0,ZNE,test,gold,MQ_SAM_GOLD_20140326_021903
"bucket1$23,:3,:6001",2014-03-26T16:51:56.219900,MQ,CPM,3000,,3000,100.0,ZNE,train,gold,MQ_CPM_GOLD_20140326_165226
"bucket1$24,:3,:6001",2014-03-26T16:51:56.219900,MQ,GBM,3000,,3000,100.0,ZNE,train,gold,MQ_GBM_GOLD_20140326_165226
"bucket1$25,:3,:6001",2014-03-26T16:51:54.850000,MQ,IA2,3000,3061.0,3000,100.0,ZNE,train,gold,MQ_IA2_GOLD_20140326_165224
"bucket1$26,:3,:6001",2014-03-26T16:51:59.240000,MQ,LAM,3000,2773.0,3000,100.0,ZNE,train,gold,MQ_LAM_GOLD_20140326_165229
"bucket1$27,:3,:6001",2014-03-26T16:51:55.239900,MQ,MLM,3000,,3000,100.0,ZNE,train,gold,MQ_MLM_GOLD_20140326_165225
"bucket1$28,:3,:6001",2014-03-26T18:20:03.789900,MQ,BAM,3000,,3000,100.0,ZNE,train,gold,MQ_BAM_GOLD_20140326_182033
"bucket2$117,:3,:6001",2014-03-26T18:20:04.619900,MQ,CPM,3000,,3000,100.0,ZNE,dev,gold,MQ_CPM_GOLD_20140326_182034
"bucket1$29,:3,:6001",2014-03-26T18:20:04.509900,MQ,GBM,3000,,3000,100.0,ZNE,train,gold,MQ_GBM_GOLD_20140326_182034
"bucket1$30,:3,:6001",2014-03-26T18:20:04.270000,MQ,IA2,3000,3071.0,3000,100.0,ZNE,train,gold,MQ_IA2_GOLD_20140326_182034
"bucket1$31,:3,:6001",2014-03-26T18:20:04.300000,MQ,LAM,3000,3101.0,3000,100.0,ZNE,train,gold,MQ_LAM_GOLD_20140326_182034
"bucket1$32,:3,:6001",2014-03-26T19:02:30.879900,MQ,CPM,3000,,3000,100.0,ZNE,train,gold,MQ_CPM_GOLD_20140326_190300
"bucket1$33,:3,:6001",2014-03-26T19:02:30.679900,MQ,GBM,3000,,3000,100.0,ZNE,train,gold,MQ_GBM_GOLD_20140326_190300
"bucket1$34,:3,:6001",2014-03-26T19:02:28.240000,MQ,IA2,3000,3011.0,3000,100.0,ZNE,train,gold,MQ_IA2_GOLD_20140326_190258
"bucket1$35,:3,:6001",2014-03-26T19:02:32.429900,MQ,MLM,3000,,3000,100.0,ZNE,train,gold,MQ_MLM_GOLD_20140326_190302
"bucket1$36,:3,:6001",2014-03-26T19:22:06.349900,MQ,BAM,3000,,3000,100.0,ZNE,train,gold,MQ_BAM_GOLD_20140326_192236
"bucket4$134,:3,:6001",2014-03-26T19:22:06.779900,MQ,CPM,3000,,3000,100.0,ZNE,test,gold,MQ_CPM_GOLD_20140326_192236
"bucket2$118,:3,:6001",2014-03-26T19:22:06.010000,MQ,IA2,3000,3073.0,3000,100.0,ZNE,dev,gold,MQ_IA2_GOLD_20140326_192236
"bucket1$37,:3,:6001",2014-03-26T19:22:04.459900,MQ,MLM,3000,,3000,100.0,ZNE,train,gold,MQ_MLM_GOLD_20140326_192234
"bucket1$38,:3,:6001",2014-03-26T20:18:18.089900,MQ,GBM,3000,,3000,100.0,ZNE,train,gold,MQ_GBM_GOLD_20140326_201848
"bucket1$39,:3,:6001",2014-03-26T20:18:21.220000,MQ,IA2,3000,,3000,100.0,ZNE,train,gold,MQ_IA2_GOLD_20140326_201851
"bucket4$135,:3,:6001",2014-03-26T20:18:20.109900,MQ,MLM,3000,,3000,100.0,ZNE,test,gold,MQ_MLM_GOLD_20140326_201850
"bucket1$40,:3,:6001",2014-03-26T20:18:22.450000,MQ,SAM,3000,3136.0,3000,100.0,ZNE,train,gold,MQ_SAM_GOLD_20140326_201852
"bucket4$136,:3,:6001",2014-03-26T20:31:04.469900,MQ,BAM,3000,,3000,100.0,ZNE,test,gold,MQ_BAM_GOLD_20140326_203134
"bucket4$137,:3,:6001",2014-03-26T20:31:05.049900,MQ,GBM,3000,,3000,100.0,ZNE,test,gold,MQ_GBM_GOLD_20140326_203135
"bucket1$41,:3,:6001",2014-03-26T20:31:03.220000,MQ,IA2,3000,3044.0,3000,100.0,ZNE,train,gold,MQ_IA2_GOLD_20140326_203133
"bucket1$42,:3,:6001",2014-03-26T20:31:01.430000,MQ,SAM,3000,3019.0,3000,100.0,ZNE,train,gold,MQ_SAM_GOLD_20140326_203131
"bucket1$43,:3,:6001",2014-03-27T16:02:40.849900,MQ,BAM,3000,,3000,100.0,ZNE,train,gold,MQ_BAM_GOLD_20140327_160310
"bucket1$44,:3,:6001",2014-03-27T16:02:40.249900,MQ,CPM,3000,,3000,100.0,ZNE,train,gold,MQ_CPM_GOLD_20140327_160310
"bucket2$119,:3,:6001",2014-03-27T16:02:39.779900,MQ,GBM,3000,,3000,100.0,ZNE,dev,gold,MQ_GBM_GOLD_20140327_160309
"bucket1$45,:3,:6001",2014-03-27T16:02:40.250000,MQ,IA2,3000,3020.0,3000,100.0,ZNE,train,gold,MQ_IA2_GOLD_20140327_160310
"bucket1$46,:3,:6001",2014-03-27T22:09:10.379900,MQ,CPM,3000,,3000,100.0,ZNE,train,gold,MQ_CPM_GOLD_20140327_220940
"bucket1$47,:3,:6001",2014-03-27T22:09:09.909900,MQ,GBM,3000,,3000,100.0,ZNE,train,gold,MQ_GBM_GOLD_20140327_220939
"bucket1$48,:3,:6001",2014-03-27T22:09:10.340000,MQ,IA2,3000,3245.0,3000,100.0,ZNE,train,gold,MQ_IA2_GOLD_20140327_220940
"bucket1$49,:3,:6001",2014-03-27T22:09:11.919900,MQ,MLM,3000,,3000,100.0,ZNE,train,gold,MQ_MLM_GOLD_20140327_220941
"bucket1$50,:3,:6001",2014-03-27T22:09:09.920000,MQ,SAM,3000,2980.0,3000,100.0,ZNE,train,gold,MQ_SAM_GOLD_20140327_220939
"bucket2$120,:3,:6001",2014-03-28T04:15:05.239900,MQ,BAM,3000,,3000,100.0,ZNE,dev,gold,MQ_BAM_GOLD_20140328_041535
"bucket1$51,:3,:6001",2014-03-28T04:15:06.259900,MQ,CPM,3000,,3000,100.0,ZNE,train,gold,MQ_CPM_GOLD_20140328_041536
"bucket1$52,:3,:6001",2014-03-28T04:15:04.749900,MQ,GBM,3000,,3000,100.0,ZNE,train,gold,MQ_GBM_GOLD_20140328_041534
"bucket1$53,:3,:6001",2014-03-28T04:15:04.830000,MQ,IA2,3000,3192.0,3000,100.0,ZNE,train,gold,MQ_IA2_GOLD_20140328_041534
"bucket1$54,:3,:6001",2014-03-28T04:15:05.880000,MQ,SAM,3000,3191.0,3000,100.0,ZNE,train,gold,MQ_SAM_GOLD_20140328_041535
"bucket1$55,:3,:6001",2014-03-28T08:30:04.649900,MQ,CPM,3000,,3000,100.0,ZNE,train,gold,MQ_CPM_GOLD_20140328_083034
"bucket1$56,:3,:6001",2014-03-28T08:30:03.950000,MQ,IA2,3000,3027.0,3000,100.0,ZNE,train,gold,MQ_IA2_GOLD_20140328_083033
"bucket1$57,:3,:6001",2014-03-28T08:48:19.309900,MQ,CPM,3000,,3000,100.0,ZNE,train,gold,MQ_CPM_GOLD_20140328_084849
"bucket1$58,:3,:6001",2014-03-28T08:48:20.609900,MQ,MLM,3000,,3000,100.0,ZNE,train,gold,MQ_MLM_GOLD_20140328_084850
"bucket1$59,:3,:6001",2014-03-28T08:48:18.670000,MQ,SAM,3000,3031.0,3000,100.0,ZNE,train,gold,MQ_SAM_GOLD_20140328_084848
"bucket2$121,:3,:6001",2014-03-28T09:14:48.899900,MQ,CPM,3000,,3000,100.0,ZNE,dev,gold,MQ_CPM_GOLD_20140328_091518
"bucket1$60,:3,:6001",2014-03-28T09:14:48.870000,MQ,SAM,3000,3084.0,3000,100.0,ZNE,train,gold,MQ_SAM_GOLD_20140328_091518
"bucket1$61,:3,:6001",2014-03-28T09:25:35.900000,MQ,SAM,3000,3089.0,3000,100.0,ZNE,train,gold,MQ_SAM_GOLD_20140328_092605
"bucket1$62,:3,:6001",2014-03-29T01:35:16.479900,MQ,BAM,3000,,3000,100.0,ZNE,train,gold,MQ_BAM_GOLD_20140329_013546
"bucket1$63,:3,:6001",2014-03-29T01:35:17.049900,MQ,CPM,3000,,3000,100.0,ZNE,train,gold,MQ_CPM_GOLD_20140329_013547
"bucket1$64,:3,:6001",2014-03-29T01:35:17.739900,MQ,GBM,3000,,3000,100.0,ZNE,train,gold,MQ_GBM_GOLD_20140329_013547
"bucket1$65,:3,:6001",2014-03-29T01:35:17.090000,MQ,IA2,3000,3084.0,3000,100.0,ZNE,train,gold,MQ_IA2_GOLD_20140329_013547
"bucket4$138,:3,:6001",2014-03-29T01:35:16.700000,MQ,LAM,3000,3108.0,3000,100.0,ZNE,test,gold,MQ_LAM_GOLD_20140329_013546
"bucket1$66,:3,:6001",2014-03-29T01:35:18.089900,MQ,MLM,3000,,3000,100.0,ZNE,train,gold,MQ_MLM_GOLD_20140329_013548
"bucket1$67,:3,:6001",2014-03-29T13:50:52.659900,MQ,CPM,3000,,3000,100.0,ZNE,train,gold,MQ_CPM_GOLD_20140329_135122
"bucket1$68,:3,:6001",2014-03-29T13:50:53.059900,MQ,GBM,3000,,3000,100.0,ZNE,train,gold,MQ_GBM_GOLD_20140329_135123
"bucket4$139,:3,:6001",2014-03-29T13:50:52.980000,MQ,IA2,3000,,3000,100.0,ZNE,test,gold,MQ_IA2_GOLD_20140329_135122
"bucket1$69,:3,:6001",2014-03-29T13:50:52.900000,MQ,LAM,3000,,3000,100.0,ZNE,train,gold,MQ_LAM_GOLD_20140329_135122
"bucket4$140,:3,:6001",2014-03-29T17:50:32.159900,MQ,BAM,3000,,3000,100.0,ZNE,test,gold,MQ_BAM_GOLD_20140329_175102
"bucket1$70,:3,:6001",2014-03-29T17:50:31.799900,MQ,GBM,3000,,3000,100.0,ZNE,train,gold,MQ_GBM_GOLD_20140329_175101
"bucket1$71,:3,:6001",2014-03-29T17:50:33.730000,MQ,IA2,3000,3119.0,3000,100.0,ZNE,train,gold,MQ_IA2_GOLD_20140329_175103
"bucket2$122,:3,:6001",2014-03-29T17:50:33.089900,MQ,MLM,3000,,3000,100.0,ZNE,dev,gold,MQ_MLM_GOLD_20140329_175103
"bucket1$72,:3,:6001",2014-03-29T21:51:50.969900,MQ,CPM,3000,,3000,100.0,ZNE,train,gold,MQ_CPM_GOLD_20140329_215220
"bucket1$73,:3,:6001",2014-03-29T21:51:50.449900,MQ,GBM,3000,,3000,100.0,ZNE,train,gold,MQ_GBM_GOLD_20140329_215220
"bucket4$141,:3,:6001",2014-03-29T21:51:51.160000,MQ,IA2,3000,3041.0,3000,100.0,ZNE,test,gold,MQ_IA2_GOLD_20140329_215221
"bucket2$123,:3,:6001",2014-03-29T21:51:50.650000,MQ,LAM,3000,3130.0,3000,100.0,ZNE,dev,gold,MQ_LAM_GOLD_20140329_215220
"bucket1$74,:3,:6001",2014-03-29T23:35:39.879900,MQ,BAM,3000,,3000,100.0,ZNE,train,gold,MQ_BAM_GOLD_20140329_233609
"bucket1$75,:3,:6001",2014-03-29T23:35:38.289900,MQ,CPM,3000,,3000,100.0,ZNE,train,gold,MQ_CPM_GOLD_20140329_233608
"bucket1$76,:3,:6001",2014-03-29T23:35:39.249900,MQ,GBM,3000,,3000,100.0,ZNE,train,gold,MQ_GBM_GOLD_20140329_233609
"bucket1$77,:3,:6001",2014-03-29T23:35:38.790000,MQ,LAM,3000,3073.0,3000,100.0,ZNE,train,gold,MQ_LAM_GOLD_20140329_233608
"bucket1$78,:3,:6001",2014-03-29T23:35:42.149900,MQ,MLM,3000,,3000,100.0,ZNE,train,gold,MQ_MLM_GOLD_20140329_233612
"bucket4$142,:3,:6001",2014-03-30T03:02:28.869900,MQ,BAM,3000,,3000,100.0,ZNE,test,gold,MQ_BAM_GOLD_20140330_030258
"bucket1$79,:3,:6001",2014-03-30T03:02:29.209900,MQ,CPM,3000,,3000,100.0,ZNE,train,gold,MQ_CPM_GOLD_20140330_030259
"bucket1$80,:3,:6001",2014-03-30T03:02:29.089900,MQ,GBM,3000,,3000,100.0,ZNE,train,gold,MQ_GBM_GOLD_20140330_030259
"bucket4$143,:3,:6001",2014-03-30T03:02:28.860000,MQ,IA2,3000,3105.0,3000,100.0,ZNE,test,gold,MQ_IA2_GOLD_20140330_030258
"bucket1$81,:3,:6001",2014-03-30T04:18:56.869900,MQ,BAM,3000,,3000,100.0,ZNE,train,gold,MQ_BAM_GOLD_20140330_041926
"bucket1$82,:3,:6001",2014-03-30T04:18:57.119900,MQ,CPM,3000,,3000,100.0,ZNE,train,gold,MQ_CPM_GOLD_20140330_041927
"bucket1$83,:3,:6001",2014-03-30T04:18:56.849900,MQ,GBM,3000,,3000,100.0,ZNE,train,gold,MQ_GBM_GOLD_20140330_041926
"bucket1$84,:3,:6001",2014-03-30T04:18:57.160000,MQ,IA2,3000,3100.0,3000,100.0,ZNE,train,gold,MQ_IA2_GOLD_20140330_041927
"bucket1$85,:3,:6001",2014-03-30T04:18:57.750000,MQ,LAM,3000,3104.0,3000,100.0,ZNE,train,gold,MQ_LAM_GOLD_20140330_041927
"bucket1$86,:3,:6001",2014-03-30T04:18:58.999900,MQ,MLM,3000,,3000,100.0,ZNE,train,gold,MQ_MLM_GOLD_20140330_041928
"bucket1$87,:3,:6001",2014-03-30T09:24:16.640000,MQ,SAM,3000,3001.0,3000,100.0,ZNE,train,gold,MQ_SAM_GOLD_20140330_092446
"bucket1$88,:3,:6001",2014-03-30T10:44:35.989900,MQ,BAM,3000,,3000,100.0,ZNE,train,gold,MQ_BAM_GOLD_20140330_104505
"bucket1$89,:3,:6001",2014-03-30T10:44:36.169900,MQ,CPM,3000,,3000,100.0,ZNE,train,gold,MQ_CPM_GOLD_20140330_104506
"bucket1$90,:3,:6001",2014-03-30T10:44:37.409900,MQ,GBM,3000,,3000,100.0,ZNE,train,gold,MQ_GBM_GOLD_20140330_104507
"bucket1$91,:3,:6001",2014-03-30T10:44:36.110000,MQ,IA2,3000,3133.0,3000,100.0,ZNE,train,gold,MQ_IA2_GOLD_20140330_104506
"bucket4$144,:3,:6001",2014-03-30T10:45:01.429900,MQ,BAM,3000,,3000,100.0,ZNE,test,gold,MQ_BAM_GOLD_20140330_104531
"bucket1$92,:3,:6001",2014-03-30T10:45:01.749900,MQ,CPM,3000,,3000,100.0,ZNE,train,gold,MQ_CPM_GOLD_20140330_104531
"bucket1$93,:3,:6001",2014-03-30T10:45:01.749900,MQ,GBM,3000,,3000,100.0,ZNE,train,gold,MQ_GBM_GOLD_20140330_104531
"bucket2$124,:3,:6001",2014-03-30T10:45:01.590000,MQ,IA2,3000,,3000,100.0,ZNE,dev,gold,MQ_IA2_GOLD_20140330_104531
"bucket4$145,:3,:6001",2014-03-30T17:27:18.759900,MQ,BAM,3000,,3000,100.0,ZNE,test,gold,MQ_BAM_GOLD_20140330_172748
"bucket1$94,:3,:6001",2014-03-30T17:27:19.409900,MQ,CPM,3000,,3000,100.0,ZNE,train,gold,MQ_CPM_GOLD_20140330_172749
"bucket1$95,:3,:6001",2014-03-30T17:27:19.109900,MQ,GBM,3000,,3000,100.0,ZNE,train,gold,MQ_GBM_GOLD_20140330_172749
"bucket1$96,:3,:6001",2014-03-30T17:27:19.470000,MQ,IA2,3000,,3000,100.0,ZNE,train,gold,MQ_IA2_GOLD_20140330_172749
"bucket1$97,:3,:6001",2014-03-30T17:27:18.760000,MQ,LAM,3000,3052.0,3000,100.0,ZNE,train,gold,MQ_LAM_GOLD_20140330_172748
"bucket1$98,:3,:6001",2014-03-30T17:27:19.109900,MQ,MLM,3000,,3000,100.0,ZNE,train,gold,MQ_MLM_GOLD_20140330_172749
"bucket1$99,:3,:6001",2014-03-30T17:27:14.270000,MQ,SAM,3000,3158.0,3000,100.0,ZNE,train,gold,MQ_SAM_GOLD_20140330_172744
"bucket1$100,:3,:6001",2014-03-30T17:27:32.819900,MQ,BAM,3000,,3000,100.0,ZNE,train,gold,MQ_BAM_GOLD_20140330_172802
"bucket1$101,:3,:6001",2014-03-30T17:27:30.919900,MQ,GBM,3000,,3000,100.0,ZNE,train,gold,MQ_GBM_GOLD_20140330_172800
"bucket2$125,:3,:6001",2014-03-30T17:27:32.090000,MQ,IA2,3000,3086.0,3000,100.0,ZNE,dev,gold,MQ_IA2_GOLD_20140330_172802
"bucket1$102,:3,:6001",2014-03-30T17:27:30.600000,MQ,LAM,3000,3076.0,3000,100.0,ZNE,train,gold,MQ_LAM_GOLD_20140330_172800
"bucket4$146,:3,:6001",2014-03-30T17:27:31.399900,MQ,MLM,3000,,3000,100.0,ZNE,test,gold,MQ_MLM_GOLD_20140330_172801
"bucket4$147,:3,:6001",2014-03-30T17:27:28.710000,MQ,SAM,3000,3031.0,3000,100.0,ZNE,test,gold,MQ_SAM_GOLD_20140330_172758
"bucket1$103,:3,:6001",2014-03-31T03:39:21.309900,MQ,BAM,3000,,3000,100.0,ZNE,train,gold,MQ_BAM_GOLD_20140331_033951
"bucket1$104,:3,:6001",2014-03-31T03:39:22.359900,MQ,CPM,3000,,3000,100.0,ZNE,train,gold,MQ_CPM_GOLD_20140331_033952
"bucket1$105,:3,:6001",2014-03-31T03:39:21.749900,MQ,GBM,3000,,3000,100.0,ZNE,train,gold,MQ_GBM_GOLD_20140331_033951
"bucket4$148,:3,:6001",2014-03-31T03:39:21.690000,MQ,IA2,3000,3030.0,3000,100.0,ZNE,test,gold,MQ_IA2_GOLD_20140331_033951
"bucket4$149,:3,:6001",2014-03-31T13:26:04.649900,MQ,BAM,3000,,3000,100.0,ZNE,test,gold,MQ_BAM_GOLD_20140331_132634
"bucket1$106,:3,:6001",2014-03-31T13:26:03.939900,MQ,CPM,3000,,3000,100.0,ZNE,train,gold,MQ_CPM_GOLD_20140331_132633
"bucket1$107,:3,:6001",2014-03-31T13:26:04.669900,MQ,GBM,3000,,3000,100.0,ZNE,train,gold,MQ_GBM_GOLD_20140331_132634
"bucket1$108,:3,:6001",2014-03-31T13:26:04.290000,MQ,IA2,3000,3224.0,3000,100.0,ZNE,train,gold,MQ_IA2_GOLD_20140331_132634
"bucket1$109,:3,:6001",2014-03-31T13:26:04.950000,MQ,LAM,3000,3178.0,3000,100.0,ZNE,train,gold,MQ_LAM_GOLD_20140331_132634
"bucket1$110,:3,:6001",2014-03-31T13:26:04.589900,MQ,MLM,3000,,3000,100.0,ZNE,train,gold,MQ_MLM_GOLD_20140331_132634
"bucket1$111,:3,:6001",2014-03-31T13:26:04.620000,MQ,SAM,3000,,3000,100.0,ZNE,train,gold,MQ_SAM_GOLD_20140331_132634
"bucket1$112,:3,:6001",2014-03-31T13:26:21.329900,MQ,BAM,3000,,3000,100.0,ZNE,train,gold,MQ_BAM_GOLD_20140331_132651
"bucket1$113,:3,:6001",2014-03-31T13:26:21.119900,MQ,CPM,3000,,3000,100.0,ZNE,train,gold,MQ_CPM_GOLD_20140331_132651
"bucket1$114,:3,:6001",2014-03-31T13:26:20.930000,MQ,IA2,3000,3082.0,3000,100.0,ZNE,train,gold,MQ_IA2_GOLD_20140331_132650
"bucket1$115,:3,:6001",2014-03-31T13:26:20.560000,MQ,SAM,3000,3026.0,3000,100.0,ZNE,train,gold,MQ_SAM_GOLD_20140331_132650
"bucket1$116,:3,:6001",2014-03-31T13:51:49.059900,MQ,BAM,3000,,3000,100.0,ZNE,train,gold,MQ_BAM_GOLD_20140331_135219
"bucket1$117,:3,:6001",2014-03-31T13:51:49.549900,MQ,CPM,3000,,3000,100.0,ZNE,train,gold,MQ_CPM_GOLD_20140331_135219
"bucket1$118,:3,:6001",2014-03-31T13:51:48.739900,MQ,GBM,3000,,3000,100.0,ZNE,train,gold,MQ_GBM_GOLD_20140331_135218
"bucket1$119,:3,:6001",2014-03-31T13:51:48.960000,MQ,IA2,3000,3152.0,3000,100.0,ZNE,train,gold,MQ_IA2_GOLD_20140331_135218
"bucket2$126,:3,:6001",2014-03-31T13:51:49,MQ,LAM,3000,3080.0,3000,100.0,ZNE,dev,gold,MQ_LAM_GOLD_20140331_135219
"bucket1$120,:3,:6001",2014-03-31T13:51:49.540000,MQ,SAM,3000,3122.0,3000,100.0,ZNE,train,gold,MQ_SAM_GOLD_20140331_135219
"bucket1$121,:3,:6001",2014-03-31T19:32:31.119900,MQ,BAM,3000,,3000,100.0,ZNE,train,gold,MQ_BAM_GOLD_20140331_193301
"bucket1$122,:3,:6001",2014-03-31T19:32:32.479900,MQ,CPM,3000,,3000,100.0,ZNE,train,gold,MQ_CPM_GOLD_20140331_193302
"bucket1$123,:3,:6001",2014-03-31T19:32:36.559900,MQ,MLM,3000,,3000,100.0,ZNE,train,gold,MQ_MLM_GOLD_20140331_193306
"bucket1$124,:3,:6001",2014-03-31T19:32:32.110000,MQ,SAM,3000,3044.0,3000,100.0,ZNE,train,gold,MQ_SAM_GOLD_20140331_193302
"bucket2$127,:3,:6001",2014-03-31T19:47:18.149900,MQ,BAM,3000,,3000,100.0,ZNE,dev,gold,MQ_BAM_GOLD_20140331_194748
"bucket1$125,:3,:6001",2014-03-31T19:47:17.619900,MQ,CPM,3000,,3000,100.0,ZNE,train,gold,MQ_CPM_GOLD_20140331_194747
"bucket4$150,:3,:6001",2014-03-31T19:47:17.649900,MQ,GBM,3000,,3000,100.0,ZNE,test,gold,MQ_GBM_GOLD_20140331_194747
"bucket1$126,:3,:6001",2014-03-31T19:47:19.139900,MQ,MLM,3000,,3000,100.0,ZNE,train,gold,MQ_MLM_GOLD_20140331_194749
"bucket1$127,:3,:6001",2014-04-01T02:38:07.329900,MQ,BAM,3000,,3000,100.0,ZNE,train,gold,MQ_BAM_GOLD_20140401_023837
"bucket1$128,:3,:6001",2014-04-01T02:38:08.369900,MQ,CPM,3000,,3000,100.0,ZNE,train,gold,MQ_CPM_GOLD_20140401_023838
"bucket1$129,:3,:6001",2014-04-01T02:38:08.449900,MQ,GBM,3000,,3000,100.0,ZNE,train,gold,MQ_GBM_GOLD_20140401_023838
"bucket1$130,:3,:6001",2014-04-01T02:38:07.460000,MQ,IA2,3000,3208.0,3000,100.0,ZNE,train,gold,MQ_IA2_GOLD_20140401_023837
"bucket4$151,:3,:6001",2014-04-01T02:38:07.410000,MQ,LAM,3000,2889.0,3000,100.0,ZNE,test,gold,MQ_LAM_GOLD_20140401_023837
"bucket1$131,:3,:6001",2014-04-01T02:38:08.959900,MQ,MLM,3000,,3000,100.0,ZNE,train,gold,MQ_MLM_GOLD_20140401_023838
"bucket1$132,:3,:6001",2014-04-01T02:38:07.730000,MQ,SAM,3000,3118.0,3000,100.0,ZNE,train,gold,MQ_SAM_GOLD_20140401_023837
"bucket2$128,:3,:6001",2014-04-01T03:01:05.659900,MQ,BAM,3000,,3000,100.0,ZNE,dev,gold,MQ_BAM_GOLD_20140401_030135
"bucket1$133,:3,:6001",2014-04-01T03:01:05.999900,MQ,CPM,3000,,3000,100.0,ZNE,train,gold,MQ_CPM_GOLD_20140401_030135
"bucket1$134,:3,:6001",2014-04-01T03:01:06.789900,MQ,GBM,3000,,3000,100.0,ZNE,train,gold,MQ_GBM_GOLD_20140401_030136
"bucket1$135,:3,:6001",2014-04-01T03:01:05.820000,MQ,IA2,3000,3213.0,3000,100.0,ZNE,train,gold,MQ_IA2_GOLD_20140401_030135
"bucket1$136,:3,:6001",2014-04-01T03:01:06.160000,MQ,LAM,3000,3101.0,3000,100.0,ZNE,train,gold,MQ_LAM_GOLD_20140401_030136
"bucket1$137,:3,:6001",2014-04-01T03:01:06.959900,MQ,MLM,3000,,3000,100.0,ZNE,train,gold,MQ_MLM_GOLD_20140401_030136
"bucket2$129,:3,:6001",2014-04-01T03:28:25.289900,MQ,BAM,3000,,3000,100.0,ZNE,dev,gold,MQ_BAM_GOLD_20140401_032855
"bucket1$138,:3,:6001",2014-04-01T03:28:26.079900,MQ,CPM,3000,,3000,100.0,ZNE,train,gold,MQ_CPM_GOLD_20140401_032856
"bucket1$139,:3,:6001",2014-04-01T03:28:26.719900,MQ,GBM,3000,,3000,100.0,ZNE,train,gold,MQ_GBM_GOLD_20140401_032856
"bucket1$140,:3,:6001",2014-04-01T03:28:25.590000,MQ,IA2,3000,3095.0,3000,100.0,ZNE,train,gold,MQ_IA2_GOLD_20140401_032855
"bucket1$141,:3,:6001",2014-04-01T03:28:25.830000,MQ,LAM,3000,3067.0,3000,100.0,ZNE,train,gold,MQ_LAM_GOLD_20140401_032855
"bucket1$142,:3,:6001",2014-04-01T03:28:27.019900,MQ,MLM,3000,,3000,100.0,ZNE,train,gold,MQ_MLM_GOLD_20140401_032857
"bucket1$143,:3,:6001",2014-04-01T07:23:51.019900,MQ,BAM,3000,,3000,100.0,ZNE,train,gold,MQ_BAM_GOLD_20140401_072421
"bucket1$144,:3,:6001",2014-04-01T07:23:50.399900,MQ,GBM,3000,,3000,100.0,ZNE,train,gold,MQ_GBM_GOLD_20140401_072420
"bucket1$145,:3,:6001",2014-04-01T07:23:51.390000,MQ,IA2,3000,3010.0,3000,100.0,ZNE,train,gold,MQ_IA2_GOLD_20140401_072421
"bucket1$146,:3,:6001",2014-04-01T07:23:49.900000,MQ,LAM,3000,3062.0,3000,100.0,ZNE,train,gold,MQ_LAM_GOLD_20140401_072419
"bucket1$147,:3,:6001",2014-04-01T15:27:44.459900,MQ,BAM,3000,,3000,100.0,ZNE,train,gold,MQ_BAM_GOLD_20140401_152814
"bucket1$148,:3,:6001",2014-04-01T15:27:44.459900,MQ,CPM,3000,,3000,100.0,ZNE,train,gold,MQ_CPM_GOLD_20140401_152814
"bucket1$149,:3,:6001",2014-04-01T15:27:44.009900,MQ,GBM,3000,,3000,100.0,ZNE,train,gold,MQ_GBM_GOLD_20140401_152814
"bucket1$150,:3,:6001",2014-04-01T15:27:44.370000,MQ,IA2,3000,3201.0,3000,100.0,ZNE,train,gold,MQ_IA2_GOLD_20140401_152814
"bucket1$151,:3,:6001",2014-04-01T15:27:45.610000,MQ,LAM,3000,3019.0,3000,100.0,ZNE,train,gold,MQ_LAM_GOLD_20140401_152815
"bucket4$152,:3,:6001",2014-04-01T15:28:11.609900,MQ,BAM,3000,,3000,100.0,ZNE,test,gold,MQ_BAM_GOLD_20140401_152841
"bucket1$152,:3,:6001",2014-04-01T15:28:09.979900,MQ,CPM,3000,,3000,100.0,ZNE,train,gold,MQ_CPM_GOLD_20140401_152839
"bucket4$153,:3,:6001",2014-04-01T15:28:10.479900,MQ,GBM,3000,,3000,100.0,ZNE,test,gold,MQ_GBM_GOLD_20140401_152840
"bucket1$153,:3,:6001",2014-04-01T15:28:09.830000,MQ,IA2,3000,3050.0,3000,100.0,ZNE,train,gold,MQ_IA2_GOLD_20140401_152839
"bucket1$154,:3,:6001",2014-04-01T15:28:10.190000,MQ,SAM,3000,3229.0,3000,100.0,ZNE,train,gold,MQ_SAM_GOLD_20140401_152840
"bucket1$155,:3,:6001",2014-04-01T23:11:04.130000,MQ,LAM,3000,3021.0,3000,100.0,ZNE,train,gold,MQ_LAM_GOLD_20140401_231134
"bucket1$156,:3,:6001",2014-04-01T23:11:09.380000,MQ,SAM,3000,3024.0,3000,100.0,ZNE,train,gold,MQ_SAM_GOLD_20140401_231139
"bucket1$157,:3,:6001",2014-04-01T23:18:13.070000,MQ,IA2,3000,3052.0,3000,100.0,ZNE,train,gold,MQ_IA2_GOLD_20140401_231843
"bucket1$158,:3,:6001",2014-04-01T23:57:11.059900,MQ,BAM,3000,,3000,100.0,ZNE,train,gold,MQ_BAM_GOLD_20140401_235741
"bucket1$159,:3,:6001",2014-04-01T23:57:12.029900,MQ,CPM,3000,,3000,100.0,ZNE,train,gold,MQ_CPM_GOLD_20140401_235742
"bucket1$160,:3,:6001",2014-04-01T23:57:11.379900,MQ,GBM,3000,,3000,100.0,ZNE,train,gold,MQ_GBM_GOLD_20140401_235741
"bucket1$161,:3,:6001",2014-04-01T23:57:11.860000,MQ,IA2,3000,,3000,100.0,ZNE,train,gold,MQ_IA2_GOLD_20140401_235741
"bucket1$162,:3,:6001",2014-04-01T23:57:11.940000,MQ,LAM,3000,3020.0,3000,100.0,ZNE,train,gold,MQ_LAM_GOLD_20140401_235741
"bucket1$163,:3,:6001",2014-04-01T23:57:21.429900,MQ,BAM,3000,,3000,100.0,ZNE,train,gold,MQ_BAM_GOLD_20140401_235751
"bucket1$164,:3,:6001",2014-04-01T23:57:22.859900,MQ,CPM,3000,,3000,100.0,ZNE,train,gold,MQ_CPM_GOLD_20140401_235752
"bucket1$165,:3,:6001",2014-04-01T23:57:22.259900,MQ,GBM,3000,,3000,100.0,ZNE,train,gold,MQ_GBM_GOLD_20140401_235752
"bucket1$166,:3,:6001",2014-04-01T23:57:22.620000,MQ,IA2,3000,3177.0,3000,100.0,ZNE,train,gold,MQ_IA2_GOLD_20140401_235752
"bucket1$167,:3,:6001",2014-04-01T23:57:22.070000,MQ,LAM,3000,3225.0,3000,100.0,ZNE,train,gold,MQ_LAM_GOLD_20140401_235752
"bucket4$154,:3,:6001",2014-04-01T23:57:24.419900,MQ,MLM,3000,,3000,100.0,ZNE,test,gold,MQ_MLM_GOLD_20140401_235754
"bucket1$168,:3,:6001",2014-04-01T23:57:23.060000,MQ,SAM,3000,3051.0,3000,100.0,ZNE,train,gold,MQ_SAM_GOLD_20140401_235753
"bucket1$169,:3,:6001",2014-04-02T01:18:06.339900,MQ,BAM,3000,,3000,100.0,ZNE,train,gold,MQ_BAM_GOLD_20140402_011836
"bucket1$170,:3,:6001",2014-04-02T01:18:05.489900,MQ,GBM,3000,,3000,100.0,ZNE,train,gold,MQ_GBM_GOLD_20140402_011835
"bucket1$171,:3,:6001",2014-04-02T01:18:08.180000,MQ,IA2,3000,,3000,100.0,ZNE,train,gold,MQ_IA2_GOLD_20140402_011838
"bucket1$172,:3,:6001",2014-04-02T01:18:05.410000,MQ,LAM,3000,3037.0,3000,100.0,ZNE,train,gold,MQ_LAM_GOLD_20140402_011835
"bucket1$173,:3,:6001",2014-04-02T03:23:42.819900,MQ,BAM,3000,,3000,100.0,ZNE,train,gold,MQ_BAM_GOLD_20140402_032412
"bucket1$174,:3,:6001",2014-04-02T03:23:41.839900,MQ,GBM,3000,,3000,100.0,ZNE,train,gold,MQ_GBM_GOLD_20140402_032411
"bucket1$175,:3,:6001",2014-04-02T03:23:42.460000,MQ,IA2,3000,3022.0,3000,100.0,ZNE,train,gold,MQ_IA2_GOLD_20140402_032412
"bucket1$176,:3,:6001",2014-04-02T03:23:41.660000,MQ,LAM,3000,,3000,100.0,ZNE,train,gold,MQ_LAM_GOLD_20140402_032411
"bucket4$155,:3,:6001",2014-04-02T03:28:54.879900,MQ,GBM,3000,,3000,100.0,ZNE,test,gold,MQ_GBM_GOLD_20140402_032924
"bucket1$177,:3,:6001",2014-04-02T03:28:55.750000,MQ,IA2,3000,3022.0,3000,100.0,ZNE,train,gold,MQ_IA2_GOLD_20140402_032925
"bucket1$178,:3,:6001",2014-04-02T04:28:45.419900,MQ,BAM,3000,,3000,100.0,ZNE,train,gold,MQ_BAM_GOLD_20140402_042915
"bucket1$179,:3,:6001",2014-04-02T04:28:44.429900,MQ,GBM,3000,,3000,100.0,ZNE,train,gold,MQ_GBM_GOLD_20140402_042914
"bucket1$180,:3,:6001",2014-04-02T04:28:45.140000,MQ,IA2,3000,3053.0,3000,100.0,ZNE,train,gold,MQ_IA2_GOLD_20140402_042915
"bucket1$181,:3,:6001",2014-04-02T04:28:44.150000,MQ,LAM,3000,3138.0,3000,100.0,ZNE,train,gold,MQ_LAM_GOLD_20140402_042914
"bucket1$182,:3,:6001",2014-04-02T04:35:11.770000,MQ,SAM,3000,3030.0,3000,100.0,ZNE,train,gold,MQ_SAM_GOLD_20140402_043541
"bucket1$183,:3,:6001",2014-04-02T04:42:55.640000,MQ,IA2,3000,,3000,100.0,ZNE,train,gold,MQ_IA2_GOLD_20140402_044325
"bucket1$184,:3,:6001",2014-04-02T06:25:40.139900,MQ,BAM,3000,,3000,100.0,ZNE,train,gold,MQ_BAM_GOLD_20140402_062610
"bucket4$156,:3,:6001",2014-04-02T06:25:41.739900,MQ,CPM,3000,,3000,100.0,ZNE,test,gold,MQ_CPM_GOLD_20140402_062611
"bucket1$185,:3,:6001",2014-04-02T06:25:39.629900,MQ,GBM,3000,,3000,100.0,ZNE,train,gold,MQ_GBM_GOLD_20140402_062609
"bucket1$186,:3,:6001",2014-04-02T06:25:39.230000,MQ,LAM,3000,3054.0,3000,100.0,ZNE,train,gold,MQ_LAM_GOLD_20140402_062609
"bucket1$187,:3,:6001",2014-04-02T06:45:47.709900,MQ,CPM,3000,,3000,100.0,ZNE,train,gold,MQ_CPM_GOLD_20140402_064617
"bucket1$188,:3,:6001",2014-04-02T06:45:47.090000,MQ,SAM,3000,3047.0,3000,100.0,ZNE,train,gold,MQ_SAM_GOLD_20140402_064617
"bucket1$189,:3,:6001",2014-04-02T07:06:14.929900,MQ,CPM,3000,,3000,100.0,ZNE,train,gold,MQ_CPM_GOLD_20140402_070644
"bucket1$190,:3,:6001",2014-04-02T07:13:15.999900,MQ,BAM,3000,,3000,100.0,ZNE,train,gold,MQ_BAM_GOLD_20140402_071345
"bucket1$191,:3,:6001",2014-04-02T07:13:16.759900,MQ,CPM,3000,,3000,100.0,ZNE,train,gold,MQ_CPM_GOLD_20140402_071346
"bucket1$192,:3,:6001",2014-04-02T07:13:16.419900,MQ,GBM,3000,,3000,100.0,ZNE,train,gold,MQ_GBM_GOLD_20140402_071346
"bucket4$157,:3,:6001",2014-04-02T07:13:16.960000,MQ,IA2,3000,3019.0,3000,100.0,ZNE,test,gold,MQ_IA2_GOLD_20140402_071346
"bucket1$193,:3,:6001",2014-04-02T07:13:16.600000,MQ,LAM,3000,3201.0,3000,100.0,ZNE,train,gold,MQ_LAM_GOLD_20140402_071346
"bucket1$194,:3,:6001",2014-04-02T07:13:16.099900,MQ,MLM,3000,,3000,100.0,ZNE,train,gold,MQ_MLM_GOLD_20140402_071346
"bucket1$195,:3,:6001",2014-04-02T07:13:16.740000,MQ,SAM,3000,3037.0,3000,100.0,ZNE,train,gold,MQ_SAM_GOLD_20140402_071346
"bucket2$130,:3,:6001",2014-04-02T07:13:31.159900,MQ,BAM,3000,,3000,100.0,ZNE,dev,gold,MQ_BAM_GOLD_20140402_071401
"bucket1$196,:3,:6001",2014-04-02T07:13:31.929900,MQ,CPM,3000,,3000,100.0,ZNE,train,gold,MQ_CPM_GOLD_20140402_071401
"bucket1$197,:3,:6001",2014-04-02T07:13:30.949900,MQ,GBM,3000,,3000,100.0,ZNE,train,gold,MQ_GBM_GOLD_20140402_071400
"bucket1$198,:3,:6001",2014-04-02T07:13:31.730000,MQ,IA2,3000,3061.0,3000,100.0,ZNE,train,gold,MQ_IA2_GOLD_20140402_071401
"bucket2$131,:3,:6001",2014-04-02T07:13:31.720000,MQ,LAM,3000,3062.0,3000,100.0,ZNE,dev,gold,MQ_LAM_GOLD_20140402_071401
"bucket1$199,:3,:6001",2014-04-02T07:13:33.009900,MQ,MLM,3000,,3000,100.0,ZNE,train,gold,MQ_MLM_GOLD_20140402_071403
"bucket1$200,:3,:6001",2014-04-02T07:13:31.500000,MQ,SAM,3000,3013.0,3000,100.0,ZNE,train,gold,MQ_SAM_GOLD_20140402_071401
"bucket1$201,:3,:6001",2014-04-02T07:20:34.689900,MQ,BAM,3000,,3000,100.0,ZNE,train,gold,MQ_BAM_GOLD_20140402_072104
"bucket1$202,:3,:6001",2014-04-02T07:20:36.299900,MQ,CPM,3000,,3000,100.0,ZNE,train,gold,MQ_CPM_GOLD_20140402_072106
"bucket1$203,:3,:6001",2014-04-02T07:20:35.569900,MQ,MLM,3000,,3000,100.0,ZNE,train,gold,MQ_MLM_GOLD_20140402_072105
"bucket1$204,:3,:6001",2014-04-02T08:53:06.979900,MQ,BAM,3000,,3000,100.0,ZNE,train,gold,MQ_BAM_GOLD_20140402_085336
"bucket4$158,:3,:6001",2014-04-02T08:53:08.679900,MQ,GBM,3000,,3000,100.0,ZNE,test,gold,MQ_GBM_GOLD_20140402_085338
"bucket1$205,:3,:6001",2014-04-02T08:53:06.860000,MQ,LAM,3000,3099.0,3000,100.0,ZNE,train,gold,MQ_LAM_GOLD_20140402_085336
"bucket4$159,:3,:6001",2014-04-02T08:53:12.599900,MQ,MLM,3000,,3000,100.0,ZNE,test,gold,MQ_MLM_GOLD_20140402_085342
"bucket1$206,:3,:6001",2014-04-02T08:53:45.819900,MQ,CPM,3000,,3000,100.0,ZNE,train,gold,MQ_CPM_GOLD_20140402_085415
"bucket1$207,:3,:6001",2014-04-02T08:53:45.300000,MQ,SAM,3000,3041.0,3000,100.0,ZNE,train,gold,MQ_SAM_GOLD_20140402_085415
"bucket1$208,:3,:6001",2014-04-02T10:32:22.459900,MQ,BAM,3000,,3000,100.0,ZNE,train,gold,MQ_BAM_GOLD_20140402_103252
"bucket1$209,:3,:6001",2014-04-02T10:32:21.999900,MQ,CPM,3000,,3000,100.0,ZNE,train,gold,MQ_CPM_GOLD_20140402_103251
"bucket1$210,:3,:6001",2014-04-02T10:32:39.570000,MQ,SAM,3000,3019.0,3000,100.0,ZNE,train,gold,MQ_SAM_GOLD_20140402_103309
"bucket1$211,:3,:6001",2014-04-02T10:35:11.799900,MQ,CPM,3000,,3000,100.0,ZNE,train,gold,MQ_CPM_GOLD_20140402_103541
"bucket1$212,:3,:6001",2014-04-02T10:35:11.129900,MQ,GBM,3000,,3000,100.0,ZNE,train,gold,MQ_GBM_GOLD_20140402_103541
"bucket1$213,:3,:6001",2014-04-02T10:35:11.840000,MQ,SAM,3000,3069.0,3000,100.0,ZNE,train,gold,MQ_SAM_GOLD_20140402_103541
"bucket1$214,:3,:6001",2014-04-02T11:15:57.829900,MQ,BAM,3000,,3000,100.0,ZNE,train,gold,MQ_BAM_GOLD_20140402_111627
"bucket1$215,:3,:6001",2014-04-02T11:15:56.109900,MQ,GBM,3000,,3000,100.0,ZNE,train,gold,MQ_GBM_GOLD_20140402_111626
"bucket1$216,:3,:6001",2014-04-02T11:15:57.900000,MQ,LAM,3000,3336.0,3000,100.0,ZNE,train,gold,MQ_LAM_GOLD_20140402_111627
"bucket1$217,:3,:6001",2014-04-02T11:15:58.110000,MQ,SAM,3000,3069.0,3000,100.0,ZNE,train,gold,MQ_SAM_GOLD_20140402_111628
"bucket1$218,:3,:6001",2014-04-02T11:21:14.889900,MQ,GBM,3000,,3000,100.0,ZNE,train,gold,MQ_GBM_GOLD_20140402_112144
"bucket1$219,:3,:6001",2014-04-02T11:21:15.560000,MQ,IA2,3000,3045.0,3000,100.0,ZNE,train,gold,MQ_IA2_GOLD_20140402_112145
"bucket2$132,:3,:6001",2014-04-02T11:21:15.030000,MQ,LAM,3000,2910.0,3000,100.0,ZNE,dev,gold,MQ_LAM_GOLD_20140402_112145
"bucket1$220,:3,:6001",2014-04-02T12:18:09.309900,MQ,GBM,3000,,3000,100.0,ZNE,train,gold,MQ_GBM_GOLD_20140402_121839
"bucket1$221,:3,:6001",2014-04-02T12:18:11.690000,MQ,IA2,3000,3043.0,3000,100.0,ZNE,train,gold,MQ_IA2_GOLD_20140402_121841
"bucket1$222,:3,:6001",2014-04-02T13:22:11.870000,MQ,IA2,3000,3084.0,3000,100.0,ZNE,train,gold,MQ_IA2_GOLD_20140402_132241
"bucket1$223,:3,:6001",2014-04-02T13:26:13.599900,MQ,BAM,3000,,3000,100.0,ZNE,train,gold,MQ_BAM_GOLD_20140402_132643
"bucket2$133,:3,:6001",2014-04-02T13:26:12.849900,MQ,GBM,3000,,3000,100.0,ZNE,dev,gold,MQ_GBM_GOLD_20140402_132642
"bucket4$160,:3,:6001",2014-04-02T13:26:12.480000,MQ,LAM,3000,3293.0,3000,100.0,ZNE,test,gold,MQ_LAM_GOLD_20140402_132642
"bucket1$224,:3,:6001",2014-04-02T13:26:13.840000,MQ,SAM,3000,3020.0,3000,100.0,ZNE,train,gold,MQ_SAM_GOLD_20140402_132643
"bucket1$225,:3,:6001",2014-04-02T13:42:33.399900,MQ,BAM,3000,,3000,100.0,ZNE,train,gold,MQ_BAM_GOLD_20140402_134303
"bucket1$226,:3,:6001",2014-04-02T13:42:38.399900,MQ,CPM,3000,,3000,100.0,ZNE,train,gold,MQ_CPM_GOLD_20140402_134308
"bucket1$227,:3,:6001",2014-04-02T13:42:35.290000,MQ,LAM,3000,3074.0,3000,100.0,ZNE,train,gold,MQ_LAM_GOLD_20140402_134305
"bucket2$134,:3,:6001",2014-04-02T15:12:18.749900,MQ,BAM,3000,,3000,100.0,ZNE,dev,gold,MQ_BAM_GOLD_20140402_151248
"bucket1$228,:3,:6001",2014-04-02T15:12:17.539900,MQ,GBM,3000,,3000,100.0,ZNE,train,gold,MQ_GBM_GOLD_20140402_151247
"bucket1$229,:3,:6001",2014-04-02T15:12:18.360000,MQ,IA2,3000,3005.0,3000,100.0,ZNE,train,gold,MQ_IA2_GOLD_20140402_151248
"bucket1$230,:3,:6001",2014-04-02T15:12:16.940000,MQ,LAM,3000,3018.0,3000,100.0,ZNE,train,gold,MQ_LAM_GOLD_20140402_151246
"bucket2$135,:3,:6001",2014-04-02T15:12:18.189900,MQ,MLM,3000,,3000,100.0,ZNE,dev,gold,MQ_MLM_GOLD_20140402_151248
"bucket1$231,:3,:6001",2014-04-02T16:57:45.199900,MQ,BAM,3000,,3000,100.0,ZNE,train,gold,MQ_BAM_GOLD_20140402_165815
"bucket1$232,:3,:6001",2014-04-02T16:57:46.089900,MQ,CPM,3000,,3000,100.0,ZNE,train,gold,MQ_CPM_GOLD_20140402_165816
"bucket1$233,:3,:6001",2014-04-02T16:57:44.739900,MQ,GBM,3000,,3000,100.0,ZNE,train,gold,MQ_GBM_GOLD_20140402_165814
"bucket1$234,:3,:6001",2014-04-02T16:57:45.380000,MQ,IA2,3000,3269.0,3000,100.0,ZNE,train,gold,MQ_IA2_GOLD_20140402_165815
"bucket1$235,:3,:6001",2014-04-02T16:57:44.940000,MQ,LAM,3000,3061.0,3000,100.0,ZNE,train,gold,MQ_LAM_GOLD_20140402_165814
"bucket1$236,:3,:6001",2014-04-02T16:57:45.660000,MQ,SAM,3000,3044.0,3000,100.0,ZNE,train,gold,MQ_SAM_GOLD_20140402_165815
"bucket1$237,:3,:6001",2014-04-02T17:44:55.779900,MQ,BAM,3000,,3000,100.0,ZNE,train,gold,MQ_BAM_GOLD_20140402_174525
"bucket2$136,:3,:6001",2014-04-02T17:44:54.549900,MQ,CPM,3000,,3000,100.0,ZNE,dev,gold,MQ_CPM_GOLD_20140402_174524
"bucket1$238,:3,:6001",2014-04-02T17:44:53.299900,MQ,GBM,3000,,3000,100.0,ZNE,train,gold,MQ_GBM_GOLD_20140402_174523
"bucket1$239,:3,:6001",2014-04-02T17:44:54.800000,MQ,IA2,3000,3019.0,3000,100.0,ZNE,train,gold,MQ_IA2_GOLD_20140402_174524
"bucket1$240,:3,:6001",2014-04-02T17:44:54.100000,MQ,LAM,3000,3109.0,3000,100.0,ZNE,train,gold,MQ_LAM_GOLD_20140402_174524
"bucket4$161,:3,:6001",2014-04-02T17:44:53.849900,MQ,MLM,3000,,3000,100.0,ZNE,test,gold,MQ_MLM_GOLD_20140402_174523
"bucket1$241,:3,:6001",2014-04-02T17:44:53.970000,MQ,SAM,3000,3036.0,3000,100.0,ZNE,train,gold,MQ_SAM_GOLD_20140402_174523
"bucket4$162,:3,:6001",2014-04-02T18:32:41.999900,MQ,BAM,3000,,3000,100.0,ZNE,test,gold,MQ_BAM_GOLD_20140402_183311
"bucket1$242,:3,:6001",2014-04-02T18:32:43.580000,MQ,IA2,3000,3041.0,3000,100.0,ZNE,train,gold,MQ_IA2_GOLD_20140402_183313
"bucket2$137,:3,:6001",2014-04-02T19:45:49.559900,MQ,BAM,3000,,3000,100.0,ZNE,dev,gold,MQ_BAM_GOLD_20140402_194619
"bucket1$243,:3,:6001",2014-04-02T19:45:44.099900,MQ,CPM,3000,,3000,100.0,ZNE,train,gold,MQ_CPM_GOLD_20140402_194614
"bucket1$244,:3,:6001",2014-04-02T19:45:49.770000,MQ,LAM,3000,3012.0,3000,100.0,ZNE,train,gold,MQ_LAM_GOLD_20140402_194619
"bucket1$245,:3,:6001",2014-04-02T19:45:48.060000,MQ,SAM,3000,3164.0,3000,100.0,ZNE,train,gold,MQ_SAM_GOLD_20140402_194618
"bucket1$246,:3,:6001",2014-04-02T21:25:11.699900,MQ,BAM,3000,,3000,100.0,ZNE,train,gold,MQ_BAM_GOLD_20140402_212541
"bucket4$163,:3,:6001",2014-04-02T21:25:11.059900,MQ,GBM,3000,,3000,100.0,ZNE,test,gold,MQ_GBM_GOLD_20140402_212541
"bucket1$247,:3,:6001",2014-04-02T21:25:11.060000,MQ,IA2,3000,3041.0,3000,100.0,ZNE,train,gold,MQ_IA2_GOLD_20140402_212541
"bucket4$164,:3,:6001",2014-04-02T21:25:10.460000,MQ,LAM,3000,3017.0,3000,100.0,ZNE,test,gold,MQ_LAM_GOLD_20140402_212540
"bucket2$138,:3,:6001",2014-04-02T21:25:25.519900,MQ,BAM,3000,,3000,100.0,ZNE,dev,gold,MQ_BAM_GOLD_20140402_212555
"bucket1$248,:3,:6001",2014-04-02T21:25:24.339900,MQ,GBM,3000,,3000,100.0,ZNE,train,gold,MQ_GBM_GOLD_20140402_212554
"bucket2$139,:3,:6001",2014-04-02T21:25:25.190000,MQ,IA2,3000,3046.0,3000,100.0,ZNE,dev,gold,MQ_IA2_GOLD_20140402_212555
"bucket4$165,:3,:6001",2014-04-02T21:25:24.080000,MQ,LAM,3000,3047.0,3000,100.0,ZNE,test,gold,MQ_LAM_GOLD_20140402_212554
"bucket1$249,:3,:6001",2014-04-02T21:25:26.069900,MQ,MLM,3000,,3000,100.0,ZNE,train,gold,MQ_MLM_GOLD_20140402_212556
"bucket1$250,:3,:6001",2014-04-02T21:25:25.300000,MQ,SAM,3000,3051.0,3000,100.0,ZNE,train,gold,MQ_SAM_GOLD_20140402_212555
"bucket1$251,:3,:6001",2014-04-03T02:50:02.219900,MQ,BAM,3000,,3000,100.0,ZNE,train,gold,MQ_BAM_GOLD_20140403_025032
"bucket2$140,:3,:6001",2014-04-03T02:50:07.469900,MQ,CPM,3000,,3000,100.0,ZNE,dev,gold,MQ_CPM_GOLD_20140403_025037
"bucket1$252,:3,:6001",2014-04-03T02:50:05.170000,MQ,IA2,3000,3046.0,3000,100.0,ZNE,train,gold,MQ_IA2_GOLD_20140403_025035
"bucket1$253,:3,:6001",2014-04-03T02:49:58.909900,MQ,MLM,3000,,3000,100.0,ZNE,train,gold,MQ_MLM_GOLD_20140403_025028
"bucket1$254,:3,:6001",2014-04-03T02:58:50.999900,MQ,BAM,3000,,3000,100.0,ZNE,train,gold,MQ_BAM_GOLD_20140403_025920
"bucket1$255,:3,:6001",2014-04-03T02:58:50.849900,MQ,CPM,3000,,3000,100.0,ZNE,train,gold,MQ_CPM_GOLD_20140403_025920
"bucket1$256,:3,:6001",2014-04-03T02:58:51.320000,MQ,IA2,3000,2901.0,3000,100.0,ZNE,train,gold,MQ_IA2_GOLD_20140403_025921
"bucket1$257,:3,:6001",2014-04-03T02:58:51.320000,MQ,LAM,3000,3190.0,3000,100.0,ZNE,train,gold,MQ_LAM_GOLD_20140403_025921
"bucket1$258,:3,:6001",2014-04-03T03:49:58.479900,MQ,BAM,3000,,3000,100.0,ZNE,train,gold,MQ_BAM_GOLD_20140403_035028
"bucket2$141,:3,:6001",2014-04-03T03:49:58.399900,MQ,CPM,3000,,3000,100.0,ZNE,dev,gold,MQ_CPM_GOLD_20140403_035028
"bucket1$259,:3,:6001",2014-04-03T03:49:59.199900,MQ,GBM,3000,,3000,100.0,ZNE,train,gold,MQ_GBM_GOLD_20140403_035029
"bucket4$166,:3,:6001",2014-04-03T03:49:58.730000,MQ,IA2,3000,3064.0,3000,100.0,ZNE,test,gold,MQ_IA2_GOLD_20140403_035028
"bucket1$260,:3,:6001",2014-04-03T03:49:59.170000,MQ,LAM,3000,3088.0,3000,100.0,ZNE,train,gold,MQ_LAM_GOLD_20140403_035029
"bucket4$167,:3,:6001",2014-04-03T03:49:59.199900,MQ,MLM,3000,,3000,100.0,ZNE,test,gold,MQ_MLM_GOLD_20140403_035029
"bucket1$261,:3,:6001",2014-04-03T03:49:59.010000,MQ,SAM,3000,3173.0,3000,100.0,ZNE,train,gold,MQ_SAM_GOLD_20140403_035029
"bucket4$168,:3,:6001",2014-04-03T04:34:25.729900,MQ,BAM,3000,,3000,100.0,ZNE,test,gold,MQ_BAM_GOLD_20140403_043455
"bucket1$262,:3,:6001",2014-04-03T04:34:25.529900,MQ,CPM,3000,,3000,100.0,ZNE,train,gold,MQ_CPM_GOLD_20140403_043455
"bucket1$263,:3,:6001",2014-04-03T04:34:25.209900,MQ,GBM,3000,,3000,100.0,ZNE,train,gold,MQ_GBM_GOLD_20140403_043455
"bucket1$264,:3,:6001",2014-04-03T04:34:25.860000,MQ,IA2,3000,,3000,100.0,ZNE,train,gold,MQ_IA2_GOLD_20140403_043455
"bucket2$142,:3,:6001",2014-04-03T04:34:25.890000,MQ,LAM,3000,3004.0,3000,100.0,ZNE,dev,gold,MQ_LAM_GOLD_20140403_043455
"bucket2$143,:3,:6001",2014-04-03T04:34:25.930000,MQ,SAM,3000,,3000,100.0,ZNE,dev,gold,MQ_SAM_GOLD_20140403_043455
"bucket4$169,:3,:6001",2014-04-03T04:34:50.979900,MQ,CPM,3000,,3000,100.0,ZNE,test,gold,MQ_CPM_GOLD_20140403_043520
"bucket1$265,:3,:6001",2014-04-03T04:34:50.750000,MQ,IA2,3000,3310.0,3000,100.0,ZNE,train,gold,MQ_IA2_GOLD_20140403_043520
"bucket2$144,:3,:6001",2014-04-03T04:34:50.600000,MQ,LAM,3000,3060.0,3000,100.0,ZNE,dev,gold,MQ_LAM_GOLD_20140403_043520
"bucket1$266,:3,:6001",2014-04-03T04:34:52.919900,MQ,MLM,3000,,3000,100.0,ZNE,train,gold,MQ_MLM_GOLD_20140403_043522
"bucket1$267,:3,:6001",2014-04-03T04:34:49.830000,MQ,SAM,3000,3088.0,3000,100.0,ZNE,train,gold,MQ_SAM_GOLD_20140403_043519
"bucket1$268,:3,:6001",2014-04-03T06:06:32.909900,MQ,BAM,3000,,3000,100.0,ZNE,train,gold,MQ_BAM_GOLD_20140403_060702
"bucket1$269,:3,:6001",2014-04-03T06:06:32.269900,MQ,CPM,3000,,3000,100.0,ZNE,train,gold,MQ_CPM_GOLD_20140403_060702
"bucket1$270,:3,:6001",2014-04-03T06:06:33.379900,MQ,GBM,3000,,3000,100.0,ZNE,train,gold,MQ_GBM_GOLD_20140403_060703
"bucket1$271,:3,:6001",2014-04-03T06:06:32.870000,MQ,IA2,3000,,3000,100.0,ZNE,train,gold,MQ_IA2_GOLD_20140403_060702
"bucket1$272,:3,:6001",2014-04-03T06:06:32.820000,MQ,LAM,3000,3108.0,3000,100.0,ZNE,train,gold,MQ_LAM_GOLD_20140403_060702
"bucket1$273,:3,:6001",2014-04-03T09:56:37.599900,MQ,BAM,3000,,3000,100.0,ZNE,train,gold,MQ_BAM_GOLD_20140403_095707
"bucket1$274,:3,:6001",2014-04-03T09:56:37.789900,MQ,GBM,3000,,3000,100.0,ZNE,train,gold,MQ_GBM_GOLD_20140403_095707
"bucket1$275,:3,:6001",2014-04-03T09:56:36.800000,MQ,LAM,3000,3023.0,3000,100.0,ZNE,train,gold,MQ_LAM_GOLD_20140403_095706
"bucket1$276,:3,:6001",2014-04-03T09:56:38.020000,MQ,SAM,3000,3018.0,3000,100.0,ZNE,train,gold,MQ_SAM_GOLD_20140403_095708
"bucket4$170,:3,:6001",2014-04-03T22:42:52.519900,MQ,BAM,3000,,3000,100.0,ZNE,test,gold,MQ_BAM_GOLD_20140403_224322
"bucket1$277,:3,:6001",2014-04-03T22:42:52.029900,MQ,GBM,3000,,3000,100.0,ZNE,train,gold,MQ_GBM_GOLD_20140403_224322
"bucket1$278,:3,:6001",2014-04-03T22:42:56.480000,MQ,LAM,3000,3011.0,3000,100.0,ZNE,train,gold,MQ_LAM_GOLD_20140403_224326
"bucket1$279,:3,:6001",2014-04-03T22:42:58.100000,MQ,SAM,3000,3028.0,3000,100.0,ZNE,train,gold,MQ_SAM_GOLD_20140403_224328
"bucket1$280,:3,:6001",2014-04-03T23:44:41.719900,MQ,CPM,3000,,3000,100.0,ZNE,train,gold,MQ_CPM_GOLD_20140403_234511
"bucket1$281,:3,:6001",2014-04-03T23:44:42.799900,MQ,GBM,3000,,3000,100.0,ZNE,train,gold,MQ_GBM_GOLD_20140403_234512
"bucket2$145,:3,:6001",2014-04-03T23:44:41.360000,MQ,IA2,3000,3054.0,3000,100.0,ZNE,dev,gold,MQ_IA2_GOLD_20140403_234511
"bucket1$282,:3,:6001",2014-04-03T23:44:41.120000,MQ,LAM,3000,3013.0,3000,100.0,ZNE,train,gold,MQ_LAM_GOLD_20140403_234511
"bucket1$283,:3,:6001",2014-04-03T23:44:42.429900,MQ,MLM,3000,,3000,100.0,ZNE,train,gold,MQ_MLM_GOLD_20140403_234512
"bucket1$284,:3,:6001",2014-04-03T23:51:54.279900,MQ,CPM,3000,,3000,100.0,ZNE,train,gold,MQ_CPM_GOLD_20140403_235224
"bucket1$285,:3,:6001",2014-04-03T23:51:50.429900,MQ,GBM,3000,,3000,100.0,ZNE,train,gold,MQ_GBM_GOLD_20140403_235220
"bucket2$146,:3,:6001",2014-04-03T23:51:50.970000,MQ,IA2,3000,3197.0,3000,100.0,ZNE,dev,gold,MQ_IA2_GOLD_20140403_235220
"bucket1$286,:3,:6001",2014-04-03T23:51:51.400000,MQ,LAM,3000,3214.0,3000,100.0,ZNE,train,gold,MQ_LAM_GOLD_20140403_235221
"bucket1$287,:3,:6001",2014-04-03T23:51:54.229900,MQ,MLM,3000,,3000,100.0,ZNE,train,gold,MQ_MLM_GOLD_20140403_235224
"bucket1$288,:3,:6001",2014-04-04T03:06:22.759900,MQ,BAM,3000,,3000,100.0,ZNE,train,gold,MQ_BAM_GOLD_20140404_030652
"bucket2$147,:3,:6001",2014-04-04T03:06:23.539900,MQ,CPM,3000,,3000,100.0,ZNE,dev,gold,MQ_CPM_GOLD_20140404_030653
"bucket1$289,:3,:6001",2014-04-04T03:06:23.619900,MQ,GBM,3000,,3000,100.0,ZNE,train,gold,MQ_GBM_GOLD_20140404_030653
"bucket1$290,:3,:6001",2014-04-04T03:06:23.170000,MQ,IA2,3000,3183.0,3000,100.0,ZNE,train,gold,MQ_IA2_GOLD_20140404_030653
"bucket1$291,:3,:6001",2014-04-04T03:06:23.180000,MQ,LAM,3000,3093.0,3000,100.0,ZNE,train,gold,MQ_LAM_GOLD_20140404_030653
"bucket1$292,:3,:6001",2014-04-04T03:06:23.749900,MQ,MLM,3000,,3000,100.0,ZNE,train,gold,MQ_MLM_GOLD_20140404_030653
"bucket2$148,:3,:6001",2014-04-04T03:06:23.130000,MQ,SAM,3000,,3000,100.0,ZNE,dev,gold,MQ_SAM_GOLD_20140404_030653
"bucket1$293,:3,:6001",2014-04-04T03:23:06.599900,MQ,BAM,3000,,3000,100.0,ZNE,train,gold,MQ_BAM_GOLD_20140404_032336
"bucket1$294,:3,:6001",2014-04-04T03:23:05.609900,MQ,GBM,3000,,3000,100.0,ZNE,train,gold,MQ_GBM_GOLD_20140404_032335
"bucket2$149,:3,:6001",2014-04-04T03:23:10.190000,MQ,IA2,3000,,3000,100.0,ZNE,dev,gold,MQ_IA2_GOLD_20140404_032340
"bucket1$295,:3,:6001",2014-04-04T03:23:11.200000,MQ,SAM,3000,3053.0,3000,100.0,ZNE,train,gold,MQ_SAM_GOLD_20140404_032341
"bucket4$171,:3,:6001",2014-04-04T04:06:14.079900,MQ,BAM,3000,,3000,100.0,ZNE,test,gold,MQ_BAM_GOLD_20140404_040644
"bucket4$172,:3,:6001",2014-04-04T04:06:14.189900,MQ,CPM,3000,,3000,100.0,ZNE,test,gold,MQ_CPM_GOLD_20140404_040644
"bucket2$150,:3,:6001",2014-04-04T04:06:13.769900,MQ,GBM,3000,,3000,100.0,ZNE,dev,gold,MQ_GBM_GOLD_20140404_040643
"bucket1$296,:3,:6001",2014-04-04T04:06:13.870000,MQ,IA2,3000,3120.0,3000,100.0,ZNE,train,gold,MQ_IA2_GOLD_20140404_040643
"bucket1$297,:3,:6001",2014-04-04T04:06:13.609900,MQ,MLM,3000,,3000,100.0,ZNE,train,gold,MQ_MLM_GOLD_20140404_040643
"bucket2$151,:3,:6001",2014-04-04T04:06:14.180000,MQ,SAM,3000,3188.0,3000,100.0,ZNE,dev,gold,MQ_SAM_GOLD_20140404_040644
"bucket1$298,:3,:6001",2014-04-04T04:06:26.829900,MQ,BAM,3000,,3000,100.0,ZNE,train,gold,MQ_BAM_GOLD_20140404_040656
"bucket1$299,:3,:6001",2014-04-04T04:06:27.909900,MQ,CPM,3000,,3000,100.0,ZNE,train,gold,MQ_CPM_GOLD_20140404_040657
"bucket1$300,:3,:6001",2014-04-04T04:06:27.139900,MQ,GBM,3000,,3000,100.0,ZNE,train,gold,MQ_GBM_GOLD_20140404_040657
"bucket1$301,:3,:6001",2014-04-04T04:06:27.030000,MQ,IA2,3000,3143.0,3000,100.0,ZNE,train,gold,MQ_IA2_GOLD_20140404_040657
"bucket2$152,:3,:6001",2014-04-04T04:06:27.899900,MQ,MLM,3000,,3000,100.0,ZNE,dev,gold,MQ_MLM_GOLD_20140404_040657
"bucket1$302,:3,:6001",2014-04-04T04:06:27.210000,MQ,SAM,3000,3127.0,3000,100.0,ZNE,train,gold,MQ_SAM_GOLD_20140404_040657
"bucket1$303,:3,:6001",2014-04-04T11:31:12.289900,MQ,BAM,3000,,3000,100.0,ZNE,train,gold,MQ_BAM_GOLD_20140404_113142
"bucket1$304,:3,:6001",2014-04-04T11:31:12.039900,MQ,CPM,3000,,3000,100.0,ZNE,train,gold,MQ_CPM_GOLD_20140404_113142
"bucket1$305,:3,:6001",2014-04-04T11:31:13.259900,MQ,GBM,3000,,3000,100.0,ZNE,train,gold,MQ_GBM_GOLD_20140404_113143
"bucket2$153,:3,:6001",2014-04-04T11:31:12.640000,MQ,IA2,3000,3172.0,3000,100.0,ZNE,dev,gold,MQ_IA2_GOLD_20140404_113142
"bucket1$306,:3,:6001",2014-04-04T11:31:12.120000,MQ,LAM,3000,3048.0,3000,100.0,ZNE,train,gold,MQ_LAM_GOLD_20140404_113142
"bucket1$307,:3,:6001",2014-04-04T11:31:13.599900,MQ,MLM,3000,,3000,100.0,ZNE,train,gold,MQ_MLM_GOLD_20140404_113143
"bucket1$308,:3,:6001",2014-04-05T03:58:52.230000,MQ,IA2,3000,3119.0,3000,100.0,ZNE,train,gold,MQ_IA2_GOLD_20140405_035922
"bucket2$154,:3,:6001",2014-04-05T03:58:57.030000,MQ,LAM,3000,3015.0,3000,100.0,ZNE,dev,gold,MQ_LAM_GOLD_20140405_035927
"bucket1$309,:3,:6001",2014-04-05T05:40:58.429900,MQ,CPM,3000,,3000,100.0,ZNE,train,gold,MQ_CPM_GOLD_20140405_054128
"bucket1$310,:3,:6001",2014-04-05T11:26:46.579900,MQ,BAM,3000,,3000,100.0,ZNE,train,gold,MQ_BAM_GOLD_20140405_112716
"bucket1$311,:3,:6001",2014-04-05T11:26:47.059900,MQ,CPM,3000,,3000,100.0,ZNE,train,gold,MQ_CPM_GOLD_20140405_112717
"bucket2$155,:3,:6001",2014-04-05T11:26:46.119900,MQ,GBM,3000,,3000,100.0,ZNE,dev,gold,MQ_GBM_GOLD_20140405_112716
"bucket1$312,:3,:6001",2014-04-05T11:26:46.130000,MQ,IA2,3000,3059.0,3000,100.0,ZNE,train,gold,MQ_IA2_GOLD_20140405_112716
"bucket1$313,:3,:6001",2014-04-05T11:26:46.150000,MQ,LAM,3000,3073.0,3000,100.0,ZNE,train,gold,MQ_LAM_GOLD_20140405_112716
"bucket1$314,:3,:6001",2014-04-05T11:26:47.180000,MQ,SAM,3000,3053.0,3000,100.0,ZNE,train,gold,MQ_SAM_GOLD_20140405_112717
"bucket1$315,:3,:6001",2014-04-06T12:25:56.859900,MQ,BAM,3000,,3000,100.0,ZNE,train,gold,MQ_BAM_GOLD_20140406_122626
"bucket1$316,:3,:6001",2014-04-06T12:25:57.419900,MQ,CPM,3000,,3000,100.0,ZNE,train,gold,MQ_CPM_GOLD_20140406_122627
"bucket1$317,:3,:6001",2014-04-06T12:25:57.029900,MQ,GBM,3000,,3000,100.0,ZNE,train,gold,MQ_GBM_GOLD_20140406_122627
"bucket1$318,:3,:6001",2014-04-06T12:25:57.440000,MQ,IA2,3000,3204.0,3000,100.0,ZNE,train,gold,MQ_IA2_GOLD_20140406_122627
"bucket1$319,:3,:6001",2014-04-06T12:25:56.790000,MQ,LAM,3000,3029.0,3000,100.0,ZNE,train,gold,MQ_LAM_GOLD_20140406_122626
"bucket2$156,:3,:6001",2014-04-06T12:25:57.379900,MQ,MLM,3000,,3000,100.0,ZNE,dev,gold,MQ_MLM_GOLD_20140406_122627
"bucket1$320,:3,:6001",2014-04-06T12:25:57.790000,MQ,SAM,3000,3080.0,3000,100.0,ZNE,train,gold,MQ_SAM_GOLD_20140406_122627
"bucket1$321,:3,:6001",2014-04-07T04:55:43.509900,MQ,BAM,3000,,3000,100.0,ZNE,train,gold,MQ_BAM_GOLD_20140407_045613
"bucket1$322,:3,:6001",2014-04-07T04:55:43.949900,MQ,CPM,3000,,3000,100.0,ZNE,train,gold,MQ_CPM_GOLD_20140407_045613
"bucket1$323,:3,:6001",2014-04-07T04:55:44.109900,MQ,GBM,3000,,3000,100.0,ZNE,train,gold,MQ_GBM_GOLD_20140407_045614
"bucket1$324,:3,:6001",2014-04-07T04:55:43.450000,MQ,IA2,3000,3130.0,3000,100.0,ZNE,train,gold,MQ_IA2_GOLD_20140407_045613
"bucket2$157,:3,:6001",2014-04-07T04:55:43.800000,MQ,LAM,3000,3145.0,3000,100.0,ZNE,dev,gold,MQ_LAM_GOLD_20140407_045613
"bucket1$325,:3,:6001",2014-04-07T04:55:59.969900,MQ,BAM,3000,,3000,100.0,ZNE,train,gold,MQ_BAM_GOLD_20140407_045629
"bucket1$326,:3,:6001",2014-04-07T04:55:59.729900,MQ,CPM,3000,,3000,100.0,ZNE,train,gold,MQ_CPM_GOLD_20140407_045629
"bucket1$327,:3,:6001",2014-04-07T04:55:59.919900,MQ,GBM,3000,,3000,100.0,ZNE,train,gold,MQ_GBM_GOLD_20140407_045629
"bucket1$328,:3,:6001",2014-04-07T04:55:59.610000,MQ,IA2,3000,,3000,100.0,ZNE,train,gold,MQ_IA2_GOLD_20140407_045629
"bucket1$329,:3,:6001",2014-04-07T04:55:59.450000,MQ,LAM,3000,3177.0,3000,100.0,ZNE,train,gold,MQ_LAM_GOLD_20140407_045629
"bucket1$330,:3,:6001",2014-04-07T06:03:22.689900,MQ,BAM,3000,,3000,100.0,ZNE,train,gold,MQ_BAM_GOLD_20140407_060352
"bucket2$158,:3,:6001",2014-04-07T06:03:23.509900,MQ,CPM,3000,,3000,100.0,ZNE,dev,gold,MQ_CPM_GOLD_20140407_060353
"bucket1$331,:3,:6001",2014-04-07T06:03:23.369900,MQ,GBM,3000,,3000,100.0,ZNE,train,gold,MQ_GBM_GOLD_20140407_060353
"bucket1$332,:3,:6001",2014-04-07T06:03:23.580000,MQ,IA2,3000,3111.0,3000,100.0,ZNE,train,gold,MQ_IA2_GOLD_20140407_060353
"bucket4$173,:3,:6001",2014-04-07T06:03:23.019900,MQ,MLM,3000,,3000,100.0,ZNE,test,gold,MQ_MLM_GOLD_20140407_060353
"bucket1$333,:3,:6001",2014-04-07T06:03:37.949900,MQ,BAM,3000,,3000,100.0,ZNE,train,gold,MQ_BAM_GOLD_20140407_060407
"bucket1$334,:3,:6001",2014-04-07T06:03:38.669900,MQ,CPM,3000,,3000,100.0,ZNE,train,gold,MQ_CPM_GOLD_20140407_060408
"bucket4$174,:3,:6001",2014-04-07T06:03:37.389900,MQ,GBM,3000,,3000,100.0,ZNE,test,gold,MQ_GBM_GOLD_20140407_060407
"bucket1$335,:3,:6001",2014-04-07T06:03:37.550000,MQ,IA2,3000,3172.0,3000,100.0,ZNE,train,gold,MQ_IA2_GOLD_20140407_060407
"bucket1$336,:3,:6001",2014-04-07T06:03:38.970000,MQ,LAM,3000,,3000,100.0,ZNE,train,gold,MQ_LAM_GOLD_20140407_060408
"bucket1$337,:3,:6001",2014-04-07T06:03:39.339900,MQ,MLM,3000,,3000,100.0,ZNE,train,gold,MQ_MLM_GOLD_20140407_060409
"bucket4$175,:3,:6001",2014-04-07T06:03:38.800000,MQ,SAM,3000,3096.0,3000,100.0,ZNE,test,gold,MQ_SAM_GOLD_20140407_060408
"bucket1$338,:3,:6001",2014-04-07T12:10:17.579900,MQ,BAM,3000,,3000,100.0,ZNE,train,gold,MQ_BAM_GOLD_20140407_121047
"bucket2$159,:3,:6001",2014-04-07T12:10:17.679900,MQ,CPM,3000,,3000,100.0,ZNE,dev,gold,MQ_CPM_GOLD_20140407_121047
"bucket1$339,:3,:6001",2014-04-07T12:10:17.569900,MQ,GBM,3000,,3000,100.0,ZNE,train,gold,MQ_GBM_GOLD_20140407_121047
"bucket1$340,:3,:6001",2014-04-07T12:10:16.850000,MQ,SAM,3000,3001.0,3000,100.0,ZNE,train,gold,MQ_SAM_GOLD_20140407_121046
"bucket1$341,:3,:6001",2014-04-08T12:28:16.319900,MQ,BAM,3000,,3000,100.0,ZNE,train,gold,MQ_BAM_GOLD_20140408_122846
"bucket1$342,:3,:6001",2014-04-08T12:28:16.029900,MQ,CPM,3000,,3000,100.0,ZNE,train,gold,MQ_CPM_GOLD_20140408_122846
"bucket1$343,:3,:6001",2014-04-08T12:28:16.189900,MQ,GBM,3000,,3000,100.0,ZNE,train,gold,MQ_GBM_GOLD_20140408_122846
"bucket1$344,:3,:6001",2014-04-08T12:28:16,MQ,IA2,3000,3066.0,3000,100.0,ZNE,train,gold,MQ_IA2_GOLD_20140408_122846
"bucket1$345,:3,:6001",2014-04-08T13:30:39.589900,MQ,BAM,3000,,3000,100.0,ZNE,train,gold,MQ_BAM_GOLD_20140408_133109
"bucket1$346,:3,:6001",2014-04-08T13:30:40.249900,MQ,CPM,3000,,3000,100.0,ZNE,train,gold,MQ_CPM_GOLD_20140408_133110
"bucket1$347,:3,:6001",2014-04-08T13:30:40.420000,MQ,IA2,3000,3085.0,3000,100.0,ZNE,train,gold,MQ_IA2_GOLD_20140408_133110
"bucket1$348,:3,:6001",2014-04-08T13:30:40.290000,MQ,LAM,3000,3180.0,3000,100.0,ZNE,train,gold,MQ_LAM_GOLD_20140408_133110
"bucket4$176,:3,:6001",2014-04-08T13:30:50.099900,MQ,BAM,3000,,3000,100.0,ZNE,test,gold,MQ_BAM_GOLD_20140408_133120
"bucket1$349,:3,:6001",2014-04-08T13:30:50.979900,MQ,CPM,3000,,3000,100.0,ZNE,train,gold,MQ_CPM_GOLD_20140408_133120
"bucket1$350,:3,:6001",2014-04-08T13:30:50.599900,MQ,GBM,3000,,3000,100.0,ZNE,train,gold,MQ_GBM_GOLD_20140408_133120
"bucket1$351,:3,:6001",2014-04-08T13:30:51.030000,MQ,IA2,3000,3081.0,3000,100.0,ZNE,train,gold,MQ_IA2_GOLD_20140408_133121
"bucket1$352,:3,:6001",2014-04-08T13:30:50.450000,MQ,LAM,3000,3140.0,3000,100.0,ZNE,train,gold,MQ_LAM_GOLD_20140408_133120
"bucket1$353,:3,:6001",2014-04-08T13:30:50.819900,MQ,MLM,3000,,3000,100.0,ZNE,train,gold,MQ_MLM_GOLD_20140408_133120
"bucket1$354,:3,:6001",2014-04-08T13:30:51.100000,MQ,SAM,3000,,3000,100.0,ZNE,train,gold,MQ_SAM_GOLD_20140408_133121
"bucket1$355,:3,:6001",2014-04-08T18:27:34.919900,MQ,BAM,3000,,3000,100.0,ZNE,train,gold,MQ_BAM_GOLD_20140408_182804
"bucket1$356,:3,:6001",2014-04-08T18:27:35.559900,MQ,CPM,3000,,3000,100.0,ZNE,train,gold,MQ_CPM_GOLD_20140408_182805
"bucket1$357,:3,:6001",2014-04-08T18:27:35.769900,MQ,GBM,3000,,3000,100.0,ZNE,train,gold,MQ_GBM_GOLD_20140408_182805
"bucket1$358,:3,:6001",2014-04-08T18:27:35.090000,MQ,IA2,3000,3140.0,3000,100.0,ZNE,train,gold,MQ_IA2_GOLD_20140408_182805
"bucket1$359,:3,:6001",2014-04-09T03:29:39.229900,MQ,BAM,3000,,3000,100.0,ZNE,train,gold,MQ_BAM_GOLD_20140409_033009
"bucket4$177,:3,:6001",2014-04-09T03:29:38.830000,MQ,IA2,3000,,3000,100.0,ZNE,test,gold,MQ_IA2_GOLD_20140409_033008
"bucket1$360,:3,:6001",2014-04-09T19:37:46.549900,MQ,BAM,3000,,3000,100.0,ZNE,train,gold,MQ_BAM_GOLD_20140409_193816
"bucket1$361,:3,:6001",2014-04-09T19:37:49.420000,MQ,IA2,3000,3052.0,3000,100.0,ZNE,train,gold,MQ_IA2_GOLD_20140409_193819
"bucket1$362,:3,:6001",2014-04-09T19:37:48.490000,MQ,LAM,3000,3046.0,3000,100.0,ZNE,train,gold,MQ_LAM_GOLD_20140409_193818
"bucket1$363,:3,:6001",2014-04-09T19:37:48.620000,MQ,SAM,3000,3033.0,3000,100.0,ZNE,train,gold,MQ_SAM_GOLD_20140409_193818
"bucket2$160,:3,:6001",2014-04-09T20:50:02.629900,MQ,BAM,3000,,3000,100.0,ZNE,dev,gold,MQ_BAM_GOLD_20140409_205032
"bucket1$364,:3,:6001",2014-04-09T20:50:02.429900,MQ,CPM,3000,,3000,100.0,ZNE,train,gold,MQ_CPM_GOLD_20140409_205032
"bucket1$365,:3,:6001",2014-04-09T20:50:01.949900,MQ,GBM,3000,,3000,100.0,ZNE,train,gold,MQ_GBM_GOLD_20140409_205031
"bucket1$366,:3,:6001",2014-04-09T20:50:01.979900,MQ,MLM,3000,,3000,100.0,ZNE,train,gold,MQ_MLM_GOLD_20140409_205031
"bucket1$367,:3,:6001",2014-04-09T20:50:15.479900,MQ,CPM,3000,,3000,100.0,ZNE,train,gold,MQ_CPM_GOLD_20140409_205045
"bucket1$368,:3,:6001",2014-04-09T20:50:14.420000,MQ,IA2,3000,3174.0,3000,100.0,ZNE,train,gold,MQ_IA2_GOLD_20140409_205044
"bucket1$369,:3,:6001",2014-04-09T20:50:15.290000,MQ,LAM,3000,3151.0,3000,100.0,ZNE,train,gold,MQ_LAM_GOLD_20140409_205045
"bucket2$161,:3,:6001",2014-04-09T20:50:14.600000,MQ,SAM,3000,,3000,100.0,ZNE,dev,gold,MQ_SAM_GOLD_20140409_205044
"bucket1$370,:3,:6001",2014-04-09T21:01:11.299900,MQ,BAM,3000,,3000,100.0,ZNE,train,gold,MQ_BAM_GOLD_20140409_210141
"bucket1$371,:3,:6001",2014-04-09T21:01:12.469900,MQ,CPM,3000,,3000,100.0,ZNE,train,gold,MQ_CPM_GOLD_20140409_210142
"bucket1$372,:3,:6001",2014-04-09T21:01:11.859900,MQ,GBM,3000,,3000,100.0,ZNE,train,gold,MQ_GBM_GOLD_20140409_210141
"bucket1$373,:3,:6001",2014-04-09T21:01:12.310000,MQ,IA2,3000,3025.0,3000,100.0,ZNE,train,gold,MQ_IA2_GOLD_20140409_210142
"bucket1$374,:3,:6001",2014-04-09T21:01:13.379900,MQ,MLM,3000,,3000,100.0,ZNE,train,gold,MQ_MLM_GOLD_20140409_210143
"bucket1$375,:3,:6001",2014-04-09T22:40:34.959900,MQ,BAM,3000,,3000,100.0,ZNE,train,gold,MQ_BAM_GOLD_20140409_224104
"bucket1$376,:3,:6001",2014-04-09T22:40:35.729900,MQ,CPM,3000,,3000,100.0,ZNE,train,gold,MQ_CPM_GOLD_20140409_224105
"bucket1$377,:3,:6001",2014-04-09T22:40:35.019900,MQ,GBM,3000,,3000,100.0,ZNE,train,gold,MQ_GBM_GOLD_20140409_224105
"bucket4$178,:3,:6001",2014-04-09T22:40:35.600000,MQ,IA2,3000,,3000,100.0,ZNE,test,gold,MQ_IA2_GOLD_20140409_224105
"bucket1$378,:3,:6001",2014-04-09T22:40:45.679900,MQ,BAM,3000,,3000,100.0,ZNE,train,gold,MQ_BAM_GOLD_20140409_224115
"bucket1$379,:3,:6001",2014-04-09T22:40:46.609900,MQ,CPM,3000,,3000,100.0,ZNE,train,gold,MQ_CPM_GOLD_20140409_224116
"bucket1$380,:3,:6001",2014-04-09T22:40:46.629900,MQ,GBM,3000,,3000,100.0,ZNE,train,gold,MQ_GBM_GOLD_20140409_224116
"bucket1$381,:3,:6001",2014-04-09T22:40:46.610000,MQ,IA2,3000,3040.0,3000,100.0,ZNE,train,gold,MQ_IA2_GOLD_20140409_224116
"bucket1$382,:3,:6001",2014-04-09T22:40:46.290000,MQ,LAM,3000,3055.0,3000,100.0,ZNE,train,gold,MQ_LAM_GOLD_20140409_224116
"bucket1$383,:3,:6001",2014-04-09T22:40:47.170000,MQ,SAM,3000,3020.0,3000,100.0,ZNE,train,gold,MQ_SAM_GOLD_20140409_224117
"bucket1$384,:3,:6001",2014-04-09T23:38:57.539900,MQ,BAM,3000,,3000,100.0,ZNE,train,gold,MQ_BAM_GOLD_20140409_233927
"bucket1$385,:3,:6001",2014-04-09T23:38:58.829900,MQ,CPM,3000,,3000,100.0,ZNE,train,gold,MQ_CPM_GOLD_20140409_233928
"bucket1$386,:3,:6001",2014-04-09T23:38:58.379900,MQ,GBM,3000,,3000,100.0,ZNE,train,gold,MQ_GBM_GOLD_20140409_233928
"bucket1$387,:3,:6001",2014-04-09T23:38:58.480000,MQ,SAM,3000,3021.0,3000,100.0,ZNE,train,gold,MQ_SAM_GOLD_20140409_233928
"bucket1$388,:3,:6001",2014-04-11T10:51:28.539900,MQ,BAM,3000,,3000,100.0,ZNE,train,gold,MQ_BAM_GOLD_20140411_105158
"bucket1$389,:3,:6001",2014-04-11T10:51:28.319900,MQ,CPM,3000,,3000,100.0,ZNE,train,gold,MQ_CPM_GOLD_20140411_105158
"bucket1$390,:3,:6001",2014-04-11T10:51:30.399900,MQ,GBM,3000,,3000,100.0,ZNE,train,gold,MQ_GBM_GOLD_20140411_105200
"bucket1$391,:3,:6001",2014-04-11T10:51:27.980000,MQ,IA2,3000,3258.0,3000,100.0,ZNE,train,gold,MQ_IA2_GOLD_20140411_105157
"bucket1$392,:3,:6001",2014-04-11T10:51:27.739900,MQ,MLM,3000,,3000,100.0,ZNE,train,gold,MQ_MLM_GOLD_20140411_105157
"bucket1$393,:3,:6001",2014-04-11T21:14:00.379900,MQ,BAM,3000,,3000,100.0,ZNE,train,gold,MQ_BAM_GOLD_20140411_211430
"bucket1$394,:3,:6001",2014-04-11T21:14:00.619900,MQ,CPM,3000,,3000,100.0,ZNE,train,gold,MQ_CPM_GOLD_20140411_211430
"bucket1$395,:3,:6001",2014-04-11T21:14:00.729900,MQ,GBM,3000,,3000,100.0,ZNE,train,gold,MQ_GBM_GOLD_20140411_211430
"bucket1$396,:3,:6001",2014-04-11T21:14:00.540000,MQ,IA2,3000,3069.0,3000,100.0,ZNE,train,gold,MQ_IA2_GOLD_20140411_211430
"bucket1$397,:3,:6001",2014-04-11T21:14:00.690000,MQ,LAM,3000,3056.0,3000,100.0,ZNE,train,gold,MQ_LAM_GOLD_20140411_211430
"bucket1$398,:3,:6001",2014-04-11T21:14:01.819900,MQ,MLM,3000,,3000,100.0,ZNE,train,gold,MQ_MLM_GOLD_20140411_211431
"bucket2$162,:3,:6001",2014-04-11T21:14:00.640000,MQ,SAM,3000,3142.0,3000,100.0,ZNE,dev,gold,MQ_SAM_GOLD_20140411_211430
"bucket1$399,:3,:6001",2014-04-11T23:25:30.709900,MQ,BAM,3000,,3000,100.0,ZNE,train,gold,MQ_BAM_GOLD_20140411_232600
"bucket1$400,:3,:6001",2014-04-11T23:25:30.759900,MQ,CPM,3000,,3000,100.0,ZNE,train,gold,MQ_CPM_GOLD_20140411_232600
"bucket1$401,:3,:6001",2014-04-11T23:25:30.140000,MQ,IA2,3000,3197.0,3000,100.0,ZNE,train,gold,MQ_IA2_GOLD_20140411_232600
"bucket1$402,:3,:6001",2014-04-11T23:25:30.469900,MQ,MLM,3000,,3000,100.0,ZNE,train,gold,MQ_MLM_GOLD_20140411_232600
"bucket1$403,:3,:6001",2014-04-12T11:15:58.309900,MQ,CPM,3000,,3000,100.0,ZNE,train,gold,MQ_CPM_GOLD_20140412_111628
"bucket1$404,:3,:6001",2014-04-12T11:15:56.669900,MQ,GBM,3000,,3000,100.0,ZNE,train,gold,MQ_GBM_GOLD_20140412_111626
"bucket1$405,:3,:6001",2014-04-12T11:15:57.600000,MQ,SAM,3000,3004.0,3000,100.0,ZNE,train,gold,MQ_SAM_GOLD_20140412_111627
"bucket1$406,:3,:6001",2014-04-12T21:59:51.759900,MQ,BAM,3000,,3000,100.0,ZNE,train,gold,MQ_BAM_GOLD_20140412_220021
"bucket1$407,:3,:6001",2014-04-12T21:59:53.209900,MQ,CPM,3000,,3000,100.0,ZNE,train,gold,MQ_CPM_GOLD_20140412_220023
"bucket1$408,:3,:6001",2014-04-12T21:59:51.290000,MQ,IA2,3000,3075.0,3000,100.0,ZNE,train,gold,MQ_IA2_GOLD_20140412_220021
"bucket1$409,:3,:6001",2014-04-12T21:59:51.069900,MQ,MLM,3000,,3000,100.0,ZNE,train,gold,MQ_MLM_GOLD_20140412_220021
"bucket1$410,:3,:6001",2014-04-13T02:44:56.679900,MQ,BAM,3000,,3000,100.0,ZNE,train,gold,MQ_BAM_GOLD_20140413_024526
"bucket1$411,:3,:6001",2014-04-13T02:44:56.199900,MQ,CPM,3000,,3000,100.0,ZNE,train,gold,MQ_CPM_GOLD_20140413_024526
"bucket1$412,:3,:6001",2014-04-13T02:44:56.899900,MQ,GBM,3000,,3000,100.0,ZNE,train,gold,MQ_GBM_GOLD_20140413_024526
"bucket1$413,:3,:6001",2014-04-13T02:44:55.760000,MQ,IA2,3000,3032.0,3000,100.0,ZNE,train,gold,MQ_IA2_GOLD_20140413_024525
"bucket1$414,:3,:6001",2014-04-13T02:44:56.890000,MQ,LAM,3000,3053.0,3000,100.0,ZNE,train,gold,MQ_LAM_GOLD_20140413_024526
"bucket1$415,:3,:6001",2014-04-13T02:44:57.049900,MQ,MLM,3000,,3000,100.0,ZNE,train,gold,MQ_MLM_GOLD_20140413_024527
"bucket1$416,:3,:6001",2014-04-13T02:44:56.790000,MQ,SAM,3000,3039.0,3000,100.0,ZNE,train,gold,MQ_SAM_GOLD_20140413_024526
"bucket1$417,:3,:6001",2014-04-13T04:25:59.649900,MQ,BAM,3000,,3000,100.0,ZNE,train,gold,MQ_BAM_GOLD_20140413_042629
"bucket1$418,:3,:6001",2014-04-13T04:25:59.999900,MQ,CPM,3000,,3000,100.0,ZNE,train,gold,MQ_CPM_GOLD_20140413_042629
"bucket1$419,:3,:6001",2014-04-13T04:25:59.039900,MQ,GBM,3000,,3000,100.0,ZNE,train,gold,MQ_GBM_GOLD_20140413_042629
"bucket4$179,:3,:6001",2014-04-13T04:25:58.720000,MQ,IA2,3000,3018.0,3000,100.0,ZNE,test,gold,MQ_IA2_GOLD_20140413_042628
"bucket1$420,:3,:6001",2014-04-13T04:25:58.669900,MQ,MLM,3000,,3000,100.0,ZNE,train,gold,MQ_MLM_GOLD_20140413_042628
"bucket4$180,:3,:6001",2014-04-13T15:40:52.529900,MQ,CPM,3000,,3000,100.0,ZNE,test,gold,MQ_CPM_GOLD_20140413_154122
"bucket1$421,:3,:6001",2014-04-13T15:40:52.079900,MQ,GBM,3000,,3000,100.0,ZNE,train,gold,MQ_GBM_GOLD_20140413_154122
"bucket1$422,:3,:6001",2014-04-13T15:40:51.860000,MQ,IA2,3000,3054.0,3000,100.0,ZNE,train,gold,MQ_IA2_GOLD_20140413_154121
"bucket1$423,:3,:6001",2014-04-13T15:40:52.409900,MQ,MLM,3000,,3000,100.0,ZNE,train,gold,MQ_MLM_GOLD_20140413_154122
"bucket1$424,:3,:6001",2014-04-13T15:41:08.159900,MQ,BAM,3000,,3000,100.0,ZNE,train,gold,MQ_BAM_GOLD_20140413_154138
"bucket1$425,:3,:6001",2014-04-13T15:41:08.929900,MQ,CPM,3000,,3000,100.0,ZNE,train,gold,MQ_CPM_GOLD_20140413_154138
"bucket1$426,:3,:6001",2014-04-13T15:41:08.399900,MQ,GBM,3000,,3000,100.0,ZNE,train,gold,MQ_GBM_GOLD_20140413_154138
"bucket1$427,:3,:6001",2014-04-13T15:41:08.370000,MQ,LAM,3000,3023.0,3000,100.0,ZNE,train,gold,MQ_LAM_GOLD_20140413_154138
"bucket1$428,:3,:6001",2014-04-13T15:41:09.110000,MQ,SAM,3000,3068.0,3000,100.0,ZNE,train,gold,MQ_SAM_GOLD_20140413_154139
"bucket1$429,:3,:6001",2014-04-13T16:22:38.819900,MQ,CPM,3000,,3000,100.0,ZNE,train,gold,MQ_CPM_GOLD_20140413_162308
"bucket1$430,:3,:6001",2014-04-13T16:22:39.049900,MQ,GBM,3000,,3000,100.0,ZNE,train,gold,MQ_GBM_GOLD_20140413_162309
"bucket2$163,:3,:6001",2014-04-13T16:22:38.690000,MQ,IA2,3000,3027.0,3000,100.0,ZNE,dev,gold,MQ_IA2_GOLD_20140413_162308
"bucket1$431,:3,:6001",2014-04-13T16:22:39.089900,MQ,MLM,3000,,3000,100.0,ZNE,train,gold,MQ_MLM_GOLD_20140413_162309
"bucket1$432,:3,:6001",2014-04-13T16:22:56.419900,MQ,CPM,3000,,3000,100.0,ZNE,train,gold,MQ_CPM_GOLD_20140413_162326
"bucket4$181,:3,:6001",2014-04-13T16:22:54.299900,MQ,GBM,3000,,3000,100.0,ZNE,test,gold,MQ_GBM_GOLD_20140413_162324
"bucket1$433,:3,:6001",2014-04-13T16:22:54.700000,MQ,IA2,3000,3037.0,3000,100.0,ZNE,train,gold,MQ_IA2_GOLD_20140413_162324
"bucket1$434,:3,:6001",2014-04-13T16:22:56.630000,MQ,SAM,3000,3033.0,3000,100.0,ZNE,train,gold,MQ_SAM_GOLD_20140413_162326
"bucket1$435,:3,:6001",2014-04-13T17:18:34.979900,MQ,BAM,3000,,3000,100.0,ZNE,train,gold,MQ_BAM_GOLD_20140413_171904
"bucket1$436,:3,:6001",2014-04-13T17:18:34.689900,MQ,GBM,3000,,3000,100.0,ZNE,train,gold,MQ_GBM_GOLD_20140413_171904
"bucket1$437,:3,:6001",2014-04-13T17:18:35.920000,MQ,IA2,3000,3012.0,3000,100.0,ZNE,train,gold,MQ_IA2_GOLD_20140413_171905
"bucket1$438,:3,:6001",2014-04-13T17:18:34.100000,MQ,SAM,3000,3201.0,3000,100.0,ZNE,train,gold,MQ_SAM_GOLD_20140413_171904
"bucket1$439,:3,:6001",2014-04-13T22:51:56.969900,MQ,BAM,3000,,3000,100.0,ZNE,train,gold,MQ_BAM_GOLD_20140413_225226
"bucket1$440,:3,:6001",2014-04-13T22:51:56.939900,MQ,GBM,3000,,3000,100.0,ZNE,train,gold,MQ_GBM_GOLD_20140413_225226
"bucket1$441,:3,:6001",2014-04-13T22:51:57.850000,MQ,IA2,3000,3052.0,3000,100.0,ZNE,train,gold,MQ_IA2_GOLD_20140413_225227
"bucket2$164,:3,:6001",2014-04-13T22:51:56.660000,MQ,LAM,3000,3083.0,3000,100.0,ZNE,dev,gold,MQ_LAM_GOLD_20140413_225226
"bucket1$442,:3,:6001",2014-04-13T23:09:14.530000,MQ,IA2,3000,3073.0,3000,100.0,ZNE,train,gold,MQ_IA2_GOLD_20140413_230944
"bucket1$443,:3,:6001",2014-04-14T00:00:36.029900,MQ,BAM,3000,,3000,100.0,ZNE,train,gold,MQ_BAM_GOLD_20140414_000106
"bucket1$444,:3,:6001",2014-04-14T00:00:34.709900,MQ,GBM,3000,,3000,100.0,ZNE,train,gold,MQ_GBM_GOLD_20140414_000104
"bucket1$445,:3,:6001",2014-04-14T00:00:34.230000,MQ,LAM,3000,3233.0,3000,100.0,ZNE,train,gold,MQ_LAM_GOLD_20140414_000104
"bucket1$446,:3,:6001",2014-04-14T00:00:35.990000,MQ,SAM,3000,3015.0,3000,100.0,ZNE,train,gold,MQ_SAM_GOLD_20140414_000105
"bucket1$447,:3,:6001",2014-04-14T00:01:26.750000,MQ,IA2,3000,3026.0,3000,100.0,ZNE,train,gold,MQ_IA2_GOLD_20140414_000156
"bucket1$448,:3,:6001",2014-04-14T02:20:23.350000,MQ,SAM,3000,3047.0,3000,100.0,ZNE,train,gold,MQ_SAM_GOLD_20140414_022053
"bucket1$449,:3,:6001",2014-04-14T02:55:28.669900,MQ,BAM,3000,,3000,100.0,ZNE,train,gold,MQ_BAM_GOLD_20140414_025558
"bucket1$450,:3,:6001",2014-04-14T02:55:28.889900,MQ,CPM,3000,,3000,100.0,ZNE,train,gold,MQ_CPM_GOLD_20140414_025558
"bucket4$182,:3,:6001",2014-04-14T02:55:28.619900,MQ,GBM,3000,,3000,100.0,ZNE,test,gold,MQ_GBM_GOLD_20140414_025558
"bucket1$451,:3,:6001",2014-04-14T02:55:29.400000,MQ,IA2,3000,3058.0,3000,100.0,ZNE,train,gold,MQ_IA2_GOLD_20140414_025559
"bucket1$452,:3,:6001",2014-04-14T02:55:30.500000,MQ,LAM,3000,,3000,100.0,ZNE,train,gold,MQ_LAM_GOLD_20140414_025600
"bucket4$183,:3,:6001",2014-04-14T02:55:29.259900,MQ,MLM,3000,,3000,100.0,ZNE,test,gold,MQ_MLM_GOLD_20140414_025559
"bucket1$453,:3,:6001",2014-04-14T02:55:29.300000,MQ,SAM,3000,3040.0,3000,100.0,ZNE,train,gold,MQ_SAM_GOLD_20140414_025559
"bucket1$454,:3,:6001",2014-04-14T02:55:46.799900,MQ,BAM,3000,,3000,100.0,ZNE,train,gold,MQ_BAM_GOLD_20140414_025616
"bucket1$455,:3,:6001",2014-04-14T02:55:48.829900,MQ,CPM,3000,,3000,100.0,ZNE,train,gold,MQ_CPM_GOLD_20140414_025618
"bucket1$456,:3,:6001",2014-04-14T02:55:47.339900,MQ,GBM,3000,,3000,100.0,ZNE,train,gold,MQ_GBM_GOLD_20140414_025617
"bucket1$457,:3,:6001",2014-04-14T02:55:47.940000,MQ,IA2,3000,3057.0,3000,100.0,ZNE,train,gold,MQ_IA2_GOLD_20140414_025617
"bucket2$165,:3,:6001",2014-04-14T02:55:47.440000,MQ,SAM,3000,3113.0,3000,100.0,ZNE,dev,gold,MQ_SAM_GOLD_20140414_025617
"bucket1$458,:3,:6001",2014-04-14T08:44:50.149900,MQ,CPM,3000,,3000,100.0,ZNE,train,gold,MQ_CPM_GOLD_20140414_084520
"bucket1$459,:3,:6001",2014-04-14T08:44:51.539900,MQ,GBM,3000,,3000,100.0,ZNE,train,gold,MQ_GBM_GOLD_20140414_084521
"bucket4$184,:3,:6001",2014-04-14T08:44:49.540000,MQ,IA2,3000,3012.0,3000,100.0,ZNE,test,gold,MQ_IA2_GOLD_20140414_084519
"bucket1$460,:3,:6001",2014-04-14T08:44:51.520000,MQ,LAM,3000,3033.0,3000,100.0,ZNE,train,gold,MQ_LAM_GOLD_20140414_084521
"bucket1$461,:3,:6001",2014-04-14T22:54:13.019900,MQ,BAM,3000,,3000,100.0,ZNE,train,gold,MQ_BAM_GOLD_20140414_225443
"bucket1$462,:3,:6001",2014-04-14T22:54:13.939900,MQ,CPM,3000,,3000,100.0,ZNE,train,gold,MQ_CPM_GOLD_20140414_225443
"bucket1$463,:3,:6001",2014-04-14T22:54:14.859900,MQ,GBM,3000,,3000,100.0,ZNE,train,gold,MQ_GBM_GOLD_20140414_225444
"bucket1$464,:3,:6001",2014-04-14T22:54:13.790000,MQ,IA2,3000,3227.0,3000,100.0,ZNE,train,gold,MQ_IA2_GOLD_20140414_225443
"bucket1$465,:3,:6001",2014-04-14T22:59:17.619900,MQ,BAM,3000,,3000,100.0,ZNE,train,gold,MQ_BAM_GOLD_20140414_225947
"bucket1$466,:3,:6001",2014-04-14T22:59:18.929900,MQ,CPM,3000,,3000,100.0,ZNE,train,gold,MQ_CPM_GOLD_20140414_225948
"bucket1$467,:3,:6001",2014-04-14T22:59:17.989900,MQ,GBM,3000,,3000,100.0,ZNE,train,gold,MQ_GBM_GOLD_20140414_225947
"bucket1$468,:3,:6001",2014-04-14T22:59:18.280000,MQ,IA2,3000,3087.0,3000,100.0,ZNE,train,gold,MQ_IA2_GOLD_20140414_225948
"bucket1$469,:3,:6001",2014-04-14T22:59:18.180000,MQ,LAM,3000,3214.0,3000,100.0,ZNE,train,gold,MQ_LAM_GOLD_20140414_225948
"bucket1$470,:3,:6001",2014-04-14T22:59:20.209900,MQ,MLM,3000,,3000,100.0,ZNE,train,gold,MQ_MLM_GOLD_20140414_225950
"bucket1$471,:3,:6001",2014-04-14T22:59:17.910000,MQ,SAM,3000,2955.0,3000,100.0,ZNE,train,gold,MQ_SAM_GOLD_20140414_225947
"bucket1$472,:3,:6001",2014-04-15T02:45:53.599900,MQ,BAM,3000,,3000,100.0,ZNE,train,gold,MQ_BAM_GOLD_20140415_024623
"bucket1$473,:3,:6001",2014-04-15T02:45:52.319900,MQ,CPM,3000,,3000,100.0,ZNE,train,gold,MQ_CPM_GOLD_20140415_024622
"bucket1$474,:3,:6001",2014-04-15T02:45:51.039900,MQ,GBM,3000,,3000,100.0,ZNE,train,gold,MQ_GBM_GOLD_20140415_024621
"bucket4$185,:3,:6001",2014-04-15T02:45:51.470000,MQ,IA2,3000,3020.0,3000,100.0,ZNE,test,gold,MQ_IA2_GOLD_20140415_024621
"bucket1$475,:3,:6001",2014-04-15T05:51:03.719900,MQ,BAM,3000,,3000,100.0,ZNE,train,gold,MQ_BAM_GOLD_20140415_055133
"bucket1$476,:3,:6001",2014-04-15T05:51:03.059900,MQ,CPM,3000,,3000,100.0,ZNE,train,gold,MQ_CPM_GOLD_20140415_055133
"bucket4$186,:3,:6001",2014-04-15T05:51:03.209900,MQ,GBM,3000,,3000,100.0,ZNE,test,gold,MQ_GBM_GOLD_20140415_055133
"bucket2$166,:3,:6001",2014-04-15T05:51:02.890000,MQ,IA2,3000,3056.0,3000,100.0,ZNE,dev,gold,MQ_IA2_GOLD_20140415_055132
"bucket1$477,:3,:6001",2014-04-15T05:51:03.400000,MQ,SAM,3000,3056.0,3000,100.0,ZNE,train,gold,MQ_SAM_GOLD_20140415_055133
"bucket4$187,:3,:6001",2014-04-15T07:34:37.219900,MQ,BAM,3000,,3000,100.0,ZNE,test,gold,MQ_BAM_GOLD_20140415_073507
"bucket1$478,:3,:6001",2014-04-15T07:34:37.539900,MQ,CPM,3000,,3000,100.0,ZNE,train,gold,MQ_CPM_GOLD_20140415_073507
"bucket2$167,:3,:6001",2014-04-15T07:34:37.460000,MQ,IA2,3000,3026.0,3000,100.0,ZNE,dev,gold,MQ_IA2_GOLD_20140415_073507
"bucket4$188,:3,:6001",2014-04-15T07:34:35.540000,MQ,SAM,3000,3014.0,3000,100.0,ZNE,test,gold,MQ_SAM_GOLD_20140415_073505
"bucket1$479,:3,:6001",2014-04-15T17:46:34.849900,MQ,BAM,3000,,3000,100.0,ZNE,train,gold,MQ_BAM_GOLD_20140415_174704
"bucket2$168,:3,:6001",2014-04-15T17:46:34.559900,MQ,CPM,3000,,3000,100.0,ZNE,dev,gold,MQ_CPM_GOLD_20140415_174704
"bucket4$189,:3,:6001",2014-04-15T17:46:35.839900,MQ,GBM,3000,,3000,100.0,ZNE,test,gold,MQ_GBM_GOLD_20140415_174705
"bucket4$190,:3,:6001",2014-04-15T17:46:34.850000,MQ,IA2,3000,3188.0,3000,100.0,ZNE,test,gold,MQ_IA2_GOLD_20140415_174704
"bucket1$480,:3,:6001",2014-04-15T17:46:34.560000,MQ,LAM,3000,3182.0,3000,100.0,ZNE,train,gold,MQ_LAM_GOLD_20140415_174704
"bucket1$481,:3,:6001",2014-04-15T17:46:36.189900,MQ,MLM,3000,,3000,100.0,ZNE,train,gold,MQ_MLM_GOLD_20140415_174706
"bucket1$482,:3,:6001",2014-04-15T18:52:45.289900,MQ,CPM,3000,,3000,100.0,ZNE,train,gold,MQ_CPM_GOLD_20140415_185315
"bucket1$483,:3,:6001",2014-04-15T18:52:47.649900,MQ,GBM,3000,,3000,100.0,ZNE,train,gold,MQ_GBM_GOLD_20140415_185317
"bucket1$484,:3,:6001",2014-04-15T18:52:45.090000,MQ,IA2,3000,3017.0,3000,100.0,ZNE,train,gold,MQ_IA2_GOLD_20140415_185315
"bucket1$485,:3,:6001",2014-04-15T18:52:44.129900,MQ,MLM,3000,,3000,100.0,ZNE,train,gold,MQ_MLM_GOLD_20140415_185314
"bucket1$486,:3,:6001",2014-04-15T18:58:48.869900,MQ,CPM,3000,,3000,100.0,ZNE,train,gold,MQ_CPM_GOLD_20140415_185918
"bucket1$487,:3,:6001",2014-04-15T18:58:43.649900,MQ,GBM,3000,,3000,100.0,ZNE,train,gold,MQ_GBM_GOLD_20140415_185913
"bucket1$488,:3,:6001",2014-04-15T18:58:44.850000,MQ,IA2,3000,3053.0,3000,100.0,ZNE,train,gold,MQ_IA2_GOLD_20140415_185914
"bucket1$489,:3,:6001",2014-04-15T18:58:44.079900,MQ,MLM,3000,,3000,100.0,ZNE,train,gold,MQ_MLM_GOLD_20140415_185914
"bucket1$490,:3,:6001",2014-04-15T19:54:04.469900,MQ,BAM,3000,,3000,100.0,ZNE,train,gold,MQ_BAM_GOLD_20140415_195434
"bucket1$491,:3,:6001",2014-04-15T19:54:04.859900,MQ,CPM,3000,,3000,100.0,ZNE,train,gold,MQ_CPM_GOLD_20140415_195434
"bucket1$492,:3,:6001",2014-04-15T19:54:04.489900,MQ,GBM,3000,,3000,100.0,ZNE,train,gold,MQ_GBM_GOLD_20140415_195434
"bucket1$493,:3,:6001",2014-04-15T19:54:04.670000,MQ,IA2,3000,3092.0,3000,100.0,ZNE,train,gold,MQ_IA2_GOLD_20140415_195434
"bucket1$494,:3,:6001",2014-04-15T19:54:06.620000,MQ,LAM,3000,3025.0,3000,100.0,ZNE,train,gold,MQ_LAM_GOLD_20140415_195436
"bucket1$495,:3,:6001",2014-04-15T19:54:07.739900,MQ,MLM,3000,,3000,100.0,ZNE,train,gold,MQ_MLM_GOLD_20140415_195437
"bucket2$169,:3,:6001",2014-04-16T05:17:28.109900,MQ,CPM,3000,,3000,100.0,ZNE,dev,gold,MQ_CPM_GOLD_20140416_051758
"bucket1$496,:3,:6001",2014-04-16T05:17:28.270000,MQ,IA2,3000,3040.0,3000,100.0,ZNE,train,gold,MQ_IA2_GOLD_20140416_051758
"bucket1$497,:3,:6001",2014-04-16T05:17:28.830000,MQ,LAM,3000,3038.0,3000,100.0,ZNE,train,gold,MQ_LAM_GOLD_20140416_051758
"bucket2$170,:3,:6001",2014-04-16T05:17:28.340000,MQ,SAM,3000,3043.0,3000,100.0,ZNE,dev,gold,MQ_SAM_GOLD_20140416_051758
"bucket2$171,:3,:6001",2014-04-16T05:17:43.169900,MQ,BAM,3000,,3000,100.0,ZNE,dev,gold,MQ_BAM_GOLD_20140416_051813
"bucket1$498,:3,:6001",2014-04-16T05:17:42.429900,MQ,CPM,3000,,3000,100.0,ZNE,train,gold,MQ_CPM_GOLD_20140416_051812
"bucket1$499,:3,:6001",2014-04-16T05:17:43.219900,MQ,GBM,3000,,3000,100.0,ZNE,train,gold,MQ_GBM_GOLD_20140416_051813
"bucket1$500,:3,:6001",2014-04-16T05:17:42.430000,MQ,IA2,3000,3224.0,3000,100.0,ZNE,train,gold,MQ_IA2_GOLD_20140416_051812
"bucket4$191,:3,:6001",2014-04-16T05:17:42.560000,MQ,LAM,3000,3204.0,3000,100.0,ZNE,test,gold,MQ_LAM_GOLD_20140416_051812
"bucket1$501,:3,:6001",2014-04-16T05:17:42.430000,MQ,SAM,3000,3020.0,3000,100.0,ZNE,train,gold,MQ_SAM_GOLD_20140416_051812
"bucket2$172,:3,:6001",2014-04-16T09:43:15.229900,MQ,BAM,3000,,3000,100.0,ZNE,dev,gold,MQ_BAM_GOLD_20140416_094345
"bucket1$502,:3,:6001",2014-04-16T09:43:15.229900,MQ,CPM,3000,,3000,100.0,ZNE,train,gold,MQ_CPM_GOLD_20140416_094345
"bucket1$503,:3,:6001",2014-04-16T09:43:15.259900,MQ,GBM,3000,,3000,100.0,ZNE,train,gold,MQ_GBM_GOLD_20140416_094345
"bucket4$192,:3,:6001",2014-04-16T09:43:15.060000,MQ,IA2,3000,3065.0,3000,100.0,ZNE,test,gold,MQ_IA2_GOLD_20140416_094345
"bucket1$504,:3,:6001",2014-04-16T09:43:15.760000,MQ,LAM,3000,,3000,100.0,ZNE,train,gold,MQ_LAM_GOLD_20140416_094345
"bucket1$505,:3,:6001",2014-04-16T09:43:15.239900,MQ,MLM,3000,,3000,100.0,ZNE,train,gold,MQ_MLM_GOLD_20140416_094345
"bucket4$193,:3,:6001",2014-04-16T09:43:15.110000,MQ,SAM,3000,3122.0,3000,100.0,ZNE,test,gold,MQ_SAM_GOLD_20140416_094345
"bucket1$506,:3,:6001",2014-04-16T09:43:26.579900,MQ,BAM,3000,,3000,100.0,ZNE,train,gold,MQ_BAM_GOLD_20140416_094356
"bucket1$507,:3,:6001",2014-04-16T09:43:26.399900,MQ,CPM,3000,,3000,100.0,ZNE,train,gold,MQ_CPM_GOLD_20140416_094356
"bucket1$508,:3,:6001",2014-04-16T09:43:26.689900,MQ,GBM,3000,,3000,100.0,ZNE,train,gold,MQ_GBM_GOLD_20140416_094356
"bucket1$509,:3,:6001",2014-04-16T09:43:26.260000,MQ,IA2,3000,3071.0,3000,100.0,ZNE,train,gold,MQ_IA2_GOLD_20140416_094356
"bucket4$194,:3,:6001",2014-04-16T09:43:26.970000,MQ,LAM,3000,3026.0,3000,100.0,ZNE,test,gold,MQ_LAM_GOLD_20140416_094356
"bucket1$510,:3,:6001",2014-04-16T09:43:27.739900,MQ,MLM,3000,,3000,100.0,ZNE,train,gold,MQ_MLM_GOLD_20140416_094357
"bucket1$511,:3,:6001",2014-04-16T09:43:25.980000,MQ,SAM,3000,3160.0,3000,100.0,ZNE,train,gold,MQ_SAM_GOLD_20140416_094355
"bucket2$173,:3,:6001",2014-04-16T13:29:37.819900,MQ,BAM,3000,,3000,100.0,ZNE,dev,gold,MQ_BAM_GOLD_20140416_133007
"bucket1$512,:3,:6001",2014-04-16T13:29:38.109900,MQ,CPM,3000,,3000,100.0,ZNE,train,gold,MQ_CPM_GOLD_20140416_133008
"bucket1$513,:3,:6001",2014-04-16T13:29:38.299900,MQ,GBM,3000,,3000,100.0,ZNE,train,gold,MQ_GBM_GOLD_20140416_133008
"bucket1$514,:3,:6001",2014-04-16T13:29:38.330000,MQ,IA2,3000,3083.0,3000,100.0,ZNE,train,gold,MQ_IA2_GOLD_20140416_133008
"bucket1$515,:3,:6001",2014-04-16T13:29:38.300000,MQ,LAM,3000,,3000,100.0,ZNE,train,gold,MQ_LAM_GOLD_20140416_133008
"bucket1$516,:3,:6001",2014-04-16T13:29:38.330000,MQ,SAM,3000,,3000,100.0,ZNE,train,gold,MQ_SAM_GOLD_20140416_133008
"bucket1$517,:3,:6001",2014-04-16T13:30:04.059900,MQ,CPM,3000,,3000,100.0,ZNE,train,gold,MQ_CPM_GOLD_20140416_133034
"bucket1$518,:3,:6001",2014-04-16T13:30:03.739900,MQ,GBM,3000,,3000,100.0,ZNE,train,gold,MQ_GBM_GOLD_20140416_133033
"bucket4$195,:3,:6001",2014-04-16T13:30:03.880000,MQ,IA2,3000,3107.0,3000,100.0,ZNE,test,gold,MQ_IA2_GOLD_20140416_133033
"bucket1$519,:3,:6001",2014-04-16T13:30:04.700000,MQ,LAM,3000,3031.0,3000,100.0,ZNE,train,gold,MQ_LAM_GOLD_20140416_133034
"bucket1$520,:3,:6001",2014-04-16T13:30:04.640000,MQ,SAM,3000,,3000,100.0,ZNE,train,gold,MQ_SAM_GOLD_20140416_133034
"bucket1$521,:3,:6001",2014-04-17T03:26:46.520000,MQ,SAM,3000,3162.0,3000,100.0,ZNE,train,gold,MQ_SAM_GOLD_20140417_032716
"bucket1$522,:3,:6001",2014-04-17T04:13:20.819900,MQ,BAM,3000,,3000,100.0,ZNE,train,gold,MQ_BAM_GOLD_20140417_041350
"bucket2$174,:3,:6001",2014-04-17T04:13:21.749900,MQ,CPM,3000,,3000,100.0,ZNE,dev,gold,MQ_CPM_GOLD_20140417_041351
"bucket1$523,:3,:6001",2014-04-17T04:13:20.649900,MQ,GBM,3000,,3000,100.0,ZNE,train,gold,MQ_GBM_GOLD_20140417_041350
"bucket1$524,:3,:6001",2014-04-17T04:13:21.530000,MQ,IA2,3000,3067.0,3000,100.0,ZNE,train,gold,MQ_IA2_GOLD_20140417_041351
"bucket1$525,:3,:6001",2014-04-17T04:13:20.780000,MQ,LAM,3000,3059.0,3000,100.0,ZNE,train,gold,MQ_LAM_GOLD_20140417_041350
"bucket1$526,:3,:6001",2014-04-17T04:13:20.810000,MQ,SAM,3000,3112.0,3000,100.0,ZNE,train,gold,MQ_SAM_GOLD_20140417_041350
"bucket1$527,:3,:6001",2014-04-17T17:39:20.759900,MQ,BAM,3000,,3000,100.0,ZNE,train,gold,MQ_BAM_GOLD_20140417_173950
"bucket1$528,:3,:6001",2014-04-17T17:39:16.289900,MQ,CPM,3000,,3000,100.0,ZNE,train,gold,MQ_CPM_GOLD_20140417_173946
"bucket1$529,:3,:6001",2014-04-17T17:39:16.119900,MQ,GBM,3000,,3000,100.0,ZNE,train,gold,MQ_GBM_GOLD_20140417_173946
"bucket1$530,:3,:6001",2014-04-17T17:39:15.710000,MQ,IA2,3000,3235.0,3000,100.0,ZNE,train,gold,MQ_IA2_GOLD_20140417_173945
"bucket1$531,:3,:6001",2014-04-18T07:53:31.249900,MQ,BAM,3000,,3000,100.0,ZNE,train,gold,MQ_BAM_GOLD_20140418_075401
"bucket1$532,:3,:6001",2014-04-18T07:53:30.009900,MQ,CPM,3000,,3000,100.0,ZNE,train,gold,MQ_CPM_GOLD_20140418_075400
"bucket4$196,:3,:6001",2014-04-18T07:53:29.819900,MQ,GBM,3000,,3000,100.0,ZNE,test,gold,MQ_GBM_GOLD_20140418_075359
"bucket1$533,:3,:6001",2014-04-18T07:53:29.500000,MQ,IA2,3000,3111.0,3000,100.0,ZNE,train,gold,MQ_IA2_GOLD_20140418_075359
"bucket2$175,:3,:6001",2014-04-18T07:53:32.230000,MQ,LAM,3000,3033.0,3000,100.0,ZNE,dev,gold,MQ_LAM_GOLD_20140418_075402
"bucket1$534,:3,:6001",2014-04-18T07:53:29.649900,MQ,MLM,3000,,3000,100.0,ZNE,train,gold,MQ_MLM_GOLD_20140418_075359
"bucket1$535,:3,:6001",2014-04-18T07:53:31.910000,MQ,SAM,3000,3118.0,3000,100.0,ZNE,train,gold,MQ_SAM_GOLD_20140418_075401
"bucket1$536,:3,:6001",2014-04-18T12:17:48.859900,MQ,BAM,3000,,3000,100.0,ZNE,train,gold,MQ_BAM_GOLD_20140418_121818
"bucket1$537,:3,:6001",2014-04-18T12:17:47.259900,MQ,GBM,3000,,3000,100.0,ZNE,train,gold,MQ_GBM_GOLD_20140418_121817
"bucket1$538,:3,:6001",2014-04-18T12:17:49.020000,MQ,LAM,3000,3124.0,3000,100.0,ZNE,train,gold,MQ_LAM_GOLD_20140418_121819
"bucket1$539,:3,:6001",2014-04-18T12:17:45.130000,MQ,SAM,3000,3047.0,3000,100.0,ZNE,train,gold,MQ_SAM_GOLD_20140418_121815
"bucket1$540,:3,:6001",2014-04-18T23:17:20.939900,MQ,BAM,3000,,3000,100.0,ZNE,train,gold,MQ_BAM_GOLD_20140418_231750
"bucket1$541,:3,:6001",2014-04-18T23:17:21.939900,MQ,CPM,3000,,3000,100.0,ZNE,train,gold,MQ_CPM_GOLD_20140418_231751
"bucket1$542,:3,:6001",2014-04-18T23:17:21.270000,MQ,IA2,3000,3309.0,3000,100.0,ZNE,train,gold,MQ_IA2_GOLD_20140418_231751
"bucket1$543,:3,:6001",2014-04-18T23:17:22.819900,MQ,MLM,3000,,3000,100.0,ZNE,train,gold,MQ_MLM_GOLD_20140418_231752
"bucket1$544,:3,:6001",2014-04-18T23:17:35.319900,MQ,BAM,3000,,3000,100.0,ZNE,train,gold,MQ_BAM_GOLD_20140418_231805
"bucket1$545,:3,:6001",2014-04-18T23:17:35.679900,MQ,CPM,3000,,3000,100.0,ZNE,train,gold,MQ_CPM_GOLD_20140418_231805
"bucket1$546,:3,:6001",2014-04-18T23:17:36.199900,MQ,GBM,3000,,3000,100.0,ZNE,train,gold,MQ_GBM_GOLD_20140418_231806
"bucket1$547,:3,:6001",2014-04-18T23:17:36.930000,MQ,IA2,3000,3082.0,3000,100.0,ZNE,train,gold,MQ_IA2_GOLD_20140418_231806
"bucket1$548,:3,:6001",2014-04-18T23:17:36.310000,MQ,LAM,3000,3301.0,3000,100.0,ZNE,train,gold,MQ_LAM_GOLD_20140418_231806
"bucket1$549,:3,:6001",2014-04-18T23:17:37.469900,MQ,MLM,3000,,3000,100.0,ZNE,train,gold,MQ_MLM_GOLD_20140418_231807
"bucket1$550,:3,:6001",2014-04-19T01:08:19.859900,MQ,BAM,3000,,3000,100.0,ZNE,train,gold,MQ_BAM_GOLD_20140419_010849
"bucket1$551,:3,:6001",2014-04-19T01:08:19.539900,MQ,CPM,3000,,3000,100.0,ZNE,train,gold,MQ_CPM_GOLD_20140419_010849
"bucket1$552,:3,:6001",2014-04-19T01:08:19.189900,MQ,GBM,3000,,3000,100.0,ZNE,train,gold,MQ_GBM_GOLD_20140419_010849
"bucket1$553,:3,:6001",2014-04-19T01:08:19.539900,MQ,MLM,3000,,3000,100.0,ZNE,train,gold,MQ_MLM_GOLD_20140419_010849
"bucket4$197,:3,:6001",2014-04-19T01:08:29.939900,MQ,CPM,3000,,3000,100.0,ZNE,test,gold,MQ_CPM_GOLD_20140419_010859
"bucket1$554,:3,:6001",2014-04-19T01:08:29.560000,MQ,IA2,3000,3189.0,3000,100.0,ZNE,train,gold,MQ_IA2_GOLD_20140419_010859
"bucket1$555,:3,:6001",2014-04-19T01:08:29.670000,MQ,LAM,3000,3195.0,3000,100.0,ZNE,train,gold,MQ_LAM_GOLD_20140419_010859
"bucket1$556,:3,:6001",2014-04-19T01:08:29.460000,MQ,SAM,3000,,3000,100.0,ZNE,train,gold,MQ_SAM_GOLD_20140419_010859
"bucket1$557,:3,:6001",2014-04-19T03:21:43.029900,MQ,BAM,3000,,3000,100.0,ZNE,train,gold,MQ_BAM_GOLD_20140419_032213
"bucket1$558,:3,:6001",2014-04-19T03:21:43.589900,MQ,CPM,3000,,3000,100.0,ZNE,train,gold,MQ_CPM_GOLD_20140419_032213
"bucket1$559,:3,:6001",2014-04-19T03:21:43.269900,MQ,GBM,3000,,3000,100.0,ZNE,train,gold,MQ_GBM_GOLD_20140419_032213
"bucket1$560,:3,:6001",2014-04-19T03:21:42.719900,MQ,MLM,3000,,3000,100.0,ZNE,train,gold,MQ_MLM_GOLD_20140419_032212
"bucket2$176,:3,:6001",2014-04-19T03:21:43.280000,MQ,SAM,3000,3049.0,3000,100.0,ZNE,dev,gold,MQ_SAM_GOLD_20140419_032213
"bucket1$561,:3,:6001",2014-04-19T05:06:12.099900,MQ,BAM,3000,,3000,100.0,ZNE,train,gold,MQ_BAM_GOLD_20140419_050642
"bucket1$562,:3,:6001",2014-04-19T05:06:12.139900,MQ,CPM,3000,,3000,100.0,ZNE,train,gold,MQ_CPM_GOLD_20140419_050642
"bucket4$198,:3,:6001",2014-04-19T05:06:12.129900,MQ,GBM,3000,,3000,100.0,ZNE,test,gold,MQ_GBM_GOLD_20140419_050642
"bucket1$563,:3,:6001",2014-04-19T05:06:12.820000,MQ,LAM,3000,3114.0,3000,100.0,ZNE,train,gold,MQ_LAM_GOLD_20140419_050642
"bucket1$564,:3,:6001",2014-04-19T05:06:22.289900,MQ,BAM,3000,,3000,100.0,ZNE,train,gold,MQ_BAM_GOLD_20140419_050652
"bucket1$565,:3,:6001",2014-04-19T05:06:23.179900,MQ,CPM,3000,,3000,100.0,ZNE,train,gold,MQ_CPM_GOLD_20140419_050653
"bucket1$566,:3,:6001",2014-04-19T05:06:22.449900,MQ,GBM,3000,,3000,100.0,ZNE,train,gold,MQ_GBM_GOLD_20140419_050652
"bucket1$567,:3,:6001",2014-04-19T05:06:23.200000,MQ,LAM,3000,3114.0,3000,100.0,ZNE,train,gold,MQ_LAM_GOLD_20140419_050653
"bucket1$568,:3,:6001",2014-04-19T05:06:23.529900,MQ,MLM,3000,,3000,100.0,ZNE,train,gold,MQ_MLM_GOLD_20140419_050653
"bucket1$569,:3,:6001",2014-04-19T05:06:24.180000,MQ,SAM,3000,3058.0,3000,100.0,ZNE,train,gold,MQ_SAM_GOLD_20140419_050654
"bucket1$570,:3,:6001",2014-04-19T12:09:47.309900,MQ,BAM,3000,,3000,100.0,ZNE,train,gold,MQ_BAM_GOLD_20140419_121017
"bucket1$571,:3,:6001",2014-04-19T12:09:51.419900,MQ,CPM,3000,,3000,100.0,ZNE,train,gold,MQ_CPM_GOLD_20140419_121021
"bucket1$572,:3,:6001",2014-04-19T12:09:49.779900,MQ,GBM,3000,,3000,100.0,ZNE,train,gold,MQ_GBM_GOLD_20140419_121019
"bucket1$573,:3,:6001",2014-04-19T12:09:49.340000,MQ,LAM,3000,3006.0,3000,100.0,ZNE,train,gold,MQ_LAM_GOLD_20140419_121019
"bucket1$574,:3,:6001",2014-04-19T12:39:28.179900,MQ,BAM,3000,,3000,100.0,ZNE,train,gold,MQ_BAM_GOLD_20140419_123958
"bucket1$575,:3,:6001",2014-04-19T12:39:28.959900,MQ,CPM,3000,,3000,100.0,ZNE,train,gold,MQ_CPM_GOLD_20140419_123958
"bucket1$576,:3,:6001",2014-04-19T12:39:28.119900,MQ,GBM,3000,,3000,100.0,ZNE,train,gold,MQ_GBM_GOLD_20140419_123958
"bucket2$177,:3,:6001",2014-04-19T12:39:28.230000,MQ,IA2,3000,3164.0,3000,100.0,ZNE,dev,gold,MQ_IA2_GOLD_20140419_123958
"bucket4$199,:3,:6001",2014-04-19T12:39:28.849900,MQ,MLM,3000,,3000,100.0,ZNE,test,gold,MQ_MLM_GOLD_20140419_123958
"bucket4$200,:3,:6001",2014-04-19T12:43:21.969900,MQ,BAM,3000,,3000,100.0,ZNE,test,gold,MQ_BAM_GOLD_20140419_124351
"bucket1$577,:3,:6001",2014-04-19T12:43:22.759900,MQ,CPM,3000,,3000,100.0,ZNE,train,gold,MQ_CPM_GOLD_20140419_124352
"bucket1$578,:3,:6001",2014-04-19T12:43:22.759900,MQ,GBM,3000,,3000,100.0,ZNE,train,gold,MQ_GBM_GOLD_20140419_124352
"bucket2$178,:3,:6001",2014-04-19T12:43:22.280000,MQ,IA2,3000,3121.0,3000,100.0,ZNE,dev,gold,MQ_IA2_GOLD_20140419_124352
"bucket1$579,:3,:6001",2014-04-19T12:43:22.800000,MQ,LAM,3000,3034.0,3000,100.0,ZNE,train,gold,MQ_LAM_GOLD_20140419_124352
"bucket1$580,:3,:6001",2014-04-19T12:43:22.759900,MQ,MLM,3000,,3000,100.0,ZNE,train,gold,MQ_MLM_GOLD_20140419_124352
"bucket2$179,:3,:6001",2014-04-19T12:43:22.410000,MQ,SAM,3000,3142.0,3000,100.0,ZNE,dev,gold,MQ_SAM_GOLD_20140419_124352
"bucket1$581,:3,:6001",2014-04-19T15:08:48.679900,MQ,BAM,3000,,3000,100.0,ZNE,train,gold,MQ_BAM_GOLD_20140419_150918
"bucket1$582,:3,:6001",2014-04-19T15:08:49.169900,MQ,CPM,3000,,3000,100.0,ZNE,train,gold,MQ_CPM_GOLD_20140419_150919
"bucket1$583,:3,:6001",2014-04-19T15:08:48.580000,MQ,IA2,3000,3015.0,3000,100.0,ZNE,train,gold,MQ_IA2_GOLD_20140419_150918
"bucket1$584,:3,:6001",2014-04-19T15:08:48.749900,MQ,MLM,3000,,3000,100.0,ZNE,train,gold,MQ_MLM_GOLD_20140419_150918
"bucket4$201,:3,:6001",2014-04-19T19:31:58.569900,MQ,BAM,3000,,3000,100.0,ZNE,test,gold,MQ_BAM_GOLD_20140419_193228
"bucket1$585,:3,:6001",2014-04-19T19:31:57.109900,MQ,CPM,3000,,3000,100.0,ZNE,train,gold,MQ_CPM_GOLD_20140419_193227
"bucket1$586,:3,:6001",2014-04-19T19:31:56.910000,MQ,IA2,3000,3011.0,3000,100.0,ZNE,train,gold,MQ_IA2_GOLD_20140419_193226
"bucket1$587,:3,:6001",2014-04-19T19:32:01.650000,MQ,LAM,3000,3021.0,3000,100.0,ZNE,train,gold,MQ_LAM_GOLD_20140419_193231
"bucket4$202,:3,:6001",2014-04-19T19:31:57.550000,MQ,SAM,3000,3151.0,3000,100.0,ZNE,test,gold,MQ_SAM_GOLD_20140419_193227
"bucket1$588,:3,:6001",2014-04-20T06:25:10.119900,MQ,CPM,3000,,3000,100.0,ZNE,train,gold,MQ_CPM_GOLD_20140420_062540
"bucket1$589,:3,:6001",2014-04-20T07:49:27.289900,MQ,BAM,3000,,3000,100.0,ZNE,train,gold,MQ_BAM_GOLD_20140420_074957
"bucket1$590,:3,:6001",2014-04-20T07:49:27.169900,MQ,GBM,3000,,3000,100.0,ZNE,train,gold,MQ_GBM_GOLD_20140420_074957
"bucket1$591,:3,:6001",2014-04-20T07:49:32.670000,MQ,LAM,3000,,3000,100.0,ZNE,train,gold,MQ_LAM_GOLD_20140420_075002
"bucket1$592,:3,:6001",2014-04-20T07:49:29.769900,MQ,MLM,3000,,3000,100.0,ZNE,train,gold,MQ_MLM_GOLD_20140420_074959
"bucket1$593,:3,:6001",2014-04-20T13:56:17.919900,MQ,BAM,3000,,3000,100.0,ZNE,train,gold,MQ_BAM_GOLD_20140420_135647
"bucket1$594,:3,:6001",2014-04-20T13:56:16.959900,MQ,CPM,3000,,3000,100.0,ZNE,train,gold,MQ_CPM_GOLD_20140420_135646
"bucket1$595,:3,:6001",2014-04-20T13:56:21.839900,MQ,GBM,3000,,3000,100.0,ZNE,train,gold,MQ_GBM_GOLD_20140420_135651
"bucket1$596,:3,:6001",2014-04-20T13:56:14.319900,MQ,MLM,3000,,3000,100.0,ZNE,train,gold,MQ_MLM_GOLD_20140420_135644
"bucket1$597,:3,:6001",2014-04-20T14:27:37.360000,MQ,SAM,3000,3027.0,3000,100.0,ZNE,train,gold,MQ_SAM_GOLD_20140420_142807
"bucket4$203,:3,:6001",2014-04-20T16:14:13.279900,MQ,BAM,3000,,3000,100.0,ZNE,test,gold,MQ_BAM_GOLD_20140420_161443
"bucket1$598,:3,:6001",2014-04-20T16:14:13.939900,MQ,CPM,3000,,3000,100.0,ZNE,train,gold,MQ_CPM_GOLD_20140420_161443
"bucket1$599,:3,:6001",2014-04-20T16:14:12.269900,MQ,GBM,3000,,3000,100.0,ZNE,train,gold,MQ_GBM_GOLD_20140420_161442
"bucket1$600,:3,:6001",2014-04-20T16:14:12.910000,MQ,IA2,3000,3058.0,3000,100.0,ZNE,train,gold,MQ_IA2_GOLD_20140420_161442
"bucket1$601,:3,:6001",2014-04-20T19:33:59.819900,MQ,BAM,3000,,3000,100.0,ZNE,train,gold,MQ_BAM_GOLD_20140420_193429
"bucket1$602,:3,:6001",2014-04-20T19:33:59.849900,MQ,CPM,3000,,3000,100.0,ZNE,train,gold,MQ_CPM_GOLD_20140420_193429
"bucket1$603,:3,:6001",2014-04-20T19:33:58.859900,MQ,GBM,3000,,3000,100.0,ZNE,train,gold,MQ_GBM_GOLD_20140420_193428
"bucket4$204,:3,:6001",2014-04-20T19:33:59.500000,MQ,IA2,3000,3037.0,3000,100.0,ZNE,test,gold,MQ_IA2_GOLD_20140420_193429
"bucket1$604,:3,:6001",2014-04-20T19:34:01.129900,MQ,MLM,3000,,3000,100.0,ZNE,train,gold,MQ_MLM_GOLD_20140420_193431
"bucket1$605,:3,:6001",2014-04-20T21:23:22.179900,MQ,BAM,3000,,3000,100.0,ZNE,train,gold,MQ_BAM_GOLD_20140420_212352
"bucket2$180,:3,:6001",2014-04-20T21:23:21.939900,MQ,GBM,3000,,3000,100.0,ZNE,dev,gold,MQ_GBM_GOLD_20140420_212351
"bucket1$606,:3,:6001",2014-04-20T21:23:21.910000,MQ,IA2,3000,3030.0,3000,100.0,ZNE,train,gold,MQ_IA2_GOLD_20140420_212351
"bucket4$205,:3,:6001",2014-04-20T21:23:21.590000,MQ,LAM,3000,3030.0,3000,100.0,ZNE,test,gold,MQ_LAM_GOLD_20140420_212351
"bucket1$607,:3,:6001",2014-04-20T22:30:20.899900,MQ,BAM,3000,,3000,100.0,ZNE,train,gold,MQ_BAM_GOLD_20140420_223050
"bucket1$608,:3,:6001",2014-04-20T22:30:22.259900,MQ,CPM,3000,,3000,100.0,ZNE,train,gold,MQ_CPM_GOLD_20140420_223052
"bucket2$181,:3,:6001",2014-04-20T22:30:20.619900,MQ,GBM,3000,,3000,100.0,ZNE,dev,gold,MQ_GBM_GOLD_20140420_223050
"bucket2$182,:3,:6001",2014-04-20T22:30:21.360000,MQ,IA2,3000,3037.0,3000,100.0,ZNE,dev,gold,MQ_IA2_GOLD_20140420_223051
"bucket1$609,:3,:6001",2014-04-21T02:02:49.149900,MQ,BAM,3000,,3000,100.0,ZNE,train,gold,MQ_BAM_GOLD_20140421_020319
"bucket1$610,:3,:6001",2014-04-21T02:02:49.079900,MQ,GBM,3000,,3000,100.0,ZNE,train,gold,MQ_GBM_GOLD_20140421_020319
"bucket1$611,:3,:6001",2014-04-21T02:02:49.080000,MQ,IA2,3000,3469.0,3000,100.0,ZNE,train,gold,MQ_IA2_GOLD_20140421_020319
"bucket1$612,:3,:6001",2014-04-21T02:02:48.390000,MQ,LAM,3000,3297.0,3000,100.0,ZNE,train,gold,MQ_LAM_GOLD_20140421_020318
"bucket1$613,:3,:6001",2014-04-21T02:02:49.679900,MQ,MLM,3000,,3000,100.0,ZNE,train,gold,MQ_MLM_GOLD_20140421_020319
"bucket1$614,:3,:6001",2014-04-21T02:02:51.350000,MQ,SAM,3000,3004.0,3000,100.0,ZNE,train,gold,MQ_SAM_GOLD_20140421_020321
"bucket1$615,:3,:6001",2014-04-21T02:31:20.129900,MQ,BAM,3000,,3000,100.0,ZNE,train,gold,MQ_BAM_GOLD_20140421_023150
"bucket1$616,:3,:6001",2014-04-21T02:31:19.289900,MQ,GBM,3000,,3000,100.0,ZNE,train,gold,MQ_GBM_GOLD_20140421_023149
"bucket1$617,:3,:6001",2014-04-21T02:31:19.650000,MQ,LAM,3000,3082.0,3000,100.0,ZNE,train,gold,MQ_LAM_GOLD_20140421_023149
"bucket1$618,:3,:6001",2014-04-21T02:31:20.490000,MQ,SAM,3000,3059.0,3000,100.0,ZNE,train,gold,MQ_SAM_GOLD_20140421_023150
"bucket1$619,:3,:6001",2014-04-21T02:40:33.350000,MQ,SAM,3000,3032.0,3000,100.0,ZNE,train,gold,MQ_SAM_GOLD_20140421_024103
"bucket1$620,:3,:6001",2014-04-21T03:05:38.260000,MQ,SAM,3000,3026.0,3000,100.0,ZNE,train,gold,MQ_SAM_GOLD_20140421_030608
"bucket1$621,:3,:6001",2014-04-21T03:21:38.869900,MQ,BAM,3000,,3000,100.0,ZNE,train,gold,MQ_BAM_GOLD_20140421_032208
"bucket1$622,:3,:6001",2014-04-21T03:21:39.239900,MQ,CPM,3000,,3000,100.0,ZNE,train,gold,MQ_CPM_GOLD_20140421_032209
"bucket1$623,:3,:6001",2014-04-21T03:21:38.539900,MQ,GBM,3000,,3000,100.0,ZNE,train,gold,MQ_GBM_GOLD_20140421_032208
"bucket1$624,:3,:6001",2014-04-21T03:21:38.700000,MQ,LAM,3000,3141.0,3000,100.0,ZNE,train,gold,MQ_LAM_GOLD_20140421_032208
"bucket4$206,:3,:6001",2014-04-21T03:21:39.609900,MQ,MLM,3000,,3000,100.0,ZNE,test,gold,MQ_MLM_GOLD_20140421_032209
"bucket4$207,:3,:6001",2014-04-21T04:01:22.859900,MQ,BAM,3000,,3000,100.0,ZNE,test,gold,MQ_BAM_GOLD_20140421_040152
"bucket1$625,:3,:6001",2014-04-21T04:01:23.239900,MQ,CPM,3000,,3000,100.0,ZNE,train,gold,MQ_CPM_GOLD_20140421_040153
"bucket1$626,:3,:6001",2014-04-21T04:01:21.229900,MQ,GBM,3000,,3000,100.0,ZNE,train,gold,MQ_GBM_GOLD_20140421_040151
"bucket1$627,:3,:6001",2014-04-21T04:01:23.789900,MQ,MLM,3000,,3000,100.0,ZNE,train,gold,MQ_MLM_GOLD_20140421_040153
"bucket1$628,:3,:6001",2014-04-21T04:01:22.470000,MQ,SAM,3000,3058.0,3000,100.0,ZNE,train,gold,MQ_SAM_GOLD_20140421_040152
"bucket5$12,:3,:2900",2014-04-21T04:12:00.750000,MQ,IA2,2520,2718.0,2520,100.0,ZNE,train,gold,MQ_IA2_GOLD_20140421_041225
"bucket1$629,:3,:6001",2014-04-21T16:15:46.889900,MQ,BAM,3000,,3000,100.0,ZNE,train,gold,MQ_BAM_GOLD_20140421_161616
"bucket1$630,:3,:6001",2014-04-21T16:15:47.869900,MQ,GBM,3000,,3000,100.0,ZNE,train,gold,MQ_GBM_GOLD_20140421_161617
"bucket2$183,:3,:6001",2014-04-21T16:15:48.700000,MQ,IA2,3000,3031.0,3000,100.0,ZNE,dev,gold,MQ_IA2_GOLD_20140421_161618
"bucket1$631,:3,:6001",2014-04-21T16:15:52.380000,MQ,SAM,3000,3034.0,3000,100.0,ZNE,train,gold,MQ_SAM_GOLD_20140421_161622
"bucket1$632,:3,:6001",2014-04-21T19:54:58.049900,MQ,BAM,3000,,3000,100.0,ZNE,train,gold,MQ_BAM_GOLD_20140421_195528
"bucket2$184,:3,:6001",2014-04-21T19:54:58.339900,MQ,CPM,3000,,3000,100.0,ZNE,dev,gold,MQ_CPM_GOLD_20140421_195528
"bucket1$633,:3,:6001",2014-04-21T19:54:59.489900,MQ,GBM,3000,,3000,100.0,ZNE,train,gold,MQ_GBM_GOLD_20140421_195529
"bucket1$634,:3,:6001",2014-04-21T19:54:58.320000,MQ,IA2,3000,,3000,100.0,ZNE,train,gold,MQ_IA2_GOLD_20140421_195528
"bucket2$185,:3,:6001",2014-04-21T20:12:27.129900,MQ,BAM,3000,,3000,100.0,ZNE,dev,gold,MQ_BAM_GOLD_20140421_201257
"bucket4$208,:3,:6001",2014-04-21T20:12:26.129900,MQ,GBM,3000,,3000,100.0,ZNE,test,gold,MQ_GBM_GOLD_20140421_201256
"bucket1$635,:3,:6001",2014-04-21T20:12:26.800000,MQ,IA2,3000,3104.0,3000,100.0,ZNE,train,gold,MQ_IA2_GOLD_20140421_201256
"bucket1$636,:3,:6001",2014-04-21T20:12:25.040000,MQ,SAM,3000,3253.0,3000,100.0,ZNE,train,gold,MQ_SAM_GOLD_20140421_201255
"bucket1$637,:3,:6001",2014-04-21T20:59:42.169900,MQ,BAM,3000,,3000,100.0,ZNE,train,gold,MQ_BAM_GOLD_20140421_210012
"bucket1$638,:3,:6001",2014-04-21T20:59:40.479900,MQ,GBM,3000,,3000,100.0,ZNE,train,gold,MQ_GBM_GOLD_20140421_210010
"bucket2$186,:3,:6001",2014-04-21T20:59:41.530000,MQ,IA2,3000,3030.0,3000,100.0,ZNE,dev,gold,MQ_IA2_GOLD_20140421_210011
"bucket1$639,:3,:6001",2014-04-21T20:59:37.100000,MQ,SAM,3000,3058.0,3000,100.0,ZNE,train,gold,MQ_SAM_GOLD_20140421_210007
"bucket1$640,:3,:6001",2014-04-21T21:08:44.769900,MQ,BAM,3000,,3000,100.0,ZNE,train,gold,MQ_BAM_GOLD_20140421_210914
"bucket1$641,:3,:6001",2014-04-21T21:08:38.109900,MQ,CPM,3000,,3000,100.0,ZNE,train,gold,MQ_CPM_GOLD_20140421_210908
"bucket1$642,:3,:6001",2014-04-21T21:08:43.379900,MQ,GBM,3000,,3000,100.0,ZNE,train,gold,MQ_GBM_GOLD_20140421_210913
"bucket1$643,:3,:6001",2014-04-21T21:08:44.160000,MQ,IA2,3000,3030.0,3000,100.0,ZNE,train,gold,MQ_IA2_GOLD_20140421_210914
"bucket1$644,:3,:6001",2014-04-21T21:08:39.930000,MQ,SAM,3000,3069.0,3000,100.0,ZNE,train,gold,MQ_SAM_GOLD_20140421_210909
"bucket1$645,:3,:6001",2014-04-22T00:38:03.039900,MQ,BAM,3000,,3000,100.0,ZNE,train,gold,MQ_BAM_GOLD_20140422_003833
"bucket2$187,:3,:6001",2014-04-22T00:38:03.239900,MQ,CPM,3000,,3000,100.0,ZNE,dev,gold,MQ_CPM_GOLD_20140422_003833
"bucket1$646,:3,:6001",2014-04-22T00:38:02.149900,MQ,GBM,3000,,3000,100.0,ZNE,train,gold,MQ_GBM_GOLD_20140422_003832
"bucket2$188,:3,:6001",2014-04-22T00:38:04.020000,MQ,IA2,3000,3040.0,3000,100.0,ZNE,dev,gold,MQ_IA2_GOLD_20140422_003834
"bucket1$647,:3,:6001",2014-04-22T03:15:21.929900,MQ,BAM,3000,,3000,100.0,ZNE,train,gold,MQ_BAM_GOLD_20140422_031551
"bucket1$648,:3,:6001",2014-04-22T03:15:22.819900,MQ,CPM,3000,,3000,100.0,ZNE,train,gold,MQ_CPM_GOLD_20140422_031552
"bucket1$649,:3,:6001",2014-04-22T03:15:23.209900,MQ,GBM,3000,,3000,100.0,ZNE,train,gold,MQ_GBM_GOLD_20140422_031553
"bucket1$650,:3,:6001",2014-04-22T03:15:23.070000,MQ,IA2,3000,3046.0,3000,100.0,ZNE,train,gold,MQ_IA2_GOLD_20140422_031553
"bucket1$651,:3,:6001",2014-04-22T03:15:24.650000,MQ,LAM,3000,3051.0,3000,100.0,ZNE,train,gold,MQ_LAM_GOLD_20140422_031554
"bucket4$209,:3,:6001",2014-04-22T03:15:25.889900,MQ,MLM,3000,,3000,100.0,ZNE,test,gold,MQ_MLM_GOLD_20140422_031555
"bucket1$652,:3,:6001",2014-04-22T04:25:49.499900,MQ,BAM,3000,,3000,100.0,ZNE,train,gold,MQ_BAM_GOLD_20140422_042619
"bucket1$653,:3,:6001",2014-04-22T04:25:49.669900,MQ,CPM,3000,,3000,100.0,ZNE,train,gold,MQ_CPM_GOLD_20140422_042619
"bucket1$654,:3,:6001",2014-04-22T04:25:49.769900,MQ,GBM,3000,,3000,100.0,ZNE,train,gold,MQ_GBM_GOLD_20140422_042619
"bucket1$655,:3,:6001",2014-04-22T04:25:49.520000,MQ,IA2,3000,3129.0,3000,100.0,ZNE,train,gold,MQ_IA2_GOLD_20140422_042619
"bucket4$210,:3,:6001",2014-04-22T04:25:49.119900,MQ,MLM,3000,,3000,100.0,ZNE,test,gold,MQ_MLM_GOLD_20140422_042619
"bucket1$656,:3,:6001",2014-04-22T04:57:16.679900,MQ,BAM,3000,,3000,100.0,ZNE,train,gold,MQ_BAM_GOLD_20140422_045746
"bucket2$189,:3,:6001",2014-04-22T04:57:16.089900,MQ,GBM,3000,,3000,100.0,ZNE,dev,gold,MQ_GBM_GOLD_20140422_045746
"bucket2$190,:3,:6001",2014-04-22T04:57:16.780000,MQ,IA2,3000,3033.0,3000,100.0,ZNE,dev,gold,MQ_IA2_GOLD_20140422_045746
"bucket1$657,:3,:6001",2014-04-22T04:57:15.850000,MQ,LAM,3000,3292.0,3000,100.0,ZNE,train,gold,MQ_LAM_GOLD_20140422_045745
"bucket2$191,:3,:6001",2014-04-22T05:56:08.229900,MQ,BAM,3000,,3000,100.0,ZNE,dev,gold,MQ_BAM_GOLD_20140422_055638
"bucket1$658,:3,:6001",2014-04-22T05:56:07.399900,MQ,CPM,3000,,3000,100.0,ZNE,train,gold,MQ_CPM_GOLD_20140422_055637
"bucket1$659,:3,:6001",2014-04-22T05:56:08.489900,MQ,GBM,3000,,3000,100.0,ZNE,train,gold,MQ_GBM_GOLD_20140422_055638
"bucket1$660,:3,:6001",2014-04-22T05:56:07.760000,MQ,IA2,3000,,3000,100.0,ZNE,train,gold,MQ_IA2_GOLD_20140422_055637
"bucket1$661,:3,:6001",2014-04-22T05:56:08.340000,MQ,LAM,3000,3188.0,3000,100.0,ZNE,train,gold,MQ_LAM_GOLD_20140422_055638
"bucket1$662,:3,:6001",2014-04-22T05:56:08.699900,MQ,MLM,3000,,3000,100.0,ZNE,train,gold,MQ_MLM_GOLD_20140422_055638
"bucket1$663,:3,:6001",2014-04-22T05:56:08.050000,MQ,SAM,3000,3112.0,3000,100.0,ZNE,train,gold,MQ_SAM_GOLD_20140422_055638
"bucket1$664,:3,:6001",2014-04-22T13:29:09.400000,MQ,IA2,3000,3059.0,3000,100.0,ZNE,train,gold,MQ_IA2_GOLD_20140422_132939
"bucket4$211,:3,:6001",2014-04-22T13:44:16.799900,MQ,BAM,3000,,3000,100.0,ZNE,test,gold,MQ_BAM_GOLD_20140422_134446
"bucket1$665,:3,:6001",2014-04-22T13:44:21.089900,MQ,CPM,3000,,3000,100.0,ZNE,train,gold,MQ_CPM_GOLD_20140422_134451
"bucket1$666,:3,:6001",2014-04-22T13:44:17.119900,MQ,GBM,3000,,3000,100.0,ZNE,train,gold,MQ_GBM_GOLD_20140422_134447
"bucket1$667,:3,:6001",2014-04-22T13:44:20,MQ,IA2,3000,3029.0,3000,100.0,ZNE,train,gold,MQ_IA2_GOLD_20140422_134450
"bucket1$668,:3,:6001",2014-04-22T13:49:23.320000,MQ,IA2,3000,3029.0,3000,100.0,ZNE,train,gold,MQ_IA2_GOLD_20140422_134953
"bucket2$192,:3,:6001",2014-04-22T13:49:24.780000,MQ,SAM,3000,3073.0,3000,100.0,ZNE,dev,gold,MQ_SAM_GOLD_20140422_134954
"bucket1$669,:3,:6001",2014-04-22T14:19:05.389900,MQ,BAM,3000,,3000,100.0,ZNE,train,gold,MQ_BAM_GOLD_20140422_141935
"bucket1$670,:3,:6001",2014-04-22T14:19:06.199900,MQ,CPM,3000,,3000,100.0,ZNE,train,gold,MQ_CPM_GOLD_20140422_141936
"bucket1$671,:3,:6001",2014-04-22T14:19:06.709900,MQ,GBM,3000,,3000,100.0,ZNE,train,gold,MQ_GBM_GOLD_20140422_141936
"bucket4$212,:3,:6001",2014-04-22T14:19:10.960000,MQ,SAM,3000,3022.0,3000,100.0,ZNE,test,gold,MQ_SAM_GOLD_20140422_141940
"bucket1$672,:3,:6001",2014-04-22T19:32:14.169900,MQ,CPM,3000,,3000,100.0,ZNE,train,gold,MQ_CPM_GOLD_20140422_193244
"bucket1$673,:3,:6001",2014-04-22T19:32:13.559900,MQ,GBM,3000,,3000,100.0,ZNE,train,gold,MQ_GBM_GOLD_20140422_193243
"bucket1$674,:3,:6001",2014-04-22T19:32:12.290000,MQ,IA2,3000,3113.0,3000,100.0,ZNE,train,gold,MQ_IA2_GOLD_20140422_193242
"bucket1$675,:3,:6001",2014-04-22T19:32:13.229900,MQ,MLM,3000,,3000,100.0,ZNE,train,gold,MQ_MLM_GOLD_20140422_193243
"bucket2$193,:3,:6001",2014-04-22T20:30:39.999900,MQ,BAM,3000,,3000,100.0,ZNE,dev,gold,MQ_BAM_GOLD_20140422_203109
"bucket2$194,:3,:6001",2014-04-22T20:30:43.089900,MQ,CPM,3000,,3000,100.0,ZNE,dev,gold,MQ_CPM_GOLD_20140422_203113
"bucket1$676,:3,:6001",2014-04-22T20:30:43.680000,MQ,IA2,3000,3036.0,3000,100.0,ZNE,train,gold,MQ_IA2_GOLD_20140422_203113
"bucket1$677,:3,:6001",2014-04-22T20:30:44.850000,MQ,SAM,3000,3025.0,3000,100.0,ZNE,train,gold,MQ_SAM_GOLD_20140422_203114
"bucket1$678,:3,:6001",2014-04-22T21:30:20.780000,MQ,IA2,3000,3005.0,3000,100.0,ZNE,train,gold,MQ_IA2_GOLD_20140422_213050
"bucket1$679,:3,:6001",2014-04-22T22:35:53.759900,MQ,MLM,3000,,3000,100.0,ZNE,train,gold,MQ_MLM_GOLD_20140422_223623
"bucket1$680,:3,:6001",2014-04-23T01:50:32.699900,MQ,BAM,3000,,3000,100.0,ZNE,train,gold,MQ_BAM_GOLD_20140423_015102
"bucket1$681,:3,:6001",2014-04-23T01:50:32.119900,MQ,GBM,3000,,3000,100.0,ZNE,train,gold,MQ_GBM_GOLD_20140423_015102
"bucket1$682,:3,:6001",2014-04-23T01:50:32.950000,MQ,IA2,3000,3031.0,3000,100.0,ZNE,train,gold,MQ_IA2_GOLD_20140423_015102
"bucket1$683,:3,:6001",2014-04-23T01:50:31.630000,MQ,LAM,3000,3005.0,3000,100.0,ZNE,train,gold,MQ_LAM_GOLD_20140423_015101
"bucket4$213,:3,:6001",2014-04-23T01:50:30.230000,MQ,SAM,3000,3041.0,3000,100.0,ZNE,test,gold,MQ_SAM_GOLD_20140423_015100
"bucket1$684,:3,:6001",2014-04-23T07:04:39.859900,MQ,BAM,3000,,3000,100.0,ZNE,train,gold,MQ_BAM_GOLD_20140423_070509
"bucket1$685,:3,:6001",2014-04-23T07:04:40.019900,MQ,CPM,3000,,3000,100.0,ZNE,train,gold,MQ_CPM_GOLD_20140423_070510
"bucket1$686,:3,:6001",2014-04-23T07:04:40.149900,MQ,GBM,3000,,3000,100.0,ZNE,train,gold,MQ_GBM_GOLD_20140423_070510
"bucket4$214,:3,:6001",2014-04-23T07:04:39.670000,MQ,IA2,3000,3057.0,3000,100.0,ZNE,test,gold,MQ_IA2_GOLD_20140423_070509
"bucket4$215,:3,:6001",2014-04-23T07:04:40.500000,MQ,LAM,3000,2958.0,3000,100.0,ZNE,test,gold,MQ_LAM_GOLD_20140423_070510
"bucket1$687,:3,:6001",2014-04-23T07:04:40.799900,MQ,MLM,3000,,3000,100.0,ZNE,train,gold,MQ_MLM_GOLD_20140423_070510
"bucket1$688,:3,:6001",2014-04-23T21:00:58.890000,MQ,IA2,3000,3054.0,3000,100.0,ZNE,train,gold,MQ_IA2_GOLD_20140423_210128
"bucket1$689,:3,:6001",2014-04-23T21:05:15.909900,MQ,BAM,3000,,3000,100.0,ZNE,train,gold,MQ_BAM_GOLD_20140423_210545
"bucket1$690,:3,:6001",2014-04-23T21:05:14.789900,MQ,GBM,3000,,3000,100.0,ZNE,train,gold,MQ_GBM_GOLD_20140423_210544
"bucket1$691,:3,:6001",2014-04-23T21:05:15.650000,MQ,IA2,3000,3017.0,3000,100.0,ZNE,train,gold,MQ_IA2_GOLD_20140423_210545
"bucket1$692,:3,:6001",2014-04-23T21:05:14.740000,MQ,LAM,3000,3151.0,3000,100.0,ZNE,train,gold,MQ_LAM_GOLD_20140423_210544
"bucket1$693,:3,:6001",2014-04-23T23:48:06.350000,MQ,SAM,3000,3026.0,3000,100.0,ZNE,train,gold,MQ_SAM_GOLD_20140423_234836
"bucket1$694,:3,:6001",2014-04-24T00:55:47.969900,MQ,CPM,3000,,3000,100.0,ZNE,train,gold,MQ_CPM_GOLD_20140424_005617
"bucket1$695,:3,:6001",2014-04-24T00:55:48.450000,MQ,SAM,3000,3029.0,3000,100.0,ZNE,train,gold,MQ_SAM_GOLD_20140424_005618
"bucket1$696,:3,:6001",2014-04-24T02:05:52.149900,MQ,CPM,3000,,3000,100.0,ZNE,train,gold,MQ_CPM_GOLD_20140424_020622
"bucket1$697,:3,:6001",2014-04-24T02:05:51.809900,MQ,MLM,3000,,3000,100.0,ZNE,train,gold,MQ_MLM_GOLD_20140424_020621
"bucket1$698,:3,:6001",2014-04-24T02:05:51.890000,MQ,SAM,3000,3207.0,3000,100.0,ZNE,train,gold,MQ_SAM_GOLD_20140424_020621
"bucket1$699,:3,:6001",2014-04-24T03:46:54.079900,MQ,BAM,3000,,3000,100.0,ZNE,train,gold,MQ_BAM_GOLD_20140424_034724
"bucket1$700,:3,:6001",2014-04-24T03:46:52.989900,MQ,GBM,3000,,3000,100.0,ZNE,train,gold,MQ_GBM_GOLD_20140424_034722
"bucket1$701,:3,:6001",2014-04-24T03:46:53.880000,MQ,IA2,3000,,3000,100.0,ZNE,train,gold,MQ_IA2_GOLD_20140424_034723
"bucket1$702,:3,:6001",2014-04-24T03:46:49.400000,MQ,SAM,3000,3035.0,3000,100.0,ZNE,train,gold,MQ_SAM_GOLD_20140424_034719
"bucket1$703,:3,:6001",2014-04-24T08:22:44.869900,MQ,CPM,3000,,3000,100.0,ZNE,train,gold,MQ_CPM_GOLD_20140424_082314
"bucket1$704,:3,:6001",2014-04-24T08:22:39.900000,MQ,LAM,3000,3061.0,3000,100.0,ZNE,train,gold,MQ_LAM_GOLD_20140424_082309
"bucket1$705,:3,:6001",2014-04-24T08:22:47.829900,MQ,MLM,3000,,3000,100.0,ZNE,train,gold,MQ_MLM_GOLD_20140424_082317
"bucket1$706,:3,:6001",2014-04-24T08:22:47.750000,MQ,SAM,3000,3043.0,3000,100.0,ZNE,train,gold,MQ_SAM_GOLD_20140424_082317
"bucket1$707,:3,:6001",2014-04-24T09:13:59.949900,MQ,BAM,3000,,3000,100.0,ZNE,train,gold,MQ_BAM_GOLD_20140424_091429
"bucket2$195,:3,:6001",2014-04-24T09:13:55.879900,MQ,CPM,3000,,3000,100.0,ZNE,dev,gold,MQ_CPM_GOLD_20140424_091425
"bucket1$708,:3,:6001",2014-04-24T09:13:56.070000,MQ,IA2,3000,3115.0,3000,100.0,ZNE,train,gold,MQ_IA2_GOLD_20140424_091426
"bucket2$196,:3,:6001",2014-04-24T09:13:59.600000,MQ,LAM,3000,3058.0,3000,100.0,ZNE,dev,gold,MQ_LAM_GOLD_20140424_091429
"bucket4$216,:3,:6001",2014-04-24T09:13:58.990000,MQ,SAM,3000,3113.0,3000,100.0,ZNE,test,gold,MQ_SAM_GOLD_20140424_091428
"bucket1$709,:3,:6001",2014-04-24T23:07:30.429900,MQ,BAM,3000,,3000,100.0,ZNE,train,gold,MQ_BAM_GOLD_20140424_230800
"bucket1$710,:3,:6001",2014-04-24T23:07:29.559900,MQ,GBM,3000,,3000,100.0,ZNE,train,gold,MQ_GBM_GOLD_20140424_230759
"bucket1$711,:3,:6001",2014-04-24T23:07:29.990000,MQ,IA2,3000,,3000,100.0,ZNE,train,gold,MQ_IA2_GOLD_20140424_230759
"bucket1$712,:3,:6001",2014-04-24T23:07:33.320000,MQ,SAM,3000,3140.0,3000,100.0,ZNE,train,gold,MQ_SAM_GOLD_20140424_230803
"bucket1$713,:3,:6001",2014-04-25T03:36:23.189900,MQ,BAM,3000,,3000,100.0,ZNE,train,gold,MQ_BAM_GOLD_20140425_033653
"bucket1$714,:3,:6001",2014-04-25T03:36:23.169900,MQ,CPM,3000,,3000,100.0,ZNE,train,gold,MQ_CPM_GOLD_20140425_033653
"bucket1$715,:3,:6001",2014-04-25T03:36:23.169900,MQ,GBM,3000,,3000,100.0,ZNE,train,gold,MQ_GBM_GOLD_20140425_033653
"bucket1$716,:3,:6001",2014-04-25T03:36:23.190000,MQ,IA2,3000,3047.0,3000,100.0,ZNE,train,gold,MQ_IA2_GOLD_20140425_033653
"bucket4$217,:3,:6001",2014-04-25T03:36:24.480000,MQ,LAM,3000,3181.0,3000,100.0,ZNE,test,gold,MQ_LAM_GOLD_20140425_033654
"bucket1$717,:3,:6001",2014-04-25T03:36:23.219900,MQ,MLM,3000,,3000,100.0,ZNE,train,gold,MQ_MLM_GOLD_20140425_033653
"bucket1$718,:3,:6001",2014-04-25T03:36:23.210000,MQ,SAM,3000,3148.0,3000,100.0,ZNE,train,gold,MQ_SAM_GOLD_20140425_033653
"bucket4$218,:3,:6001",2014-04-25T09:05:55.509900,MQ,BAM,3000,,3000,100.0,ZNE,test,gold,MQ_BAM_GOLD_20140425_090625
"bucket1$719,:3,:6001",2014-04-25T09:05:55.899900,MQ,GBM,3000,,3000,100.0,ZNE,train,gold,MQ_GBM_GOLD_20140425_090625
"bucket1$720,:3,:6001",2014-04-25T09:05:56.190000,MQ,IA2,3000,3009.0,3000,100.0,ZNE,train,gold,MQ_IA2_GOLD_20140425_090626
"bucket1$721,:3,:6001",2014-04-25T09:05:55.230000,MQ,LAM,3000,3038.0,3000,100.0,ZNE,train,gold,MQ_LAM_GOLD_20140425_090625
"bucket1$722,:3,:6001",2014-04-25T09:05:54.340000,MQ,SAM,3000,3436.0,3000,100.0,ZNE,train,gold,MQ_SAM_GOLD_20140425_090624
"bucket4$219,:3,:6001",2014-04-25T11:34:05.909900,MQ,BAM,3000,,3000,100.0,ZNE,test,gold,MQ_BAM_GOLD_20140425_113435
"bucket1$723,:3,:6001",2014-04-25T11:34:07.359900,MQ,CPM,3000,,3000,100.0,ZNE,train,gold,MQ_CPM_GOLD_20140425_113437
"bucket1$724,:3,:6001",2014-04-25T11:34:06.909900,MQ,GBM,3000,,3000,100.0,ZNE,train,gold,MQ_GBM_GOLD_20140425_113436
"bucket1$725,:3,:6001",2014-04-25T11:34:07.040000,MQ,IA2,3000,3038.0,3000,100.0,ZNE,train,gold,MQ_IA2_GOLD_20140425_113437
"bucket1$726,:3,:6001",2014-04-25T11:34:06.560000,MQ,LAM,3000,3200.0,3000,100.0,ZNE,train,gold,MQ_LAM_GOLD_20140425_113436
"bucket1$727,:3,:6001",2014-04-25T11:34:07.760000,MQ,SAM,3000,3182.0,3000,100.0,ZNE,train,gold,MQ_SAM_GOLD_20140425_113437
"bucket4$220,:3,:6001",2014-04-25T12:09:25.559900,MQ,BAM,3000,,3000,100.0,ZNE,test,gold,MQ_BAM_GOLD_20140425_120955
"bucket1$728,:3,:6001",2014-04-25T12:09:26.809900,MQ,CPM,3000,,3000,100.0,ZNE,train,gold,MQ_CPM_GOLD_20140425_120956
"bucket1$729,:3,:6001",2014-04-25T12:09:26.519900,MQ,MLM,3000,,3000,100.0,ZNE,train,gold,MQ_MLM_GOLD_20140425_120956
"bucket1$730,:3,:6001",2014-04-25T12:09:23.660000,MQ,SAM,3000,3049.0,3000,100.0,ZNE,train,gold,MQ_SAM_GOLD_20140425_120953
"bucket1$731,:3,:6001",2014-04-25T17:57:17.109900,MQ,BAM,3000,,3000,100.0,ZNE,train,gold,MQ_BAM_GOLD_20140425_175747
"bucket1$732,:3,:6001",2014-04-25T17:57:17.749900,MQ,CPM,3000,,3000,100.0,ZNE,train,gold,MQ_CPM_GOLD_20140425_175747
"bucket1$733,:3,:6001",2014-04-25T17:57:16.459900,MQ,GBM,3000,,3000,100.0,ZNE,train,gold,MQ_GBM_GOLD_20140425_175746
"bucket4$221,:3,:6001",2014-04-25T17:57:17.270000,MQ,IA2,3000,3083.0,3000,100.0,ZNE,test,gold,MQ_IA2_GOLD_20140425_175747
"bucket1$734,:3,:6001",2014-04-25T17:57:17.950000,MQ,LAM,3000,3108.0,3000,100.0,ZNE,train,gold,MQ_LAM_GOLD_20140425_175747
"bucket1$735,:3,:6001",2014-04-25T17:57:17.389900,MQ,MLM,3000,,3000,100.0,ZNE,train,gold,MQ_MLM_GOLD_20140425_175747
"bucket1$736,:3,:6001",2014-04-25T17:57:12.360000,MQ,SAM,3000,3158.0,3000,100.0,ZNE,train,gold,MQ_SAM_GOLD_20140425_175742
"bucket1$737,:3,:6001",2014-04-25T21:31:30.029900,MQ,BAM,3000,,3000,100.0,ZNE,train,gold,MQ_BAM_GOLD_20140425_213200
"bucket1$738,:3,:6001",2014-04-25T21:31:20.869900,MQ,CPM,3000,,3000,100.0,ZNE,train,gold,MQ_CPM_GOLD_20140425_213150
"bucket1$739,:3,:6001",2014-04-25T21:31:31.079900,MQ,GBM,3000,,3000,100.0,ZNE,train,gold,MQ_GBM_GOLD_20140425_213201
"bucket2$197,:3,:6001",2014-04-25T21:31:30.110000,MQ,IA2,3000,3204.0,3000,100.0,ZNE,dev,gold,MQ_IA2_GOLD_20140425_213200
"bucket1$740,:3,:6001",2014-04-25T21:31:30.280000,MQ,LAM,3000,3067.0,3000,100.0,ZNE,train,gold,MQ_LAM_GOLD_20140425_213200
"bucket1$741,:3,:6001",2014-04-25T21:31:31.379900,MQ,MLM,3000,,3000,100.0,ZNE,train,gold,MQ_MLM_GOLD_20140425_213201
"bucket1$742,:3,:6001",2014-04-25T21:31:25.640000,MQ,SAM,3000,3102.0,3000,100.0,ZNE,train,gold,MQ_SAM_GOLD_20140425_213155
"bucket2$198,:3,:6001",2014-04-26T00:47:20.149900,MQ,BAM,3000,,3000,100.0,ZNE,dev,gold,MQ_BAM_GOLD_20140426_004750
"bucket1$743,:3,:6001",2014-04-26T00:47:14.569900,MQ,GBM,3000,,3000,100.0,ZNE,train,gold,MQ_GBM_GOLD_20140426_004744
"bucket2$199,:3,:6001",2014-04-26T00:47:19.390000,MQ,IA2,3000,3113.0,3000,100.0,ZNE,dev,gold,MQ_IA2_GOLD_20140426_004749
"bucket1$744,:3,:6001",2014-04-26T00:47:19.100000,MQ,LAM,3000,2999.0,3000,100.0,ZNE,train,gold,MQ_LAM_GOLD_20140426_004749
"bucket1$745,:3,:6001",2014-04-26T04:48:55.009900,MQ,BAM,3000,,3000,100.0,ZNE,train,gold,MQ_BAM_GOLD_20140426_044925
"bucket1$746,:3,:6001",2014-04-26T04:48:54.439900,MQ,GBM,3000,,3000,100.0,ZNE,train,gold,MQ_GBM_GOLD_20140426_044924
"bucket1$747,:3,:6001",2014-04-26T04:48:54.550000,MQ,IA2,3000,3048.0,3000,100.0,ZNE,train,gold,MQ_IA2_GOLD_20140426_044924
"bucket4$222,:3,:6001",2014-04-26T04:48:56.030000,MQ,LAM,3000,3031.0,3000,100.0,ZNE,test,gold,MQ_LAM_GOLD_20140426_044926
"bucket1$748,:3,:6001",2014-04-26T04:48:56.999900,MQ,MLM,3000,,3000,100.0,ZNE,train,gold,MQ_MLM_GOLD_20140426_044926
"bucket1$749,:3,:6001",2014-04-26T04:48:53.730000,MQ,SAM,3000,3074.0,3000,100.0,ZNE,train,gold,MQ_SAM_GOLD_20140426_044923
"bucket1$750,:3,:6001",2014-04-26T07:31:55.869900,MQ,BAM,3000,,3000,100.0,ZNE,train,gold,MQ_BAM_GOLD_20140426_073225
"bucket4$223,:3,:6001",2014-04-26T07:31:57.149900,MQ,CPM,3000,,3000,100.0,ZNE,test,gold,MQ_CPM_GOLD_20140426_073227
"bucket1$751,:3,:6001",2014-04-26T07:31:55.279900,MQ,GBM,3000,,3000,100.0,ZNE,train,gold,MQ_GBM_GOLD_20140426_073225
"bucket1$752,:3,:6001",2014-04-26T07:31:55.380000,MQ,IA2,3000,3086.0,3000,100.0,ZNE,train,gold,MQ_IA2_GOLD_20140426_073225
"bucket1$753,:3,:6001",2014-04-26T10:25:43.069900,MQ,BAM,3000,,3000,100.0,ZNE,train,gold,MQ_BAM_GOLD_20140426_102613
"bucket1$754,:3,:6001",2014-04-26T10:25:43.549900,MQ,CPM,3000,,3000,100.0,ZNE,train,gold,MQ_CPM_GOLD_20140426_102613
"bucket1$755,:3,:6001",2014-04-26T10:25:43.419900,MQ,GBM,3000,,3000,100.0,ZNE,train,gold,MQ_GBM_GOLD_20140426_102613
"bucket1$756,:3,:6001",2014-04-26T10:25:43.900000,MQ,IA2,3000,,3000,100.0,ZNE,train,gold,MQ_IA2_GOLD_20140426_102613
"bucket2$200,:3,:6001",2014-04-26T10:25:43.900000,MQ,LAM,3000,3083.0,3000,100.0,ZNE,dev,gold,MQ_LAM_GOLD_20140426_102613
"bucket1$757,:3,:6001",2014-04-26T10:25:43.739900,MQ,MLM,3000,,3000,100.0,ZNE,train,gold,MQ_MLM_GOLD_20140426_102613
"bucket4$224,:3,:6001",2014-04-26T10:25:43.740000,MQ,SAM,3000,3028.0,3000,100.0,ZNE,test,gold,MQ_SAM_GOLD_20140426_102613
"bucket2$201,:3,:6001",2014-04-26T10:25:50.149900,MQ,BAM,3000,,3000,100.0,ZNE,dev,gold,MQ_BAM_GOLD_20140426_102620
"bucket1$758,:3,:6001",2014-04-26T10:25:51.629900,MQ,CPM,3000,,3000,100.0,ZNE,train,gold,MQ_CPM_GOLD_20140426_102621
"bucket1$759,:3,:6001",2014-04-26T10:25:50.939900,MQ,GBM,3000,,3000,100.0,ZNE,train,gold,MQ_GBM_GOLD_20140426_102620
"bucket1$760,:3,:6001",2014-04-26T10:25:51.370000,MQ,IA2,3000,3095.0,3000,100.0,ZNE,train,gold,MQ_IA2_GOLD_20140426_102621
"bucket1$761,:3,:6001",2014-04-26T10:25:50.760000,MQ,LAM,3000,3116.0,3000,100.0,ZNE,train,gold,MQ_LAM_GOLD_20140426_102620
"bucket1$762,:3,:6001",2014-04-26T10:25:51.749900,MQ,MLM,3000,,3000,100.0,ZNE,train,gold,MQ_MLM_GOLD_20140426_102621
"bucket1$763,:3,:6001",2014-04-26T10:25:50.430000,MQ,SAM,3000,3152.0,3000,100.0,ZNE,train,gold,MQ_SAM_GOLD_20140426_102620
"bucket1$764,:3,:6001",2014-04-26T21:15:35.349900,MQ,BAM,3000,,3000,100.0,ZNE,train,gold,MQ_BAM_GOLD_20140426_211605
"bucket2$202,:3,:6001",2014-04-26T21:15:35.789900,MQ,CPM,3000,,3000,100.0,ZNE,dev,gold,MQ_CPM_GOLD_20140426_211605
"bucket1$765,:3,:6001",2014-04-26T21:15:34.149900,MQ,GBM,3000,,3000,100.0,ZNE,train,gold,MQ_GBM_GOLD_20140426_211604
"bucket1$766,:3,:6001",2014-04-26T21:15:34.920000,MQ,IA2,3000,3088.0,3000,100.0,ZNE,train,gold,MQ_IA2_GOLD_20140426_211604
"bucket1$767,:3,:6001",2014-04-26T21:15:34.240000,MQ,LAM,3000,3142.0,3000,100.0,ZNE,train,gold,MQ_LAM_GOLD_20140426_211604
"bucket1$768,:3,:6001",2014-04-26T21:15:37.450000,MQ,SAM,3000,3191.0,3000,100.0,ZNE,train,gold,MQ_SAM_GOLD_20140426_211607
"bucket1$769,:3,:6001",2014-04-26T22:00:06.300000,MQ,SAM,3000,3077.0,3000,100.0,ZNE,train,gold,MQ_SAM_GOLD_20140426_220036
"bucket1$770,:3,:6001",2014-04-26T22:55:06.789900,MQ,BAM,3000,,3000,100.0,ZNE,train,gold,MQ_BAM_GOLD_20140426_225536
"bucket2$203,:3,:6001",2014-04-26T22:55:07.359900,MQ,CPM,3000,,3000,100.0,ZNE,dev,gold,MQ_CPM_GOLD_20140426_225537
"bucket1$771,:3,:6001",2014-04-26T22:55:05.089900,MQ,GBM,3000,,3000,100.0,ZNE,train,gold,MQ_GBM_GOLD_20140426_225535
"bucket2$204,:3,:6001",2014-04-27T06:03:34.209900,MQ,BAM,3000,,3000,100.0,ZNE,dev,gold,MQ_BAM_GOLD_20140427_060404
"bucket2$205,:3,:6001",2014-04-27T06:03:34.779900,MQ,CPM,3000,,3000,100.0,ZNE,dev,gold,MQ_CPM_GOLD_20140427_060404
"bucket1$772,:3,:6001",2014-04-27T06:03:34.620000,MQ,IA2,3000,3220.0,3000,100.0,ZNE,train,gold,MQ_IA2_GOLD_20140427_060404
"bucket4$225,:3,:6001",2014-04-27T06:03:34.190000,MQ,LAM,3000,3134.0,3000,100.0,ZNE,test,gold,MQ_LAM_GOLD_20140427_060404
"bucket1$773,:3,:6001",2014-04-27T06:03:35.789900,MQ,MLM,3000,,3000,100.0,ZNE,train,gold,MQ_MLM_GOLD_20140427_060405
"bucket4$226,:3,:6001",2014-04-27T15:32:17.949900,MQ,BAM,3000,,3000,100.0,ZNE,test,gold,MQ_BAM_GOLD_20140427_153247
"bucket2$206,:3,:6001",2014-04-27T15:32:17.519900,MQ,CPM,3000,,3000,100.0,ZNE,dev,gold,MQ_CPM_GOLD_20140427_153247
"bucket1$774,:3,:6001",2014-04-27T15:32:15.759900,MQ,GBM,3000,,3000,100.0,ZNE,train,gold,MQ_GBM_GOLD_20140427_153245
"bucket1$775,:3,:6001",2014-04-27T15:32:17.080000,MQ,IA2,3000,3075.0,3000,100.0,ZNE,train,gold,MQ_IA2_GOLD_20140427_153247
"bucket1$776,:3,:6001",2014-04-27T15:32:15.440000,MQ,LAM,3000,3008.0,3000,100.0,ZNE,train,gold,MQ_LAM_GOLD_20140427_153245
"bucket1$777,:3,:6001",2014-04-27T15:32:18.970000,MQ,SAM,3000,3024.0,3000,100.0,ZNE,train,gold,MQ_SAM_GOLD_20140427_153248
"bucket1$778,:3,:6001",2014-04-27T16:43:44.199900,MQ,BAM,3000,,3000,100.0,ZNE,train,gold,MQ_BAM_GOLD_20140427_164414
"bucket2$207,:3,:6001",2014-04-27T16:43:45.639900,MQ,CPM,3000,,3000,100.0,ZNE,dev,gold,MQ_CPM_GOLD_20140427_164415
"bucket1$779,:3,:6001",2014-04-27T16:43:45.179900,MQ,GBM,3000,,3000,100.0,ZNE,train,gold,MQ_GBM_GOLD_20140427_164415
"bucket1$780,:3,:6001",2014-04-27T16:43:45.020000,MQ,IA2,3000,3062.0,3000,100.0,ZNE,train,gold,MQ_IA2_GOLD_20140427_164415
"bucket1$781,:3,:6001",2014-04-27T18:51:28.310000,MQ,IA2,3000,,3000,100.0,ZNE,train,gold,MQ_IA2_GOLD_20140427_185158
"bucket1$782,:3,:6001",2014-04-28T04:13:49.889900,MQ,BAM,3000,,3000,100.0,ZNE,train,gold,MQ_BAM_GOLD_20140428_041419
"bucket2$208,:3,:6001",2014-04-28T09:22:40.629900,MQ,BAM,3000,,3000,100.0,ZNE,dev,gold,MQ_BAM_GOLD_20140428_092310
"bucket1$783,:3,:6001",2014-04-28T09:22:39.329900,MQ,CPM,3000,,3000,100.0,ZNE,train,gold,MQ_CPM_GOLD_20140428_092309
"bucket1$784,:3,:6001",2014-04-28T09:22:39.979900,MQ,GBM,3000,,3000,100.0,ZNE,train,gold,MQ_GBM_GOLD_20140428_092309
"bucket1$785,:3,:6001",2014-04-28T09:22:41.909900,MQ,MLM,3000,,3000,100.0,ZNE,train,gold,MQ_MLM_GOLD_20140428_092311
"bucket4$227,:3,:6001",2014-04-28T19:34:01.189900,MQ,BAM,3000,,3000,100.0,ZNE,test,gold,MQ_BAM_GOLD_20140428_193431
"bucket1$786,:3,:6001",2014-04-28T19:34:00.509900,MQ,CPM,3000,,3000,100.0,ZNE,train,gold,MQ_CPM_GOLD_20140428_193430
"bucket1$787,:3,:6001",2014-04-28T19:34:01.199900,MQ,GBM,3000,,3000,100.0,ZNE,train,gold,MQ_GBM_GOLD_20140428_193431
"bucket4$228,:3,:6001",2014-04-28T19:34:00.910000,MQ,IA2,3000,3064.0,3000,100.0,ZNE,test,gold,MQ_IA2_GOLD_20140428_193430
"bucket1$788,:3,:6001",2014-04-28T19:34:01.180000,MQ,LAM,3000,3039.0,3000,100.0,ZNE,train,gold,MQ_LAM_GOLD_20140428_193431
"bucket1$789,:3,:6001",2014-04-28T19:34:01.499900,MQ,MLM,3000,,3000,100.0,ZNE,train,gold,MQ_MLM_GOLD_20140428_193431
"bucket1$790,:3,:6001",2014-04-28T19:34:00.890000,MQ,SAM,3000,3023.0,3000,100.0,ZNE,train,gold,MQ_SAM_GOLD_20140428_193430
"bucket2$209,:3,:6001",2014-04-28T19:34:14.559900,MQ,CPM,3000,,3000,100.0,ZNE,dev,gold,MQ_CPM_GOLD_20140428_193444
"bucket1$791,:3,:6001",2014-04-28T19:34:14.900000,MQ,IA2,3000,3133.0,3000,100.0,ZNE,train,gold,MQ_IA2_GOLD_20140428_193444
"bucket1$792,:3,:6001",2014-04-28T19:34:14.860000,MQ,LAM,3000,3117.0,3000,100.0,ZNE,train,gold,MQ_LAM_GOLD_20140428_193444
"bucket1$793,:3,:6001",2014-04-28T19:34:14.400000,MQ,SAM,3000,3208.0,3000,100.0,ZNE,train,gold,MQ_SAM_GOLD_20140428_193444
"bucket1$794,:3,:6001",2014-04-28T23:09:58.140000,MQ,SAM,3000,3112.0,3000,100.0,ZNE,train,gold,MQ_SAM_GOLD_20140428_231028
"bucket1$795,:3,:6001",2014-04-29T02:11:13.299900,MQ,BAM,3000,,3000,100.0,ZNE,train,gold,MQ_BAM_GOLD_20140429_021143
"bucket1$796,:3,:6001",2014-04-29T02:11:13.409900,MQ,CPM,3000,,3000,100.0,ZNE,train,gold,MQ_CPM_GOLD_20140429_021143
"bucket1$797,:3,:6001",2014-04-29T02:11:14.579900,MQ,GBM,3000,,3000,100.0,ZNE,train,gold,MQ_GBM_GOLD_20140429_021144
"bucket1$798,:3,:6001",2014-04-29T02:11:13.580000,MQ,IA2,3000,3097.0,3000,100.0,ZNE,train,gold,MQ_IA2_GOLD_20140429_021143
"bucket1$799,:3,:6001",2014-04-29T02:11:13.020000,MQ,LAM,3000,3032.0,3000,100.0,ZNE,train,gold,MQ_LAM_GOLD_20140429_021143
"bucket1$800,:3,:6001",2014-04-29T06:54:33.869900,MQ,BAM,3000,,3000,100.0,ZNE,train,gold,MQ_BAM_GOLD_20140429_065503
"bucket1$801,:3,:6001",2014-04-29T06:54:34.669900,MQ,CPM,3000,,3000,100.0,ZNE,train,gold,MQ_CPM_GOLD_20140429_065504
"bucket2$210,:3,:6001",2014-04-29T06:54:34.629900,MQ,GBM,3000,,3000,100.0,ZNE,dev,gold,MQ_GBM_GOLD_20140429_065504
"bucket1$802,:3,:6001",2014-04-29T06:54:34.620000,MQ,IA2,3000,3048.0,3000,100.0,ZNE,train,gold,MQ_IA2_GOLD_20140429_065504
"bucket1$803,:3,:6001",2014-04-29T07:13:03.640000,MQ,IA2,3000,3054.0,3000,100.0,ZNE,train,gold,MQ_IA2_GOLD_20140429_071333
"bucket1$804,:3,:6001",2014-04-29T14:19:35.319900,MQ,BAM,3000,,3000,100.0,ZNE,train,gold,MQ_BAM_GOLD_20140429_142005
"bucket1$805,:3,:6001",2014-04-29T14:19:35.130000,MQ,LAM,3000,3135.0,3000,100.0,ZNE,train,gold,MQ_LAM_GOLD_20140429_142005
"bucket4$229,:3,:6001",2014-04-29T14:19:33.639900,MQ,MLM,3000,,3000,100.0,ZNE,test,gold,MQ_MLM_GOLD_20140429_142003
"bucket4$230,:3,:6001",2014-04-29T14:19:38.690000,MQ,SAM,3000,3038.0,3000,100.0,ZNE,test,gold,MQ_SAM_GOLD_20140429_142008
"bucket1$806,:3,:6001",2014-04-30T07:25:58.139900,MQ,BAM,3000,,3000,100.0,ZNE,train,gold,MQ_BAM_GOLD_20140430_072628
"bucket1$807,:3,:6001",2014-04-30T07:25:59.729900,MQ,CPM,3000,,3000,100.0,ZNE,train,gold,MQ_CPM_GOLD_20140430_072629
"bucket1$808,:3,:6001",2014-04-30T07:25:59.629900,MQ,GBM,3000,,3000,100.0,ZNE,train,gold,MQ_GBM_GOLD_20140430_072629
"bucket1$809,:3,:6001",2014-04-30T07:25:59.690000,MQ,IA2,3000,3094.0,3000,100.0,ZNE,train,gold,MQ_IA2_GOLD_20140430_072629
"bucket1$810,:3,:6001",2014-04-30T07:25:59.230000,MQ,LAM,3000,3047.0,3000,100.0,ZNE,train,gold,MQ_LAM_GOLD_20140430_072629
"bucket1$811,:3,:6001",2014-04-30T07:25:59.820000,MQ,SAM,3000,3011.0,3000,100.0,ZNE,train,gold,MQ_SAM_GOLD_20140430_072629
"bucket1$812,:3,:6001",2014-04-30T11:12:24.059900,MQ,BAM,3000,,3000,100.0,ZNE,train,gold,MQ_BAM_GOLD_20140430_111254
"bucket1$813,:3,:6001",2014-04-30T11:12:23.869900,MQ,CPM,3000,,3000,100.0,ZNE,train,gold,MQ_CPM_GOLD_20140430_111253
"bucket1$814,:3,:6001",2014-04-30T11:12:24.129900,MQ,GBM,3000,,3000,100.0,ZNE,train,gold,MQ_GBM_GOLD_20140430_111254
"bucket1$815,:3,:6001",2014-04-30T11:12:24.280000,MQ,LAM,3000,,3000,100.0,ZNE,train,gold,MQ_LAM_GOLD_20140430_111254
"bucket1$816,:3,:6001",2014-04-30T18:22:10.989900,MQ,BAM,3000,,3000,100.0,ZNE,train,gold,MQ_BAM_GOLD_20140430_182240
"bucket4$231,:3,:6001",2014-04-30T18:22:11.539900,MQ,CPM,3000,,3000,100.0,ZNE,test,gold,MQ_CPM_GOLD_20140430_182241
"bucket1$817,:3,:6001",2014-04-30T18:22:11.449900,MQ,GBM,3000,,3000,100.0,ZNE,train,gold,MQ_GBM_GOLD_20140430_182241
"bucket1$818,:3,:6001",2014-04-30T18:22:12.070000,MQ,IA2,3000,3037.0,3000,100.0,ZNE,train,gold,MQ_IA2_GOLD_20140430_182242
"bucket1$819,:3,:6001",2014-05-01T22:42:13.019900,MQ,BAM,3000,,3000,100.0,ZNE,train,gold,MQ_BAM_GOLD_20140501_224243
"bucket1$820,:3,:6001",2014-05-01T22:42:13.469900,MQ,CPM,3000,,3000,100.0,ZNE,train,gold,MQ_CPM_GOLD_20140501_224243
"bucket1$821,:3,:6001",2014-05-01T22:42:11.849900,MQ,GBM,3000,,3000,100.0,ZNE,train,gold,MQ_GBM_GOLD_20140501_224241
"bucket1$822,:3,:6001",2014-05-01T22:42:12.500000,MQ,IA2,3000,3130.0,3000,100.0,ZNE,train,gold,MQ_IA2_GOLD_20140501_224242
"bucket1$823,:3,:6001",2014-05-01T22:42:11.690000,MQ,LAM,3000,3061.0,3000,100.0,ZNE,train,gold,MQ_LAM_GOLD_20140501_224241
"bucket4$232,:3,:6001",2014-05-01T22:42:13.180000,MQ,SAM,3000,3035.0,3000,100.0,ZNE,test,gold,MQ_SAM_GOLD_20140501_224243
"bucket1$824,:3,:6001",2014-05-02T00:20:51.629900,MQ,BAM,3000,,3000,100.0,ZNE,train,gold,MQ_BAM_GOLD_20140502_002121
"bucket1$825,:3,:6001",2014-05-02T00:20:52.429900,MQ,CPM,3000,,3000,100.0,ZNE,train,gold,MQ_CPM_GOLD_20140502_002122
"bucket1$826,:3,:6001",2014-05-02T00:20:52.109900,MQ,GBM,3000,,3000,100.0,ZNE,train,gold,MQ_GBM_GOLD_20140502_002122
"bucket1$827,:3,:6001",2014-05-02T00:20:52.420000,MQ,IA2,3000,3038.0,3000,100.0,ZNE,train,gold,MQ_IA2_GOLD_20140502_002122
"bucket1$828,:3,:6001",2014-05-02T00:20:52.440000,MQ,LAM,3000,3115.0,3000,100.0,ZNE,train,gold,MQ_LAM_GOLD_20140502_002122
"bucket4$233,:3,:6001",2014-05-02T00:20:52.119900,MQ,MLM,3000,,3000,100.0,ZNE,test,gold,MQ_MLM_GOLD_20140502_002122
"bucket4$234,:3,:6001",2014-05-02T00:20:52.440000,MQ,SAM,3000,3037.0,3000,100.0,ZNE,test,gold,MQ_SAM_GOLD_20140502_002122
"bucket1$829,:3,:6001",2014-05-02T00:21:04.649900,MQ,BAM,3000,,3000,100.0,ZNE,train,gold,MQ_BAM_GOLD_20140502_002134
"bucket1$830,:3,:6001",2014-05-02T00:21:05.769900,MQ,CPM,3000,,3000,100.0,ZNE,train,gold,MQ_CPM_GOLD_20140502_002135
"bucket1$831,:3,:6001",2014-05-02T00:21:05.259900,MQ,GBM,3000,,3000,100.0,ZNE,train,gold,MQ_GBM_GOLD_20140502_002135
"bucket4$235,:3,:6001",2014-05-02T00:21:05.820000,MQ,IA2,3000,3122.0,3000,100.0,ZNE,test,gold,MQ_IA2_GOLD_20140502_002135
"bucket1$832,:3,:6001",2014-05-02T00:21:05.210000,MQ,LAM,3000,3234.0,3000,100.0,ZNE,train,gold,MQ_LAM_GOLD_20140502_002135
"bucket4$236,:3,:6001",2014-05-02T00:21:05.209900,MQ,MLM,3000,,3000,100.0,ZNE,test,gold,MQ_MLM_GOLD_20140502_002135
"bucket4$237,:3,:6001",2014-05-02T00:21:05.500000,MQ,SAM,3000,3092.0,3000,100.0,ZNE,test,gold,MQ_SAM_GOLD_20140502_002135
"bucket1$833,:3,:6001",2014-05-02T02:17:48.699900,MQ,BAM,3000,,3000,100.0,ZNE,train,gold,MQ_BAM_GOLD_20140502_021818
"bucket2$211,:3,:6001",2014-05-02T02:17:52.529900,MQ,CPM,3000,,3000,100.0,ZNE,dev,gold,MQ_CPM_GOLD_20140502_021822
"bucket1$834,:3,:6001",2014-05-02T02:17:53.109900,MQ,GBM,3000,,3000,100.0,ZNE,train,gold,MQ_GBM_GOLD_20140502_021823
"bucket1$835,:3,:6001",2014-05-02T02:17:52.520000,MQ,IA2,3000,3033.0,3000,100.0,ZNE,train,gold,MQ_IA2_GOLD_20140502_021822
"bucket1$836,:3,:6001",2014-05-02T02:17:52.920000,MQ,LAM,3000,3008.0,3000,100.0,ZNE,train,gold,MQ_LAM_GOLD_20140502_021822
"bucket1$837,:3,:6001",2014-05-02T06:14:37.339900,MQ,BAM,3000,,3000,100.0,ZNE,train,gold,MQ_BAM_GOLD_20140502_061507
"bucket1$838,:3,:6001",2014-05-02T06:14:38.459900,MQ,CPM,3000,,3000,100.0,ZNE,train,gold,MQ_CPM_GOLD_20140502_061508
"bucket1$839,:3,:6001",2014-05-02T06:14:36.549900,MQ,GBM,3000,,3000,100.0,ZNE,train,gold,MQ_GBM_GOLD_20140502_061506
"bucket1$840,:3,:6001",2014-05-02T06:14:37.160000,MQ,IA2,3000,3285.0,3000,100.0,ZNE,train,gold,MQ_IA2_GOLD_20140502_061507
"bucket1$841,:3,:6001",2014-05-02T07:15:06.069900,MQ,CPM,3000,,3000,100.0,ZNE,train,gold,MQ_CPM_GOLD_20140502_071536
"bucket1$842,:3,:6001",2014-05-02T07:15:04.199900,MQ,GBM,3000,,3000,100.0,ZNE,train,gold,MQ_GBM_GOLD_20140502_071534
"bucket1$843,:3,:6001",2014-05-02T07:15:05.130000,MQ,IA2,3000,3145.0,3000,100.0,ZNE,train,gold,MQ_IA2_GOLD_20140502_071535
"bucket1$844,:3,:6001",2014-05-02T07:15:06.569900,MQ,MLM,3000,,3000,100.0,ZNE,train,gold,MQ_MLM_GOLD_20140502_071536
"bucket1$845,:3,:6001",2014-05-02T07:33:08.089900,MQ,BAM,3000,,3000,100.0,ZNE,train,gold,MQ_BAM_GOLD_20140502_073338
"bucket1$846,:3,:6001",2014-05-02T07:33:09.839900,MQ,CPM,3000,,3000,100.0,ZNE,train,gold,MQ_CPM_GOLD_20140502_073339
"bucket4$238,:3,:6001",2014-05-02T07:33:09.379900,MQ,GBM,3000,,3000,100.0,ZNE,test,gold,MQ_GBM_GOLD_20140502_073339
"bucket2$212,:3,:6001",2014-05-02T07:33:08.110000,MQ,IA2,3000,3176.0,3000,100.0,ZNE,dev,gold,MQ_IA2_GOLD_20140502_073338
"bucket1$847,:3,:6001",2014-05-02T07:33:09.749900,MQ,MLM,3000,,3000,100.0,ZNE,train,gold,MQ_MLM_GOLD_20140502_073339
"bucket1$848,:3,:6001",2014-05-02T10:39:01.959900,MQ,BAM,3000,,3000,100.0,ZNE,train,gold,MQ_BAM_GOLD_20140502_103931
"bucket2$213,:3,:6001",2014-05-02T10:39:02.759900,MQ,CPM,3000,,3000,100.0,ZNE,dev,gold,MQ_CPM_GOLD_20140502_103932
"bucket1$849,:3,:6001",2014-05-02T10:39:01.159900,MQ,GBM,3000,,3000,100.0,ZNE,train,gold,MQ_GBM_GOLD_20140502_103931
"bucket2$214,:3,:6001",2014-05-02T10:39:01.950000,MQ,IA2,3000,3100.0,3000,100.0,ZNE,dev,gold,MQ_IA2_GOLD_20140502_103931
"bucket1$850,:3,:6001",2014-05-02T10:39:01.350000,MQ,LAM,3000,3250.0,3000,100.0,ZNE,train,gold,MQ_LAM_GOLD_20140502_103931
"bucket1$851,:3,:6001",2014-05-02T10:39:02.440000,MQ,SAM,3000,3048.0,3000,100.0,ZNE,train,gold,MQ_SAM_GOLD_20140502_103932
"bucket1$852,:3,:6001",2014-05-02T13:53:43.249900,MQ,BAM,3000,,3000,100.0,ZNE,train,gold,MQ_BAM_GOLD_20140502_135413
"bucket2$215,:3,:6001",2014-05-02T13:53:44.679900,MQ,CPM,3000,,3000,100.0,ZNE,dev,gold,MQ_CPM_GOLD_20140502_135414
"bucket2$216,:3,:6001",2014-05-02T13:53:44.259900,MQ,MLM,3000,,3000,100.0,ZNE,dev,gold,MQ_MLM_GOLD_20140502_135414
"bucket4$239,:3,:6001",2014-05-02T13:53:43.980000,MQ,SAM,3000,3020.0,3000,100.0,ZNE,test,gold,MQ_SAM_GOLD_20140502_135413
"bucket4$240,:3,:6001",2014-05-02T14:54:13.230000,MQ,SAM,3000,3014.0,3000,100.0,ZNE,test,gold,MQ_SAM_GOLD_20140502_145443
"bucket1$853,:3,:6001",2014-05-02T16:12:10.079900,MQ,CPM,3000,,3000,100.0,ZNE,train,gold,MQ_CPM_GOLD_20140502_161240
"bucket4$241,:3,:6001",2014-05-02T16:23:27.399900,MQ,CPM,3000,,3000,100.0,ZNE,test,gold,MQ_CPM_GOLD_20140502_162357
"bucket1$854,:3,:6001",2014-05-02T16:23:27.680000,MQ,SAM,3000,,3000,100.0,ZNE,train,gold,MQ_SAM_GOLD_20140502_162357
"bucket1$855,:3,:6001",2014-05-02T19:13:08.339900,MQ,CPM,3000,,3000,100.0,ZNE,train,gold,MQ_CPM_GOLD_20140502_191338
"bucket1$856,:3,:6001",2014-05-02T23:16:05.240000,MQ,SAM,3000,3022.0,3000,100.0,ZNE,train,gold,MQ_SAM_GOLD_20140502_231635
"bucket1$857,:3,:6001",2014-05-03T01:04:31.749900,MQ,MLM,3000,,3000,100.0,ZNE,train,gold,MQ_MLM_GOLD_20140503_010501
"bucket1$858,:3,:6001",2014-05-03T02:58:49.139900,MQ,CPM,3000,,3000,100.0,ZNE,train,gold,MQ_CPM_GOLD_20140503_025919
"bucket1$859,:3,:6001",2014-05-03T02:58:44.709900,MQ,GBM,3000,,3000,100.0,ZNE,train,gold,MQ_GBM_GOLD_20140503_025914
"bucket1$860,:3,:6001",2014-05-03T02:58:45.300000,MQ,IA2,3000,3124.0,3000,100.0,ZNE,train,gold,MQ_IA2_GOLD_20140503_025915
"bucket1$861,:3,:6001",2014-05-03T06:16:21.939900,MQ,BAM,3000,,3000,100.0,ZNE,train,gold,MQ_BAM_GOLD_20140503_061651
"bucket1$862,:3,:6001",2014-05-03T06:16:26.609900,MQ,CPM,3000,,3000,100.0,ZNE,train,gold,MQ_CPM_GOLD_20140503_061656
"bucket4$242,:3,:6001",2014-05-03T06:16:29.310000,MQ,IA2,3000,3005.0,3000,100.0,ZNE,test,gold,MQ_IA2_GOLD_20140503_061659
"bucket1$863,:3,:6001",2014-05-03T06:16:29.630000,MQ,LAM,3000,3043.0,3000,100.0,ZNE,train,gold,MQ_LAM_GOLD_20140503_061659
"bucket1$864,:3,:6001",2014-05-03T07:29:44.699900,MQ,CPM,3000,,3000,100.0,ZNE,train,gold,MQ_CPM_GOLD_20140503_073014
"bucket1$865,:3,:6001",2014-05-03T07:29:45.259900,MQ,GBM,3000,,3000,100.0,ZNE,train,gold,MQ_GBM_GOLD_20140503_073015
"bucket1$866,:3,:6001",2014-05-03T07:29:44.800000,MQ,IA2,3000,3085.0,3000,100.0,ZNE,train,gold,MQ_IA2_GOLD_20140503_073014
"bucket1$867,:3,:6001",2014-05-03T07:29:46.260000,MQ,LAM,3000,3027.0,3000,100.0,ZNE,train,gold,MQ_LAM_GOLD_20140503_073016
"bucket1$868,:3,:6001",2014-05-03T07:29:45.619900,MQ,MLM,3000,,3000,100.0,ZNE,train,gold,MQ_MLM_GOLD_20140503_073015
"bucket2$217,:3,:6001",2014-05-03T07:29:45.020000,MQ,SAM,3000,3104.0,3000,100.0,ZNE,dev,gold,MQ_SAM_GOLD_20140503_073015
"bucket1$869,:3,:6001",2014-05-03T07:52:11.579900,MQ,BAM,3000,,3000,100.0,ZNE,train,gold,MQ_BAM_GOLD_20140503_075241
"bucket4$243,:3,:6001",2014-05-03T07:52:12.379900,MQ,CPM,3000,,3000,100.0,ZNE,test,gold,MQ_CPM_GOLD_20140503_075242
"bucket1$870,:3,:6001",2014-05-03T07:52:12.129900,MQ,GBM,3000,,3000,100.0,ZNE,train,gold,MQ_GBM_GOLD_20140503_075242
"bucket1$871,:3,:6001",2014-05-03T07:52:11.730000,MQ,IA2,3000,3070.0,3000,100.0,ZNE,train,gold,MQ_IA2_GOLD_20140503_075241
"bucket1$872,:3,:6001",2014-05-03T08:22:35.899900,MQ,BAM,3000,,3000,100.0,ZNE,train,gold,MQ_BAM_GOLD_20140503_082305
"bucket1$873,:3,:6001",2014-05-03T08:22:37.429900,MQ,CPM,3000,,3000,100.0,ZNE,train,gold,MQ_CPM_GOLD_20140503_082307
"bucket1$874,:3,:6001",2014-05-03T08:22:34.409900,MQ,GBM,3000,,3000,100.0,ZNE,train,gold,MQ_GBM_GOLD_20140503_082304
"bucket1$875,:3,:6001",2014-05-03T08:22:36.470000,MQ,IA2,3000,3013.0,3000,100.0,ZNE,train,gold,MQ_IA2_GOLD_20140503_082306
"bucket4$244,:3,:6001",2014-05-03T10:45:07.799900,MQ,CPM,3000,,3000,100.0,ZNE,test,gold,MQ_CPM_GOLD_20140503_104537
"bucket1$876,:3,:6001",2014-05-03T10:45:06.719900,MQ,GBM,3000,,3000,100.0,ZNE,train,gold,MQ_GBM_GOLD_20140503_104536
"bucket1$877,:3,:6001",2014-05-03T10:45:07.160000,MQ,IA2,3000,3037.0,3000,100.0,ZNE,train,gold,MQ_IA2_GOLD_20140503_104537
"bucket1$878,:3,:6001",2014-05-03T10:45:10.190000,MQ,LAM,3000,2991.0,3000,100.0,ZNE,train,gold,MQ_LAM_GOLD_20140503_104540
"bucket1$879,:3,:6001",2014-05-03T10:45:08.909900,MQ,MLM,3000,,3000,100.0,ZNE,train,gold,MQ_MLM_GOLD_20140503_104538
"bucket1$880,:3,:6001",2014-05-03T10:45:08.030000,MQ,SAM,3000,3183.0,3000,100.0,ZNE,train,gold,MQ_SAM_GOLD_20140503_104538
"bucket1$881,:3,:6001",2014-05-03T15:15:20.229900,MQ,CPM,3000,,3000,100.0,ZNE,train,gold,MQ_CPM_GOLD_20140503_151550
"bucket1$882,:3,:6001",2014-05-03T15:15:22.249900,MQ,GBM,3000,,3000,100.0,ZNE,train,gold,MQ_GBM_GOLD_20140503_151552
"bucket1$883,:3,:6001",2014-05-03T15:15:23.550000,MQ,IA2,3000,3007.0,3000,100.0,ZNE,train,gold,MQ_IA2_GOLD_20140503_151553
"bucket1$884,:3,:6001",2014-05-03T15:15:20.199900,MQ,MLM,3000,,3000,100.0,ZNE,train,gold,MQ_MLM_GOLD_20140503_151550
"bucket4$245,:3,:6001",2014-05-03T21:07:13.729900,MQ,BAM,3000,,3000,100.0,ZNE,test,gold,MQ_BAM_GOLD_20140503_210743
"bucket1$885,:3,:6001",2014-05-03T21:07:12.999900,MQ,CPM,3000,,3000,100.0,ZNE,train,gold,MQ_CPM_GOLD_20140503_210742
"bucket1$886,:3,:6001",2014-05-03T21:07:13.349900,MQ,GBM,3000,,3000,100.0,ZNE,train,gold,MQ_GBM_GOLD_20140503_210743
"bucket1$887,:3,:6001",2014-05-03T21:07:13.419900,MQ,MLM,3000,,3000,100.0,ZNE,train,gold,MQ_MLM_GOLD_20140503_210743
"bucket1$888,:3,:6001",2014-05-04T00:38:05.219900,MQ,BAM,3000,,3000,100.0,ZNE,train,gold,MQ_BAM_GOLD_20140504_003835
"bucket1$889,:3,:6001",2014-05-04T00:38:06.369900,MQ,CPM,3000,,3000,100.0,ZNE,train,gold,MQ_CPM_GOLD_20140504_003836
"bucket1$890,:3,:6001",2014-05-04T00:38:05.539900,MQ,GBM,3000,,3000,100.0,ZNE,train,gold,MQ_GBM_GOLD_20140504_003835
"bucket1$891,:3,:6001",2014-05-04T00:38:06.340000,MQ,IA2,3000,3097.0,3000,100.0,ZNE,train,gold,MQ_IA2_GOLD_20140504_003836
"bucket4$246,:3,:6001",2014-05-04T00:38:06.209900,MQ,MLM,3000,,3000,100.0,ZNE,test,gold,MQ_MLM_GOLD_20140504_003836
"bucket1$892,:3,:6001",2014-05-04T00:38:18.549900,MQ,BAM,3000,,3000,100.0,ZNE,train,gold,MQ_BAM_GOLD_20140504_003848
"bucket1$893,:3,:6001",2014-05-04T00:38:19.309900,MQ,CPM,3000,,3000,100.0,ZNE,train,gold,MQ_CPM_GOLD_20140504_003849
"bucket1$894,:3,:6001",2014-05-04T00:38:19.349900,MQ,GBM,3000,,3000,100.0,ZNE,train,gold,MQ_GBM_GOLD_20140504_003849
"bucket1$895,:3,:6001",2014-05-04T00:38:19.430000,MQ,IA2,3000,3102.0,3000,100.0,ZNE,train,gold,MQ_IA2_GOLD_20140504_003849
"bucket1$896,:3,:6001",2014-05-04T00:38:18.260000,MQ,LAM,3000,3317.0,3000,100.0,ZNE,train,gold,MQ_LAM_GOLD_20140504_003848
"bucket1$897,:3,:6001",2014-05-04T02:31:21.869900,MQ,BAM,3000,,3000,100.0,ZNE,train,gold,MQ_BAM_GOLD_20140504_023151
"bucket1$898,:3,:6001",2014-05-04T02:31:22.359900,MQ,CPM,3000,,3000,100.0,ZNE,train,gold,MQ_CPM_GOLD_20140504_023152
"bucket4$247,:3,:6001",2014-05-04T02:31:21.879900,MQ,GBM,3000,,3000,100.0,ZNE,test,gold,MQ_GBM_GOLD_20140504_023151
"bucket1$899,:3,:6001",2014-05-04T02:31:22.060000,MQ,IA2,3000,3170.0,3000,100.0,ZNE,train,gold,MQ_IA2_GOLD_20140504_023152
"bucket1$900,:3,:6001",2014-05-04T02:31:21.439900,MQ,MLM,3000,,3000,100.0,ZNE,train,gold,MQ_MLM_GOLD_20140504_023151
"bucket4$248,:3,:6001",2014-05-04T02:31:22.460000,MQ,SAM,3000,3110.0,3000,100.0,ZNE,test,gold,MQ_SAM_GOLD_20140504_023152
"bucket1$901,:3,:6001",2014-05-04T02:31:38.759900,MQ,BAM,3000,,3000,100.0,ZNE,train,gold,MQ_BAM_GOLD_20140504_023208
"bucket1$902,:3,:6001",2014-05-04T02:31:39.359900,MQ,CPM,3000,,3000,100.0,ZNE,train,gold,MQ_CPM_GOLD_20140504_023209
"bucket4$249,:3,:6001",2014-05-04T02:31:38.509900,MQ,GBM,3000,,3000,100.0,ZNE,test,gold,MQ_GBM_GOLD_20140504_023208
"bucket1$903,:3,:6001",2014-05-04T02:31:38.840000,MQ,IA2,3000,3035.0,3000,100.0,ZNE,train,gold,MQ_IA2_GOLD_20140504_023208
"bucket1$904,:3,:6001",2014-05-04T02:31:38.830000,MQ,SAM,3000,3210.0,3000,100.0,ZNE,train,gold,MQ_SAM_GOLD_20140504_023208
"bucket1$905,:3,:6001",2014-05-04T04:23:52.879900,MQ,BAM,3000,,3000,100.0,ZNE,train,gold,MQ_BAM_GOLD_20140504_042422
"bucket1$906,:3,:6001",2014-05-04T04:23:53.089900,MQ,CPM,3000,,3000,100.0,ZNE,train,gold,MQ_CPM_GOLD_20140504_042423
"bucket4$250,:3,:6001",2014-05-04T04:23:52.429900,MQ,GBM,3000,,3000,100.0,ZNE,test,gold,MQ_GBM_GOLD_20140504_042422
"bucket1$907,:3,:6001",2014-05-04T04:23:53.280000,MQ,IA2,3000,3045.0,3000,100.0,ZNE,train,gold,MQ_IA2_GOLD_20140504_042423
"bucket1$908,:3,:6001",2014-05-04T04:23:52.160000,MQ,LAM,3000,3026.0,3000,100.0,ZNE,train,gold,MQ_LAM_GOLD_20140504_042422
"bucket1$909,:3,:6001",2014-05-04T04:36:42.999900,MQ,CPM,3000,,3000,100.0,ZNE,train,gold,MQ_CPM_GOLD_20140504_043712
"bucket1$910,:3,:6001",2014-05-04T06:33:33.129900,MQ,BAM,3000,,3000,100.0,ZNE,train,gold,MQ_BAM_GOLD_20140504_063403
"bucket1$911,:3,:6001",2014-05-04T06:33:32.829900,MQ,CPM,3000,,3000,100.0,ZNE,train,gold,MQ_CPM_GOLD_20140504_063402
"bucket1$912,:3,:6001",2014-05-04T06:33:32.109900,MQ,GBM,3000,,3000,100.0,ZNE,train,gold,MQ_GBM_GOLD_20140504_063402
"bucket1$913,:3,:6001",2014-05-04T06:33:31.900000,MQ,IA2,3000,3055.0,3000,100.0,ZNE,train,gold,MQ_IA2_GOLD_20140504_063401
"bucket4$251,:3,:6001",2014-05-04T06:33:33.739900,MQ,MLM,3000,,3000,100.0,ZNE,test,gold,MQ_MLM_GOLD_20140504_063403
"bucket1$914,:3,:6001",2014-05-04T07:26:15.889900,MQ,CPM,3000,,3000,100.0,ZNE,train,gold,MQ_CPM_GOLD_20140504_072645
"bucket1$915,:3,:6001",2014-05-04T09:33:22.089900,MQ,BAM,3000,,3000,100.0,ZNE,train,gold,MQ_BAM_GOLD_20140504_093352
"bucket1$916,:3,:6001",2014-05-04T09:33:22.199900,MQ,CPM,3000,,3000,100.0,ZNE,train,gold,MQ_CPM_GOLD_20140504_093352
"bucket1$917,:3,:6001",2014-05-04T09:33:22.519900,MQ,GBM,3000,,3000,100.0,ZNE,train,gold,MQ_GBM_GOLD_20140504_093352
"bucket1$918,:3,:6001",2014-05-04T09:33:22.090000,MQ,IA2,3000,3030.0,3000,100.0,ZNE,train,gold,MQ_IA2_GOLD_20140504_093352
"bucket1$919,:3,:6001",2014-05-04T09:33:21.560000,MQ,SAM,3000,3102.0,3000,100.0,ZNE,train,gold,MQ_SAM_GOLD_20140504_093351
"bucket2$218,:3,:6001",2014-05-04T12:15:52.939900,MQ,CPM,3000,,3000,100.0,ZNE,dev,gold,MQ_CPM_GOLD_20140504_121622
"bucket1$920,:3,:6001",2014-05-04T12:15:52.939900,MQ,GBM,3000,,3000,100.0,ZNE,train,gold,MQ_GBM_GOLD_20140504_121622
"bucket4$252,:3,:6001",2014-05-04T12:15:52.620000,MQ,IA2,3000,,3000,100.0,ZNE,test,gold,MQ_IA2_GOLD_20140504_121622
"bucket4$253,:3,:6001",2014-05-04T12:15:52.619900,MQ,MLM,3000,,3000,100.0,ZNE,test,gold,MQ_MLM_GOLD_20140504_121622
"bucket1$921,:3,:6001",2014-05-04T12:16:04.079900,MQ,BAM,3000,,3000,100.0,ZNE,train,gold,MQ_BAM_GOLD_20140504_121634
"bucket1$922,:3,:6001",2014-05-04T12:16:05.439900,MQ,CPM,3000,,3000,100.0,ZNE,train,gold,MQ_CPM_GOLD_20140504_121635
"bucket1$923,:3,:6001",2014-05-04T12:16:04.619900,MQ,GBM,3000,,3000,100.0,ZNE,train,gold,MQ_GBM_GOLD_20140504_121634
"bucket2$219,:3,:6001",2014-05-04T12:16:05.710000,MQ,IA2,3000,3083.0,3000,100.0,ZNE,dev,gold,MQ_IA2_GOLD_20140504_121635
"bucket1$924,:3,:6001",2014-05-04T12:16:05.310000,MQ,LAM,3000,2994.0,3000,100.0,ZNE,train,gold,MQ_LAM_GOLD_20140504_121635
"bucket1$925,:3,:6001",2014-05-04T12:16:05.359900,MQ,MLM,3000,,3000,100.0,ZNE,train,gold,MQ_MLM_GOLD_20140504_121635
"bucket1$926,:3,:6001",2014-05-04T12:51:22.789900,MQ,BAM,3000,,3000,100.0,ZNE,train,gold,MQ_BAM_GOLD_20140504_125152
"bucket1$927,:3,:6001",2014-05-04T12:51:22.009900,MQ,GBM,3000,,3000,100.0,ZNE,train,gold,MQ_GBM_GOLD_20140504_125152
"bucket1$928,:3,:6001",2014-05-04T12:51:23,MQ,IA2,3000,3017.0,3000,100.0,ZNE,train,gold,MQ_IA2_GOLD_20140504_125153
"bucket2$220,:3,:6001",2014-05-04T12:51:22.550000,MQ,LAM,3000,3114.0,3000,100.0,ZNE,dev,gold,MQ_LAM_GOLD_20140504_125152
"bucket1$929,:3,:6001",2014-05-04T19:53:34.059900,MQ,BAM,3000,,3000,100.0,ZNE,train,gold,MQ_BAM_GOLD_20140504_195404
"bucket2$221,:3,:6001",2014-05-04T19:53:33.479900,MQ,GBM,3000,,3000,100.0,ZNE,dev,gold,MQ_GBM_GOLD_20140504_195403
"bucket4$254,:3,:6001",2014-05-04T19:53:33.340000,MQ,LAM,3000,3101.0,3000,100.0,ZNE,test,gold,MQ_LAM_GOLD_20140504_195403
"bucket2$222,:3,:6001",2014-05-04T19:53:35.530000,MQ,SAM,3000,3033.0,3000,100.0,ZNE,dev,gold,MQ_SAM_GOLD_20140504_195405
"bucket2$223,:3,:6001",2014-05-04T22:36:22.039900,MQ,BAM,3000,,3000,100.0,ZNE,dev,gold,MQ_BAM_GOLD_20140504_223652
"bucket4$255,:3,:6001",2014-05-04T22:36:26.079900,MQ,CPM,3000,,3000,100.0,ZNE,test,gold,MQ_CPM_GOLD_20140504_223656
"bucket1$930,:3,:6001",2014-05-04T22:36:21.189900,MQ,GBM,3000,,3000,100.0,ZNE,train,gold,MQ_GBM_GOLD_20140504_223651
"bucket1$931,:3,:6001",2014-05-04T22:36:22.220000,MQ,SAM,3000,3025.0,3000,100.0,ZNE,train,gold,MQ_SAM_GOLD_20140504_223652
"bucket1$932,:3,:6001",2014-05-04T23:25:47.949900,MQ,BAM,3000,,3000,100.0,ZNE,train,gold,MQ_BAM_GOLD_20140504_232617
"bucket1$933,:3,:6001",2014-05-04T23:25:49.209900,MQ,CPM,3000,,3000,100.0,ZNE,train,gold,MQ_CPM_GOLD_20140504_232619
"bucket4$256,:3,:6001",2014-05-04T23:25:48.439900,MQ,GBM,3000,,3000,100.0,ZNE,test,gold,MQ_GBM_GOLD_20140504_232618
"bucket2$224,:3,:6001",2014-05-04T23:25:48.650000,MQ,IA2,3000,3040.0,3000,100.0,ZNE,dev,gold,MQ_IA2_GOLD_20140504_232618
"bucket1$934,:3,:6001",2014-05-04T23:25:49.639900,MQ,MLM,3000,,3000,100.0,ZNE,train,gold,MQ_MLM_GOLD_20140504_232619
"bucket1$935,:3,:6001",2014-05-05T01:43:54.479900,MQ,BAM,3000,,3000,100.0,ZNE,train,gold,MQ_BAM_GOLD_20140505_014424
"bucket2$225,:3,:6001",2014-05-05T01:43:54.079900,MQ,CPM,3000,,3000,100.0,ZNE,dev,gold,MQ_CPM_GOLD_20140505_014424
"bucket1$936,:3,:6001",2014-05-05T01:43:53.359900,MQ,GBM,3000,,3000,100.0,ZNE,train,gold,MQ_GBM_GOLD_20140505_014423
"bucket4$257,:3,:6001",2014-05-05T01:43:54.270000,MQ,IA2,3000,3070.0,3000,100.0,ZNE,test,gold,MQ_IA2_GOLD_20140505_014424
"bucket1$937,:3,:6001",2014-05-05T01:43:53.710000,MQ,LAM,3000,3017.0,3000,100.0,ZNE,train,gold,MQ_LAM_GOLD_20140505_014423
"bucket1$938,:3,:6001",2014-05-05T01:43:54.450000,MQ,SAM,3000,3007.0,3000,100.0,ZNE,train,gold,MQ_SAM_GOLD_20140505_014424
"bucket2$226,:3,:6001",2014-05-05T01:44:18.979900,MQ,BAM,3000,,3000,100.0,ZNE,dev,gold,MQ_BAM_GOLD_20140505_014448
"bucket1$939,:3,:6001",2014-05-05T01:44:19.549900,MQ,CPM,3000,,3000,100.0,ZNE,train,gold,MQ_CPM_GOLD_20140505_014449
"bucket1$940,:3,:6001",2014-05-05T01:44:19.679900,MQ,GBM,3000,,3000,100.0,ZNE,train,gold,MQ_GBM_GOLD_20140505_014449
"bucket1$941,:3,:6001",2014-05-05T01:44:18.640000,MQ,IA2,3000,3054.0,3000,100.0,ZNE,train,gold,MQ_IA2_GOLD_20140505_014448
"bucket4$258,:3,:6001",2014-05-05T01:51:44.239900,MQ,BAM,3000,,3000,100.0,ZNE,test,gold,MQ_BAM_GOLD_20140505_015214
"bucket4$259,:3,:6001",2014-05-05T01:51:41.069900,MQ,CPM,3000,,3000,100.0,ZNE,test,gold,MQ_CPM_GOLD_20140505_015211
"bucket1$942,:3,:6001",2014-05-05T01:51:43.709900,MQ,GBM,3000,,3000,100.0,ZNE,train,gold,MQ_GBM_GOLD_20140505_015213
"bucket2$227,:3,:6001",2014-05-05T01:51:44.480000,MQ,IA2,3000,,3000,100.0,ZNE,dev,gold,MQ_IA2_GOLD_20140505_015214
"bucket1$943,:3,:6001",2014-05-05T01:51:43.590000,MQ,LAM,3000,3103.0,3000,100.0,ZNE,train,gold,MQ_LAM_GOLD_20140505_015213
"bucket1$944,:3,:6001",2014-05-05T04:47:29.939900,MQ,BAM,3000,,3000,100.0,ZNE,train,gold,MQ_BAM_GOLD_20140505_044759
"bucket2$228,:3,:6001",2014-05-05T04:47:34.579900,MQ,CPM,3000,,3000,100.0,ZNE,dev,gold,MQ_CPM_GOLD_20140505_044804
"bucket1$945,:3,:6001",2014-05-05T04:47:29.069900,MQ,GBM,3000,,3000,100.0,ZNE,train,gold,MQ_GBM_GOLD_20140505_044759
"bucket1$946,:3,:6001",2014-05-05T04:47:29.630000,MQ,IA2,3000,3226.0,3000,100.0,ZNE,train,gold,MQ_IA2_GOLD_20140505_044759
"bucket1$947,:3,:6001",2014-05-05T04:47:29.180000,MQ,LAM,3000,3174.0,3000,100.0,ZNE,train,gold,MQ_LAM_GOLD_20140505_044759
"bucket1$948,:3,:6001",2014-05-05T06:19:51.919900,MQ,BAM,3000,,3000,100.0,ZNE,train,gold,MQ_BAM_GOLD_20140505_062021
"bucket4$260,:3,:6001",2014-05-05T06:19:52.899900,MQ,CPM,3000,,3000,100.0,ZNE,test,gold,MQ_CPM_GOLD_20140505_062022
"bucket1$949,:3,:6001",2014-05-05T06:19:51.419900,MQ,GBM,3000,,3000,100.0,ZNE,train,gold,MQ_GBM_GOLD_20140505_062021
"bucket1$950,:3,:6001",2014-05-05T06:19:52.210000,MQ,IA2,3000,3221.0,3000,100.0,ZNE,train,gold,MQ_IA2_GOLD_20140505_062022
"bucket1$951,:3,:6001",2014-05-05T06:19:51.290000,MQ,LAM,3000,3062.0,3000,100.0,ZNE,train,gold,MQ_LAM_GOLD_20140505_062021
"bucket1$952,:3,:6001",2014-05-05T06:19:52.760000,MQ,SAM,3000,3039.0,3000,100.0,ZNE,train,gold,MQ_SAM_GOLD_20140505_062022
"bucket1$953,:3,:6001",2014-05-05T07:38:50.749900,MQ,BAM,3000,,3000,100.0,ZNE,train,gold,MQ_BAM_GOLD_20140505_073920
"bucket1$954,:3,:6001",2014-05-05T07:38:50.119900,MQ,CPM,3000,,3000,100.0,ZNE,train,gold,MQ_CPM_GOLD_20140505_073920
"bucket1$955,:3,:6001",2014-05-05T07:38:50.119900,MQ,GBM,3000,,3000,100.0,ZNE,train,gold,MQ_GBM_GOLD_20140505_073920
"bucket1$956,:3,:6001",2014-05-05T07:38:50.190000,MQ,IA2,3000,3037.0,3000,100.0,ZNE,train,gold,MQ_IA2_GOLD_20140505_073920
"bucket1$957,:3,:6001",2014-05-05T07:38:49.639900,MQ,MLM,3000,,3000,100.0,ZNE,train,gold,MQ_MLM_GOLD_20140505_073919
"bucket1$958,:3,:6001",2014-05-05T07:39:04.649900,MQ,BAM,3000,,3000,100.0,ZNE,train,gold,MQ_BAM_GOLD_20140505_073934
"bucket1$959,:3,:6001",2014-05-05T07:39:04.569900,MQ,CPM,3000,,3000,100.0,ZNE,train,gold,MQ_CPM_GOLD_20140505_073934
"bucket1$960,:3,:6001",2014-05-05T07:39:03.819900,MQ,GBM,3000,,3000,100.0,ZNE,train,gold,MQ_GBM_GOLD_20140505_073933
"bucket1$961,:3,:6001",2014-05-05T07:39:03.360000,MQ,IA2,3000,3108.0,3000,100.0,ZNE,train,gold,MQ_IA2_GOLD_20140505_073933
"bucket1$962,:3,:6001",2014-05-05T07:39:04.200000,MQ,LAM,3000,,3000,100.0,ZNE,train,gold,MQ_LAM_GOLD_20140505_073934
"bucket1$963,:3,:6001",2014-05-05T07:39:03.239900,MQ,MLM,3000,,3000,100.0,ZNE,train,gold,MQ_MLM_GOLD_20140505_073933
"bucket2$229,:3,:6001",2014-05-05T07:39:05.110000,MQ,SAM,3000,3074.0,3000,100.0,ZNE,dev,gold,MQ_SAM_GOLD_20140505_073935
"bucket4$261,:3,:6001",2014-05-05T08:06:19.449900,MQ,BAM,3000,,3000,100.0,ZNE,test,gold,MQ_BAM_GOLD_20140505_080649
"bucket1$964,:3,:6001",2014-05-05T08:06:18.849900,MQ,CPM,3000,,3000,100.0,ZNE,train,gold,MQ_CPM_GOLD_20140505_080648
"bucket1$965,:3,:6001",2014-05-05T08:06:18.519900,MQ,GBM,3000,,3000,100.0,ZNE,train,gold,MQ_GBM_GOLD_20140505_080648
"bucket1$966,:3,:6001",2014-05-05T08:06:18,MQ,IA2,3000,3116.0,3000,100.0,ZNE,train,gold,MQ_IA2_GOLD_20140505_080648
"bucket1$967,:3,:6001",2014-05-05T13:44:46.739900,MQ,BAM,3000,,3000,100.0,ZNE,train,gold,MQ_BAM_GOLD_20140505_134516
"bucket1$968,:3,:6001",2014-05-05T13:44:44.329900,MQ,CPM,3000,,3000,100.0,ZNE,train,gold,MQ_CPM_GOLD_20140505_134514
"bucket1$969,:3,:6001",2014-05-05T13:44:44.239900,MQ,GBM,3000,,3000,100.0,ZNE,train,gold,MQ_GBM_GOLD_20140505_134514
"bucket1$970,:3,:6001",2014-05-05T13:44:43.930000,MQ,IA2,3000,3227.0,3000,100.0,ZNE,train,gold,MQ_IA2_GOLD_20140505_134513
"bucket1$971,:3,:6001",2014-05-05T13:44:46.530000,MQ,SAM,3000,3058.0,3000,100.0,ZNE,train,gold,MQ_SAM_GOLD_20140505_134516
"bucket1$972,:3,:6001",2014-05-05T14:38:30.859900,MQ,BAM,3000,,3000,100.0,ZNE,train,gold,MQ_BAM_GOLD_20140505_143900
"bucket1$973,:3,:6001",2014-05-05T14:38:30.359900,MQ,CPM,3000,,3000,100.0,ZNE,train,gold,MQ_CPM_GOLD_20140505_143900
"bucket1$974,:3,:6001",2014-05-05T14:38:31.199900,MQ,GBM,3000,,3000,100.0,ZNE,train,gold,MQ_GBM_GOLD_20140505_143901
"bucket2$230,:3,:6001",2014-05-05T14:38:30.840000,MQ,IA2,3000,3038.0,3000,100.0,ZNE,dev,gold,MQ_IA2_GOLD_20140505_143900
"bucket1$975,:3,:6001",2014-05-05T14:38:30.680000,MQ,LAM,3000,3142.0,3000,100.0,ZNE,train,gold,MQ_LAM_GOLD_20140505_143900
"bucket1$976,:3,:6001",2014-05-05T14:38:31.249900,MQ,MLM,3000,,3000,100.0,ZNE,train,gold,MQ_MLM_GOLD_20140505_143901
"bucket1$977,:3,:6001",2014-05-05T14:38:30.720000,MQ,SAM,3000,3250.0,3000,100.0,ZNE,train,gold,MQ_SAM_GOLD_20140505_143900
"bucket4$262,:3,:6001",2014-05-05T14:38:43.619900,MQ,BAM,3000,,3000,100.0,ZNE,test,gold,MQ_BAM_GOLD_20140505_143913
"bucket2$231,:3,:6001",2014-05-05T14:38:44.209900,MQ,CPM,3000,,3000,100.0,ZNE,dev,gold,MQ_CPM_GOLD_20140505_143914
"bucket1$978,:3,:6001",2014-05-05T14:38:44.619900,MQ,GBM,3000,,3000,100.0,ZNE,train,gold,MQ_GBM_GOLD_20140505_143914
"bucket2$232,:3,:6001",2014-05-05T14:38:43.220000,MQ,IA2,3000,3178.0,3000,100.0,ZNE,dev,gold,MQ_IA2_GOLD_20140505_143913
"bucket1$979,:3,:6001",2014-05-05T14:38:43.380000,MQ,LAM,3000,3103.0,3000,100.0,ZNE,train,gold,MQ_LAM_GOLD_20140505_143913
"bucket1$980,:3,:6001",2014-05-05T14:38:43.140000,MQ,SAM,3000,3150.0,3000,100.0,ZNE,train,gold,MQ_SAM_GOLD_20140505_143913
"bucket1$981,:3,:6001",2014-05-05T15:03:30.410000,MQ,SAM,3000,3111.0,3000,100.0,ZNE,train,gold,MQ_SAM_GOLD_20140505_150400
"bucket1$982,:3,:6001",2014-05-05T16:51:38.999900,MQ,BAM,3000,,3000,100.0,ZNE,train,gold,MQ_BAM_GOLD_20140505_165208
"bucket1$983,:3,:6001",2014-05-05T16:51:37.989900,MQ,CPM,3000,,3000,100.0,ZNE,train,gold,MQ_CPM_GOLD_20140505_165207
"bucket1$984,:3,:6001",2014-05-05T16:51:39,MQ,IA2,3000,3028.0,3000,100.0,ZNE,train,gold,MQ_IA2_GOLD_20140505_165209
"bucket1$985,:3,:6001",2014-05-05T16:51:39,MQ,LAM,3000,3012.0,3000,100.0,ZNE,train,gold,MQ_LAM_GOLD_20140505_165209
"bucket1$986,:3,:6001",2014-05-05T16:51:41.269900,MQ,MLM,3000,,3000,100.0,ZNE,train,gold,MQ_MLM_GOLD_20140505_165211
"bucket1$987,:3,:6001",2014-05-05T17:13:13.030000,MQ,SAM,3000,3140.0,3000,100.0,ZNE,train,gold,MQ_SAM_GOLD_20140505_171343
"bucket1$988,:3,:6001",2014-05-05T17:22:02.749900,MQ,BAM,3000,,3000,100.0,ZNE,train,gold,MQ_BAM_GOLD_20140505_172232
"bucket1$989,:3,:6001",2014-05-05T17:22:03.549900,MQ,CPM,3000,,3000,100.0,ZNE,train,gold,MQ_CPM_GOLD_20140505_172233
"bucket1$990,:3,:6001",2014-05-05T17:22:01.899900,MQ,GBM,3000,,3000,100.0,ZNE,train,gold,MQ_GBM_GOLD_20140505_172231
"bucket1$991,:3,:6001",2014-05-05T17:22:02.400000,MQ,IA2,3000,2852.0,3000,100.0,ZNE,train,gold,MQ_IA2_GOLD_20140505_172232
"bucket1$992,:3,:6001",2014-05-05T17:22:01.780000,MQ,LAM,3000,3174.0,3000,100.0,ZNE,train,gold,MQ_LAM_GOLD_20140505_172231
"bucket1$993,:3,:6001",2014-05-05T17:22:02.780000,MQ,SAM,3000,,3000,100.0,ZNE,train,gold,MQ_SAM_GOLD_20140505_172232
"bucket1$994,:3,:6001",2014-05-05T18:01:08.409900,MQ,CPM,3000,,3000,100.0,ZNE,train,gold,MQ_CPM_GOLD_20140505_180138
"bucket1$995,:3,:6001",2014-05-05T18:02:13.990000,MQ,IA2,3000,3080.0,3000,100.0,ZNE,train,gold,MQ_IA2_GOLD_20140505_180243
"bucket1$996,:3,:6001",2014-05-05T19:05:02.229900,MQ,BAM,3000,,3000,100.0,ZNE,train,gold,MQ_BAM_GOLD_20140505_190532
"bucket1$997,:3,:6001",2014-05-05T19:05:02.949900,MQ,GBM,3000,,3000,100.0,ZNE,train,gold,MQ_GBM_GOLD_20140505_190532
"bucket2$233,:3,:6001",2014-05-05T19:05:01.110000,MQ,LAM,3000,3101.0,3000,100.0,ZNE,dev,gold,MQ_LAM_GOLD_20140505_190531
"bucket1$998,:3,:6001",2014-05-05T19:05:04.030000,MQ,SAM,3000,3008.0,3000,100.0,ZNE,train,gold,MQ_SAM_GOLD_20140505_190534
"bucket1$999,:3,:6001",2014-05-06T01:08:51.339900,MQ,BAM,3000,,3000,100.0,ZNE,train,gold,MQ_BAM_GOLD_20140506_010921
"bucket1$1000,:3,:6001",2014-05-06T01:08:50.249900,MQ,GBM,3000,,3000,100.0,ZNE,train,gold,MQ_GBM_GOLD_20140506_010920
"bucket4$263,:3,:6001",2014-05-06T01:08:50.440000,MQ,IA2,3000,3059.0,3000,100.0,ZNE,test,gold,MQ_IA2_GOLD_20140506_010920
"bucket4$264,:3,:6001",2014-05-06T01:08:49.830000,MQ,LAM,3000,3152.0,3000,100.0,ZNE,test,gold,MQ_LAM_GOLD_20140506_010919
"bucket1$1001,:3,:6001",2014-05-06T02:57:13.929900,MQ,CPM,3000,,3000,100.0,ZNE,train,gold,MQ_CPM_GOLD_20140506_025743
"bucket1$1002,:3,:6001",2014-05-06T02:57:12.779900,MQ,GBM,3000,,3000,100.0,ZNE,train,gold,MQ_GBM_GOLD_20140506_025742
"bucket1$1003,:3,:6001",2014-05-06T02:57:13.340000,MQ,IA2,3000,3204.0,3000,100.0,ZNE,train,gold,MQ_IA2_GOLD_20140506_025743
"bucket1$1004,:3,:6001",2014-05-06T02:57:12.600000,MQ,LAM,3000,3279.0,3000,100.0,ZNE,train,gold,MQ_LAM_GOLD_20140506_025742
"bucket1$1005,:3,:6001",2014-05-06T04:30:59.679900,MQ,BAM,3000,,3000,100.0,ZNE,train,gold,MQ_BAM_GOLD_20140506_043129
"bucket1$1006,:3,:6001",2014-05-06T04:30:58.879900,MQ,GBM,3000,,3000,100.0,ZNE,train,gold,MQ_GBM_GOLD_20140506_043128
"bucket2$234,:3,:6001",2014-05-06T04:30:59.770000,MQ,IA2,3000,3066.0,3000,100.0,ZNE,dev,gold,MQ_IA2_GOLD_20140506_043129
"bucket1$1007,:3,:6001",2014-05-06T04:30:58.930000,MQ,LAM,3000,3036.0,3000,100.0,ZNE,train,gold,MQ_LAM_GOLD_20140506_043128
"bucket2$235,:3,:6001",2014-05-06T04:32:24.179900,MQ,GBM,3000,,3000,100.0,ZNE,dev,gold,MQ_GBM_GOLD_20140506_043254
"bucket1$1008,:3,:6001",2014-05-06T04:32:23.870000,MQ,IA2,3000,3193.0,3000,100.0,ZNE,train,gold,MQ_IA2_GOLD_20140506_043253
"bucket1$1009,:3,:6001",2014-05-06T04:32:22.930000,MQ,LAM,3000,3006.0,3000,100.0,ZNE,train,gold,MQ_LAM_GOLD_20140506_043252
"bucket1$1010,:3,:6001",2014-05-06T04:32:25.130000,MQ,SAM,3000,3077.0,3000,100.0,ZNE,train,gold,MQ_SAM_GOLD_20140506_043255
"bucket1$1011,:3,:6001",2014-05-06T06:45:42.299900,MQ,BAM,3000,,3000,100.0,ZNE,train,gold,MQ_BAM_GOLD_20140506_064612
"bucket4$265,:3,:6001",2014-05-06T06:45:41.449900,MQ,GBM,3000,,3000,100.0,ZNE,test,gold,MQ_GBM_GOLD_20140506_064611
"bucket4$266,:3,:6001",2014-05-06T06:45:42.350000,MQ,IA2,3000,,3000,100.0,ZNE,test,gold,MQ_IA2_GOLD_20140506_064612
"bucket1$1012,:3,:6001",2014-05-06T06:45:41.260000,MQ,LAM,3000,3082.0,3000,100.0,ZNE,train,gold,MQ_LAM_GOLD_20140506_064611
"bucket1$1013,:3,:6001",2014-05-06T06:59:49.439900,MQ,BAM,3000,,3000,100.0,ZNE,train,gold,MQ_BAM_GOLD_20140506_070019
"bucket1$1014,:3,:6001",2014-05-06T06:59:50.559900,MQ,CPM,3000,,3000,100.0,ZNE,train,gold,MQ_CPM_GOLD_20140506_070020
"bucket1$1015,:3,:6001",2014-05-06T06:59:48.959900,MQ,GBM,3000,,3000,100.0,ZNE,train,gold,MQ_GBM_GOLD_20140506_070018
"bucket4$267,:3,:6001",2014-05-06T06:59:49.280000,MQ,IA2,3000,3390.0,3000,100.0,ZNE,test,gold,MQ_IA2_GOLD_20140506_070019
"bucket1$1016,:3,:6001",2014-05-06T06:59:48.400000,MQ,LAM,3000,3089.0,3000,100.0,ZNE,train,gold,MQ_LAM_GOLD_20140506_070018
"bucket1$1017,:3,:6001",2014-05-06T07:37:53.309900,MQ,BAM,3000,,3000,100.0,ZNE,train,gold,MQ_BAM_GOLD_20140506_073823
"bucket1$1018,:3,:6001",2014-05-06T07:37:52.479900,MQ,GBM,3000,,3000,100.0,ZNE,train,gold,MQ_GBM_GOLD_20140506_073822
"bucket1$1019,:3,:6001",2014-05-06T07:37:53.290000,MQ,IA2,3000,3140.0,3000,100.0,ZNE,train,gold,MQ_IA2_GOLD_20140506_073823
"bucket1$1020,:3,:6001",2014-05-06T07:37:52.190000,MQ,LAM,3000,3059.0,3000,100.0,ZNE,train,gold,MQ_LAM_GOLD_20140506_073822
"bucket4$268,:3,:6001",2014-05-06T07:38:03.489900,MQ,BAM,3000,,3000,100.0,ZNE,test,gold,MQ_BAM_GOLD_20140506_073833
"bucket1$1021,:3,:6001",2014-05-06T07:38:04.459900,MQ,CPM,3000,,3000,100.0,ZNE,train,gold,MQ_CPM_GOLD_20140506_073834
"bucket1$1022,:3,:6001",2014-05-06T07:38:02.919900,MQ,GBM,3000,,3000,100.0,ZNE,train,gold,MQ_GBM_GOLD_20140506_073832
"bucket1$1023,:3,:6001",2014-05-06T07:38:03.040000,MQ,IA2,3000,3326.0,3000,100.0,ZNE,train,gold,MQ_IA2_GOLD_20140506_073833
"bucket4$269,:3,:6001",2014-05-06T07:38:02.640000,MQ,LAM,3000,3268.0,3000,100.0,ZNE,test,gold,MQ_LAM_GOLD_20140506_073832
"bucket2$236,:3,:6001",2014-05-06T07:38:04.080000,MQ,SAM,3000,3030.0,3000,100.0,ZNE,dev,gold,MQ_SAM_GOLD_20140506_073834
"bucket2$237,:3,:6001",2014-05-06T07:40:09.359900,MQ,BAM,3000,,3000,100.0,ZNE,dev,gold,MQ_BAM_GOLD_20140506_074039
"bucket3$0,:3,:6001",2014-05-06T07:40:08.199900,MQ,CPM,3000,,3000,100.0,ZNE,train,gold,MQ_CPM_GOLD_20140506_074038
"bucket3$1,:3,:6001",2014-05-06T07:40:08.550000,MQ,IA2,3000,3028.0,3000,100.0,ZNE,train,gold,MQ_IA2_GOLD_20140506_074038
"bucket4$270,:3,:6001",2014-05-06T07:40:10,MQ,LAM,3000,3004.0,3000,100.0,ZNE,test,gold,MQ_LAM_GOLD_20140506_074040
"bucket3$2,:3,:6001",2014-05-06T07:40:24.979900,MQ,BAM,3000,,3000,100.0,ZNE,train,gold,MQ_BAM_GOLD_20140506_074054
"bucket4$271,:3,:6001",2014-05-06T07:40:22.609900,MQ,CPM,3000,,3000,100.0,ZNE,test,gold,MQ_CPM_GOLD_20140506_074052
"bucket3$3,:3,:6001",2014-05-06T07:40:24.649900,MQ,GBM,3000,,3000,100.0,ZNE,train,gold,MQ_GBM_GOLD_20140506_074054
"bucket3$4,:3,:6001",2014-05-06T07:40:22.880000,MQ,IA2,3000,3174.0,3000,100.0,ZNE,train,gold,MQ_IA2_GOLD_20140506_074052
"bucket3$5,:3,:6001",2014-05-06T07:40:23.090000,MQ,LAM,3000,3211.0,3000,100.0,ZNE,train,gold,MQ_LAM_GOLD_20140506_074053
"bucket3$6,:3,:6001",2014-05-06T07:40:25.859900,MQ,MLM,3000,,3000,100.0,ZNE,train,gold,MQ_MLM_GOLD_20140506_074055
"bucket2$238,:3,:6001",2014-05-06T07:40:23.060000,MQ,SAM,3000,3040.0,3000,100.0,ZNE,dev,gold,MQ_SAM_GOLD_20140506_074053
"bucket3$7,:3,:6001",2014-05-06T08:05:58.719900,MQ,CPM,3000,,3000,100.0,ZNE,train,gold,MQ_CPM_GOLD_20140506_080628
"bucket3$8,:3,:6001",2014-05-06T08:05:58.429900,MQ,GBM,3000,,3000,100.0,ZNE,train,gold,MQ_GBM_GOLD_20140506_080628
"bucket3$9,:3,:6001",2014-05-06T08:05:58.560000,MQ,IA2,3000,3056.0,3000,100.0,ZNE,train,gold,MQ_IA2_GOLD_20140506_080628
"bucket3$10,:3,:6001",2014-05-06T08:05:58.880000,MQ,LAM,3000,3134.0,3000,100.0,ZNE,train,gold,MQ_LAM_GOLD_20140506_080628
"bucket3$11,:3,:6001",2014-05-06T08:05:58.589900,MQ,MLM,3000,,3000,100.0,ZNE,train,gold,MQ_MLM_GOLD_20140506_080628
"bucket3$12,:3,:6001",2014-05-06T08:05:58.930000,MQ,SAM,3000,3120.0,3000,100.0,ZNE,train,gold,MQ_SAM_GOLD_20140506_080628
"bucket3$13,:3,:6001",2014-05-06T08:06:09.729900,MQ,BAM,3000,,3000,100.0,ZNE,train,gold,MQ_BAM_GOLD_20140506_080639
"bucket3$14,:3,:6001",2014-05-06T08:06:10.639900,MQ,CPM,3000,,3000,100.0,ZNE,train,gold,MQ_CPM_GOLD_20140506_080640
"bucket3$15,:3,:6001",2014-05-06T08:06:09.729900,MQ,GBM,3000,,3000,100.0,ZNE,train,gold,MQ_GBM_GOLD_20140506_080639
"bucket3$16,:3,:6001",2014-05-06T08:06:09.380000,MQ,IA2,3000,3147.0,3000,100.0,ZNE,train,gold,MQ_IA2_GOLD_20140506_080639
"bucket3$17,:3,:6001",2014-05-06T08:06:10.400000,MQ,LAM,3000,3052.0,3000,100.0,ZNE,train,gold,MQ_LAM_GOLD_20140506_080640
"bucket3$18,:3,:6001",2014-05-06T08:06:11.039900,MQ,MLM,3000,,3000,100.0,ZNE,train,gold,MQ_MLM_GOLD_20140506_080641
"bucket3$19,:3,:6001",2014-05-06T08:06:10.710000,MQ,SAM,3000,3106.0,3000,100.0,ZNE,train,gold,MQ_SAM_GOLD_20140506_080640
"bucket3$20,:3,:6001",2014-05-06T11:17:49.549900,MQ,BAM,3000,,3000,100.0,ZNE,train,gold,MQ_BAM_GOLD_20140506_111819
"bucket3$21,:3,:6001",2014-05-06T11:17:51.069900,MQ,GBM,3000,,3000,100.0,ZNE,train,gold,MQ_GBM_GOLD_20140506_111821
"bucket4$272,:3,:6001",2014-05-06T11:17:49.960000,MQ,IA2,3000,3019.0,3000,100.0,ZNE,test,gold,MQ_IA2_GOLD_20140506_111819
"bucket3$22,:3,:6001",2014-05-06T11:17:49.870000,MQ,LAM,3000,3284.0,3000,100.0,ZNE,train,gold,MQ_LAM_GOLD_20140506_111819
"bucket2$239,:3,:6001",2014-05-06T12:32:25.720000,MQ,IA2,3000,3030.0,3000,100.0,ZNE,dev,gold,MQ_IA2_GOLD_20140506_123255
"bucket3$23,:3,:6001",2014-05-06T14:02:40.739900,MQ,BAM,3000,,3000,100.0,ZNE,train,gold,MQ_BAM_GOLD_20140506_140310
"bucket3$24,:3,:6001",2014-05-06T14:02:42.229900,MQ,CPM,3000,,3000,100.0,ZNE,train,gold,MQ_CPM_GOLD_20140506_140312
"bucket3$25,:3,:6001",2014-05-06T14:02:41.460000,MQ,IA2,3000,3062.0,3000,100.0,ZNE,train,gold,MQ_IA2_GOLD_20140506_140311
"bucket4$273,:3,:6001",2014-05-06T14:02:42.410000,MQ,LAM,3000,3053.0,3000,100.0,ZNE,test,gold,MQ_LAM_GOLD_20140506_140312
"bucket3$26,:3,:6001",2014-05-06T14:18:31.559900,MQ,BAM,3000,,3000,100.0,ZNE,train,gold,MQ_BAM_GOLD_20140506_141901
"bucket3$27,:3,:6001",2014-05-06T14:18:30.729900,MQ,GBM,3000,,3000,100.0,ZNE,train,gold,MQ_GBM_GOLD_20140506_141900
"bucket3$28,:3,:6001",2014-05-06T14:18:30.290000,MQ,LAM,3000,3024.0,3000,100.0,ZNE,train,gold,MQ_LAM_GOLD_20140506_141900
"bucket3$29,:3,:6001",2014-05-06T14:18:31.600000,MQ,SAM,3000,3033.0,3000,100.0,ZNE,train,gold,MQ_SAM_GOLD_20140506_141901
"bucket3$30,:3,:6001",2014-05-06T20:21:53.369900,MQ,CPM,3000,,3000,100.0,ZNE,train,gold,MQ_CPM_GOLD_20140506_202223
"bucket3$31,:3,:6001",2014-05-06T20:21:53.050000,MQ,SAM,3000,3041.0,3000,100.0,ZNE,train,gold,MQ_SAM_GOLD_20140506_202223
"bucket2$240,:3,:6001",2014-05-06T21:01:21,MQ,SAM,3000,3055.0,3000,100.0,ZNE,dev,gold,MQ_SAM_GOLD_20140506_210151
"bucket3$32,:3,:6001",2014-05-06T23:08:22.189900,MQ,BAM,3000,,3000,100.0,ZNE,train,gold,MQ_BAM_GOLD_20140506_230852
"bucket3$33,:3,:6001",2014-05-06T23:08:22.299900,MQ,GBM,3000,,3000,100.0,ZNE,train,gold,MQ_GBM_GOLD_20140506_230852
"bucket3$34,:3,:6001",2014-05-06T23:08:21.900000,MQ,LAM,3000,3076.0,3000,100.0,ZNE,train,gold,MQ_LAM_GOLD_20140506_230851
"bucket3$35,:3,:6001",2014-05-06T23:08:23.870000,MQ,SAM,3000,3023.0,3000,100.0,ZNE,train,gold,MQ_SAM_GOLD_20140506_230853
"bucket4$274,:3,:6001",2014-05-06T23:56:31.149900,MQ,BAM,3000,,3000,100.0,ZNE,test,gold,MQ_BAM_GOLD_20140506_235701
"bucket3$36,:3,:6001",2014-05-06T23:56:31.789900,MQ,CPM,3000,,3000,100.0,ZNE,train,gold,MQ_CPM_GOLD_20140506_235701
"bucket3$37,:3,:6001",2014-05-06T23:56:31.949900,MQ,GBM,3000,,3000,100.0,ZNE,train,gold,MQ_GBM_GOLD_20140506_235701
"bucket3$38,:3,:6001",2014-05-06T23:56:31.590000,MQ,IA2,3000,3029.0,3000,100.0,ZNE,train,gold,MQ_IA2_GOLD_20140506_235701
"bucket3$39,:3,:6001",2014-05-06T23:56:31.980000,MQ,SAM,3000,,3000,100.0,ZNE,train,gold,MQ_SAM_GOLD_20140506_235701
"bucket3$40,:3,:6001",2014-05-06T23:56:57.819900,MQ,BAM,3000,,3000,100.0,ZNE,train,gold,MQ_BAM_GOLD_20140506_235727
"bucket3$41,:3,:6001",2014-05-06T23:56:58.099900,MQ,CPM,3000,,3000,100.0,ZNE,train,gold,MQ_CPM_GOLD_20140506_235728
"bucket3$42,:3,:6001",2014-05-06T23:56:59.199900,MQ,GBM,3000,,3000,100.0,ZNE,train,gold,MQ_GBM_GOLD_20140506_235729
"bucket4$275,:3,:6001",2014-05-06T23:56:57.450000,MQ,IA2,3000,3102.0,3000,100.0,ZNE,test,gold,MQ_IA2_GOLD_20140506_235727
"bucket3$43,:3,:6001",2014-05-06T23:56:58.540000,MQ,LAM,3000,2977.0,3000,100.0,ZNE,train,gold,MQ_LAM_GOLD_20140506_235728
"bucket3$44,:3,:6001",2014-05-06T23:56:58.320000,MQ,SAM,3000,3131.0,3000,100.0,ZNE,train,gold,MQ_SAM_GOLD_20140506_235728
"bucket2$241,:3,:6001",2014-05-07T06:58:59.579900,MQ,BAM,3000,,3000,100.0,ZNE,dev,gold,MQ_BAM_GOLD_20140507_065929
"bucket2$242,:3,:6001",2014-05-07T06:58:58.469900,MQ,GBM,3000,,3000,100.0,ZNE,dev,gold,MQ_GBM_GOLD_20140507_065928
"bucket3$45,:3,:6001",2014-05-07T06:58:58.940000,MQ,IA2,3000,3057.0,3000,100.0,ZNE,train,gold,MQ_IA2_GOLD_20140507_065928
"bucket3$46,:3,:6001",2014-05-07T06:58:58.470000,MQ,LAM,3000,3127.0,3000,100.0,ZNE,train,gold,MQ_LAM_GOLD_20140507_065928
"bucket3$47,:3,:6001",2014-05-07T07:18:02.960000,MQ,IA2,3000,3014.0,3000,100.0,ZNE,train,gold,MQ_IA2_GOLD_20140507_071832
"bucket3$48,:3,:6001",2014-05-07T09:05:37.979900,MQ,BAM,3000,,3000,100.0,ZNE,train,gold,MQ_BAM_GOLD_20140507_090607
"bucket3$49,:3,:6001",2014-05-07T09:05:39.149900,MQ,CPM,3000,,3000,100.0,ZNE,train,gold,MQ_CPM_GOLD_20140507_090609
"bucket4$276,:3,:6001",2014-05-07T09:05:37.950000,MQ,IA2,3000,3101.0,3000,100.0,ZNE,test,gold,MQ_IA2_GOLD_20140507_090607
"bucket3$50,:3,:6001",2014-05-07T09:05:38.350000,MQ,SAM,3000,3046.0,3000,100.0,ZNE,train,gold,MQ_SAM_GOLD_20140507_090608
"bucket3$51,:3,:6001",2014-05-07T16:59:39.320000,MQ,IA2,3000,3123.0,3000,100.0,ZNE,train,gold,MQ_IA2_GOLD_20140507_170009
"bucket3$52,:3,:6001",2014-05-07T20:44:04.219900,MQ,BAM,3000,,3000,100.0,ZNE,train,gold,MQ_BAM_GOLD_20140507_204434
"bucket3$53,:3,:6001",2014-05-07T20:44:03.449900,MQ,GBM,3000,,3000,100.0,ZNE,train,gold,MQ_GBM_GOLD_20140507_204433
"bucket3$54,:3,:6001",2014-05-07T20:44:04.300000,MQ,IA2,3000,3008.0,3000,100.0,ZNE,train,gold,MQ_IA2_GOLD_20140507_204434
"bucket3$55,:3,:6001",2014-05-07T20:44:03.240000,MQ,LAM,3000,3024.0,3000,100.0,ZNE,train,gold,MQ_LAM_GOLD_20140507_204433
"bucket3$56,:3,:6001",2014-05-08T02:51:52.899900,MQ,BAM,3000,,3000,100.0,ZNE,train,gold,MQ_BAM_GOLD_20140508_025222
"bucket3$57,:3,:6001",2014-05-08T02:51:51.879900,MQ,GBM,3000,,3000,100.0,ZNE,train,gold,MQ_GBM_GOLD_20140508_025221
"bucket3$58,:3,:6001",2014-05-08T02:51:52.490000,MQ,IA2,3000,3075.0,3000,100.0,ZNE,train,gold,MQ_IA2_GOLD_20140508_025222
"bucket3$59,:3,:6001",2014-05-08T02:51:51.680000,MQ,LAM,3000,3122.0,3000,100.0,ZNE,train,gold,MQ_LAM_GOLD_20140508_025221
"bucket3$60,:3,:6001",2014-05-08T04:29:56.639900,MQ,CPM,3000,,3000,100.0,ZNE,train,gold,MQ_CPM_GOLD_20140508_043026
"bucket3$61,:3,:6001",2014-05-08T04:29:59.489900,MQ,GBM,3000,,3000,100.0,ZNE,train,gold,MQ_GBM_GOLD_20140508_043029
"bucket3$62,:3,:6001",2014-05-08T04:29:58.210000,MQ,IA2,3000,3199.0,3000,100.0,ZNE,train,gold,MQ_IA2_GOLD_20140508_043028
"bucket3$63,:3,:6001",2014-05-08T04:29:59.650000,MQ,LAM,3000,3005.0,3000,100.0,ZNE,train,gold,MQ_LAM_GOLD_20140508_043029
"bucket3$64,:3,:6001",2014-05-08T09:17:23.349900,MQ,BAM,3000,,3000,100.0,ZNE,train,gold,MQ_BAM_GOLD_20140508_091753
"bucket3$65,:3,:6001",2014-05-08T09:17:24.729900,MQ,CPM,3000,,3000,100.0,ZNE,train,gold,MQ_CPM_GOLD_20140508_091754
"bucket3$66,:3,:6001",2014-05-08T09:17:25.959900,MQ,GBM,3000,,3000,100.0,ZNE,train,gold,MQ_GBM_GOLD_20140508_091755
"bucket3$67,:3,:6001",2014-05-08T09:17:23.130000,MQ,IA2,3000,3258.0,3000,100.0,ZNE,train,gold,MQ_IA2_GOLD_20140508_091753
"bucket3$68,:3,:6001",2014-05-08T09:17:23.419900,MQ,MLM,3000,,3000,100.0,ZNE,train,gold,MQ_MLM_GOLD_20140508_091753
"bucket3$69,:3,:6001",2014-05-08T16:39:00.879900,MQ,BAM,3000,,3000,100.0,ZNE,train,gold,MQ_BAM_GOLD_20140508_163930
"bucket3$70,:3,:6001",2014-05-08T16:38:59.139900,MQ,CPM,3000,,3000,100.0,ZNE,train,gold,MQ_CPM_GOLD_20140508_163929
"bucket3$71,:3,:6001",2014-05-08T16:38:59.620000,MQ,IA2,3000,3089.0,3000,100.0,ZNE,train,gold,MQ_IA2_GOLD_20140508_163929
"bucket2$243,:3,:6001",2014-05-08T16:39:01.539900,MQ,MLM,3000,,3000,100.0,ZNE,dev,gold,MQ_MLM_GOLD_20140508_163931
"bucket3$72,:3,:6001",2014-05-08T16:39:01.190000,MQ,SAM,3000,3086.0,3000,100.0,ZNE,train,gold,MQ_SAM_GOLD_20140508_163931
"bucket4$277,:3,:6001",2014-05-08T19:57:26.679900,MQ,CPM,3000,,3000,100.0,ZNE,test,gold,MQ_CPM_GOLD_20140508_195756
"bucket3$73,:3,:6001",2014-05-08T19:57:28.149900,MQ,GBM,3000,,3000,100.0,ZNE,train,gold,MQ_GBM_GOLD_20140508_195758
"bucket3$74,:3,:6001",2014-05-08T19:57:26.970000,MQ,IA2,3000,3046.0,3000,100.0,ZNE,train,gold,MQ_IA2_GOLD_20140508_195756
"bucket4$278,:3,:6001",2014-05-08T19:57:27.079900,MQ,MLM,3000,,3000,100.0,ZNE,test,gold,MQ_MLM_GOLD_20140508_195757
"bucket3$75,:3,:6001",2014-05-08T21:21:33.269900,MQ,BAM,3000,,3000,100.0,ZNE,train,gold,MQ_BAM_GOLD_20140508_212203
"bucket3$76,:3,:6001",2014-05-08T21:21:34.349900,MQ,CPM,3000,,3000,100.0,ZNE,train,gold,MQ_CPM_GOLD_20140508_212204
"bucket3$77,:3,:6001",2014-05-08T21:21:33.879900,MQ,GBM,3000,,3000,100.0,ZNE,train,gold,MQ_GBM_GOLD_20140508_212203
"bucket2$244,:3,:6001",2014-05-08T21:21:34.200000,MQ,IA2,3000,3125.0,3000,100.0,ZNE,dev,gold,MQ_IA2_GOLD_20140508_212204
"bucket3$78,:3,:6001",2014-05-08T21:21:34.090000,MQ,LAM,3000,3197.0,3000,100.0,ZNE,train,gold,MQ_LAM_GOLD_20140508_212204
"bucket3$79,:3,:6001",2014-05-08T21:21:34.249900,MQ,MLM,3000,,3000,100.0,ZNE,train,gold,MQ_MLM_GOLD_20140508_212204
"bucket3$80,:3,:6001",2014-05-08T23:20:45.299900,MQ,BAM,3000,,3000,100.0,ZNE,train,gold,MQ_BAM_GOLD_20140508_232115
"bucket3$81,:3,:6001",2014-05-09T07:03:02.959900,MQ,MLM,3000,,3000,100.0,ZNE,train,gold,MQ_MLM_GOLD_20140509_070332
"bucket2$245,:3,:6001",2014-05-09T14:00:59.889900,MQ,BAM,3000,,3000,100.0,ZNE,dev,gold,MQ_BAM_GOLD_20140509_140129
"bucket3$82,:3,:6001",2014-05-09T14:01:00.639900,MQ,CPM,3000,,3000,100.0,ZNE,train,gold,MQ_CPM_GOLD_20140509_140130
"bucket3$83,:3,:6001",2014-05-09T14:01:00.099900,MQ,GBM,3000,,3000,100.0,ZNE,train,gold,MQ_GBM_GOLD_20140509_140130
"bucket3$84,:3,:6001",2014-05-09T14:01:00.350000,MQ,IA2,3000,3076.0,3000,100.0,ZNE,train,gold,MQ_IA2_GOLD_20140509_140130
"bucket3$85,:3,:6001",2014-05-09T14:01:00.420000,MQ,SAM,3000,3105.0,3000,100.0,ZNE,train,gold,MQ_SAM_GOLD_20140509_140130
"bucket3$86,:3,:6001",2014-05-09T22:13:28.949900,MQ,BAM,3000,,3000,100.0,ZNE,train,gold,MQ_BAM_GOLD_20140509_221358
"bucket3$87,:3,:6001",2014-05-09T22:13:30.229900,MQ,CPM,3000,,3000,100.0,ZNE,train,gold,MQ_CPM_GOLD_20140509_221400
"bucket3$88,:3,:6001",2014-05-09T22:13:29.429900,MQ,GBM,3000,,3000,100.0,ZNE,train,gold,MQ_GBM_GOLD_20140509_221359
"bucket4$279,:3,:6001",2014-05-09T22:13:29.560000,MQ,IA2,3000,3042.0,3000,100.0,ZNE,test,gold,MQ_IA2_GOLD_20140509_221359
"bucket3$89,:3,:6001",2014-05-09T22:13:30.200000,MQ,LAM,3000,3140.0,3000,100.0,ZNE,train,gold,MQ_LAM_GOLD_20140509_221400
"bucket3$90,:3,:6001",2014-05-09T22:13:40.649900,MQ,GBM,3000,,3000,100.0,ZNE,train,gold,MQ_GBM_GOLD_20140509_221410
"bucket3$91,:3,:6001",2014-05-09T22:13:41.400000,MQ,IA2,3000,3018.0,3000,100.0,ZNE,train,gold,MQ_IA2_GOLD_20140509_221411
"bucket3$92,:3,:6001",2014-05-09T22:13:42.330000,MQ,LAM,3000,,3000,100.0,ZNE,train,gold,MQ_LAM_GOLD_20140509_221412
"bucket3$93,:3,:6001",2014-05-09T22:13:41.410000,MQ,SAM,3000,3229.0,3000,100.0,ZNE,train,gold,MQ_SAM_GOLD_20140509_221411
"bucket4$280,:3,:6001",2014-05-09T22:45:50.039900,MQ,BAM,3000,,3000,100.0,ZNE,test,gold,MQ_BAM_GOLD_20140509_224620
"bucket3$94,:3,:6001",2014-05-09T22:45:50.319900,MQ,CPM,3000,,3000,100.0,ZNE,train,gold,MQ_CPM_GOLD_20140509_224620
"bucket2$246,:3,:6001",2014-05-09T22:45:50.330000,MQ,IA2,3000,3175.0,3000,100.0,ZNE,dev,gold,MQ_IA2_GOLD_20140509_224620
"bucket3$95,:3,:6001",2014-05-09T22:45:51.450000,MQ,SAM,3000,3100.0,3000,100.0,ZNE,train,gold,MQ_SAM_GOLD_20140509_224621
"bucket2$247,:3,:6001",2014-05-09T22:46:01.849900,MQ,BAM,3000,,3000,100.0,ZNE,dev,gold,MQ_BAM_GOLD_20140509_224631
"bucket3$96,:3,:6001",2014-05-09T22:46:02.029900,MQ,CPM,3000,,3000,100.0,ZNE,train,gold,MQ_CPM_GOLD_20140509_224632
"bucket2$248,:3,:6001",2014-05-09T22:46:01.369900,MQ,GBM,3000,,3000,100.0,ZNE,dev,gold,MQ_GBM_GOLD_20140509_224631
"bucket3$97,:3,:6001",2014-05-09T22:46:01.640000,MQ,IA2,3000,3127.0,3000,100.0,ZNE,train,gold,MQ_IA2_GOLD_20140509_224631
"bucket3$98,:3,:6001",2014-05-09T22:46:01.500000,MQ,LAM,3000,3076.0,3000,100.0,ZNE,train,gold,MQ_LAM_GOLD_20140509_224631
"bucket3$99,:3,:6001",2014-05-09T22:46:02.329900,MQ,MLM,3000,,3000,100.0,ZNE,train,gold,MQ_MLM_GOLD_20140509_224632
"bucket3$100,:3,:6001",2014-05-09T22:46:01.970000,MQ,SAM,3000,3166.0,3000,100.0,ZNE,train,gold,MQ_SAM_GOLD_20140509_224631
"bucket3$101,:3,:6001",2014-05-09T23:20:55.439900,MQ,CPM,3000,,3000,100.0,ZNE,train,gold,MQ_CPM_GOLD_20140509_232125
"bucket3$102,:3,:6001",2014-05-09T23:20:54.959900,MQ,GBM,3000,,3000,100.0,ZNE,train,gold,MQ_GBM_GOLD_20140509_232124
"bucket3$103,:3,:6001",2014-05-09T23:20:55.080000,MQ,IA2,3000,3054.0,3000,100.0,ZNE,train,gold,MQ_IA2_GOLD_20140509_232125
"bucket3$104,:3,:6001",2014-05-09T23:20:55.960000,MQ,SAM,3000,,3000,100.0,ZNE,train,gold,MQ_SAM_GOLD_20140509_232125
"bucket3$105,:3,:6001",2014-05-09T23:21:06.659900,MQ,BAM,3000,,3000,100.0,ZNE,train,gold,MQ_BAM_GOLD_20140509_232136
"bucket3$106,:3,:6001",2014-05-09T23:21:07.399900,MQ,CPM,3000,,3000,100.0,ZNE,train,gold,MQ_CPM_GOLD_20140509_232137
"bucket3$107,:3,:6001",2014-05-09T23:21:06.029900,MQ,GBM,3000,,3000,100.0,ZNE,train,gold,MQ_GBM_GOLD_20140509_232136
"bucket3$108,:3,:6001",2014-05-09T23:21:06.100000,MQ,IA2,3000,3079.0,3000,100.0,ZNE,train,gold,MQ_IA2_GOLD_20140509_232136
"bucket2$249,:3,:6001",2014-05-09T23:21:06.430000,MQ,LAM,3000,3058.0,3000,100.0,ZNE,dev,gold,MQ_LAM_GOLD_20140509_232136
"bucket3$109,:3,:6001",2014-05-09T23:21:07.089900,MQ,MLM,3000,,3000,100.0,ZNE,train,gold,MQ_MLM_GOLD_20140509_232137
"bucket2$250,:3,:6001",2014-05-09T23:21:06.890000,MQ,SAM,3000,3148.0,3000,100.0,ZNE,dev,gold,MQ_SAM_GOLD_20140509_232136
"bucket2$251,:3,:6001",2014-05-10T02:27:25.099900,MQ,BAM,3000,,3000,100.0,ZNE,dev,gold,MQ_BAM_GOLD_20140510_022755
"bucket4$281,:3,:6001",2014-05-10T02:27:26.269900,MQ,CPM,3000,,3000,100.0,ZNE,test,gold,MQ_CPM_GOLD_20140510_022756
"bucket2$252,:3,:6001",2014-05-10T02:27:23.979900,MQ,GBM,3000,,3000,100.0,ZNE,dev,gold,MQ_GBM_GOLD_20140510_022753
"bucket3$110,:3,:6001",2014-05-10T02:27:24.940000,MQ,IA2,3000,3139.0,3000,100.0,ZNE,train,gold,MQ_IA2_GOLD_20140510_022754
"bucket3$111,:3,:6001",2014-05-10T02:27:25.580000,MQ,SAM,3000,3038.0,3000,100.0,ZNE,train,gold,MQ_SAM_GOLD_20140510_022755
"bucket4$282,:3,:6001",2014-05-10T04:29:26.909900,MQ,BAM,3000,,3000,100.0,ZNE,test,gold,MQ_BAM_GOLD_20140510_042956
"bucket3$112,:3,:6001",2014-05-10T04:29:28.359900,MQ,CPM,3000,,3000,100.0,ZNE,train,gold,MQ_CPM_GOLD_20140510_042958
"bucket3$113,:3,:6001",2014-05-10T04:29:26.649900,MQ,GBM,3000,,3000,100.0,ZNE,train,gold,MQ_GBM_GOLD_20140510_042956
"bucket3$114,:3,:6001",2014-05-10T04:29:28.090000,MQ,IA2,3000,3031.0,3000,100.0,ZNE,train,gold,MQ_IA2_GOLD_20140510_042958
"bucket3$115,:3,:6001",2014-05-10T04:29:26.780000,MQ,LAM,3000,3163.0,3000,100.0,ZNE,train,gold,MQ_LAM_GOLD_20140510_042956
"bucket3$116,:3,:6001",2014-05-10T05:29:13.929900,MQ,BAM,3000,,3000,100.0,ZNE,train,gold,MQ_BAM_GOLD_20140510_052943
"bucket3$117,:3,:6001",2014-05-10T05:29:13.389900,MQ,GBM,3000,,3000,100.0,ZNE,train,gold,MQ_GBM_GOLD_20140510_052943
"bucket4$283,:3,:6001",2014-05-10T05:29:13.930000,MQ,LAM,3000,3072.0,3000,100.0,ZNE,test,gold,MQ_LAM_GOLD_20140510_052943
"bucket3$118,:3,:6001",2014-05-10T05:29:14.300000,MQ,SAM,3000,3200.0,3000,100.0,ZNE,train,gold,MQ_SAM_GOLD_20140510_052944
"bucket3$119,:3,:6001",2014-05-10T05:56:05.730000,MQ,IA2,3000,3017.0,3000,100.0,ZNE,train,gold,MQ_IA2_GOLD_20140510_055635
"bucket3$120,:3,:6001",2014-05-10T05:56:05.890000,MQ,SAM,3000,3121.0,3000,100.0,ZNE,train,gold,MQ_SAM_GOLD_20140510_055635
"bucket3$121,:3,:6001",2014-05-10T08:14:55.399900,MQ,BAM,3000,,3000,100.0,ZNE,train,gold,MQ_BAM_GOLD_20140510_081525
"bucket3$122,:3,:6001",2014-05-10T08:14:55.749900,MQ,CPM,3000,,3000,100.0,ZNE,train,gold,MQ_CPM_GOLD_20140510_081525
"bucket3$123,:3,:6001",2014-05-10T08:14:55.799900,MQ,GBM,3000,,3000,100.0,ZNE,train,gold,MQ_GBM_GOLD_20140510_081525
"bucket3$124,:3,:6001",2014-05-10T08:14:54.920000,MQ,IA2,3000,3041.0,3000,100.0,ZNE,train,gold,MQ_IA2_GOLD_20140510_081524
"bucket3$125,:3,:6001",2014-05-10T08:14:55.110000,MQ,LAM,3000,3068.0,3000,100.0,ZNE,train,gold,MQ_LAM_GOLD_20140510_081525
"bucket3$126,:3,:6001",2014-05-10T08:14:56.490000,MQ,SAM,3000,,3000,100.0,ZNE,train,gold,MQ_SAM_GOLD_20140510_081526
"bucket2$253,:3,:6001",2014-05-10T10:41:38.749900,MQ,BAM,3000,,3000,100.0,ZNE,dev,gold,MQ_BAM_GOLD_20140510_104208
"bucket3$127,:3,:6001",2014-05-10T10:41:39.239900,MQ,GBM,3000,,3000,100.0,ZNE,train,gold,MQ_GBM_GOLD_20140510_104209
"bucket3$128,:3,:6001",2014-05-10T10:41:37.260000,MQ,IA2,3000,3064.0,3000,100.0,ZNE,train,gold,MQ_IA2_GOLD_20140510_104207
"bucket4$284,:3,:6001",2014-05-10T10:41:37.189900,MQ,MLM,3000,,3000,100.0,ZNE,test,gold,MQ_MLM_GOLD_20140510_104207
"bucket2$254,:3,:6001",2014-05-10T11:12:39.379900,MQ,CPM,3000,,3000,100.0,ZNE,dev,gold,MQ_CPM_GOLD_20140510_111309
"bucket3$129,:3,:6001",2014-05-10T11:12:39.739900,MQ,GBM,3000,,3000,100.0,ZNE,train,gold,MQ_GBM_GOLD_20140510_111309
"bucket3$130,:3,:6001",2014-05-10T11:12:40.100000,MQ,IA2,3000,3027.0,3000,100.0,ZNE,train,gold,MQ_IA2_GOLD_20140510_111310
"bucket4$285,:3,:6001",2014-05-10T11:12:40.519900,MQ,MLM,3000,,3000,100.0,ZNE,test,gold,MQ_MLM_GOLD_20140510_111310
"bucket3$131,:3,:6001",2014-05-10T11:59:43.499900,MQ,BAM,3000,,3000,100.0,ZNE,train,gold,MQ_BAM_GOLD_20140510_120013
"bucket2$255,:3,:6001",2014-05-10T11:59:45.889900,MQ,CPM,3000,,3000,100.0,ZNE,dev,gold,MQ_CPM_GOLD_20140510_120015
"bucket3$132,:3,:6001",2014-05-10T11:59:44.179900,MQ,GBM,3000,,3000,100.0,ZNE,train,gold,MQ_GBM_GOLD_20140510_120014
"bucket3$133,:3,:6001",2014-05-10T11:59:44.020000,MQ,LAM,3000,3037.0,3000,100.0,ZNE,train,gold,MQ_LAM_GOLD_20140510_120014
"bucket3$134,:3,:6001",2014-05-10T12:16:04.729900,MQ,BAM,3000,,3000,100.0,ZNE,train,gold,MQ_BAM_GOLD_20140510_121634
"bucket3$135,:3,:6001",2014-05-10T12:15:59.899900,MQ,CPM,3000,,3000,100.0,ZNE,train,gold,MQ_CPM_GOLD_20140510_121629
"bucket3$136,:3,:6001",2014-05-10T12:16:03.549900,MQ,GBM,3000,,3000,100.0,ZNE,train,gold,MQ_GBM_GOLD_20140510_121633
"bucket3$137,:3,:6001",2014-05-10T12:15:58.900000,MQ,IA2,3000,3346.0,3000,100.0,ZNE,train,gold,MQ_IA2_GOLD_20140510_121628
"bucket2$256,:3,:6001",2014-05-10T12:17:56.749900,MQ,BAM,3000,,3000,100.0,ZNE,dev,gold,MQ_BAM_GOLD_20140510_121826
"bucket3$138,:3,:6001",2014-05-10T12:17:53.019900,MQ,CPM,3000,,3000,100.0,ZNE,train,gold,MQ_CPM_GOLD_20140510_121823
"bucket3$139,:3,:6001",2014-05-10T12:17:51.629900,MQ,GBM,3000,,3000,100.0,ZNE,train,gold,MQ_GBM_GOLD_20140510_121821
"bucket3$140,:3,:6001",2014-05-10T12:17:51.630000,MQ,IA2,3000,3013.0,3000,100.0,ZNE,train,gold,MQ_IA2_GOLD_20140510_121821
"bucket3$141,:3,:6001",2014-05-10T16:58:45.459900,MQ,BAM,3000,,3000,100.0,ZNE,train,gold,MQ_BAM_GOLD_20140510_165915
"bucket4$286,:3,:6001",2014-05-10T16:58:51.009900,MQ,CPM,3000,,3000,100.0,ZNE,test,gold,MQ_CPM_GOLD_20140510_165921
"bucket3$142,:3,:6001",2014-05-10T16:58:49.829900,MQ,GBM,3000,,3000,100.0,ZNE,train,gold,MQ_GBM_GOLD_20140510_165919
"bucket3$143,:3,:6001",2014-05-10T16:58:53.729900,MQ,MLM,3000,,3000,100.0,ZNE,train,gold,MQ_MLM_GOLD_20140510_165923
"bucket3$144,:3,:6001",2014-05-10T23:04:49.839900,MQ,BAM,3000,,3000,100.0,ZNE,train,gold,MQ_BAM_GOLD_20140510_230519
"bucket3$145,:3,:6001",2014-05-10T23:04:48.879900,MQ,CPM,3000,,3000,100.0,ZNE,train,gold,MQ_CPM_GOLD_20140510_230518
"bucket2$257,:3,:6001",2014-05-10T23:04:53.009900,MQ,GBM,3000,,3000,100.0,ZNE,dev,gold,MQ_GBM_GOLD_20140510_230523
"bucket3$146,:3,:6001",2014-05-10T23:04:48.240000,MQ,IA2,3000,2877.0,3000,100.0,ZNE,train,gold,MQ_IA2_GOLD_20140510_230518
"bucket3$147,:3,:6001",2014-05-10T23:04:50.160000,MQ,SAM,3000,3334.0,3000,100.0,ZNE,train,gold,MQ_SAM_GOLD_20140510_230520
"bucket3$148,:3,:6001",2014-05-11T06:56:39.559900,MQ,BAM,3000,,3000,100.0,ZNE,train,gold,MQ_BAM_GOLD_20140511_065709
"bucket3$149,:3,:6001",2014-05-11T06:56:40.939900,MQ,CPM,3000,,3000,100.0,ZNE,train,gold,MQ_CPM_GOLD_20140511_065710
"bucket3$150,:3,:6001",2014-05-11T06:56:40.149900,MQ,GBM,3000,,3000,100.0,ZNE,train,gold,MQ_GBM_GOLD_20140511_065710
"bucket3$151,:3,:6001",2014-05-11T06:56:40.630000,MQ,IA2,3000,3096.0,3000,100.0,ZNE,train,gold,MQ_IA2_GOLD_20140511_065710
"bucket3$152,:3,:6001",2014-05-12T03:45:29.779900,MQ,BAM,3000,,3000,100.0,ZNE,train,gold,MQ_BAM_GOLD_20140512_034559
"bucket2$258,:3,:6001",2014-05-12T03:45:30.919900,MQ,CPM,3000,,3000,100.0,ZNE,dev,gold,MQ_CPM_GOLD_20140512_034600
"bucket4$287,:3,:6001",2014-05-12T03:45:30.659900,MQ,GBM,3000,,3000,100.0,ZNE,test,gold,MQ_GBM_GOLD_20140512_034600
"bucket3$153,:3,:6001",2014-05-12T03:45:30.580000,MQ,IA2,3000,3154.0,3000,100.0,ZNE,train,gold,MQ_IA2_GOLD_20140512_034600
"bucket3$154,:3,:6001",2014-05-12T03:45:31.230000,MQ,LAM,3000,3135.0,3000,100.0,ZNE,train,gold,MQ_LAM_GOLD_20140512_034601
"bucket2$259,:3,:6001",2014-05-12T03:45:30.869900,MQ,MLM,3000,,3000,100.0,ZNE,dev,gold,MQ_MLM_GOLD_20140512_034600
"bucket2$260,:3,:6001",2014-05-12T03:45:31.250000,MQ,SAM,3000,3159.0,3000,100.0,ZNE,dev,gold,MQ_SAM_GOLD_20140512_034601
"bucket3$155,:3,:6001",2014-05-12T03:45:45.759900,MQ,BAM,3000,,3000,100.0,ZNE,train,gold,MQ_BAM_GOLD_20140512_034615
"bucket2$261,:3,:6001",2014-05-12T03:45:47.179900,MQ,CPM,3000,,3000,100.0,ZNE,dev,gold,MQ_CPM_GOLD_20140512_034617
"bucket3$156,:3,:6001",2014-05-12T03:45:46.399900,MQ,GBM,3000,,3000,100.0,ZNE,train,gold,MQ_GBM_GOLD_20140512_034616
"bucket3$157,:3,:6001",2014-05-12T03:45:46.770000,MQ,IA2,3000,3034.0,3000,100.0,ZNE,train,gold,MQ_IA2_GOLD_20140512_034616
"bucket2$262,:3,:6001",2014-05-12T03:45:47.180000,MQ,LAM,3000,,3000,100.0,ZNE,dev,gold,MQ_LAM_GOLD_20140512_034617
"bucket3$158,:3,:6001",2014-05-12T03:45:46.700000,MQ,SAM,3000,3189.0,3000,100.0,ZNE,train,gold,MQ_SAM_GOLD_20140512_034616
"bucket3$159,:3,:6001",2014-05-13T19:24:48.379900,MQ,BAM,3000,,3000,100.0,ZNE,train,gold,MQ_BAM_GOLD_20140513_192518
"bucket3$160,:3,:6001",2014-05-13T19:24:49.059900,MQ,CPM,3000,,3000,100.0,ZNE,train,gold,MQ_CPM_GOLD_20140513_192519
"bucket3$161,:3,:6001",2014-05-13T19:24:53.920000,MQ,LAM,3000,3013.0,3000,100.0,ZNE,train,gold,MQ_LAM_GOLD_20140513_192523
"bucket3$162,:3,:6001",2014-05-13T19:24:48.929900,MQ,MLM,3000,,3000,100.0,ZNE,train,gold,MQ_MLM_GOLD_20140513_192518
"bucket3$163,:3,:6001",2014-05-13T21:05:12.809900,MQ,BAM,3000,,3000,100.0,ZNE,train,gold,MQ_BAM_GOLD_20140513_210542
"bucket3$164,:3,:6001",2014-05-13T21:05:12.069900,MQ,GBM,3000,,3000,100.0,ZNE,train,gold,MQ_GBM_GOLD_20140513_210542
"bucket2$263,:3,:6001",2014-05-13T21:05:11.620000,MQ,IA2,3000,3120.0,3000,100.0,ZNE,dev,gold,MQ_IA2_GOLD_20140513_210541
"bucket3$165,:3,:6001",2014-05-13T21:05:12.409900,MQ,MLM,3000,,3000,100.0,ZNE,train,gold,MQ_MLM_GOLD_20140513_210542
"bucket3$166,:3,:6001",2014-05-14T00:04:44.469900,MQ,BAM,3000,,3000,100.0,ZNE,train,gold,MQ_BAM_GOLD_20140514_000514
"bucket3$167,:3,:6001",2014-05-14T00:04:42.839900,MQ,CPM,3000,,3000,100.0,ZNE,train,gold,MQ_CPM_GOLD_20140514_000512
"bucket4$288,:3,:6001",2014-05-14T00:04:43.189900,MQ,GBM,3000,,3000,100.0,ZNE,test,gold,MQ_GBM_GOLD_20140514_000513
"bucket4$289,:3,:6001",2014-05-14T00:04:42.690000,MQ,IA2,3000,3027.0,3000,100.0,ZNE,test,gold,MQ_IA2_GOLD_20140514_000512
"bucket3$168,:3,:6001",2014-05-14T00:04:59.599900,MQ,BAM,3000,,3000,100.0,ZNE,train,gold,MQ_BAM_GOLD_20140514_000529
"bucket3$169,:3,:6001",2014-05-14T00:05:00.829900,MQ,CPM,3000,,3000,100.0,ZNE,train,gold,MQ_CPM_GOLD_20140514_000530
"bucket3$170,:3,:6001",2014-05-14T00:04:59.299900,MQ,GBM,3000,,3000,100.0,ZNE,train,gold,MQ_GBM_GOLD_20140514_000529
"bucket3$171,:3,:6001",2014-05-14T00:04:59.400000,MQ,IA2,3000,3187.0,3000,100.0,ZNE,train,gold,MQ_IA2_GOLD_20140514_000529
"bucket3$172,:3,:6001",2014-05-14T00:04:59.770000,MQ,LAM,3000,3089.0,3000,100.0,ZNE,train,gold,MQ_LAM_GOLD_20140514_000529
"bucket3$173,:3,:6001",2014-05-14T00:04:59.779900,MQ,MLM,3000,,3000,100.0,ZNE,train,gold,MQ_MLM_GOLD_20140514_000529
"bucket3$174,:3,:6001",2014-05-14T00:04:59.760000,MQ,SAM,3000,3133.0,3000,100.0,ZNE,train,gold,MQ_SAM_GOLD_20140514_000529
"bucket3$175,:3,:6001",2014-05-14T00:48:16.539900,MQ,BAM,3000,,3000,100.0,ZNE,train,gold,MQ_BAM_GOLD_20140514_004846
"bucket3$176,:3,:6001",2014-05-14T00:48:16.179900,MQ,CPM,3000,,3000,100.0,ZNE,train,gold,MQ_CPM_GOLD_20140514_004846
"bucket3$177,:3,:6001",2014-05-14T00:48:14.819900,MQ,GBM,3000,,3000,100.0,ZNE,train,gold,MQ_GBM_GOLD_20140514_004844
"bucket3$178,:3,:6001",2014-05-14T00:48:15.500000,MQ,IA2,3000,3122.0,3000,100.0,ZNE,train,gold,MQ_IA2_GOLD_20140514_004845
"bucket3$179,:3,:6001",2014-05-14T02:00:15.149900,MQ,BAM,3000,,3000,100.0,ZNE,train,gold,MQ_BAM_GOLD_20140514_020045
"bucket3$180,:3,:6001",2014-05-14T02:00:16.129900,MQ,CPM,3000,,3000,100.0,ZNE,train,gold,MQ_CPM_GOLD_20140514_020046
"bucket3$181,:3,:6001",2014-05-14T02:00:15.889900,MQ,GBM,3000,,3000,100.0,ZNE,train,gold,MQ_GBM_GOLD_20140514_020045
"bucket3$182,:3,:6001",2014-05-14T02:00:15.760000,MQ,IA2,3000,3038.0,3000,100.0,ZNE,train,gold,MQ_IA2_GOLD_20140514_020045
"bucket3$183,:3,:6001",2014-05-14T02:00:16.779900,MQ,MLM,3000,,3000,100.0,ZNE,train,gold,MQ_MLM_GOLD_20140514_020046
"bucket3$184,:3,:6001",2014-05-14T02:11:27.989900,MQ,BAM,3000,,3000,100.0,ZNE,train,gold,MQ_BAM_GOLD_20140514_021157
"bucket3$185,:3,:6001",2014-05-14T02:11:28.579900,MQ,CPM,3000,,3000,100.0,ZNE,train,gold,MQ_CPM_GOLD_20140514_021158
"bucket3$186,:3,:6001",2014-05-14T02:11:26.989900,MQ,GBM,3000,,3000,100.0,ZNE,train,gold,MQ_GBM_GOLD_20140514_021156
"bucket4$290,:3,:6001",2014-05-14T02:11:28.100000,MQ,IA2,3000,3121.0,3000,100.0,ZNE,test,gold,MQ_IA2_GOLD_20140514_021158
"bucket3$187,:3,:6001",2014-05-14T03:14:22.779900,MQ,BAM,3000,,3000,100.0,ZNE,train,gold,MQ_BAM_GOLD_20140514_031452
"bucket3$188,:3,:6001",2014-05-14T03:14:27.499900,MQ,CPM,3000,,3000,100.0,ZNE,train,gold,MQ_CPM_GOLD_20140514_031457
"bucket3$189,:3,:6001",2014-05-14T03:14:27.989900,MQ,GBM,3000,,3000,100.0,ZNE,train,gold,MQ_GBM_GOLD_20140514_031457
"bucket3$190,:3,:6001",2014-05-14T03:14:27.590000,MQ,IA2,3000,3050.0,3000,100.0,ZNE,train,gold,MQ_IA2_GOLD_20140514_031457
"bucket3$191,:3,:6001",2014-05-14T03:14:42.989900,MQ,BAM,3000,,3000,100.0,ZNE,train,gold,MQ_BAM_GOLD_20140514_031512
"bucket4$291,:3,:6001",2014-05-14T03:14:42.309900,MQ,CPM,3000,,3000,100.0,ZNE,test,gold,MQ_CPM_GOLD_20140514_031512
"bucket3$192,:3,:6001",2014-05-14T03:14:43.029900,MQ,GBM,3000,,3000,100.0,ZNE,train,gold,MQ_GBM_GOLD_20140514_031513
"bucket3$193,:3,:6001",2014-05-14T03:14:42.940000,MQ,IA2,3000,3182.0,3000,100.0,ZNE,train,gold,MQ_IA2_GOLD_20140514_031512
"bucket3$194,:3,:6001",2014-05-14T03:44:49.799900,MQ,BAM,3000,,3000,100.0,ZNE,train,gold,MQ_BAM_GOLD_20140514_034519
"bucket3$195,:3,:6001",2014-05-14T03:44:46.669900,MQ,CPM,3000,,3000,100.0,ZNE,train,gold,MQ_CPM_GOLD_20140514_034516
"bucket3$196,:3,:6001",2014-05-14T03:44:46.510000,MQ,IA2,3000,3126.0,3000,100.0,ZNE,train,gold,MQ_IA2_GOLD_20140514_034516
"bucket2$264,:3,:6001",2014-05-14T03:44:47.189900,MQ,MLM,3000,,3000,100.0,ZNE,dev,gold,MQ_MLM_GOLD_20140514_034517
"bucket3$197,:3,:6001",2014-05-14T04:57:06.669900,MQ,BAM,3000,,3000,100.0,ZNE,train,gold,MQ_BAM_GOLD_20140514_045736
"bucket3$198,:3,:6001",2014-05-14T04:57:06.639900,MQ,CPM,3000,,3000,100.0,ZNE,train,gold,MQ_CPM_GOLD_20140514_045736
"bucket2$265,:3,:6001",2014-05-14T04:57:06.019900,MQ,GBM,3000,,3000,100.0,ZNE,dev,gold,MQ_GBM_GOLD_20140514_045736
"bucket3$199,:3,:6001",2014-05-14T04:57:05.530000,MQ,IA2,3000,3109.0,3000,100.0,ZNE,train,gold,MQ_IA2_GOLD_20140514_045735
"bucket3$200,:3,:6001",2014-05-14T04:57:06.089900,MQ,MLM,3000,,3000,100.0,ZNE,train,gold,MQ_MLM_GOLD_20140514_045736
"bucket3$201,:3,:6001",2014-05-14T07:28:16.879900,MQ,BAM,3000,,3000,100.0,ZNE,train,gold,MQ_BAM_GOLD_20140514_072846
"bucket3$202,:3,:6001",2014-05-14T07:28:17.599900,MQ,CPM,3000,,3000,100.0,ZNE,train,gold,MQ_CPM_GOLD_20140514_072847
"bucket3$203,:3,:6001",2014-05-14T07:28:17.619900,MQ,GBM,3000,,3000,100.0,ZNE,train,gold,MQ_GBM_GOLD_20140514_072847
"bucket3$204,:3,:6001",2014-05-14T07:28:17.480000,MQ,IA2,3000,3199.0,3000,100.0,ZNE,train,gold,MQ_IA2_GOLD_20140514_072847
"bucket3$205,:3,:6001",2014-05-14T07:28:17.339900,MQ,MLM,3000,,3000,100.0,ZNE,train,gold,MQ_MLM_GOLD_20140514_072847
"bucket2$266,:3,:6001",2014-05-14T07:28:45.909900,MQ,BAM,3000,,3000,100.0,ZNE,dev,gold,MQ_BAM_GOLD_20140514_072915
"bucket3$206,:3,:6001",2014-05-14T07:28:47.329900,MQ,CPM,3000,,3000,100.0,ZNE,train,gold,MQ_CPM_GOLD_20140514_072917
"bucket4$292,:3,:6001",2014-05-14T07:28:45.499900,MQ,GBM,3000,,3000,100.0,ZNE,test,gold,MQ_GBM_GOLD_20140514_072915
"bucket3$207,:3,:6001",2014-05-14T07:28:45.730000,MQ,IA2,3000,3082.0,3000,100.0,ZNE,train,gold,MQ_IA2_GOLD_20140514_072915
"bucket4$293,:3,:6001",2014-05-14T07:28:45.760000,MQ,SAM,3000,3040.0,3000,100.0,ZNE,test,gold,MQ_SAM_GOLD_20140514_072915
"bucket3$208,:3,:6001",2014-05-15T00:23:00.379900,MQ,BAM,3000,,3000,100.0,ZNE,train,gold,MQ_BAM_GOLD_20140515_002330
"bucket3$209,:3,:6001",2014-05-15T00:22:59.799900,MQ,GBM,3000,,3000,100.0,ZNE,train,gold,MQ_GBM_GOLD_20140515_002329
"bucket2$267,:3,:6001",2014-05-15T00:23:00.760000,MQ,IA2,3000,,3000,100.0,ZNE,dev,gold,MQ_IA2_GOLD_20140515_002330
"bucket3$210,:3,:6001",2014-05-15T00:22:55.700000,MQ,LAM,3000,3245.0,3000,100.0,ZNE,train,gold,MQ_LAM_GOLD_20140515_002325
"bucket3$211,:3,:6001",2014-05-15T02:04:00.239900,MQ,BAM,3000,,3000,100.0,ZNE,train,gold,MQ_BAM_GOLD_20140515_020430
"bucket2$268,:3,:6001",2014-05-15T02:04:00.179900,MQ,CPM,3000,,3000,100.0,ZNE,dev,gold,MQ_CPM_GOLD_20140515_020430
"bucket3$212,:3,:6001",2014-05-15T02:04:00.399900,MQ,GBM,3000,,3000,100.0,ZNE,train,gold,MQ_GBM_GOLD_20140515_020430
"bucket3$213,:3,:6001",2014-05-15T02:04:00.640000,MQ,IA2,3000,,3000,100.0,ZNE,train,gold,MQ_IA2_GOLD_20140515_020430
"bucket3$214,:3,:6001",2014-05-15T02:04:00.720000,MQ,LAM,3000,3096.0,3000,100.0,ZNE,train,gold,MQ_LAM_GOLD_20140515_020430
"bucket4$294,:3,:6001",2014-05-15T02:04:00.689900,MQ,MLM,3000,,3000,100.0,ZNE,test,gold,MQ_MLM_GOLD_20140515_020430
"bucket3$215,:3,:6001",2014-05-15T02:04:01.360000,MQ,SAM,3000,3184.0,3000,100.0,ZNE,train,gold,MQ_SAM_GOLD_20140515_020431
"bucket3$216,:3,:6001",2014-05-15T06:31:31.289900,MQ,BAM,3000,,3000,100.0,ZNE,train,gold,MQ_BAM_GOLD_20140515_063201
"bucket3$217,:3,:6001",2014-05-15T06:31:34.410000,MQ,LAM,3000,3015.0,3000,100.0,ZNE,train,gold,MQ_LAM_GOLD_20140515_063204
"bucket4$295,:3,:6001",2014-05-15T06:31:28.869900,MQ,MLM,3000,,3000,100.0,ZNE,test,gold,MQ_MLM_GOLD_20140515_063158
"bucket3$218,:3,:6001",2014-05-15T06:31:29.500000,MQ,SAM,3000,3046.0,3000,100.0,ZNE,train,gold,MQ_SAM_GOLD_20140515_063159
"bucket4$296,:3,:6001",2014-05-15T06:59:36.289900,MQ,BAM,3000,,3000,100.0,ZNE,test,gold,MQ_BAM_GOLD_20140515_070006
"bucket3$219,:3,:6001",2014-05-15T06:59:35.899900,MQ,GBM,3000,,3000,100.0,ZNE,train,gold,MQ_GBM_GOLD_20140515_070005
"bucket3$220,:3,:6001",2014-05-15T06:59:36.140000,MQ,IA2,3000,3041.0,3000,100.0,ZNE,train,gold,MQ_IA2_GOLD_20140515_070006
"bucket3$221,:3,:6001",2014-05-15T06:59:36.989900,MQ,MLM,3000,,3000,100.0,ZNE,train,gold,MQ_MLM_GOLD_20140515_070006
"bucket4$297,:3,:6001",2014-05-15T06:59:36.460000,MQ,SAM,3000,3037.0,3000,100.0,ZNE,test,gold,MQ_SAM_GOLD_20140515_070006
"bucket2$269,:3,:6001",2014-05-15T08:04:37.220000,MQ,LAM,3000,3007.0,3000,100.0,ZNE,dev,gold,MQ_LAM_GOLD_20140515_080507
"bucket3$222,:3,:6001",2014-05-16T08:43:35.329900,MQ,BAM,3000,,3000,100.0,ZNE,train,gold,MQ_BAM_GOLD_20140516_084405
"bucket4$298,:3,:6001",2014-05-16T08:43:31.929900,MQ,CPM,3000,,3000,100.0,ZNE,test,gold,MQ_CPM_GOLD_20140516_084401
"bucket3$223,:3,:6001",2014-05-16T08:43:31.859900,MQ,GBM,3000,,3000,100.0,ZNE,train,gold,MQ_GBM_GOLD_20140516_084401
"bucket3$224,:3,:6001",2014-05-16T08:43:33.160000,MQ,SAM,3000,2999.0,3000,100.0,ZNE,train,gold,MQ_SAM_GOLD_20140516_084403
"bucket3$225,:3,:6001",2014-05-16T11:01:51.579900,MQ,BAM,3000,,3000,100.0,ZNE,train,gold,MQ_BAM_GOLD_20140516_110221
"bucket3$226,:3,:6001",2014-05-16T11:01:51.259900,MQ,CPM,3000,,3000,100.0,ZNE,train,gold,MQ_CPM_GOLD_20140516_110221
"bucket3$227,:3,:6001",2014-05-16T11:01:51.259900,MQ,GBM,3000,,3000,100.0,ZNE,train,gold,MQ_GBM_GOLD_20140516_110221
"bucket4$299,:3,:6001",2014-05-16T11:01:54.080000,MQ,IA2,3000,3214.0,3000,100.0,ZNE,test,gold,MQ_IA2_GOLD_20140516_110224
"bucket3$228,:3,:6001",2014-05-16T11:01:54.460000,MQ,LAM,3000,3065.0,3000,100.0,ZNE,train,gold,MQ_LAM_GOLD_20140516_110224
"bucket2$270,:3,:6001",2014-05-16T11:01:52.209900,MQ,MLM,3000,,3000,100.0,ZNE,dev,gold,MQ_MLM_GOLD_20140516_110222
"bucket3$229,:3,:6001",2014-05-16T11:06:33.889900,MQ,BAM,3000,,3000,100.0,ZNE,train,gold,MQ_BAM_GOLD_20140516_110703
"bucket3$230,:3,:6001",2014-05-16T11:06:33.169900,MQ,CPM,3000,,3000,100.0,ZNE,train,gold,MQ_CPM_GOLD_20140516_110703
"bucket3$231,:3,:6001",2014-05-16T11:06:32.769900,MQ,GBM,3000,,3000,100.0,ZNE,train,gold,MQ_GBM_GOLD_20140516_110702
"bucket3$232,:3,:6001",2014-05-16T11:06:32.620000,MQ,LAM,3000,3161.0,3000,100.0,ZNE,train,gold,MQ_LAM_GOLD_20140516_110702
"bucket2$271,:3,:6001",2014-05-16T11:07:30.539900,MQ,BAM,3000,,3000,100.0,ZNE,dev,gold,MQ_BAM_GOLD_20140516_110800
"bucket3$233,:3,:6001",2014-05-16T11:07:29.419900,MQ,GBM,3000,,3000,100.0,ZNE,train,gold,MQ_GBM_GOLD_20140516_110759
"bucket3$234,:3,:6001",2014-05-16T11:07:29.740000,MQ,IA2,3000,3043.0,3000,100.0,ZNE,train,gold,MQ_IA2_GOLD_20140516_110759
"bucket4$300,:3,:6001",2014-05-16T11:07:28.820000,MQ,LAM,3000,3197.0,3000,100.0,ZNE,test,gold,MQ_LAM_GOLD_20140516_110758
"bucket3$235,:3,:6001",2014-05-16T11:07:31.209900,MQ,MLM,3000,,3000,100.0,ZNE,train,gold,MQ_MLM_GOLD_20140516_110801
"bucket2$272,:3,:6001",2014-05-16T11:07:29.420000,MQ,SAM,3000,3012.0,3000,100.0,ZNE,dev,gold,MQ_SAM_GOLD_20140516_110759
"bucket3$236,:3,:6001",2014-05-16T11:08:33.939900,MQ,BAM,3000,,3000,100.0,ZNE,train,gold,MQ_BAM_GOLD_20140516_110903
"bucket3$237,:3,:6001",2014-05-16T11:08:33.459900,MQ,CPM,3000,,3000,100.0,ZNE,train,gold,MQ_CPM_GOLD_20140516_110903
"bucket3$238,:3,:6001",2014-05-16T11:08:32.829900,MQ,GBM,3000,,3000,100.0,ZNE,train,gold,MQ_GBM_GOLD_20140516_110902
"bucket3$239,:3,:6001",2014-05-16T11:08:33.460000,MQ,IA2,3000,3134.0,3000,100.0,ZNE,train,gold,MQ_IA2_GOLD_20140516_110903
"bucket2$273,:3,:6001",2014-05-16T11:08:32.650000,MQ,LAM,3000,3141.0,3000,100.0,ZNE,dev,gold,MQ_LAM_GOLD_20140516_110902
"bucket3$240,:3,:6001",2014-05-16T11:08:33.600000,MQ,SAM,3000,3149.0,3000,100.0,ZNE,train,gold,MQ_SAM_GOLD_20140516_110903
"bucket3$241,:3,:6001",2014-05-16T11:09:56.189900,MQ,BAM,3000,,3000,100.0,ZNE,train,gold,MQ_BAM_GOLD_20140516_111026
"bucket3$242,:3,:6001",2014-05-16T11:09:58.579900,MQ,CPM,3000,,3000,100.0,ZNE,train,gold,MQ_CPM_GOLD_20140516_111028
"bucket3$243,:3,:6001",2014-05-16T11:09:55.629900,MQ,GBM,3000,,3000,100.0,ZNE,train,gold,MQ_GBM_GOLD_20140516_111025
"bucket3$244,:3,:6001",2014-05-16T11:09:54.600000,MQ,LAM,3000,3169.0,3000,100.0,ZNE,train,gold,MQ_LAM_GOLD_20140516_111024
"bucket3$245,:3,:6001",2014-05-16T11:09:58.080000,MQ,SAM,3000,3021.0,3000,100.0,ZNE,train,gold,MQ_SAM_GOLD_20140516_111028
"bucket3$246,:3,:6001",2014-05-16T11:11:18.439900,MQ,BAM,3000,,3000,100.0,ZNE,train,gold,MQ_BAM_GOLD_20140516_111148
"bucket3$247,:3,:6001",2014-05-16T11:11:16.729900,MQ,GBM,3000,,3000,100.0,ZNE,train,gold,MQ_GBM_GOLD_20140516_111146
"bucket3$248,:3,:6001",2014-05-16T11:11:16.520000,MQ,LAM,3000,3346.0,3000,100.0,ZNE,train,gold,MQ_LAM_GOLD_20140516_111146
"bucket4$301,:3,:6001",2014-05-16T11:11:17.530000,MQ,SAM,3000,3046.0,3000,100.0,ZNE,test,gold,MQ_SAM_GOLD_20140516_111147
"bucket3$249,:3,:6001",2014-05-16T11:12:15.319900,MQ,BAM,3000,,3000,100.0,ZNE,train,gold,MQ_BAM_GOLD_20140516_111245
"bucket3$250,:3,:6001",2014-05-16T11:12:16.079900,MQ,CPM,3000,,3000,100.0,ZNE,train,gold,MQ_CPM_GOLD_20140516_111246
"bucket3$251,:3,:6001",2014-05-16T11:12:15.279900,MQ,GBM,3000,,3000,100.0,ZNE,train,gold,MQ_GBM_GOLD_20140516_111245
"bucket3$252,:3,:6001",2014-05-16T11:12:15.740000,MQ,LAM,3000,3120.0,3000,100.0,ZNE,train,gold,MQ_LAM_GOLD_20140516_111245
"bucket2$274,:3,:6001",2014-05-16T11:12:15.919900,MQ,MLM,3000,,3000,100.0,ZNE,dev,gold,MQ_MLM_GOLD_20140516_111245
"bucket3$253,:3,:6001",2014-05-16T11:16:03.309900,MQ,BAM,3000,,3000,100.0,ZNE,train,gold,MQ_BAM_GOLD_20140516_111633
"bucket3$254,:3,:6001",2014-05-16T11:16:03.809900,MQ,CPM,3000,,3000,100.0,ZNE,train,gold,MQ_CPM_GOLD_20140516_111633
"bucket3$255,:3,:6001",2014-05-16T11:16:04.270000,MQ,IA2,3000,3018.0,3000,100.0,ZNE,train,gold,MQ_IA2_GOLD_20140516_111634
"bucket3$256,:3,:6001",2014-05-16T11:16:03.660000,MQ,LAM,3000,3085.0,3000,100.0,ZNE,train,gold,MQ_LAM_GOLD_20140516_111633
"bucket3$257,:3,:6001",2014-05-16T11:16:32.689900,MQ,BAM,3000,,3000,100.0,ZNE,train,gold,MQ_BAM_GOLD_20140516_111702
"bucket3$258,:3,:6001",2014-05-16T11:16:31.579900,MQ,GBM,3000,,3000,100.0,ZNE,train,gold,MQ_GBM_GOLD_20140516_111701
"bucket3$259,:3,:6001",2014-05-16T11:16:32.100000,MQ,IA2,3000,3004.0,3000,100.0,ZNE,train,gold,MQ_IA2_GOLD_20140516_111702
"bucket4$302,:3,:6001",2014-05-16T11:16:31.250000,MQ,LAM,3000,3037.0,3000,100.0,ZNE,test,gold,MQ_LAM_GOLD_20140516_111701
"bucket3$260,:3,:6001",2014-05-16T11:16:31.640000,MQ,SAM,3000,,3000,100.0,ZNE,train,gold,MQ_SAM_GOLD_20140516_111701
"bucket3$261,:3,:6001",2014-05-16T12:21:46.459900,MQ,BAM,3000,,3000,100.0,ZNE,train,gold,MQ_BAM_GOLD_20140516_122216
"bucket3$262,:3,:6001",2014-05-16T12:21:44.869900,MQ,GBM,3000,,3000,100.0,ZNE,train,gold,MQ_GBM_GOLD_20140516_122214
"bucket3$263,:3,:6001",2014-05-16T12:21:46.760000,MQ,IA2,3000,,3000,100.0,ZNE,train,gold,MQ_IA2_GOLD_20140516_122216
"bucket3$264,:3,:6001",2014-05-16T12:21:44.660000,MQ,LAM,3000,3122.0,3000,100.0,ZNE,train,gold,MQ_LAM_GOLD_20140516_122214
"bucket3$265,:3,:6001",2014-05-16T12:30:33.569900,MQ,CPM,3000,,3000,100.0,ZNE,train,gold,MQ_CPM_GOLD_20140516_123103
"bucket3$266,:3,:6001",2014-05-16T12:30:32.109900,MQ,GBM,3000,,3000,100.0,ZNE,train,gold,MQ_GBM_GOLD_20140516_123102
"bucket3$267,:3,:6001",2014-05-16T12:30:32.290000,MQ,IA2,3000,3215.0,3000,100.0,ZNE,train,gold,MQ_IA2_GOLD_20140516_123102
"bucket3$268,:3,:6001",2014-05-16T12:30:33.410000,MQ,LAM,3000,3051.0,3000,100.0,ZNE,train,gold,MQ_LAM_GOLD_20140516_123103
"bucket3$269,:3,:6001",2014-05-16T12:30:32.569900,MQ,MLM,3000,,3000,100.0,ZNE,train,gold,MQ_MLM_GOLD_20140516_123102
"bucket4$303,:3,:6001",2014-05-16T12:35:04.749900,MQ,BAM,3000,,3000,100.0,ZNE,test,gold,MQ_BAM_GOLD_20140516_123534
"bucket4$304,:3,:6001",2014-05-16T12:35:05.159900,MQ,CPM,3000,,3000,100.0,ZNE,test,gold,MQ_CPM_GOLD_20140516_123535
"bucket4$305,:3,:6001",2014-05-16T12:35:05.510000,MQ,IA2,3000,,3000,100.0,ZNE,test,gold,MQ_IA2_GOLD_20140516_123535
"bucket3$270,:3,:6001",2014-05-16T12:35:04.840000,MQ,LAM,3000,3087.0,3000,100.0,ZNE,train,gold,MQ_LAM_GOLD_20140516_123534
"bucket3$271,:3,:6001",2014-05-16T12:35:04.839900,MQ,MLM,3000,,3000,100.0,ZNE,train,gold,MQ_MLM_GOLD_20140516_123534
"bucket3$272,:3,:6001",2014-05-16T12:35:34.169900,MQ,BAM,3000,,3000,100.0,ZNE,train,gold,MQ_BAM_GOLD_20140516_123604
"bucket3$273,:3,:6001",2014-05-16T12:35:31.559900,MQ,CPM,3000,,3000,100.0,ZNE,train,gold,MQ_CPM_GOLD_20140516_123601
"bucket3$274,:3,:6001",2014-05-16T12:35:33.549900,MQ,GBM,3000,,3000,100.0,ZNE,train,gold,MQ_GBM_GOLD_20140516_123603
"bucket3$275,:3,:6001",2014-05-16T12:35:33.800000,MQ,IA2,3000,,3000,100.0,ZNE,train,gold,MQ_IA2_GOLD_20140516_123603
"bucket2$275,:3,:6001",2014-05-16T12:35:32.860000,MQ,LAM,3000,3174.0,3000,100.0,ZNE,dev,gold,MQ_LAM_GOLD_20140516_123602
"bucket3$276,:3,:6001",2014-05-16T12:35:32.970000,MQ,SAM,3000,3047.0,3000,100.0,ZNE,train,gold,MQ_SAM_GOLD_20140516_123602
"bucket3$277,:3,:6001",2014-05-16T13:11:00.229900,MQ,BAM,3000,,3000,100.0,ZNE,train,gold,MQ_BAM_GOLD_20140516_131130
"bucket4$306,:3,:6001",2014-05-16T13:10:58.999900,MQ,CPM,3000,,3000,100.0,ZNE,test,gold,MQ_CPM_GOLD_20140516_131128
"bucket3$278,:3,:6001",2014-05-16T13:10:59.299900,MQ,GBM,3000,,3000,100.0,ZNE,train,gold,MQ_GBM_GOLD_20140516_131129
"bucket3$279,:3,:6001",2014-05-16T13:10:59.020000,MQ,IA2,3000,3037.0,3000,100.0,ZNE,train,gold,MQ_IA2_GOLD_20140516_131129
"bucket3$280,:3,:6001",2014-05-16T13:10:58.550000,MQ,LAM,3000,3253.0,3000,100.0,ZNE,train,gold,MQ_LAM_GOLD_20140516_131128
"bucket3$281,:3,:6001",2014-05-16T13:11:00.799900,MQ,MLM,3000,,3000,100.0,ZNE,train,gold,MQ_MLM_GOLD_20140516_131130
"bucket4$307,:3,:6001",2014-05-16T13:10:59.600000,MQ,SAM,3000,2995.0,3000,100.0,ZNE,test,gold,MQ_SAM_GOLD_20140516_131129
"bucket3$282,:3,:6001",2014-05-16T13:14:13.789900,MQ,BAM,3000,,3000,100.0,ZNE,train,gold,MQ_BAM_GOLD_20140516_131443
"bucket3$283,:3,:6001",2014-05-16T13:14:13.739900,MQ,CPM,3000,,3000,100.0,ZNE,train,gold,MQ_CPM_GOLD_20140516_131443
"bucket3$284,:3,:6001",2014-05-16T13:14:13.289900,MQ,GBM,3000,,3000,100.0,ZNE,train,gold,MQ_GBM_GOLD_20140516_131443
"bucket3$285,:3,:6001",2014-05-16T13:14:13.790000,MQ,IA2,3000,3115.0,3000,100.0,ZNE,train,gold,MQ_IA2_GOLD_20140516_131443
"bucket3$286,:3,:6001",2014-05-16T13:14:12.440000,MQ,LAM,3000,3025.0,3000,100.0,ZNE,train,gold,MQ_LAM_GOLD_20140516_131442
"bucket2$276,:3,:6001",2014-05-16T13:14:12.080000,MQ,SAM,3000,3279.0,3000,100.0,ZNE,dev,gold,MQ_SAM_GOLD_20140516_131442
"bucket2$277,:3,:6001",2014-05-16T13:16:37.809900,MQ,BAM,3000,,3000,100.0,ZNE,dev,gold,MQ_BAM_GOLD_20140516_131707
"bucket3$287,:3,:6001",2014-05-16T13:16:37.779900,MQ,CPM,3000,,3000,100.0,ZNE,train,gold,MQ_CPM_GOLD_20140516_131707
"bucket3$288,:3,:6001",2014-05-16T13:16:37.489900,MQ,GBM,3000,,3000,100.0,ZNE,train,gold,MQ_GBM_GOLD_20140516_131707
"bucket3$289,:3,:6001",2014-05-16T13:16:39.760000,MQ,IA2,3000,3083.0,3000,100.0,ZNE,train,gold,MQ_IA2_GOLD_20140516_131709
"bucket3$290,:3,:6001",2014-05-16T13:16:37.330000,MQ,LAM,3000,3038.0,3000,100.0,ZNE,train,gold,MQ_LAM_GOLD_20140516_131707
"bucket3$291,:3,:6001",2014-05-16T13:16:37.039900,MQ,MLM,3000,,3000,100.0,ZNE,train,gold,MQ_MLM_GOLD_20140516_131707
"bucket3$292,:3,:6001",2014-05-16T13:17:07.719900,MQ,BAM,3000,,3000,100.0,ZNE,train,gold,MQ_BAM_GOLD_20140516_131737
"bucket4$308,:3,:6001",2014-05-16T13:17:06.479900,MQ,CPM,3000,,3000,100.0,ZNE,test,gold,MQ_CPM_GOLD_20140516_131736
"bucket3$293,:3,:6001",2014-05-16T13:17:06.839900,MQ,GBM,3000,,3000,100.0,ZNE,train,gold,MQ_GBM_GOLD_20140516_131736
"bucket4$309,:3,:6001",2014-05-16T13:17:06.680000,MQ,IA2,3000,3073.0,3000,100.0,ZNE,test,gold,MQ_IA2_GOLD_20140516_131736
"bucket3$294,:3,:6001",2014-05-16T13:17:06.360000,MQ,LAM,3000,3059.0,3000,100.0,ZNE,train,gold,MQ_LAM_GOLD_20140516_131736
"bucket3$295,:3,:6001",2014-05-16T13:17:10.919900,MQ,MLM,3000,,3000,100.0,ZNE,train,gold,MQ_MLM_GOLD_20140516_131740
"bucket3$296,:3,:6001",2014-05-16T13:37:35.189900,MQ,BAM,3000,,3000,100.0,ZNE,train,gold,MQ_BAM_GOLD_20140516_133805
"bucket3$297,:3,:6001",2014-05-16T13:37:36.619900,MQ,CPM,3000,,3000,100.0,ZNE,train,gold,MQ_CPM_GOLD_20140516_133806
"bucket2$278,:3,:6001",2014-05-16T13:37:34.069900,MQ,GBM,3000,,3000,100.0,ZNE,dev,gold,MQ_GBM_GOLD_20140516_133804
"bucket3$298,:3,:6001",2014-05-16T13:37:35.050000,MQ,IA2,3000,3017.0,3000,100.0,ZNE,train,gold,MQ_IA2_GOLD_20140516_133805
"bucket3$299,:3,:6001",2014-05-16T16:52:34.679900,MQ,BAM,3000,,3000,100.0,ZNE,train,gold,MQ_BAM_GOLD_20140516_165304
"bucket3$300,:3,:6001",2014-05-16T16:52:35.299900,MQ,CPM,3000,,3000,100.0,ZNE,train,gold,MQ_CPM_GOLD_20140516_165305
"bucket3$301,:3,:6001",2014-05-16T16:52:34.899900,MQ,GBM,3000,,3000,100.0,ZNE,train,gold,MQ_GBM_GOLD_20140516_165304
"bucket4$310,:3,:6001",2014-05-16T16:52:34.610000,MQ,IA2,3000,3246.0,3000,100.0,ZNE,test,gold,MQ_IA2_GOLD_20140516_165304
"bucket2$279,:3,:6001",2014-05-16T16:52:34.930000,MQ,LAM,3000,,3000,100.0,ZNE,dev,gold,MQ_LAM_GOLD_20140516_165304
"bucket4$311,:3,:6001",2014-05-16T16:52:34.779900,MQ,MLM,3000,,3000,100.0,ZNE,test,gold,MQ_MLM_GOLD_20140516_165304
"bucket3$302,:3,:6001",2014-05-16T16:53:04.559900,MQ,BAM,3000,,3000,100.0,ZNE,train,gold,MQ_BAM_GOLD_20140516_165334
"bucket3$303,:3,:6001",2014-05-16T16:53:02.259900,MQ,CPM,3000,,3000,100.0,ZNE,train,gold,MQ_CPM_GOLD_20140516_165332
"bucket3$304,:3,:6001",2014-05-16T16:53:04.370000,MQ,IA2,3000,3021.0,3000,100.0,ZNE,train,gold,MQ_IA2_GOLD_20140516_165334
"bucket3$305,:3,:6001",2014-05-16T16:53:03.270000,MQ,LAM,3000,3240.0,3000,100.0,ZNE,train,gold,MQ_LAM_GOLD_20140516_165333
"bucket3$306,:3,:6001",2014-05-16T16:53:03.350000,MQ,SAM,3000,3040.0,3000,100.0,ZNE,train,gold,MQ_SAM_GOLD_20140516_165333
"bucket3$307,:3,:6001",2014-05-16T16:55:11.309900,MQ,BAM,3000,,3000,100.0,ZNE,train,gold,MQ_BAM_GOLD_20140516_165541
"bucket3$308,:3,:6001",2014-05-16T16:55:11.939900,MQ,CPM,3000,,3000,100.0,ZNE,train,gold,MQ_CPM_GOLD_20140516_165541
"bucket3$309,:3,:6001",2014-05-16T16:55:11.430000,MQ,LAM,3000,3015.0,3000,100.0,ZNE,train,gold,MQ_LAM_GOLD_20140516_165541
"bucket2$280,:3,:6001",2014-05-16T16:55:14.630000,MQ,SAM,3000,2972.0,3000,100.0,ZNE,dev,gold,MQ_SAM_GOLD_20140516_165544
"bucket2$281,:3,:6001",2014-05-16T16:55:41.369900,MQ,BAM,3000,,3000,100.0,ZNE,dev,gold,MQ_BAM_GOLD_20140516_165611
"bucket3$310,:3,:6001",2014-05-16T16:55:40.369900,MQ,CPM,3000,,3000,100.0,ZNE,train,gold,MQ_CPM_GOLD_20140516_165610
"bucket2$282,:3,:6001",2014-05-16T16:55:40.399900,MQ,GBM,3000,,3000,100.0,ZNE,dev,gold,MQ_GBM_GOLD_20140516_165610
"bucket3$311,:3,:6001",2014-05-16T16:55:40.610000,MQ,IA2,3000,3071.0,3000,100.0,ZNE,train,gold,MQ_IA2_GOLD_20140516_165610
"bucket3$312,:3,:6001",2014-05-16T16:55:39.850000,MQ,LAM,3000,3056.0,3000,100.0,ZNE,train,gold,MQ_LAM_GOLD_20140516_165609
"bucket3$313,:3,:6001",2014-05-16T16:55:44.649900,MQ,MLM,3000,,3000,100.0,ZNE,train,gold,MQ_MLM_GOLD_20140516_165614
"bucket3$314,:3,:6001",2014-05-16T16:55:40.090000,MQ,SAM,3000,3110.0,3000,100.0,ZNE,train,gold,MQ_SAM_GOLD_20140516_165610
"bucket3$315,:3,:6001",2014-05-16T17:15:21.159900,MQ,CPM,3000,,3000,100.0,ZNE,train,gold,MQ_CPM_GOLD_20140516_171551
"bucket3$316,:3,:6001",2014-05-16T17:15:25.849900,MQ,GBM,3000,,3000,100.0,ZNE,train,gold,MQ_GBM_GOLD_20140516_171555
"bucket3$317,:3,:6001",2014-05-16T17:15:21.110000,MQ,IA2,3000,3048.0,3000,100.0,ZNE,train,gold,MQ_IA2_GOLD_20140516_171551
"bucket3$318,:3,:6001",2014-05-16T17:15:28.210000,MQ,LAM,3000,3017.0,3000,100.0,ZNE,train,gold,MQ_LAM_GOLD_20140516_171558
"bucket4$312,:3,:6001",2014-05-16T17:15:26.039900,MQ,MLM,3000,,3000,100.0,ZNE,test,gold,MQ_MLM_GOLD_20140516_171556
"bucket3$319,:3,:6001",2014-05-16T17:15:24.310000,MQ,SAM,3000,3129.0,3000,100.0,ZNE,train,gold,MQ_SAM_GOLD_20140516_171554
"bucket4$313,:3,:6001",2014-05-16T17:28:42.749900,MQ,BAM,3000,,3000,100.0,ZNE,test,gold,MQ_BAM_GOLD_20140516_172912
"bucket3$320,:3,:6001",2014-05-16T17:28:42.169900,MQ,CPM,3000,,3000,100.0,ZNE,train,gold,MQ_CPM_GOLD_20140516_172912
"bucket3$321,:3,:6001",2014-05-16T17:28:41.719900,MQ,GBM,3000,,3000,100.0,ZNE,train,gold,MQ_GBM_GOLD_20140516_172911
"bucket3$322,:3,:6001",2014-05-16T17:28:42.720000,MQ,IA2,3000,3027.0,3000,100.0,ZNE,train,gold,MQ_IA2_GOLD_20140516_172912
"bucket3$323,:3,:6001",2014-05-16T17:28:41.010000,MQ,LAM,3000,3092.0,3000,100.0,ZNE,train,gold,MQ_LAM_GOLD_20140516_172911
"bucket3$324,:3,:6001",2014-05-16T17:38:10.299900,MQ,CPM,3000,,3000,100.0,ZNE,train,gold,MQ_CPM_GOLD_20140516_173840
"bucket3$325,:3,:6001",2014-05-16T17:38:10.939900,MQ,GBM,3000,,3000,100.0,ZNE,train,gold,MQ_GBM_GOLD_20140516_173840
"bucket3$326,:3,:6001",2014-05-16T17:38:10.300000,MQ,IA2,3000,3069.0,3000,100.0,ZNE,train,gold,MQ_IA2_GOLD_20140516_173840
"bucket3$327,:3,:6001",2014-05-16T17:38:10.429900,MQ,MLM,3000,,3000,100.0,ZNE,train,gold,MQ_MLM_GOLD_20140516_173840
"bucket3$328,:3,:6001",2014-05-16T17:38:40.319900,MQ,GBM,3000,,3000,100.0,ZNE,train,gold,MQ_GBM_GOLD_20140516_173910
"bucket3$329,:3,:6001",2014-05-16T17:38:40.200000,MQ,IA2,3000,3127.0,3000,100.0,ZNE,train,gold,MQ_IA2_GOLD_20140516_173910
"bucket2$283,:3,:6001",2014-05-16T17:38:39.820000,MQ,LAM,3000,3236.0,3000,100.0,ZNE,dev,gold,MQ_LAM_GOLD_20140516_173909
"bucket3$330,:3,:6001",2014-05-16T17:38:41.300000,MQ,SAM,3000,3014.0,3000,100.0,ZNE,train,gold,MQ_SAM_GOLD_20140516_173911
"bucket4$314,:3,:6001",2014-05-16T17:52:32.079900,MQ,BAM,3000,,3000,100.0,ZNE,test,gold,MQ_BAM_GOLD_20140516_175302
"bucket3$331,:3,:6001",2014-05-16T17:52:32.199900,MQ,CPM,3000,,3000,100.0,ZNE,train,gold,MQ_CPM_GOLD_20140516_175302
"bucket3$332,:3,:6001",2014-05-16T17:52:32.259900,MQ,GBM,3000,,3000,100.0,ZNE,train,gold,MQ_GBM_GOLD_20140516_175302
"bucket4$315,:3,:6001",2014-05-16T17:52:32.190000,MQ,IA2,3000,3119.0,3000,100.0,ZNE,test,gold,MQ_IA2_GOLD_20140516_175302
"bucket3$333,:3,:6001",2014-05-16T17:52:32.240000,MQ,LAM,3000,,3000,100.0,ZNE,train,gold,MQ_LAM_GOLD_20140516_175302
"bucket3$334,:3,:6001",2014-05-16T17:52:32.239900,MQ,MLM,3000,,3000,100.0,ZNE,train,gold,MQ_MLM_GOLD_20140516_175302
"bucket3$335,:3,:6001",2014-05-16T17:52:31.890000,MQ,SAM,3000,3214.0,3000,100.0,ZNE,train,gold,MQ_SAM_GOLD_20140516_175301
"bucket2$284,:3,:6001",2014-05-16T17:52:42.439900,MQ,BAM,3000,,3000,100.0,ZNE,dev,gold,MQ_BAM_GOLD_20140516_175312
"bucket4$316,:3,:6001",2014-05-16T17:52:43.449900,MQ,CPM,3000,,3000,100.0,ZNE,test,gold,MQ_CPM_GOLD_20140516_175313
"bucket3$336,:3,:6001",2014-05-16T17:52:42.419900,MQ,GBM,3000,,3000,100.0,ZNE,train,gold,MQ_GBM_GOLD_20140516_175312
"bucket3$337,:3,:6001",2014-05-16T17:52:42.410000,MQ,IA2,3000,3134.0,3000,100.0,ZNE,train,gold,MQ_IA2_GOLD_20140516_175312
"bucket3$338,:3,:6001",2014-05-16T17:52:42.200000,MQ,LAM,3000,3069.0,3000,100.0,ZNE,train,gold,MQ_LAM_GOLD_20140516_175312
"bucket3$339,:3,:6001",2014-05-16T17:52:43.709900,MQ,MLM,3000,,3000,100.0,ZNE,train,gold,MQ_MLM_GOLD_20140516_175313
"bucket3$340,:3,:6001",2014-05-16T17:52:42.620000,MQ,SAM,3000,3213.0,3000,100.0,ZNE,train,gold,MQ_SAM_GOLD_20140516_175312
"bucket3$341,:3,:6001",2014-05-16T18:26:51.109900,MQ,BAM,3000,,3000,100.0,ZNE,train,gold,MQ_BAM_GOLD_20140516_182721
"bucket3$342,:3,:6001",2014-05-16T18:26:51.699900,MQ,CPM,3000,,3000,100.0,ZNE,train,gold,MQ_CPM_GOLD_20140516_182721
"bucket4$317,:3,:6001",2014-05-16T18:26:51.620000,MQ,IA2,3000,3031.0,3000,100.0,ZNE,test,gold,MQ_IA2_GOLD_20140516_182721
"bucket3$343,:3,:6001",2014-05-16T18:26:52.089900,MQ,MLM,3000,,3000,100.0,ZNE,train,gold,MQ_MLM_GOLD_20140516_182722
"bucket3$344,:3,:6001",2014-05-16T18:27:04.899900,MQ,BAM,3000,,3000,100.0,ZNE,train,gold,MQ_BAM_GOLD_20140516_182734
"bucket4$318,:3,:6001",2014-05-16T18:27:04.739900,MQ,GBM,3000,,3000,100.0,ZNE,test,gold,MQ_GBM_GOLD_20140516_182734
"bucket3$345,:3,:6001",2014-05-16T18:27:06.140000,MQ,IA2,3000,3054.0,3000,100.0,ZNE,train,gold,MQ_IA2_GOLD_20140516_182736
"bucket3$346,:3,:6001",2014-05-16T18:27:04.580000,MQ,LAM,3000,3152.0,3000,100.0,ZNE,train,gold,MQ_LAM_GOLD_20140516_182734
"bucket3$347,:3,:6001",2014-05-16T18:27:06.049900,MQ,MLM,3000,,3000,100.0,ZNE,train,gold,MQ_MLM_GOLD_20140516_182736
"bucket3$348,:3,:6001",2014-05-16T18:27:04.260000,MQ,SAM,3000,3056.0,3000,100.0,ZNE,train,gold,MQ_SAM_GOLD_20140516_182734
"bucket3$349,:3,:6001",2014-05-16T20:25:31.849900,MQ,BAM,3000,,3000,100.0,ZNE,train,gold,MQ_BAM_GOLD_20140516_202601
"bucket3$350,:3,:6001",2014-05-16T20:25:30.709900,MQ,GBM,3000,,3000,100.0,ZNE,train,gold,MQ_GBM_GOLD_20140516_202600
"bucket3$351,:3,:6001",2014-05-16T20:25:33.320000,MQ,IA2,3000,3014.0,3000,100.0,ZNE,train,gold,MQ_IA2_GOLD_20140516_202603
"bucket3$352,:3,:6001",2014-05-16T20:25:31.880000,MQ,LAM,3000,2926.0,3000,100.0,ZNE,train,gold,MQ_LAM_GOLD_20140516_202601
"bucket3$353,:3,:6001",2014-05-16T21:34:47.509900,MQ,BAM,3000,,3000,100.0,ZNE,train,gold,MQ_BAM_GOLD_20140516_213517
"bucket3$354,:3,:6001",2014-05-16T21:34:46.199900,MQ,GBM,3000,,3000,100.0,ZNE,train,gold,MQ_GBM_GOLD_20140516_213516
"bucket3$355,:3,:6001",2014-05-16T21:34:46.240000,MQ,IA2,3000,3276.0,3000,100.0,ZNE,train,gold,MQ_IA2_GOLD_20140516_213516
"bucket3$356,:3,:6001",2014-05-16T21:34:46.660000,MQ,LAM,3000,3137.0,3000,100.0,ZNE,train,gold,MQ_LAM_GOLD_20140516_213516
"bucket3$357,:3,:6001",2014-05-16T21:40:10.019900,MQ,BAM,3000,,3000,100.0,ZNE,train,gold,MQ_BAM_GOLD_20140516_214040
"bucket2$285,:3,:6001",2014-05-16T21:40:09.109900,MQ,GBM,3000,,3000,100.0,ZNE,dev,gold,MQ_GBM_GOLD_20140516_214039
"bucket3$358,:3,:6001",2014-05-16T21:40:09.470000,MQ,IA2,3000,3077.0,3000,100.0,ZNE,train,gold,MQ_IA2_GOLD_20140516_214039
"bucket3$359,:3,:6001",2014-05-16T21:40:09.020000,MQ,LAM,3000,3154.0,3000,100.0,ZNE,train,gold,MQ_LAM_GOLD_20140516_214039
"bucket3$360,:3,:6001",2014-05-16T21:46:23.069900,MQ,BAM,3000,,3000,100.0,ZNE,train,gold,MQ_BAM_GOLD_20140516_214653
"bucket3$361,:3,:6001",2014-05-16T21:46:24.219900,MQ,GBM,3000,,3000,100.0,ZNE,train,gold,MQ_GBM_GOLD_20140516_214654
"bucket3$362,:3,:6001",2014-05-16T21:46:22.180000,MQ,LAM,3000,3093.0,3000,100.0,ZNE,train,gold,MQ_LAM_GOLD_20140516_214652
"bucket2$286,:3,:6001",2014-05-16T21:46:25.299900,MQ,MLM,3000,,3000,100.0,ZNE,dev,gold,MQ_MLM_GOLD_20140516_214655
"bucket3$363,:3,:6001",2014-05-16T21:46:51.489900,MQ,BAM,3000,,3000,100.0,ZNE,train,gold,MQ_BAM_GOLD_20140516_214721
"bucket3$364,:3,:6001",2014-05-16T21:46:50.219900,MQ,CPM,3000,,3000,100.0,ZNE,train,gold,MQ_CPM_GOLD_20140516_214720
"bucket3$365,:3,:6001",2014-05-16T21:46:50.519900,MQ,GBM,3000,,3000,100.0,ZNE,train,gold,MQ_GBM_GOLD_20140516_214720
"bucket3$366,:3,:6001",2014-05-16T21:46:50.210000,MQ,IA2,3000,3057.0,3000,100.0,ZNE,train,gold,MQ_IA2_GOLD_20140516_214720
"bucket3$367,:3,:6001",2014-05-16T21:46:49.740000,MQ,LAM,3000,3215.0,3000,100.0,ZNE,train,gold,MQ_LAM_GOLD_20140516_214719
"bucket3$368,:3,:6001",2014-05-16T21:46:50.510000,MQ,SAM,3000,3021.0,3000,100.0,ZNE,train,gold,MQ_SAM_GOLD_20140516_214720
"bucket3$369,:3,:6001",2014-05-16T22:08:07.969900,MQ,BAM,3000,,3000,100.0,ZNE,train,gold,MQ_BAM_GOLD_20140516_220837
"bucket3$370,:3,:6001",2014-05-16T22:08:07.849900,MQ,CPM,3000,,3000,100.0,ZNE,train,gold,MQ_CPM_GOLD_20140516_220837
"bucket3$371,:3,:6001",2014-05-16T22:08:08.099900,MQ,GBM,3000,,3000,100.0,ZNE,train,gold,MQ_GBM_GOLD_20140516_220838
"bucket3$372,:3,:6001",2014-05-16T22:08:09.470000,MQ,LAM,3000,3026.0,3000,100.0,ZNE,train,gold,MQ_LAM_GOLD_20140516_220839
"bucket3$373,:3,:6001",2014-05-16T22:08:22.139900,MQ,BAM,3000,,3000,100.0,ZNE,train,gold,MQ_BAM_GOLD_20140516_220852
"bucket2$287,:3,:6001",2014-05-16T22:08:22.669900,MQ,GBM,3000,,3000,100.0,ZNE,dev,gold,MQ_GBM_GOLD_20140516_220852
"bucket2$288,:3,:6001",2014-05-16T22:08:22.300000,MQ,IA2,3000,,3000,100.0,ZNE,dev,gold,MQ_IA2_GOLD_20140516_220852
"bucket3$374,:3,:6001",2014-05-16T22:08:22.500000,MQ,LAM,3000,3199.0,3000,100.0,ZNE,train,gold,MQ_LAM_GOLD_20140516_220852
"bucket2$289,:3,:6001",2014-05-16T23:22:55.499900,MQ,CPM,3000,,3000,100.0,ZNE,dev,gold,MQ_CPM_GOLD_20140516_232325
"bucket4$319,:3,:6001",2014-05-16T23:22:54.609900,MQ,GBM,3000,,3000,100.0,ZNE,test,gold,MQ_GBM_GOLD_20140516_232324
"bucket2$290,:3,:6001",2014-05-16T23:22:55.410000,MQ,IA2,3000,3070.0,3000,100.0,ZNE,dev,gold,MQ_IA2_GOLD_20140516_232325
"bucket2$291,:3,:6001",2014-05-16T23:22:54.500000,MQ,LAM,3000,3150.0,3000,100.0,ZNE,dev,gold,MQ_LAM_GOLD_20140516_232324
"bucket3$375,:3,:6001",2014-05-16T23:22:55.640000,MQ,SAM,3000,2990.0,3000,100.0,ZNE,train,gold,MQ_SAM_GOLD_20140516_232325
"bucket3$376,:3,:6001",2014-05-17T00:51:38.669900,MQ,BAM,3000,,3000,100.0,ZNE,train,gold,MQ_BAM_GOLD_20140517_005208
"bucket3$377,:3,:6001",2014-05-17T00:51:38.349900,MQ,CPM,3000,,3000,100.0,ZNE,train,gold,MQ_CPM_GOLD_20140517_005208
"bucket4$320,:3,:6001",2014-05-17T00:51:39.310000,MQ,IA2,3000,3213.0,3000,100.0,ZNE,test,gold,MQ_IA2_GOLD_20140517_005209
"bucket3$378,:3,:6001",2014-05-17T00:51:37.709900,MQ,MLM,3000,,3000,100.0,ZNE,train,gold,MQ_MLM_GOLD_20140517_005207
"bucket3$379,:3,:6001",2014-05-17T00:51:39.830000,MQ,SAM,3000,3030.0,3000,100.0,ZNE,train,gold,MQ_SAM_GOLD_20140517_005209
"bucket3$380,:3,:6001",2014-05-17T00:52:07.209900,MQ,CPM,3000,,3000,100.0,ZNE,train,gold,MQ_CPM_GOLD_20140517_005237
"bucket3$381,:3,:6001",2014-05-17T00:52:09.169900,MQ,GBM,3000,,3000,100.0,ZNE,train,gold,MQ_GBM_GOLD_20140517_005239
"bucket3$382,:3,:6001",2014-05-17T00:52:06.770000,MQ,IA2,3000,3144.0,3000,100.0,ZNE,train,gold,MQ_IA2_GOLD_20140517_005236
"bucket3$383,:3,:6001",2014-05-17T00:52:06.410000,MQ,LAM,3000,3285.0,3000,100.0,ZNE,train,gold,MQ_LAM_GOLD_20140517_005236
"bucket4$321,:3,:6001",2014-05-17T02:26:59.389900,MQ,BAM,3000,,3000,100.0,ZNE,test,gold,MQ_BAM_GOLD_20140517_022729
"bucket3$384,:3,:6001",2014-05-17T02:27:00.469900,MQ,CPM,3000,,3000,100.0,ZNE,train,gold,MQ_CPM_GOLD_20140517_022730
"bucket3$385,:3,:6001",2014-05-17T02:26:59.369900,MQ,GBM,3000,,3000,100.0,ZNE,train,gold,MQ_GBM_GOLD_20140517_022729
"bucket4$322,:3,:6001",2014-05-17T02:27:00.080000,MQ,IA2,3000,3128.0,3000,100.0,ZNE,test,gold,MQ_IA2_GOLD_20140517_022730
"bucket3$386,:3,:6001",2014-05-17T02:27:00.090000,MQ,SAM,3000,3029.0,3000,100.0,ZNE,train,gold,MQ_SAM_GOLD_20140517_022730
"bucket3$387,:3,:6001",2014-05-17T04:01:22.539900,MQ,BAM,3000,,3000,100.0,ZNE,train,gold,MQ_BAM_GOLD_20140517_040152
"bucket3$388,:3,:6001",2014-05-17T04:01:19.769900,MQ,CPM,3000,,3000,100.0,ZNE,train,gold,MQ_CPM_GOLD_20140517_040149
"bucket3$389,:3,:6001",2014-05-17T04:01:21.220000,MQ,IA2,3000,2992.0,3000,100.0,ZNE,train,gold,MQ_IA2_GOLD_20140517_040151
"bucket2$292,:3,:6001",2014-05-17T04:01:20.050000,MQ,LAM,3000,3087.0,3000,100.0,ZNE,dev,gold,MQ_LAM_GOLD_20140517_040150
"bucket3$390,:3,:6001",2014-05-17T04:01:19.409900,MQ,MLM,3000,,3000,100.0,ZNE,train,gold,MQ_MLM_GOLD_20140517_040149
"bucket3$391,:3,:6001",2014-05-17T04:01:20.990000,MQ,SAM,3000,3243.0,3000,100.0,ZNE,train,gold,MQ_SAM_GOLD_20140517_040150
"bucket3$392,:3,:6001",2014-05-17T04:01:48.809900,MQ,BAM,3000,,3000,100.0,ZNE,train,gold,MQ_BAM_GOLD_20140517_040218
"bucket3$393,:3,:6001",2014-05-17T04:01:47.759900,MQ,CPM,3000,,3000,100.0,ZNE,train,gold,MQ_CPM_GOLD_20140517_040217
"bucket3$394,:3,:6001",2014-05-17T04:01:47.919900,MQ,GBM,3000,,3000,100.0,ZNE,train,gold,MQ_GBM_GOLD_20140517_040217
"bucket3$395,:3,:6001",2014-05-17T04:01:47.830000,MQ,IA2,3000,3286.0,3000,100.0,ZNE,train,gold,MQ_IA2_GOLD_20140517_040217
"bucket3$396,:3,:6001",2014-05-17T04:01:47.250000,MQ,LAM,3000,3050.0,3000,100.0,ZNE,train,gold,MQ_LAM_GOLD_20140517_040217
"bucket3$397,:3,:6001",2014-05-17T04:01:49.439900,MQ,MLM,3000,,3000,100.0,ZNE,train,gold,MQ_MLM_GOLD_20140517_040219
"bucket3$398,:3,:6001",2014-05-17T04:01:47.460000,MQ,SAM,3000,3011.0,3000,100.0,ZNE,train,gold,MQ_SAM_GOLD_20140517_040217
"bucket3$399,:3,:6001",2014-05-17T04:03:34.139900,MQ,BAM,3000,,3000,100.0,ZNE,train,gold,MQ_BAM_GOLD_20140517_040404
"bucket3$400,:3,:6001",2014-05-17T04:03:33.100000,MQ,IA2,3000,3282.0,3000,100.0,ZNE,train,gold,MQ_IA2_GOLD_20140517_040403
"bucket3$401,:3,:6001",2014-05-17T04:03:32.580000,MQ,LAM,3000,3041.0,3000,100.0,ZNE,train,gold,MQ_LAM_GOLD_20140517_040402
"bucket3$402,:3,:6001",2014-05-17T04:03:32.620000,MQ,SAM,3000,,3000,100.0,ZNE,train,gold,MQ_SAM_GOLD_20140517_040402
"bucket3$403,:3,:6001",2014-05-17T04:27:56.519900,MQ,BAM,3000,,3000,100.0,ZNE,train,gold,MQ_BAM_GOLD_20140517_042826
"bucket3$404,:3,:6001",2014-05-17T04:27:55.719900,MQ,GBM,3000,,3000,100.0,ZNE,train,gold,MQ_GBM_GOLD_20140517_042825
"bucket4$323,:3,:6001",2014-05-17T04:27:54.880000,MQ,LAM,3000,3475.0,3000,100.0,ZNE,test,gold,MQ_LAM_GOLD_20140517_042824
"bucket2$293,:3,:6001",2014-05-17T04:27:57.819900,MQ,MLM,3000,,3000,100.0,ZNE,dev,gold,MQ_MLM_GOLD_20140517_042827
"bucket3$405,:3,:6001",2014-05-17T04:27:54.810000,MQ,SAM,3000,3213.0,3000,100.0,ZNE,train,gold,MQ_SAM_GOLD_20140517_042824
"bucket3$406,:3,:6001",2014-05-17T04:55:42.489900,MQ,BAM,3000,,3000,100.0,ZNE,train,gold,MQ_BAM_GOLD_20140517_045612
"bucket4$324,:3,:6001",2014-05-17T04:55:41.630000,MQ,IA2,3000,3083.0,3000,100.0,ZNE,test,gold,MQ_IA2_GOLD_20140517_045611
"bucket3$407,:3,:6001",2014-05-17T04:55:40.990000,MQ,LAM,3000,3035.0,3000,100.0,ZNE,train,gold,MQ_LAM_GOLD_20140517_045610
"bucket3$408,:3,:6001",2014-05-17T04:55:45.539900,MQ,MLM,3000,,3000,100.0,ZNE,train,gold,MQ_MLM_GOLD_20140517_045615
"bucket3$409,:3,:6001",2014-05-17T05:18:28.899900,MQ,BAM,3000,,3000,100.0,ZNE,train,gold,MQ_BAM_GOLD_20140517_051858
"bucket3$410,:3,:6001",2014-05-17T05:18:27.610000,MQ,LAM,3000,3028.0,3000,100.0,ZNE,train,gold,MQ_LAM_GOLD_20140517_051857
"bucket3$411,:3,:6001",2014-05-17T05:18:27.689900,MQ,MLM,3000,,3000,100.0,ZNE,train,gold,MQ_MLM_GOLD_20140517_051857
"bucket3$412,:3,:6001",2014-05-17T05:18:27.150000,MQ,SAM,3000,3309.0,3000,100.0,ZNE,train,gold,MQ_SAM_GOLD_20140517_051857
"bucket3$413,:3,:6001",2014-05-17T05:18:57.549900,MQ,BAM,3000,,3000,100.0,ZNE,train,gold,MQ_BAM_GOLD_20140517_051927
"bucket2$294,:3,:6001",2014-05-17T05:18:55.409900,MQ,CPM,3000,,3000,100.0,ZNE,dev,gold,MQ_CPM_GOLD_20140517_051925
"bucket3$414,:3,:6001",2014-05-17T05:18:57.049900,MQ,GBM,3000,,3000,100.0,ZNE,train,gold,MQ_GBM_GOLD_20140517_051927
"bucket2$295,:3,:6001",2014-05-17T05:18:55.590000,MQ,IA2,3000,3083.0,3000,100.0,ZNE,dev,gold,MQ_IA2_GOLD_20140517_051925
"bucket3$415,:3,:6001",2014-05-17T05:18:55.890000,MQ,LAM,3000,3132.0,3000,100.0,ZNE,train,gold,MQ_LAM_GOLD_20140517_051925
"bucket3$416,:3,:6001",2014-05-17T05:18:59.159900,MQ,MLM,3000,,3000,100.0,ZNE,train,gold,MQ_MLM_GOLD_20140517_051929
"bucket2$296,:3,:6001",2014-05-17T05:18:57.550000,MQ,SAM,3000,2983.0,3000,100.0,ZNE,dev,gold,MQ_SAM_GOLD_20140517_051927
"bucket3$417,:3,:6001",2014-05-17T05:25:25.309900,MQ,BAM,3000,,3000,100.0,ZNE,train,gold,MQ_BAM_GOLD_20140517_052555
"bucket3$418,:3,:6001",2014-05-17T05:25:24.889900,MQ,CPM,3000,,3000,100.0,ZNE,train,gold,MQ_CPM_GOLD_20140517_052554
"bucket3$419,:3,:6001",2014-05-17T05:25:25.049900,MQ,GBM,3000,,3000,100.0,ZNE,train,gold,MQ_GBM_GOLD_20140517_052555
"bucket3$420,:3,:6001",2014-05-17T05:25:25.530000,MQ,IA2,3000,3180.0,3000,100.0,ZNE,train,gold,MQ_IA2_GOLD_20140517_052555
"bucket3$421,:3,:6001",2014-05-17T05:25:26.530000,MQ,LAM,3000,3142.0,3000,100.0,ZNE,train,gold,MQ_LAM_GOLD_20140517_052556
"bucket3$422,:3,:6001",2014-05-17T05:25:25.829900,MQ,MLM,3000,,3000,100.0,ZNE,train,gold,MQ_MLM_GOLD_20140517_052555
"bucket3$423,:3,:6001",2014-05-17T05:25:25.370000,MQ,SAM,3000,3100.0,3000,100.0,ZNE,train,gold,MQ_SAM_GOLD_20140517_052555
"bucket3$424,:3,:6001",2014-05-17T05:39:40.559900,MQ,BAM,3000,,3000,100.0,ZNE,train,gold,MQ_BAM_GOLD_20140517_054010
"bucket3$425,:3,:6001",2014-05-17T05:39:41.259900,MQ,CPM,3000,,3000,100.0,ZNE,train,gold,MQ_CPM_GOLD_20140517_054011
"bucket3$426,:3,:6001",2014-05-17T05:39:41.579900,MQ,GBM,3000,,3000,100.0,ZNE,train,gold,MQ_GBM_GOLD_20140517_054011
"bucket3$427,:3,:6001",2014-05-17T05:39:40.790000,MQ,IA2,3000,3240.0,3000,100.0,ZNE,train,gold,MQ_IA2_GOLD_20140517_054010
"bucket3$428,:3,:6001",2014-05-17T05:39:40.980000,MQ,LAM,3000,3046.0,3000,100.0,ZNE,train,gold,MQ_LAM_GOLD_20140517_054010
"bucket3$429,:3,:6001",2014-05-17T05:39:41.119900,MQ,MLM,3000,,3000,100.0,ZNE,train,gold,MQ_MLM_GOLD_20140517_054011
"bucket2$297,:3,:6001",2014-05-17T05:39:40.440000,MQ,SAM,3000,3056.0,3000,100.0,ZNE,dev,gold,MQ_SAM_GOLD_20140517_054010
"bucket3$430,:3,:6001",2014-05-17T05:40:54.869900,MQ,BAM,3000,,3000,100.0,ZNE,train,gold,MQ_BAM_GOLD_20140517_054124
"bucket3$431,:3,:6001",2014-05-17T05:40:54.569900,MQ,GBM,3000,,3000,100.0,ZNE,train,gold,MQ_GBM_GOLD_20140517_054124
"bucket3$432,:3,:6001",2014-05-17T05:40:56.320000,MQ,IA2,3000,3021.0,3000,100.0,ZNE,train,gold,MQ_IA2_GOLD_20140517_054126
"bucket3$433,:3,:6001",2014-05-17T05:40:54.710000,MQ,SAM,3000,3208.0,3000,100.0,ZNE,train,gold,MQ_SAM_GOLD_20140517_054124
"bucket3$434,:3,:6001",2014-05-17T06:01:21.010000,MQ,IA2,3000,3104.0,3000,100.0,ZNE,train,gold,MQ_IA2_GOLD_20140517_060151
"bucket4$325,:3,:6001",2014-05-17T06:43:27.769900,MQ,BAM,3000,,3000,100.0,ZNE,test,gold,MQ_BAM_GOLD_20140517_064357
"bucket3$435,:3,:6001",2014-05-17T06:43:25.259900,MQ,GBM,3000,,3000,100.0,ZNE,train,gold,MQ_GBM_GOLD_20140517_064355
"bucket3$436,:3,:6001",2014-05-17T06:43:26.140000,MQ,IA2,3000,3065.0,3000,100.0,ZNE,train,gold,MQ_IA2_GOLD_20140517_064356
"bucket3$437,:3,:6001",2014-05-17T06:43:25.290000,MQ,LAM,3000,3165.0,3000,100.0,ZNE,train,gold,MQ_LAM_GOLD_20140517_064355
"bucket3$438,:3,:6001",2014-05-17T06:44:47.019900,MQ,BAM,3000,,3000,100.0,ZNE,train,gold,MQ_BAM_GOLD_20140517_064517
"bucket3$439,:3,:6001",2014-05-17T06:44:47.999900,MQ,CPM,3000,,3000,100.0,ZNE,train,gold,MQ_CPM_GOLD_20140517_064517
"bucket3$440,:3,:6001",2014-05-17T06:44:45.079900,MQ,GBM,3000,,3000,100.0,ZNE,train,gold,MQ_GBM_GOLD_20140517_064515
"bucket3$441,:3,:6001",2014-05-17T06:44:46.760000,MQ,IA2,3000,3252.0,3000,100.0,ZNE,train,gold,MQ_IA2_GOLD_20140517_064516
"bucket3$442,:3,:6001",2014-05-17T07:45:46.299900,MQ,BAM,3000,,3000,100.0,ZNE,train,gold,MQ_BAM_GOLD_20140517_074616
"bucket3$443,:3,:6001",2014-05-17T07:45:46.389900,MQ,GBM,3000,,3000,100.0,ZNE,train,gold,MQ_GBM_GOLD_20140517_074616
"bucket3$444,:3,:6001",2014-05-17T07:45:49.390000,MQ,IA2,3000,3193.0,3000,100.0,ZNE,train,gold,MQ_IA2_GOLD_20140517_074619
"bucket3$445,:3,:6001",2014-05-17T07:45:46.030000,MQ,LAM,3000,3027.0,3000,100.0,ZNE,train,gold,MQ_LAM_GOLD_20140517_074616
"bucket4$326,:3,:6001",2014-05-17T10:43:02.429900,MQ,BAM,3000,,3000,100.0,ZNE,test,gold,MQ_BAM_GOLD_20140517_104332
"bucket3$446,:3,:6001",2014-05-17T10:42:59.959900,MQ,CPM,3000,,3000,100.0,ZNE,train,gold,MQ_CPM_GOLD_20140517_104329
"bucket4$327,:3,:6001",2014-05-17T10:43:01.619900,MQ,GBM,3000,,3000,100.0,ZNE,test,gold,MQ_GBM_GOLD_20140517_104331
"bucket3$447,:3,:6001",2014-05-17T10:43:00.010000,MQ,IA2,3000,3156.0,3000,100.0,ZNE,train,gold,MQ_IA2_GOLD_20140517_104330
"bucket3$448,:3,:6001",2014-05-17T10:43:00.520000,MQ,LAM,3000,3217.0,3000,100.0,ZNE,train,gold,MQ_LAM_GOLD_20140517_104330
"bucket4$328,:3,:6001",2014-05-17T10:43:02.629900,MQ,MLM,3000,,3000,100.0,ZNE,test,gold,MQ_MLM_GOLD_20140517_104332
"bucket2$298,:3,:6001",2014-05-17T10:43:00.680000,MQ,SAM,3000,3059.0,3000,100.0,ZNE,dev,gold,MQ_SAM_GOLD_20140517_104330
"bucket3$449,:3,:6001",2014-05-17T10:48:49.349900,MQ,BAM,3000,,3000,100.0,ZNE,train,gold,MQ_BAM_GOLD_20140517_104919
"bucket3$450,:3,:6001",2014-05-17T10:48:49.979900,MQ,CPM,3000,,3000,100.0,ZNE,train,gold,MQ_CPM_GOLD_20140517_104919
"bucket3$451,:3,:6001",2014-05-17T10:48:49.779900,MQ,GBM,3000,,3000,100.0,ZNE,train,gold,MQ_GBM_GOLD_20140517_104919
"bucket3$452,:3,:6001",2014-05-17T10:48:49.750000,MQ,IA2,3000,3071.0,3000,100.0,ZNE,train,gold,MQ_IA2_GOLD_20140517_104919
"bucket3$453,:3,:6001",2014-05-17T10:48:50.070000,MQ,LAM,3000,3039.0,3000,100.0,ZNE,train,gold,MQ_LAM_GOLD_20140517_104920
"bucket4$329,:3,:6001",2014-05-17T10:48:49.459900,MQ,MLM,3000,,3000,100.0,ZNE,test,gold,MQ_MLM_GOLD_20140517_104919
"bucket3$454,:3,:6001",2014-05-17T10:49:20.169900,MQ,BAM,3000,,3000,100.0,ZNE,train,gold,MQ_BAM_GOLD_20140517_104950
"bucket3$455,:3,:6001",2014-05-17T10:49:17.399900,MQ,CPM,3000,,3000,100.0,ZNE,train,gold,MQ_CPM_GOLD_20140517_104947
"bucket3$456,:3,:6001",2014-05-17T10:49:18.229900,MQ,GBM,3000,,3000,100.0,ZNE,train,gold,MQ_GBM_GOLD_20140517_104948
"bucket3$457,:3,:6001",2014-05-17T10:49:18.200000,MQ,LAM,3000,3200.0,3000,100.0,ZNE,train,gold,MQ_LAM_GOLD_20140517_104948
"bucket3$458,:3,:6001",2014-05-17T10:49:20.799900,MQ,MLM,3000,,3000,100.0,ZNE,train,gold,MQ_MLM_GOLD_20140517_104950
"bucket3$459,:3,:6001",2014-05-17T10:49:55.459900,MQ,BAM,3000,,3000,100.0,ZNE,train,gold,MQ_BAM_GOLD_20140517_105025
"bucket4$330,:3,:6001",2014-05-17T10:49:55.989900,MQ,CPM,3000,,3000,100.0,ZNE,test,gold,MQ_CPM_GOLD_20140517_105025
"bucket3$460,:3,:6001",2014-05-17T10:49:55.990000,MQ,LAM,3000,3045.0,3000,100.0,ZNE,train,gold,MQ_LAM_GOLD_20140517_105025
"bucket4$331,:3,:6001",2014-05-17T10:49:56.809900,MQ,MLM,3000,,3000,100.0,ZNE,test,gold,MQ_MLM_GOLD_20140517_105026
"bucket3$461,:3,:6001",2014-05-17T10:54:19.039900,MQ,BAM,3000,,3000,100.0,ZNE,train,gold,MQ_BAM_GOLD_20140517_105449
"bucket3$462,:3,:6001",2014-05-17T10:54:19.019900,MQ,CPM,3000,,3000,100.0,ZNE,train,gold,MQ_CPM_GOLD_20140517_105449
"bucket3$463,:3,:6001",2014-05-17T10:54:18.720000,MQ,LAM,3000,3093.0,3000,100.0,ZNE,train,gold,MQ_LAM_GOLD_20140517_105448
"bucket3$464,:3,:6001",2014-05-17T10:54:20.969900,MQ,MLM,3000,,3000,100.0,ZNE,train,gold,MQ_MLM_GOLD_20140517_105450
"bucket3$465,:3,:6001",2014-05-17T10:55:48.759900,MQ,BAM,3000,,3000,100.0,ZNE,train,gold,MQ_BAM_GOLD_20140517_105618
"bucket3$466,:3,:6001",2014-05-17T10:55:48.819900,MQ,CPM,3000,,3000,100.0,ZNE,train,gold,MQ_CPM_GOLD_20140517_105618
"bucket3$467,:3,:6001",2014-05-17T10:55:49.069900,MQ,GBM,3000,,3000,100.0,ZNE,train,gold,MQ_GBM_GOLD_20140517_105619
"bucket2$299,:3,:6001",2014-05-17T10:55:48.500000,MQ,IA2,3000,3041.0,3000,100.0,ZNE,dev,gold,MQ_IA2_GOLD_20140517_105618
"bucket3$468,:3,:6001",2014-05-17T10:55:49.120000,MQ,LAM,3000,3054.0,3000,100.0,ZNE,train,gold,MQ_LAM_GOLD_20140517_105619
"bucket3$469,:3,:6001",2014-05-17T10:55:49.020000,MQ,SAM,3000,,3000,100.0,ZNE,train,gold,MQ_SAM_GOLD_20140517_105619
"bucket3$470,:3,:6001",2014-05-17T13:01:00.549900,MQ,CPM,3000,,3000,100.0,ZNE,train,gold,MQ_CPM_GOLD_20140517_130130
"bucket3$471,:3,:6001",2014-05-17T13:01:00.789900,MQ,GBM,3000,,3000,100.0,ZNE,train,gold,MQ_GBM_GOLD_20140517_130130
"bucket3$472,:3,:6001",2014-05-17T13:00:59.190000,MQ,LAM,3000,3197.0,3000,100.0,ZNE,train,gold,MQ_LAM_GOLD_20140517_130129
"bucket3$473,:3,:6001",2014-05-17T13:01:00.749900,MQ,MLM,3000,,3000,100.0,ZNE,train,gold,MQ_MLM_GOLD_20140517_130130
"bucket3$474,:3,:6001",2014-05-17T13:01:28.559900,MQ,BAM,3000,,3000,100.0,ZNE,train,gold,MQ_BAM_GOLD_20140517_130158
"bucket3$475,:3,:6001",2014-05-17T13:01:30.499900,MQ,CPM,3000,,3000,100.0,ZNE,train,gold,MQ_CPM_GOLD_20140517_130200
"bucket3$476,:3,:6001",2014-05-17T13:01:27.959900,MQ,GBM,3000,,3000,100.0,ZNE,train,gold,MQ_GBM_GOLD_20140517_130157
"bucket3$477,:3,:6001",2014-05-17T13:01:32.240000,MQ,IA2,3000,3086.0,3000,100.0,ZNE,train,gold,MQ_IA2_GOLD_20140517_130202
"bucket3$478,:3,:6001",2014-05-17T13:01:27.300000,MQ,LAM,3000,3169.0,3000,100.0,ZNE,train,gold,MQ_LAM_GOLD_20140517_130157
"bucket3$479,:3,:6001",2014-05-17T13:01:28.840000,MQ,SAM,3000,3017.0,3000,100.0,ZNE,train,gold,MQ_SAM_GOLD_20140517_130158
"bucket3$480,:3,:6001",2014-05-17T13:29:47.169900,MQ,BAM,3000,,3000,100.0,ZNE,train,gold,MQ_BAM_GOLD_20140517_133017
"bucket4$332,:3,:6001",2014-05-17T13:29:45.899900,MQ,GBM,3000,,3000,100.0,ZNE,test,gold,MQ_GBM_GOLD_20140517_133015
"bucket3$481,:3,:6001",2014-05-17T13:29:45.260000,MQ,LAM,3000,3314.0,3000,100.0,ZNE,train,gold,MQ_LAM_GOLD_20140517_133015
"bucket3$482,:3,:6001",2014-05-17T13:29:48.199900,MQ,MLM,3000,,3000,100.0,ZNE,train,gold,MQ_MLM_GOLD_20140517_133018
"bucket3$483,:3,:6001",2014-05-17T13:29:45.220000,MQ,SAM,3000,3209.0,3000,100.0,ZNE,train,gold,MQ_SAM_GOLD_20140517_133015
"bucket3$484,:3,:6001",2014-05-17T14:47:47.179900,MQ,BAM,3000,,3000,100.0,ZNE,train,gold,MQ_BAM_GOLD_20140517_144817
"bucket3$485,:3,:6001",2014-05-17T14:47:47.689900,MQ,CPM,3000,,3000,100.0,ZNE,train,gold,MQ_CPM_GOLD_20140517_144817
"bucket3$486,:3,:6001",2014-05-17T14:47:47.019900,MQ,GBM,3000,,3000,100.0,ZNE,train,gold,MQ_GBM_GOLD_20140517_144817
"bucket3$487,:3,:6001",2014-05-17T14:47:47.340000,MQ,IA2,3000,3040.0,3000,100.0,ZNE,train,gold,MQ_IA2_GOLD_20140517_144817
"bucket3$488,:3,:6001",2014-05-17T14:47:47.410000,MQ,LAM,3000,,3000,100.0,ZNE,train,gold,MQ_LAM_GOLD_20140517_144817
"bucket3$489,:3,:6001",2014-05-17T14:47:47.819900,MQ,MLM,3000,,3000,100.0,ZNE,train,gold,MQ_MLM_GOLD_20140517_144817
"bucket3$490,:3,:6001",2014-05-17T14:47:46.540000,MQ,SAM,3000,3043.0,3000,100.0,ZNE,train,gold,MQ_SAM_GOLD_20140517_144816
"bucket3$491,:3,:6001",2014-05-17T14:48:20.069900,MQ,BAM,3000,,3000,100.0,ZNE,train,gold,MQ_BAM_GOLD_20140517_144850
"bucket3$492,:3,:6001",2014-05-17T14:48:17.579900,MQ,CPM,3000,,3000,100.0,ZNE,train,gold,MQ_CPM_GOLD_20140517_144847
"bucket3$493,:3,:6001",2014-05-17T14:48:16.909900,MQ,GBM,3000,,3000,100.0,ZNE,train,gold,MQ_GBM_GOLD_20140517_144846
"bucket3$494,:3,:6001",2014-05-17T14:48:17.330000,MQ,LAM,3000,2992.0,3000,100.0,ZNE,train,gold,MQ_LAM_GOLD_20140517_144847
"bucket3$495,:3,:6001",2014-05-17T14:48:19.069900,MQ,MLM,3000,,3000,100.0,ZNE,train,gold,MQ_MLM_GOLD_20140517_144849
"bucket3$496,:3,:6001",2014-05-17T15:01:14.199900,MQ,BAM,3000,,3000,100.0,ZNE,train,gold,MQ_BAM_GOLD_20140517_150144
"bucket3$497,:3,:6001",2014-05-17T15:01:12.199900,MQ,CPM,3000,,3000,100.0,ZNE,train,gold,MQ_CPM_GOLD_20140517_150142
"bucket3$498,:3,:6001",2014-05-17T15:01:13.459900,MQ,GBM,3000,,3000,100.0,ZNE,train,gold,MQ_GBM_GOLD_20140517_150143
"bucket4$333,:3,:6001",2014-05-17T15:01:12.200000,MQ,IA2,3000,3030.0,3000,100.0,ZNE,test,gold,MQ_IA2_GOLD_20140517_150142
"bucket3$499,:3,:6001",2014-05-17T15:01:12.840000,MQ,LAM,3000,3292.0,3000,100.0,ZNE,train,gold,MQ_LAM_GOLD_20140517_150142
"bucket3$500,:3,:6001",2014-05-17T15:46:03.429900,MQ,CPM,3000,,3000,100.0,ZNE,train,gold,MQ_CPM_GOLD_20140517_154633
"bucket3$501,:3,:6001",2014-05-17T15:46:04.830000,MQ,IA2,3000,3023.0,3000,100.0,ZNE,train,gold,MQ_IA2_GOLD_20140517_154634
"bucket4$334,:3,:6001",2014-05-17T15:45:55.910000,MQ,LAM,3000,3306.0,3000,100.0,ZNE,test,gold,MQ_LAM_GOLD_20140517_154625
"bucket3$502,:3,:6001",2014-05-17T15:45:58.940000,MQ,SAM,3000,3038.0,3000,100.0,ZNE,train,gold,MQ_SAM_GOLD_20140517_154628
"bucket3$503,:3,:6001",2014-05-17T17:19:32.009900,MQ,BAM,3000,,3000,100.0,ZNE,train,gold,MQ_BAM_GOLD_20140517_172002
"bucket3$504,:3,:6001",2014-05-17T17:19:31.159900,MQ,CPM,3000,,3000,100.0,ZNE,train,gold,MQ_CPM_GOLD_20140517_172001
"bucket3$505,:3,:6001",2014-05-17T17:19:30.679900,MQ,GBM,3000,,3000,100.0,ZNE,train,gold,MQ_GBM_GOLD_20140517_172000
"bucket3$506,:3,:6001",2014-05-17T17:19:31.240000,MQ,IA2,3000,3040.0,3000,100.0,ZNE,train,gold,MQ_IA2_GOLD_20140517_172001
"bucket3$507,:3,:6001",2014-05-17T17:19:30.400000,MQ,LAM,3000,3061.0,3000,100.0,ZNE,train,gold,MQ_LAM_GOLD_20140517_172000
"bucket2$300,:3,:6001",2014-05-17T17:19:32.689900,MQ,MLM,3000,,3000,100.0,ZNE,dev,gold,MQ_MLM_GOLD_20140517_172002
"bucket3$508,:3,:6001",2014-05-17T17:19:30.890000,MQ,SAM,3000,3197.0,3000,100.0,ZNE,train,gold,MQ_SAM_GOLD_20140517_172000
"bucket3$509,:3,:6001",2014-05-17T17:42:31.199900,MQ,BAM,3000,,3000,100.0,ZNE,train,gold,MQ_BAM_GOLD_20140517_174301
"bucket3$510,:3,:6001",2014-05-17T17:42:28.629900,MQ,CPM,3000,,3000,100.0,ZNE,train,gold,MQ_CPM_GOLD_20140517_174258
"bucket2$301,:3,:6001",2014-05-17T17:42:30.129900,MQ,GBM,3000,,3000,100.0,ZNE,dev,gold,MQ_GBM_GOLD_20140517_174300
"bucket3$511,:3,:6001",2014-05-17T17:42:28.140000,MQ,IA2,3000,3244.0,3000,100.0,ZNE,train,gold,MQ_IA2_GOLD_20140517_174258
"bucket3$512,:3,:6001",2014-05-17T18:15:58.029900,MQ,BAM,3000,,3000,100.0,ZNE,train,gold,MQ_BAM_GOLD_20140517_181628
"bucket3$513,:3,:6001",2014-05-17T18:15:56.809900,MQ,GBM,3000,,3000,100.0,ZNE,train,gold,MQ_GBM_GOLD_20140517_181626
"bucket2$302,:3,:6001",2014-05-17T18:15:56.860000,MQ,IA2,3000,3126.0,3000,100.0,ZNE,dev,gold,MQ_IA2_GOLD_20140517_181626
"bucket3$514,:3,:6001",2014-05-17T18:15:56.510000,MQ,LAM,3000,3168.0,3000,100.0,ZNE,train,gold,MQ_LAM_GOLD_20140517_181626
"bucket3$515,:3,:6001",2014-05-17T18:16:48.179900,MQ,BAM,3000,,3000,100.0,ZNE,train,gold,MQ_BAM_GOLD_20140517_181718
"bucket4$335,:3,:6001",2014-05-17T18:16:48.849900,MQ,CPM,3000,,3000,100.0,ZNE,test,gold,MQ_CPM_GOLD_20140517_181718
"bucket2$303,:3,:6001",2014-05-17T18:16:48.019900,MQ,GBM,3000,,3000,100.0,ZNE,dev,gold,MQ_GBM_GOLD_20140517_181718
"bucket3$516,:3,:6001",2014-05-17T18:16:48.370000,MQ,LAM,3000,3027.0,3000,100.0,ZNE,train,gold,MQ_LAM_GOLD_20140517_181718
"bucket4$336,:3,:6001",2014-05-17T18:17:18.029900,MQ,BAM,3000,,3000,100.0,ZNE,test,gold,MQ_BAM_GOLD_20140517_181748
"bucket3$517,:3,:6001",2014-05-17T18:17:16.519900,MQ,CPM,3000,,3000,100.0,ZNE,train,gold,MQ_CPM_GOLD_20140517_181746
"bucket3$518,:3,:6001",2014-05-17T18:17:17.449900,MQ,GBM,3000,,3000,100.0,ZNE,train,gold,MQ_GBM_GOLD_20140517_181747
"bucket3$519,:3,:6001",2014-05-17T18:17:16.840000,MQ,IA2,3000,3147.0,3000,100.0,ZNE,train,gold,MQ_IA2_GOLD_20140517_181746
"bucket3$520,:3,:6001",2014-05-17T18:17:15.900000,MQ,LAM,3000,3269.0,3000,100.0,ZNE,train,gold,MQ_LAM_GOLD_20140517_181745
"bucket3$521,:3,:6001",2014-05-17T18:17:18.229900,MQ,MLM,3000,,3000,100.0,ZNE,train,gold,MQ_MLM_GOLD_20140517_181748
"bucket3$522,:3,:6001",2014-05-17T18:30:50.339900,MQ,BAM,3000,,3000,100.0,ZNE,train,gold,MQ_BAM_GOLD_20140517_183120
"bucket3$523,:3,:6001",2014-05-17T18:30:49.409900,MQ,GBM,3000,,3000,100.0,ZNE,train,gold,MQ_GBM_GOLD_20140517_183119
"bucket3$524,:3,:6001",2014-05-17T18:30:50.100000,MQ,IA2,3000,2965.0,3000,100.0,ZNE,train,gold,MQ_IA2_GOLD_20140517_183120
"bucket3$525,:3,:6001",2014-05-17T18:30:48.980000,MQ,LAM,3000,3067.0,3000,100.0,ZNE,train,gold,MQ_LAM_GOLD_20140517_183118
"bucket3$526,:3,:6001",2014-05-17T18:30:49.090000,MQ,SAM,3000,3215.0,3000,100.0,ZNE,train,gold,MQ_SAM_GOLD_20140517_183119
"bucket3$527,:3,:6001",2014-05-17T21:16:19.019900,MQ,BAM,3000,,3000,100.0,ZNE,train,gold,MQ_BAM_GOLD_20140517_211649
"bucket2$304,:3,:6001",2014-05-17T21:16:16.119900,MQ,CPM,3000,,3000,100.0,ZNE,dev,gold,MQ_CPM_GOLD_20140517_211646
"bucket3$528,:3,:6001",2014-05-17T21:16:14.829900,MQ,GBM,3000,,3000,100.0,ZNE,train,gold,MQ_GBM_GOLD_20140517_211644
"bucket3$529,:3,:6001",2014-05-17T21:16:16.160000,MQ,IA2,3000,3049.0,3000,100.0,ZNE,train,gold,MQ_IA2_GOLD_20140517_211646
"bucket3$530,:3,:6001",2014-05-17T21:16:17.080000,MQ,SAM,3000,3275.0,3000,100.0,ZNE,train,gold,MQ_SAM_GOLD_20140517_211647
"bucket3$531,:3,:6001",2014-05-17T22:08:26.680000,MQ,SAM,3000,3062.0,3000,100.0,ZNE,train,gold,MQ_SAM_GOLD_20140517_220856
"bucket3$532,:3,:6001",2014-05-17T23:35:19.779900,MQ,BAM,3000,,3000,100.0,ZNE,train,gold,MQ_BAM_GOLD_20140517_233549
"bucket2$305,:3,:6001",2014-05-17T23:35:19.679900,MQ,GBM,3000,,3000,100.0,ZNE,dev,gold,MQ_GBM_GOLD_20140517_233549
"bucket3$533,:3,:6001",2014-05-17T23:35:20.630000,MQ,IA2,3000,3059.0,3000,100.0,ZNE,train,gold,MQ_IA2_GOLD_20140517_233550
"bucket3$534,:3,:6001",2014-05-17T23:35:19.300000,MQ,LAM,3000,3293.0,3000,100.0,ZNE,train,gold,MQ_LAM_GOLD_20140517_233549
"bucket3$535,:3,:6001",2014-05-18T00:02:51.239900,MQ,BAM,3000,,3000,100.0,ZNE,train,gold,MQ_BAM_GOLD_20140518_000321
"bucket3$536,:3,:6001",2014-05-18T00:02:51.849900,MQ,CPM,3000,,3000,100.0,ZNE,train,gold,MQ_CPM_GOLD_20140518_000321
"bucket3$537,:3,:6001",2014-05-18T00:02:51.369900,MQ,GBM,3000,,3000,100.0,ZNE,train,gold,MQ_GBM_GOLD_20140518_000321
"bucket4$337,:3,:6001",2014-05-18T00:02:51.840000,MQ,IA2,3000,,3000,100.0,ZNE,test,gold,MQ_IA2_GOLD_20140518_000321
"bucket3$538,:3,:6001",2014-05-18T00:02:51.730000,MQ,LAM,3000,3167.0,3000,100.0,ZNE,train,gold,MQ_LAM_GOLD_20140518_000321
"bucket3$539,:3,:6001",2014-05-18T01:21:47.189900,MQ,BAM,3000,,3000,100.0,ZNE,train,gold,MQ_BAM_GOLD_20140518_012217
"bucket3$540,:3,:6001",2014-05-18T01:21:47.439900,MQ,CPM,3000,,3000,100.0,ZNE,train,gold,MQ_CPM_GOLD_20140518_012217
"bucket4$338,:3,:6001",2014-05-18T01:21:48.970000,MQ,LAM,3000,3008.0,3000,100.0,ZNE,test,gold,MQ_LAM_GOLD_20140518_012218
"bucket4$339,:3,:6001",2014-05-18T01:21:48.620000,MQ,SAM,3000,3069.0,3000,100.0,ZNE,test,gold,MQ_SAM_GOLD_20140518_012218
"bucket3$541,:3,:6001",2014-05-18T04:01:53.279900,MQ,BAM,3000,,3000,100.0,ZNE,train,gold,MQ_BAM_GOLD_20140518_040223
"bucket2$306,:3,:6001",2014-05-18T04:01:54.859900,MQ,CPM,3000,,3000,100.0,ZNE,dev,gold,MQ_CPM_GOLD_20140518_040224
"bucket3$542,:3,:6001",2014-05-18T04:01:54.409900,MQ,GBM,3000,,3000,100.0,ZNE,train,gold,MQ_GBM_GOLD_20140518_040224
"bucket3$543,:3,:6001",2014-05-18T04:01:55,MQ,IA2,3000,3151.0,3000,100.0,ZNE,train,gold,MQ_IA2_GOLD_20140518_040225
"bucket3$544,:3,:6001",2014-05-18T04:12:13.489900,MQ,BAM,3000,,3000,100.0,ZNE,train,gold,MQ_BAM_GOLD_20140518_041243
"bucket3$545,:3,:6001",2014-05-18T04:12:12.689900,MQ,CPM,3000,,3000,100.0,ZNE,train,gold,MQ_CPM_GOLD_20140518_041242
"bucket3$546,:3,:6001",2014-05-18T04:12:11.379900,MQ,GBM,3000,,3000,100.0,ZNE,train,gold,MQ_GBM_GOLD_20140518_041241
"bucket4$340,:3,:6001",2014-05-18T04:12:12.470000,MQ,IA2,3000,3221.0,3000,100.0,ZNE,test,gold,MQ_IA2_GOLD_20140518_041242
"bucket4$341,:3,:6001",2014-05-18T04:12:12.340000,MQ,LAM,3000,3097.0,3000,100.0,ZNE,test,gold,MQ_LAM_GOLD_20140518_041242
"bucket3$547,:3,:6001",2014-05-18T04:12:13.629900,MQ,MLM,3000,,3000,100.0,ZNE,train,gold,MQ_MLM_GOLD_20140518_041243
"bucket3$548,:3,:6001",2014-05-18T04:12:41.239900,MQ,BAM,3000,,3000,100.0,ZNE,train,gold,MQ_BAM_GOLD_20140518_041311
"bucket3$549,:3,:6001",2014-05-18T04:12:41.539900,MQ,GBM,3000,,3000,100.0,ZNE,train,gold,MQ_GBM_GOLD_20140518_041311
"bucket3$550,:3,:6001",2014-05-18T04:12:41.140000,MQ,IA2,3000,,3000,100.0,ZNE,train,gold,MQ_IA2_GOLD_20140518_041311
"bucket3$551,:3,:6001",2014-05-18T04:12:40.920000,MQ,LAM,3000,3215.0,3000,100.0,ZNE,train,gold,MQ_LAM_GOLD_20140518_041310
"bucket3$552,:3,:6001",2014-05-18T04:12:41.589900,MQ,MLM,3000,,3000,100.0,ZNE,train,gold,MQ_MLM_GOLD_20140518_041311
"bucket4$342,:3,:6001",2014-05-18T04:52:45.749900,MQ,BAM,3000,,3000,100.0,ZNE,test,gold,MQ_BAM_GOLD_20140518_045315
"bucket4$343,:3,:6001",2014-05-18T04:52:44.949900,MQ,GBM,3000,,3000,100.0,ZNE,test,gold,MQ_GBM_GOLD_20140518_045314
"bucket3$553,:3,:6001",2014-05-18T04:52:45.750000,MQ,IA2,3000,3022.0,3000,100.0,ZNE,train,gold,MQ_IA2_GOLD_20140518_045315
"bucket3$554,:3,:6001",2014-05-18T04:52:44.320000,MQ,LAM,3000,3023.0,3000,100.0,ZNE,train,gold,MQ_LAM_GOLD_20140518_045314
"bucket2$307,:3,:6001",2014-05-18T05:28:11.250000,MQ,IA2,3000,3161.0,3000,100.0,ZNE,dev,gold,MQ_IA2_GOLD_20140518_052841
"bucket3$555,:3,:6001",2014-05-18T08:29:23.009900,MQ,CPM,3000,,3000,100.0,ZNE,train,gold,MQ_CPM_GOLD_20140518_082953
"bucket3$556,:3,:6001",2014-05-18T08:29:23.769900,MQ,GBM,3000,,3000,100.0,ZNE,train,gold,MQ_GBM_GOLD_20140518_082953
"bucket3$557,:3,:6001",2014-05-18T08:29:24.250000,MQ,IA2,3000,2993.0,3000,100.0,ZNE,train,gold,MQ_IA2_GOLD_20140518_082954
"bucket3$558,:3,:6001",2014-05-18T08:29:24.919900,MQ,MLM,3000,,3000,100.0,ZNE,train,gold,MQ_MLM_GOLD_20140518_082954
"bucket3$559,:3,:6001",2014-05-18T10:29:13.509900,MQ,BAM,3000,,3000,100.0,ZNE,train,gold,MQ_BAM_GOLD_20140518_102943
"bucket3$560,:3,:6001",2014-05-18T10:29:13.200000,MQ,IA2,3000,3215.0,3000,100.0,ZNE,train,gold,MQ_IA2_GOLD_20140518_102943
"bucket4$344,:3,:6001",2014-05-18T10:29:12.290000,MQ,LAM,3000,3035.0,3000,100.0,ZNE,test,gold,MQ_LAM_GOLD_20140518_102942
"bucket3$561,:3,:6001",2014-05-18T10:29:14.569900,MQ,MLM,3000,,3000,100.0,ZNE,train,gold,MQ_MLM_GOLD_20140518_102944
"bucket3$562,:3,:6001",2014-05-18T10:47:12.549900,MQ,GBM,3000,,3000,100.0,ZNE,train,gold,MQ_GBM_GOLD_20140518_104742
"bucket3$563,:3,:6001",2014-05-18T10:47:12.750000,MQ,IA2,3000,3261.0,3000,100.0,ZNE,train,gold,MQ_IA2_GOLD_20140518_104742
"bucket3$564,:3,:6001",2014-05-18T10:47:12.430000,MQ,LAM,3000,3044.0,3000,100.0,ZNE,train,gold,MQ_LAM_GOLD_20140518_104742
"bucket3$565,:3,:6001",2014-05-18T10:47:14.269900,MQ,MLM,3000,,3000,100.0,ZNE,train,gold,MQ_MLM_GOLD_20140518_104744
"bucket4$345,:3,:6001",2014-05-18T10:47:13.380000,MQ,SAM,3000,3132.0,3000,100.0,ZNE,test,gold,MQ_SAM_GOLD_20140518_104743
"bucket4$346,:3,:6001",2014-05-18T11:52:10.829900,MQ,BAM,3000,,3000,100.0,ZNE,test,gold,MQ_BAM_GOLD_20140518_115240
"bucket3$566,:3,:6001",2014-05-18T11:52:12.959900,MQ,GBM,3000,,3000,100.0,ZNE,train,gold,MQ_GBM_GOLD_20140518_115242
"bucket3$567,:3,:6001",2014-05-18T11:52:10.400000,MQ,IA2,3000,3260.0,3000,100.0,ZNE,train,gold,MQ_IA2_GOLD_20140518_115240
"bucket3$568,:3,:6001",2014-05-18T11:52:14.669900,MQ,MLM,3000,,3000,100.0,ZNE,train,gold,MQ_MLM_GOLD_20140518_115244
"bucket3$569,:3,:6001",2014-05-18T11:58:07.229900,MQ,BAM,3000,,3000,100.0,ZNE,train,gold,MQ_BAM_GOLD_20140518_115837
"bucket2$308,:3,:6001",2014-05-18T11:58:08.469900,MQ,CPM,3000,,3000,100.0,ZNE,dev,gold,MQ_CPM_GOLD_20140518_115838
"bucket3$570,:3,:6001",2014-05-18T11:58:07.839900,MQ,GBM,3000,,3000,100.0,ZNE,train,gold,MQ_GBM_GOLD_20140518_115837
"bucket3$571,:3,:6001",2014-05-18T11:58:08.840000,MQ,IA2,3000,3074.0,3000,100.0,ZNE,train,gold,MQ_IA2_GOLD_20140518_115838
"bucket2$309,:3,:6001",2014-05-18T11:58:08.190000,MQ,SAM,3000,3258.0,3000,100.0,ZNE,dev,gold,MQ_SAM_GOLD_20140518_115838
"bucket3$572,:3,:6001",2014-05-18T18:01:32.279900,MQ,BAM,3000,,3000,100.0,ZNE,train,gold,MQ_BAM_GOLD_20140518_180202
"bucket4$347,:3,:6001",2014-05-18T18:01:32.739900,MQ,CPM,3000,,3000,100.0,ZNE,test,gold,MQ_CPM_GOLD_20140518_180202
"bucket3$573,:3,:6001",2014-05-18T18:01:32.119900,MQ,GBM,3000,,3000,100.0,ZNE,train,gold,MQ_GBM_GOLD_20140518_180202
"bucket3$574,:3,:6001",2014-05-18T18:01:32.220000,MQ,IA2,3000,3109.0,3000,100.0,ZNE,train,gold,MQ_IA2_GOLD_20140518_180202
"bucket4$348,:3,:6001",2014-05-18T18:01:33.020000,MQ,SAM,3000,3131.0,3000,100.0,ZNE,test,gold,MQ_SAM_GOLD_20140518_180203
"bucket3$575,:3,:6001",2014-05-18T18:27:05.959900,MQ,BAM,3000,,3000,100.0,ZNE,train,gold,MQ_BAM_GOLD_20140518_182735
"bucket3$576,:3,:6001",2014-05-18T18:27:06.149900,MQ,CPM,3000,,3000,100.0,ZNE,train,gold,MQ_CPM_GOLD_20140518_182736
"bucket4$349,:3,:6001",2014-05-18T18:27:05.019900,MQ,GBM,3000,,3000,100.0,ZNE,test,gold,MQ_GBM_GOLD_20140518_182735
"bucket3$577,:3,:6001",2014-05-18T18:27:05.830000,MQ,IA2,3000,3068.0,3000,100.0,ZNE,train,gold,MQ_IA2_GOLD_20140518_182735
"bucket3$578,:3,:6001",2014-05-18T18:27:05.539900,MQ,MLM,3000,,3000,100.0,ZNE,train,gold,MQ_MLM_GOLD_20140518_182735
"bucket3$579,:3,:6001",2014-05-19T03:27:09.579900,MQ,BAM,3000,,3000,100.0,ZNE,train,gold,MQ_BAM_GOLD_20140519_032739
"bucket3$580,:3,:6001",2014-05-19T03:27:08.699900,MQ,CPM,3000,,3000,100.0,ZNE,train,gold,MQ_CPM_GOLD_20140519_032738
"bucket3$581,:3,:6001",2014-05-19T03:27:08.699900,MQ,GBM,3000,,3000,100.0,ZNE,train,gold,MQ_GBM_GOLD_20140519_032738
"bucket3$582,:3,:6001",2014-05-19T03:27:08.500000,MQ,IA2,3000,3194.0,3000,100.0,ZNE,train,gold,MQ_IA2_GOLD_20140519_032738
"bucket3$583,:3,:6001",2014-05-19T07:31:33.709900,MQ,BAM,3000,,3000,100.0,ZNE,train,gold,MQ_BAM_GOLD_20140519_073203
"bucket3$584,:3,:6001",2014-05-19T07:31:32.619900,MQ,CPM,3000,,3000,100.0,ZNE,train,gold,MQ_CPM_GOLD_20140519_073202
"bucket3$585,:3,:6001",2014-05-19T07:31:34.219900,MQ,GBM,3000,,3000,100.0,ZNE,train,gold,MQ_GBM_GOLD_20140519_073204
"bucket3$586,:3,:6001",2014-05-19T07:31:32.610000,MQ,IA2,3000,3161.0,3000,100.0,ZNE,train,gold,MQ_IA2_GOLD_20140519_073202
"bucket3$587,:3,:6001",2014-05-19T07:31:32.310000,MQ,LAM,3000,3335.0,3000,100.0,ZNE,train,gold,MQ_LAM_GOLD_20140519_073202
"bucket3$588,:3,:6001",2014-05-19T07:31:33.909900,MQ,MLM,3000,,3000,100.0,ZNE,train,gold,MQ_MLM_GOLD_20140519_073203
"bucket3$589,:3,:6001",2014-05-19T09:20:07.189900,MQ,BAM,3000,,3000,100.0,ZNE,train,gold,MQ_BAM_GOLD_20140519_092037
"bucket3$590,:3,:6001",2014-05-19T09:20:06.679900,MQ,CPM,3000,,3000,100.0,ZNE,train,gold,MQ_CPM_GOLD_20140519_092036
"bucket3$591,:3,:6001",2014-05-19T09:20:06.239900,MQ,GBM,3000,,3000,100.0,ZNE,train,gold,MQ_GBM_GOLD_20140519_092036
"bucket3$592,:3,:6001",2014-05-19T09:20:06.350000,MQ,LAM,3000,3105.0,3000,100.0,ZNE,train,gold,MQ_LAM_GOLD_20140519_092036
"bucket3$593,:3,:6001",2014-05-19T13:18:37.539900,MQ,BAM,3000,,3000,100.0,ZNE,train,gold,MQ_BAM_GOLD_20140519_131907
"bucket3$594,:3,:6001",2014-05-19T13:18:39.049900,MQ,CPM,3000,,3000,100.0,ZNE,train,gold,MQ_CPM_GOLD_20140519_131909
"bucket3$595,:3,:6001",2014-05-19T13:18:38.209900,MQ,GBM,3000,,3000,100.0,ZNE,train,gold,MQ_GBM_GOLD_20140519_131908
"bucket3$596,:3,:6001",2014-05-19T13:18:38.730000,MQ,IA2,3000,3030.0,3000,100.0,ZNE,train,gold,MQ_IA2_GOLD_20140519_131908
"bucket3$597,:3,:6001",2014-05-19T13:18:37.860000,MQ,LAM,3000,3087.0,3000,100.0,ZNE,train,gold,MQ_LAM_GOLD_20140519_131907
"bucket3$598,:3,:6001",2014-05-19T20:17:33.409900,MQ,BAM,3000,,3000,100.0,ZNE,train,gold,MQ_BAM_GOLD_20140519_201803
"bucket2$310,:3,:6001",2014-05-19T20:17:33.589900,MQ,CPM,3000,,3000,100.0,ZNE,dev,gold,MQ_CPM_GOLD_20140519_201803
"bucket3$599,:3,:6001",2014-05-19T20:17:33.409900,MQ,GBM,3000,,3000,100.0,ZNE,train,gold,MQ_GBM_GOLD_20140519_201803
"bucket4$350,:3,:6001",2014-05-19T20:17:34.500000,MQ,IA2,3000,3020.0,3000,100.0,ZNE,test,gold,MQ_IA2_GOLD_20140519_201804
"bucket3$600,:3,:6001",2014-05-19T20:17:36.120000,MQ,LAM,3000,3018.0,3000,100.0,ZNE,train,gold,MQ_LAM_GOLD_20140519_201806
"bucket2$311,:3,:6001",2014-05-19T20:17:35.239900,MQ,MLM,3000,,3000,100.0,ZNE,dev,gold,MQ_MLM_GOLD_20140519_201805
"bucket2$312,:3,:6001",2014-05-19T20:18:03.419900,MQ,CPM,3000,,3000,100.0,ZNE,dev,gold,MQ_CPM_GOLD_20140519_201833
"bucket3$601,:3,:6001",2014-05-19T20:18:03.459900,MQ,GBM,3000,,3000,100.0,ZNE,train,gold,MQ_GBM_GOLD_20140519_201833
"bucket3$602,:3,:6001",2014-05-19T20:18:03.110000,MQ,IA2,3000,3256.0,3000,100.0,ZNE,train,gold,MQ_IA2_GOLD_20140519_201833
"bucket3$603,:3,:6001",2014-05-19T20:18:04.810000,MQ,SAM,3000,3188.0,3000,100.0,ZNE,train,gold,MQ_SAM_GOLD_20140519_201834
"bucket3$604,:3,:6001",2014-05-19T22:15:54.069900,MQ,CPM,3000,,3000,100.0,ZNE,train,gold,MQ_CPM_GOLD_20140519_221624
"bucket3$605,:3,:6001",2014-05-19T22:15:54.519900,MQ,MLM,3000,,3000,100.0,ZNE,train,gold,MQ_MLM_GOLD_20140519_221624
"bucket3$606,:3,:6001",2014-05-19T22:15:53.210000,MQ,SAM,3000,3055.0,3000,100.0,ZNE,train,gold,MQ_SAM_GOLD_20140519_221623
"bucket3$607,:3,:6001",2014-05-19T23:35:09.459900,MQ,CPM,3000,,3000,100.0,ZNE,train,gold,MQ_CPM_GOLD_20140519_233539
"bucket3$608,:3,:6001",2014-05-19T23:35:07.450000,MQ,IA2,3000,3104.0,3000,100.0,ZNE,train,gold,MQ_IA2_GOLD_20140519_233537
"bucket3$609,:3,:6001",2014-05-19T23:48:05.279900,MQ,BAM,3000,,3000,100.0,ZNE,train,gold,MQ_BAM_GOLD_20140519_234835
"bucket3$610,:3,:6001",2014-05-19T23:48:03.979900,MQ,GBM,3000,,3000,100.0,ZNE,train,gold,MQ_GBM_GOLD_20140519_234833
"bucket3$611,:3,:6001",2014-05-19T23:48:04.570000,MQ,IA2,3000,3044.0,3000,100.0,ZNE,train,gold,MQ_IA2_GOLD_20140519_234834
"bucket3$612,:3,:6001",2014-05-19T23:48:03.340000,MQ,LAM,3000,3073.0,3000,100.0,ZNE,train,gold,MQ_LAM_GOLD_20140519_234833
"bucket3$613,:3,:6001",2014-05-19T23:52:37.119900,MQ,BAM,3000,,3000,100.0,ZNE,train,gold,MQ_BAM_GOLD_20140519_235307
"bucket3$614,:3,:6001",2014-05-19T23:52:38.559900,MQ,CPM,3000,,3000,100.0,ZNE,train,gold,MQ_CPM_GOLD_20140519_235308
"bucket3$615,:3,:6001",2014-05-19T23:52:36.539900,MQ,GBM,3000,,3000,100.0,ZNE,train,gold,MQ_GBM_GOLD_20140519_235306
"bucket3$616,:3,:6001",2014-05-19T23:52:37.660000,MQ,SAM,3000,3053.0,3000,100.0,ZNE,train,gold,MQ_SAM_GOLD_20140519_235307
"bucket3$617,:3,:6001",2014-05-19T23:54:59.399900,MQ,BAM,3000,,3000,100.0,ZNE,train,gold,MQ_BAM_GOLD_20140519_235529
"bucket3$618,:3,:6001",2014-05-19T23:54:58.379900,MQ,CPM,3000,,3000,100.0,ZNE,train,gold,MQ_CPM_GOLD_20140519_235528
"bucket3$619,:3,:6001",2014-05-19T23:54:59.199900,MQ,GBM,3000,,3000,100.0,ZNE,train,gold,MQ_GBM_GOLD_20140519_235529
"bucket3$620,:3,:6001",2014-05-19T23:54:58.560000,MQ,IA2,3000,3082.0,3000,100.0,ZNE,train,gold,MQ_IA2_GOLD_20140519_235528
"bucket3$621,:3,:6001",2014-05-20T00:27:20.350000,MQ,SAM,3000,3026.0,3000,100.0,ZNE,train,gold,MQ_SAM_GOLD_20140520_002750
"bucket2$313,:3,:6001",2014-05-20T01:58:08.139900,MQ,BAM,3000,,3000,100.0,ZNE,dev,gold,MQ_BAM_GOLD_20140520_015838
"bucket2$314,:3,:6001",2014-05-20T01:58:04.139900,MQ,GBM,3000,,3000,100.0,ZNE,dev,gold,MQ_GBM_GOLD_20140520_015834
"bucket3$622,:3,:6001",2014-05-20T01:58:07.480000,MQ,IA2,3000,2830.0,3000,100.0,ZNE,train,gold,MQ_IA2_GOLD_20140520_015837
"bucket3$623,:3,:6001",2014-05-20T01:58:06.290000,MQ,LAM,3000,3002.0,3000,100.0,ZNE,train,gold,MQ_LAM_GOLD_20140520_015836
"bucket3$624,:3,:6001",2014-05-20T02:15:39.109900,MQ,MLM,3000,,3000,100.0,ZNE,train,gold,MQ_MLM_GOLD_20140520_021609
"bucket3$625,:3,:6001",2014-05-20T02:15:38.090000,MQ,SAM,3000,3048.0,3000,100.0,ZNE,train,gold,MQ_SAM_GOLD_20140520_021608
"bucket3$626,:3,:6001",2014-05-20T02:38:08.469900,MQ,BAM,3000,,3000,100.0,ZNE,train,gold,MQ_BAM_GOLD_20140520_023838
"bucket3$627,:3,:6001",2014-05-20T02:38:07.809900,MQ,GBM,3000,,3000,100.0,ZNE,train,gold,MQ_GBM_GOLD_20140520_023837
"bucket3$628,:3,:6001",2014-05-20T02:38:12.890000,MQ,IA2,3000,,3000,100.0,ZNE,train,gold,MQ_IA2_GOLD_20140520_023842
"bucket3$629,:3,:6001",2014-05-20T02:38:13.270000,MQ,SAM,3000,3184.0,3000,100.0,ZNE,train,gold,MQ_SAM_GOLD_20140520_023843
"bucket3$630,:3,:6001",2014-05-20T03:15:57.090000,MQ,IA2,3000,3129.0,3000,100.0,ZNE,train,gold,MQ_IA2_GOLD_20140520_031627
"bucket3$631,:3,:6001",2014-05-20T03:55:41.079900,MQ,BAM,3000,,3000,100.0,ZNE,train,gold,MQ_BAM_GOLD_20140520_035611
"bucket3$632,:3,:6001",2014-05-20T03:55:41.789900,MQ,CPM,3000,,3000,100.0,ZNE,train,gold,MQ_CPM_GOLD_20140520_035611
"bucket3$633,:3,:6001",2014-05-20T03:55:40.109900,MQ,GBM,3000,,3000,100.0,ZNE,train,gold,MQ_GBM_GOLD_20140520_035610
"bucket3$634,:3,:6001",2014-05-20T03:55:40.830000,MQ,IA2,3000,3041.0,3000,100.0,ZNE,train,gold,MQ_IA2_GOLD_20140520_035610
"bucket4$351,:3,:6001",2014-05-20T06:44:36.509900,MQ,BAM,3000,,3000,100.0,ZNE,test,gold,MQ_BAM_GOLD_20140520_064506
"bucket3$635,:3,:6001",2014-05-20T06:44:37.099900,MQ,CPM,3000,,3000,100.0,ZNE,train,gold,MQ_CPM_GOLD_20140520_064507
"bucket3$636,:3,:6001",2014-05-20T06:44:36.309900,MQ,GBM,3000,,3000,100.0,ZNE,train,gold,MQ_GBM_GOLD_20140520_064506
"bucket3$637,:3,:6001",2014-05-20T06:44:36.250000,MQ,IA2,3000,3138.0,3000,100.0,ZNE,train,gold,MQ_IA2_GOLD_20140520_064506
"bucket3$638,:3,:6001",2014-05-20T06:44:37.429900,MQ,MLM,3000,,3000,100.0,ZNE,train,gold,MQ_MLM_GOLD_20140520_064507
"bucket3$639,:3,:6001",2014-05-20T06:44:31.670000,MQ,SAM,3000,3245.0,3000,100.0,ZNE,train,gold,MQ_SAM_GOLD_20140520_064501
"bucket3$640,:3,:6001",2014-05-20T07:11:21.839900,MQ,BAM,3000,,3000,100.0,ZNE,train,gold,MQ_BAM_GOLD_20140520_071151
"bucket3$641,:3,:6001",2014-05-20T07:11:22.649900,MQ,CPM,3000,,3000,100.0,ZNE,train,gold,MQ_CPM_GOLD_20140520_071152
"bucket2$315,:3,:6001",2014-05-20T07:11:21.449900,MQ,GBM,3000,,3000,100.0,ZNE,dev,gold,MQ_GBM_GOLD_20140520_071151
"bucket3$642,:3,:6001",2014-05-20T07:11:22,MQ,IA2,3000,3066.0,3000,100.0,ZNE,train,gold,MQ_IA2_GOLD_20140520_071152
"bucket3$643,:3,:6001",2014-05-20T14:09:22.039900,MQ,BAM,3000,,3000,100.0,ZNE,train,gold,MQ_BAM_GOLD_20140520_140952
"bucket3$644,:3,:6001",2014-05-20T14:09:18.119900,MQ,GBM,3000,,3000,100.0,ZNE,train,gold,MQ_GBM_GOLD_20140520_140948
"bucket3$645,:3,:6001",2014-05-20T14:09:22.999900,MQ,MLM,3000,,3000,100.0,ZNE,train,gold,MQ_MLM_GOLD_20140520_140952
"bucket3$646,:3,:6001",2014-05-20T14:09:24.660000,MQ,SAM,3000,3046.0,3000,100.0,ZNE,train,gold,MQ_SAM_GOLD_20140520_140954
"bucket4$352,:3,:6001",2014-05-20T19:31:31.299900,MQ,BAM,3000,,3000,100.0,ZNE,test,gold,MQ_BAM_GOLD_20140520_193201
"bucket4$353,:3,:6001",2014-05-20T19:31:30.659900,MQ,CPM,3000,,3000,100.0,ZNE,test,gold,MQ_CPM_GOLD_20140520_193200
"bucket3$647,:3,:6001",2014-05-20T19:31:33.079900,MQ,GBM,3000,,3000,100.0,ZNE,train,gold,MQ_GBM_GOLD_20140520_193203
"bucket3$648,:3,:6001",2014-05-20T19:31:30.680000,MQ,IA2,3000,3064.0,3000,100.0,ZNE,train,gold,MQ_IA2_GOLD_20140520_193200
"bucket3$649,:3,:6001",2014-05-20T19:31:30.450000,MQ,LAM,3000,3068.0,3000,100.0,ZNE,train,gold,MQ_LAM_GOLD_20140520_193200
"bucket3$650,:3,:6001",2014-05-21T03:39:32.189900,MQ,BAM,3000,,3000,100.0,ZNE,train,gold,MQ_BAM_GOLD_20140521_034002
"bucket3$651,:3,:6001",2014-05-21T03:39:33.179900,MQ,CPM,3000,,3000,100.0,ZNE,train,gold,MQ_CPM_GOLD_20140521_034003
"bucket2$316,:3,:6001",2014-05-21T03:39:32.589900,MQ,GBM,3000,,3000,100.0,ZNE,dev,gold,MQ_GBM_GOLD_20140521_034002
"bucket3$652,:3,:6001",2014-05-21T03:39:32.830000,MQ,IA2,3000,3023.0,3000,100.0,ZNE,train,gold,MQ_IA2_GOLD_20140521_034002
"bucket3$653,:3,:6001",2014-05-21T09:08:43.419900,MQ,BAM,3000,,3000,100.0,ZNE,train,gold,MQ_BAM_GOLD_20140521_090913
"bucket4$354,:3,:6001",2014-05-21T09:08:45.779900,MQ,CPM,3000,,3000,100.0,ZNE,test,gold,MQ_CPM_GOLD_20140521_090915
"bucket3$654,:3,:6001",2014-05-21T09:08:43.189900,MQ,GBM,3000,,3000,100.0,ZNE,train,gold,MQ_GBM_GOLD_20140521_090913
"bucket3$655,:3,:6001",2014-05-21T09:08:43.030000,MQ,IA2,3000,3290.0,3000,100.0,ZNE,train,gold,MQ_IA2_GOLD_20140521_090913
"bucket3$656,:3,:6001",2014-05-21T22:36:26.939900,MQ,BAM,3000,,3000,100.0,ZNE,train,gold,MQ_BAM_GOLD_20140521_223656
"bucket3$657,:3,:6001",2014-05-21T22:36:17.909900,MQ,CPM,3000,,3000,100.0,ZNE,train,gold,MQ_CPM_GOLD_20140521_223647
"bucket3$658,:3,:6001",2014-05-21T22:36:27.660000,MQ,LAM,3000,3061.0,3000,100.0,ZNE,train,gold,MQ_LAM_GOLD_20140521_223657
"bucket3$659,:3,:6001",2014-05-21T22:36:22.890000,MQ,SAM,3000,3012.0,3000,100.0,ZNE,train,gold,MQ_SAM_GOLD_20140521_223652
"bucket3$660,:3,:6001",2014-05-23T00:14:43.219900,MQ,CPM,3000,,3000,100.0,ZNE,train,gold,MQ_CPM_GOLD_20140523_001513
"bucket4$355,:3,:6001",2014-05-23T00:14:42.799900,MQ,GBM,3000,,3000,100.0,ZNE,test,gold,MQ_GBM_GOLD_20140523_001512
"bucket3$661,:3,:6001",2014-05-23T00:14:43,MQ,IA2,3000,3191.0,3000,100.0,ZNE,train,gold,MQ_IA2_GOLD_20140523_001513
"bucket3$662,:3,:6001",2014-05-23T00:14:42.759900,MQ,MLM,3000,,3000,100.0,ZNE,train,gold,MQ_MLM_GOLD_20140523_001512
"bucket3$663,:3,:6001",2014-05-23T04:11:52.589900,MQ,CPM,3000,,3000,100.0,ZNE,train,gold,MQ_CPM_GOLD_20140523_041222
"bucket3$664,:3,:6001",2014-05-23T08:14:58.949900,MQ,BAM,3000,,3000,100.0,ZNE,train,gold,MQ_BAM_GOLD_20140523_081528
"bucket4$356,:3,:6001",2014-05-23T08:14:58.249900,MQ,CPM,3000,,3000,100.0,ZNE,test,gold,MQ_CPM_GOLD_20140523_081528
"bucket2$317,:3,:6001",2014-05-23T08:14:57.560000,MQ,IA2,3000,3026.0,3000,100.0,ZNE,dev,gold,MQ_IA2_GOLD_20140523_081527
"bucket3$665,:3,:6001",2014-05-23T08:14:59.270000,MQ,LAM,3000,3005.0,3000,100.0,ZNE,train,gold,MQ_LAM_GOLD_20140523_081529
"bucket3$666,:3,:6001",2014-05-23T12:12:41.949900,MQ,BAM,3000,,3000,100.0,ZNE,train,gold,MQ_BAM_GOLD_20140523_121311
"bucket3$667,:3,:6001",2014-05-23T12:12:41.949900,MQ,CPM,3000,,3000,100.0,ZNE,train,gold,MQ_CPM_GOLD_20140523_121311
"bucket3$668,:3,:6001",2014-05-23T12:12:41.479900,MQ,GBM,3000,,3000,100.0,ZNE,train,gold,MQ_GBM_GOLD_20140523_121311
"bucket3$669,:3,:6001",2014-05-23T12:12:41.620000,MQ,IA2,3000,3079.0,3000,100.0,ZNE,train,gold,MQ_IA2_GOLD_20140523_121311
"bucket3$670,:3,:6001",2014-05-23T12:12:41.129900,MQ,MLM,3000,,3000,100.0,ZNE,train,gold,MQ_MLM_GOLD_20140523_121311
"bucket3$671,:3,:6001",2014-05-23T12:12:59.749900,MQ,BAM,3000,,3000,100.0,ZNE,train,gold,MQ_BAM_GOLD_20140523_121329
"bucket3$672,:3,:6001",2014-05-23T12:12:58.869900,MQ,CPM,3000,,3000,100.0,ZNE,train,gold,MQ_CPM_GOLD_20140523_121328
"bucket3$673,:3,:6001",2014-05-23T12:12:58.519900,MQ,GBM,3000,,3000,100.0,ZNE,train,gold,MQ_GBM_GOLD_20140523_121328
"bucket3$674,:3,:6001",2014-05-23T12:12:58.540000,MQ,IA2,3000,3073.0,3000,100.0,ZNE,train,gold,MQ_IA2_GOLD_20140523_121328
"bucket3$675,:3,:6001",2014-05-23T12:12:58.720000,MQ,LAM,3000,,3000,100.0,ZNE,train,gold,MQ_LAM_GOLD_20140523_121328
"bucket3$676,:3,:6001",2014-05-23T12:12:58.399900,MQ,MLM,3000,,3000,100.0,ZNE,train,gold,MQ_MLM_GOLD_20140523_121328
"bucket3$677,:3,:6001",2014-05-23T12:12:59.110000,MQ,SAM,3000,3174.0,3000,100.0,ZNE,train,gold,MQ_SAM_GOLD_20140523_121329
"bucket3$678,:3,:6001",2014-05-23T17:17:13.259900,MQ,BAM,3000,,3000,100.0,ZNE,train,gold,MQ_BAM_GOLD_20140523_171743
"bucket3$679,:3,:6001",2014-05-23T17:17:13.349900,MQ,CPM,3000,,3000,100.0,ZNE,train,gold,MQ_CPM_GOLD_20140523_171743
"bucket3$680,:3,:6001",2014-05-23T17:17:13.509900,MQ,GBM,3000,,3000,100.0,ZNE,train,gold,MQ_GBM_GOLD_20140523_171743
"bucket3$681,:3,:6001",2014-05-23T17:17:13.420000,MQ,IA2,3000,3037.0,3000,100.0,ZNE,train,gold,MQ_IA2_GOLD_20140523_171743
"bucket3$682,:3,:6001",2014-05-23T17:17:13.320000,MQ,LAM,3000,3029.0,3000,100.0,ZNE,train,gold,MQ_LAM_GOLD_20140523_171743
"bucket3$683,:3,:6001",2014-05-23T21:44:33.769900,MQ,BAM,3000,,3000,100.0,ZNE,train,gold,MQ_BAM_GOLD_20140523_214503
"bucket2$318,:3,:6001",2014-05-23T21:44:34.639900,MQ,CPM,3000,,3000,100.0,ZNE,dev,gold,MQ_CPM_GOLD_20140523_214504
"bucket3$684,:3,:6001",2014-05-23T21:44:35.359900,MQ,GBM,3000,,3000,100.0,ZNE,train,gold,MQ_GBM_GOLD_20140523_214505
"bucket3$685,:3,:6001",2014-05-23T21:44:34.950000,MQ,IA2,3000,3171.0,3000,100.0,ZNE,train,gold,MQ_IA2_GOLD_20140523_214504
"bucket3$686,:3,:6001",2014-05-24T06:26:52.619900,MQ,BAM,3000,,3000,100.0,ZNE,train,gold,MQ_BAM_GOLD_20140524_062722
"bucket3$687,:3,:6001",2014-05-24T06:26:51.059900,MQ,GBM,3000,,3000,100.0,ZNE,train,gold,MQ_GBM_GOLD_20140524_062721
"bucket3$688,:3,:6001",2014-05-24T06:26:47.920000,MQ,IA2,3000,3001.0,3000,100.0,ZNE,train,gold,MQ_IA2_GOLD_20140524_062717
"bucket4$357,:3,:6001",2014-05-24T06:26:47,MQ,SAM,3000,3053.0,3000,100.0,ZNE,test,gold,MQ_SAM_GOLD_20140524_062717
"bucket3$689,:3,:6001",2014-05-24T15:26:26.319900,MQ,BAM,3000,,3000,100.0,ZNE,train,gold,MQ_BAM_GOLD_20140524_152656
"bucket3$690,:3,:6001",2014-05-24T15:26:24.999900,MQ,GBM,3000,,3000,100.0,ZNE,train,gold,MQ_GBM_GOLD_20140524_152654
"bucket3$691,:3,:6001",2014-05-24T15:26:25.420000,MQ,IA2,3000,3052.0,3000,100.0,ZNE,train,gold,MQ_IA2_GOLD_20140524_152655
"bucket3$692,:3,:6001",2014-05-24T15:26:25.360000,MQ,LAM,3000,3046.0,3000,100.0,ZNE,train,gold,MQ_LAM_GOLD_20140524_152655
"bucket3$693,:3,:6001",2014-05-24T23:39:46.359900,MQ,CPM,3000,,3000,100.0,ZNE,train,gold,MQ_CPM_GOLD_20140524_234016
"bucket3$694,:3,:6001",2014-05-25T01:32:35.829900,MQ,CPM,3000,,3000,100.0,ZNE,train,gold,MQ_CPM_GOLD_20140525_013305
"bucket3$695,:3,:6001",2014-05-25T01:32:35.189900,MQ,GBM,3000,,3000,100.0,ZNE,train,gold,MQ_GBM_GOLD_20140525_013305
"bucket3$696,:3,:6001",2014-05-25T01:32:35.510000,MQ,IA2,3000,3231.0,3000,100.0,ZNE,train,gold,MQ_IA2_GOLD_20140525_013305
"bucket3$697,:3,:6001",2014-05-25T01:32:35.810000,MQ,LAM,3000,3020.0,3000,100.0,ZNE,train,gold,MQ_LAM_GOLD_20140525_013305
"bucket3$698,:3,:6001",2014-05-25T01:32:36.039900,MQ,MLM,3000,,3000,100.0,ZNE,train,gold,MQ_MLM_GOLD_20140525_013306
"bucket3$699,:3,:6001",2014-05-25T01:32:35.830000,MQ,SAM,3000,3141.0,3000,100.0,ZNE,train,gold,MQ_SAM_GOLD_20140525_013305
"bucket3$700,:3,:6001",2014-05-25T01:58:16.159900,MQ,CPM,3000,,3000,100.0,ZNE,train,gold,MQ_CPM_GOLD_20140525_015846
"bucket3$701,:3,:6001",2014-05-25T01:58:14.949900,MQ,GBM,3000,,3000,100.0,ZNE,train,gold,MQ_GBM_GOLD_20140525_015844
"bucket4$358,:3,:6001",2014-05-25T01:58:15.690000,MQ,IA2,3000,3239.0,3000,100.0,ZNE,test,gold,MQ_IA2_GOLD_20140525_015845
"bucket3$702,:3,:6001",2014-05-25T01:58:15.790000,MQ,SAM,3000,3171.0,3000,100.0,ZNE,train,gold,MQ_SAM_GOLD_20140525_015845
"bucket3$703,:3,:6001",2014-05-25T10:46:28.339900,MQ,CPM,3000,,3000,100.0,ZNE,train,gold,MQ_CPM_GOLD_20140525_104658
"bucket3$704,:3,:6001",2014-05-25T10:46:18.779900,MQ,MLM,3000,,3000,100.0,ZNE,train,gold,MQ_MLM_GOLD_20140525_104648
"bucket3$705,:3,:6001",2014-05-25T10:46:20.830000,MQ,SAM,3000,3022.0,3000,100.0,ZNE,train,gold,MQ_SAM_GOLD_20140525_104650
"bucket3$706,:3,:6001",2014-05-25T10:47:27.739900,MQ,CPM,3000,,3000,100.0,ZNE,train,gold,MQ_CPM_GOLD_20140525_104757
"bucket4$359,:3,:6001",2014-05-25T10:47:29.849900,MQ,MLM,3000,,3000,100.0,ZNE,test,gold,MQ_MLM_GOLD_20140525_104759
"bucket3$707,:3,:6001",2014-05-25T10:47:27,MQ,SAM,3000,3041.0,3000,100.0,ZNE,train,gold,MQ_SAM_GOLD_20140525_104757
"bucket3$708,:3,:6001",2014-05-25T10:50:14.709900,MQ,GBM,3000,,3000,100.0,ZNE,train,gold,MQ_GBM_GOLD_20140525_105044
"bucket3$709,:3,:6001",2014-05-25T10:50:14.889900,MQ,MLM,3000,,3000,100.0,ZNE,train,gold,MQ_MLM_GOLD_20140525_105044
"bucket3$710,:3,:6001",2014-05-25T10:50:13.010000,MQ,SAM,3000,3030.0,3000,100.0,ZNE,train,gold,MQ_SAM_GOLD_20140525_105043
"bucket3$711,:3,:6001",2014-05-25T20:33:47.159900,MQ,BAM,3000,,3000,100.0,ZNE,train,gold,MQ_BAM_GOLD_20140525_203417
"bucket2$319,:3,:6001",2014-05-25T20:33:47.639900,MQ,CPM,3000,,3000,100.0,ZNE,dev,gold,MQ_CPM_GOLD_20140525_203417
"bucket3$712,:3,:6001",2014-05-25T20:33:47.319900,MQ,GBM,3000,,3000,100.0,ZNE,train,gold,MQ_GBM_GOLD_20140525_203417
"bucket3$713,:3,:6001",2014-05-25T20:33:47.300000,MQ,LAM,3000,3004.0,3000,100.0,ZNE,train,gold,MQ_LAM_GOLD_20140525_203417
"bucket2$320,:3,:6001",2014-05-25T20:33:46.649900,MQ,MLM,3000,,3000,100.0,ZNE,dev,gold,MQ_MLM_GOLD_20140525_203416
"bucket4$360,:3,:6001",2014-05-25T20:33:48.080000,MQ,SAM,3000,,3000,100.0,ZNE,test,gold,MQ_SAM_GOLD_20140525_203418
"bucket3$714,:3,:6001",2014-05-25T20:34:03.969900,MQ,BAM,3000,,3000,100.0,ZNE,train,gold,MQ_BAM_GOLD_20140525_203433
"bucket3$715,:3,:6001",2014-05-25T20:34:04.339900,MQ,CPM,3000,,3000,100.0,ZNE,train,gold,MQ_CPM_GOLD_20140525_203434
"bucket3$716,:3,:6001",2014-05-25T20:34:03.269900,MQ,GBM,3000,,3000,100.0,ZNE,train,gold,MQ_GBM_GOLD_20140525_203433
"bucket3$717,:3,:6001",2014-05-25T20:34:03.590000,MQ,LAM,3000,3075.0,3000,100.0,ZNE,train,gold,MQ_LAM_GOLD_20140525_203433
"bucket3$718,:3,:6001",2014-05-25T20:34:03.639900,MQ,MLM,3000,,3000,100.0,ZNE,train,gold,MQ_MLM_GOLD_20140525_203433
"bucket3$719,:3,:6001",2014-05-25T20:34:03.750000,MQ,SAM,3000,,3000,100.0,ZNE,train,gold,MQ_SAM_GOLD_20140525_203433
"bucket2$321,:3,:6001",2014-05-27T04:50:59.289900,MQ,BAM,3000,,3000,100.0,ZNE,dev,gold,MQ_BAM_GOLD_20140527_045129
"bucket3$720,:3,:6001",2014-05-27T04:51:00.359900,MQ,CPM,3000,,3000,100.0,ZNE,train,gold,MQ_CPM_GOLD_20140527_045130
"bucket3$721,:3,:6001",2014-05-27T04:50:59.049900,MQ,GBM,3000,,3000,100.0,ZNE,train,gold,MQ_GBM_GOLD_20140527_045129
"bucket3$722,:3,:6001",2014-05-27T04:50:59.720000,MQ,LAM,3000,3132.0,3000,100.0,ZNE,train,gold,MQ_LAM_GOLD_20140527_045129
"bucket3$723,:3,:6001",2014-05-27T04:50:59.969900,MQ,MLM,3000,,3000,100.0,ZNE,train,gold,MQ_MLM_GOLD_20140527_045129
"bucket2$322,:3,:6001",2014-05-27T04:50:59.680000,MQ,SAM,3000,3137.0,3000,100.0,ZNE,dev,gold,MQ_SAM_GOLD_20140527_045129
"bucket4$361,:3,:6001",2014-05-27T19:41:46.799900,MQ,BAM,3000,,3000,100.0,ZNE,test,gold,MQ_BAM_GOLD_20140527_194216
"bucket3$724,:3,:6001",2014-05-27T19:41:46.009900,MQ,GBM,3000,,3000,100.0,ZNE,train,gold,MQ_GBM_GOLD_20140527_194216
"bucket3$725,:3,:6001",2014-05-27T19:41:45.490000,MQ,LAM,3000,3091.0,3000,100.0,ZNE,train,gold,MQ_LAM_GOLD_20140527_194215
"bucket3$726,:3,:6001",2014-05-27T19:41:48.999900,MQ,MLM,3000,,3000,100.0,ZNE,train,gold,MQ_MLM_GOLD_20140527_194218
"bucket3$727,:3,:6001",2014-05-28T03:07:08.569900,MQ,BAM,3000,,3000,100.0,ZNE,train,gold,MQ_BAM_GOLD_20140528_030738
"bucket4$362,:3,:6001",2014-05-28T03:07:10.139900,MQ,CPM,3000,,3000,100.0,ZNE,test,gold,MQ_CPM_GOLD_20140528_030740
"bucket3$728,:3,:6001",2014-05-28T03:07:09.599900,MQ,GBM,3000,,3000,100.0,ZNE,train,gold,MQ_GBM_GOLD_20140528_030739
"bucket3$729,:3,:6001",2014-05-28T03:07:09.210000,MQ,LAM,3000,3052.0,3000,100.0,ZNE,train,gold,MQ_LAM_GOLD_20140528_030739
"bucket3$730,:3,:6001",2014-05-28T03:07:11.179900,MQ,MLM,3000,,3000,100.0,ZNE,train,gold,MQ_MLM_GOLD_20140528_030741
"bucket3$731,:3,:6001",2014-05-28T04:06:33.940000,MQ,SAM,3000,3046.0,3000,100.0,ZNE,train,gold,MQ_SAM_GOLD_20140528_040703
"bucket3$732,:3,:6001",2014-05-28T05:58:10.109900,MQ,BAM,3000,,3000,100.0,ZNE,train,gold,MQ_BAM_GOLD_20140528_055840
"bucket3$733,:3,:6001",2014-05-28T05:58:10.379900,MQ,CPM,3000,,3000,100.0,ZNE,train,gold,MQ_CPM_GOLD_20140528_055840
"bucket3$734,:3,:6001",2014-05-28T05:58:09.529900,MQ,MLM,3000,,3000,100.0,ZNE,train,gold,MQ_MLM_GOLD_20140528_055839
"bucket2$323,:3,:6001",2014-05-28T05:58:10.930000,MQ,SAM,3000,3058.0,3000,100.0,ZNE,dev,gold,MQ_SAM_GOLD_20140528_055840
"bucket3$735,:3,:6001",2014-05-28T08:10:25.089900,MQ,BAM,3000,,3000,100.0,ZNE,train,gold,MQ_BAM_GOLD_20140528_081055
"bucket3$736,:3,:6001",2014-05-28T08:10:23.279900,MQ,CPM,3000,,3000,100.0,ZNE,train,gold,MQ_CPM_GOLD_20140528_081053
"bucket3$737,:3,:6001",2014-05-28T08:10:21.249900,MQ,GBM,3000,,3000,100.0,ZNE,train,gold,MQ_GBM_GOLD_20140528_081051
"bucket3$738,:3,:6001",2014-05-28T08:10:16.780000,MQ,SAM,3000,3021.0,3000,100.0,ZNE,train,gold,MQ_SAM_GOLD_20140528_081046
"bucket3$739,:3,:6001",2014-05-28T08:26:04.799900,MQ,BAM,3000,,3000,100.0,ZNE,train,gold,MQ_BAM_GOLD_20140528_082634
"bucket3$740,:3,:6001",2014-05-28T08:26:06.289900,MQ,CPM,3000,,3000,100.0,ZNE,train,gold,MQ_CPM_GOLD_20140528_082636
"bucket4$363,:3,:6001",2014-05-28T08:26:07.179900,MQ,GBM,3000,,3000,100.0,ZNE,test,gold,MQ_GBM_GOLD_20140528_082637
"bucket4$364,:3,:6001",2014-05-28T08:26:10.239900,MQ,MLM,3000,,3000,100.0,ZNE,test,gold,MQ_MLM_GOLD_20140528_082640
"bucket4$365,:3,:6001",2014-05-28T19:55:23.020000,MQ,SAM,3000,3019.0,3000,100.0,ZNE,test,gold,MQ_SAM_GOLD_20140528_195553
"bucket3$741,:3,:6001",2014-05-28T19:59:37.080000,MQ,BAM,2999,,2999,100.0,ZNE,train,gold,MQ_BAM_GOLD_20140528_200007
"bucket4$366,:3,:6001",2014-05-28T19:59:37.800000,MQ,CPM,2999,,2999,100.0,ZNE,test,gold,MQ_CPM_GOLD_20140528_200007
"bucket3$742,:3,:6001",2014-05-28T19:59:37.320000,MQ,GBM,2999,,2999,100.0,ZNE,train,gold,MQ_GBM_GOLD_20140528_200007
"bucket3$743,:3,:6001",2014-05-28T19:59:37.290000,MQ,LAM,3000,3045.0,3000,100.0,ZNE,train,gold,MQ_LAM_GOLD_20140528_200007
"bucket2$324,:3,:6001",2014-05-28T21:16:26.160000,MQ,BAM,2999,,2999,100.0,ZNE,dev,gold,MQ_BAM_GOLD_20140528_211656
"bucket3$744,:3,:6001",2014-05-28T21:16:26.190000,MQ,CPM,2999,,2999,100.0,ZNE,train,gold,MQ_CPM_GOLD_20140528_211656
"bucket3$745,:3,:6001",2014-05-28T21:16:26.350000,MQ,GBM,2999,,2999,100.0,ZNE,train,gold,MQ_GBM_GOLD_20140528_211656
"bucket3$746,:3,:6001",2014-05-28T21:16:26.970000,MQ,LAM,3000,2978.0,3000,100.0,ZNE,train,gold,MQ_LAM_GOLD_20140528_211656
"bucket3$747,:3,:6001",2014-05-28T21:16:25.680000,MQ,MLM,2999,,2999,100.0,ZNE,train,gold,MQ_MLM_GOLD_20140528_211655
"bucket3$748,:3,:6001",2014-05-28T21:16:26.710000,MQ,SAM,3000,3081.0,3000,100.0,ZNE,train,gold,MQ_SAM_GOLD_20140528_211656
"bucket3$749,:3,:6001",2014-05-28T21:17:48.490000,MQ,BAM,2999,,2999,100.0,ZNE,train,gold,MQ_BAM_GOLD_20140528_211818
"bucket3$750,:3,:6001",2014-05-28T21:17:49.080000,MQ,GBM,2999,,2999,100.0,ZNE,train,gold,MQ_GBM_GOLD_20140528_211819
"bucket3$751,:3,:6001",2014-05-28T21:17:49.930000,MQ,LAM,3000,3061.0,3000,100.0,ZNE,train,gold,MQ_LAM_GOLD_20140528_211819
"bucket3$752,:3,:6001",2014-05-28T21:17:49.400000,MQ,SAM,3000,3083.0,3000,100.0,ZNE,train,gold,MQ_SAM_GOLD_20140528_211819
"bucket3$753,:3,:6001",2014-05-30T05:32:39.490000,MQ,BAM,3000,,3000,100.0,ZNE,train,gold,MQ_BAM_GOLD_20140530_053309
"bucket3$754,:3,:6001",2014-05-30T05:32:39.980000,MQ,CPM,3000,,3000,100.0,ZNE,train,gold,MQ_CPM_GOLD_20140530_053309
"bucket3$755,:3,:6001",2014-05-30T05:32:40.340000,MQ,GBM,3000,,3000,100.0,ZNE,train,gold,MQ_GBM_GOLD_20140530_053310
"bucket3$756,:3,:6001",2014-05-30T05:32:40,MQ,LAM,3000,3063.0,3000,100.0,ZNE,train,gold,MQ_LAM_GOLD_20140530_053310
"bucket2$325,:3,:6001",2014-05-30T05:32:39.270000,MQ,SAM,3000,3008.0,3000,100.0,ZNE,dev,gold,MQ_SAM_GOLD_20140530_053309
"bucket3$757,:3,:6001",2014-05-30T07:56:07.900000,MQ,SAM,3000,2990.0,3000,100.0,ZNE,train,gold,MQ_SAM_GOLD_20140530_075637
"bucket3$758,:3,:6001",2014-05-30T09:51:26.620000,MQ,BAM,3000,,3000,100.0,ZNE,train,gold,MQ_BAM_GOLD_20140530_095156
"bucket3$759,:3,:6001",2014-05-30T09:51:27.950000,MQ,CPM,3000,,3000,100.0,ZNE,train,gold,MQ_CPM_GOLD_20140530_095157
"bucket3$760,:3,:6001",2014-05-30T09:51:26.890000,MQ,GBM,3000,,3000,100.0,ZNE,train,gold,MQ_GBM_GOLD_20140530_095156
"bucket3$761,:3,:6001",2014-05-30T09:51:29.820000,MQ,SAM,3000,3041.0,3000,100.0,ZNE,train,gold,MQ_SAM_GOLD_20140530_095159
"bucket3$762,:3,:6001",2014-05-30T18:01:39.210000,MQ,SAM,3000,3010.0,3000,100.0,ZNE,train,gold,MQ_SAM_GOLD_20140530_180209
"bucket3$763,:3,:6001",2014-05-31T08:25:02.650000,MQ,BAM,3000,,3000,100.0,ZNE,train,gold,MQ_BAM_GOLD_20140531_082532
"bucket3$764,:3,:6001",2014-05-31T08:25:03.480000,MQ,CPM,3000,,3000,100.0,ZNE,train,gold,MQ_CPM_GOLD_20140531_082533
"bucket3$765,:3,:6001",2014-05-31T08:25:03.190000,MQ,GBM,3000,,3000,100.0,ZNE,train,gold,MQ_GBM_GOLD_20140531_082533
"bucket4$367,:3,:6001",2014-05-31T08:25:02.870000,MQ,LAM,3000,3055.0,3000,100.0,ZNE,test,gold,MQ_LAM_GOLD_20140531_082532
"bucket3$766,:3,:6001",2014-05-31T08:25:03.670000,MQ,MLM,3000,,3000,100.0,ZNE,train,gold,MQ_MLM_GOLD_20140531_082533
"bucket2$326,:3,:6001",2014-05-31T08:25:14.570000,MQ,BAM,3000,,3000,100.0,ZNE,dev,gold,MQ_BAM_GOLD_20140531_082544
"bucket3$767,:3,:6001",2014-05-31T08:25:15.480000,MQ,CPM,3000,,3000,100.0,ZNE,train,gold,MQ_CPM_GOLD_20140531_082545
"bucket3$768,:3,:6001",2014-05-31T08:25:15.480000,MQ,GBM,3000,,3000,100.0,ZNE,train,gold,MQ_GBM_GOLD_20140531_082545
"bucket4$368,:3,:6001",2014-05-31T08:25:15.190000,MQ,LAM,3000,3058.0,3000,100.0,ZNE,test,gold,MQ_LAM_GOLD_20140531_082545
"bucket3$769,:3,:6001",2014-05-31T08:25:15.800000,MQ,MLM,3000,,3000,100.0,ZNE,train,gold,MQ_MLM_GOLD_20140531_082545
