trace_name,trace_start_time,station_network_code,station_code,station_latitude_deg,station_longitude_deg,station_elevation_m,trace_p_arrival_sample,trace_s_arrival_sample,center_sample,trace_sampling_rate_hz,trace_component_order,split,name,trace_name_original
"bucket0$0,:3,:6001",2014-03-03T08:29:10.170000,MQ,IA2,14.80307,-61.20515,289.0,625.0,717.0,625,100.0,ZNE,train,manuel,MQ_IA2_20140303_082916
"bucket0$1,:3,:6001",2014-03-03T08:28:37.639900,MQ,GBM,14.799451,-61.159276,800.0,3901.0,,3901,100.0,ZNE,train,manuel,MQ_GBM_20140303_082916
"bucket0$2,:3,:6001",2014-03-03T08:28:57.460000,MQ,LAM,14.81292,-61.16314,1240.0,1922.0,1958.0,1922,100.0,ZNE,train,manuel,MQ_LAM_20140303_082916
"bucket1$0,:3,:6001",2014-03-03T08:28:55.329900,MQ,BAM,14.8171,-61.1445,670.0,2173.0,,2173,100.0,ZNE,test,manuel,MQ_BAM_20140303_082917
"bucket1$1,:3,:6001",2014-03-03T08:28:36.999900,MQ,MLM,14.7846,-61.1786,370.0,4010.0,,4010,100.0,ZNE,test,manuel,MQ_MLM_20140303_082917
"bucket0$3,:3,:6001",2014-03-04T02:19:31.340000,MQ,LAM,14.81292,-61.16314,1240.0,3290.0,3333.0,3290,100.0,ZNE,train,manuel,MQ_LAM_20140304_022004
"bucket0$4,:3,:6001",2014-03-04T02:19:55.319900,MQ,BAM,14.8171,-61.1445,670.0,924.0,,924,100.0,ZNE,train,manuel,MQ_BAM_20140304_022004
"bucket0$5,:3,:6001",2014-03-04T02:19:58.949900,MQ,GBM,14.799451,-61.159276,800.0,567.0,,567,100.0,ZNE,train,manuel,MQ_GBM_20140304_022004
"bucket0$6,:3,:6001",2014-03-04T03:21:24.799900,MQ,GBM,14.799451,-61.159276,800.0,5187.0,,5187,100.0,ZNE,train,manuel,MQ_GBM_20140304_032216
"bucket0$7,:3,:6001",2014-03-04T03:22:04.820000,MQ,LAM,14.81292,-61.16314,1240.0,1189.0,1209.0,1189,100.0,ZNE,train,manuel,MQ_LAM_20140304_032216
"bucket0$8,:3,:6001",2014-03-04T03:21:35.720000,MQ,IA2,14.80307,-61.20515,289.0,4125.0,4155.0,4125,100.0,ZNE,train,manuel,MQ_IA2_20140304_032216
"bucket0$9,:3,:6001",2014-03-04T03:21:56.429900,MQ,BAM,14.8171,-61.1445,670.0,2065.0,,2065,100.0,ZNE,train,manuel,MQ_BAM_20140304_032217
"bucket0$10,:3,:6001",2014-03-04T04:11:27.540000,MQ,LAM,14.81292,-61.16314,1240.0,4166.0,4217.0,4166,100.0,ZNE,train,manuel,MQ_LAM_20140304_041209
"bucket0$11,:3,:6001",2014-03-04T04:11:30.439900,MQ,GBM,14.799451,-61.159276,800.0,3881.0,3978.0,3881,100.0,ZNE,train,manuel,MQ_GBM_20140304_041209
"bucket0$12,:3,:6001",2014-03-04T04:11:45.219900,MQ,BAM,14.8171,-61.1445,670.0,2429.0,2521.0,2429,100.0,ZNE,train,manuel,MQ_BAM_20140304_041209
"bucket0$13,:3,:6001",2014-03-04T04:20:27.139900,MQ,GBM,14.799451,-61.159276,800.0,2527.0,,2527,100.0,ZNE,train,manuel,MQ_GBM_20140304_042052
"bucket0$14,:3,:6001",2014-03-04T04:20:16.580000,MQ,LAM,14.81292,-61.16314,1240.0,3586.0,3640.0,3586,100.0,ZNE,train,manuel,MQ_LAM_20140304_042052
"bucket1$2,:3,:6001",2014-03-04T04:20:30.639900,MQ,BAM,14.8171,-61.1445,670.0,2243.0,,2243,100.0,ZNE,test,manuel,MQ_BAM_20140304_042053
"bucket0$15,:3,:6001",2014-03-04T04:24:26.649900,MQ,BAM,14.8171,-61.1445,670.0,938.0,,938,100.0,ZNE,train,manuel,MQ_BAM_20140304_042436
"bucket1$3,:3,:6001",2014-03-04T04:24:10.599900,MQ,GBM,14.799451,-61.159276,800.0,2556.0,,2556,100.0,ZNE,test,manuel,MQ_GBM_20140304_042436
"bucket0$16,:3,:6001",2014-03-04T04:24:14.290000,MQ,LAM,14.81292,-61.16314,1240.0,2190.0,2226.0,2190,100.0,ZNE,train,manuel,MQ_LAM_20140304_042436
"bucket2$0,:3,:6001",2014-03-04T04:24:13.620000,MQ,IA2,14.80307,-61.20515,289.0,2292.0,2417.0,2292,100.0,ZNE,dev,manuel,MQ_IA2_20140304_042436
"bucket0$17,:3,:6001",2014-03-04T06:22:47.610000,MQ,LAM,14.81292,-61.16314,1240.0,2487.0,2553.0,2487,100.0,ZNE,train,manuel,MQ_LAM_20140304_062312
"bucket2$1,:3,:6001",2014-03-04T06:22:41.539900,MQ,GBM,14.799451,-61.159276,800.0,3100.0,,3100,100.0,ZNE,dev,manuel,MQ_GBM_20140304_062312
"bucket0$18,:3,:6001",2014-03-04T06:23:03.340000,MQ,IA2,14.80307,-61.20515,289.0,975.0,1059.0,975,100.0,ZNE,train,manuel,MQ_IA2_20140304_062313
"bucket0$19,:3,:6001",2014-03-04T07:16:46.060000,MQ,LAM,14.81292,-61.16314,1240.0,505.0,536.0,505,100.0,ZNE,train,manuel,MQ_LAM_20140304_071651
"bucket0$20,:3,:6001",2014-03-04T07:16:08.699900,MQ,GBM,14.799451,-61.159276,800.0,4246.0,,4246,100.0,ZNE,train,manuel,MQ_GBM_20140304_071651
"bucket0$21,:3,:6001",2014-03-04T07:16:14.019900,MQ,BAM,14.8171,-61.1445,670.0,3739.0,,3739,100.0,ZNE,train,manuel,MQ_BAM_20140304_071651
"bucket2$2,:3,:6001",2014-03-04T07:16:12.980000,MQ,IA2,14.80307,-61.20515,289.0,3872.0,,3872,100.0,ZNE,dev,manuel,MQ_IA2_20140304_071651
"bucket0$22,:3,:6001",2014-03-04T08:16:32.159900,MQ,GBM,14.799451,-61.159276,800.0,4887.0,,4887,100.0,ZNE,train,manuel,MQ_GBM_20140304_081721
"bucket0$23,:3,:6001",2014-03-04T08:16:29.520000,MQ,LAM,14.81292,-61.16314,1240.0,5154.0,5187.0,5154,100.0,ZNE,train,manuel,MQ_LAM_20140304_081721
"bucket2$3,:3,:6001",2014-03-04T08:16:50.929900,MQ,BAM,14.8171,-61.1445,670.0,3042.0,,3042,100.0,ZNE,dev,manuel,MQ_BAM_20140304_081721
"bucket0$24,:3,:6001",2014-03-04T08:17:14.540000,MQ,IA2,14.80307,-61.20515,289.0,713.0,813.0,713,100.0,ZNE,train,manuel,MQ_IA2_20140304_081721
"bucket0$25,:3,:6001",2014-03-04T22:25:18.609900,MQ,GBM,14.799451,-61.159276,800.0,2094.0,,2094,100.0,ZNE,train,manuel,MQ_GBM_20140304_222539
"bucket0$26,:3,:6001",2014-03-04T22:24:55.980000,MQ,LAM,14.81292,-61.16314,1240.0,4362.0,,4362,100.0,ZNE,train,manuel,MQ_LAM_20140304_222539
"bucket2$4,:3,:6001",2014-03-04T22:25:27.919900,MQ,BAM,14.8171,-61.1445,670.0,,1208.0,1208,100.0,ZNE,dev,manuel,MQ_BAM_20140304_222540
"bucket0$27,:3,:6001",2014-03-04T23:28:49.069900,MQ,GBM,14.799451,-61.159276,800.0,4237.0,,4237,100.0,ZNE,train,manuel,MQ_GBM_20140304_232931
"bucket0$28,:3,:6001",2014-03-04T23:29:21.860000,MQ,LAM,14.81292,-61.16314,1240.0,961.0,1010.0,961,100.0,ZNE,train,manuel,MQ_LAM_20140304_232931
"bucket2$5,:3,:6001",2014-03-04T23:29:19.739900,MQ,BAM,14.8171,-61.1445,670.0,1207.0,,1207,100.0,ZNE,dev,manuel,MQ_BAM_20140304_232931
"bucket0$29,:3,:6001",2014-03-04T23:29:05.960000,MQ,IA2,14.80307,-61.20515,289.0,2627.0,2745.0,2627,100.0,ZNE,train,manuel,MQ_IA2_20140304_232932
"bucket0$30,:3,:6001",2014-03-05T00:34:18.929900,MQ,GBM,14.799451,-61.159276,800.0,748.0,1177.0,748,100.0,ZNE,train,manuel,MQ_GBM_20140305_003426
"bucket2$6,:3,:6001",2014-03-05T00:33:45.980000,MQ,IA2,14.80307,-61.20515,289.0,4125.0,4470.0,4125,100.0,ZNE,dev,manuel,MQ_IA2_20140305_003427
"bucket0$31,:3,:6001",2014-03-05T00:33:57.809900,MQ,BAM,14.8171,-61.1445,670.0,3041.0,3367.0,3041,100.0,ZNE,train,manuel,MQ_BAM_20140305_003428
"bucket0$32,:3,:6001",2014-03-05T00:33:46.080000,MQ,LAM,14.81292,-61.16314,1240.0,4247.0,4442.0,4247,100.0,ZNE,train,manuel,MQ_LAM_20140305_003428
"bucket0$33,:3,:6001",2014-03-05T03:55:48.249900,MQ,GBM,14.799451,-61.159276,800.0,4910.0,,4910,100.0,ZNE,train,manuel,MQ_GBM_20140305_035637
"bucket0$34,:3,:6001",2014-03-05T03:56:22.100000,MQ,IA2,14.80307,-61.20515,289.0,1525.0,1679.0,1525,100.0,ZNE,train,manuel,MQ_IA2_20140305_035637
"bucket0$35,:3,:6001",2014-03-05T03:56:06.100000,MQ,LAM,14.81292,-61.16314,1240.0,3129.0,3245.0,3129,100.0,ZNE,train,manuel,MQ_LAM_20140305_035637
"bucket0$36,:3,:6001",2014-03-05T03:56:30.209900,MQ,BAM,14.8171,-61.1445,670.0,757.0,,757,100.0,ZNE,train,manuel,MQ_BAM_20140305_035637
"bucket0$37,:3,:6001",2014-03-05T04:31:30.339900,MQ,GBM,14.799451,-61.159276,800.0,5162.0,,5162,100.0,ZNE,train,manuel,MQ_GBM_20140305_043221
"bucket2$7,:3,:6001",2014-03-05T04:32:01.560000,MQ,LAM,14.81292,-61.16314,1240.0,2054.0,,2054,100.0,ZNE,dev,manuel,MQ_LAM_20140305_043222
"bucket0$38,:3,:6001",2014-03-05T04:31:39.489900,MQ,BAM,14.8171,-61.1445,670.0,4275.0,,4275,100.0,ZNE,train,manuel,MQ_BAM_20140305_043222
"bucket0$39,:3,:6001",2014-03-05T04:31:57.630000,MQ,IA2,14.80307,-61.20515,289.0,2476.0,2648.0,2476,100.0,ZNE,train,manuel,MQ_IA2_20140305_043222
"bucket0$40,:3,:6001",2014-03-05T04:40:09.339900,MQ,GBM,14.799451,-61.159276,800.0,3284.0,,3284,100.0,ZNE,train,manuel,MQ_GBM_20140305_044042
"bucket1$4,:3,:6001",2014-03-05T04:40:15.470000,MQ,LAM,14.81292,-61.16314,1240.0,2673.0,,2673,100.0,ZNE,test,manuel,MQ_LAM_20140305_044042
"bucket1$5,:3,:6001",2014-03-05T04:39:51.379900,MQ,BAM,14.8171,-61.1445,670.0,5124.0,,5124,100.0,ZNE,test,manuel,MQ_BAM_20140305_044042
"bucket0$41,:3,:6001",2014-03-05T04:40:00.830000,MQ,IA2,14.80307,-61.20515,289.0,4285.0,,4285,100.0,ZNE,train,manuel,MQ_IA2_20140305_044043
"bucket0$42,:3,:6001",2014-03-05T05:12:11.050000,MQ,LAM,14.81292,-61.16314,1240.0,1344.0,1406.0,1344,100.0,ZNE,train,manuel,MQ_LAM_20140305_051224
"bucket0$43,:3,:6001",2014-03-05T05:12:06.389900,MQ,GBM,14.799451,-61.159276,800.0,1832.0,,1832,100.0,ZNE,train,manuel,MQ_GBM_20140305_051224
"bucket0$44,:3,:6001",2014-03-11T19:52:24.910000,MQ,LAM,14.81292,-61.16314,1240.0,2470.0,2513.0,2470,100.0,ZNE,train,manuel,MQ_LAM_20140311_195249
"bucket0$45,:3,:6001",2014-03-11T19:51:59.059900,MQ,GBM,14.799451,-61.159276,800.0,5056.0,,5056,100.0,ZNE,train,manuel,MQ_GBM_20140311_195249
"bucket0$46,:3,:6001",2014-03-11T19:52:09.059900,MQ,BAM,14.8171,-61.1445,670.0,4091.0,,4091,100.0,ZNE,train,manuel,MQ_BAM_20140311_195249
"bucket0$47,:3,:6001",2014-03-11T19:52:01.669900,MQ,MLM,14.7846,-61.1786,370.0,4842.0,,4842,100.0,ZNE,train,manuel,MQ_MLM_20140311_195250
"bucket0$48,:3,:6001",2014-03-11T19:52:02.920000,WI,SAM,14.84108,-61.1638,485.0,4726.0,,4726,100.0,ZNE,train,manuel,WI_SAM_20140311_195250
"bucket2$8,:3,:6001",2014-03-11T19:52:08.370000,MQ,IA2,14.80307,-61.20515,289.0,4182.0,,4182,100.0,ZNE,dev,manuel,MQ_IA2_20140311_195250
"bucket0$49,:3,:6001",2014-03-11T19:52:35.209900,MQ,CPM,14.8168,-61.2074,242.0,1508.0,,1508,100.0,ZNE,train,manuel,MQ_CPM_20140311_195250
"bucket0$50,:3,:6001",2014-03-13T13:43:55.119900,MQ,GBM,14.799451,-61.159276,800.0,2899.0,,2899,100.0,ZNE,train,manuel,MQ_GBM_20140313_134424
"bucket0$51,:3,:6001",2014-03-13T13:43:34.530000,MQ,LAM,14.81292,-61.16314,1240.0,4966.0,5030.0,4966,100.0,ZNE,train,manuel,MQ_LAM_20140313_134424
"bucket0$52,:3,:6001",2014-03-13T13:43:56.069900,MQ,BAM,14.8171,-61.1445,670.0,2843.0,,2843,100.0,ZNE,train,manuel,MQ_BAM_20140313_134424
"bucket0$53,:3,:6001",2014-03-13T13:43:40.970000,MQ,IA2,14.80307,-61.20515,289.0,4379.0,,4379,100.0,ZNE,train,manuel,MQ_IA2_20140313_134424
"bucket2$9,:3,:6001",2014-03-13T13:44:08.049900,MQ,MLM,14.7846,-61.1786,370.0,1688.0,,1688,100.0,ZNE,dev,manuel,MQ_MLM_20140313_134424
"bucket0$54,:3,:6001",2014-03-13T13:43:32.919900,MQ,CPM,14.8168,-61.2074,242.0,5202.0,,5202,100.0,ZNE,train,manuel,MQ_CPM_20140313_134424
"bucket1$6,:3,:6001",2014-03-13T22:37:42.639900,MQ,GBM,14.799451,-61.159276,800.0,1762.0,,1762,100.0,ZNE,test,manuel,MQ_GBM_20140313_223800
"bucket1$7,:3,:6001",2014-03-13T22:37:35.469900,MQ,BAM,14.8171,-61.1445,670.0,2506.0,,2506,100.0,ZNE,test,manuel,MQ_BAM_20140313_223800
"bucket0$55,:3,:6001",2014-03-13T22:37:46.930000,MQ,LAM,14.81292,-61.16314,1240.0,,1384.0,1384,100.0,ZNE,train,manuel,MQ_LAM_20140313_223800
"bucket0$56,:3,:6001",2014-03-13T23:04:05.619900,MQ,GBM,14.799451,-61.159276,800.0,5189.0,,5189,100.0,ZNE,train,manuel,MQ_GBM_20140313_230457
"bucket0$57,:3,:6001",2014-03-13T23:04:14.480000,MQ,LAM,14.81292,-61.16314,1240.0,4304.0,4343.0,4304,100.0,ZNE,train,manuel,MQ_LAM_20140313_230457
"bucket0$58,:3,:6001",2014-03-14T00:08:50.910000,MQ,LAM,14.81292,-61.16314,1240.0,3256.0,,3256,100.0,ZNE,train,manuel,MQ_LAM_20140314_000923
"bucket2$10,:3,:6001",2014-03-14T00:09:10.789900,MQ,GBM,14.799451,-61.159276,800.0,1281.0,,1281,100.0,ZNE,dev,manuel,MQ_GBM_20140314_000923
"bucket0$59,:3,:6001",2014-03-14T00:08:34.819900,MQ,CPM,14.8168,-61.2074,242.0,4898.0,,4898,100.0,ZNE,train,manuel,MQ_CPM_20140314_000923
"bucket0$60,:3,:6001",2014-03-14T00:09:01.079900,MQ,BAM,14.8171,-61.1445,670.0,2285.0,,2285,100.0,ZNE,train,manuel,MQ_BAM_20140314_000923
"bucket1$8,:3,:6001",2014-03-14T00:09:13.230000,MQ,IA2,14.80307,-61.20515,289.0,1193.0,,1193,100.0,ZNE,test,manuel,MQ_IA2_20140314_000925
"bucket0$61,:3,:6001",2014-03-14T00:11:58.400000,MQ,LAM,14.81292,-61.16314,1240.0,4578.0,4649.0,4578,100.0,ZNE,train,manuel,MQ_LAM_20140314_001244
"bucket0$62,:3,:6001",2014-03-14T00:12:05.069900,MQ,GBM,14.799451,-61.159276,800.0,3950.0,,3950,100.0,ZNE,train,manuel,MQ_GBM_20140314_001244
"bucket1$9,:3,:6001",2014-03-14T00:12:27.209900,MQ,BAM,14.8171,-61.1445,670.0,1751.0,,1751,100.0,ZNE,test,manuel,MQ_BAM_20140314_001244
"bucket0$63,:3,:6001",2014-03-14T00:11:50.670000,MQ,IA2,14.80307,-61.20515,289.0,5445.0,,5445,100.0,ZNE,train,manuel,MQ_IA2_20140314_001245
"bucket2$11,:3,:6001",2014-03-14T00:15:12.389900,MQ,BAM,14.8171,-61.1445,670.0,4682.0,,4682,100.0,ZNE,dev,manuel,MQ_BAM_20140314_001559
"bucket0$64,:3,:6001",2014-03-14T00:15:33.600000,MQ,LAM,14.81292,-61.16314,1240.0,2619.0,2672.0,2619,100.0,ZNE,train,manuel,MQ_LAM_20140314_001559
"bucket0$65,:3,:6001",2014-03-14T00:15:07.169900,MQ,GBM,14.799451,-61.159276,800.0,5272.0,,5272,100.0,ZNE,train,manuel,MQ_GBM_20140314_001559
"bucket0$66,:3,:6001",2014-03-14T00:15:30.600000,MQ,IA2,14.80307,-61.20515,289.0,2985.0,3041.0,2985,100.0,ZNE,train,manuel,MQ_IA2_20140314_001600
"bucket1$10,:3,:6001",2014-03-14T09:36:09.980000,MQ,LAM,14.81292,-61.16314,1240.0,2447.0,2498.0,2447,100.0,ZNE,test,manuel,MQ_LAM_20140314_093634
"bucket0$67,:3,:6001",2014-03-14T09:36:23.389900,MQ,BAM,14.8171,-61.1445,670.0,1146.0,,1146,100.0,ZNE,train,manuel,MQ_BAM_20140314_093634
"bucket0$68,:3,:6001",2014-03-14T09:36:10.159900,MQ,GBM,14.799451,-61.159276,800.0,2491.0,,2491,100.0,ZNE,train,manuel,MQ_GBM_20140314_093635
"bucket0$69,:3,:6001",2014-03-14T09:38:14.979900,MQ,GBM,14.799451,-61.159276,800.0,3293.0,,3293,100.0,ZNE,train,manuel,MQ_GBM_20140314_093847
"bucket0$70,:3,:6001",2014-03-14T09:38:12.910000,MQ,LAM,14.81292,-61.16314,1240.0,3503.0,3542.0,3503,100.0,ZNE,train,manuel,MQ_LAM_20140314_093847
"bucket0$71,:3,:6001",2014-03-14T09:38:00.909900,MQ,BAM,14.8171,-61.1445,670.0,4736.0,,4736,100.0,ZNE,train,manuel,MQ_BAM_20140314_093848
"bucket0$72,:3,:6001",2014-03-14T22:23:57.989900,MQ,GBM,14.799451,-61.159276,800.0,2306.0,,2306,100.0,ZNE,train,manuel,MQ_GBM_20140314_222421
"bucket0$73,:3,:6001",2014-03-14T22:23:49.889900,MQ,MLM,14.7846,-61.1786,370.0,3132.0,,3132,100.0,ZNE,train,manuel,MQ_MLM_20140314_222421
"bucket0$74,:3,:6001",2014-03-14T22:23:29.010000,MQ,LAM,14.81292,-61.16314,1240.0,5286.0,,5286,100.0,ZNE,train,manuel,MQ_LAM_20140314_222421
"bucket1$11,:3,:6001",2014-03-14T22:23:35.389900,MQ,BAM,14.8171,-61.1445,670.0,4675.0,,4675,100.0,ZNE,test,manuel,MQ_BAM_20140314_222422
"bucket0$75,:3,:6001",2014-03-15T01:12:51.290000,MQ,IA2,14.80307,-61.20515,289.0,5021.0,,5021,100.0,ZNE,train,manuel,MQ_IA2_20140315_011341
"bucket0$76,:3,:6001",2014-03-15T01:13:30.170000,MQ,LAM,14.81292,-61.16314,1240.0,1145.0,1510.0,1145,100.0,ZNE,train,manuel,MQ_LAM_20140315_011341
"bucket0$77,:3,:6001",2014-03-15T01:13:25.829900,MQ,BAM,14.8171,-61.1445,670.0,1609.0,,1609,100.0,ZNE,train,manuel,MQ_BAM_20140315_011341
"bucket0$78,:3,:6001",2014-03-15T01:13:26.659900,MQ,GBM,14.799451,-61.159276,800.0,1550.0,1832.0,1550,100.0,ZNE,train,manuel,MQ_GBM_20140315_011342
"bucket0$79,:3,:6001",2014-03-15T01:20:40.320000,MQ,LAM,14.81292,-61.16314,1240.0,1739.0,1804.0,1739,100.0,ZNE,train,manuel,MQ_LAM_20140315_012057
"bucket0$80,:3,:6001",2014-03-15T01:20:30.519900,MQ,GBM,14.799451,-61.159276,800.0,2737.0,,2737,100.0,ZNE,train,manuel,MQ_GBM_20140315_012057
"bucket0$81,:3,:6001",2014-03-15T01:20:22.859900,MQ,BAM,14.8171,-61.1445,670.0,3541.0,,3541,100.0,ZNE,train,manuel,MQ_BAM_20140315_012058
"bucket0$82,:3,:6001",2014-03-15T01:30:55.419900,MQ,GBM,14.799451,-61.159276,800.0,1965.0,,1965,100.0,ZNE,train,manuel,MQ_GBM_20140315_013115
"bucket1$12,:3,:6001",2014-03-15T01:30:58.770000,MQ,LAM,14.81292,-61.16314,1240.0,1685.0,1847.0,1685,100.0,ZNE,test,manuel,MQ_LAM_20140315_013115
"bucket0$83,:3,:6001",2014-03-15T01:30:49.470000,MQ,IA2,14.80307,-61.20515,289.0,2637.0,2768.0,2637,100.0,ZNE,train,manuel,MQ_IA2_20140315_013115
"bucket0$84,:3,:6001",2014-03-15T01:30:48.369900,MQ,BAM,14.8171,-61.1445,670.0,2759.0,,2759,100.0,ZNE,train,manuel,MQ_BAM_20140315_013115
"bucket0$85,:3,:6001",2014-03-15T02:13:59.830000,MQ,LAM,14.81292,-61.16314,1240.0,1797.0,,1797,100.0,ZNE,train,manuel,MQ_LAM_20140315_021417
"bucket0$86,:3,:6001",2014-03-15T02:13:58.109900,MQ,GBM,14.799451,-61.159276,800.0,2036.0,,2036,100.0,ZNE,train,manuel,MQ_GBM_20140315_021418
"bucket0$87,:3,:6001",2014-03-15T02:13:35.260000,MQ,IA2,14.80307,-61.20515,289.0,4329.0,,4329,100.0,ZNE,train,manuel,MQ_IA2_20140315_021418
"bucket0$88,:3,:6001",2014-03-15T02:13:44.839900,MQ,BAM,14.8171,-61.1445,670.0,3397.0,,3397,100.0,ZNE,train,manuel,MQ_BAM_20140315_021418
"bucket0$89,:3,:6001",2014-03-15T02:32:32.150000,MQ,LAM,14.81292,-61.16314,1240.0,2602.0,,2602,100.0,ZNE,train,manuel,MQ_LAM_20140315_023258
"bucket0$90,:3,:6001",2014-03-15T02:32:25.549900,MQ,GBM,14.799451,-61.159276,800.0,3294.0,,3294,100.0,ZNE,train,manuel,MQ_GBM_20140315_023258
"bucket0$91,:3,:6001",2014-03-15T02:32:26.349900,MQ,BAM,14.8171,-61.1445,670.0,3310.0,,3310,100.0,ZNE,train,manuel,MQ_BAM_20140315_023259
"bucket0$92,:3,:6001",2014-03-15T02:32:30.739900,MQ,MLM,14.7846,-61.1786,370.0,2961.0,,2961,100.0,ZNE,train,manuel,MQ_MLM_20140315_023300
"bucket2$12,:3,:6001",2014-03-15T02:33:40.189900,MQ,GBM,14.799451,-61.159276,800.0,3087.0,,3087,100.0,ZNE,dev,manuel,MQ_GBM_20140315_023411
"bucket0$93,:3,:6001",2014-03-15T02:33:28.700000,MQ,LAM,14.81292,-61.16314,1240.0,4249.0,,4249,100.0,ZNE,train,manuel,MQ_LAM_20140315_023411
"bucket0$94,:3,:6001",2014-03-15T02:33:50.790000,MQ,IA2,14.80307,-61.20515,289.0,2074.0,,2074,100.0,ZNE,train,manuel,MQ_IA2_20140315_023411
"bucket0$95,:3,:6001",2014-03-15T02:34:02.719900,MQ,BAM,14.8171,-61.1445,670.0,889.0,,889,100.0,ZNE,train,manuel,MQ_BAM_20140315_023411
"bucket0$96,:3,:6001",2014-03-15T02:40:30.899900,MQ,GBM,14.799451,-61.159276,800.0,3617.0,,3617,100.0,ZNE,train,manuel,MQ_GBM_20140315_024107
"bucket0$97,:3,:6001",2014-03-15T02:40:33.770000,MQ,LAM,14.81292,-61.16314,1240.0,3335.0,,3335,100.0,ZNE,train,manuel,MQ_LAM_20140315_024107
"bucket0$98,:3,:6001",2014-03-15T02:40:40.649900,MQ,BAM,14.8171,-61.1445,670.0,2677.0,,2677,100.0,ZNE,train,manuel,MQ_BAM_20140315_024107
"bucket0$99,:3,:6001",2014-03-15T02:40:35.740000,MQ,IA2,14.80307,-61.20515,289.0,3188.0,3284.0,3188,100.0,ZNE,train,manuel,MQ_IA2_20140315_024107
"bucket1$13,:3,:6001",2014-03-15T03:05:13.179900,MQ,GBM,14.799451,-61.159276,800.0,738.0,,738,100.0,ZNE,test,manuel,MQ_GBM_20140315_030520
"bucket0$100,:3,:6001",2014-03-15T03:05:13.230000,MQ,LAM,14.81292,-61.16314,1240.0,739.0,,739,100.0,ZNE,train,manuel,MQ_LAM_20140315_030520
"bucket0$101,:3,:6001",2014-03-15T03:04:55.380000,MQ,IA2,14.80307,-61.20515,289.0,2530.0,2675.0,2530,100.0,ZNE,train,manuel,MQ_IA2_20140315_030520
"bucket0$102,:3,:6001",2014-03-15T03:05:12.239900,MQ,BAM,14.8171,-61.1445,670.0,905.0,,905,100.0,ZNE,train,manuel,MQ_BAM_20140315_030521
"bucket0$103,:3,:6001",2014-03-15T13:54:35.789900,MQ,GBM,14.799451,-61.159276,800.0,1819.0,,1819,100.0,ZNE,train,manuel,MQ_GBM_20140315_135453
"bucket0$104,:3,:6001",2014-03-15T13:54:25.290000,MQ,LAM,14.81292,-61.16314,1240.0,2877.0,,2877,100.0,ZNE,train,manuel,MQ_LAM_20140315_135454
"bucket0$105,:3,:6001",2014-03-15T13:54:00.519900,MQ,BAM,14.8171,-61.1445,670.0,5410.0,,5410,100.0,ZNE,train,manuel,MQ_BAM_20140315_135454
"bucket0$106,:3,:6001",2014-03-15T17:52:12.260000,MQ,LAM,14.81292,-61.16314,1240.0,1957.0,2005.0,1957,100.0,ZNE,train,manuel,MQ_LAM_20140315_175231
"bucket0$107,:3,:6001",2014-03-15T17:52:04.429900,MQ,GBM,14.799451,-61.159276,800.0,2755.0,,2755,100.0,ZNE,train,manuel,MQ_GBM_20140315_175231
"bucket1$14,:3,:6001",2014-03-15T17:52:26.409900,MQ,BAM,14.8171,-61.1445,670.0,573.0,,573,100.0,ZNE,test,manuel,MQ_BAM_20140315_175232
"bucket2$13,:3,:6001",2014-03-15T19:53:50.750000,MQ,LAM,14.81292,-61.16314,1240.0,5046.0,5121.0,5046,100.0,ZNE,dev,manuel,MQ_LAM_20140315_195441
"bucket0$108,:3,:6001",2014-03-15T19:53:50.609900,MQ,BAM,14.8171,-61.1445,670.0,5089.0,,5089,100.0,ZNE,train,manuel,MQ_BAM_20140315_195441
"bucket1$15,:3,:6001",2014-03-15T19:54:35.929900,MQ,GBM,14.799451,-61.159276,800.0,564.0,,564,100.0,ZNE,test,manuel,MQ_GBM_20140315_195441
"bucket0$109,:3,:6001",2014-03-15T20:05:24.670000,MQ,IA2,14.80307,-61.20515,289.0,1261.0,,1261,100.0,ZNE,train,manuel,MQ_IA2_20140315_200537
"bucket0$110,:3,:6001",2014-03-15T20:05:30.379900,MQ,GBM,14.799451,-61.159276,800.0,752.0,759.0,752,100.0,ZNE,train,manuel,MQ_GBM_20140315_200537
"bucket0$111,:3,:6001",2014-03-15T20:04:52.050000,MQ,LAM,14.81292,-61.16314,1240.0,4590.0,4620.0,4590,100.0,ZNE,train,manuel,MQ_LAM_20140315_200537
"bucket2$14,:3,:6001",2014-03-15T20:05:03.119900,MQ,BAM,14.8171,-61.1445,670.0,3517.0,,3517,100.0,ZNE,dev,manuel,MQ_BAM_20140315_200538
"bucket0$112,:3,:6001",2014-03-15T20:55:07.209900,MQ,BAM,14.8171,-61.1445,670.0,787.0,,787,100.0,ZNE,train,manuel,MQ_BAM_20140315_205515
"bucket0$113,:3,:6001",2014-03-15T20:55:03.069900,MQ,GBM,14.799451,-61.159276,800.0,1261.0,,1261,100.0,ZNE,train,manuel,MQ_GBM_20140315_205515
"bucket0$114,:3,:6001",2014-03-15T20:54:41.550000,MQ,LAM,14.81292,-61.16314,1240.0,3426.0,3479.0,3426,100.0,ZNE,train,manuel,MQ_LAM_20140315_205515
"bucket2$15,:3,:6001",2014-03-15T21:06:37.279900,MQ,GBM,14.799451,-61.159276,800.0,3261.0,,3261,100.0,ZNE,dev,manuel,MQ_GBM_20140315_210709
"bucket1$16,:3,:6001",2014-03-15T21:06:49.990000,MQ,LAM,14.81292,-61.16314,1240.0,2021.0,2109.0,2021,100.0,ZNE,test,manuel,MQ_LAM_20140315_210710
"bucket0$115,:3,:6001",2014-03-15T21:06:44.949900,MQ,BAM,14.8171,-61.1445,670.0,2558.0,,2558,100.0,ZNE,train,manuel,MQ_BAM_20140315_210710
"bucket0$116,:3,:6001",2014-03-15T21:53:23.820000,MQ,LAM,14.81292,-61.16314,1240.0,3788.0,3838.0,3788,100.0,ZNE,train,manuel,MQ_LAM_20140315_215401
"bucket0$117,:3,:6001",2014-03-15T21:53:36.499900,MQ,GBM,14.799451,-61.159276,800.0,2526.0,,2526,100.0,ZNE,train,manuel,MQ_GBM_20140315_215401
"bucket2$16,:3,:6001",2014-03-15T21:53:22.939900,MQ,BAM,14.8171,-61.1445,670.0,4002.0,,4002,100.0,ZNE,dev,manuel,MQ_BAM_20140315_215402
"bucket0$118,:3,:6001",2014-03-15T22:05:51.130000,MQ,LAM,14.81292,-61.16314,1240.0,1644.0,1716.0,1644,100.0,ZNE,train,manuel,MQ_LAM_20140315_220607
"bucket0$119,:3,:6001",2014-03-15T22:05:38.369900,MQ,GBM,14.799451,-61.159276,800.0,2998.0,,2998,100.0,ZNE,train,manuel,MQ_GBM_20140315_220608
"bucket0$120,:3,:6001",2014-03-15T22:05:17.459900,MQ,BAM,14.8171,-61.1445,670.0,5141.0,,5141,100.0,ZNE,train,manuel,MQ_BAM_20140315_220608
"bucket0$121,:3,:6001",2014-03-15T22:39:22.240000,MQ,LAM,14.81292,-61.16314,1240.0,2115.0,2182.0,2115,100.0,ZNE,train,manuel,MQ_LAM_20140315_223943
"bucket0$122,:3,:6001",2014-03-15T22:39:13.129900,MQ,GBM,14.799451,-61.159276,800.0,3057.0,,3057,100.0,ZNE,train,manuel,MQ_GBM_20140315_223943
"bucket0$123,:3,:6001",2014-03-15T22:41:57.570000,MQ,LAM,14.81292,-61.16314,1240.0,5052.0,5130.0,5052,100.0,ZNE,train,manuel,MQ_LAM_20140315_224248
"bucket0$124,:3,:6001",2014-03-15T22:42:41.209900,MQ,BAM,14.8171,-61.1445,670.0,722.0,,722,100.0,ZNE,train,manuel,MQ_BAM_20140315_224248
"bucket0$125,:3,:6001",2014-03-15T22:42:18.059900,MQ,GBM,14.799451,-61.159276,800.0,3043.0,,3043,100.0,ZNE,train,manuel,MQ_GBM_20140315_224248
"bucket0$126,:3,:6001",2014-03-15T22:09:30.400000,MQ,LAM,14.81292,-61.16314,1240.0,4146.0,4865.0,4146,100.0,ZNE,train,manuel,MQ_LAM_20140315_221011
"bucket2$17,:3,:6001",2014-03-15T22:09:52.279900,MQ,GBM,14.799451,-61.159276,800.0,1979.0,2737.0,1979,100.0,ZNE,dev,manuel,MQ_GBM_20140315_221012
"bucket0$127,:3,:6001",2014-03-15T22:09:57.639900,MQ,BAM,14.8171,-61.1445,670.0,1466.0,2183.0,1466,100.0,ZNE,train,manuel,MQ_BAM_20140315_221012
"bucket2$18,:3,:6001",2014-03-15T22:48:00.730000,MQ,LAM,14.81292,-61.16314,1240.0,2380.0,2450.0,2380,100.0,ZNE,dev,manuel,MQ_LAM_20140315_224824
"bucket0$128,:3,:6001",2014-03-15T22:48:17.269900,MQ,BAM,14.8171,-61.1445,670.0,755.0,,755,100.0,ZNE,train,manuel,MQ_BAM_20140315_224824
"bucket0$129,:3,:6001",2014-03-15T22:47:46.199900,MQ,GBM,14.799451,-61.159276,800.0,3886.0,,3886,100.0,ZNE,train,manuel,MQ_GBM_20140315_224825
"bucket0$130,:3,:6001",2014-03-15T22:47:52.600000,MQ,IA2,14.80307,-61.20515,289.0,,3350.0,3350,100.0,ZNE,train,manuel,MQ_IA2_20140315_224826
"bucket2$19,:3,:6001",2014-03-15T22:56:44.349900,MQ,GBM,14.799451,-61.159276,800.0,1880.0,,1880,100.0,ZNE,dev,manuel,MQ_GBM_20140315_225703
"bucket0$131,:3,:6001",2014-03-15T22:56:26.330000,MQ,LAM,14.81292,-61.16314,1240.0,3689.0,3738.0,3689,100.0,ZNE,train,manuel,MQ_LAM_20140315_225703
"bucket0$132,:3,:6001",2014-03-15T22:56:57.309900,MQ,BAM,14.8171,-61.1445,670.0,623.0,,623,100.0,ZNE,train,manuel,MQ_BAM_20140315_225703
"bucket0$133,:3,:6001",2014-03-15T22:56:31.300000,MQ,IA2,14.80307,-61.20515,289.0,3248.0,3342.0,3248,100.0,ZNE,train,manuel,MQ_IA2_20140315_225703
"bucket0$134,:3,:6001",2014-03-15T22:56:35.030000,WI,SAM,14.84108,-61.1638,485.0,,2981.0,2981,100.0,ZNE,train,manuel,WI_SAM_20140315_225704
"bucket0$135,:3,:6001",2014-03-15T23:12:55.700000,MQ,LAM,14.81292,-61.16314,1240.0,5066.0,5113.0,5066,100.0,ZNE,train,manuel,MQ_LAM_20140315_231346
"bucket0$136,:3,:6001",2014-03-15T23:13:15.939900,MQ,GBM,14.799451,-61.159276,800.0,3079.0,,3079,100.0,ZNE,train,manuel,MQ_GBM_20140315_231346
"bucket1$17,:3,:6001",2014-03-15T23:13:05.199900,MQ,BAM,14.8171,-61.1445,670.0,4158.0,,4158,100.0,ZNE,test,manuel,MQ_BAM_20140315_231346
"bucket2$20,:3,:6001",2014-03-15T23:13:52.290000,MQ,LAM,14.81292,-61.16314,1240.0,3843.0,3914.0,3843,100.0,ZNE,dev,manuel,MQ_LAM_20140315_231430
"bucket2$21,:3,:6001",2014-03-15T23:13:50.699900,MQ,BAM,14.8171,-61.1445,670.0,4006.0,,4006,100.0,ZNE,dev,manuel,MQ_BAM_20140315_231430
"bucket0$137,:3,:6001",2014-03-15T23:13:44.779900,MQ,GBM,14.799451,-61.159276,800.0,4611.0,,4611,100.0,ZNE,train,manuel,MQ_GBM_20140315_231430
"bucket1$18,:3,:6001",2014-03-15T23:55:26.960000,MQ,LAM,14.81292,-61.16314,1240.0,873.0,904.0,873,100.0,ZNE,test,manuel,MQ_LAM_20140315_235535
"bucket2$22,:3,:6001",2014-03-15T23:55:25.219900,MQ,GBM,14.799451,-61.159276,800.0,1095.0,,1095,100.0,ZNE,dev,manuel,MQ_GBM_20140315_235536
"bucket2$23,:3,:6001",2014-03-15T23:55:06.269900,MQ,BAM,14.8171,-61.1445,670.0,3040.0,,3040,100.0,ZNE,dev,manuel,MQ_BAM_20140315_235536
"bucket1$19,:3,:6001",2014-03-16T01:03:18.689900,MQ,GBM,14.799451,-61.159276,800.0,5162.0,,5162,100.0,ZNE,test,manuel,MQ_GBM_20140316_010410
"bucket1$20,:3,:6001",2014-03-16T01:03:38.750000,MQ,LAM,14.81292,-61.16314,1240.0,3168.0,3209.0,3168,100.0,ZNE,test,manuel,MQ_LAM_20140316_010410
"bucket0$138,:3,:6001",2014-03-16T01:18:07.359900,MQ,GBM,14.799451,-61.159276,800.0,1453.0,,1453,100.0,ZNE,train,manuel,MQ_GBM_20140316_011821
"bucket1$21,:3,:6001",2014-03-16T01:18:07.900000,MQ,LAM,14.81292,-61.16314,1240.0,1404.0,1460.0,1404,100.0,ZNE,test,manuel,MQ_LAM_20140316_011821
"bucket0$139,:3,:6001",2014-03-16T01:18:17.289900,MQ,BAM,14.8171,-61.1445,670.0,500.0,6497.0,500,100.0,ZNE,train,manuel,MQ_BAM_20140316_011822
"bucket0$140,:3,:6001",2014-03-16T01:17:30.979900,MQ,MLM,14.7846,-61.1786,370.0,5139.0,5144.0,5139,100.0,ZNE,train,manuel,MQ_MLM_20140316_011822
"bucket0$141,:3,:6001",2014-03-16T01:18:04.470000,MQ,IA2,14.80307,-61.20515,289.0,1804.0,1894.0,1804,100.0,ZNE,train,manuel,MQ_IA2_20140316_011822
"bucket1$22,:3,:6001",2014-03-16T01:18:15.029900,MQ,CPM,14.8168,-61.2074,242.0,760.0,,760,100.0,ZNE,test,manuel,MQ_CPM_20140316_011822
"bucket0$142,:3,:6001",2014-03-16T01:17:28.930000,WI,SAM,14.84108,-61.1638,485.0,5402.0,5481.0,5402,100.0,ZNE,train,manuel,WI_SAM_20140316_011822
"bucket1$23,:3,:6001",2014-03-16T01:41:10.190000,MQ,LAM,14.81292,-61.16314,1240.0,5348.0,5400.0,5348,100.0,ZNE,test,manuel,MQ_LAM_20140316_014203
"bucket0$143,:3,:6001",2014-03-16T01:41:36.749900,MQ,GBM,14.799451,-61.159276,800.0,2735.0,,2735,100.0,ZNE,train,manuel,MQ_GBM_20140316_014204
"bucket2$24,:3,:6001",2014-03-16T01:41:23.530000,WI,SAM,14.84108,-61.1638,485.0,4062.0,4156.0,4062,100.0,ZNE,dev,manuel,WI_SAM_20140316_014204
"bucket0$144,:3,:6001",2014-03-16T01:41:42.269900,MQ,MLM,14.7846,-61.1786,370.0,2198.0,,2198,100.0,ZNE,train,manuel,MQ_MLM_20140316_014204
"bucket0$145,:3,:6001",2014-03-16T01:41:20.390000,MQ,IA2,14.80307,-61.20515,289.0,4386.0,4478.0,4386,100.0,ZNE,train,manuel,MQ_IA2_20140316_014204
"bucket1$24,:3,:6001",2014-03-16T01:41:11.469900,MQ,BAM,14.8171,-61.1445,670.0,5324.0,,5324,100.0,ZNE,test,manuel,MQ_BAM_20140316_014204
"bucket0$146,:3,:6001",2014-03-16T02:20:59.330000,MQ,LAM,14.81292,-61.16314,1240.0,818.0,,818,100.0,ZNE,train,manuel,MQ_LAM_20140316_022107
"bucket0$147,:3,:6001",2014-03-16T02:20:23.099900,MQ,BAM,14.8171,-61.1445,670.0,4455.0,,4455,100.0,ZNE,train,manuel,MQ_BAM_20140316_022107
"bucket2$25,:3,:6001",2014-03-16T02:20:49.710000,MQ,IA2,14.80307,-61.20515,289.0,1796.0,1926.0,1796,100.0,ZNE,dev,manuel,MQ_IA2_20140316_022107
"bucket0$148,:3,:6001",2014-03-16T03:05:14.819900,MQ,GBM,14.799451,-61.159276,800.0,1237.0,,1237,100.0,ZNE,train,manuel,MQ_GBM_20140316_030527
"bucket0$149,:3,:6001",2014-03-16T03:04:53.520000,MQ,LAM,14.81292,-61.16314,1240.0,3368.0,3396.0,3368,100.0,ZNE,train,manuel,MQ_LAM_20140316_030527
"bucket0$150,:3,:6001",2014-03-16T03:05:17.779900,MQ,BAM,14.8171,-61.1445,670.0,982.0,,982,100.0,ZNE,train,manuel,MQ_BAM_20140316_030527
"bucket0$151,:3,:6001",2014-03-16T03:04:38.439900,MQ,MLM,14.7846,-61.1786,370.0,4916.0,,4916,100.0,ZNE,train,manuel,MQ_MLM_20140316_030527
"bucket0$152,:3,:6001",2014-03-16T03:04:49.230000,WI,SAM,14.84108,-61.1638,485.0,3858.0,3956.0,3858,100.0,ZNE,train,manuel,WI_SAM_20140316_030527
"bucket1$25,:3,:6001",2014-03-16T03:05:20.660000,MQ,IA2,14.80307,-61.20515,289.0,719.0,815.0,719,100.0,ZNE,test,manuel,MQ_IA2_20140316_030527
"bucket0$153,:3,:6001",2014-03-16T03:04:39.319900,MQ,CPM,14.8168,-61.2074,242.0,4863.0,,4863,100.0,ZNE,train,manuel,MQ_CPM_20140316_030527
"bucket0$154,:3,:6001",2014-03-16T03:18:45.750000,MQ,LAM,14.81292,-61.16314,1240.0,1237.0,1317.0,1237,100.0,ZNE,train,manuel,MQ_LAM_20140316_031858
"bucket0$155,:3,:6001",2014-03-16T03:18:41.709900,MQ,GBM,14.799451,-61.159276,800.0,1683.0,,1683,100.0,ZNE,train,manuel,MQ_GBM_20140316_031858
"bucket0$156,:3,:6001",2014-03-16T03:18:33.750000,MQ,IA2,14.80307,-61.20515,289.0,2497.0,2629.0,2497,100.0,ZNE,train,manuel,MQ_IA2_20140316_031858
"bucket0$157,:3,:6001",2014-03-16T03:18:31.379900,MQ,BAM,14.8171,-61.1445,670.0,2753.0,,2753,100.0,ZNE,train,manuel,MQ_BAM_20140316_031858
"bucket0$158,:3,:6001",2014-03-16T03:18:42.429900,MQ,MLM,14.7846,-61.1786,370.0,1657.0,,1657,100.0,ZNE,train,manuel,MQ_MLM_20140316_031859
"bucket1$26,:3,:6001",2014-03-16T03:18:40.530000,WI,SAM,14.84108,-61.1638,485.0,1878.0,1963.0,1878,100.0,ZNE,test,manuel,WI_SAM_20140316_031859
"bucket2$26,:3,:6001",2014-03-16T03:20:11.059900,MQ,GBM,14.799451,-61.159276,800.0,4499.0,,4499,100.0,ZNE,dev,manuel,MQ_GBM_20140316_032056
"bucket0$159,:3,:6001",2014-03-16T03:20:18.089900,MQ,BAM,14.8171,-61.1445,670.0,3796.0,,3796,100.0,ZNE,train,manuel,MQ_BAM_20140316_032056
"bucket1$27,:3,:6001",2014-03-16T03:20:33.680000,MQ,LAM,14.81292,-61.16314,1240.0,2268.0,,2268,100.0,ZNE,test,manuel,MQ_LAM_20140316_032056
"bucket1$28,:3,:6001",2014-03-16T03:45:14.330000,MQ,LAM,14.81292,-61.16314,1240.0,3079.0,3147.0,3079,100.0,ZNE,test,manuel,MQ_LAM_20140316_034545
"bucket0$160,:3,:6001",2014-03-16T03:45:38.209900,MQ,GBM,14.799451,-61.159276,800.0,726.0,,726,100.0,ZNE,train,manuel,MQ_GBM_20140316_034545
"bucket0$161,:3,:6001",2014-03-16T03:45:09.749900,MQ,BAM,14.8171,-61.1445,670.0,3591.0,,3591,100.0,ZNE,train,manuel,MQ_BAM_20140316_034545
"bucket1$29,:3,:6001",2014-03-16T04:20:20.090000,MQ,LAM,14.81292,-61.16314,1240.0,3140.0,3300.0,3140,100.0,ZNE,test,manuel,MQ_LAM_20140316_042051
"bucket0$162,:3,:6001",2014-03-16T04:20:42.149900,MQ,GBM,14.799451,-61.159276,800.0,1036.0,,1036,100.0,ZNE,train,manuel,MQ_GBM_20140316_042052
"bucket0$163,:3,:6001",2014-03-16T04:20:00.549900,MQ,BAM,14.8171,-61.1445,670.0,5206.0,,5206,100.0,ZNE,train,manuel,MQ_BAM_20140316_042052
"bucket0$164,:3,:6001",2014-03-16T04:28:26.160000,MQ,LAM,14.81292,-61.16314,1240.0,889.0,951.0,889,100.0,ZNE,train,manuel,MQ_LAM_20140316_042835
"bucket0$165,:3,:6001",2014-03-16T04:27:47.789900,MQ,GBM,14.799451,-61.159276,800.0,4753.0,,4753,100.0,ZNE,train,manuel,MQ_GBM_20140316_042835
"bucket0$166,:3,:6001",2014-03-16T04:27:56.400000,MQ,IA2,14.80307,-61.20515,289.0,3909.0,4013.0,3909,100.0,ZNE,train,manuel,MQ_IA2_20140316_042835
"bucket0$167,:3,:6001",2014-03-16T04:27:47.479900,MQ,BAM,14.8171,-61.1445,670.0,4837.0,,4837,100.0,ZNE,train,manuel,MQ_BAM_20140316_042835
"bucket2$27,:3,:6001",2014-03-16T04:27:42.739900,MQ,MLM,14.7846,-61.1786,370.0,5378.0,,5378,100.0,ZNE,dev,manuel,MQ_MLM_20140316_042836
"bucket0$168,:3,:6001",2014-03-16T04:28:44.050000,MQ,LAM,14.81292,-61.16314,1240.0,2347.0,2435.0,2347,100.0,ZNE,train,manuel,MQ_LAM_20140316_042907
"bucket0$169,:3,:6001",2014-03-16T04:28:52.489900,MQ,GBM,14.799451,-61.159276,800.0,1558.0,,1558,100.0,ZNE,train,manuel,MQ_GBM_20140316_042908
"bucket0$170,:3,:6001",2014-03-16T04:28:29.300000,MQ,IA2,14.80307,-61.20515,289.0,3892.0,4043.0,3892,100.0,ZNE,train,manuel,MQ_IA2_20140316_042908
"bucket0$171,:3,:6001",2014-03-16T04:28:15.209900,MQ,BAM,14.8171,-61.1445,670.0,5333.0,,5333,100.0,ZNE,train,manuel,MQ_BAM_20140316_042908
"bucket0$172,:3,:6001",2014-03-16T04:28:17.620000,WI,SAM,14.84108,-61.1638,485.0,5160.0,5217.0,5160,100.0,ZNE,train,manuel,WI_SAM_20140316_042909
"bucket2$28,:3,:6001",2014-03-16T04:58:11.250000,MQ,IA2,14.80307,-61.20515,289.0,2413.0,2566.0,2413,100.0,ZNE,dev,manuel,MQ_IA2_20140316_045835
"bucket0$173,:3,:6001",2014-03-16T04:58:27.099900,MQ,BAM,14.8171,-61.1445,670.0,839.0,,839,100.0,ZNE,train,manuel,MQ_BAM_20140316_045835
"bucket0$174,:3,:6001",2014-03-16T04:57:50.219900,MQ,GBM,14.799451,-61.159276,800.0,4563.0,,4563,100.0,ZNE,train,manuel,MQ_GBM_20140316_045835
"bucket1$30,:3,:6001",2014-03-16T05:03:40.669900,MQ,GBM,14.799451,-61.159276,800.0,1150.0,,1150,100.0,ZNE,test,manuel,MQ_GBM_20140316_050352
"bucket0$175,:3,:6001",2014-03-16T05:03:37.340000,MQ,LAM,14.81292,-61.16314,1240.0,1493.0,1616.0,1493,100.0,ZNE,train,manuel,MQ_LAM_20140316_050352
"bucket0$176,:3,:6001",2014-03-16T05:03:02.749900,MQ,BAM,14.8171,-61.1445,670.0,5000.0,,5000,100.0,ZNE,train,manuel,MQ_BAM_20140316_050352
"bucket0$177,:3,:6001",2014-03-16T05:22:25.929900,MQ,GBM,14.799451,-61.159276,800.0,500.0,,500,100.0,ZNE,train,manuel,MQ_GBM_20140316_052230
"bucket0$178,:3,:6001",2014-03-16T05:22:21.010000,MQ,IA2,14.80307,-61.20515,289.0,1008.0,1181.0,1008,100.0,ZNE,train,manuel,MQ_IA2_20140316_052231
"bucket0$179,:3,:6001",2014-03-16T05:21:39.700000,MQ,LAM,14.81292,-61.16314,1240.0,5168.0,5249.0,5168,100.0,ZNE,train,manuel,MQ_LAM_20140316_052231
"bucket0$180,:3,:6001",2014-03-16T06:17:42.100000,MQ,LAM,14.81292,-61.16314,1240.0,3140.0,3203.0,3140,100.0,ZNE,train,manuel,MQ_LAM_20140316_061813
"bucket0$181,:3,:6001",2014-03-16T06:17:38.329900,MQ,BAM,14.8171,-61.1445,670.0,3521.0,,3521,100.0,ZNE,train,manuel,MQ_BAM_20140316_061813
"bucket2$29,:3,:6001",2014-03-16T06:17:39.699900,MQ,GBM,14.799451,-61.159276,800.0,3434.0,,3434,100.0,ZNE,dev,manuel,MQ_GBM_20140316_061814
"bucket0$182,:3,:6001",2014-03-16T06:18:20.410000,MQ,LAM,14.81292,-61.16314,1240.0,5162.0,5216.0,5162,100.0,ZNE,train,manuel,MQ_LAM_20140316_061912
"bucket0$183,:3,:6001",2014-03-16T06:18:49.349900,MQ,BAM,14.8171,-61.1445,670.0,2296.0,,2296,100.0,ZNE,train,manuel,MQ_BAM_20140316_061912
"bucket0$184,:3,:6001",2014-03-16T06:18:26.090000,MQ,IA2,14.80307,-61.20515,289.0,4702.0,4743.0,4702,100.0,ZNE,train,manuel,MQ_IA2_20140316_061913
"bucket0$185,:3,:6001",2014-03-16T06:20:11.050000,MQ,LAM,14.81292,-61.16314,1240.0,759.0,896.0,759,100.0,ZNE,train,manuel,MQ_LAM_20140316_062018
"bucket0$186,:3,:6001",2014-03-16T06:20:12.329900,MQ,GBM,14.799451,-61.159276,800.0,670.0,,670,100.0,ZNE,train,manuel,MQ_GBM_20140316_062019
"bucket0$187,:3,:6001",2014-03-16T06:19:57.399900,MQ,MLM,14.7846,-61.1786,370.0,2241.0,,2241,100.0,ZNE,train,manuel,MQ_MLM_20140316_062019
"bucket0$188,:3,:6001",2014-03-16T06:19:41.849900,MQ,BAM,14.8171,-61.1445,670.0,3801.0,,3801,100.0,ZNE,train,manuel,MQ_BAM_20140316_062019
"bucket0$189,:3,:6001",2014-03-16T06:19:27.210000,MQ,IA2,14.80307,-61.20515,289.0,5278.0,5354.0,5278,100.0,ZNE,train,manuel,MQ_IA2_20140316_062019
"bucket0$190,:3,:6001",2014-03-16T06:27:32.550000,MQ,LAM,14.81292,-61.16314,1240.0,3475.0,3504.0,3475,100.0,ZNE,train,manuel,MQ_LAM_20140316_062807
"bucket0$191,:3,:6001",2014-03-16T06:27:48.519900,MQ,BAM,14.8171,-61.1445,670.0,1909.0,,1909,100.0,ZNE,train,manuel,MQ_BAM_20140316_062807
"bucket0$192,:3,:6001",2014-03-16T06:27:59.069900,MQ,GBM,14.799451,-61.159276,800.0,877.0,,877,100.0,ZNE,train,manuel,MQ_GBM_20140316_062807
"bucket0$193,:3,:6001",2014-03-16T06:42:00.950000,MQ,LAM,14.81292,-61.16314,1240.0,897.0,1179.0,897,100.0,ZNE,train,manuel,MQ_LAM_20140316_064209
"bucket0$194,:3,:6001",2014-03-16T06:41:53.979900,MQ,GBM,14.799451,-61.159276,800.0,1631.0,,1631,100.0,ZNE,train,manuel,MQ_GBM_20140316_064210
"bucket0$195,:3,:6001",2014-03-16T06:41:21.539900,MQ,BAM,14.8171,-61.1445,670.0,4878.0,,4878,100.0,ZNE,train,manuel,MQ_BAM_20140316_064210
"bucket0$196,:3,:6001",2014-03-16T06:53:04.170000,MQ,LAM,14.81292,-61.16314,1240.0,3842.0,3956.0,3842,100.0,ZNE,train,manuel,MQ_LAM_20140316_065342
"bucket0$197,:3,:6001",2014-03-16T06:53:00.789900,MQ,GBM,14.799451,-61.159276,800.0,4209.0,,4209,100.0,ZNE,train,manuel,MQ_GBM_20140316_065342
"bucket0$198,:3,:6001",2014-03-16T06:53:07.150000,MQ,IA2,14.80307,-61.20515,289.0,3575.0,3740.0,3575,100.0,ZNE,train,manuel,MQ_IA2_20140316_065342
"bucket2$30,:3,:6001",2014-03-16T06:53:06.279900,MQ,BAM,14.8171,-61.1445,670.0,3697.0,,3697,100.0,ZNE,dev,manuel,MQ_BAM_20140316_065343
"bucket0$199,:3,:6001",2014-03-16T06:53:18,WI,SAM,14.84108,-61.1638,485.0,,2655.0,2655,100.0,ZNE,train,manuel,WI_SAM_20140316_065344
"bucket0$200,:3,:6001",2014-03-16T07:33:10.020000,MQ,LAM,14.81292,-61.16314,1240.0,556.0,623.0,556,100.0,ZNE,train,manuel,MQ_LAM_20140316_073315
"bucket1$31,:3,:6001",2014-03-16T07:33:06.559900,MQ,GBM,14.799451,-61.159276,800.0,917.0,,917,100.0,ZNE,test,manuel,MQ_GBM_20140316_073315
"bucket0$201,:3,:6001",2014-03-16T07:32:50.919900,MQ,BAM,14.8171,-61.1445,670.0,2499.0,,2499,100.0,ZNE,train,manuel,MQ_BAM_20140316_073315
"bucket0$202,:3,:6001",2014-03-16T07:32:40.250000,MQ,IA2,14.80307,-61.20515,289.0,3622.0,3704.0,3622,100.0,ZNE,train,manuel,MQ_IA2_20140316_073316
"bucket0$203,:3,:6001",2014-03-16T07:37:12.029900,MQ,GBM,14.799451,-61.159276,800.0,3008.0,,3008,100.0,ZNE,train,manuel,MQ_GBM_20140316_073742
"bucket2$31,:3,:6001",2014-03-16T07:37:12.019900,MQ,BAM,14.8171,-61.1445,670.0,3032.0,,3032,100.0,ZNE,dev,manuel,MQ_BAM_20140316_073742
"bucket0$204,:3,:6001",2014-03-16T07:37:31.230000,MQ,LAM,14.81292,-61.16314,1240.0,1142.0,1202.0,1142,100.0,ZNE,train,manuel,MQ_LAM_20140316_073742
"bucket0$205,:3,:6001",2014-03-16T07:37:37.100000,MQ,IA2,14.80307,-61.20515,289.0,579.0,671.0,579,100.0,ZNE,train,manuel,MQ_IA2_20140316_073742
"bucket1$32,:3,:6001",2014-03-16T07:51:36.959900,MQ,GBM,14.799451,-61.159276,800.0,2740.0,,2740,100.0,ZNE,test,manuel,MQ_GBM_20140316_075204
"bucket0$206,:3,:6001",2014-03-16T07:51:31.559900,MQ,BAM,14.8171,-61.1445,670.0,3288.0,,3288,100.0,ZNE,train,manuel,MQ_BAM_20140316_075204
"bucket0$207,:3,:6001",2014-03-16T07:51:14.390000,MQ,LAM,14.81292,-61.16314,1240.0,5065.0,5139.0,5065,100.0,ZNE,train,manuel,MQ_LAM_20140316_075205
"bucket0$208,:3,:6001",2014-03-16T08:16:01.220000,MQ,LAM,14.81292,-61.16314,1240.0,1536.0,1595.0,1536,100.0,ZNE,train,manuel,MQ_LAM_20140316_081616
"bucket0$209,:3,:6001",2014-03-16T08:16:08.049900,MQ,GBM,14.799451,-61.159276,800.0,861.0,,861,100.0,ZNE,train,manuel,MQ_GBM_20140316_081616
"bucket2$32,:3,:6001",2014-03-16T08:15:49.589900,MQ,BAM,14.8171,-61.1445,670.0,2755.0,,2755,100.0,ZNE,dev,manuel,MQ_BAM_20140316_081617
"bucket2$33,:3,:6001",2014-03-16T08:51:48.050000,MQ,LAM,14.81292,-61.16314,1240.0,2764.0,2823.0,2764,100.0,ZNE,dev,manuel,MQ_LAM_20140316_085215
"bucket0$210,:3,:6001",2014-03-16T08:52:00.269900,MQ,GBM,14.799451,-61.159276,800.0,1572.0,,1572,100.0,ZNE,train,manuel,MQ_GBM_20140316_085215
"bucket0$211,:3,:6001",2014-03-16T08:51:23.429900,MQ,BAM,14.8171,-61.1445,670.0,5263.0,,5263,100.0,ZNE,train,manuel,MQ_BAM_20140316_085216
"bucket1$33,:3,:6001",2014-03-16T08:51:30.530000,WI,SAM,14.84108,-61.1638,485.0,4608.0,,4608,100.0,ZNE,test,manuel,WI_SAM_20140316_085216
"bucket0$212,:3,:6001",2014-03-16T09:22:15.519900,MQ,BAM,14.8171,-61.1445,670.0,964.0,,964,100.0,ZNE,train,manuel,MQ_BAM_20140316_092225
"bucket0$213,:3,:6001",2014-03-16T09:21:48.810000,MQ,LAM,14.81292,-61.16314,1240.0,3635.0,3699.0,3635,100.0,ZNE,train,manuel,MQ_LAM_20140316_092225
"bucket1$34,:3,:6001",2014-03-16T09:22:08.409900,MQ,GBM,14.799451,-61.159276,800.0,1685.0,,1685,100.0,ZNE,test,manuel,MQ_GBM_20140316_092225
"bucket0$214,:3,:6001",2014-03-16T09:22:05.260000,MQ,IA2,14.80307,-61.20515,289.0,2021.0,2159.0,2021,100.0,ZNE,train,manuel,MQ_IA2_20140316_092225
"bucket0$215,:3,:6001",2014-03-16T10:17:41.850000,MQ,LAM,14.81292,-61.16314,1240.0,3152.0,,3152,100.0,ZNE,train,manuel,MQ_LAM_20140316_101813
"bucket0$216,:3,:6001",2014-03-16T10:17:53.569900,MQ,GBM,14.799451,-61.159276,800.0,2000.0,,2000,100.0,ZNE,train,manuel,MQ_GBM_20140316_101813
"bucket0$217,:3,:6001",2014-03-16T10:17:37.539900,MQ,BAM,14.8171,-61.1445,670.0,3612.0,,3612,100.0,ZNE,train,manuel,MQ_BAM_20140316_101813
"bucket0$218,:3,:6001",2014-03-16T10:27:31.820000,MQ,IA2,14.80307,-61.20515,289.0,1200.0,1397.0,1200,100.0,ZNE,train,manuel,MQ_IA2_20140316_102743
"bucket0$219,:3,:6001",2014-03-16T10:27:26.109900,MQ,GBM,14.799451,-61.159276,800.0,1815.0,,1815,100.0,ZNE,train,manuel,MQ_GBM_20140316_102744
"bucket0$220,:3,:6001",2014-03-16T10:27:02.190000,MQ,LAM,14.81292,-61.16314,1240.0,4211.0,4361.0,4211,100.0,ZNE,train,manuel,MQ_LAM_20140316_102744
"bucket0$221,:3,:6001",2014-03-16T10:27:05.109900,MQ,BAM,14.8171,-61.1445,670.0,3949.0,,3949,100.0,ZNE,train,manuel,MQ_BAM_20140316_102744
"bucket0$222,:3,:6001",2014-03-16T10:36:57.919900,MQ,BAM,14.8171,-61.1445,670.0,1901.0,,1901,100.0,ZNE,train,manuel,MQ_BAM_20140316_103716
"bucket0$223,:3,:6001",2014-03-16T10:36:59.160000,MQ,LAM,14.81292,-61.16314,1240.0,1868.0,1929.0,1868,100.0,ZNE,train,manuel,MQ_LAM_20140316_103717
"bucket1$35,:3,:6001",2014-03-16T18:45:14.620000,MQ,LAM,14.81292,-61.16314,1240.0,877.0,,877,100.0,ZNE,test,manuel,MQ_LAM_20140316_184523
"bucket0$224,:3,:6001",2014-03-16T18:44:29.009900,MQ,MLM,14.7846,-61.1786,370.0,4697.0,,4697,100.0,ZNE,train,manuel,MQ_MLM_20140316_184515
"bucket1$36,:3,:6001",2014-03-16T18:44:52.029900,MQ,GBM,14.799451,-61.159276,800.0,2402.0,,2402,100.0,ZNE,test,manuel,MQ_GBM_20140316_184516
"bucket0$225,:3,:6001",2014-03-16T18:44:40.989900,MQ,BAM,14.8171,-61.1445,670.0,3562.0,,3562,100.0,ZNE,train,manuel,MQ_BAM_20140316_184516
"bucket1$37,:3,:6001",2014-03-16T18:44:29.510000,WI,SAM,14.84108,-61.1638,485.0,4730.0,,4730,100.0,ZNE,test,manuel,WI_SAM_20140316_184516
"bucket2$34,:3,:6001",2014-03-16T18:45:06.950000,MQ,IA2,14.80307,-61.20515,289.0,990.0,1655.0,990,100.0,ZNE,dev,manuel,MQ_IA2_20140316_184516
"bucket0$226,:3,:6001",2014-03-16T19:37:36.510000,MQ,LAM,14.81292,-61.16314,1240.0,2595.0,2669.0,2595,100.0,ZNE,train,manuel,MQ_LAM_20140316_193802
"bucket0$227,:3,:6001",2014-03-16T19:37:55.179900,MQ,MLM,14.7846,-61.1786,370.0,780.0,,780,100.0,ZNE,train,manuel,MQ_MLM_20140316_193802
"bucket0$228,:3,:6001",2014-03-16T19:37:43.639900,MQ,GBM,14.799451,-61.159276,800.0,1939.0,,1939,100.0,ZNE,train,manuel,MQ_GBM_20140316_193803
"bucket0$229,:3,:6001",2014-03-16T19:37:41.650000,MQ,IA2,14.80307,-61.20515,289.0,2142.0,2238.0,2142,100.0,ZNE,train,manuel,MQ_IA2_20140316_193803
"bucket0$230,:3,:6001",2014-03-16T19:37:55.129900,MQ,CPM,14.8168,-61.2074,242.0,825.0,,825,100.0,ZNE,train,manuel,MQ_CPM_20140316_193803
"bucket0$231,:3,:6001",2014-03-16T19:37:57.469900,MQ,BAM,14.8171,-61.1445,670.0,622.0,,622,100.0,ZNE,train,manuel,MQ_BAM_20140316_193803
"bucket0$232,:3,:6001",2014-03-16T23:39:58.649900,MQ,GBM,14.799451,-61.159276,800.0,1543.0,,1543,100.0,ZNE,train,manuel,MQ_GBM_20140316_234014
"bucket0$233,:3,:6001",2014-03-16T23:39:57.310000,MQ,LAM,14.81292,-61.16314,1240.0,1682.0,1838.0,1682,100.0,ZNE,train,manuel,MQ_LAM_20140316_234014
"bucket0$234,:3,:6001",2014-03-16T23:40:03.539900,MQ,BAM,14.8171,-61.1445,670.0,1079.0,,1079,100.0,ZNE,train,manuel,MQ_BAM_20140316_234014
"bucket0$235,:3,:6001",2014-03-16T23:39:37.440000,MQ,IA2,14.80307,-61.20515,289.0,3690.0,3831.0,3690,100.0,ZNE,train,manuel,MQ_IA2_20140316_234014
"bucket0$236,:3,:6001",2014-03-17T17:29:56.699900,MQ,GBM,14.799451,-61.159276,800.0,5100.0,,5100,100.0,ZNE,train,manuel,MQ_GBM_20140317_173047
"bucket0$237,:3,:6001",2014-03-17T17:30:41.540000,MQ,LAM,14.81292,-61.16314,1240.0,616.0,1284.0,616,100.0,ZNE,train,manuel,MQ_LAM_20140317_173047
"bucket0$238,:3,:6001",2014-03-17T17:30:39.320000,MQ,IA2,14.80307,-61.20515,289.0,897.0,1614.0,897,100.0,ZNE,train,manuel,MQ_IA2_20140317_173048
"bucket0$239,:3,:6001",2014-03-17T17:30:31.379900,MQ,BAM,14.8171,-61.1445,670.0,1696.0,,1696,100.0,ZNE,train,manuel,MQ_BAM_20140317_173048
"bucket0$240,:3,:6001",2014-03-17T17:32:11.620000,WI,SAM,14.84108,-61.1638,485.0,3077.0,3426.0,3077,100.0,ZNE,train,manuel,WI_SAM_20140317_173242
"bucket1$38,:3,:6001",2014-03-17T17:31:50.930000,MQ,IA2,14.80307,-61.20515,289.0,5199.0,5374.0,5199,100.0,ZNE,test,manuel,MQ_IA2_20140317_173242
"bucket0$241,:3,:6001",2014-03-17T17:31:51.090000,MQ,LAM,14.81292,-61.16314,1240.0,5198.0,5319.0,5198,100.0,ZNE,train,manuel,MQ_LAM_20140317_173243
"bucket0$242,:3,:6001",2014-03-17T17:32:27.529900,MQ,MLM,14.7846,-61.1786,370.0,1602.0,,1602,100.0,ZNE,train,manuel,MQ_MLM_20140317_173243
"bucket1$39,:3,:6001",2014-03-17T17:32:35.159900,MQ,BAM,14.8171,-61.1445,670.0,856.0,,856,100.0,ZNE,test,manuel,MQ_BAM_20140317_173243
"bucket0$243,:3,:6001",2014-03-17T17:32:26.139900,MQ,GBM,14.799451,-61.159276,800.0,1789.0,,1789,100.0,ZNE,train,manuel,MQ_GBM_20140317_173244
"bucket0$244,:3,:6001",2014-03-17T17:32:45.600000,MQ,LAM,14.81292,-61.16314,1240.0,2177.0,2574.0,2177,100.0,ZNE,train,manuel,MQ_LAM_20140317_173307
"bucket0$245,:3,:6001",2014-03-17T17:32:16.709900,MQ,BAM,14.8171,-61.1445,670.0,5071.0,,5071,100.0,ZNE,train,manuel,MQ_BAM_20140317_173307
"bucket0$246,:3,:6001",2014-03-17T17:32:23.819900,MQ,GBM,14.799451,-61.159276,800.0,4394.0,,4394,100.0,ZNE,train,manuel,MQ_GBM_20140317_173307
"bucket0$247,:3,:6001",2014-03-17T17:32:17.960000,MQ,IA2,14.80307,-61.20515,289.0,5003.0,5442.0,5003,100.0,ZNE,train,manuel,MQ_IA2_20140317_173307
"bucket0$248,:3,:6001",2014-03-17T20:12:21.310000,MQ,LAM,14.81292,-61.16314,1240.0,3999.0,4145.0,3999,100.0,ZNE,train,manuel,MQ_LAM_20140317_201301
"bucket0$249,:3,:6001",2014-03-17T20:12:08.069900,MQ,GBM,14.799451,-61.159276,800.0,5339.0,,5339,100.0,ZNE,train,manuel,MQ_GBM_20140317_201301
"bucket2$35,:3,:6001",2014-03-17T20:12:27.399900,MQ,BAM,14.8171,-61.1445,670.0,3491.0,,3491,100.0,ZNE,dev,manuel,MQ_BAM_20140317_201302
"bucket0$250,:3,:6001",2014-03-17T20:29:03.020000,MQ,LAM,14.81292,-61.16314,1240.0,4053.0,4120.0,4053,100.0,ZNE,train,manuel,MQ_LAM_20140317_202943
"bucket0$251,:3,:6001",2014-03-17T20:29:01.999900,MQ,GBM,14.799451,-61.159276,800.0,4182.0,,4182,100.0,ZNE,train,manuel,MQ_GBM_20140317_202943
"bucket0$252,:3,:6001",2014-03-17T20:29:22.629900,MQ,BAM,14.8171,-61.1445,670.0,2163.0,,2163,100.0,ZNE,train,manuel,MQ_BAM_20140317_202944
"bucket0$253,:3,:6001",2014-03-17T23:53:43.350000,MQ,LAM,14.81292,-61.16314,1240.0,1265.0,2053.0,1265,100.0,ZNE,train,manuel,MQ_LAM_20140317_235356
"bucket1$40,:3,:6001",2014-03-17T23:53:10.509900,MQ,GBM,14.799451,-61.159276,800.0,4617.0,,4617,100.0,ZNE,test,manuel,MQ_GBM_20140317_235356
"bucket0$254,:3,:6001",2014-03-17T23:53:22.539900,MQ,MLM,14.7846,-61.1786,370.0,3460.0,,3460,100.0,ZNE,train,manuel,MQ_MLM_20140317_235357
"bucket0$255,:3,:6001",2014-03-17T23:53:21.699900,MQ,BAM,14.8171,-61.1445,670.0,3572.0,,3572,100.0,ZNE,train,manuel,MQ_BAM_20140317_235357
"bucket0$256,:3,:6001",2014-03-17T23:53:53.020000,MQ,IA2,14.80307,-61.20515,289.0,569.0,1320.0,569,100.0,ZNE,train,manuel,MQ_IA2_20140317_235358
"bucket0$257,:3,:6001",2014-03-18T00:24:05.940000,MQ,LAM,14.81292,-61.16314,1240.0,853.0,1109.0,853,100.0,ZNE,train,manuel,MQ_LAM_20140318_002414
"bucket0$258,:3,:6001",2014-03-18T00:23:34.309900,MQ,GBM,14.799451,-61.159276,800.0,4091.0,,4091,100.0,ZNE,train,manuel,MQ_GBM_20140318_002415
"bucket0$259,:3,:6001",2014-03-18T00:23:58.689900,MQ,BAM,14.8171,-61.1445,670.0,1680.0,,1680,100.0,ZNE,train,manuel,MQ_BAM_20140318_002415
"bucket0$260,:3,:6001",2014-03-18T05:13:15.520000,MQ,LAM,14.81292,-61.16314,1240.0,5074.0,5251.0,5074,100.0,ZNE,train,manuel,MQ_LAM_20140318_051406
"bucket2$36,:3,:6001",2014-03-18T05:13:29.789900,MQ,GBM,14.799451,-61.159276,800.0,3666.0,,3666,100.0,ZNE,dev,manuel,MQ_GBM_20140318_051406
"bucket0$261,:3,:6001",2014-03-18T05:13:34.899900,MQ,BAM,14.8171,-61.1445,670.0,3172.0,,3172,100.0,ZNE,train,manuel,MQ_BAM_20140318_051406
"bucket0$262,:3,:6001",2014-03-18T05:13:15.320000,MQ,IA2,14.80307,-61.20515,289.0,5134.0,5256.0,5134,100.0,ZNE,train,manuel,MQ_IA2_20140318_051406
"bucket0$263,:3,:6001",2014-03-18T22:14:32.110000,MQ,LAM,14.81292,-61.16314,1240.0,2213.0,,2213,100.0,ZNE,train,manuel,MQ_LAM_20140318_221454
"bucket0$264,:3,:6001",2014-03-18T22:14:46.079900,MQ,BAM,14.8171,-61.1445,670.0,825.0,,825,100.0,ZNE,train,manuel,MQ_BAM_20140318_221454
"bucket0$265,:3,:6001",2014-03-18T22:14:30.139900,MQ,GBM,14.799451,-61.159276,800.0,2443.0,,2443,100.0,ZNE,train,manuel,MQ_GBM_20140318_221454
"bucket0$266,:3,:6001",2014-03-18T22:14:01.390000,MQ,IA2,14.80307,-61.20515,289.0,5325.0,,5325,100.0,ZNE,train,manuel,MQ_IA2_20140318_221454
"bucket0$267,:3,:6001",2014-03-19T03:32:31.830000,MQ,LAM,14.81292,-61.16314,1240.0,5443.0,5499.0,5443,100.0,ZNE,train,manuel,MQ_LAM_20140319_033326
"bucket0$268,:3,:6001",2014-03-19T03:32:33.329900,MQ,BAM,14.8171,-61.1445,670.0,5302.0,,5302,100.0,ZNE,train,manuel,MQ_BAM_20140319_033326
"bucket2$37,:3,:6001",2014-03-19T03:32:37.469900,MQ,GBM,14.799451,-61.159276,800.0,4902.0,,4902,100.0,ZNE,dev,manuel,MQ_GBM_20140319_033326
"bucket0$269,:3,:6001",2014-03-19T15:54:42.370000,MQ,LAM,14.81292,-61.16314,1240.0,5004.0,5384.0,5004,100.0,ZNE,train,manuel,MQ_LAM_20140319_155532
"bucket2$38,:3,:6001",2014-03-19T15:54:57.619900,MQ,GBM,14.799451,-61.159276,800.0,3495.0,,3495,100.0,ZNE,dev,manuel,MQ_GBM_20140319_155532
"bucket0$270,:3,:6001",2014-03-19T15:55:10.999900,MQ,BAM,14.8171,-61.1445,670.0,2203.0,,2203,100.0,ZNE,train,manuel,MQ_BAM_20140319_155533
"bucket0$271,:3,:6001",2014-03-22T15:44:14.239900,MQ,BAM,14.8171,-61.1445,670.0,4665.0,,4665,100.0,ZNE,train,manuel,MQ_BAM_20140322_154500
"bucket0$272,:3,:6001",2014-03-22T15:44:51.319900,MQ,GBM,14.799451,-61.159276,800.0,984.0,,984,100.0,ZNE,train,manuel,MQ_GBM_20140322_154501
"bucket0$273,:3,:6001",2014-03-22T15:44:08.250000,MQ,LAM,14.81292,-61.16314,1240.0,5297.0,,5297,100.0,ZNE,train,manuel,MQ_LAM_20140322_154501
"bucket0$274,:3,:6001",2014-03-22T15:44:23.190000,MQ,IA2,14.80307,-61.20515,289.0,3858.0,3959.0,3858,100.0,ZNE,train,manuel,MQ_IA2_20140322_154501
"bucket0$275,:3,:6001",2014-03-22T21:47:50.900000,MQ,LAM,14.81292,-61.16314,1240.0,2486.0,2526.0,2486,100.0,ZNE,train,manuel,MQ_LAM_20140322_214815
"bucket0$276,:3,:6001",2014-03-22T21:47:40.329900,MQ,GBM,14.799451,-61.159276,800.0,3552.0,,3552,100.0,ZNE,train,manuel,MQ_GBM_20140322_214815
"bucket0$277,:3,:6001",2014-03-22T21:48:01.409900,MQ,CPM,14.8168,-61.2074,242.0,1471.0,,1471,100.0,ZNE,train,manuel,MQ_CPM_20140322_214816
"bucket0$278,:3,:6001",2014-03-22T21:47:37.349900,MQ,BAM,14.8171,-61.1445,670.0,3890.0,,3890,100.0,ZNE,train,manuel,MQ_BAM_20140322_214816
"bucket0$279,:3,:6001",2014-03-28T08:30:20.099900,MQ,GBM,14.799451,-61.159276,800.0,1235.0,,1235,100.0,ZNE,train,manuel,MQ_GBM_20140328_083032
"bucket0$280,:3,:6001",2014-03-28T08:30:05.810000,MQ,LAM,14.81292,-61.16314,1240.0,2668.0,2822.0,2668,100.0,ZNE,train,manuel,MQ_LAM_20140328_083032
"bucket0$281,:3,:6001",2014-03-28T08:30:15.569900,MQ,BAM,14.8171,-61.1445,670.0,1723.0,,1723,100.0,ZNE,train,manuel,MQ_BAM_20140328_083032
"bucket1$41,:3,:6001",2014-03-28T08:30:15.460000,MQ,IA2,14.80307,-61.20515,289.0,,1842.0,1842,100.0,ZNE,test,manuel,MQ_IA2_20140328_083033
"bucket0$282,:3,:6001",2014-03-28T08:48:41.630000,MQ,IA2,14.80307,-61.20515,289.0,507.0,688.0,507,100.0,ZNE,train,manuel,MQ_IA2_20140328_084846
"bucket0$283,:3,:6001",2014-03-28T08:48:25.329900,MQ,GBM,14.799451,-61.159276,800.0,2155.0,,2155,100.0,ZNE,train,manuel,MQ_GBM_20140328_084846
"bucket0$284,:3,:6001",2014-03-28T08:48:11.950000,MQ,LAM,14.81292,-61.16314,1240.0,3502.0,3553.0,3502,100.0,ZNE,train,manuel,MQ_LAM_20140328_084846
"bucket1$42,:3,:6001",2014-03-28T08:48:35.329900,MQ,BAM,14.8171,-61.1445,670.0,1202.0,,1202,100.0,ZNE,test,manuel,MQ_BAM_20140328_084847
"bucket0$285,:3,:6001",2014-03-28T08:48:18.290000,WI,SAM,14.84108,-61.1638,485.0,,3036.0,3036,100.0,ZNE,train,manuel,WI_SAM_20140328_084848
"bucket0$286,:3,:6001",2014-03-28T09:14:47.729900,MQ,GBM,14.799451,-61.159276,800.0,2926.0,,2926,100.0,ZNE,train,manuel,MQ_GBM_20140328_091516
"bucket0$287,:3,:6001",2014-03-28T09:14:39.270000,MQ,LAM,14.81292,-61.16314,1240.0,3776.0,3840.0,3776,100.0,ZNE,train,manuel,MQ_LAM_20140328_091517
"bucket0$288,:3,:6001",2014-03-28T09:14:57.329900,MQ,BAM,14.8171,-61.1445,670.0,2011.0,,2011,100.0,ZNE,train,manuel,MQ_BAM_20140328_091517
"bucket0$289,:3,:6001",2014-03-28T09:14:51.050000,MQ,IA2,14.80307,-61.20515,289.0,2657.0,2747.0,2657,100.0,ZNE,train,manuel,MQ_IA2_20140328_091517
"bucket0$290,:3,:6001",2014-03-28T09:25:11.890000,MQ,LAM,14.81292,-61.16314,1240.0,5200.0,5250.0,5200,100.0,ZNE,train,manuel,MQ_LAM_20140328_092603
"bucket0$291,:3,:6001",2014-03-28T09:25:16.649900,MQ,GBM,14.799451,-61.159276,800.0,4753.0,,4753,100.0,ZNE,train,manuel,MQ_GBM_20140328_092604
"bucket0$292,:3,:6001",2014-03-28T09:25:33.699900,MQ,BAM,14.8171,-61.1445,670.0,3060.0,,3060,100.0,ZNE,train,manuel,MQ_BAM_20140328_092604
"bucket0$293,:3,:6001",2014-03-28T09:25:44.040000,MQ,IA2,14.80307,-61.20515,289.0,2045.0,2222.0,2045,100.0,ZNE,train,manuel,MQ_IA2_20140328_092604
"bucket0$294,:3,:6001",2014-03-28T11:39:19.989900,MQ,BAM,14.8171,-61.1445,670.0,3138.0,,3138,100.0,ZNE,train,manuel,MQ_BAM_20140328_113951
"bucket0$295,:3,:6001",2014-03-28T11:39:08.730000,MQ,LAM,14.81292,-61.16314,1240.0,4291.0,,4291,100.0,ZNE,train,manuel,MQ_LAM_20140328_113951
"bucket2$39,:3,:6001",2014-03-28T11:39:22.909900,MQ,GBM,14.799451,-61.159276,800.0,2931.0,,2931,100.0,ZNE,dev,manuel,MQ_GBM_20140328_113952
"bucket2$40,:3,:6001",2014-03-28T11:39:16,MQ,IA2,14.80307,-61.20515,289.0,,3915.0,3915,100.0,ZNE,dev,manuel,MQ_IA2_20140328_113955
"bucket0$296,:3,:6001",2014-03-28T12:33:48.539900,MQ,GBM,14.799451,-61.159276,800.0,3410.0,,3410,100.0,ZNE,train,manuel,MQ_GBM_20140328_123422
"bucket0$297,:3,:6001",2014-03-28T12:33:38.250000,MQ,LAM,14.81292,-61.16314,1240.0,4493.0,4563.0,4493,100.0,ZNE,train,manuel,MQ_LAM_20140328_123423
"bucket0$298,:3,:6001",2014-03-28T12:33:29.489900,MQ,BAM,14.8171,-61.1445,670.0,5408.0,,5408,100.0,ZNE,train,manuel,MQ_BAM_20140328_123423
"bucket1$43,:3,:6001",2014-03-28T13:35:07.530000,MQ,LAM,14.81292,-61.16314,1240.0,5073.0,,5073,100.0,ZNE,test,manuel,MQ_LAM_20140328_133558
"bucket0$299,:3,:6001",2014-03-28T13:35:23.029900,MQ,GBM,14.799451,-61.159276,800.0,3561.0,,3561,100.0,ZNE,train,manuel,MQ_GBM_20140328_133558
"bucket1$44,:3,:6001",2014-03-28T13:35:35.079900,MQ,BAM,14.8171,-61.1445,670.0,2399.0,,2399,100.0,ZNE,test,manuel,MQ_BAM_20140328_133559
"bucket0$300,:3,:6001",2014-03-30T09:24:36.490000,MQ,LAM,14.81292,-61.16314,1240.0,790.0,877.0,790,100.0,ZNE,train,manuel,MQ_LAM_20140330_092444
"bucket0$301,:3,:6001",2014-03-30T09:24:28.789900,MQ,GBM,14.799451,-61.159276,800.0,1601.0,,1601,100.0,ZNE,train,manuel,MQ_GBM_20140330_092444
"bucket0$302,:3,:6001",2014-03-30T09:24:14.189900,MQ,BAM,14.8171,-61.1445,670.0,3107.0,,3107,100.0,ZNE,train,manuel,MQ_BAM_20140330_092445
"bucket0$303,:3,:6001",2014-03-30T09:23:53.920000,MQ,IA2,14.80307,-61.20515,289.0,5145.0,5225.0,5145,100.0,ZNE,train,manuel,MQ_IA2_20140330_092445
"bucket0$304,:3,:6001",2014-04-01T17:52:14.889900,MQ,GBM,14.799451,-61.159276,800.0,1087.0,,1087,100.0,ZNE,train,manuel,MQ_GBM_20140401_175225
"bucket0$305,:3,:6001",2014-04-01T17:52:15.089900,MQ,BAM,14.8171,-61.1445,670.0,1125.0,,1125,100.0,ZNE,train,manuel,MQ_BAM_20140401_175226
"bucket0$306,:3,:6001",2014-04-01T17:51:56.960000,MQ,LAM,14.81292,-61.16314,1240.0,2938.0,3080.0,2938,100.0,ZNE,train,manuel,MQ_LAM_20140401_175226
"bucket2$41,:3,:6001",2014-04-01T17:53:01.939900,MQ,GBM,14.799451,-61.159276,800.0,2870.0,,2870,100.0,ZNE,dev,manuel,MQ_GBM_20140401_175330
"bucket1$45,:3,:6001",2014-04-01T17:52:48.960000,MQ,LAM,14.81292,-61.16314,1240.0,4229.0,4341.0,4229,100.0,ZNE,test,manuel,MQ_LAM_20140401_175331
"bucket2$42,:3,:6001",2014-04-01T17:52:51.119900,MQ,BAM,14.8171,-61.1445,670.0,4135.0,,4135,100.0,ZNE,dev,manuel,MQ_BAM_20140401_175332
"bucket0$307,:3,:6001",2014-04-01T19:12:42.509900,MQ,BAM,14.8171,-61.1445,670.0,841.0,,841,100.0,ZNE,train,manuel,MQ_BAM_20140401_191250
"bucket0$308,:3,:6001",2014-04-01T19:12:07.420000,MQ,LAM,14.81292,-61.16314,1240.0,4389.0,4430.0,4389,100.0,ZNE,train,manuel,MQ_LAM_20140401_191251
"bucket0$309,:3,:6001",2014-04-01T19:12:11.569900,MQ,GBM,14.799451,-61.159276,800.0,4015.0,,4015,100.0,ZNE,train,manuel,MQ_GBM_20140401_191251
"bucket0$310,:3,:6001",2014-04-01T19:24:14.360000,MQ,LAM,14.81292,-61.16314,1240.0,521.0,617.0,521,100.0,ZNE,train,manuel,MQ_LAM_20140401_192419
"bucket1$46,:3,:6001",2014-04-01T19:23:28.509900,MQ,GBM,14.799451,-61.159276,800.0,5089.0,,5089,100.0,ZNE,test,manuel,MQ_GBM_20140401_192419
"bucket1$47,:3,:6001",2014-04-01T21:22:45.949900,MQ,GBM,14.799451,-61.159276,800.0,3227.0,,3227,100.0,ZNE,test,manuel,MQ_GBM_20140401_212318
"bucket0$311,:3,:6001",2014-04-01T21:22:28.040000,MQ,LAM,14.81292,-61.16314,1240.0,5037.0,5101.0,5037,100.0,ZNE,train,manuel,MQ_LAM_20140401_212318
"bucket0$312,:3,:6001",2014-04-01T21:23:01.299900,MQ,BAM,14.8171,-61.1445,670.0,1726.0,,1726,100.0,ZNE,train,manuel,MQ_BAM_20140401_212318
"bucket2$43,:3,:6001",2014-04-01T23:07:21.079900,MQ,BAM,14.8171,-61.1445,670.0,2598.0,,2598,100.0,ZNE,dev,manuel,MQ_BAM_20140401_230747
"bucket2$44,:3,:6001",2014-04-01T23:07:37.589900,MQ,GBM,14.799451,-61.159276,800.0,955.0,,955,100.0,ZNE,dev,manuel,MQ_GBM_20140401_230747
"bucket0$313,:3,:6001",2014-04-01T23:07:16.250000,MQ,IA2,14.80307,-61.20515,289.0,3148.0,3309.0,3148,100.0,ZNE,train,manuel,MQ_IA2_20140401_230747
"bucket0$314,:3,:6001",2014-04-01T23:07:26.879900,MQ,CPM,14.8168,-61.2074,242.0,2119.0,,2119,100.0,ZNE,train,manuel,MQ_CPM_20140401_230748
"bucket0$315,:3,:6001",2014-04-01T23:07:14.970000,MQ,LAM,14.81292,-61.16314,1240.0,3450.0,,3450,100.0,ZNE,train,manuel,MQ_LAM_20140401_230749
"bucket0$316,:3,:6001",2014-04-01T23:11:15.219900,MQ,BAM,14.8171,-61.1445,670.0,1796.0,,1796,100.0,ZNE,train,manuel,MQ_BAM_20140401_231133
"bucket0$317,:3,:6001",2014-04-01T23:10:52.499900,MQ,GBM,14.799451,-61.159276,800.0,4084.0,,4084,100.0,ZNE,train,manuel,MQ_GBM_20140401_231133
"bucket0$318,:3,:6001",2014-04-01T23:11:23.700000,MQ,IA2,14.80307,-61.20515,289.0,966.0,1125.0,966,100.0,ZNE,train,manuel,MQ_IA2_20140401_231133
"bucket0$319,:3,:6001",2014-04-01T23:11:00.059900,MQ,CPM,14.8168,-61.2074,242.0,3357.0,,3357,100.0,ZNE,train,manuel,MQ_CPM_20140401_231133
"bucket0$320,:3,:6001",2014-04-01T23:10:54.390000,MQ,LAM,14.81292,-61.16314,1240.0,,4134.0,4134,100.0,ZNE,train,manuel,MQ_LAM_20140401_231135
"bucket0$321,:3,:6001",2014-04-01T23:18:30.839900,MQ,GBM,14.799451,-61.159276,800.0,811.0,,811,100.0,ZNE,train,manuel,MQ_GBM_20140401_231838
"bucket0$322,:3,:6001",2014-04-01T23:18:23.539900,MQ,BAM,14.8171,-61.1445,670.0,1584.0,,1584,100.0,ZNE,train,manuel,MQ_BAM_20140401_231839
"bucket1$48,:3,:6001",2014-04-01T23:18:36.340000,MQ,LAM,14.81292,-61.16314,1240.0,504.0,600.0,504,100.0,ZNE,test,manuel,MQ_LAM_20140401_231841
"bucket2$45,:3,:6001",2014-04-01T23:18:37.520000,MQ,IA2,14.80307,-61.20515,289.0,,596.0,596,100.0,ZNE,dev,manuel,MQ_IA2_20140401_231843
"bucket0$323,:3,:6001",2014-04-02T00:36:53.770000,MQ,LAM,14.81292,-61.16314,1240.0,3236.0,3322.0,3236,100.0,ZNE,train,manuel,MQ_LAM_20140402_003726
"bucket0$324,:3,:6001",2014-04-02T01:44:24.430000,MQ,LAM,14.81292,-61.16314,1240.0,4940.0,5015.0,4940,100.0,ZNE,train,manuel,MQ_LAM_20140402_014513
"bucket0$325,:3,:6001",2014-04-02T01:44:56.649900,MQ,GBM,14.799451,-61.159276,800.0,1749.0,,1749,100.0,ZNE,train,manuel,MQ_GBM_20140402_014514
"bucket0$326,:3,:6001",2014-04-02T01:44:20.289900,MQ,BAM,14.8171,-61.1445,670.0,5453.0,,5453,100.0,ZNE,train,manuel,MQ_BAM_20140402_014514
"bucket0$327,:3,:6001",2014-04-02T01:44:28.980000,MQ,IA2,14.80307,-61.20515,289.0,,4649.0,4649,100.0,ZNE,train,manuel,MQ_IA2_20140402_014515
"bucket0$328,:3,:6001",2014-04-02T01:48:36.530000,MQ,LAM,14.81292,-61.16314,1240.0,5358.0,5452.0,5358,100.0,ZNE,train,manuel,MQ_LAM_20140402_014930
"bucket0$329,:3,:6001",2014-04-02T01:48:56.579900,MQ,GBM,14.799451,-61.159276,800.0,3357.0,,3357,100.0,ZNE,train,manuel,MQ_GBM_20140402_014930
"bucket0$330,:3,:6001",2014-04-02T01:49:11.389900,MQ,BAM,14.8171,-61.1445,670.0,1910.0,,1910,100.0,ZNE,train,manuel,MQ_BAM_20140402_014930
"bucket0$331,:3,:6001",2014-04-02T02:07:07.949900,MQ,GBM,14.799451,-61.159276,800.0,5354.0,,5354,100.0,ZNE,train,manuel,MQ_GBM_20140402_020801
"bucket2$46,:3,:6001",2014-04-02T02:07:55.180000,MQ,LAM,14.81292,-61.16314,1240.0,697.0,,697,100.0,ZNE,dev,manuel,MQ_LAM_20140402_020802
"bucket0$332,:3,:6001",2014-04-02T02:07:21.099900,MQ,CPM,14.8168,-61.2074,242.0,4132.0,,4132,100.0,ZNE,train,manuel,MQ_CPM_20140402_020802
"bucket1$49,:3,:6001",2014-04-02T02:07:14.929900,MQ,BAM,14.8171,-61.1445,670.0,4749.0,,4749,100.0,ZNE,test,manuel,MQ_BAM_20140402_020802
"bucket0$333,:3,:6001",2014-04-02T02:23:57.979900,MQ,GBM,14.799451,-61.159276,800.0,3499.0,,3499,100.0,ZNE,train,manuel,MQ_GBM_20140402_022432
"bucket0$334,:3,:6001",2014-04-02T02:23:38.739900,MQ,BAM,14.8171,-61.1445,670.0,5431.0,,5431,100.0,ZNE,train,manuel,MQ_BAM_20140402_022433
"bucket0$335,:3,:6001",2014-04-02T02:24:17.760000,MQ,LAM,14.81292,-61.16314,1240.0,1542.0,1591.0,1542,100.0,ZNE,train,manuel,MQ_LAM_20140402_022433
"bucket0$336,:3,:6001",2014-04-02T02:24:22.319900,MQ,CPM,14.8168,-61.2074,242.0,1086.0,,1086,100.0,ZNE,train,manuel,MQ_CPM_20140402_022433
"bucket2$47,:3,:6001",2014-04-02T02:25:17.360000,MQ,LAM,14.81292,-61.16314,1240.0,3358.0,3471.0,3358,100.0,ZNE,dev,manuel,MQ_LAM_20140402_022550
"bucket0$337,:3,:6001",2014-04-02T02:25:46.589900,MQ,GBM,14.799451,-61.159276,800.0,528.0,,528,100.0,ZNE,train,manuel,MQ_GBM_20140402_022551
"bucket0$338,:3,:6001",2014-04-02T02:25:38.069900,MQ,BAM,14.8171,-61.1445,670.0,1517.0,,1517,100.0,ZNE,train,manuel,MQ_BAM_20140402_022553
"bucket2$48,:3,:6001",2014-04-02T02:59:31.610000,MQ,LAM,14.81292,-61.16314,1240.0,1069.0,1111.0,1069,100.0,ZNE,dev,manuel,MQ_LAM_20140402_025942
"bucket0$339,:3,:6001",2014-04-02T02:59:30.569900,MQ,GBM,14.799451,-61.159276,800.0,1205.0,,1205,100.0,ZNE,train,manuel,MQ_GBM_20140402_025942
"bucket0$340,:3,:6001",2014-04-02T02:58:54.609900,MQ,BAM,14.8171,-61.1445,670.0,4822.0,,4822,100.0,ZNE,train,manuel,MQ_BAM_20140402_025942
"bucket0$341,:3,:6001",2014-04-02T03:12:05.470000,MQ,LAM,14.81292,-61.16314,1240.0,4542.0,4619.0,4542,100.0,ZNE,train,manuel,MQ_LAM_20140402_031250
"bucket0$342,:3,:6001",2014-04-02T03:12:12.819900,MQ,GBM,14.799451,-61.159276,800.0,3811.0,,3811,100.0,ZNE,train,manuel,MQ_GBM_20140402_031250
"bucket0$343,:3,:6001",2014-04-02T03:11:58.669900,MQ,BAM,14.8171,-61.1445,670.0,5288.0,,5288,100.0,ZNE,train,manuel,MQ_BAM_20140402_031251
"bucket0$344,:3,:6001",2014-04-02T03:23:37.230000,MQ,LAM,14.81292,-61.16314,1240.0,4884.0,5090.0,4884,100.0,ZNE,train,manuel,MQ_LAM_20140402_032426
"bucket0$345,:3,:6001",2014-04-02T03:23:54.989900,MQ,GBM,14.799451,-61.159276,800.0,3115.0,,3115,100.0,ZNE,train,manuel,MQ_GBM_20140402_032426
"bucket2$49,:3,:6001",2014-04-02T03:24:15.779900,MQ,BAM,14.8171,-61.1445,670.0,1056.0,,1056,100.0,ZNE,dev,manuel,MQ_BAM_20140402_032426
"bucket0$346,:3,:6001",2014-04-02T03:23:37.500000,WI,SAM,14.84108,-61.1638,485.0,4899.0,,4899,100.0,ZNE,train,manuel,WI_SAM_20140402_032426
"bucket1$50,:3,:6001",2014-04-02T03:28:34.890000,MQ,LAM,14.81292,-61.16314,1240.0,4927.0,4981.0,4927,100.0,ZNE,test,manuel,MQ_LAM_20140402_032924
"bucket0$347,:3,:6001",2014-04-02T03:29:14.319900,MQ,BAM,14.8171,-61.1445,670.0,1092.0,,1092,100.0,ZNE,train,manuel,MQ_BAM_20140402_032925
"bucket1$51,:3,:6001",2014-04-02T04:35:39.020000,MQ,LAM,14.81292,-61.16314,1240.0,547.0,633.0,547,100.0,ZNE,test,manuel,MQ_LAM_20140402_043544
"bucket0$348,:3,:6001",2014-04-02T04:35:06.059900,MQ,BAM,14.8171,-61.1445,670.0,3851.0,,3851,100.0,ZNE,train,manuel,MQ_BAM_20140402_043544
"bucket0$349,:3,:6001",2014-04-02T04:35:04.279900,MQ,GBM,14.799451,-61.159276,800.0,4031.0,,4031,100.0,ZNE,train,manuel,MQ_GBM_20140402_043544
"bucket0$350,:3,:6001",2014-04-02T04:35:16.819900,MQ,MLM,14.7846,-61.1786,370.0,2818.0,,2818,100.0,ZNE,train,manuel,MQ_MLM_20140402_043545
"bucket1$52,:3,:6001",2014-04-02T04:43:02.610000,MQ,LAM,14.81292,-61.16314,1240.0,2143.0,2192.0,2143,100.0,ZNE,test,manuel,MQ_LAM_20140402_044324
"bucket0$351,:3,:6001",2014-04-02T04:42:58.069900,MQ,BAM,14.8171,-61.1445,670.0,2624.0,,2624,100.0,ZNE,train,manuel,MQ_BAM_20140402_044324
"bucket0$352,:3,:6001",2014-04-02T04:42:56.299900,MQ,GBM,14.799451,-61.159276,800.0,2810.0,,2810,100.0,ZNE,train,manuel,MQ_GBM_20140402_044324
"bucket0$353,:3,:6001",2014-04-02T06:45:25.720000,MQ,LAM,14.81292,-61.16314,1240.0,4475.0,5149.0,4475,100.0,ZNE,train,manuel,MQ_LAM_20140402_064610
"bucket0$354,:3,:6001",2014-04-02T06:45:17.089900,MQ,GBM,14.799451,-61.159276,800.0,5340.0,,5340,100.0,ZNE,train,manuel,MQ_GBM_20140402_064610
"bucket0$355,:3,:6001",2014-04-02T06:45:38.999900,MQ,BAM,14.8171,-61.1445,670.0,3183.0,,3183,100.0,ZNE,train,manuel,MQ_BAM_20140402_064610
"bucket0$356,:3,:6001",2014-04-02T06:45:57.399900,MQ,MLM,14.7846,-61.1786,370.0,1358.0,,1358,100.0,ZNE,train,manuel,MQ_MLM_20140402_064610
"bucket0$357,:3,:6001",2014-04-02T06:46:05.199900,MQ,CPM,14.8168,-61.2074,242.0,582.0,,582,100.0,ZNE,train,manuel,MQ_CPM_20140402_064611
"bucket0$358,:3,:6001",2014-04-02T06:45:24.520000,MQ,IA2,14.80307,-61.20515,289.0,4695.0,5239.0,4695,100.0,ZNE,train,manuel,MQ_IA2_20140402_064611
"bucket0$359,:3,:6001",2014-04-02T07:06:26.969900,MQ,GBM,14.799451,-61.159276,800.0,1552.0,,1552,100.0,ZNE,train,manuel,MQ_GBM_20140402_070642
"bucket0$360,:3,:6001",2014-04-02T07:05:56.660000,MQ,LAM,14.81292,-61.16314,1240.0,4602.0,4798.0,4602,100.0,ZNE,train,manuel,MQ_LAM_20140402_070642
"bucket0$361,:3,:6001",2014-04-02T07:06:33.969900,MQ,BAM,14.8171,-61.1445,670.0,943.0,,943,100.0,ZNE,train,manuel,MQ_BAM_20140402_070643
"bucket2$50,:3,:6001",2014-04-02T07:20:32.460000,MQ,LAM,14.81292,-61.16314,1240.0,3089.0,3134.0,3089,100.0,ZNE,dev,manuel,MQ_LAM_20140402_072103
"bucket0$362,:3,:6001",2014-04-02T07:20:25.969900,MQ,GBM,14.799451,-61.159276,800.0,3787.0,,3787,100.0,ZNE,train,manuel,MQ_GBM_20140402_072103
"bucket0$363,:3,:6001",2014-04-02T07:20:14.780000,MQ,IA2,14.80307,-61.20515,289.0,4910.0,5017.0,4910,100.0,ZNE,train,manuel,MQ_IA2_20140402_072103
"bucket0$364,:3,:6001",2014-04-02T07:24:19.990000,MQ,LAM,14.81292,-61.16314,1240.0,1462.0,1548.0,1462,100.0,ZNE,train,manuel,MQ_LAM_20140402_072434
"bucket0$365,:3,:6001",2014-04-02T07:23:44.879900,MQ,BAM,14.8171,-61.1445,670.0,5084.0,,5084,100.0,ZNE,train,manuel,MQ_BAM_20140402_072435
"bucket0$366,:3,:6001",2014-04-02T07:24:21.939900,MQ,GBM,14.799451,-61.159276,800.0,1420.0,,1420,100.0,ZNE,train,manuel,MQ_GBM_20140402_072436
"bucket0$367,:3,:6001",2014-04-02T07:25:51.010000,MQ,LAM,14.81292,-61.16314,1240.0,1577.0,1655.0,1577,100.0,ZNE,train,manuel,MQ_LAM_20140402_072606
"bucket0$368,:3,:6001",2014-04-02T07:25:24.089900,MQ,GBM,14.799451,-61.159276,800.0,4305.0,,4305,100.0,ZNE,train,manuel,MQ_GBM_20140402_072607
"bucket0$369,:3,:6001",2014-04-02T07:25:52.769900,MQ,BAM,14.8171,-61.1445,670.0,1439.0,,1439,100.0,ZNE,train,manuel,MQ_BAM_20140402_072607
"bucket0$370,:3,:6001",2014-04-02T07:26:51.360000,MQ,LAM,14.81292,-61.16314,1240.0,4748.0,4831.0,4748,100.0,ZNE,train,manuel,MQ_LAM_20140402_072738
"bucket0$371,:3,:6001",2014-04-02T07:27:13.159900,MQ,GBM,14.799451,-61.159276,800.0,2578.0,,2578,100.0,ZNE,train,manuel,MQ_GBM_20140402_072738
"bucket2$51,:3,:6001",2014-04-02T07:27:16.639900,MQ,BAM,14.8171,-61.1445,670.0,2231.0,,2231,100.0,ZNE,dev,manuel,MQ_BAM_20140402_072738
"bucket0$372,:3,:6001",2014-04-02T08:25:18.240000,MQ,LAM,14.81292,-61.16314,1240.0,4627.0,4696.0,4627,100.0,ZNE,train,manuel,MQ_LAM_20140402_082604
"bucket0$373,:3,:6001",2014-04-02T08:25:25.749900,MQ,GBM,14.799451,-61.159276,800.0,3885.0,,3885,100.0,ZNE,train,manuel,MQ_GBM_20140402_082604
"bucket0$374,:3,:6001",2014-04-02T08:25:40.769900,MQ,BAM,14.8171,-61.1445,670.0,2402.0,,2402,100.0,ZNE,train,manuel,MQ_BAM_20140402_082604
"bucket0$375,:3,:6001",2014-04-02T08:44:00.859900,MQ,BAM,14.8171,-61.1445,670.0,3047.0,,3047,100.0,ZNE,train,manuel,MQ_BAM_20140402_084431
"bucket0$376,:3,:6001",2014-04-02T08:43:57.100000,MQ,LAM,14.81292,-61.16314,1240.0,3465.0,3601.0,3465,100.0,ZNE,train,manuel,MQ_LAM_20140402_084431
"bucket0$377,:3,:6001",2014-04-02T08:43:45.509900,MQ,GBM,14.799451,-61.159276,800.0,4663.0,,4663,100.0,ZNE,train,manuel,MQ_GBM_20140402_084432
"bucket0$378,:3,:6001",2014-04-02T08:53:25.429900,MQ,GBM,14.799451,-61.159276,800.0,4795.0,,4795,100.0,ZNE,train,manuel,MQ_GBM_20140402_085413
"bucket0$379,:3,:6001",2014-04-02T08:53:23.140000,MQ,LAM,14.81292,-61.16314,1240.0,5033.0,5100.0,5033,100.0,ZNE,train,manuel,MQ_LAM_20140402_085413
"bucket0$380,:3,:6001",2014-04-02T08:54:01.509900,MQ,BAM,14.8171,-61.1445,670.0,1225.0,,1225,100.0,ZNE,train,manuel,MQ_BAM_20140402_085413
"bucket0$381,:3,:6001",2014-04-02T08:54:03.640000,MQ,IA2,14.80307,-61.20515,289.0,1069.0,1135.0,1069,100.0,ZNE,train,manuel,MQ_IA2_20140402_085414
"bucket0$382,:3,:6001",2014-04-02T10:32:33.830000,MQ,LAM,14.81292,-61.16314,1240.0,1290.0,,1290,100.0,ZNE,train,manuel,MQ_LAM_20140402_103246
"bucket1$53,:3,:6001",2014-04-02T10:31:58.179900,MQ,GBM,14.799451,-61.159276,800.0,4884.0,,4884,100.0,ZNE,test,manuel,MQ_GBM_20140402_103247
"bucket0$383,:3,:6001",2014-04-02T10:32:21.589900,MQ,BAM,14.8171,-61.1445,670.0,2580.0,,2580,100.0,ZNE,train,manuel,MQ_BAM_20140402_103247
"bucket0$384,:3,:6001",2014-04-02T10:32:32.880000,MQ,LAM,14.81292,-61.16314,1240.0,3271.0,3329.0,3271,100.0,ZNE,train,manuel,MQ_LAM_20140402_103305
"bucket0$385,:3,:6001",2014-04-02T10:32:34.769900,MQ,GBM,14.799451,-61.159276,800.0,3116.0,,3116,100.0,ZNE,train,manuel,MQ_GBM_20140402_103305
"bucket0$386,:3,:6001",2014-04-02T10:32:53.689900,MQ,BAM,14.8171,-61.1445,670.0,1292.0,,1292,100.0,ZNE,train,manuel,MQ_BAM_20140402_103306
"bucket0$387,:3,:6001",2014-04-02T10:32:57.940000,MQ,IA2,14.80307,-61.20515,289.0,901.0,,901,100.0,ZNE,train,manuel,MQ_IA2_20140402_103306
"bucket0$388,:3,:6001",2014-04-02T10:35:19.890000,MQ,LAM,14.81292,-61.16314,1240.0,2076.0,,2076,100.0,ZNE,train,manuel,MQ_LAM_20140402_103540
"bucket0$389,:3,:6001",2014-04-02T10:35:05.280000,MQ,IA2,14.80307,-61.20515,289.0,3564.0,3640.0,3564,100.0,ZNE,train,manuel,MQ_IA2_20140402_103540
"bucket0$390,:3,:6001",2014-04-02T10:34:49.849900,MQ,BAM,14.8171,-61.1445,670.0,5162.0,,5162,100.0,ZNE,train,manuel,MQ_BAM_20140402_103541
"bucket0$391,:3,:6001",2014-04-02T10:41:07.820000,MQ,LAM,14.81292,-61.16314,1240.0,2104.0,,2104,100.0,ZNE,train,manuel,MQ_LAM_20140402_104128
"bucket0$392,:3,:6001",2014-04-02T10:41:23.179900,MQ,BAM,14.8171,-61.1445,670.0,606.0,,606,100.0,ZNE,train,manuel,MQ_BAM_20140402_104129
"bucket0$393,:3,:6001",2014-04-02T10:41:13.719900,MQ,GBM,14.799451,-61.159276,800.0,1572.0,,1572,100.0,ZNE,train,manuel,MQ_GBM_20140402_104129
"bucket0$394,:3,:6001",2014-04-02T10:41:44.240000,MQ,LAM,14.81292,-61.16314,1240.0,2344.0,2386.0,2344,100.0,ZNE,train,manuel,MQ_LAM_20140402_104207
"bucket0$395,:3,:6001",2014-04-02T10:41:42.239900,MQ,GBM,14.799451,-61.159276,800.0,2588.0,,2588,100.0,ZNE,train,manuel,MQ_GBM_20140402_104208
"bucket0$396,:3,:6001",2014-04-02T10:41:52.319900,MQ,BAM,14.8171,-61.1445,670.0,1640.0,,1640,100.0,ZNE,train,manuel,MQ_BAM_20140402_104208
"bucket1$54,:3,:6001",2014-04-02T10:44:51.170000,MQ,LAM,14.81292,-61.16314,1240.0,3567.0,3665.0,3567,100.0,ZNE,test,manuel,MQ_LAM_20140402_104526
"bucket0$397,:3,:6001",2014-04-02T10:45:03.919900,MQ,GBM,14.799451,-61.159276,800.0,2338.0,,2338,100.0,ZNE,train,manuel,MQ_GBM_20140402_104527
"bucket0$398,:3,:6001",2014-04-02T10:44:34.099900,MQ,BAM,14.8171,-61.1445,670.0,5326.0,,5326,100.0,ZNE,train,manuel,MQ_BAM_20140402_104527
"bucket0$399,:3,:6001",2014-04-02T11:21:17.489900,MQ,GBM,14.799451,-61.159276,800.0,2157.0,,2157,100.0,ZNE,train,manuel,MQ_GBM_20140402_112139
"bucket0$400,:3,:6001",2014-04-02T11:20:53.909900,MQ,BAM,14.8171,-61.1445,670.0,4641.0,,4641,100.0,ZNE,train,manuel,MQ_BAM_20140402_112140
"bucket0$401,:3,:6001",2014-04-02T12:17:58.860000,MQ,LAM,14.81292,-61.16314,1240.0,4133.0,,4133,100.0,ZNE,train,manuel,MQ_LAM_20140402_121840
"bucket1$55,:3,:6001",2014-04-02T12:18:34.839900,MQ,BAM,14.8171,-61.1445,670.0,660.0,,660,100.0,ZNE,test,manuel,MQ_BAM_20140402_121841
"bucket1$56,:3,:6001",2014-04-02T12:18:27.600000,MQ,IA2,14.80307,-61.20515,289.0,,1415.0,1415,100.0,ZNE,test,manuel,MQ_IA2_20140402_121841
"bucket0$402,:3,:6001",2014-04-02T12:19:36.300000,MQ,LAM,14.81292,-61.16314,1240.0,4783.0,4804.0,4783,100.0,ZNE,train,manuel,MQ_LAM_20140402_122024
"bucket0$403,:3,:6001",2014-04-02T12:19:43.759900,MQ,GBM,14.799451,-61.159276,800.0,4108.0,,4108,100.0,ZNE,train,manuel,MQ_GBM_20140402_122024
"bucket0$404,:3,:6001",2014-04-02T12:20:05.719900,MQ,BAM,14.8171,-61.1445,670.0,1966.0,,1966,100.0,ZNE,train,manuel,MQ_BAM_20140402_122025
"bucket2$52,:3,:6001",2014-04-02T12:44:43.459900,MQ,GBM,14.799451,-61.159276,800.0,889.0,,889,100.0,ZNE,dev,manuel,MQ_GBM_20140402_124452
"bucket0$405,:3,:6001",2014-04-02T12:44:09.750000,MQ,LAM,14.81292,-61.16314,1240.0,4286.0,4378.0,4286,100.0,ZNE,train,manuel,MQ_LAM_20140402_124452
"bucket0$406,:3,:6001",2014-04-02T12:44:46.229900,MQ,BAM,14.8171,-61.1445,670.0,734.0,,734,100.0,ZNE,train,manuel,MQ_BAM_20140402_124453
"bucket2$53,:3,:6001",2014-04-02T12:46:16.860000,MQ,LAM,14.81292,-61.16314,1240.0,4532.0,4598.0,4532,100.0,ZNE,dev,manuel,MQ_LAM_20140402_124702
"bucket0$407,:3,:6001",2014-04-02T12:46:44.459900,MQ,GBM,14.799451,-61.159276,800.0,1784.0,,1784,100.0,ZNE,train,manuel,MQ_GBM_20140402_124702
"bucket0$408,:3,:6001",2014-04-02T12:46:38.299900,MQ,BAM,14.8171,-61.1445,670.0,2403.0,,2403,100.0,ZNE,train,manuel,MQ_BAM_20140402_124702
"bucket0$409,:3,:6001",2014-04-02T13:22:04.850000,MQ,LAM,14.81292,-61.16314,1240.0,3185.0,3653.0,3185,100.0,ZNE,train,manuel,MQ_LAM_20140402_132236
"bucket0$410,:3,:6001",2014-04-02T13:21:58.229900,MQ,GBM,14.799451,-61.159276,800.0,3897.0,,3897,100.0,ZNE,train,manuel,MQ_GBM_20140402_132237
"bucket0$411,:3,:6001",2014-04-02T13:21:56.689900,MQ,BAM,14.8171,-61.1445,670.0,4168.0,,4168,100.0,ZNE,train,manuel,MQ_BAM_20140402_132238
"bucket0$412,:3,:6001",2014-04-02T13:22:04.240000,WI,SAM,14.84108,-61.1638,485.0,3458.0,3880.0,3458,100.0,ZNE,train,manuel,WI_SAM_20140402_132238
"bucket0$413,:3,:6001",2014-04-02T13:22:26.800000,MQ,IA2,14.80307,-61.20515,289.0,,1569.0,1569,100.0,ZNE,train,manuel,MQ_IA2_20140402_132242
"bucket0$414,:3,:6001",2014-04-02T13:42:27.820000,WI,SAM,14.84108,-61.1638,485.0,3605.0,3877.0,3605,100.0,ZNE,train,manuel,WI_SAM_20140402_134303
"bucket0$415,:3,:6001",2014-04-02T13:42:33.959900,MQ,GBM,14.799451,-61.159276,800.0,3155.0,,3155,100.0,ZNE,train,manuel,MQ_GBM_20140402_134305
"bucket0$416,:3,:6001",2014-04-02T13:42:29.920000,MQ,LAM,14.81292,-61.16314,1240.0,,3584.0,3584,100.0,ZNE,train,manuel,MQ_LAM_20140402_134305
"bucket0$417,:3,:6001",2014-04-02T15:28:31.170000,MQ,LAM,14.81292,-61.16314,1240.0,4517.0,4743.0,4517,100.0,ZNE,train,manuel,MQ_LAM_20140402_152916
"bucket0$418,:3,:6001",2014-04-02T15:28:53.289900,MQ,GBM,14.799451,-61.159276,800.0,2348.0,,2348,100.0,ZNE,train,manuel,MQ_GBM_20140402_152916
"bucket0$419,:3,:6001",2014-04-02T15:28:22.979900,MQ,BAM,14.8171,-61.1445,670.0,5442.0,,5442,100.0,ZNE,train,manuel,MQ_BAM_20140402_152917
"bucket0$420,:3,:6001",2014-04-02T15:36:43.649900,MQ,BAM,14.8171,-61.1445,670.0,3853.0,,3853,100.0,ZNE,train,manuel,MQ_BAM_20140402_153722
"bucket2$54,:3,:6001",2014-04-02T15:37:06.380000,MQ,LAM,14.81292,-61.16314,1240.0,1590.0,1639.0,1590,100.0,ZNE,dev,manuel,MQ_LAM_20140402_153722
"bucket0$421,:3,:6001",2014-04-02T15:36:39.589900,MQ,GBM,14.799451,-61.159276,800.0,4349.0,,4349,100.0,ZNE,train,manuel,MQ_GBM_20140402_153723
"bucket0$422,:3,:6001",2014-04-02T15:42:06.440000,MQ,LAM,14.81292,-61.16314,1240.0,2849.0,,2849,100.0,ZNE,train,manuel,MQ_LAM_20140402_154234
"bucket0$423,:3,:6001",2014-04-02T15:41:46.179900,MQ,GBM,14.799451,-61.159276,800.0,4917.0,,4917,100.0,ZNE,train,manuel,MQ_GBM_20140402_154235
"bucket0$424,:3,:6001",2014-04-02T15:42:04.079900,MQ,BAM,14.8171,-61.1445,670.0,3158.0,,3158,100.0,ZNE,train,manuel,MQ_BAM_20140402_154235
"bucket0$425,:3,:6001",2014-04-02T16:57:59.830000,MQ,LAM,14.81292,-61.16314,1240.0,876.0,1443.0,876,100.0,ZNE,train,manuel,MQ_LAM_20140402_165808
"bucket0$426,:3,:6001",2014-04-02T16:57:38.559900,MQ,GBM,14.799451,-61.159276,800.0,3018.0,,3018,100.0,ZNE,train,manuel,MQ_GBM_20140402_165808
"bucket0$427,:3,:6001",2014-04-02T16:57:26.080000,WI,SAM,14.84108,-61.1638,485.0,4294.0,4976.0,4294,100.0,ZNE,train,manuel,WI_SAM_20140402_165809
"bucket1$57,:3,:6001",2014-04-02T16:57:30.889900,MQ,BAM,14.8171,-61.1445,670.0,3823.0,,3823,100.0,ZNE,test,manuel,MQ_BAM_20140402_165809
"bucket0$428,:3,:6001",2014-04-02T16:57:59.980000,MQ,IA2,14.80307,-61.20515,289.0,,1553.0,1553,100.0,ZNE,train,manuel,MQ_IA2_20140402_165815
"bucket0$429,:3,:6001",2014-04-02T18:32:38.110000,MQ,LAM,14.81292,-61.16314,1240.0,3371.0,3431.0,3371,100.0,ZNE,train,manuel,MQ_LAM_20140402_183311
"bucket0$430,:3,:6001",2014-04-02T18:32:20.009900,MQ,GBM,14.799451,-61.159276,800.0,5218.0,,5218,100.0,ZNE,train,manuel,MQ_GBM_20140402_183312
"bucket2$55,:3,:6001",2014-04-02T18:33:00.580000,MQ,IA2,14.80307,-61.20515,289.0,,1295.0,1295,100.0,ZNE,dev,manuel,MQ_IA2_20140402_183313
"bucket0$431,:3,:6001",2014-04-03T04:22:29.480000,MQ,IA2,14.80307,-61.20515,289.0,4557.0,4731.0,4557,100.0,ZNE,train,manuel,MQ_IA2_20140403_042315
"bucket0$432,:3,:6001",2014-04-03T04:23:09.169900,MQ,GBM,14.799451,-61.159276,800.0,593.0,,593,100.0,ZNE,train,manuel,MQ_GBM_20140403_042315
"bucket0$433,:3,:6001",2014-04-03T04:23:03.520000,MQ,LAM,14.81292,-61.16314,1240.0,1176.0,1315.0,1176,100.0,ZNE,train,manuel,MQ_LAM_20140403_042315
"bucket1$58,:3,:6001",2014-04-03T04:22:41.649900,MQ,MLM,14.7846,-61.1786,370.0,3370.0,,3370,100.0,ZNE,test,manuel,MQ_MLM_20140403_042315
"bucket0$434,:3,:6001",2014-04-03T04:22:32.289900,MQ,BAM,14.8171,-61.1445,670.0,4337.0,,4337,100.0,ZNE,train,manuel,MQ_BAM_20140403_042315
"bucket2$56,:3,:6001",2014-04-04T00:38:02.700000,MQ,IA2,14.80307,-61.20515,289.0,3705.0,3973.0,3705,100.0,ZNE,dev,manuel,MQ_IA2_20140404_003839
"bucket0$435,:3,:6001",2014-04-04T00:37:47.620000,MQ,LAM,14.81292,-61.16314,1240.0,5317.0,5446.0,5317,100.0,ZNE,train,manuel,MQ_LAM_20140404_003840
"bucket0$436,:3,:6001",2014-04-04T00:38:35.489900,MQ,GBM,14.799451,-61.159276,800.0,537.0,,537,100.0,ZNE,train,manuel,MQ_GBM_20140404_003840
"bucket2$57,:3,:6001",2014-04-04T00:38:35.839900,MQ,MLM,14.7846,-61.1786,370.0,504.0,,504,100.0,ZNE,dev,manuel,MQ_MLM_20140404_003840
"bucket0$437,:3,:6001",2014-04-04T00:38:34.189900,MQ,BAM,14.8171,-61.1445,670.0,726.0,,726,100.0,ZNE,train,manuel,MQ_BAM_20140404_003841
"bucket0$438,:3,:6001",2014-04-04T13:47:21.920000,MQ,LAM,14.81292,-61.16314,1240.0,3967.0,4450.0,3967,100.0,ZNE,train,manuel,MQ_LAM_20140404_134801
"bucket0$439,:3,:6001",2014-04-04T13:47:42.979900,MQ,BAM,14.8171,-61.1445,670.0,1869.0,,1869,100.0,ZNE,train,manuel,MQ_BAM_20140404_134801
"bucket0$440,:3,:6001",2014-04-04T13:47:16.079900,MQ,GBM,14.799451,-61.159276,800.0,4570.0,,4570,100.0,ZNE,train,manuel,MQ_GBM_20140404_134801
"bucket0$441,:3,:6001",2014-04-05T03:58:56.700000,MQ,LAM,14.81292,-61.16314,1240.0,2015.0,2534.0,2015,100.0,ZNE,train,manuel,MQ_LAM_20140405_035916
"bucket0$442,:3,:6001",2014-04-05T03:58:26.819900,MQ,BAM,14.8171,-61.1445,670.0,5025.0,,5025,100.0,ZNE,train,manuel,MQ_BAM_20140405_035917
"bucket0$443,:3,:6001",2014-04-05T03:58:43.869900,MQ,GBM,14.799451,-61.159276,800.0,3326.0,,3326,100.0,ZNE,train,manuel,MQ_GBM_20140405_035917
"bucket0$444,:3,:6001",2014-04-05T03:58:59.790000,MQ,IA2,14.80307,-61.20515,289.0,1741.0,2264.0,1741,100.0,ZNE,train,manuel,MQ_IA2_20140405_035917
"bucket0$445,:3,:6001",2014-04-05T03:59:08.349900,MQ,MLM,14.7846,-61.1786,370.0,938.0,,938,100.0,ZNE,train,manuel,MQ_MLM_20140405_035917
"bucket0$446,:3,:6001",2014-04-05T03:58:41.849900,MQ,CPM,14.8168,-61.2074,242.0,3639.0,,3639,100.0,ZNE,train,manuel,MQ_CPM_20140405_035918
"bucket0$447,:3,:6001",2014-04-05T05:40:47.760000,MQ,LAM,14.81292,-61.16314,1240.0,3453.0,3583.0,3453,100.0,ZNE,train,manuel,MQ_LAM_20140405_054122
"bucket0$448,:3,:6001",2014-04-05T05:40:58.529900,MQ,GBM,14.799451,-61.159276,800.0,2396.0,,2396,100.0,ZNE,train,manuel,MQ_GBM_20140405_054122
"bucket0$449,:3,:6001",2014-04-05T05:41:03.060000,MQ,IA2,14.80307,-61.20515,289.0,1974.0,2079.0,1974,100.0,ZNE,train,manuel,MQ_IA2_20140405_054122
"bucket0$450,:3,:6001",2014-04-05T05:40:32.839900,MQ,BAM,14.8171,-61.1445,670.0,5019.0,,5019,100.0,ZNE,train,manuel,MQ_BAM_20140405_054123
"bucket0$451,:3,:6001",2014-04-06T09:13:33.490000,MQ,LAM,14.81292,-61.16314,1240.0,4985.0,,4985,100.0,ZNE,train,manuel,MQ_LAM_20140406_091423
"bucket0$452,:3,:6001",2014-04-06T09:13:45.639900,MQ,GBM,14.799451,-61.159276,800.0,3796.0,,3796,100.0,ZNE,train,manuel,MQ_GBM_20140406_091423
"bucket0$453,:3,:6001",2014-04-09T03:29:44.940000,MQ,LAM,14.81292,-61.16314,1240.0,1857.0,,1857,100.0,ZNE,train,manuel,MQ_LAM_20140409_033003
"bucket0$454,:3,:6001",2014-04-09T03:29:14.320000,MQ,IA2,14.80307,-61.20515,289.0,4938.0,5077.0,4938,100.0,ZNE,train,manuel,MQ_IA2_20140409_033003
"bucket0$455,:3,:6001",2014-04-09T03:29:53.919900,MQ,GBM,14.799451,-61.159276,800.0,1006.0,,1006,100.0,ZNE,train,manuel,MQ_GBM_20140409_033003
"bucket0$456,:3,:6001",2014-04-09T03:47:10.200000,MQ,IA2,14.80307,-61.20515,289.0,3197.0,3421.0,3197,100.0,ZNE,train,manuel,MQ_IA2_20140409_034742
"bucket0$457,:3,:6001",2014-04-09T03:46:53.789900,MQ,BAM,14.8171,-61.1445,670.0,4871.0,,4871,100.0,ZNE,train,manuel,MQ_BAM_20140409_034742
"bucket1$59,:3,:6001",2014-04-09T03:47:12.749900,MQ,GBM,14.799451,-61.159276,800.0,2994.0,,2994,100.0,ZNE,test,manuel,MQ_GBM_20140409_034742
"bucket1$60,:3,:6001",2014-04-11T14:21:32.860000,MQ,LAM,14.81292,-61.16314,1240.0,925.0,,925,100.0,ZNE,test,manuel,MQ_LAM_20140411_142142
"bucket1$61,:3,:6001",2014-04-11T14:21:07.709900,MQ,GBM,14.799451,-61.159276,800.0,3444.0,,3444,100.0,ZNE,test,manuel,MQ_GBM_20140411_142142
"bucket2$58,:3,:6001",2014-04-11T14:20:59.829900,MQ,BAM,14.8171,-61.1445,670.0,4325.0,,4325,100.0,ZNE,dev,manuel,MQ_BAM_20140411_142143
"bucket0$458,:3,:6001",2014-04-11T14:21:21.580000,MQ,IA2,14.80307,-61.20515,289.0,2207.0,,2207,100.0,ZNE,train,manuel,MQ_IA2_20140411_142143
"bucket0$459,:3,:6001",2014-04-13T14:04:57.219900,MQ,GBM,14.799451,-61.159276,800.0,1709.0,,1709,100.0,ZNE,train,manuel,MQ_GBM_20140413_140514
"bucket0$460,:3,:6001",2014-04-13T14:05:03.610000,MQ,LAM,14.81292,-61.16314,1240.0,1077.0,,1077,100.0,ZNE,train,manuel,MQ_LAM_20140413_140514
"bucket2$59,:3,:6001",2014-04-13T14:04:37.930000,MQ,IA2,14.80307,-61.20515,289.0,3650.0,4020.0,3650,100.0,ZNE,dev,manuel,MQ_IA2_20140413_140514
"bucket0$461,:3,:6001",2014-04-13T14:04:25.939900,MQ,BAM,14.8171,-61.1445,670.0,4852.0,,4852,100.0,ZNE,train,manuel,MQ_BAM_20140413_140514
"bucket0$462,:3,:6001",2014-04-13T15:10:44.410000,MQ,LAM,14.81292,-61.16314,1240.0,1390.0,1468.0,1390,100.0,ZNE,train,manuel,MQ_LAM_20140413_151058
"bucket1$62,:3,:6001",2014-04-13T15:10:03.599900,MQ,GBM,14.799451,-61.159276,800.0,5499.0,,5499,100.0,ZNE,test,manuel,MQ_GBM_20140413_151058
"bucket0$463,:3,:6001",2014-04-13T15:10:16.539900,MQ,BAM,14.8171,-61.1445,670.0,4247.0,,4247,100.0,ZNE,train,manuel,MQ_BAM_20140413_151059
"bucket0$464,:3,:6001",2014-04-13T15:10:32.479900,MQ,MLM,14.7846,-61.1786,370.0,2678.0,,2678,100.0,ZNE,train,manuel,MQ_MLM_20140413_151059
"bucket0$465,:3,:6001",2014-04-13T15:10:10.930000,MQ,IA2,14.80307,-61.20515,289.0,4845.0,4928.0,4845,100.0,ZNE,train,manuel,MQ_IA2_20140413_151059
"bucket0$466,:3,:6001",2014-04-13T17:21:03.239900,MQ,GBM,14.799451,-61.159276,800.0,2124.0,,2124,100.0,ZNE,train,manuel,MQ_GBM_20140413_172124
"bucket0$467,:3,:6001",2014-04-13T17:20:47.280000,MQ,LAM,14.81292,-61.16314,1240.0,3819.0,3835.0,3819,100.0,ZNE,train,manuel,MQ_LAM_20140413_172125
"bucket0$468,:3,:6001",2014-04-13T17:21:10.089900,MQ,BAM,14.8171,-61.1445,670.0,1571.0,,1571,100.0,ZNE,train,manuel,MQ_BAM_20140413_172125
"bucket0$469,:3,:6001",2014-04-13T17:20:51.210000,MQ,IA2,14.80307,-61.20515,289.0,3470.0,3515.0,3470,100.0,ZNE,train,manuel,MQ_IA2_20140413_172125
"bucket0$470,:3,:6001",2014-04-13T17:20:56.319900,MQ,MLM,14.7846,-61.1786,370.0,3029.0,,3029,100.0,ZNE,train,manuel,MQ_MLM_20140413_172126
"bucket0$471,:3,:6001",2014-04-13T18:59:34.500000,MQ,LAM,14.81292,-61.16314,1240.0,3082.0,3178.0,3082,100.0,ZNE,train,manuel,MQ_LAM_20140413_190005
"bucket1$63,:3,:6001",2014-04-13T18:59:34.609900,MQ,GBM,14.799451,-61.159276,800.0,3096.0,,3096,100.0,ZNE,test,manuel,MQ_GBM_20140413_190005
"bucket0$472,:3,:6001",2014-04-13T18:59:54.319900,MQ,BAM,14.8171,-61.1445,670.0,1166.0,,1166,100.0,ZNE,train,manuel,MQ_BAM_20140413_190005
"bucket0$473,:3,:6001",2014-04-13T18:59:20.980000,MQ,IA2,14.80307,-61.20515,289.0,4521.0,4608.0,4521,100.0,ZNE,train,manuel,MQ_IA2_20140413_190006
"bucket0$474,:3,:6001",2014-04-13T18:59:26.779900,MQ,MLM,14.7846,-61.1786,370.0,3941.0,,3941,100.0,ZNE,train,manuel,MQ_MLM_20140413_190006
"bucket0$475,:3,:6001",2014-04-13T19:43:52.380000,MQ,LAM,14.81292,-61.16314,1240.0,3089.0,3141.0,3089,100.0,ZNE,train,manuel,MQ_LAM_20140413_194423
"bucket0$476,:3,:6001",2014-04-13T19:44:09.229900,MQ,BAM,14.8171,-61.1445,670.0,1436.0,,1436,100.0,ZNE,train,manuel,MQ_BAM_20140413_194423
"bucket0$477,:3,:6001",2014-04-13T19:43:41.109900,MQ,GBM,14.799451,-61.159276,800.0,4255.0,,4255,100.0,ZNE,train,manuel,MQ_GBM_20140413_194423
"bucket0$478,:3,:6001",2014-04-13T19:44:04.010000,MQ,IA2,14.80307,-61.20515,289.0,1981.0,2084.0,1981,100.0,ZNE,train,manuel,MQ_IA2_20140413_194423
"bucket0$479,:3,:6001",2014-04-13T19:53:27.030000,MQ,LAM,14.81292,-61.16314,1240.0,584.0,802.0,584,100.0,ZNE,train,manuel,MQ_LAM_20140413_195332
"bucket0$480,:3,:6001",2014-04-13T19:53:14.260000,MQ,IA2,14.80307,-61.20515,289.0,1861.0,2031.0,1861,100.0,ZNE,train,manuel,MQ_IA2_20140413_195332
"bucket0$481,:3,:6001",2014-04-13T19:53:12.309900,MQ,BAM,14.8171,-61.1445,670.0,2093.0,,2093,100.0,ZNE,train,manuel,MQ_BAM_20140413_195333
"bucket0$482,:3,:6001",2014-04-13T19:52:44.099900,MQ,GBM,14.799451,-61.159276,800.0,4920.0,,4920,100.0,ZNE,train,manuel,MQ_GBM_20140413_195333
"bucket1$64,:3,:6001",2014-04-13T19:53:16.620000,WI,SAM,14.84108,-61.1638,485.0,1689.0,1877.0,1689,100.0,ZNE,test,manuel,WI_SAM_20140413_195333
"bucket0$483,:3,:6001",2014-04-13T20:21:37.480000,MQ,LAM,14.81292,-61.16314,1240.0,975.0,1088.0,975,100.0,ZNE,train,manuel,MQ_LAM_20140413_202147
"bucket0$484,:3,:6001",2014-04-13T20:21:34.309900,MQ,GBM,14.799451,-61.159276,800.0,1296.0,,1296,100.0,ZNE,train,manuel,MQ_GBM_20140413_202147
"bucket0$485,:3,:6001",2014-04-13T20:21:24.860000,MQ,IA2,14.80307,-61.20515,289.0,2261.0,2359.0,2261,100.0,ZNE,train,manuel,MQ_IA2_20140413_202147
"bucket2$60,:3,:6001",2014-04-13T20:21:10.509900,MQ,BAM,14.8171,-61.1445,670.0,3717.0,,3717,100.0,ZNE,dev,manuel,MQ_BAM_20140413_202147
"bucket2$61,:3,:6001",2014-04-13T23:09:11.830000,MQ,LAM,14.81292,-61.16314,1240.0,3112.0,3139.0,3112,100.0,ZNE,dev,manuel,MQ_LAM_20140413_230942
"bucket2$62,:3,:6001",2014-04-13T23:09:11.369900,MQ,BAM,14.8171,-61.1445,670.0,3179.0,,3179,100.0,ZNE,dev,manuel,MQ_BAM_20140413_230943
"bucket0$486,:3,:6001",2014-04-13T23:09:33.149900,MQ,GBM,14.799451,-61.159276,800.0,1013.0,,1013,100.0,ZNE,train,manuel,MQ_GBM_20140413_230943
"bucket0$487,:3,:6001",2014-04-14T00:01:02.270000,MQ,LAM,14.81292,-61.16314,1240.0,5285.0,5386.0,5285,100.0,ZNE,train,manuel,MQ_LAM_20140414_000155
"bucket0$488,:3,:6001",2014-04-14T00:01:37.249900,MQ,BAM,14.8171,-61.1445,670.0,1864.0,,1864,100.0,ZNE,train,manuel,MQ_BAM_20140414_000155
"bucket2$63,:3,:6001",2014-04-14T00:01:34.949900,MQ,GBM,14.799451,-61.159276,800.0,2094.0,,2094,100.0,ZNE,dev,manuel,MQ_GBM_20140414_000155
"bucket0$489,:3,:6001",2014-04-14T02:20:38.540000,MQ,LAM,14.81292,-61.16314,1240.0,1293.0,,1293,100.0,ZNE,train,manuel,MQ_LAM_20140414_022051
"bucket0$490,:3,:6001",2014-04-14T02:20:22.479900,MQ,GBM,14.799451,-61.159276,800.0,2903.0,,2903,100.0,ZNE,train,manuel,MQ_GBM_20140414_022051
"bucket0$491,:3,:6001",2014-04-14T02:20:18.489900,MQ,BAM,14.8171,-61.1445,670.0,3346.0,,3346,100.0,ZNE,train,manuel,MQ_BAM_20140414_022051
"bucket2$64,:3,:6001",2014-04-14T02:20:11.090000,MQ,IA2,14.80307,-61.20515,289.0,4191.0,,4191,100.0,ZNE,dev,manuel,MQ_IA2_20140414_022053
"bucket0$492,:3,:6001",2014-04-14T08:56:57.109900,MQ,BAM,14.8171,-61.1445,670.0,5441.0,,5441,100.0,ZNE,train,manuel,MQ_BAM_20140414_085751
"bucket0$493,:3,:6001",2014-04-14T08:57:21.900000,MQ,IA2,14.80307,-61.20515,289.0,2991.0,3016.0,2991,100.0,ZNE,train,manuel,MQ_IA2_20140414_085751
"bucket0$494,:3,:6001",2014-04-14T08:57:27.819900,MQ,GBM,14.799451,-61.159276,800.0,2402.0,,2402,100.0,ZNE,train,manuel,MQ_GBM_20140414_085751
"bucket0$495,:3,:6001",2014-04-14T08:57:16.300000,MQ,LAM,14.81292,-61.16314,1240.0,3590.0,3655.0,3590,100.0,ZNE,train,manuel,MQ_LAM_20140414_085752
"bucket0$496,:3,:6001",2014-04-16T02:16:17.079900,MQ,GBM,14.799451,-61.159276,800.0,3868.0,,3868,100.0,ZNE,train,manuel,MQ_GBM_20140416_021655
"bucket0$497,:3,:6001",2014-04-16T02:16:04.900000,MQ,LAM,14.81292,-61.16314,1240.0,5086.0,5139.0,5086,100.0,ZNE,train,manuel,MQ_LAM_20140416_021655
"bucket0$498,:3,:6001",2014-04-16T02:16:45.269900,MQ,BAM,14.8171,-61.1445,670.0,1087.0,,1087,100.0,ZNE,train,manuel,MQ_BAM_20140416_021656
"bucket0$499,:3,:6001",2014-04-16T02:16:48.019900,MQ,MLM,14.7846,-61.1786,370.0,825.0,,825,100.0,ZNE,train,manuel,MQ_MLM_20140416_021656
"bucket0$500,:3,:6001",2014-04-16T02:16:12.230000,MQ,IA2,14.80307,-61.20515,289.0,4413.0,4512.0,4413,100.0,ZNE,train,manuel,MQ_IA2_20140416_021656
"bucket0$501,:3,:6001",2014-04-16T07:46:52.509900,MQ,GBM,14.799451,-61.159276,800.0,4721.0,,4721,100.0,ZNE,train,manuel,MQ_GBM_20140416_074739
"bucket0$502,:3,:6001",2014-04-16T07:47:24.540000,MQ,LAM,14.81292,-61.16314,1240.0,1522.0,1624.0,1522,100.0,ZNE,train,manuel,MQ_LAM_20140416_074739
"bucket0$503,:3,:6001",2014-04-16T07:47:25.629900,MQ,BAM,14.8171,-61.1445,670.0,1444.0,,1444,100.0,ZNE,train,manuel,MQ_BAM_20140416_074740
"bucket0$504,:3,:6001",2014-04-16T07:47:23.390000,MQ,IA2,14.80307,-61.20515,289.0,1685.0,1789.0,1685,100.0,ZNE,train,manuel,MQ_IA2_20140416_074740
"bucket2$65,:3,:6001",2014-04-17T03:26:43.399900,MQ,GBM,14.799451,-61.159276,800.0,3154.0,,3154,100.0,ZNE,dev,manuel,MQ_GBM_20140417_032714
"bucket0$505,:3,:6001",2014-04-17T03:26:31.329900,MQ,BAM,14.8171,-61.1445,670.0,4387.0,,4387,100.0,ZNE,train,manuel,MQ_BAM_20140417_032715
"bucket0$506,:3,:6001",2014-04-17T03:26:55.639900,MQ,CPM,14.8168,-61.2074,242.0,2051.0,,2051,100.0,ZNE,train,manuel,MQ_CPM_20140417_032716
"bucket0$507,:3,:6001",2014-04-19T11:55:22.449900,MQ,BAM,14.8171,-61.1445,670.0,4744.0,,4744,100.0,ZNE,train,manuel,MQ_BAM_20140419_115609
"bucket0$508,:3,:6001",2014-04-19T11:55:27.980000,MQ,LAM,14.81292,-61.16314,1240.0,4234.0,4272.0,4234,100.0,ZNE,train,manuel,MQ_LAM_20140419_115610
"bucket0$509,:3,:6001",2014-04-19T11:55:36.809900,MQ,GBM,14.799451,-61.159276,800.0,3351.0,,3351,100.0,ZNE,train,manuel,MQ_GBM_20140419_115610
"bucket0$510,:3,:6001",2014-04-19T12:10:06.390000,MQ,LAM,14.81292,-61.16314,1240.0,,1314.0,1314,100.0,ZNE,train,manuel,MQ_LAM_20140419_121019
"bucket0$511,:3,:6001",2014-04-19T12:09:31.020000,MQ,IA2,14.80307,-61.20515,289.0,4882.0,4977.0,4882,100.0,ZNE,train,manuel,MQ_IA2_20140419_121019
"bucket0$512,:3,:6001",2014-04-20T06:25:15.070000,MQ,LAM,14.81292,-61.16314,1240.0,2254.0,2281.0,2254,100.0,ZNE,train,manuel,MQ_LAM_20140420_062537
"bucket0$513,:3,:6001",2014-04-20T06:25:08.489900,MQ,GBM,14.799451,-61.159276,800.0,2952.0,,2952,100.0,ZNE,train,manuel,MQ_GBM_20140420_062538
"bucket1$65,:3,:6001",2014-04-20T06:24:44.590000,MQ,IA2,14.80307,-61.20515,289.0,5354.0,,5354,100.0,ZNE,test,manuel,MQ_IA2_20140420_062538
"bucket0$514,:3,:6001",2014-04-20T06:25:05.339900,MQ,BAM,14.8171,-61.1445,670.0,3310.0,,3310,100.0,ZNE,train,manuel,MQ_BAM_20140420_062538
"bucket0$515,:3,:6001",2014-04-20T14:27:24.380000,MQ,LAM,14.81292,-61.16314,1240.0,4098.0,4157.0,4098,100.0,ZNE,train,manuel,MQ_LAM_20140420_142805
"bucket0$516,:3,:6001",2014-04-20T14:27:24.099900,MQ,GBM,14.799451,-61.159276,800.0,4127.0,,4127,100.0,ZNE,train,manuel,MQ_GBM_20140420_142805
"bucket2$66,:3,:6001",2014-04-20T14:27:56.029900,MQ,BAM,14.8171,-61.1445,670.0,947.0,,947,100.0,ZNE,dev,manuel,MQ_BAM_20140420_142805
"bucket0$517,:3,:6001",2014-04-20T14:27:30.020000,MQ,IA2,14.80307,-61.20515,289.0,3590.0,3683.0,3590,100.0,ZNE,train,manuel,MQ_IA2_20140420_142805
"bucket0$518,:3,:6001",2014-04-20T14:27:29.649900,MQ,MLM,14.7846,-61.1786,370.0,3642.0,,3642,100.0,ZNE,train,manuel,MQ_MLM_20140420_142806
"bucket0$519,:3,:6001",2014-04-20T14:27:43.189900,MQ,CPM,14.8168,-61.2074,242.0,2295.0,,2295,100.0,ZNE,train,manuel,MQ_CPM_20140420_142806
"bucket0$520,:3,:6001",2014-04-20T17:36:21.230000,MQ,LAM,14.81292,-61.16314,1240.0,737.0,,737,100.0,ZNE,train,manuel,MQ_LAM_20140420_173628
"bucket0$521,:3,:6001",2014-04-20T17:35:51.969900,MQ,GBM,14.799451,-61.159276,800.0,3707.0,,3707,100.0,ZNE,train,manuel,MQ_GBM_20140420_173629
"bucket0$522,:3,:6001",2014-04-20T17:36:11.329900,MQ,BAM,14.8171,-61.1445,670.0,1856.0,,1856,100.0,ZNE,train,manuel,MQ_BAM_20140420_173629
"bucket0$523,:3,:6001",2014-04-20T17:36:06.430000,WI,SAM,14.84108,-61.1638,485.0,2353.0,,2353,100.0,ZNE,train,manuel,WI_SAM_20140420_173629
"bucket0$524,:3,:6001",2014-04-20T22:59:12.499900,MQ,GBM,14.799451,-61.159276,800.0,5342.0,,5342,100.0,ZNE,train,manuel,MQ_GBM_20140420_230005
"bucket0$525,:3,:6001",2014-04-20T22:59:50.899900,MQ,BAM,14.8171,-61.1445,670.0,1527.0,,1527,100.0,ZNE,train,manuel,MQ_BAM_20140420_230006
"bucket0$526,:3,:6001",2014-04-20T22:59:14.770000,MQ,LAM,14.81292,-61.16314,1240.0,5165.0,,5165,100.0,ZNE,train,manuel,MQ_LAM_20140420_230006
"bucket2$67,:3,:6001",2014-04-20T22:59:14.259900,MQ,MLM,14.7846,-61.1786,370.0,5224.0,,5224,100.0,ZNE,dev,manuel,MQ_MLM_20140420_230006
"bucket0$527,:3,:6001",2014-04-20T22:59:29.589900,MQ,CPM,14.8168,-61.2074,242.0,3705.0,,3705,100.0,ZNE,train,manuel,MQ_CPM_20140420_230006
"bucket0$528,:3,:6001",2014-04-21T00:41:50.310000,MQ,LAM,14.81292,-61.16314,1240.0,3467.0,3521.0,3467,100.0,ZNE,train,manuel,MQ_LAM_20140421_004224
"bucket0$529,:3,:6001",2014-04-21T00:42:12.649900,MQ,GBM,14.799451,-61.159276,800.0,1276.0,,1276,100.0,ZNE,train,manuel,MQ_GBM_20140421_004225
"bucket2$68,:3,:6001",2014-04-21T00:41:45.790000,MQ,IA2,14.80307,-61.20515,289.0,3975.0,4075.0,3975,100.0,ZNE,dev,manuel,MQ_IA2_20140421_004225
"bucket0$530,:3,:6001",2014-04-21T00:41:57.919900,MQ,MLM,14.7846,-61.1786,370.0,2787.0,,2787,100.0,ZNE,train,manuel,MQ_MLM_20140421_004225
"bucket0$531,:3,:6001",2014-04-21T00:44:57.720000,MQ,LAM,14.81292,-61.16314,1240.0,4246.0,,4246,100.0,ZNE,train,manuel,MQ_LAM_20140421_004540
"bucket0$532,:3,:6001",2014-04-21T00:45:28.659900,MQ,GBM,14.799451,-61.159276,800.0,1152.0,,1152,100.0,ZNE,train,manuel,MQ_GBM_20140421_004540
"bucket0$533,:3,:6001",2014-04-21T00:45:24.490000,MQ,IA2,14.80307,-61.20515,289.0,1588.0,1725.0,1588,100.0,ZNE,train,manuel,MQ_IA2_20140421_004540
"bucket0$534,:3,:6001",2014-04-21T00:49:23.449900,MQ,GBM,14.799451,-61.159276,800.0,1384.0,,1384,100.0,ZNE,train,manuel,MQ_GBM_20140421_004937
"bucket0$535,:3,:6001",2014-04-21T00:48:45.950000,MQ,LAM,14.81292,-61.16314,1240.0,5159.0,5209.0,5159,100.0,ZNE,train,manuel,MQ_LAM_20140421_004937
"bucket0$536,:3,:6001",2014-04-21T00:49:31.589900,MQ,BAM,14.8171,-61.1445,670.0,624.0,,624,100.0,ZNE,train,manuel,MQ_BAM_20140421_004937
"bucket1$66,:3,:6001",2014-04-21T00:49:11.810000,MQ,IA2,14.80307,-61.20515,289.0,2625.0,2677.0,2625,100.0,ZNE,test,manuel,MQ_IA2_20140421_004938
"bucket0$537,:3,:6001",2014-04-21T00:48:54.359900,MQ,MLM,14.7846,-61.1786,370.0,4403.0,,4403,100.0,ZNE,train,manuel,MQ_MLM_20140421_004938
"bucket2$69,:3,:6001",2014-04-21T00:49:12.170000,WI,SAM,14.84108,-61.1638,485.0,2651.0,,2651,100.0,ZNE,dev,manuel,WI_SAM_20140421_004938
"bucket0$538,:3,:6001",2014-04-21T00:48:58.729900,MQ,CPM,14.8168,-61.2074,242.0,4030.0,,4030,100.0,ZNE,train,manuel,MQ_CPM_20140421_004939
"bucket0$539,:3,:6001",2014-04-21T00:57:59.979900,MQ,GBM,14.799451,-61.159276,800.0,4153.0,,4153,100.0,ZNE,train,manuel,MQ_GBM_20140421_005841
"bucket0$540,:3,:6001",2014-04-21T00:58:04.350000,MQ,LAM,14.81292,-61.16314,1240.0,3727.0,3788.0,3727,100.0,ZNE,train,manuel,MQ_LAM_20140421_005841
"bucket2$70,:3,:6001",2014-04-21T00:58:17.979900,MQ,BAM,14.8171,-61.1445,670.0,2393.0,,2393,100.0,ZNE,dev,manuel,MQ_BAM_20140421_005841
"bucket0$541,:3,:6001",2014-04-21T00:58:26.240000,MQ,IA2,14.80307,-61.20515,289.0,1594.0,1698.0,1594,100.0,ZNE,train,manuel,MQ_IA2_20140421_005842
"bucket1$67,:3,:6001",2014-04-21T02:40:42.200000,MQ,LAM,14.81292,-61.16314,1240.0,1943.0,1964.0,1943,100.0,ZNE,test,manuel,MQ_LAM_20140421_024101
"bucket0$542,:3,:6001",2014-04-21T02:40:40.109900,MQ,GBM,14.799451,-61.159276,800.0,2153.0,,2153,100.0,ZNE,train,manuel,MQ_GBM_20140421_024101
"bucket0$543,:3,:6001",2014-04-21T02:40:14.439900,MQ,BAM,14.8171,-61.1445,670.0,4752.0,,4752,100.0,ZNE,train,manuel,MQ_BAM_20140421_024101
"bucket0$544,:3,:6001",2014-04-21T02:40:44.009900,MQ,MLM,14.7846,-61.1786,370.0,1834.0,,1834,100.0,ZNE,train,manuel,MQ_MLM_20140421_024102
"bucket0$545,:3,:6001",2014-04-21T02:40:31.169900,MQ,CPM,14.8168,-61.2074,242.0,3165.0,,3165,100.0,ZNE,train,manuel,MQ_CPM_20140421_024102
"bucket2$71,:3,:6001",2014-04-21T02:42:00.059900,MQ,GBM,14.799451,-61.159276,800.0,5342.0,,5342,100.0,ZNE,dev,manuel,MQ_GBM_20140421_024253
"bucket0$546,:3,:6001",2014-04-21T02:42:27.829900,MQ,CPM,14.8168,-61.2074,242.0,2592.0,,2592,100.0,ZNE,train,manuel,MQ_CPM_20140421_024253
"bucket0$547,:3,:6001",2014-04-21T02:42:29.659900,MQ,BAM,14.8171,-61.1445,670.0,2428.0,,2428,100.0,ZNE,train,manuel,MQ_BAM_20140421_024253
"bucket0$548,:3,:6001",2014-04-21T02:42:15.200000,WI,SAM,14.84108,-61.1638,485.0,3874.0,,3874,100.0,ZNE,train,manuel,WI_SAM_20140421_024253
"bucket0$549,:3,:6001",2014-04-21T02:42:29.380000,MQ,LAM,14.81292,-61.16314,1240.0,2464.0,,2464,100.0,ZNE,train,manuel,MQ_LAM_20140421_024254
"bucket0$550,:3,:6001",2014-04-21T02:42:00.959900,MQ,MLM,14.7846,-61.1786,370.0,5321.0,,5321,100.0,ZNE,train,manuel,MQ_MLM_20140421_024254
"bucket0$551,:3,:6001",2014-04-21T02:48:29.880000,MQ,LAM,14.81292,-61.16314,1240.0,1188.0,1208.0,1188,100.0,ZNE,train,manuel,MQ_LAM_20140421_024841
"bucket0$552,:3,:6001",2014-04-21T02:48:06.680000,WI,SAM,14.84108,-61.1638,485.0,3533.0,,3533,100.0,ZNE,train,manuel,WI_SAM_20140421_024842
"bucket2$72,:3,:6001",2014-04-21T02:48:06.199900,MQ,BAM,14.8171,-61.1445,670.0,3586.0,,3586,100.0,ZNE,dev,manuel,MQ_BAM_20140421_024842
"bucket0$553,:3,:6001",2014-04-21T02:48:12.169900,MQ,MLM,14.7846,-61.1786,370.0,3001.0,,3001,100.0,ZNE,train,manuel,MQ_MLM_20140421_024842
"bucket0$554,:3,:6001",2014-04-21T02:47:54.669900,MQ,GBM,14.799451,-61.159276,800.0,4753.0,,4753,100.0,ZNE,train,manuel,MQ_GBM_20140421_024842
"bucket0$555,:3,:6001",2014-04-21T02:48:24.919900,MQ,CPM,14.8168,-61.2074,242.0,1741.0,,1741,100.0,ZNE,train,manuel,MQ_CPM_20140421_024842
"bucket2$73,:3,:6001",2014-04-21T03:01:33.389900,MQ,GBM,14.799451,-61.159276,800.0,649.0,,649,100.0,ZNE,dev,manuel,MQ_GBM_20140421_030139
"bucket0$556,:3,:6001",2014-04-21T03:01:11.930000,MQ,LAM,14.81292,-61.16314,1240.0,2848.0,,2848,100.0,ZNE,train,manuel,MQ_LAM_20140421_030140
"bucket2$74,:3,:6001",2014-04-21T03:01:07.659900,MQ,CPM,14.8168,-61.2074,242.0,3287.0,,3287,100.0,ZNE,dev,manuel,MQ_CPM_20140421_030140
"bucket0$557,:3,:6001",2014-04-21T03:01:10.239900,MQ,MLM,14.7846,-61.1786,370.0,3071.0,,3071,100.0,ZNE,train,manuel,MQ_MLM_20140421_030140
"bucket0$558,:3,:6001",2014-04-21T03:01:05.559900,MQ,BAM,14.8171,-61.1445,670.0,3539.0,,3539,100.0,ZNE,train,manuel,MQ_BAM_20140421_030140
"bucket0$559,:3,:6001",2014-04-21T03:05:57.340000,MQ,LAM,14.81292,-61.16314,1240.0,819.0,,819,100.0,ZNE,train,manuel,MQ_LAM_20140421_030605
"bucket0$560,:3,:6001",2014-04-21T03:05:46.229900,MQ,GBM,14.799451,-61.159276,800.0,1961.0,,1961,100.0,ZNE,train,manuel,MQ_GBM_20140421_030605
"bucket0$561,:3,:6001",2014-04-21T03:05:11.789900,MQ,CPM,14.8168,-61.2074,242.0,5417.0,,5417,100.0,ZNE,train,manuel,MQ_CPM_20140421_030605
"bucket0$562,:3,:6001",2014-04-21T03:05:23.779900,MQ,BAM,14.8171,-61.1445,670.0,4218.0,,4218,100.0,ZNE,train,manuel,MQ_BAM_20140421_030605
"bucket0$563,:3,:6001",2014-04-21T03:05:35.829900,MQ,MLM,14.7846,-61.1786,370.0,3020.0,,3020,100.0,ZNE,train,manuel,MQ_MLM_20140421_030606
"bucket0$564,:3,:6001",2014-04-21T04:12:15.159900,MQ,BAM,14.8171,-61.1445,670.0,818.0,,818,100.0,ZNE,train,manuel,MQ_BAM_20140421_041223
"bucket0$565,:3,:6001",2014-04-21T04:11:53.200000,MQ,LAM,14.81292,-61.16314,1240.0,3018.0,3259.0,3018,100.0,ZNE,train,manuel,MQ_LAM_20140421_041223
"bucket0$566,:3,:6001",2014-04-21T04:12:14.389900,MQ,GBM,14.799451,-61.159276,800.0,936.0,,936,100.0,ZNE,train,manuel,MQ_GBM_20140421_041223
"bucket0$567,:3,:6001",2014-04-21T04:11:37.309900,MQ,MLM,14.7846,-61.1786,370.0,4684.0,,4684,100.0,ZNE,train,manuel,MQ_MLM_20140421_041224
"bucket0$568,:3,:6001",2014-04-21T04:11:54.469900,MQ,CPM,14.8168,-61.2074,242.0,3015.0,,3015,100.0,ZNE,train,manuel,MQ_CPM_20140421_041224
"bucket0$569,:3,:6001",2014-04-21T08:15:16.130000,MQ,LAM,14.81292,-61.16314,1240.0,2860.0,2998.0,2860,100.0,ZNE,train,manuel,MQ_LAM_20140421_081544
"bucket0$570,:3,:6001",2014-04-21T08:15:28.559900,MQ,GBM,14.799451,-61.159276,800.0,1640.0,,1640,100.0,ZNE,train,manuel,MQ_GBM_20140421_081544
"bucket0$571,:3,:6001",2014-04-21T08:15:33.799900,MQ,BAM,14.8171,-61.1445,670.0,1133.0,,1133,100.0,ZNE,train,manuel,MQ_BAM_20140421_081545
"bucket0$572,:3,:6001",2014-04-21T08:15:45.059900,MQ,BAM,14.8171,-61.1445,670.0,2914.0,,2914,100.0,ZNE,train,manuel,MQ_BAM_20140421_081614
"bucket0$573,:3,:6001",2014-04-21T08:15:59.240000,MQ,LAM,14.81292,-61.16314,1240.0,1557.0,1642.0,1557,100.0,ZNE,train,manuel,MQ_LAM_20140421_081614
"bucket0$574,:3,:6001",2014-04-21T08:15:20.829900,MQ,GBM,14.799451,-61.159276,800.0,5406.0,,5406,100.0,ZNE,train,manuel,MQ_GBM_20140421_081614
"bucket0$575,:3,:6001",2014-04-22T13:28:56.899900,MQ,GBM,14.799451,-61.159276,800.0,4125.0,,4125,100.0,ZNE,train,manuel,MQ_GBM_20140422_132938
"bucket0$576,:3,:6001",2014-04-22T13:29:07.920000,MQ,LAM,14.81292,-61.16314,1240.0,3025.0,3050.0,3025,100.0,ZNE,train,manuel,MQ_LAM_20140422_132938
"bucket0$577,:3,:6001",2014-04-22T13:29:22.699900,MQ,BAM,14.8171,-61.1445,670.0,1586.0,,1586,100.0,ZNE,train,manuel,MQ_BAM_20140422_132938
"bucket0$578,:3,:6001",2014-04-22T13:29:05.579900,MQ,CPM,14.8168,-61.2074,242.0,3349.0,,3349,100.0,ZNE,train,manuel,MQ_CPM_20140422_132939
"bucket0$579,:3,:6001",2014-04-22T13:28:50.220000,WI,SAM,14.84108,-61.1638,485.0,4899.0,4950.0,4899,100.0,ZNE,train,manuel,WI_SAM_20140422_132939
"bucket0$580,:3,:6001",2014-04-22T13:31:48.680000,MQ,LAM,14.81292,-61.16314,1240.0,2221.0,2308.0,2221,100.0,ZNE,train,manuel,MQ_LAM_20140422_133210
"bucket0$581,:3,:6001",2014-04-22T13:31:43.359900,MQ,GBM,14.799451,-61.159276,800.0,2780.0,,2780,100.0,ZNE,train,manuel,MQ_GBM_20140422_133211
"bucket0$582,:3,:6001",2014-04-22T13:31:41.789900,MQ,BAM,14.8171,-61.1445,670.0,3004.0,,3004,100.0,ZNE,train,manuel,MQ_BAM_20140422_133211
"bucket0$583,:3,:6001",2014-04-22T13:49:28.039900,MQ,GBM,14.799451,-61.159276,800.0,2539.0,,2539,100.0,ZNE,train,manuel,MQ_GBM_20140422_134953
"bucket0$584,:3,:6001",2014-04-22T13:49:40.560000,MQ,LAM,14.81292,-61.16314,1240.0,1293.0,1356.0,1293,100.0,ZNE,train,manuel,MQ_LAM_20140422_134953
"bucket1$68,:3,:6001",2014-04-22T13:49:39.489900,MQ,BAM,14.8171,-61.1445,670.0,1434.0,,1434,100.0,ZNE,test,manuel,MQ_BAM_20140422_134953
"bucket0$585,:3,:6001",2014-04-22T18:04:01.450000,MQ,LAM,14.81292,-61.16314,1240.0,3417.0,3486.0,3417,100.0,ZNE,train,manuel,MQ_LAM_20140422_180435
"bucket0$586,:3,:6001",2014-04-22T18:04:23.079900,MQ,GBM,14.799451,-61.159276,800.0,1254.0,,1254,100.0,ZNE,train,manuel,MQ_GBM_20140422_180435
"bucket0$587,:3,:6001",2014-04-22T18:04:09.479900,MQ,BAM,14.8171,-61.1445,670.0,2648.0,,2648,100.0,ZNE,train,manuel,MQ_BAM_20140422_180435
"bucket0$588,:3,:6001",2014-04-22T18:03:55.820000,MQ,IA2,14.80307,-61.20515,289.0,4032.0,4122.0,4032,100.0,ZNE,train,manuel,MQ_IA2_20140422_180436
"bucket0$589,:3,:6001",2014-04-22T21:30:26.199900,MQ,GBM,14.799451,-61.159276,800.0,2231.0,,2231,100.0,ZNE,train,manuel,MQ_GBM_20140422_213048
"bucket1$69,:3,:6001",2014-04-22T21:30:24.239900,MQ,BAM,14.8171,-61.1445,670.0,2455.0,,2455,100.0,ZNE,test,manuel,MQ_BAM_20140422_213048
"bucket0$590,:3,:6001",2014-04-22T21:30:17.250000,MQ,LAM,14.81292,-61.16314,1240.0,3199.0,3259.0,3199,100.0,ZNE,train,manuel,MQ_LAM_20140422_213049
"bucket0$591,:3,:6001",2014-04-22T21:30:19.929900,MQ,MLM,14.7846,-61.1786,370.0,2981.0,,2981,100.0,ZNE,train,manuel,MQ_MLM_20140422_213049
"bucket1$70,:3,:6001",2014-04-22T22:35:46.419900,MQ,GBM,14.799451,-61.159276,800.0,3418.0,,3418,100.0,ZNE,test,manuel,MQ_GBM_20140422_223620
"bucket0$592,:3,:6001",2014-04-22T22:36:01.920000,MQ,LAM,14.81292,-61.16314,1240.0,1886.0,1963.0,1886,100.0,ZNE,train,manuel,MQ_LAM_20140422_223620
"bucket0$593,:3,:6001",2014-04-22T22:35:38.489900,MQ,BAM,14.8171,-61.1445,670.0,4247.0,,4247,100.0,ZNE,train,manuel,MQ_BAM_20140422_223620
"bucket0$594,:3,:6001",2014-04-22T22:35:36.880000,MQ,IA2,14.80307,-61.20515,289.0,4437.0,4551.0,4437,100.0,ZNE,train,manuel,MQ_IA2_20140422_223621
"bucket0$595,:3,:6001",2014-04-22T22:35:29.099900,MQ,CPM,14.8168,-61.2074,242.0,5243.0,,5243,100.0,ZNE,train,manuel,MQ_CPM_20140422_223621
"bucket0$596,:3,:6001",2014-04-22T23:16:05.179900,MQ,GBM,14.799451,-61.159276,800.0,3176.0,,3176,100.0,ZNE,train,manuel,MQ_GBM_20140422_231636
"bucket1$71,:3,:6001",2014-04-22T23:16:28.400000,MQ,LAM,14.81292,-61.16314,1240.0,860.0,915.0,860,100.0,ZNE,test,manuel,MQ_LAM_20140422_231637
"bucket0$597,:3,:6001",2014-04-22T23:16:15.220000,MQ,IA2,14.80307,-61.20515,289.0,2200.0,2334.0,2200,100.0,ZNE,train,manuel,MQ_IA2_20140422_231637
"bucket0$598,:3,:6001",2014-04-22T23:16:10.079900,MQ,BAM,14.8171,-61.1445,670.0,2726.0,,2726,100.0,ZNE,train,manuel,MQ_BAM_20140422_231637
"bucket0$599,:3,:6001",2014-04-22T23:16:18.699900,MQ,CPM,14.8168,-61.2074,242.0,1916.0,,1916,100.0,ZNE,train,manuel,MQ_CPM_20140422_231637
"bucket0$600,:3,:6001",2014-04-23T18:09:42.560000,MQ,LAM,14.81292,-61.16314,1240.0,1255.0,1349.0,1255,100.0,ZNE,train,manuel,MQ_LAM_20140423_180955
"bucket2$75,:3,:6001",2014-04-23T18:09:27.399900,MQ,GBM,14.799451,-61.159276,800.0,2783.0,,2783,100.0,ZNE,dev,manuel,MQ_GBM_20140423_180955
"bucket0$601,:3,:6001",2014-04-23T18:09:48.479900,MQ,BAM,14.8171,-61.1445,670.0,712.0,,712,100.0,ZNE,train,manuel,MQ_BAM_20140423_180955
"bucket0$602,:3,:6001",2014-04-23T21:01:02.410000,MQ,LAM,14.81292,-61.16314,1240.0,2520.0,2556.0,2520,100.0,ZNE,train,manuel,MQ_LAM_20140423_210127
"bucket0$603,:3,:6001",2014-04-23T21:01:18.299900,MQ,GBM,14.799451,-61.159276,800.0,934.0,,934,100.0,ZNE,train,manuel,MQ_GBM_20140423_210127
"bucket0$604,:3,:6001",2014-04-23T21:01:08.129900,MQ,BAM,14.8171,-61.1445,670.0,1983.0,,1983,100.0,ZNE,train,manuel,MQ_BAM_20140423_210127
"bucket2$76,:3,:6001",2014-04-23T21:00:41.309900,MQ,MLM,14.7846,-61.1786,370.0,4727.0,,4727,100.0,ZNE,dev,manuel,MQ_MLM_20140423_210128
"bucket0$605,:3,:6001",2014-04-23T21:01:02.560000,MQ,IA2,14.80307,-61.20515,289.0,,2649.0,2649,100.0,ZNE,train,manuel,MQ_IA2_20140423_210129
"bucket0$606,:3,:6001",2014-04-23T23:12:53.450000,MQ,LAM,14.81292,-61.16314,1240.0,2293.0,,2293,100.0,ZNE,train,manuel,MQ_LAM_20140423_231316
"bucket0$607,:3,:6001",2014-04-23T23:13:07.379900,MQ,GBM,14.799451,-61.159276,800.0,924.0,,924,100.0,ZNE,train,manuel,MQ_GBM_20140423_231316
"bucket0$608,:3,:6001",2014-04-23T23:12:28.960000,MQ,IA2,14.80307,-61.20515,289.0,4766.0,4924.0,4766,100.0,ZNE,train,manuel,MQ_IA2_20140423_231316
"bucket0$609,:3,:6001",2014-04-23T23:13:03.389900,MQ,BAM,14.8171,-61.1445,670.0,1349.0,,1349,100.0,ZNE,train,manuel,MQ_BAM_20140423_231316
"bucket0$610,:3,:6001",2014-04-23T23:12:38.649900,MQ,MLM,14.7846,-61.1786,370.0,3911.0,,3911,100.0,ZNE,train,manuel,MQ_MLM_20140423_231317
"bucket0$611,:3,:6001",2014-04-23T23:34:54.119900,MQ,GBM,14.799451,-61.159276,800.0,564.0,,564,100.0,ZNE,train,manuel,MQ_GBM_20140423_233459
"bucket0$612,:3,:6001",2014-04-23T23:34:39.079900,MQ,BAM,14.8171,-61.1445,670.0,2106.0,,2106,100.0,ZNE,train,manuel,MQ_BAM_20140423_233500
"bucket0$613,:3,:6001",2014-04-23T23:34:48.620000,MQ,IA2,14.80307,-61.20515,289.0,,1272.0,1272,100.0,ZNE,train,manuel,MQ_IA2_20140423_233501
"bucket0$614,:3,:6001",2014-04-23T23:36:52.789900,MQ,GBM,14.799451,-61.159276,800.0,2773.0,,2773,100.0,ZNE,train,manuel,MQ_GBM_20140423_233720
"bucket0$615,:3,:6001",2014-04-23T23:36:29.719900,MQ,BAM,14.8171,-61.1445,670.0,5102.0,,5102,100.0,ZNE,train,manuel,MQ_BAM_20140423_233720
"bucket0$616,:3,:6001",2014-04-23T23:36:47.220000,MQ,IA2,14.80307,-61.20515,289.0,3391.0,3485.0,3391,100.0,ZNE,train,manuel,MQ_IA2_20140423_233721
"bucket0$617,:3,:6001",2014-04-23T23:47:40.880000,MQ,LAM,14.81292,-61.16314,1240.0,5342.0,5474.0,5342,100.0,ZNE,train,manuel,MQ_LAM_20140423_234834
"bucket0$618,:3,:6001",2014-04-23T23:48:14.619900,MQ,GBM,14.799451,-61.159276,800.0,1969.0,,1969,100.0,ZNE,train,manuel,MQ_GBM_20140423_234834
"bucket0$619,:3,:6001",2014-04-23T23:48:06.219900,MQ,MLM,14.7846,-61.1786,370.0,2871.0,,2871,100.0,ZNE,train,manuel,MQ_MLM_20140423_234834
"bucket1$72,:3,:6001",2014-04-23T23:47:47.969900,MQ,CPM,14.8168,-61.2074,242.0,4745.0,,4745,100.0,ZNE,test,manuel,MQ_CPM_20140423_234835
"bucket0$620,:3,:6001",2014-04-23T23:47:54.750000,MQ,IA2,14.80307,-61.20515,289.0,4097.0,4126.0,4097,100.0,ZNE,train,manuel,MQ_IA2_20140423_234835
"bucket1$73,:3,:6001",2014-04-23T23:48:29.229900,MQ,BAM,14.8171,-61.1445,670.0,650.0,,650,100.0,ZNE,test,manuel,MQ_BAM_20140423_234835
"bucket0$621,:3,:6001",2014-04-24T00:55:58.980000,MQ,LAM,14.81292,-61.16314,1240.0,1434.0,,1434,100.0,ZNE,train,manuel,MQ_LAM_20140424_005613
"bucket0$622,:3,:6001",2014-04-24T00:55:40.879900,MQ,GBM,14.799451,-61.159276,800.0,3266.0,,3266,100.0,ZNE,train,manuel,MQ_GBM_20140424_005613
"bucket0$623,:3,:6001",2014-04-24T00:55:58.060000,MQ,IA2,14.80307,-61.20515,289.0,1556.0,,1556,100.0,ZNE,train,manuel,MQ_IA2_20140424_005613
"bucket0$624,:3,:6001",2014-04-24T00:55:35.229900,MQ,BAM,14.8171,-61.1445,670.0,3856.0,,3856,100.0,ZNE,train,manuel,MQ_BAM_20140424_005613
"bucket0$625,:3,:6001",2014-04-24T02:05:31.209900,MQ,GBM,14.799451,-61.159276,800.0,4814.0,,4814,100.0,ZNE,train,manuel,MQ_GBM_20140424_020619
"bucket0$626,:3,:6001",2014-04-24T02:05:40.690000,MQ,LAM,14.81292,-61.16314,1240.0,3880.0,4011.0,3880,100.0,ZNE,train,manuel,MQ_LAM_20140424_020619
"bucket0$627,:3,:6001",2014-04-24T02:06:03.710000,MQ,IA2,14.80307,-61.20515,289.0,1619.0,1731.0,1619,100.0,ZNE,train,manuel,MQ_IA2_20140424_020619
"bucket0$628,:3,:6001",2014-04-24T02:05:35.209900,MQ,BAM,14.8171,-61.1445,670.0,4469.0,,4469,100.0,ZNE,train,manuel,MQ_BAM_20140424_020619
"bucket0$629,:3,:6001",2014-04-24T06:38:49.729900,MQ,GBM,14.799451,-61.159276,800.0,1016.0,,1016,100.0,ZNE,train,manuel,MQ_GBM_20140424_063859
"bucket1$74,:3,:6001",2014-04-24T06:38:18.380000,MQ,LAM,14.81292,-61.16314,1240.0,4155.0,4249.0,4155,100.0,ZNE,test,manuel,MQ_LAM_20140424_063859
"bucket0$630,:3,:6001",2014-04-24T06:38:32.619900,MQ,MLM,14.7846,-61.1786,370.0,2753.0,,2753,100.0,ZNE,train,manuel,MQ_MLM_20140424_063900
"bucket0$631,:3,:6001",2014-04-24T06:38:34.489900,MQ,BAM,14.8171,-61.1445,670.0,2576.0,,2576,100.0,ZNE,train,manuel,MQ_BAM_20140424_063900
"bucket0$632,:3,:6001",2014-04-24T06:38:20.990000,MQ,IA2,14.80307,-61.20515,289.0,3951.0,4045.0,3951,100.0,ZNE,train,manuel,MQ_IA2_20140424_063900
"bucket0$633,:3,:6001",2014-04-24T06:42:38.769900,MQ,GBM,14.799451,-61.159276,800.0,1011.0,,1011,100.0,ZNE,train,manuel,MQ_GBM_20140424_064248
"bucket0$634,:3,:6001",2014-04-24T06:42:41.340000,MQ,LAM,14.81292,-61.16314,1240.0,757.0,,757,100.0,ZNE,train,manuel,MQ_LAM_20140424_064248
"bucket0$635,:3,:6001",2014-04-24T06:42:12.830000,WI,SAM,14.84108,-61.1638,485.0,3628.0,,3628,100.0,ZNE,train,manuel,WI_SAM_20140424_064249
"bucket0$636,:3,:6001",2014-04-24T06:42:00.069900,MQ,BAM,14.8171,-61.1445,670.0,4919.0,,4919,100.0,ZNE,train,manuel,MQ_BAM_20140424_064249
"bucket0$637,:3,:6001",2014-04-24T17:59:32.969900,MQ,GBM,14.799451,-61.159276,800.0,1775.0,,1775,100.0,ZNE,train,manuel,MQ_GBM_20140424_175950
"bucket0$638,:3,:6001",2014-04-24T17:59:41.840000,MQ,LAM,14.81292,-61.16314,1240.0,901.0,939.0,901,100.0,ZNE,train,manuel,MQ_LAM_20140424_175950
"bucket0$639,:3,:6001",2014-04-24T17:59:42.429900,MQ,CPM,14.8168,-61.2074,242.0,847.0,,847,100.0,ZNE,train,manuel,MQ_CPM_20140424_175950
"bucket0$640,:3,:6001",2014-04-24T17:59:39.349900,MQ,BAM,14.8171,-61.1445,670.0,1167.0,,1167,100.0,ZNE,train,manuel,MQ_BAM_20140424_175951
"bucket0$641,:3,:6001",2014-04-25T12:09:00.340000,MQ,LAM,14.81292,-61.16314,1240.0,5227.0,5408.0,5227,100.0,ZNE,train,manuel,MQ_LAM_20140425_120952
"bucket0$642,:3,:6001",2014-04-25T12:09:06.909900,MQ,GBM,14.799451,-61.159276,800.0,4610.0,,4610,100.0,ZNE,train,manuel,MQ_GBM_20140425_120953
"bucket0$643,:3,:6001",2014-04-25T12:09:02.910000,MQ,IA2,14.80307,-61.20515,289.0,5069.0,5298.0,5069,100.0,ZNE,train,manuel,MQ_IA2_20140425_120953
"bucket0$644,:3,:6001",2014-04-25T13:50:15.129900,MQ,GBM,14.799451,-61.159276,800.0,1892.0,,1892,100.0,ZNE,train,manuel,MQ_GBM_20140425_135034
"bucket0$645,:3,:6001",2014-04-25T13:50:22.240000,MQ,LAM,14.81292,-61.16314,1240.0,1198.0,1246.0,1198,100.0,ZNE,train,manuel,MQ_LAM_20140425_135034
"bucket2$77,:3,:6001",2014-04-25T13:50:01.269900,MQ,BAM,14.8171,-61.1445,670.0,3332.0,,3332,100.0,ZNE,dev,manuel,MQ_BAM_20140425_135034
"bucket2$78,:3,:6001",2014-04-26T22:00:01.990000,MQ,IA2,14.80307,-61.20515,289.0,2914.0,3417.0,2914,100.0,ZNE,dev,manuel,MQ_IA2_20140426_220031
"bucket2$79,:3,:6001",2014-04-26T22:00:09.060000,MQ,LAM,14.81292,-61.16314,1240.0,2536.0,2586.0,2536,100.0,ZNE,dev,manuel,MQ_LAM_20140426_220034
"bucket0$646,:3,:6001",2014-04-26T21:59:54.289900,MQ,BAM,14.8171,-61.1445,670.0,4048.0,,4048,100.0,ZNE,train,manuel,MQ_BAM_20140426_220034
"bucket0$647,:3,:6001",2014-04-26T21:59:58.969900,MQ,GBM,14.799451,-61.159276,800.0,3582.0,,3582,100.0,ZNE,train,manuel,MQ_GBM_20140426_220034
"bucket0$648,:3,:6001",2014-04-26T22:00:12.729900,MQ,MLM,14.7846,-61.1786,370.0,2231.0,,2231,100.0,ZNE,train,manuel,MQ_MLM_20140426_220035
"bucket0$649,:3,:6001",2014-04-26T22:00:12.389900,MQ,CPM,14.8168,-61.2074,242.0,2303.0,,2303,100.0,ZNE,train,manuel,MQ_CPM_20140426_220035
"bucket0$650,:3,:6001",2014-04-26T22:55:05.340000,MQ,LAM,14.81292,-61.16314,1240.0,3277.0,,3277,100.0,ZNE,train,manuel,MQ_LAM_20140426_225538
"bucket0$651,:3,:6001",2014-04-26T22:55:22.730000,WI,SAM,14.84108,-61.1638,485.0,1553.0,,1553,100.0,ZNE,train,manuel,WI_SAM_20140426_225538
"bucket0$652,:3,:6001",2014-04-26T22:55:27.579900,MQ,MLM,14.7846,-61.1786,370.0,1072.0,,1072,100.0,ZNE,train,manuel,MQ_MLM_20140426_225538
"bucket0$653,:3,:6001",2014-04-26T22:55:18.950000,MQ,IA2,14.80307,-61.20515,289.0,1943.0,,1943,100.0,ZNE,train,manuel,MQ_IA2_20140426_225538
"bucket0$654,:3,:6001",2014-04-27T15:22:43.149900,MQ,BAM,14.8171,-61.1445,670.0,2810.0,,2810,100.0,ZNE,train,manuel,MQ_BAM_20140427_152311
"bucket0$655,:3,:6001",2014-04-27T15:22:34.790000,MQ,LAM,14.81292,-61.16314,1240.0,3677.0,3725.0,3677,100.0,ZNE,train,manuel,MQ_LAM_20140427_152311
"bucket0$656,:3,:6001",2014-04-27T15:22:39.289900,MQ,GBM,14.799451,-61.159276,800.0,3239.0,,3239,100.0,ZNE,train,manuel,MQ_GBM_20140427_152311
"bucket0$657,:3,:6001",2014-04-27T15:22:25.220000,WI,SAM,14.84108,-61.1638,485.0,4682.0,,4682,100.0,ZNE,train,manuel,WI_SAM_20140427_152312
"bucket0$658,:3,:6001",2014-04-27T18:51:39.680000,MQ,LAM,14.81292,-61.16314,1240.0,1544.0,1590.0,1544,100.0,ZNE,train,manuel,MQ_LAM_20140427_185155
"bucket0$659,:3,:6001",2014-04-27T18:51:30.469900,MQ,GBM,14.799451,-61.159276,800.0,2490.0,,2490,100.0,ZNE,train,manuel,MQ_GBM_20140427_185155
"bucket0$660,:3,:6001",2014-04-27T18:51:17.709900,MQ,BAM,14.8171,-61.1445,670.0,3787.0,,3787,100.0,ZNE,train,manuel,MQ_BAM_20140427_185155
"bucket2$80,:3,:6001",2014-04-27T18:51:25.379900,MQ,MLM,14.7846,-61.1786,370.0,3034.0,,3034,100.0,ZNE,dev,manuel,MQ_MLM_20140427_185155
"bucket0$661,:3,:6001",2014-04-28T00:53:37.750000,MQ,LAM,14.81292,-61.16314,1240.0,1826.0,,1826,100.0,ZNE,train,manuel,MQ_LAM_20140428_005356
"bucket1$75,:3,:6001",2014-04-28T00:53:28.319900,MQ,BAM,14.8171,-61.1445,670.0,2769.0,,2769,100.0,ZNE,test,manuel,MQ_BAM_20140428_005356
"bucket2$81,:3,:6001",2014-04-28T00:53:14.099900,MQ,GBM,14.799451,-61.159276,800.0,4200.0,,4200,100.0,ZNE,dev,manuel,MQ_GBM_20140428_005356
"bucket0$662,:3,:6001",2014-04-28T04:14:09.090000,MQ,LAM,14.81292,-61.16314,1240.0,1780.0,1810.0,1780,100.0,ZNE,train,manuel,MQ_LAM_20140428_041426
"bucket0$663,:3,:6001",2014-04-28T04:13:49.519900,MQ,GBM,14.799451,-61.159276,800.0,3752.0,,3752,100.0,ZNE,train,manuel,MQ_GBM_20140428_041427
"bucket1$76,:3,:6001",2014-04-28T04:13:35.759900,MQ,CPM,14.8168,-61.2074,242.0,5161.0,,5161,100.0,ZNE,test,manuel,MQ_CPM_20140428_041427
"bucket0$664,:3,:6001",2014-04-28T04:14:05.880000,WI,SAM,14.84108,-61.1638,485.0,2149.0,2175.0,2149,100.0,ZNE,train,manuel,WI_SAM_20140428_041427
"bucket0$665,:3,:6001",2014-04-28T04:14:18.940000,MQ,IA2,14.80307,-61.20515,289.0,853.0,,853,100.0,ZNE,train,manuel,MQ_IA2_20140428_041427
"bucket0$666,:3,:6001",2014-04-28T04:13:51.909900,MQ,MLM,14.7846,-61.1786,370.0,3582.0,,3582,100.0,ZNE,train,manuel,MQ_MLM_20140428_041427
"bucket0$667,:3,:6001",2014-04-28T06:36:02.950000,MQ,LAM,14.81292,-61.16314,1240.0,1000.0,1021.0,1000,100.0,ZNE,train,manuel,MQ_LAM_20140428_063612
"bucket0$668,:3,:6001",2014-04-28T06:35:52.909900,MQ,GBM,14.799451,-61.159276,800.0,2006.0,,2006,100.0,ZNE,train,manuel,MQ_GBM_20140428_063612
"bucket2$82,:3,:6001",2014-04-28T06:35:36.130000,MQ,IA2,14.80307,-61.20515,289.0,3692.0,,3692,100.0,ZNE,dev,manuel,MQ_IA2_20140428_063613
"bucket0$669,:3,:6001",2014-04-28T06:35:51.629900,MQ,BAM,14.8171,-61.1445,670.0,2167.0,,2167,100.0,ZNE,train,manuel,MQ_BAM_20140428_063613
"bucket1$77,:3,:6001",2014-04-28T06:36:05.429900,MQ,MLM,14.7846,-61.1786,370.0,797.0,,797,100.0,ZNE,test,manuel,MQ_MLM_20140428_063613
"bucket2$83,:3,:6001",2014-04-28T07:07:58.919900,MQ,BAM,14.8171,-61.1445,670.0,1270.0,,1270,100.0,ZNE,dev,manuel,MQ_BAM_20140428_070811
"bucket1$78,:3,:6001",2014-04-28T07:07:41.649900,MQ,GBM,14.799451,-61.159276,800.0,3036.0,,3036,100.0,ZNE,test,manuel,MQ_GBM_20140428_070812
"bucket0$670,:3,:6001",2014-04-28T07:07:56.880000,MQ,IA2,14.80307,-61.20515,289.0,1526.0,1617.0,1526,100.0,ZNE,train,manuel,MQ_IA2_20140428_070812
"bucket0$671,:3,:6001",2014-04-28T07:07:42.580000,MQ,LAM,14.81292,-61.16314,1240.0,2962.0,3043.0,2962,100.0,ZNE,train,manuel,MQ_LAM_20140428_070812
"bucket0$672,:3,:6001",2014-04-28T21:28:39.880000,MQ,LAM,14.81292,-61.16314,1240.0,1742.0,1790.0,1742,100.0,ZNE,train,manuel,MQ_LAM_20140428_212857
"bucket0$673,:3,:6001",2014-04-28T21:28:45.749900,MQ,GBM,14.799451,-61.159276,800.0,1179.0,,1179,100.0,ZNE,train,manuel,MQ_GBM_20140428_212857
"bucket2$84,:3,:6001",2014-04-28T21:28:21.249900,MQ,BAM,14.8171,-61.1445,670.0,3647.0,,3647,100.0,ZNE,dev,manuel,MQ_BAM_20140428_212857
"bucket0$674,:3,:6001",2014-04-28T23:09:44.940000,MQ,LAM,14.81292,-61.16314,1240.0,4136.0,4196.0,4136,100.0,ZNE,train,manuel,MQ_LAM_20140428_231026
"bucket0$675,:3,:6001",2014-04-28T23:10:01.539900,MQ,GBM,14.799451,-61.159276,800.0,2481.0,,2481,100.0,ZNE,train,manuel,MQ_GBM_20140428_231026
"bucket0$676,:3,:6001",2014-04-28T23:10:07.889900,MQ,BAM,14.8171,-61.1445,670.0,1880.0,,1880,100.0,ZNE,train,manuel,MQ_BAM_20140428_231026
"bucket0$677,:3,:6001",2014-04-28T23:10:21.639900,MQ,MLM,14.7846,-61.1786,370.0,519.0,,519,100.0,ZNE,train,manuel,MQ_MLM_20140428_231026
"bucket0$678,:3,:6001",2014-04-28T23:09:40.500000,MQ,IA2,14.80307,-61.20515,289.0,4643.0,4736.0,4643,100.0,ZNE,train,manuel,MQ_IA2_20140428_231026
"bucket0$679,:3,:6001",2014-04-28T23:09:56.179900,MQ,CPM,14.8168,-61.2074,242.0,3090.0,,3090,100.0,ZNE,train,manuel,MQ_CPM_20140428_231027
"bucket0$680,:3,:6001",2014-04-29T07:13:15.909900,MQ,GBM,14.799451,-61.159276,800.0,1526.0,,1526,100.0,ZNE,train,manuel,MQ_GBM_20140429_071331
"bucket1$79,:3,:6001",2014-04-29T07:12:38.030000,MQ,LAM,14.81292,-61.16314,1240.0,5321.0,,5321,100.0,ZNE,test,manuel,MQ_LAM_20140429_071331
"bucket0$681,:3,:6001",2014-04-29T07:13:07.199900,MQ,BAM,14.8171,-61.1445,670.0,2439.0,,2439,100.0,ZNE,train,manuel,MQ_BAM_20140429_071331
"bucket0$682,:3,:6001",2014-04-29T07:12:56.079900,MQ,MLM,14.7846,-61.1786,370.0,3644.0,,3644,100.0,ZNE,train,manuel,MQ_MLM_20140429_071332
"bucket1$80,:3,:6001",2014-05-02T13:53:19.930000,MQ,LAM,14.81292,-61.16314,1240.0,5188.0,5251.0,5188,100.0,ZNE,test,manuel,MQ_LAM_20140502_135411
"bucket2$85,:3,:6001",2014-05-02T13:53:38.899900,MQ,GBM,14.799451,-61.159276,800.0,3298.0,,3298,100.0,ZNE,dev,manuel,MQ_GBM_20140502_135411
"bucket2$86,:3,:6001",2014-05-02T13:53:23.270000,MQ,IA2,14.80307,-61.20515,289.0,4907.0,5009.0,4907,100.0,ZNE,dev,manuel,MQ_IA2_20140502_135412
"bucket0$683,:3,:6001",2014-05-02T14:54:03.309900,MQ,GBM,14.799451,-61.159276,800.0,3776.0,,3776,100.0,ZNE,train,manuel,MQ_GBM_20140502_145441
"bucket0$684,:3,:6001",2014-05-02T14:54:04.920000,MQ,LAM,14.81292,-61.16314,1240.0,3617.0,3677.0,3617,100.0,ZNE,train,manuel,MQ_LAM_20140502_145441
"bucket0$685,:3,:6001",2014-05-02T14:54:28.729900,MQ,BAM,14.8171,-61.1445,670.0,1280.0,,1280,100.0,ZNE,train,manuel,MQ_BAM_20140502_145441
"bucket0$686,:3,:6001",2014-05-02T14:54:26.710000,MQ,IA2,14.80307,-61.20515,289.0,1503.0,1586.0,1503,100.0,ZNE,train,manuel,MQ_IA2_20140502_145441
"bucket0$687,:3,:6001",2014-05-02T14:54:16.299900,MQ,CPM,14.8168,-61.2074,242.0,2591.0,,2591,100.0,ZNE,train,manuel,MQ_CPM_20140502_145442
"bucket0$688,:3,:6001",2014-05-02T14:54:33.150000,MQ,LAM,14.81292,-61.16314,1240.0,3668.0,3956.0,3668,100.0,ZNE,train,manuel,MQ_LAM_20140502_145509
"bucket0$689,:3,:6001",2014-05-02T14:54:25.400000,MQ,IA2,14.80307,-61.20515,289.0,4469.0,4819.0,4469,100.0,ZNE,train,manuel,MQ_IA2_20140502_145510
"bucket0$690,:3,:6001",2014-05-02T14:54:25.699900,MQ,BAM,14.8171,-61.1445,670.0,4471.0,,4471,100.0,ZNE,train,manuel,MQ_BAM_20140502_145510
"bucket0$691,:3,:6001",2014-05-02T14:54:55.019900,MQ,GBM,14.799451,-61.159276,800.0,1568.0,,1568,100.0,ZNE,train,manuel,MQ_GBM_20140502_145510
"bucket0$692,:3,:6001",2014-05-02T16:10:37.149900,MQ,GBM,14.799451,-61.159276,800.0,5384.0,,5384,100.0,ZNE,train,manuel,MQ_GBM_20140502_161130
"bucket0$693,:3,:6001",2014-05-02T16:11:09.800000,MQ,LAM,14.81292,-61.16314,1240.0,2123.0,2194.0,2123,100.0,ZNE,train,manuel,MQ_LAM_20140502_161131
"bucket1$81,:3,:6001",2014-05-02T16:11:22.799900,MQ,BAM,14.8171,-61.1445,670.0,865.0,,865,100.0,ZNE,test,manuel,MQ_BAM_20140502_161131
"bucket1$82,:3,:6001",2014-05-02T16:11:07.470000,MQ,IA2,14.80307,-61.20515,289.0,2415.0,2501.0,2415,100.0,ZNE,test,manuel,MQ_IA2_20140502_161131
"bucket0$694,:3,:6001",2014-05-02T16:10:48.249900,MQ,CPM,14.8168,-61.2074,242.0,4351.0,,4351,100.0,ZNE,train,manuel,MQ_CPM_20140502_161131
"bucket0$695,:3,:6001",2014-05-02T16:11:50.059900,MQ,GBM,14.799451,-61.159276,800.0,4672.0,,4672,100.0,ZNE,train,manuel,MQ_GBM_20140502_161236
"bucket0$696,:3,:6001",2014-05-02T16:11:57.049900,MQ,BAM,14.8171,-61.1445,670.0,3981.0,,3981,100.0,ZNE,train,manuel,MQ_BAM_20140502_161236
"bucket1$83,:3,:6001",2014-05-02T16:12:25.030000,MQ,IA2,14.80307,-61.20515,289.0,1200.0,1296.0,1200,100.0,ZNE,test,manuel,MQ_IA2_20140502_161237
"bucket0$697,:3,:6001",2014-05-02T16:11:47.080000,MQ,LAM,14.81292,-61.16314,1240.0,5018.0,5063.0,5018,100.0,ZNE,train,manuel,MQ_LAM_20140502_161237
"bucket0$698,:3,:6001",2014-05-02T16:23:21.979900,MQ,BAM,14.8171,-61.1445,670.0,3121.0,,3121,100.0,ZNE,train,manuel,MQ_BAM_20140502_162353
"bucket0$699,:3,:6001",2014-05-02T16:23:36.579900,MQ,GBM,14.799451,-61.159276,800.0,1714.0,,1714,100.0,ZNE,train,manuel,MQ_GBM_20140502_162353
"bucket1$84,:3,:6001",2014-05-02T16:23:03.040000,MQ,LAM,14.81292,-61.16314,1240.0,5187.0,5249.0,5187,100.0,ZNE,test,manuel,MQ_LAM_20140502_162354
"bucket0$700,:3,:6001",2014-05-02T16:23:22.629900,MQ,MLM,14.7846,-61.1786,370.0,3280.0,,3280,100.0,ZNE,train,manuel,MQ_MLM_20140502_162355
"bucket0$701,:3,:6001",2014-05-02T16:23:11.480000,MQ,IA2,14.80307,-61.20515,289.0,4411.0,,4411,100.0,ZNE,train,manuel,MQ_IA2_20140502_162355
"bucket0$702,:3,:6001",2014-05-02T19:13:28.910000,MQ,LAM,14.81292,-61.16314,1240.0,680.0,742.0,680,100.0,ZNE,train,manuel,MQ_LAM_20140502_191335
"bucket0$703,:3,:6001",2014-05-02T19:13:19.669900,MQ,GBM,14.799451,-61.159276,800.0,1649.0,,1649,100.0,ZNE,train,manuel,MQ_GBM_20140502_191336
"bucket2$87,:3,:6001",2014-05-02T19:13:04.180000,MQ,IA2,14.80307,-61.20515,289.0,3227.0,3295.0,3227,100.0,ZNE,dev,manuel,MQ_IA2_20140502_191336
"bucket0$704,:3,:6001",2014-05-02T19:13:02.149900,MQ,BAM,14.8171,-61.1445,670.0,3432.0,,3432,100.0,ZNE,train,manuel,MQ_BAM_20140502_191336
"bucket0$705,:3,:6001",2014-05-02T19:13:21.519900,MQ,MLM,14.7846,-61.1786,370.0,1506.0,,1506,100.0,ZNE,train,manuel,MQ_MLM_20140502_191336
"bucket0$706,:3,:6001",2014-05-02T19:45:06.070000,MQ,LAM,14.81292,-61.16314,1240.0,1650.0,1826.0,1650,100.0,ZNE,train,manuel,MQ_LAM_20140502_194522
"bucket0$707,:3,:6001",2014-05-02T19:44:49.989900,MQ,BAM,14.8171,-61.1445,670.0,3315.0,,3315,100.0,ZNE,train,manuel,MQ_BAM_20140502_194523
"bucket0$708,:3,:6001",2014-05-02T19:44:41.679900,MQ,MLM,14.7846,-61.1786,370.0,4172.0,,4172,100.0,ZNE,train,manuel,MQ_MLM_20140502_194523
"bucket0$709,:3,:6001",2014-05-02T19:45:07.689900,MQ,GBM,14.799451,-61.159276,800.0,1584.0,,1584,100.0,ZNE,train,manuel,MQ_GBM_20140502_194523
"bucket0$710,:3,:6001",2014-05-02T19:44:40.450000,MQ,IA2,14.80307,-61.20515,289.0,4310.0,4432.0,4310,100.0,ZNE,train,manuel,MQ_IA2_20140502_194523
"bucket0$711,:3,:6001",2014-05-02T19:45:09.129900,MQ,CPM,14.8168,-61.2074,242.0,1530.0,,1530,100.0,ZNE,train,manuel,MQ_CPM_20140502_194524
"bucket0$712,:3,:6001",2014-05-02T19:46:26.640000,MQ,LAM,14.81292,-61.16314,1240.0,685.0,743.0,685,100.0,ZNE,train,manuel,MQ_LAM_20140502_194633
"bucket0$713,:3,:6001",2014-05-02T19:45:41.849900,MQ,BAM,14.8171,-61.1445,670.0,5202.0,,5202,100.0,ZNE,train,manuel,MQ_BAM_20140502_194633
"bucket1$85,:3,:6001",2014-05-02T19:45:50.019900,MQ,GBM,14.799451,-61.159276,800.0,4391.0,,4391,100.0,ZNE,test,manuel,MQ_GBM_20140502_194633
"bucket0$714,:3,:6001",2014-05-02T19:46:06.739900,MQ,MLM,14.7846,-61.1786,370.0,2725.0,,2725,100.0,ZNE,train,manuel,MQ_MLM_20140502_194633
"bucket0$715,:3,:6001",2014-05-02T19:45:40.410000,MQ,IA2,14.80307,-61.20515,289.0,5364.0,5473.0,5364,100.0,ZNE,train,manuel,MQ_IA2_20140502_194634
"bucket1$86,:3,:6001",2014-05-02T19:45:54.899900,MQ,CPM,14.8168,-61.2074,242.0,4008.0,,4008,100.0,ZNE,test,manuel,MQ_CPM_20140502_194634
"bucket0$716,:3,:6001",2014-05-02T21:59:11.939900,MQ,GBM,14.799451,-61.159276,800.0,4239.0,,4239,100.0,ZNE,train,manuel,MQ_GBM_20140502_215954
"bucket2$88,:3,:6001",2014-05-02T21:59:41.780000,MQ,LAM,14.81292,-61.16314,1240.0,1271.0,,1271,100.0,ZNE,dev,manuel,MQ_LAM_20140502_215954
"bucket0$717,:3,:6001",2014-05-02T21:59:14.869900,MQ,BAM,14.8171,-61.1445,670.0,3996.0,,3996,100.0,ZNE,train,manuel,MQ_BAM_20140502_215954
"bucket0$718,:3,:6001",2014-05-02T21:59:37.289900,MQ,MLM,14.7846,-61.1786,370.0,1774.0,,1774,100.0,ZNE,train,manuel,MQ_MLM_20140502_215955
"bucket0$719,:3,:6001",2014-05-02T21:59:00.300000,MQ,IA2,14.80307,-61.20515,289.0,5500.0,,5500,100.0,ZNE,train,manuel,MQ_IA2_20140502_215955
"bucket0$720,:3,:6001",2014-05-02T21:59:10.159900,MQ,CPM,14.8168,-61.2074,242.0,4556.0,,4556,100.0,ZNE,train,manuel,MQ_CPM_20140502_215955
"bucket1$87,:3,:6001",2014-05-02T22:37:10.759900,MQ,CPM,14.8168,-61.2074,242.0,813.0,,813,100.0,ZNE,test,manuel,MQ_CPM_20140502_223718
"bucket2$89,:3,:6001",2014-05-02T22:36:29.969900,MQ,BAM,14.8171,-61.1445,670.0,4901.0,,4901,100.0,ZNE,dev,manuel,MQ_BAM_20140502_223718
"bucket0$721,:3,:6001",2014-05-02T22:37:01.669900,MQ,GBM,14.799451,-61.159276,800.0,1774.0,,1774,100.0,ZNE,train,manuel,MQ_GBM_20140502_223719
"bucket1$88,:3,:6001",2014-05-02T22:36:43.420000,MQ,LAM,14.81292,-61.16314,1240.0,3601.0,3686.0,3601,100.0,ZNE,test,manuel,MQ_LAM_20140502_223719
"bucket1$89,:3,:6001",2014-05-02T22:36:55.600000,MQ,IA2,14.80307,-61.20515,289.0,2439.0,2535.0,2439,100.0,ZNE,test,manuel,MQ_IA2_20140502_223719
"bucket2$90,:3,:6001",2014-05-02T23:16:14.980000,MQ,LAM,14.81292,-61.16314,1240.0,1566.0,1898.0,1566,100.0,ZNE,dev,manuel,MQ_LAM_20140502_231630
"bucket0$722,:3,:6001",2014-05-02T23:15:44.389900,MQ,MLM,14.7846,-61.1786,370.0,4642.0,,4642,100.0,ZNE,train,manuel,MQ_MLM_20140502_231630
"bucket0$723,:3,:6001",2014-05-02T23:15:55.360000,MQ,IA2,14.80307,-61.20515,289.0,3569.0,4003.0,3569,100.0,ZNE,train,manuel,MQ_IA2_20140502_231631
"bucket0$724,:3,:6001",2014-05-02T23:15:49.879900,MQ,GBM,14.799451,-61.159276,800.0,4146.0,,4146,100.0,ZNE,train,manuel,MQ_GBM_20140502_231631
"bucket0$725,:3,:6001",2014-05-02T23:16:20.279900,MQ,CPM,14.8168,-61.2074,242.0,1126.0,,1126,100.0,ZNE,train,manuel,MQ_CPM_20140502_231631
"bucket0$726,:3,:6001",2014-05-02T23:16:11.179900,MQ,BAM,14.8171,-61.1445,670.0,2096.0,,2096,100.0,ZNE,train,manuel,MQ_BAM_20140502_231632
"bucket0$727,:3,:6001",2014-05-02T23:42:10.950000,MQ,IA2,14.80307,-61.20515,289.0,1991.0,2686.0,1991,100.0,ZNE,train,manuel,MQ_IA2_20140502_234230
"bucket0$728,:3,:6001",2014-05-02T23:41:57.120000,MQ,LAM,14.81292,-61.16314,1240.0,3909.0,3972.0,3909,100.0,ZNE,train,manuel,MQ_LAM_20140502_234236
"bucket0$729,:3,:6001",2014-05-02T23:42:25.509900,MQ,GBM,14.799451,-61.159276,800.0,1109.0,,1109,100.0,ZNE,train,manuel,MQ_GBM_20140502_234236
"bucket0$730,:3,:6001",2014-05-02T23:41:47.749900,MQ,BAM,14.8171,-61.1445,670.0,4906.0,,4906,100.0,ZNE,train,manuel,MQ_BAM_20140502_234236
"bucket0$731,:3,:6001",2014-05-02T23:41:44.219900,MQ,MLM,14.7846,-61.1786,370.0,5327.0,,5327,100.0,ZNE,train,manuel,MQ_MLM_20140502_234237
"bucket0$732,:3,:6001",2014-05-02T23:41:48.319900,MQ,CPM,14.8168,-61.2074,242.0,4923.0,,4923,100.0,ZNE,train,manuel,MQ_CPM_20140502_234237
"bucket0$733,:3,:6001",2014-05-03T00:44:26.140000,MQ,LAM,14.81292,-61.16314,1240.0,4127.0,4215.0,4127,100.0,ZNE,train,manuel,MQ_LAM_20140503_004507
"bucket0$734,:3,:6001",2014-05-03T00:44:52.009900,MQ,MLM,14.7846,-61.1786,370.0,1586.0,,1586,100.0,ZNE,train,manuel,MQ_MLM_20140503_004507
"bucket0$735,:3,:6001",2014-05-03T00:44:41.889900,MQ,GBM,14.799451,-61.159276,800.0,2601.0,,2601,100.0,ZNE,train,manuel,MQ_GBM_20140503_004507
"bucket0$736,:3,:6001",2014-05-03T00:44:51.480000,MQ,IA2,14.80307,-61.20515,289.0,1667.0,1767.0,1667,100.0,ZNE,train,manuel,MQ_IA2_20140503_004508
"bucket0$737,:3,:6001",2014-05-03T00:57:31.240000,MQ,IA2,14.80307,-61.20515,289.0,4585.0,4813.0,4585,100.0,ZNE,train,manuel,MQ_IA2_20140503_005817
"bucket0$738,:3,:6001",2014-05-03T00:57:48.249900,MQ,GBM,14.799451,-61.159276,800.0,2893.0,,2893,100.0,ZNE,train,manuel,MQ_GBM_20140503_005817
"bucket0$739,:3,:6001",2014-05-03T00:57:35.319900,MQ,BAM,14.8171,-61.1445,670.0,4299.0,,4299,100.0,ZNE,train,manuel,MQ_BAM_20140503_005818
"bucket0$740,:3,:6001",2014-05-03T00:57:55.859900,MQ,CPM,14.8168,-61.2074,242.0,2337.0,,2337,100.0,ZNE,train,manuel,MQ_CPM_20140503_005819
"bucket0$741,:3,:6001",2014-05-03T01:04:50.310000,MQ,LAM,14.81292,-61.16314,1240.0,548.0,679.0,548,100.0,ZNE,train,manuel,MQ_LAM_20140503_010455
"bucket0$742,:3,:6001",2014-05-03T01:04:39.839900,MQ,GBM,14.799451,-61.159276,800.0,1618.0,,1618,100.0,ZNE,train,manuel,MQ_GBM_20140503_010456
"bucket0$743,:3,:6001",2014-05-03T01:04:36.139900,MQ,CPM,14.8168,-61.2074,242.0,2020.0,,2020,100.0,ZNE,train,manuel,MQ_CPM_20140503_010456
"bucket2$91,:3,:6001",2014-05-03T01:04:37.419900,MQ,BAM,14.8171,-61.1445,670.0,1893.0,,1893,100.0,ZNE,dev,manuel,MQ_BAM_20140503_010456
"bucket0$744,:3,:6001",2014-05-03T01:04:09.530000,MQ,IA2,14.80307,-61.20515,289.0,4684.0,4786.0,4684,100.0,ZNE,train,manuel,MQ_IA2_20140503_010456
"bucket2$92,:3,:6001",2014-05-03T02:58:51.959900,MQ,GBM,14.799451,-61.159276,800.0,2806.0,,2806,100.0,ZNE,dev,manuel,MQ_GBM_20140503_025920
"bucket1$90,:3,:6001",2014-05-03T02:58:42.850000,MQ,LAM,14.81292,-61.16314,1240.0,3720.0,3800.0,3720,100.0,ZNE,test,manuel,MQ_LAM_20140503_025920
"bucket1$91,:3,:6001",2014-05-03T02:58:56.579900,MQ,BAM,14.8171,-61.1445,670.0,2362.0,,2362,100.0,ZNE,test,manuel,MQ_BAM_20140503_025920
"bucket0$745,:3,:6001",2014-05-03T02:58:41.450000,MQ,IA2,14.80307,-61.20515,289.0,3918.0,4009.0,3918,100.0,ZNE,train,manuel,MQ_IA2_20140503_025920
"bucket0$746,:3,:6001",2014-05-03T04:37:59.079900,MQ,GBM,14.799451,-61.159276,800.0,4599.0,,4599,100.0,ZNE,train,manuel,MQ_GBM_20140503_043845
"bucket0$747,:3,:6001",2014-05-03T04:38:23.640000,MQ,LAM,14.81292,-61.16314,1240.0,2145.0,2212.0,2145,100.0,ZNE,train,manuel,MQ_LAM_20140503_043845
"bucket0$748,:3,:6001",2014-05-03T04:37:56.209900,MQ,BAM,14.8171,-61.1445,670.0,4928.0,,4928,100.0,ZNE,train,manuel,MQ_BAM_20140503_043845
"bucket0$749,:3,:6001",2014-05-03T04:37:52.499900,MQ,MLM,14.7846,-61.1786,370.0,5304.0,,5304,100.0,ZNE,train,manuel,MQ_MLM_20140503_043845
"bucket0$750,:3,:6001",2014-05-03T04:38:33.410000,MQ,IA2,14.80307,-61.20515,289.0,1237.0,1325.0,1237,100.0,ZNE,train,manuel,MQ_IA2_20140503_043845
"bucket0$751,:3,:6001",2014-05-03T04:38:18.580000,WI,SAM,14.84108,-61.1638,485.0,2738.0,,2738,100.0,ZNE,train,manuel,WI_SAM_20140503_043845
"bucket0$752,:3,:6001",2014-05-03T04:38:18.969900,MQ,CPM,14.8168,-61.2074,242.0,2732.0,,2732,100.0,ZNE,train,manuel,MQ_CPM_20140503_043846
"bucket0$753,:3,:6001",2014-05-03T05:34:14.210000,MQ,IA2,14.80307,-61.20515,289.0,4596.0,5211.0,4596,100.0,ZNE,train,manuel,MQ_IA2_20140503_053500
"bucket0$754,:3,:6001",2014-05-03T05:34:49.699900,MQ,BAM,14.8171,-61.1445,670.0,1485.0,,1485,100.0,ZNE,train,manuel,MQ_BAM_20140503_053504
"bucket2$93,:3,:6001",2014-05-03T05:34:52.050000,MQ,LAM,14.81292,-61.16314,1240.0,1253.0,1282.0,1253,100.0,ZNE,dev,manuel,MQ_LAM_20140503_053504
"bucket2$94,:3,:6001",2014-05-03T05:34:37.229900,MQ,GBM,14.799451,-61.159276,800.0,2738.0,,2738,100.0,ZNE,dev,manuel,MQ_GBM_20140503_053504
"bucket0$755,:3,:6001",2014-05-03T05:34:26.599900,MQ,MLM,14.7846,-61.1786,370.0,3842.0,,3842,100.0,ZNE,train,manuel,MQ_MLM_20140503_053505
"bucket0$756,:3,:6001",2014-05-03T05:34:32.999900,MQ,CPM,14.8168,-61.2074,242.0,3300.0,,3300,100.0,ZNE,train,manuel,MQ_CPM_20140503_053506
"bucket0$757,:3,:6001",2014-05-04T04:37:01.569900,MQ,BAM,14.8171,-61.1445,670.0,653.0,,653,100.0,ZNE,train,manuel,MQ_BAM_20140504_043708
"bucket0$758,:3,:6001",2014-05-04T04:36:47.159900,MQ,GBM,14.799451,-61.159276,800.0,2115.0,,2115,100.0,ZNE,train,manuel,MQ_GBM_20140504_043708
"bucket0$759,:3,:6001",2014-05-04T04:36:43.190000,MQ,IA2,14.80307,-61.20515,289.0,2562.0,2850.0,2562,100.0,ZNE,train,manuel,MQ_IA2_20140504_043708
"bucket0$760,:3,:6001",2014-05-04T04:36:20.370000,MQ,LAM,14.81292,-61.16314,1240.0,5055.0,5132.0,5055,100.0,ZNE,train,manuel,MQ_LAM_20140504_043710
"bucket0$761,:3,:6001",2014-05-04T07:26:00.299900,MQ,MLM,14.7846,-61.1786,370.0,4032.0,,4032,100.0,ZNE,train,manuel,MQ_MLM_20140504_072640
"bucket0$762,:3,:6001",2014-05-04T07:26:20.439900,MQ,BAM,14.8171,-61.1445,670.0,2096.0,,2096,100.0,ZNE,train,manuel,MQ_BAM_20140504_072641
"bucket0$763,:3,:6001",2014-05-04T07:25:49.390000,MQ,LAM,14.81292,-61.16314,1240.0,5207.0,5304.0,5207,100.0,ZNE,train,manuel,MQ_LAM_20140504_072641
"bucket0$764,:3,:6001",2014-05-04T07:26:11.349900,MQ,GBM,14.799451,-61.159276,800.0,3012.0,,3012,100.0,ZNE,train,manuel,MQ_GBM_20140504_072641
"bucket0$765,:3,:6001",2014-05-04T07:26:18.860000,MQ,IA2,14.80307,-61.20515,289.0,2263.0,2368.0,2263,100.0,ZNE,train,manuel,MQ_IA2_20140504_072641
"bucket0$766,:3,:6001",2014-05-04T13:21:57.169900,MQ,CPM,14.8168,-61.2074,242.0,1078.0,,1078,100.0,ZNE,train,manuel,MQ_CPM_20140504_132207
"bucket0$767,:3,:6001",2014-05-04T13:21:27.179900,MQ,BAM,14.8171,-61.1445,670.0,4209.0,,4209,100.0,ZNE,train,manuel,MQ_BAM_20140504_132209
"bucket0$768,:3,:6001",2014-05-04T13:21:23.030000,MQ,IA2,14.80307,-61.20515,289.0,4661.0,4812.0,4661,100.0,ZNE,train,manuel,MQ_IA2_20140504_132209
"bucket0$769,:3,:6001",2014-05-04T13:21:24.949900,MQ,GBM,14.799451,-61.159276,800.0,4469.0,,4469,100.0,ZNE,train,manuel,MQ_GBM_20140504_132209
"bucket0$770,:3,:6001",2014-05-04T13:21:39.550000,MQ,LAM,14.81292,-61.16314,1240.0,3014.0,3151.0,3014,100.0,ZNE,train,manuel,MQ_LAM_20140504_132209
"bucket0$771,:3,:6001",2014-05-04T13:21:39.219900,MQ,MLM,14.7846,-61.1786,370.0,3092.0,,3092,100.0,ZNE,train,manuel,MQ_MLM_20140504_132210
"bucket0$772,:3,:6001",2014-05-05T01:08:02.549900,MQ,GBM,14.799451,-61.159276,800.0,1625.0,,1625,100.0,ZNE,train,manuel,MQ_GBM_20140505_010818
"bucket0$773,:3,:6001",2014-05-05T01:08:08.090000,MQ,LAM,14.81292,-61.16314,1240.0,1074.0,1168.0,1074,100.0,ZNE,train,manuel,MQ_LAM_20140505_010818
"bucket2$95,:3,:6001",2014-05-05T01:07:35.760000,MQ,IA2,14.80307,-61.20515,289.0,4385.0,4535.0,4385,100.0,ZNE,dev,manuel,MQ_IA2_20140505_010819
"bucket0$774,:3,:6001",2014-05-05T01:07:57.079900,MQ,BAM,14.8171,-61.1445,670.0,2283.0,,2283,100.0,ZNE,train,manuel,MQ_BAM_20140505_010819
"bucket0$775,:3,:6001",2014-05-05T15:03:42.540000,MQ,LAM,14.81292,-61.16314,1240.0,1623.0,1685.0,1623,100.0,ZNE,train,manuel,MQ_LAM_20140505_150358
"bucket0$776,:3,:6001",2014-05-05T15:03:15.509900,MQ,GBM,14.799451,-61.159276,800.0,4331.0,,4331,100.0,ZNE,train,manuel,MQ_GBM_20140505_150358
"bucket0$777,:3,:6001",2014-05-05T15:03:07.229900,MQ,BAM,14.8171,-61.1445,670.0,5196.0,,5196,100.0,ZNE,train,manuel,MQ_BAM_20140505_150359
"bucket0$778,:3,:6001",2014-05-05T15:03:29.230000,MQ,IA2,14.80307,-61.20515,289.0,3012.0,3112.0,3012,100.0,ZNE,train,manuel,MQ_IA2_20140505_150359
"bucket0$779,:3,:6001",2014-05-05T15:03:31.349900,MQ,CPM,14.8168,-61.2074,242.0,2820.0,,2820,100.0,ZNE,train,manuel,MQ_CPM_20140505_150359
"bucket0$780,:3,:6001",2014-05-05T15:03:46.960000,WI,SAM,14.84108,-61.1638,485.0,,1349.0,1349,100.0,ZNE,train,manuel,WI_SAM_20140505_150400
"bucket0$781,:3,:6001",2014-05-05T15:37:34.969900,MQ,GBM,14.799451,-61.159276,800.0,5264.0,,5264,100.0,ZNE,train,manuel,MQ_GBM_20140505_153827
"bucket2$96,:3,:6001",2014-05-05T15:37:50.830000,MQ,LAM,14.81292,-61.16314,1240.0,3682.0,3741.0,3682,100.0,ZNE,dev,manuel,MQ_LAM_20140505_153827
"bucket0$782,:3,:6001",2014-05-05T15:37:40.049900,MQ,BAM,14.8171,-61.1445,670.0,4800.0,,4800,100.0,ZNE,train,manuel,MQ_BAM_20140505_153828
"bucket0$783,:3,:6001",2014-05-05T17:05:36.689900,MQ,GBM,14.799451,-61.159276,800.0,5455.0,,5455,100.0,ZNE,train,manuel,MQ_GBM_20140505_170631
"bucket0$784,:3,:6001",2014-05-05T17:06:23.200000,MQ,LAM,14.81292,-61.16314,1240.0,809.0,849.0,809,100.0,ZNE,train,manuel,MQ_LAM_20140505_170631
"bucket2$97,:3,:6001",2014-05-05T17:06:02.509900,MQ,BAM,14.8171,-61.1445,670.0,2918.0,,2918,100.0,ZNE,dev,manuel,MQ_BAM_20140505_170631
"bucket0$785,:3,:6001",2014-05-05T17:13:31.749900,MQ,GBM,14.799451,-61.159276,800.0,955.0,,955,100.0,ZNE,train,manuel,MQ_GBM_20140505_171341
"bucket0$786,:3,:6001",2014-05-05T17:13:26.650000,MQ,LAM,14.81292,-61.16314,1240.0,1470.0,1557.0,1470,100.0,ZNE,train,manuel,MQ_LAM_20140505_171341
"bucket0$787,:3,:6001",2014-05-05T17:13:26.639900,MQ,BAM,14.8171,-61.1445,670.0,1506.0,,1506,100.0,ZNE,train,manuel,MQ_BAM_20140505_171341
"bucket0$788,:3,:6001",2014-05-05T18:00:59.239900,MQ,GBM,14.799451,-61.159276,800.0,3850.0,,3850,100.0,ZNE,train,manuel,MQ_GBM_20140505_180137
"bucket0$789,:3,:6001",2014-05-05T18:01:06.529900,MQ,MLM,14.7846,-61.1786,370.0,3125.0,,3125,100.0,ZNE,train,manuel,MQ_MLM_20140505_180137
"bucket0$790,:3,:6001",2014-05-05T18:00:53.019900,MQ,BAM,14.8171,-61.1445,670.0,4477.0,,4477,100.0,ZNE,train,manuel,MQ_BAM_20140505_180137
"bucket0$791,:3,:6001",2014-05-05T18:01:17.860000,MQ,IA2,14.80307,-61.20515,289.0,1995.0,2028.0,1995,100.0,ZNE,train,manuel,MQ_IA2_20140505_180137
"bucket0$792,:3,:6001",2014-05-05T18:01:05.630000,MQ,LAM,14.81292,-61.16314,1240.0,3236.0,3343.0,3236,100.0,ZNE,train,manuel,MQ_LAM_20140505_180137
"bucket0$793,:3,:6001",2014-05-05T18:02:25.100000,MQ,LAM,14.81292,-61.16314,1240.0,1750.0,,1750,100.0,ZNE,train,manuel,MQ_LAM_20140505_180242
"bucket0$794,:3,:6001",2014-05-05T18:02:18.709900,MQ,MLM,14.7846,-61.1786,370.0,2411.0,,2411,100.0,ZNE,train,manuel,MQ_MLM_20140505_180242
"bucket0$795,:3,:6001",2014-05-05T18:01:50.259900,MQ,CPM,14.8168,-61.2074,242.0,5314.0,,5314,100.0,ZNE,train,manuel,MQ_CPM_20140505_180243
"bucket0$796,:3,:6001",2014-05-05T18:02:08.009900,MQ,GBM,14.799451,-61.159276,800.0,3547.0,,3547,100.0,ZNE,train,manuel,MQ_GBM_20140505_180243
"bucket0$797,:3,:6001",2014-05-05T18:02:22.699900,MQ,BAM,14.8171,-61.1445,670.0,2093.0,,2093,100.0,ZNE,train,manuel,MQ_BAM_20140505_180243
"bucket1$92,:3,:6001",2014-05-05T18:02:34.580000,MQ,IA2,14.80307,-61.20515,289.0,,976.0,976,100.0,ZNE,test,manuel,MQ_IA2_20140505_180244
"bucket0$798,:3,:6001",2014-05-06T00:02:50.070000,MQ,LAM,14.81292,-61.16314,1240.0,2540.0,2604.0,2540,100.0,ZNE,train,manuel,MQ_LAM_20140506_000315
"bucket1$93,:3,:6001",2014-05-06T00:03:03.119900,MQ,GBM,14.799451,-61.159276,800.0,1237.0,,1237,100.0,ZNE,test,manuel,MQ_GBM_20140506_000315
"bucket0$799,:3,:6001",2014-05-06T00:02:57.349900,MQ,BAM,14.8171,-61.1445,670.0,1844.0,,1844,100.0,ZNE,train,manuel,MQ_BAM_20140506_000315
"bucket0$800,:3,:6001",2014-05-06T00:02:30.329900,MQ,CPM,14.8168,-61.2074,242.0,4555.0,,4555,100.0,ZNE,train,manuel,MQ_CPM_20140506_000315
"bucket0$801,:3,:6001",2014-05-06T00:02:25.849900,MQ,MLM,14.7846,-61.1786,370.0,5005.0,,5005,100.0,ZNE,train,manuel,MQ_MLM_20140506_000315
"bucket0$802,:3,:6001",2014-05-06T00:02:51.950000,MQ,IA2,14.80307,-61.20515,289.0,2405.0,2499.0,2405,100.0,ZNE,train,manuel,MQ_IA2_20140506_000316
"bucket0$803,:3,:6001",2014-05-06T00:02:41.430000,WI,SAM,14.84108,-61.1638,485.0,3521.0,3560.0,3521,100.0,ZNE,train,manuel,WI_SAM_20140506_000316
"bucket0$804,:3,:6001",2014-05-06T12:13:18.959900,MQ,GBM,14.799451,-61.159276,800.0,1491.0,,1491,100.0,ZNE,train,manuel,MQ_GBM_20140506_121333
"bucket0$805,:3,:6001",2014-05-06T12:13:14.880000,MQ,LAM,14.81292,-61.16314,1240.0,1923.0,1992.0,1923,100.0,ZNE,train,manuel,MQ_LAM_20140506_121334
"bucket0$806,:3,:6001",2014-05-06T12:13:25.479900,MQ,BAM,14.8171,-61.1445,670.0,898.0,,898,100.0,ZNE,train,manuel,MQ_BAM_20140506_121334
"bucket0$807,:3,:6001",2014-05-06T12:28:30.280000,MQ,LAM,14.81292,-61.16314,1240.0,2236.0,2299.0,2236,100.0,ZNE,train,manuel,MQ_LAM_20140506_122852
"bucket0$808,:3,:6001",2014-05-06T12:28:47.379900,MQ,GBM,14.799451,-61.159276,800.0,539.0,,539,100.0,ZNE,train,manuel,MQ_GBM_20140506_122852
"bucket0$809,:3,:6001",2014-05-06T12:28:32.029900,MQ,BAM,14.8171,-61.1445,670.0,2111.0,,2111,100.0,ZNE,train,manuel,MQ_BAM_20140506_122853
"bucket0$810,:3,:6001",2014-05-06T12:32:30.700000,MQ,LAM,14.81292,-61.16314,1240.0,2356.0,2411.0,2356,100.0,ZNE,train,manuel,MQ_LAM_20140506_123254
"bucket0$811,:3,:6001",2014-05-06T12:32:16.399900,MQ,BAM,14.8171,-61.1445,670.0,3823.0,,3823,100.0,ZNE,train,manuel,MQ_BAM_20140506_123254
"bucket0$812,:3,:6001",2014-05-06T12:32:07.659900,MQ,GBM,14.799451,-61.159276,800.0,4704.0,,4704,100.0,ZNE,train,manuel,MQ_GBM_20140506_123254
"bucket0$813,:3,:6001",2014-05-06T12:32:02.100000,MQ,IA2,14.80307,-61.20515,289.0,,5372.0,5372,100.0,ZNE,train,manuel,MQ_IA2_20140506_123255
"bucket2$98,:3,:6001",2014-05-06T20:22:08.119900,MQ,GBM,14.799451,-61.159276,800.0,1308.0,,1308,100.0,ZNE,dev,manuel,MQ_GBM_20140506_202221
"bucket0$814,:3,:6001",2014-05-06T20:21:47.490000,MQ,LAM,14.81292,-61.16314,1240.0,3376.0,3400.0,3376,100.0,ZNE,train,manuel,MQ_LAM_20140506_202221
"bucket0$815,:3,:6001",2014-05-06T20:22:06.109900,MQ,BAM,14.8171,-61.1445,670.0,1543.0,,1543,100.0,ZNE,train,manuel,MQ_BAM_20140506_202221
"bucket0$816,:3,:6001",2014-05-06T20:21:59.300000,MQ,IA2,14.80307,-61.20515,289.0,2253.0,2351.0,2253,100.0,ZNE,train,manuel,MQ_IA2_20140506_202221
"bucket0$817,:3,:6001",2014-05-06T21:01:00.289900,MQ,GBM,14.799451,-61.159276,800.0,4933.0,,4933,100.0,ZNE,train,manuel,MQ_GBM_20140506_210149
"bucket0$818,:3,:6001",2014-05-06T21:01:40.310000,MQ,LAM,14.81292,-61.16314,1240.0,939.0,1018.0,939,100.0,ZNE,train,manuel,MQ_LAM_20140506_210149
"bucket0$819,:3,:6001",2014-05-06T21:01:28.409900,MQ,BAM,14.8171,-61.1445,670.0,2159.0,,2159,100.0,ZNE,train,manuel,MQ_BAM_20140506_210150
"bucket0$820,:3,:6001",2014-05-06T21:01:06.310000,MQ,IA2,14.80307,-61.20515,289.0,4391.0,4491.0,4391,100.0,ZNE,train,manuel,MQ_IA2_20140506_210150
"bucket0$821,:3,:6001",2014-05-06T21:01:05.380000,WI,SAM,14.84108,-61.1638,485.0,,4559.0,4559,100.0,ZNE,train,manuel,WI_SAM_20140506_210150
"bucket2$99,:3,:6001",2014-05-07T01:05:01.040000,MQ,LAM,14.81292,-61.16314,1240.0,4653.0,4703.0,4653,100.0,ZNE,dev,manuel,MQ_LAM_20140507_010547
"bucket2$100,:3,:6001",2014-05-07T01:05:26,MQ,IA2,14.80307,-61.20515,289.0,2191.0,,2191,100.0,ZNE,dev,manuel,MQ_IA2_20140507_010547
"bucket0$822,:3,:6001",2014-05-07T01:05:39.069900,MQ,BAM,14.8171,-61.1445,670.0,884.0,,884,100.0,ZNE,train,manuel,MQ_BAM_20140507_010547
"bucket0$823,:3,:6001",2014-05-07T01:05:06.629900,MQ,GBM,14.799451,-61.159276,800.0,4130.0,,4130,100.0,ZNE,train,manuel,MQ_GBM_20140507_010547
"bucket0$824,:3,:6001",2014-05-07T01:05:07.309900,MQ,MLM,14.7846,-61.1786,370.0,4130.0,,4130,100.0,ZNE,train,manuel,MQ_MLM_20140507_010548
"bucket0$825,:3,:6001",2014-05-07T07:17:43.639900,MQ,GBM,14.799451,-61.159276,800.0,4538.0,,4538,100.0,ZNE,train,manuel,MQ_GBM_20140507_071829
"bucket2$101,:3,:6001",2014-05-07T07:17:57.340000,MQ,LAM,14.81292,-61.16314,1240.0,3182.0,3284.0,3182,100.0,ZNE,dev,manuel,MQ_LAM_20140507_071829
"bucket0$826,:3,:6001",2014-05-07T07:18:13.129900,MQ,BAM,14.8171,-61.1445,670.0,1673.0,,1673,100.0,ZNE,train,manuel,MQ_BAM_20140507_071829
"bucket0$827,:3,:6001",2014-05-07T07:18:15.930000,MQ,IA2,14.80307,-61.20515,289.0,,1483.0,1483,100.0,ZNE,train,manuel,MQ_IA2_20140507_071830
"bucket0$828,:3,:6001",2014-05-07T09:05:05.499900,MQ,GBM,14.799451,-61.159276,800.0,5172.0,,5172,100.0,ZNE,train,manuel,MQ_GBM_20140507_090557
"bucket0$829,:3,:6001",2014-05-07T09:05:06.490000,MQ,LAM,14.81292,-61.16314,1240.0,5079.0,,5079,100.0,ZNE,train,manuel,MQ_LAM_20140507_090557
"bucket0$830,:3,:6001",2014-05-07T09:05:06.459900,MQ,BAM,14.8171,-61.1445,670.0,5132.0,,5132,100.0,ZNE,train,manuel,MQ_BAM_20140507_090557
"bucket0$831,:3,:6001",2014-05-07T09:05:50.180000,WI,SAM,14.84108,-61.1638,485.0,785.0,,785,100.0,ZNE,train,manuel,WI_SAM_20140507_090558
"bucket0$832,:3,:6001",2014-05-07T09:05:03.699900,MQ,CPM,14.8168,-61.2074,242.0,5442.0,,5442,100.0,ZNE,train,manuel,MQ_CPM_20140507_090558
"bucket0$833,:3,:6001",2014-05-07T09:05:39.580000,MQ,IA2,14.80307,-61.20515,289.0,1860.0,,1860,100.0,ZNE,train,manuel,MQ_IA2_20140507_090558
"bucket2$102,:3,:6001",2014-05-07T10:03:10.359900,MQ,GBM,14.799451,-61.159276,800.0,2497.0,,2497,100.0,ZNE,dev,manuel,MQ_GBM_20140507_100335
"bucket0$834,:3,:6001",2014-05-07T10:02:57.110000,MQ,LAM,14.81292,-61.16314,1240.0,3924.0,4021.0,3924,100.0,ZNE,train,manuel,MQ_LAM_20140507_100336
"bucket0$835,:3,:6001",2014-05-07T10:03:24.850000,MQ,IA2,14.80307,-61.20515,289.0,1096.0,1360.0,1096,100.0,ZNE,train,manuel,MQ_IA2_20140507_100335
"bucket0$836,:3,:6001",2014-05-07T10:02:59.399900,MQ,BAM,14.8171,-61.1445,670.0,3724.0,,3724,100.0,ZNE,train,manuel,MQ_BAM_20140507_100336
"bucket0$837,:3,:6001",2014-05-07T17:00:00.999900,MQ,BAM,14.8171,-61.1445,670.0,1123.0,,1123,100.0,ZNE,train,manuel,MQ_BAM_20140507_170012
"bucket0$838,:3,:6001",2014-05-07T16:59:54.259900,MQ,GBM,14.799451,-61.159276,800.0,1822.0,,1822,100.0,ZNE,train,manuel,MQ_GBM_20140507_170012
"bucket0$839,:3,:6001",2014-05-07T16:59:27.980000,MQ,LAM,14.81292,-61.16314,1240.0,4499.0,4534.0,4499,100.0,ZNE,train,manuel,MQ_LAM_20140507_170012
"bucket0$840,:3,:6001",2014-05-07T16:59:42.650000,MQ,IA2,14.80307,-61.20515,289.0,,3197.0,3197,100.0,ZNE,train,manuel,MQ_IA2_20140507_170014
"bucket0$841,:3,:6001",2014-05-07T22:33:42.449900,MQ,GBM,14.799451,-61.159276,800.0,4865.0,,4865,100.0,ZNE,train,manuel,MQ_GBM_20140507_223431
"bucket0$842,:3,:6001",2014-05-07T22:34:08.450000,MQ,LAM,14.81292,-61.16314,1240.0,2289.0,,2289,100.0,ZNE,train,manuel,MQ_LAM_20140507_223431
"bucket1$94,:3,:6001",2014-05-07T22:34:01.440000,WI,SAM,14.84108,-61.1638,485.0,2992.0,,2992,100.0,ZNE,test,manuel,WI_SAM_20140507_223431
"bucket0$843,:3,:6001",2014-05-07T22:33:59.939900,MQ,BAM,14.8171,-61.1445,670.0,3153.0,,3153,100.0,ZNE,train,manuel,MQ_BAM_20140507_223431
"bucket0$844,:3,:6001",2014-05-07T22:33:40.470000,MQ,IA2,14.80307,-61.20515,289.0,5110.0,,5110,100.0,ZNE,train,manuel,MQ_IA2_20140507_223431
"bucket0$845,:3,:6001",2014-05-08T23:20:16.150000,MQ,LAM,14.81292,-61.16314,1240.0,5309.0,5366.0,5309,100.0,ZNE,train,manuel,MQ_LAM_20140508_232109
"bucket0$846,:3,:6001",2014-05-08T23:20:23.639900,MQ,BAM,14.8171,-61.1445,670.0,4599.0,,4599,100.0,ZNE,train,manuel,MQ_BAM_20140508_232109
"bucket0$847,:3,:6001",2014-05-08T23:20:32.299900,MQ,GBM,14.799451,-61.159276,800.0,3744.0,,3744,100.0,ZNE,train,manuel,MQ_GBM_20140508_232109
"bucket0$848,:3,:6001",2014-05-08T23:21:00.420000,MQ,IA2,14.80307,-61.20515,289.0,942.0,,942,100.0,ZNE,train,manuel,MQ_IA2_20140508_232109
"bucket0$849,:3,:6001",2014-05-09T07:02:38.769900,MQ,BAM,14.8171,-61.1445,670.0,5206.0,,5206,100.0,ZNE,train,manuel,MQ_BAM_20140509_070330
"bucket0$850,:3,:6001",2014-05-09T07:03:03.779900,MQ,GBM,14.799451,-61.159276,800.0,2707.0,,2707,100.0,ZNE,train,manuel,MQ_GBM_20140509_070330
"bucket2$103,:3,:6001",2014-05-09T07:02:53.210000,MQ,LAM,14.81292,-61.16314,1240.0,3793.0,3878.0,3793,100.0,ZNE,dev,manuel,MQ_LAM_20140509_070331
"bucket0$851,:3,:6001",2014-05-09T07:03:21.880000,MQ,IA2,14.80307,-61.20515,289.0,944.0,1064.0,944,100.0,ZNE,train,manuel,MQ_IA2_20140509_070331
"bucket0$852,:3,:6001",2014-05-10T02:03:24.640000,MQ,LAM,14.81292,-61.16314,1240.0,2897.0,3080.0,2897,100.0,ZNE,train,manuel,MQ_LAM_20140510_020353
"bucket0$853,:3,:6001",2014-05-10T02:03:10.379900,MQ,GBM,14.799451,-61.159276,800.0,4324.0,,4324,100.0,ZNE,train,manuel,MQ_GBM_20140510_020353
"bucket0$854,:3,:6001",2014-05-10T02:02:59.909900,MQ,BAM,14.8171,-61.1445,670.0,5402.0,,5402,100.0,ZNE,train,manuel,MQ_BAM_20140510_020353
"bucket0$855,:3,:6001",2014-05-10T02:03:30.930000,MQ,IA2,14.80307,-61.20515,289.0,2326.0,2443.0,2326,100.0,ZNE,train,manuel,MQ_IA2_20140510_020354
"bucket2$104,:3,:6001",2014-05-10T02:03:09.780000,WI,SAM,14.84108,-61.1638,485.0,4460.0,4637.0,4460,100.0,ZNE,dev,manuel,WI_SAM_20140510_020354
"bucket0$856,:3,:6001",2014-05-10T03:12:26.169900,MQ,GBM,14.799451,-61.159276,800.0,5167.0,,5167,100.0,ZNE,train,manuel,MQ_GBM_20140510_031317
"bucket0$857,:3,:6001",2014-05-10T03:13:11.510000,MQ,LAM,14.81292,-61.16314,1240.0,670.0,,670,100.0,ZNE,train,manuel,MQ_LAM_20140510_031318
"bucket1$95,:3,:6001",2014-05-10T03:12:51.179900,MQ,BAM,14.8171,-61.1445,670.0,2768.0,,2768,100.0,ZNE,test,manuel,MQ_BAM_20140510_031318
"bucket0$858,:3,:6001",2014-05-10T03:12:35.470000,MQ,IA2,14.80307,-61.20515,289.0,4417.0,,4417,100.0,ZNE,train,manuel,MQ_IA2_20140510_031319
"bucket1$96,:3,:6001",2014-05-10T03:12:46,WI,SAM,14.84108,-61.1638,485.0,3415.0,,3415,100.0,ZNE,test,manuel,WI_SAM_20140510_031320
"bucket0$859,:3,:6001",2014-05-10T05:55:43.649900,MQ,GBM,14.799451,-61.159276,800.0,5047.0,,5047,100.0,ZNE,train,manuel,MQ_GBM_20140510_055634
"bucket0$860,:3,:6001",2014-05-10T05:56:26.900000,MQ,LAM,14.81292,-61.16314,1240.0,728.0,780.0,728,100.0,ZNE,train,manuel,MQ_LAM_20140510_055634
"bucket0$861,:3,:6001",2014-05-10T05:56:25.679900,MQ,BAM,14.8171,-61.1445,670.0,887.0,,887,100.0,ZNE,train,manuel,MQ_BAM_20140510_055634
"bucket0$862,:3,:6001",2014-05-13T01:29:51.870000,MQ,IA2,14.80307,-61.20515,289.0,2160.0,2231.0,2160,100.0,ZNE,train,manuel,MQ_IA2_20140513_013013
"bucket0$863,:3,:6001",2014-05-13T01:30:02.370000,MQ,LAM,14.81292,-61.16314,1240.0,1123.0,1159.0,1123,100.0,ZNE,train,manuel,MQ_LAM_20140513_013013
"bucket0$864,:3,:6001",2014-05-13T01:29:48.829900,MQ,GBM,14.799451,-61.159276,800.0,2481.0,,2481,100.0,ZNE,train,manuel,MQ_GBM_20140513_013013
"bucket0$865,:3,:6001",2014-05-13T01:29:39.619900,MQ,BAM,14.8171,-61.1445,670.0,3431.0,,3431,100.0,ZNE,train,manuel,MQ_BAM_20140513_013013
"bucket0$866,:3,:6001",2014-05-14T05:54:21.759900,MQ,GBM,14.799451,-61.159276,800.0,5398.0,,5398,100.0,ZNE,train,manuel,MQ_GBM_20140514_055515
"bucket0$867,:3,:6001",2014-05-14T05:54:21.240000,MQ,LAM,14.81292,-61.16314,1240.0,5499.0,,5499,100.0,ZNE,train,manuel,MQ_LAM_20140514_055516
"bucket0$868,:3,:6001",2014-05-14T05:54:28.809900,MQ,MLM,14.7846,-61.1786,370.0,4772.0,,4772,100.0,ZNE,train,manuel,MQ_MLM_20140514_055516
"bucket0$869,:3,:6001",2014-05-14T05:54:57.389900,MQ,BAM,14.8171,-61.1445,670.0,1947.0,,1947,100.0,ZNE,train,manuel,MQ_BAM_20140514_055516
"bucket0$870,:3,:6001",2014-05-14T05:55:10.279900,MQ,CPM,14.8168,-61.2074,242.0,706.0,,706,100.0,ZNE,train,manuel,MQ_CPM_20140514_055517
"bucket0$871,:3,:6001",2014-05-14T05:54:38.490000,MQ,IA2,14.80307,-61.20515,289.0,3886.0,,3886,100.0,ZNE,train,manuel,MQ_IA2_20140514_055517
"bucket0$872,:3,:6001",2014-05-14T06:11:29.179900,MQ,BAM,14.8171,-61.1445,670.0,1421.0,,1421,100.0,ZNE,train,manuel,MQ_BAM_20140514_061143
"bucket1$97,:3,:6001",2014-05-14T06:11:34.329900,MQ,GBM,14.799451,-61.159276,800.0,929.0,,929,100.0,ZNE,test,manuel,MQ_GBM_20140514_061143
"bucket2$105,:3,:6001",2014-05-14T06:11:03.740000,MQ,LAM,14.81292,-61.16314,1240.0,3996.0,4061.0,3996,100.0,ZNE,dev,manuel,MQ_LAM_20140514_061143
"bucket0$873,:3,:6001",2014-05-14T06:11:04.780000,MQ,IA2,14.80307,-61.20515,289.0,3960.0,,3960,100.0,ZNE,train,manuel,MQ_IA2_20140514_061144
"bucket0$874,:3,:6001",2014-05-14T06:11:21.609900,MQ,MLM,14.7846,-61.1786,370.0,2292.0,,2292,100.0,ZNE,train,manuel,MQ_MLM_20140514_061144
"bucket0$875,:3,:6001",2014-05-14T16:50:31.810000,MQ,LAM,14.81292,-61.16314,1240.0,1816.0,,1816,100.0,ZNE,train,manuel,MQ_LAM_20140514_165049
"bucket0$876,:3,:6001",2014-05-14T16:49:57.299900,MQ,GBM,14.799451,-61.159276,800.0,5307.0,,5307,100.0,ZNE,train,manuel,MQ_GBM_20140514_165050
"bucket2$106,:3,:6001",2014-05-14T16:50:32.510000,MQ,IA2,14.80307,-61.20515,289.0,1851.0,,1851,100.0,ZNE,dev,manuel,MQ_IA2_20140514_165051
"bucket0$877,:3,:6001",2014-05-14T16:50:08.739900,MQ,BAM,14.8171,-61.1445,670.0,4277.0,,4277,100.0,ZNE,train,manuel,MQ_BAM_20140514_165051
"bucket0$878,:3,:6001",2014-05-15T02:02:38.439900,MQ,GBM,14.799451,-61.159276,800.0,2413.0,,2413,100.0,ZNE,train,manuel,MQ_GBM_20140515_020302
"bucket0$879,:3,:6001",2014-05-15T02:02:36.080000,MQ,IA2,14.80307,-61.20515,289.0,2693.0,2802.0,2693,100.0,ZNE,train,manuel,MQ_IA2_20140515_020303
"bucket0$880,:3,:6001",2014-05-15T02:02:27.429900,MQ,BAM,14.8171,-61.1445,670.0,3587.0,,3587,100.0,ZNE,train,manuel,MQ_BAM_20140515_020303
"bucket1$98,:3,:6001",2014-05-15T08:04:13.999900,MQ,GBM,14.799451,-61.159276,800.0,5055.0,,5055,100.0,ZNE,test,manuel,MQ_GBM_20140515_080504
"bucket0$881,:3,:6001",2014-05-15T08:04:15.950000,MQ,IA2,14.80307,-61.20515,289.0,4868.0,4969.0,4868,100.0,ZNE,train,manuel,MQ_IA2_20140515_080504
"bucket1$99,:3,:6001",2014-05-15T08:04:55.549900,MQ,CPM,14.8168,-61.2074,242.0,942.0,,942,100.0,ZNE,test,manuel,MQ_CPM_20140515_080504
"bucket0$882,:3,:6001",2014-05-15T08:04:42.869900,MQ,BAM,14.8171,-61.1445,670.0,2211.0,,2211,100.0,ZNE,train,manuel,MQ_BAM_20140515_080504
"bucket0$883,:3,:6001",2014-05-17T00:57:02.019900,MQ,GBM,14.799451,-61.159276,800.0,1976.0,,1976,100.0,ZNE,train,manuel,MQ_GBM_20140517_005721
"bucket0$884,:3,:6001",2014-05-17T00:57:01.560000,MQ,LAM,14.81292,-61.16314,1240.0,2026.0,2184.0,2026,100.0,ZNE,train,manuel,MQ_LAM_20140517_005721
"bucket0$885,:3,:6001",2014-05-17T00:56:34.539900,MQ,BAM,14.8171,-61.1445,670.0,4730.0,,4730,100.0,ZNE,train,manuel,MQ_BAM_20140517_005721
"bucket0$886,:3,:6001",2014-05-17T06:01:04.450000,MQ,LAM,14.81292,-61.16314,1240.0,4296.0,4548.0,4296,100.0,ZNE,train,manuel,MQ_LAM_20140517_060147
"bucket0$887,:3,:6001",2014-05-17T06:01:05.549900,MQ,GBM,14.799451,-61.159276,800.0,4206.0,,4206,100.0,ZNE,train,manuel,MQ_GBM_20140517_060147
"bucket0$888,:3,:6001",2014-05-17T06:01:37.469900,MQ,BAM,14.8171,-61.1445,670.0,1086.0,,1086,100.0,ZNE,train,manuel,MQ_BAM_20140517_060148
"bucket0$889,:3,:6001",2014-05-17T06:01:08.070000,MQ,IA2,14.80307,-61.20515,289.0,,4324.0,4324,100.0,ZNE,train,manuel,MQ_IA2_20140517_060151
"bucket0$890,:3,:6001",2014-05-17T22:08:14.920000,MQ,LAM,14.81292,-61.16314,1240.0,3993.0,4048.0,3993,100.0,ZNE,train,manuel,MQ_LAM_20140517_220854
"bucket1$100,:3,:6001",2014-05-17T22:08:45.019900,MQ,GBM,14.799451,-61.159276,800.0,1007.0,,1007,100.0,ZNE,test,manuel,MQ_GBM_20140517_220855
"bucket0$891,:3,:6001",2014-05-17T22:08:35.059900,MQ,BAM,14.8171,-61.1445,670.0,2009.0,,2009,100.0,ZNE,train,manuel,MQ_BAM_20140517_220855
"bucket0$892,:3,:6001",2014-05-18T05:28:08.479900,MQ,GBM,14.799451,-61.159276,800.0,3133.0,,3133,100.0,ZNE,train,manuel,MQ_GBM_20140518_052839
"bucket0$893,:3,:6001",2014-05-18T05:27:58.570000,MQ,LAM,14.81292,-61.16314,1240.0,4129.0,4169.0,4129,100.0,ZNE,train,manuel,MQ_LAM_20140518_052839
"bucket0$894,:3,:6001",2014-05-18T05:27:58.599900,MQ,BAM,14.8171,-61.1445,670.0,4176.0,,4176,100.0,ZNE,train,manuel,MQ_BAM_20140518_052840
"bucket0$895,:3,:6001",2014-05-18T05:28:03.020000,MQ,IA2,14.80307,-61.20515,289.0,,3844.0,3844,100.0,ZNE,train,manuel,MQ_IA2_20140518_052841
"bucket0$896,:3,:6001",2014-05-19T21:12:28.820000,MQ,LAM,14.81292,-61.16314,1240.0,1591.0,1744.0,1591,100.0,ZNE,train,manuel,MQ_LAM_20140519_211244
"bucket0$897,:3,:6001",2014-05-19T21:12:32.029900,MQ,GBM,14.799451,-61.159276,800.0,1293.0,,1293,100.0,ZNE,train,manuel,MQ_GBM_20140519_211244
"bucket0$898,:3,:6001",2014-05-19T21:12:16.029900,MQ,BAM,14.8171,-61.1445,670.0,2914.0,,2914,100.0,ZNE,train,manuel,MQ_BAM_20140519_211245
"bucket0$899,:3,:6001",2014-05-19T21:11:56.880000,MQ,IA2,14.80307,-61.20515,289.0,4835.0,4950.0,4835,100.0,ZNE,train,manuel,MQ_IA2_20140519_211245
"bucket0$900,:3,:6001",2014-05-19T21:12:38.829900,MQ,CPM,14.8168,-61.2074,242.0,749.0,,749,100.0,ZNE,train,manuel,MQ_CPM_20140519_211246
"bucket1$101,:3,:6001",2014-05-19T21:25:11.020000,MQ,LAM,14.81292,-61.16314,1240.0,5244.0,,5244,100.0,ZNE,test,manuel,MQ_LAM_20140519_212603
"bucket0$901,:3,:6001",2014-05-19T21:25:25.629900,MQ,GBM,14.799451,-61.159276,800.0,3795.0,,3795,100.0,ZNE,train,manuel,MQ_GBM_20140519_212603
"bucket0$902,:3,:6001",2014-05-19T21:25:49.249900,MQ,BAM,14.8171,-61.1445,670.0,1487.0,,1487,100.0,ZNE,train,manuel,MQ_BAM_20140519_212604
"bucket0$903,:3,:6001",2014-05-19T21:25:30.430000,MQ,IA2,14.80307,-61.20515,289.0,3454.0,,3454,100.0,ZNE,train,manuel,MQ_IA2_20140519_212604
"bucket0$904,:3,:6001",2014-05-19T22:16:15.220000,MQ,LAM,14.81292,-61.16314,1240.0,622.0,,622,100.0,ZNE,train,manuel,MQ_LAM_20140519_221621
"bucket0$905,:3,:6001",2014-05-19T22:15:51.949900,MQ,GBM,14.799451,-61.159276,800.0,2984.0,,2984,100.0,ZNE,train,manuel,MQ_GBM_20140519_221621
"bucket0$906,:3,:6001",2014-05-19T22:15:43.069900,MQ,BAM,14.8171,-61.1445,670.0,3885.0,,3885,100.0,ZNE,train,manuel,MQ_BAM_20140519_221621
"bucket0$907,:3,:6001",2014-05-19T22:15:51.300000,MQ,IA2,14.80307,-61.20515,289.0,3072.0,3177.0,3072,100.0,ZNE,train,manuel,MQ_IA2_20140519_221622
"bucket0$908,:3,:6001",2014-05-19T22:16:12.960000,WI,SAM,14.84108,-61.1638,485.0,,1011.0,1011,100.0,ZNE,train,manuel,WI_SAM_20140519_221623
"bucket0$909,:3,:6001",2014-05-19T23:26:07.389900,MQ,GBM,14.799451,-61.159276,800.0,3402.0,,3402,100.0,ZNE,train,manuel,MQ_GBM_20140519_232641
"bucket1$102,:3,:6001",2014-05-19T23:26:25.760000,MQ,LAM,14.81292,-61.16314,1240.0,1569.0,1635.0,1569,100.0,ZNE,test,manuel,MQ_LAM_20140519_232641
"bucket0$910,:3,:6001",2014-05-19T23:26:36.640000,WI,SAM,14.84108,-61.1638,485.0,526.0,653.0,526,100.0,ZNE,train,manuel,WI_SAM_20140519_232641
"bucket0$911,:3,:6001",2014-05-19T23:26:29.719900,MQ,MLM,14.7846,-61.1786,370.0,1223.0,,1223,100.0,ZNE,train,manuel,MQ_MLM_20140519_232641
"bucket0$912,:3,:6001",2014-05-19T23:26:25.219900,MQ,BAM,14.8171,-61.1445,670.0,1676.0,,1676,100.0,ZNE,train,manuel,MQ_BAM_20140519_232641
"bucket2$107,:3,:6001",2014-05-19T23:26:23.010000,MQ,IA2,14.80307,-61.20515,289.0,1915.0,2008.0,1915,100.0,ZNE,dev,manuel,MQ_IA2_20140519_232642
"bucket1$103,:3,:6001",2014-05-19T23:26:22.039900,MQ,CPM,14.8168,-61.2074,242.0,2013.0,,2013,100.0,ZNE,test,manuel,MQ_CPM_20140519_232642
"bucket0$913,:3,:6001",2014-05-19T23:34:43.209900,MQ,GBM,14.799451,-61.159276,800.0,5175.0,,5175,100.0,ZNE,train,manuel,MQ_GBM_20140519_233534
"bucket0$914,:3,:6001",2014-05-19T23:35:14.469900,MQ,BAM,14.8171,-61.1445,670.0,2166.0,,2166,100.0,ZNE,train,manuel,MQ_BAM_20140519_233536
"bucket0$915,:3,:6001",2014-05-19T23:35:25.700000,MQ,LAM,14.81292,-61.16314,1240.0,1050.0,1118.0,1050,100.0,ZNE,train,manuel,MQ_LAM_20140519_233536
"bucket0$916,:3,:6001",2014-05-19T23:34:47.770000,MQ,IA2,14.80307,-61.20515,289.0,,5005.0,5005,100.0,ZNE,train,manuel,MQ_IA2_20140519_233537
"bucket0$917,:3,:6001",2014-05-19T23:52:19.060000,MQ,IA2,14.80307,-61.20515,289.0,4318.0,4829.0,4318,100.0,ZNE,train,manuel,MQ_IA2_20140519_235302
"bucket0$918,:3,:6001",2014-05-19T23:52:40.590000,MQ,LAM,14.81292,-61.16314,1240.0,2533.0,,2533,100.0,ZNE,train,manuel,MQ_LAM_20140519_235305
"bucket0$919,:3,:6001",2014-05-20T00:27:36.950000,MQ,LAM,14.81292,-61.16314,1240.0,1723.0,,1723,100.0,ZNE,train,manuel,MQ_LAM_20140520_002754
"bucket2$108,:3,:6001",2014-05-20T00:27:07.869900,MQ,BAM,14.8171,-61.1445,670.0,4679.0,,4679,100.0,ZNE,dev,manuel,MQ_BAM_20140520_002754
"bucket1$104,:3,:6001",2014-05-20T00:27:28.890000,MQ,IA2,14.80307,-61.20515,289.0,2580.0,2962.0,2580,100.0,ZNE,test,manuel,MQ_IA2_20140520_002754
"bucket2$109,:3,:6001",2014-05-20T00:27:06.299900,MQ,GBM,14.799451,-61.159276,800.0,4868.0,,4868,100.0,ZNE,dev,manuel,MQ_GBM_20140520_002754
"bucket0$920,:3,:6001",2014-05-20T00:27:02.639900,MQ,CPM,14.8168,-61.2074,242.0,5259.0,,5259,100.0,ZNE,train,manuel,MQ_CPM_20140520_002755
"bucket0$921,:3,:6001",2014-05-20T02:15:55.060000,MQ,IA2,14.80307,-61.20515,289.0,856.0,1284.0,856,100.0,ZNE,train,manuel,MQ_IA2_20140520_021603
"bucket0$922,:3,:6001",2014-05-20T02:15:37.969900,MQ,GBM,14.799451,-61.159276,800.0,2643.0,,2643,100.0,ZNE,train,manuel,MQ_GBM_20140520_021604
"bucket0$923,:3,:6001",2014-05-20T02:15:32.569900,MQ,BAM,14.8171,-61.1445,670.0,3321.0,,3321,100.0,ZNE,train,manuel,MQ_BAM_20140520_021605
"bucket2$110,:3,:6001",2014-05-20T02:15:37.420000,MQ,LAM,14.81292,-61.16314,1240.0,2893.0,2948.0,2893,100.0,ZNE,dev,manuel,MQ_LAM_20140520_021606
"bucket2$111,:3,:6001",2014-05-20T02:15:30.709900,MQ,CPM,14.8168,-61.2074,242.0,3622.0,,3622,100.0,ZNE,dev,manuel,MQ_CPM_20140520_021606
"bucket0$924,:3,:6001",2014-05-20T03:15:08.840000,MQ,LAM,14.81292,-61.16314,1240.0,2479.0,2552.0,2479,100.0,ZNE,train,manuel,MQ_LAM_20140520_031533
"bucket0$925,:3,:6001",2014-05-20T03:14:44.379900,MQ,GBM,14.799451,-61.159276,800.0,4950.0,,4950,100.0,ZNE,train,manuel,MQ_GBM_20140520_031533
"bucket1$105,:3,:6001",2014-05-20T03:15:22.049900,MQ,BAM,14.8171,-61.1445,670.0,1227.0,,1227,100.0,ZNE,test,manuel,MQ_BAM_20140520_031534
"bucket0$926,:3,:6001",2014-05-20T03:14:55.729900,MQ,MLM,14.7846,-61.1786,370.0,3869.0,,3869,100.0,ZNE,train,manuel,MQ_MLM_20140520_031534
"bucket0$927,:3,:6001",2014-05-20T03:15:27.640000,MQ,IA2,14.80307,-61.20515,289.0,693.0,764.0,693,100.0,ZNE,train,manuel,MQ_IA2_20140520_031534
"bucket0$928,:3,:6001",2014-05-20T03:15:24.239900,MQ,CPM,14.8168,-61.2074,242.0,1039.0,,1039,100.0,ZNE,train,manuel,MQ_CPM_20140520_031534
"bucket0$929,:3,:6001",2014-05-20T03:15:59.100000,MQ,LAM,14.81292,-61.16314,1240.0,2640.0,3069.0,2640,100.0,ZNE,train,manuel,MQ_LAM_20140520_031625
"bucket0$930,:3,:6001",2014-05-20T03:16:03.969900,MQ,GBM,14.799451,-61.159276,800.0,2183.0,,2183,100.0,ZNE,train,manuel,MQ_GBM_20140520_031625
"bucket0$931,:3,:6001",2014-05-20T03:15:35.779900,MQ,BAM,14.8171,-61.1445,670.0,5005.0,,5005,100.0,ZNE,train,manuel,MQ_BAM_20140520_031625
"bucket0$932,:3,:6001",2014-05-20T03:15:59.260000,MQ,IA2,14.80307,-61.20515,289.0,,3091.0,3091,100.0,ZNE,train,manuel,MQ_IA2_20140520_031630
"bucket0$933,:3,:6001",2014-05-20T03:20:34.809900,MQ,GBM,14.799451,-61.159276,800.0,4757.0,,4757,100.0,ZNE,train,manuel,MQ_GBM_20140520_032122
"bucket0$934,:3,:6001",2014-05-20T03:20:58.079900,MQ,BAM,14.8171,-61.1445,670.0,2479.0,,2479,100.0,ZNE,train,manuel,MQ_BAM_20140520_032122
"bucket0$935,:3,:6001",2014-05-20T03:21:02.980000,MQ,IA2,14.80307,-61.20515,289.0,2012.0,2074.0,2012,100.0,ZNE,train,manuel,MQ_IA2_20140520_032123
"bucket0$936,:3,:6001",2014-05-20T03:20:36.769900,MQ,CPM,14.8168,-61.2074,242.0,4651.0,,4651,100.0,ZNE,train,manuel,MQ_CPM_20140520_032123
"bucket0$937,:3,:6001",2014-05-20T03:33:51.750000,MQ,LAM,14.81292,-61.16314,1240.0,1618.0,,1618,100.0,ZNE,train,manuel,MQ_LAM_20140520_033407
"bucket1$106,:3,:6001",2014-05-20T03:33:37.119900,MQ,GBM,14.799451,-61.159276,800.0,3087.0,,3087,100.0,ZNE,test,manuel,MQ_GBM_20140520_033407
"bucket0$938,:3,:6001",2014-05-20T03:33:21.509900,MQ,BAM,14.8171,-61.1445,670.0,4687.0,,4687,100.0,ZNE,train,manuel,MQ_BAM_20140520_033408
"bucket0$939,:3,:6001",2014-05-20T03:33:46.799900,MQ,MLM,14.7846,-61.1786,370.0,2179.0,,2179,100.0,ZNE,train,manuel,MQ_MLM_20140520_033408
"bucket0$940,:3,:6001",2014-05-20T03:44:36.890000,MQ,IA2,14.80307,-61.20515,289.0,760.0,921.0,760,100.0,ZNE,train,manuel,MQ_IA2_20140520_034444
"bucket0$941,:3,:6001",2014-05-20T03:44:37.180000,MQ,LAM,14.81292,-61.16314,1240.0,754.0,834.0,754,100.0,ZNE,train,manuel,MQ_LAM_20140520_034444
"bucket1$107,:3,:6001",2014-05-20T05:46:03.819900,MQ,GBM,14.799451,-61.159276,800.0,1903.0,,1903,100.0,ZNE,test,manuel,MQ_GBM_20140520_054622
"bucket2$112,:3,:6001",2014-05-20T05:45:50.439900,MQ,CPM,14.8168,-61.2074,242.0,3279.0,,3279,100.0,ZNE,dev,manuel,MQ_CPM_20140520_054623
"bucket0$942,:3,:6001",2014-05-20T05:46:02.870000,MQ,LAM,14.81292,-61.16314,1240.0,2106.0,2231.0,2106,100.0,ZNE,train,manuel,MQ_LAM_20140520_054623
"bucket0$943,:3,:6001",2014-05-20T05:46:18.689900,MQ,MLM,14.7846,-61.1786,370.0,529.0,,529,100.0,ZNE,train,manuel,MQ_MLM_20140520_054623
"bucket0$944,:3,:6001",2014-05-20T05:45:59.800000,MQ,IA2,14.80307,-61.20515,289.0,2434.0,2638.0,2434,100.0,ZNE,train,manuel,MQ_IA2_20140520_054624
"bucket0$945,:3,:6001",2014-05-20T06:22:17.250000,MQ,LAM,14.81292,-61.16314,1240.0,2484.0,,2484,100.0,ZNE,train,manuel,MQ_LAM_20140520_062242
"bucket0$946,:3,:6001",2014-05-20T06:22:26.759900,MQ,GBM,14.799451,-61.159276,800.0,1541.0,,1541,100.0,ZNE,train,manuel,MQ_GBM_20140520_062242
"bucket0$947,:3,:6001",2014-05-20T06:22:34.870000,MQ,IA2,14.80307,-61.20515,289.0,786.0,,786,100.0,ZNE,train,manuel,MQ_IA2_20140520_062242
"bucket1$108,:3,:6001",2014-05-20T06:22:17.269900,MQ,BAM,14.8171,-61.1445,670.0,2573.0,,2573,100.0,ZNE,test,manuel,MQ_BAM_20140520_062243
"bucket0$948,:3,:6001",2014-05-20T06:22:22.419900,MQ,MLM,14.7846,-61.1786,370.0,2098.0,,2098,100.0,ZNE,train,manuel,MQ_MLM_20140520_062243
"bucket0$949,:3,:6001",2014-05-20T06:22:27.629900,MQ,CPM,14.8168,-61.2074,242.0,1585.0,,1585,100.0,ZNE,train,manuel,MQ_CPM_20140520_062243
"bucket0$950,:3,:6001",2014-05-20T12:11:36.229900,MQ,GBM,14.799451,-61.159276,800.0,1097.0,,1097,100.0,ZNE,train,manuel,MQ_GBM_20140520_121147
"bucket0$951,:3,:6001",2014-05-20T12:11:31.020000,MQ,LAM,14.81292,-61.16314,1240.0,1623.0,,1623,100.0,ZNE,train,manuel,MQ_LAM_20140520_121147
"bucket0$952,:3,:6001",2014-05-20T12:11:34.759900,MQ,MLM,14.7846,-61.1786,370.0,1300.0,,1300,100.0,ZNE,train,manuel,MQ_MLM_20140520_121147
"bucket2$113,:3,:6001",2014-05-20T12:11:23.629900,MQ,BAM,14.8171,-61.1445,670.0,2434.0,,2434,100.0,ZNE,dev,manuel,MQ_BAM_20140520_121147
"bucket0$953,:3,:6001",2014-05-20T12:36:52.219900,MQ,GBM,14.799451,-61.159276,800.0,2724.0,,2724,100.0,ZNE,train,manuel,MQ_GBM_20140520_123719
"bucket0$954,:3,:6001",2014-05-20T12:36:45.089900,MQ,MLM,14.7846,-61.1786,370.0,3518.0,,3518,100.0,ZNE,train,manuel,MQ_MLM_20140520_123720
"bucket0$955,:3,:6001",2014-05-20T13:16:00.049900,MQ,BAM,14.8171,-61.1445,670.0,3651.0,,3651,100.0,ZNE,train,manuel,MQ_BAM_20140520_131636
"bucket0$956,:3,:6001",2014-05-20T13:16:29.300000,MQ,LAM,14.81292,-61.16314,1240.0,727.0,776.0,727,100.0,ZNE,train,manuel,MQ_LAM_20140520_131636
"bucket0$957,:3,:6001",2014-05-20T13:16:31.469900,MQ,GBM,14.799451,-61.159276,800.0,518.0,,518,100.0,ZNE,train,manuel,MQ_GBM_20140520_131636
"bucket0$958,:3,:6001",2014-05-20T14:39:15.810000,MQ,LAM,14.81292,-61.16314,1240.0,1759.0,2121.0,1759,100.0,ZNE,train,manuel,MQ_LAM_20140520_143933
"bucket0$959,:3,:6001",2014-05-20T14:39:30.049900,MQ,GBM,14.799451,-61.159276,800.0,739.0,,739,100.0,ZNE,train,manuel,MQ_GBM_20140520_143937
"bucket0$960,:3,:6001",2014-05-20T14:39:25.090000,MQ,IA2,14.80307,-61.20515,289.0,1272.0,,1272,100.0,ZNE,train,manuel,MQ_IA2_20140520_143937
"bucket0$961,:3,:6001",2014-05-20T14:38:50.189900,MQ,BAM,14.8171,-61.1445,670.0,4766.0,,4766,100.0,ZNE,train,manuel,MQ_BAM_20140520_143937
"bucket2$114,:3,:6001",2014-05-20T15:10:05.390000,MQ,LAM,14.81292,-61.16314,1240.0,5075.0,5133.0,5075,100.0,ZNE,dev,manuel,MQ_LAM_20140520_151056
"bucket0$962,:3,:6001",2014-05-20T15:10:12.619900,MQ,GBM,14.799451,-61.159276,800.0,4375.0,,4375,100.0,ZNE,train,manuel,MQ_GBM_20140520_151056
"bucket1$109,:3,:6001",2014-05-20T15:10:19.289900,MQ,BAM,14.8171,-61.1445,670.0,3728.0,,3728,100.0,ZNE,test,manuel,MQ_BAM_20140520_151056
"bucket0$963,:3,:6001",2014-05-20T15:10:15.050000,MQ,IA2,14.80307,-61.20515,289.0,,4263.0,4263,100.0,ZNE,train,manuel,MQ_IA2_20140520_151057
"bucket0$964,:3,:6001",2014-05-20T22:25:51.349900,MQ,MLM,14.7846,-61.1786,370.0,5134.0,,5134,100.0,ZNE,train,manuel,MQ_MLM_20140520_222642
"bucket1$110,:3,:6001",2014-05-20T22:26:18.889900,MQ,GBM,14.799451,-61.159276,800.0,2398.0,,2398,100.0,ZNE,test,manuel,MQ_GBM_20140520_222642
"bucket0$965,:3,:6001",2014-05-20T22:26:11.210000,MQ,LAM,14.81292,-61.16314,1240.0,3171.0,3237.0,3171,100.0,ZNE,train,manuel,MQ_LAM_20140520_222642
"bucket0$966,:3,:6001",2014-05-20T22:26:04.189900,MQ,BAM,14.8171,-61.1445,670.0,3912.0,,3912,100.0,ZNE,train,manuel,MQ_BAM_20140520_222643
"bucket0$967,:3,:6001",2014-05-20T22:26:00.100000,MQ,IA2,14.80307,-61.20515,289.0,4339.0,4437.0,4339,100.0,ZNE,train,manuel,MQ_IA2_20140520_222643
"bucket0$968,:3,:6001",2014-05-21T16:56:01.190000,MQ,LAM,14.81292,-61.16314,1240.0,3249.0,3308.0,3249,100.0,ZNE,train,manuel,MQ_LAM_20140521_165633
"bucket0$969,:3,:6001",2014-05-21T16:56:03.699900,MQ,BAM,14.8171,-61.1445,670.0,3021.0,,3021,100.0,ZNE,train,manuel,MQ_BAM_20140521_165633
"bucket2$115,:3,:6001",2014-05-21T16:55:57.159900,MQ,GBM,14.799451,-61.159276,800.0,3697.0,,3697,100.0,ZNE,dev,manuel,MQ_GBM_20140521_165634
"bucket0$970,:3,:6001",2014-05-21T16:56:24.750000,MQ,IA2,14.80307,-61.20515,289.0,,1051.0,1051,100.0,ZNE,train,manuel,MQ_IA2_20140521_165635
"bucket1$111,:3,:6001",2014-05-23T04:12:10.040000,MQ,LAM,14.81292,-61.16314,1240.0,763.0,,763,100.0,ZNE,test,manuel,MQ_LAM_20140523_041217
"bucket2$116,:3,:6001",2014-05-23T04:12:02.249900,MQ,GBM,14.799451,-61.159276,800.0,1580.0,,1580,100.0,ZNE,dev,manuel,MQ_GBM_20140523_041218
"bucket0$971,:3,:6001",2014-05-23T04:12:00.319900,MQ,BAM,14.8171,-61.1445,670.0,1777.0,,1777,100.0,ZNE,train,manuel,MQ_BAM_20140523_041218
"bucket2$117,:3,:6001",2014-05-23T04:11:59.870000,MQ,IA2,14.80307,-61.20515,289.0,1839.0,1936.0,1839,100.0,ZNE,dev,manuel,MQ_IA2_20140523_041218
"bucket0$972,:3,:6001",2014-05-24T06:22:15.270000,MQ,IA2,14.80307,-61.20515,289.0,4010.0,4534.0,4010,100.0,ZNE,train,manuel,MQ_IA2_20140524_062255
"bucket0$973,:3,:6001",2014-05-24T06:22:16.800000,MQ,LAM,14.81292,-61.16314,1240.0,4220.0,,4220,100.0,ZNE,train,manuel,MQ_LAM_20140524_062259
"bucket0$974,:3,:6001",2014-05-24T06:22:41.259900,MQ,BAM,14.8171,-61.1445,670.0,1803.0,,1803,100.0,ZNE,train,manuel,MQ_BAM_20140524_062259
"bucket2$118,:3,:6001",2014-05-24T06:22:21.569900,MQ,GBM,14.799451,-61.159276,800.0,3781.0,,3781,100.0,ZNE,dev,manuel,MQ_GBM_20140524_062259
"bucket1$112,:3,:6001",2014-05-24T06:22:10.849900,MQ,MLM,14.7846,-61.1786,370.0,4942.0,,4942,100.0,ZNE,test,manuel,MQ_MLM_20140524_062300
"bucket0$975,:3,:6001",2014-05-24T06:22:33.390000,WI,SAM,14.84108,-61.1638,485.0,2694.0,,2694,100.0,ZNE,train,manuel,WI_SAM_20140524_062300
"bucket1$113,:3,:6001",2014-05-24T06:22:20.269900,MQ,CPM,14.8168,-61.2074,242.0,4007.0,,4007,100.0,ZNE,test,manuel,MQ_CPM_20140524_062300
"bucket0$976,:3,:6001",2014-05-24T23:39:35.609900,MQ,GBM,14.799451,-61.159276,800.0,3840.0,,3840,100.0,ZNE,train,manuel,MQ_GBM_20140524_234014
"bucket0$977,:3,:6001",2014-05-24T23:39:57.630000,MQ,LAM,14.81292,-61.16314,1240.0,1642.0,1682.0,1642,100.0,ZNE,train,manuel,MQ_LAM_20140524_234014
"bucket0$978,:3,:6001",2014-05-24T23:40:08.399900,MQ,BAM,14.8171,-61.1445,670.0,600.0,,600,100.0,ZNE,train,manuel,MQ_BAM_20140524_234014
"bucket0$979,:3,:6001",2014-05-24T23:39:35.010000,MQ,IA2,14.80307,-61.20515,289.0,3965.0,3983.0,3965,100.0,ZNE,train,manuel,MQ_IA2_20140524_234014
"bucket1$114,:3,:6001",2014-05-24T23:39:51.700000,WI,SAM,14.84108,-61.1638,485.0,2328.0,2342.0,2328,100.0,ZNE,test,manuel,WI_SAM_20140524_234014
"bucket0$980,:3,:6001",2014-05-24T23:39:58.839900,MQ,MLM,14.7846,-61.1786,370.0,1618.0,,1618,100.0,ZNE,train,manuel,MQ_MLM_20140524_234015
"bucket0$981,:3,:6001",2014-05-25T13:18:55.440000,MQ,LAM,14.81292,-61.16314,1240.0,3608.0,3658.0,3608,100.0,ZNE,train,manuel,MQ_LAM_20140525_131931
"bucket0$982,:3,:6001",2014-05-25T13:18:49.289900,MQ,GBM,14.799451,-61.159276,800.0,4225.0,,4225,100.0,ZNE,train,manuel,MQ_GBM_20140525_131931
"bucket0$983,:3,:6001",2014-05-25T13:18:50.439900,MQ,MLM,14.7846,-61.1786,370.0,4175.0,,4175,100.0,ZNE,train,manuel,MQ_MLM_20140525_131932
"bucket0$984,:3,:6001",2014-05-25T13:19:10.009900,MQ,BAM,14.8171,-61.1445,670.0,2221.0,,2221,100.0,ZNE,train,manuel,MQ_BAM_20140525_131932
"bucket0$985,:3,:6001",2014-05-28T04:06:15.189900,MQ,GBM,14.799451,-61.159276,800.0,4673.0,,4673,100.0,ZNE,train,manuel,MQ_GBM_20140528_040701
"bucket0$986,:3,:6001",2014-05-28T04:06:52.370000,MQ,LAM,14.81292,-61.16314,1240.0,959.0,1006.0,959,100.0,ZNE,train,manuel,MQ_LAM_20140528_040701
"bucket0$987,:3,:6001",2014-05-28T04:06:47.099900,MQ,BAM,14.8171,-61.1445,670.0,1528.0,,1528,100.0,ZNE,train,manuel,MQ_BAM_20140528_040702
"bucket0$988,:3,:6001",2014-05-28T04:06:16.119900,MQ,MLM,14.7846,-61.1786,370.0,4628.0,,4628,100.0,ZNE,train,manuel,MQ_MLM_20140528_040702
"bucket0$989,:3,:6001",2014-05-28T04:06:12.829900,MQ,CPM,14.8168,-61.2074,242.0,5026.0,,5026,100.0,ZNE,train,manuel,MQ_CPM_20140528_040703
"bucket0$990,:3,:6001",2014-05-28T04:06:23.800000,WI,SAM,14.84108,-61.1638,485.0,,4015.0,4015,100.0,ZNE,train,manuel,WI_SAM_20140528_040703
"bucket0$991,:3,:6001",2014-05-28T05:54:39.560000,MQ,LAM,14.81292,-61.16314,1240.0,2215.0,2360.0,2215,100.0,ZNE,train,manuel,MQ_LAM_20140528_055501
"bucket2$119,:3,:6001",2014-05-28T05:54:33.019900,MQ,GBM,14.799451,-61.159276,800.0,2908.0,,2908,100.0,ZNE,dev,manuel,MQ_GBM_20140528_055502
"bucket0$992,:3,:6001",2014-05-28T05:54:21.649900,MQ,BAM,14.8171,-61.1445,670.0,4109.0,,4109,100.0,ZNE,train,manuel,MQ_BAM_20140528_055502
"bucket1$115,:3,:6001",2014-05-28T06:16:29.680000,WI,SAM,14.84108,-61.1638,485.0,2220.0,,2220,100.0,ZNE,test,manuel,WI_SAM_20140528_061651
"bucket2$120,:3,:6001",2014-05-28T06:16:10.420000,MQ,LAM,14.81292,-61.16314,1240.0,4175.0,4231.0,4175,100.0,ZNE,dev,manuel,MQ_LAM_20140528_061652
"bucket0$993,:3,:6001",2014-05-28T06:23:22.329900,MQ,GBM,14.799451,-61.159276,800.0,4161.0,,4161,100.0,ZNE,train,manuel,MQ_GBM_20140528_062403
"bucket0$994,:3,:6001",2014-05-28T06:23:34.039900,MQ,BAM,14.8171,-61.1445,670.0,3063.0,,3063,100.0,ZNE,train,manuel,MQ_BAM_20140528_062404
"bucket0$995,:3,:6001",2014-05-28T06:23:59.240000,MQ,LAM,14.81292,-61.16314,1240.0,620.0,666.0,620,100.0,ZNE,train,manuel,MQ_LAM_20140528_062405
"bucket0$996,:3,:6001",2014-05-30T07:56:05.350000,MQ,BAM,14.8171,-61.1445,670.0,3007.0,,3007,100.0,ZNE,train,manuel,MQ_BAM_20140530_075635
"bucket0$997,:3,:6001",2014-05-30T07:56:07.500000,MQ,GBM,14.799451,-61.159276,800.0,2806.0,,2806,100.0,ZNE,train,manuel,MQ_GBM_20140530_075635
"bucket0$998,:3,:6001",2014-05-30T07:56:16.580000,MQ,LAM,14.81292,-61.16314,1240.0,1918.0,1967.0,1918,100.0,ZNE,train,manuel,MQ_LAM_20140530_075635
"bucket1$116,:3,:6001",2014-05-30T12:22:59.630000,MQ,BAM,14.8171,-61.1445,670.0,5417.0,,5417,100.0,ZNE,test,manuel,MQ_BAM_20140530_122353
"bucket0$999,:3,:6001",2014-05-30T12:23:11.560000,MQ,LAM,14.81292,-61.16314,1240.0,4446.0,4466.0,4446,100.0,ZNE,train,manuel,MQ_LAM_20140530_122356
"bucket0$1000,:3,:6001",2014-05-30T12:23:40.210000,MQ,GBM,14.799451,-61.159276,800.0,1582.0,,1582,100.0,ZNE,train,manuel,MQ_GBM_20140530_122356
"bucket1$117,:3,:6001",2014-05-30T12:24:59.240000,MQ,BAM,14.8171,-61.1445,670.0,3879.0,,3879,100.0,ZNE,test,manuel,MQ_BAM_20140530_122538
"bucket2$121,:3,:6001",2014-05-30T12:24:49.440000,MQ,CPM,14.8168,-61.2074,242.0,5310.0,,5310,100.0,ZNE,dev,manuel,MQ_CPM_20140530_122542
"bucket2$122,:3,:6001",2014-05-30T12:24:59.830000,MQ,GBM,14.799451,-61.159276,800.0,4512.0,,4512,100.0,ZNE,dev,manuel,MQ_GBM_20140530_122544
"bucket0$1001,:3,:6001",2014-05-30T12:25:35.890000,MQ,LAM,14.81292,-61.16314,1240.0,1126.0,,1126,100.0,ZNE,train,manuel,MQ_LAM_20140530_122547
"bucket0$1002,:3,:6001",2014-05-30T15:08:52.470000,MQ,GBM,14.799451,-61.159276,800.0,3393.0,,3393,100.0,ZNE,train,manuel,MQ_GBM_20140530_150926
"bucket0$1003,:3,:6001",2014-05-30T15:08:46.010000,MQ,LAM,14.81292,-61.16314,1240.0,4149.0,4235.0,4149,100.0,ZNE,train,manuel,MQ_LAM_20140530_150927
"bucket0$1004,:3,:6001",2014-05-30T16:11:56.550000,WI,SAM,14.84108,-61.1638,485.0,853.0,,853,100.0,ZNE,train,manuel,WI_SAM_20140530_161205
"bucket0$1005,:3,:6001",2014-05-30T16:11:25.930000,MQ,LAM,14.81292,-61.16314,1240.0,4033.0,,4033,100.0,ZNE,train,manuel,MQ_LAM_20140530_161206
"bucket0$1006,:3,:6001",2014-05-30T16:11:44.830000,MQ,BAM,14.8171,-61.1445,670.0,2160.0,,2160,100.0,ZNE,train,manuel,MQ_BAM_20140530_161206
"bucket0$1007,:3,:6001",2014-05-30T16:11:54.310000,MQ,GBM,14.799451,-61.159276,800.0,1219.0,,1219,100.0,ZNE,train,manuel,MQ_GBM_20140530_161206
"bucket0$1008,:3,:6001",2014-05-30T17:49:27.270000,MQ,GBM,14.799451,-61.159276,800.0,5358.0,,5358,100.0,ZNE,train,manuel,MQ_GBM_20140530_175020
"bucket0$1009,:3,:6001",2014-05-30T17:49:28.830000,MQ,LAM,14.81292,-61.16314,1240.0,5210.0,5257.0,5210,100.0,ZNE,train,manuel,MQ_LAM_20140530_175020
"bucket0$1010,:3,:6001",2014-05-30T17:49:59.390000,MQ,BAM,14.8171,-61.1445,670.0,2190.0,,2190,100.0,ZNE,train,manuel,MQ_BAM_20140530_175021
"bucket0$1011,:3,:6001",2014-05-30T18:01:34.230000,MQ,BAM,14.8171,-61.1445,670.0,3074.0,,3074,100.0,ZNE,train,manuel,MQ_BAM_20140530_180204
"bucket0$1012,:3,:6001",2014-05-30T18:01:46.230000,MQ,LAM,14.81292,-61.16314,1240.0,1980.0,2015.0,1980,100.0,ZNE,train,manuel,MQ_LAM_20140530_180206
"bucket0$1013,:3,:6001",2014-05-30T18:01:26.710000,MQ,GBM,14.799451,-61.159276,800.0,3944.0,,3944,100.0,ZNE,train,manuel,MQ_GBM_20140530_180206
"bucket1$118,:3,:6001",2014-05-30T18:05:48.070000,MQ,LAM,14.81292,-61.16314,1240.0,2152.0,2217.0,2152,100.0,ZNE,test,manuel,MQ_LAM_20140530_180609
"bucket0$1014,:3,:6001",2014-05-30T18:06:04.360000,MQ,GBM,14.799451,-61.159276,800.0,523.0,,523,100.0,ZNE,train,manuel,MQ_GBM_20140530_180609
"bucket2$123,:3,:6001",2014-05-30T18:06:02.080000,MQ,BAM,14.8171,-61.1445,670.0,794.0,,794,100.0,ZNE,dev,manuel,MQ_BAM_20140530_180610
"bucket0$1015,:3,:6001",2014-05-30T18:44:20.370000,MQ,LAM,14.81292,-61.16314,1240.0,911.0,947.0,911,100.0,ZNE,train,manuel,MQ_LAM_20140530_184429
"bucket0$1016,:3,:6001",2014-05-30T18:44:01.680000,MQ,GBM,14.799451,-61.159276,800.0,2789.0,,2789,100.0,ZNE,train,manuel,MQ_GBM_20140530_184429
"bucket0$1017,:3,:6001",2014-05-30T18:43:36.410000,MQ,BAM,14.8171,-61.1445,670.0,5429.0,,5429,100.0,ZNE,train,manuel,MQ_BAM_20140530_184430
